file,class,type,cbo,cboModified,fanin,fanout,wmc,dit,noc,rfc,lcom,lcom*,tcc,lcc,totalMethodsQty,staticMethodsQty,publicMethodsQty,privateMethodsQty,protectedMethodsQty,defaultMethodsQty,visibleMethodsQty,abstractMethodsQty,finalMethodsQty,synchronizedMethodsQty,totalFieldsQty,staticFieldsQty,publicFieldsQty,privateFieldsQty,protectedFieldsQty,defaultFieldsQty,finalFieldsQty,synchronizedFieldsQty,nosi,loc,returnQty,loopQty,comparisonsQty,tryCatchQty,parenthesizedExpsQty,stringLiteralsQty,numbersQty,assignmentsQty,mathOperationsQty,variablesQty,maxNestedBlocksQty,anonymousClassesQty,innerClassesQty,lambdasQty,uniqueWordsQty,modifiers,logStatementsQty
c:\Users\arthur.menezes_evolu\Desktop\Pes\android-job\demo\src\main\java\com\evernote\android\job\demo\DemoSyncEngine.java,com.evernote.android.job.demo.DemoSyncEngine,class,7,11,4,7,11,1,0,12,8,0.70000005,0.0,0.0,5,0,3,2,0,0,3,0,0,0,2,1,0,2,0,0,2,0,3,40,5,0,3,2,0,6,3,5,1,5,2,0,0,0,38,1,0
c:\Users\arthur.menezes_evolu\Desktop\Pes\android-job\library\src\main\java\com\evernote\android\job\JobExecutor.java,com.evernote.android.job.JobExecutor$JobCallable,innerclass,10,10,0,10,15,1,0,21,0,0.25,NaN,NaN,4,0,1,3,0,0,1,0,0,0,2,0,0,2,0,0,2,0,3,56,2,0,1,2,0,4,0,12,0,7,2,0,0,0,47,18,0
c:\Users\arthur.menezes_evolu\Desktop\Pes\android-job\library\src\test\java\com\evernote\android\job\JobConfigTest.java,com.evernote.android.job.JobConfigTest,class,15,15,0,15,16,2,0,37,91,0.0,0.0,0.0,14,0,14,0,0,0,14,0,0,0,0,0,0,0,0,0,0,0,48,94,0,2,1,0,0,0,28,6,3,4,1,0,0,0,53,1,0
c:\Users\arthur.menezes_evolu\Desktop\Pes\android-job\demo\src\main\java\com\evernote\android\job\demo\SyncHistoryActivity.java,com.evernote.android.job.demo.SyncHistoryActivity$Anonymous1,anonymous,2,2,0,2,2,1,0,2,1,0.0,0.0,0.0,2,0,0,0,2,0,2,0,0,0,0,0,0,0,0,0,0,0,0,8,1,0,0,0,0,0,0,0,0,0,0,0,0,0,14,-1,0
c:\Users\arthur.menezes_evolu\Desktop\Pes\android-job\demo\src\main\java\com\evernote\android\job\demo\UnitTestDatabaseCreator.java,com.evernote.android.job.demo.UnitTestDatabaseCreator$DummyJobCreatorV1,innerclass,5,5,0,5,13,1,0,14,3,0.0,0.0,0.0,3,0,3,0,0,0,3,0,0,0,0,0,0,0,0,0,0,0,13,35,0,3,0,0,0,9,12,9,0,9,2,0,0,0,18,10,0
c:\Users\arthur.menezes_evolu\Desktop\Pes\android-job\library\src\androidTest\java\com\evernote\android\job\v21\TransientBundleCompatTest.java,com.evernote.android.job.v21.TransientBundleCompatTest,class,18,19,1,18,9,1,0,26,3,0.33333334,0.0,0.0,6,0,4,2,0,0,4,0,0,0,1,0,1,0,0,0,0,0,10,62,2,0,0,0,0,7,3,22,0,19,0,0,0,0,41,1,0
c:\Users\arthur.menezes_evolu\Desktop\Pes\android-job\library\src\main\java\com\evernote\android\job\JobCreator.java,com.evernote.android.job.JobCreator$AddJobCreatorReceiver,innerclass,6,6,0,6,6,2,0,4,1,0.0,0.0,0.0,2,0,1,0,1,0,2,1,1,0,0,0,0,0,0,0,0,0,1,13,1,0,2,1,0,0,0,0,0,0,1,0,0,0,35,1024,0
c:\Users\arthur.menezes_evolu\Desktop\Pes\android-job\demo\src\main\java\com\evernote\android\job\demo\MainActivity.java,com.evernote.android.job.demo.MainActivity$Anonymous1,anonymous,2,2,0,2,1,1,0,1,0,0.0,NaN,NaN,1,0,1,0,0,0,1,0,0,0,0,0,0,0,0,0,0,0,1,5,0,0,0,0,0,0,0,0,0,0,0,0,0,0,6,-1,0
c:\Users\arthur.menezes_evolu\Desktop\Pes\android-job\library\src\main\java\com\evernote\android\job\util\BatteryStatus.java,com.evernote.android.job.util.BatteryStatus,class,2,4,2,2,5,1,0,0,0,0.5,0.0,0.0,4,0,3,0,0,1,4,0,0,0,3,1,1,2,0,0,3,0,0,18,3,0,0,0,0,0,2,3,0,3,0,0,0,0,29,17,0
c:\Users\arthur.menezes_evolu\Desktop\Pes\android-job\library\src\androidTest\java\com\evernote\android\job\TransientBundleRescheduleTest.java,com.evernote.android.job.TransientBundleRescheduleTest,class,18,19,1,18,4,2,0,24,4,0.7,0.0,0.0,4,1,2,2,0,0,2,0,0,0,5,0,1,4,0,0,0,0,2,51,1,0,0,0,0,6,5,8,0,10,0,0,2,0,38,1,0
c:\Users\arthur.menezes_evolu\Desktop\Pes\android-job\library\src\test\java\com\evernote\android\job\JobRequirementTest.java,com.evernote.android.job.JobRequirementTest,class,13,14,1,13,30,1,0,31,435,0.0,0.0,0.0,30,0,27,3,0,0,27,0,0,0,0,0,0,0,0,0,0,0,0,183,1,0,0,0,0,2,0,34,0,34,0,0,0,0,57,1,0
c:\Users\arthur.menezes_evolu\Desktop\Pes\android-job\library\src\androidTest\java\com\evernote\android\job\PlatformTest.java,com.evernote.android.job.PlatformTest$TestJobCreator,innerclass,4,4,0,4,1,1,0,0,0,0.0,NaN,NaN,1,0,1,0,0,0,1,0,0,0,0,0,0,0,0,0,0,0,0,5,1,0,0,0,0,0,0,0,0,0,0,0,0,0,6,18,0
c:\Users\arthur.menezes_evolu\Desktop\Pes\android-job\library\src\main\java\com\evernote\android\job\v19\JobProxy19.java,com.evernote.android.job.v19.JobProxy19,class,10,11,1,10,3,2,0,9,3,0.6666667,0.0,0.0,3,0,1,0,2,0,3,0,0,0,1,1,0,1,0,0,1,0,17,20,0,0,0,0,0,3,0,7,4,7,0,0,0,0,32,1,0
c:\Users\arthur.menezes_evolu\Desktop\Pes\android-job\library\src\main\java\com\evernote\android\job\GcmAvailableHelper.java,com.evernote.android.job.GcmAvailableHelper,class,10,12,2,10,32,1,0,22,13,0.8055555,0.0,0.0,6,5,1,5,0,0,2,0,0,0,6,6,0,6,0,0,4,0,7,104,9,1,4,3,0,7,5,18,1,12,4,0,0,0,62,16,0
c:\Users\arthur.menezes_evolu\Desktop\Pes\android-job\library\src\test\java\com\evernote\android\job\DailyJobTest.java,com.evernote.android.job.DailyJobTest$Anonymous1$Anonymous2,anonymous,3,3,0,3,1,1,0,1,0,0.0,NaN,NaN,1,0,0,0,1,0,1,0,0,0,0,0,0,0,0,0,0,0,0,6,1,0,0,0,0,0,0,0,0,0,0,0,0,0,8,-1,0
c:\Users\arthur.menezes_evolu\Desktop\Pes\android-job\library\src\main\java\com\evernote\android\job\JobApi.java,com.evernote.android.job.JobApi,enum,20,33,13,20,55,1,0,14,58,0.85,0.0,0.0,12,2,3,4,0,5,8,0,0,2,5,1,0,5,0,0,4,0,12,145,34,1,5,4,1,4,3,12,0,11,3,0,0,0,92,1,0
c:\Users\arthur.menezes_evolu\Desktop\Pes\android-job\library\src\androidTest\java\com\evernote\android\job\TransientBundleTest.java,com.evernote.android.job.TransientBundleTest,class,19,20,1,19,12,2,0,23,58,0.8333333,0.0,0.0,12,1,9,3,0,0,9,0,0,0,3,0,1,2,0,0,0,0,4,76,1,0,0,0,0,5,7,9,0,7,0,0,2,0,42,1,0
c:\Users\arthur.menezes_evolu\Desktop\Pes\android-job\library\src\main\java\com\evernote\android\job\JobConfig.java,com.evernote.android.job.JobConfig,class,7,36,29,7,35,1,0,13,241,0.8632479,0.0,0.0,27,26,23,1,0,3,27,0,0,2,13,13,0,13,0,0,4,0,12,139,12,3,1,0,0,9,4,30,1,13,1,1,0,0,238,17,0
c:\Users\arthur.menezes_evolu\Desktop\Pes\android-job\library\src\test\java\com\evernote\android\job\JobPeriodicCancelTest.java,com.evernote.android.job.JobPeriodicCancelTest$Anonymous1,anonymous,3,3,0,3,1,1,0,0,0,0.0,NaN,NaN,1,0,1,0,0,0,1,0,0,0,0,0,0,0,0,0,0,0,0,5,1,0,0,0,0,0,0,0,0,0,0,0,0,0,4,-1,0
c:\Users\arthur.menezes_evolu\Desktop\Pes\android-job\library\src\test\java\com\evernote\android\job\JobPeriodicCancelTest.java,com.evernote.android.job.JobPeriodicCancelTest$Anonymous2,anonymous,1,1,0,1,1,1,0,2,0,0.0,NaN,NaN,1,0,1,0,0,0,1,0,0,0,0,0,0,0,0,0,0,0,0,6,0,0,0,0,0,0,0,0,0,0,0,0,0,0,1,-1,0
c:\Users\arthur.menezes_evolu\Desktop\Pes\android-job\library\src\androidTest\java\com\evernote\android\job\Platform21Test.java,com.evernote.android.job.Platform21Test,class,11,12,1,11,11,1,0,20,0,0.25,0.0,0.0,4,0,3,1,0,0,3,0,0,0,1,0,1,0,0,0,0,0,0,47,0,3,0,1,0,6,17,8,1,8,2,0,0,0,46,1,0
c:\Users\arthur.menezes_evolu\Desktop\Pes\android-job\library\src\test\java\com\evernote\android\job\JobCreatorHolderTest.java,com.evernote.android.job.JobCreatorHolderTest$1BlockingJobCreator,innerclass,3,3,0,3,1,1,0,5,0,0.0,NaN,NaN,1,0,1,0,0,0,1,0,0,0,0,0,0,0,0,0,0,0,0,14,1,0,0,1,0,0,0,0,0,0,1,0,0,0,7,0,0
c:\Users\arthur.menezes_evolu\Desktop\Pes\android-job\library\src\test\java\com\evernote\android\job\JobProxyTest.java,com.evernote.android.job.JobProxyTest,class,18,19,1,18,14,1,0,38,78,0.0,0.0,0.0,13,0,10,3,0,0,10,0,0,0,0,0,0,0,0,0,0,0,21,125,2,0,0,1,0,14,43,36,0,36,1,1,0,0,93,1,0
c:\Users\arthur.menezes_evolu\Desktop\Pes\android-job\library\src\test\java\com\evernote\android\job\util\support\PersistableBundleCompatTest.java,com.evernote.android.job.util.support.PersistableBundleCompatTest,class,8,8,0,8,2,1,0,29,1,0.0,0.0,0.0,2,0,2,0,0,0,2,0,0,0,0,0,0,0,0,0,0,0,2,41,0,0,0,0,0,36,28,9,0,8,0,0,0,0,20,1,0
c:\Users\arthur.menezes_evolu\Desktop\Pes\android-job\library\src\test\java\com\evernote\android\job\JobProxyTest.java,com.evernote.android.job.JobProxyTest$Anonymous1,anonymous,1,1,0,1,1,1,0,1,0,0.0,NaN,NaN,1,0,1,0,0,0,1,0,0,0,0,0,0,0,0,0,0,0,0,5,1,0,0,0,0,0,0,0,0,0,0,0,0,0,4,-1,0
c:\Users\arthur.menezes_evolu\Desktop\Pes\android-job\library\src\androidTest\java\com\evernote\android\job\TransientJobCleanUpTest.java,com.evernote.android.job.TransientJobCleanUpTest,class,12,12,0,12,5,1,0,22,0,0.0,0.0,0.0,3,0,3,0,0,0,3,0,0,0,2,0,1,1,0,0,0,0,2,39,0,0,0,2,0,6,10,10,0,10,1,0,0,0,31,1,0
c:\Users\arthur.menezes_evolu\Desktop\Pes\android-job\library\src\main\java\com\evernote\android\job\v21\TransientBundleCompat.java,com.evernote.android.job.v21.TransientBundleCompat,class,14,18,4,14,12,1,0,15,8,0.6,0.0,0.0,5,4,4,1,0,0,4,0,0,0,1,1,0,1,0,0,1,0,10,53,5,0,4,2,0,4,1,11,1,10,3,0,0,0,70,16,0
c:\Users\arthur.menezes_evolu\Desktop\Pes\android-job\library\src\androidTest\java\com\evernote\android\job\TransientBundleTest.java,com.evernote.android.job.TransientBundleTest$TestJobCreator,innerclass,4,4,0,4,1,1,0,0,0,0.0,NaN,NaN,1,0,1,0,0,0,1,0,0,0,0,0,0,0,0,0,0,0,0,5,1,0,0,0,0,0,0,0,0,0,0,0,0,0,6,18,0
c:\Users\arthur.menezes_evolu\Desktop\Pes\android-job\demo\src\main\java\com\evernote\android\job\demo\SyncHistoryActivity.java,com.evernote.android.job.demo.SyncHistoryActivity,class,9,12,3,9,6,2,0,13,8,0.6,0.0,0.0,5,0,2,2,1,0,3,0,0,0,1,0,0,1,0,0,0,0,0,37,3,0,0,0,0,1,0,1,0,1,1,1,0,0,40,1,0
c:\Users\arthur.menezes_evolu\Desktop\Pes\android-job\demo\src\main\java\com\evernote\android\job\demo\UnitTestDatabaseCreator.java,com.evernote.android.job.demo.UnitTestDatabaseCreator$DummyJobCreatorV3,innerclass,5,5,0,5,5,2,0,11,0,0.0,NaN,NaN,1,0,1,0,0,0,1,0,0,0,0,0,0,0,0,0,0,0,6,19,0,1,0,0,0,3,2,3,0,3,2,0,0,0,14,10,0
c:\Users\arthur.menezes_evolu\Desktop\Pes\android-job\library\src\main\java\com\evernote\android\job\JobRescheduleService.java,com.evernote.android.job.JobRescheduleService,class,14,18,4,14,12,3,0,20,0,0.375,0.0,0.0,4,1,0,0,1,3,4,0,0,0,2,2,0,1,0,1,1,0,2,64,3,1,2,4,0,4,2,11,0,9,4,0,0,0,62,17,0
c:\Users\arthur.menezes_evolu\Desktop\Pes\android-job\library\src\test\java\com\evernote\android\job\BackoffCriteriaTests.java,com.evernote.android.job.BackoffCriteriaTests,class,17,17,0,17,1,2,0,24,0,0.0,NaN,NaN,1,0,1,0,0,0,1,0,0,0,0,0,0,0,0,0,0,0,2,18,0,0,0,0,0,0,5,4,0,3,0,0,0,0,34,1,0
c:\Users\arthur.menezes_evolu\Desktop\Pes\android-job\library\src\test\java\com\evernote\android\job\JobExecutionTest.java,com.evernote.android.job.JobExecutionTest,class,18,18,0,18,17,2,0,44,120,0.0,0.0,0.0,16,0,16,0,0,0,16,0,0,0,0,0,0,0,0,0,0,0,20,210,0,1,0,0,0,11,49,47,0,45,1,7,0,0,87,1,0
c:\Users\arthur.menezes_evolu\Desktop\Pes\android-job\demo\src\main\java\com\evernote\android\job\demo\UnitTestDatabaseCreator.java,com.evernote.android.job.demo.UnitTestDatabaseCreator$DummyJobCreatorV6,innerclass,5,5,0,5,10,3,0,15,1,0.0,0.0,0.0,2,0,2,0,0,0,2,0,0,0,0,0,0,0,0,0,0,0,16,30,0,2,0,0,0,6,7,6,0,6,2,0,0,0,16,10,0
c:\Users\arthur.menezes_evolu\Desktop\Pes\android-job\library\src\main\java\com\evernote\android\job\v26\JobProxy26.java,com.evernote.android.job.v26.JobProxy26,class,10,11,1,10,10,3,0,10,15,0.8333333,0.0,0.0,6,0,2,0,4,0,6,0,0,0,1,1,0,1,0,0,1,0,0,31,6,0,2,0,0,3,0,1,0,1,2,0,0,0,30,1,0
c:\Users\arthur.menezes_evolu\Desktop\Pes\android-job\library\src\test\java\com\evernote\android\job\DatabaseManualUpgradeTest.java,com.evernote.android.job.DatabaseManualUpgradeTest$Anonymous1,anonymous,2,2,0,2,1,1,0,0,0,0.0,NaN,NaN,1,0,1,0,0,0,1,0,0,0,0,0,0,0,0,0,0,0,0,5,1,0,0,0,0,0,0,0,0,0,0,0,0,0,4,-1,0
c:\Users\arthur.menezes_evolu\Desktop\Pes\android-job\library\src\test\java\com\evernote\android\job\JobCreatorHolderTest.java,com.evernote.android.job.JobCreatorHolderTest$1Reader,innerclass,1,1,0,1,2,2,0,2,0,0.0,NaN,NaN,1,0,1,0,0,0,1,0,0,0,0,0,0,0,0,0,0,0,0,10,0,0,0,1,0,1,0,0,0,0,1,0,0,0,5,0,0
c:\Users\arthur.menezes_evolu\Desktop\Pes\android-job\library\src\main\java\com\evernote\android\job\JobConfig.java,com.evernote.android.job.JobConfig$Anonymous1,anonymous,1,1,0,1,3,1,0,5,0,0.0,NaN,NaN,1,0,1,0,0,0,1,0,0,0,1,0,0,1,0,0,1,0,0,13,1,0,1,0,0,1,0,2,1,2,1,0,0,0,10,-1,0
c:\Users\arthur.menezes_evolu\Desktop\Pes\android-job\demo\src\main\java\com\evernote\android\job\demo\DemoJobCreator.java,com.evernote.android.job.demo.DemoJobCreator,class,5,6,1,5,2,3,0,0,0,0.0,NaN,NaN,1,0,1,0,0,0,1,0,0,0,0,0,0,0,0,0,0,0,0,14,2,0,0,0,0,0,0,0,0,0,1,0,1,0,14,1,0
c:\Users\arthur.menezes_evolu\Desktop\Pes\android-job\library\src\main\java\com\evernote\android\job\JobRequest.java,com.evernote.android.job.JobRequest$JobScheduledCallback,interface,2,2,0,2,1,1,0,0,0,0.0,NaN,NaN,1,0,0,0,0,1,1,0,0,0,1,0,0,0,0,1,0,0,0,4,0,0,0,0,0,0,1,1,0,1,0,0,0,0,42,1,0
c:\Users\arthur.menezes_evolu\Desktop\Pes\android-job\library\src\main\java\com\evernote\android\job\v21\PlatformJobService.java,com.evernote.android.job.v21.PlatformJobService$Anonymous1,anonymous,5,5,0,5,6,1,0,9,0,0.0,NaN,NaN,1,0,1,0,0,0,1,0,0,0,0,0,0,0,0,0,0,0,1,29,3,0,1,1,0,2,0,3,0,3,4,0,0,0,18,-1,0
c:\Users\arthur.menezes_evolu\Desktop\Pes\android-job\library\src\androidTest\java\com\evernote\android\job\PlatformWorkManagerRule.java,com.evernote.android.job.PlatformWorkManagerRule,class,9,11,2,9,7,2,0,22,9,0.5,0.0,0.0,6,0,3,1,2,0,5,0,0,0,1,0,0,1,0,0,0,0,5,39,3,0,0,1,0,1,2,5,0,5,1,0,0,0,31,1,0
c:\Users\arthur.menezes_evolu\Desktop\Pes\android-job\library\src\main\java\com\evernote\android\job\JobRequest.java,com.evernote.android.job.JobRequest,class,18,77,59,18,70,1,0,50,229,0.9162234,0.0,0.0,47,4,31,2,0,14,45,0,0,0,16,10,6,9,0,1,11,0,20,523,43,0,6,1,2,9,21,37,11,27,2,2,4,0,546,17,0
c:\Users\arthur.menezes_evolu\Desktop\Pes\android-job\library\src\test\java\com\evernote\android\job\test\DummyJobs.java,com.evernote.android.job.test.DummyJobs$RescheduleJob,innerclass,4,4,0,4,3,2,0,0,1,0.6666667,0.0,0.0,3,0,1,0,2,0,3,0,0,0,2,1,1,1,0,0,1,0,0,13,2,0,0,0,0,1,0,2,0,2,0,0,0,0,15,25,0
c:\Users\arthur.menezes_evolu\Desktop\Pes\android-job\library\src\test\java\com\evernote\android\job\test\DummyJobs.java,com.evernote.android.job.test.DummyJobs$TwoSecondPauseJob,innerclass,4,4,0,4,2,2,0,1,0,1.0,NaN,NaN,1,0,0,0,1,0,1,0,0,0,1,1,1,0,0,0,1,0,1,11,1,0,0,1,0,1,1,1,0,1,1,0,0,0,17,25,0
c:\Users\arthur.menezes_evolu\Desktop\Pes\android-job\library\src\androidTest\java\com\evernote\android\job\PlatformTest.java,com.evernote.android.job.PlatformTest$TestJob,innerclass,6,6,0,6,3,2,0,8,0,0.33333334,NaN,NaN,3,0,0,2,1,0,1,0,0,0,4,0,0,4,0,0,2,0,0,21,1,0,0,0,0,0,1,5,0,5,0,0,0,0,25,18,0
c:\Users\arthur.menezes_evolu\Desktop\Pes\android-job\demo\src\main\java\com\evernote\android\job\demo\UnitTestDatabaseCreator.java,com.evernote.android.job.demo.UnitTestDatabaseCreator$DummyJobCreator,interface,0,0,0,0,3,1,0,0,3,0.0,0.0,0.0,3,0,0,0,0,3,3,0,0,0,0,0,0,0,0,0,0,0,0,5,0,0,0,0,0,0,0,0,0,0,0,0,0,0,8,2,0
c:\Users\arthur.menezes_evolu\Desktop\Pes\android-job\library\src\test\java\com\evernote\android\job\util\DeviceTest.java,com.evernote.android.job.util.DeviceTest,class,7,7,0,7,9,1,0,13,36,0.0,0.0,0.0,9,0,9,0,0,0,9,0,0,0,0,0,0,0,0,0,0,0,9,95,0,0,0,0,0,1,0,25,0,25,0,0,0,0,34,1,0
c:\Users\arthur.menezes_evolu\Desktop\Pes\android-job\library\src\main\java\com\evernote\android\job\JobStorage.java,com.evernote.android.job.JobStorage,class,20,36,16,20,51,3,0,55,110,0.93928576,0.0,0.0,21,2,8,9,0,4,12,0,0,1,40,33,27,13,0,0,38,0,21,402,14,1,7,11,1,53,6,74,9,59,4,1,2,0,109,0,0
c:\Users\arthur.menezes_evolu\Desktop\Pes\android-job\library\src\test\java\android\support\v4\app\JobIntentServiceReset.java,androidx.core.app.JobIntentServiceReset,class,0,1,1,0,2,1,0,1,1,0.0,NaN,NaN,2,1,1,1,0,0,1,0,0,0,0,0,0,0,0,0,0,0,0,8,0,0,0,0,0,0,0,0,0,0,0,0,0,0,9,17,0
c:\Users\arthur.menezes_evolu\Desktop\Pes\android-job\library\src\test\java\com\evernote\android\job\test\DummyJobs.java,com.evernote.android.job.test.DummyJobs$FailureJob,innerclass,4,4,0,4,1,2,0,0,0,1.0,NaN,NaN,1,0,0,0,1,0,1,0,0,0,1,1,1,0,0,0,1,0,0,6,1,0,0,0,0,1,0,1,0,1,0,0,0,0,10,25,0
c:\Users\arthur.menezes_evolu\Desktop\Pes\android-job\library\src\main\java\com\evernote\android\job\v24\JobProxy24.java,com.evernote.android.job.v24.JobProxy24,class,9,11,2,9,8,2,1,9,15,0.8333333,0.0,0.0,6,0,4,0,2,0,6,0,0,0,1,1,0,1,0,0,1,0,0,33,5,0,0,1,0,2,0,1,0,1,1,0,0,0,35,1,0
c:\Users\arthur.menezes_evolu\Desktop\Pes\android-job\library\src\main\java\com\evernote\android\job\DailyJob.java,com.evernote.android.job.DailyJob$Anonymous1,anonymous,2,2,0,2,2,1,0,2,0,0.0,NaN,NaN,1,0,1,0,0,0,1,0,0,0,0,0,0,0,0,0,0,0,1,11,0,0,0,1,0,0,0,1,0,1,1,0,0,0,6,-1,0
c:\Users\arthur.menezes_evolu\Desktop\Pes\android-job\library\src\main\java\android\support\v4\app\SafeJobServiceEngineImpl.java,androidx.core.app.SafeJobServiceEngineImpl,class,9,10,1,9,10,2,0,9,0,0.48000002,0.0,0.0,5,0,4,0,0,1,5,0,0,0,5,2,0,0,0,5,4,0,0,70,6,0,2,1,0,3,1,9,2,7,2,0,1,0,47,1,0
c:\Users\arthur.menezes_evolu\Desktop\Pes\android-job\library\src\main\java\com\evernote\android\job\Job.java,com.evernote.android.job.Job$Params,innerclass,7,7,0,7,31,1,0,24,0,0.6410256,0.0,0.0,26,0,24,1,0,1,25,0,0,0,3,0,0,3,0,0,1,0,0,93,27,0,5,0,0,0,0,5,0,4,2,0,0,0,185,25,0
c:\Users\arthur.menezes_evolu\Desktop\Pes\android-job\library\src\main\java\com\evernote\android\job\DailyJob.java,com.evernote.android.job.DailyJob$DailyJobResult,enum,0,0,0,0,0,1,0,0,0,0.0,-1.0,-1.0,0,0,0,0,0,0,0,0,0,0,0,0,0,0,0,0,0,0,0,3,0,0,0,0,0,0,0,0,0,0,0,0,0,0,24,1,0
c:\Users\arthur.menezes_evolu\Desktop\Pes\android-job\library\src\main\java\com\evernote\android\job\JobProxy.java,com.evernote.android.job.JobProxy$Common,innerclass,18,18,0,18,64,1,0,62,143,0.8105264,0.0,0.0,19,14,14,4,0,1,15,0,0,0,5,1,0,5,0,0,5,0,37,198,26,1,16,3,4,16,12,29,14,19,3,0,0,0,101,16,0
c:\Users\arthur.menezes_evolu\Desktop\Pes\android-job\demo\src\main\java\com\evernote\android\job\demo\FileUtils.java,com.evernote.android.job.demo.FileUtils,class,2,4,2,2,18,1,0,15,10,0.0,0.0,0.0,5,4,4,1,0,0,4,0,0,0,0,0,0,0,0,0,0,0,3,63,3,1,4,3,0,5,0,6,1,4,2,0,0,0,30,17,0
c:\Users\arthur.menezes_evolu\Desktop\Pes\android-job\library\src\main\java\com\evernote\android\job\util\support\XmlUtils.java,com.evernote.android.job.util.support.XmlUtils,class,14,16,2,14,240,1,0,88,1653,0.0,0.0,0.0,58,57,52,6,0,0,52,0,35,0,0,0,0,0,0,0,0,0,69,914,80,23,93,14,15,223,55,132,48,86,4,0,2,0,186,16,0
c:\Users\arthur.menezes_evolu\Desktop\Pes\android-job\library\src\test\java\com\evernote\android\job\JobRescheduleTest.java,com.evernote.android.job.JobRescheduleTest,class,16,16,0,16,4,2,0,26,6,0.0,0.0,0.0,4,0,4,0,0,0,4,0,0,0,0,0,0,0,0,0,0,0,0,44,0,0,0,0,0,6,12,15,0,15,0,0,0,0,35,1,0
c:\Users\arthur.menezes_evolu\Desktop\Pes\android-job\library\src\main\java\com\evernote\android\job\v14\PlatformAlarmService.java,com.evernote.android.job.v14.PlatformAlarmService,class,12,18,6,12,6,3,0,8,3,0.6666667,0.0,0.0,3,2,1,0,1,1,3,0,0,0,1,1,0,1,0,0,1,0,1,27,1,0,3,0,0,2,1,6,0,6,1,0,0,0,30,17,0
c:\Users\arthur.menezes_evolu\Desktop\Pes\android-job\library\src\test\java\com\evernote\android\job\DailyJobTest.java,com.evernote.android.job.DailyJobTest$Anonymous1,anonymous,4,4,0,4,1,1,0,0,0,0.0,NaN,NaN,1,0,1,0,0,0,1,0,0,0,0,0,0,0,0,0,0,0,0,11,1,0,0,0,0,0,0,0,0,0,0,1,0,0,4,-1,0
c:\Users\arthur.menezes_evolu\Desktop\Pes\android-job\library\src\main\java\com\evernote\android\job\WakeLockUtil.java,com.evernote.android.job.WakeLockUtil,class,12,15,3,12,19,1,0,18,7,0.625,0.0,0.0,6,5,2,1,0,3,5,0,0,0,4,4,0,4,0,0,3,0,4,70,8,0,6,2,0,4,6,12,1,11,2,0,0,0,101,16,0
c:\Users\arthur.menezes_evolu\Desktop\Pes\android-job\library\src\main\java\com\evernote\android\job\JobRequest.java,com.evernote.android.job.JobRequest$NetworkType,enum,0,0,0,0,0,1,0,0,0,0.0,-1.0,-1.0,0,0,0,0,0,0,0,0,0,0,0,0,0,0,0,0,0,0,0,6,0,0,0,0,0,0,0,0,0,0,0,0,0,0,28,1,0
c:\Users\arthur.menezes_evolu\Desktop\Pes\android-job\library\src\main\java\com\evernote\android\job\v21\PlatformJobService.java,com.evernote.android.job.v21.PlatformJobService,class,9,14,5,9,5,2,0,8,3,0.6666667,0.0,0.0,3,0,2,1,0,0,2,0,0,0,1,1,0,1,0,0,1,0,2,55,4,0,1,0,0,3,0,2,0,2,1,1,0,0,22,1,0
c:\Users\arthur.menezes_evolu\Desktop\Pes\android-job\library\src\main\java\com\evernote\android\job\JobIdsInternal.java,com.evernote.android.job.JobIdsInternal,class,0,0,0,0,1,1,0,0,0,1.0,-1.0,-1.0,1,0,0,1,0,0,0,0,0,0,3,3,3,0,0,0,3,0,0,7,0,0,0,0,0,0,3,3,0,3,0,0,0,0,48,17,0
c:\Users\arthur.menezes_evolu\Desktop\Pes\android-job\library\src\test\java\com\evernote\android\job\DatabaseFailureTest.java,com.evernote.android.job.DatabaseFailureTest$Anonymous1,anonymous,2,2,0,2,1,1,0,2,0,0.0,NaN,NaN,1,0,1,0,0,0,1,0,0,0,0,0,0,0,0,0,0,0,0,5,0,0,0,0,0,0,0,0,0,0,0,0,0,0,5,-1,0
c:\Users\arthur.menezes_evolu\Desktop\Pes\android-job\library\src\test\java\com\evernote\android\job\test\DummyJobs.java,com.evernote.android.job.test.DummyJobs$SpyableJobCreator,innerclass,3,3,0,3,3,1,0,2,0,0.0,0.0,0.0,2,0,2,0,0,0,2,0,0,0,1,0,0,1,0,0,1,0,0,10,1,0,1,0,0,0,0,2,0,2,0,0,0,0,9,25,0
c:\Users\arthur.menezes_evolu\Desktop\Pes\android-job\library\src\test\java\com\evernote\android\job\DatabaseFailureTest.java,com.evernote.android.job.DatabaseFailureTest$Anonymous2,anonymous,3,3,0,3,1,1,0,3,0,0.0,NaN,NaN,1,0,1,0,0,0,1,0,0,0,0,0,0,0,0,0,0,0,0,5,0,0,0,0,0,0,0,0,0,0,0,0,0,0,5,-1,0
c:\Users\arthur.menezes_evolu\Desktop\Pes\android-job\library\src\test\java\com\evernote\android\job\DatabaseFailureTest.java,com.evernote.android.job.DatabaseFailureTest$Anonymous3,anonymous,3,3,0,3,4,1,0,7,0,0.0,NaN,NaN,1,0,1,0,0,0,1,0,0,0,0,0,0,0,0,0,0,0,3,16,1,1,0,1,0,0,2,1,1,1,2,0,0,0,8,-1,0
c:\Users\arthur.menezes_evolu\Desktop\Pes\android-job\library\src\androidTest\java\com\evernote\android\job\TransientBundleTest.java,com.evernote.android.job.TransientBundleTest$TestJob,innerclass,5,5,0,5,2,2,0,8,0,0.0,NaN,NaN,2,0,0,1,1,0,1,0,0,0,2,0,0,2,0,0,1,0,0,15,1,0,0,0,0,2,1,3,0,3,0,0,0,0,21,18,0
c:\Users\arthur.menezes_evolu\Desktop\Pes\android-job\library\src\main\java\com\evernote\android\job\JobRequest.java,com.evernote.android.job.JobRequest$BackoffPolicy,enum,0,0,0,0,0,1,0,0,0,0.0,-1.0,-1.0,0,0,0,0,0,0,0,0,0,0,0,0,0,0,0,0,0,0,0,3,0,0,0,0,0,0,0,0,0,0,0,0,0,0,16,1,0
c:\Users\arthur.menezes_evolu\Desktop\Pes\android-job\library\src\test\java\com\evernote\android\job\DatabaseManualUpgradeTest.java,com.evernote.android.job.DatabaseManualUpgradeTest,class,20,21,1,20,13,30,0,37,45,0.0,0.0,0.0,10,0,6,4,0,0,6,0,0,0,0,0,0,0,0,0,0,0,13,306,0,0,0,0,0,2,17,22,0,17,1,1,7,0,102,1,0
c:\Users\arthur.menezes_evolu\Desktop\Pes\android-job\library\src\test\java\com\evernote\android\job\JobPeriodicCancelTest.java,com.evernote.android.job.JobPeriodicCancelTest,class,15,16,1,15,17,3,0,22,89,0.85714287,0.0,0.0,14,0,13,1,0,0,13,0,0,0,1,0,0,1,0,0,0,0,0,103,0,0,0,1,0,2,6,5,0,5,2,2,1,0,47,1,0
c:\Users\arthur.menezes_evolu\Desktop\Pes\android-job\library\src\test\java\com\evernote\android\job\test\TestLogger.java,com.evernote.android.job.test.TestLogger,class,4,5,1,4,4,2,0,2,1,1.0,NaN,NaN,2,0,1,1,0,0,1,0,0,0,1,1,1,0,0,0,1,0,0,14,0,0,1,0,0,1,0,1,0,1,2,0,0,0,19,17,0
c:\Users\arthur.menezes_evolu\Desktop\Pes\android-job\library\src\main\java\com\evernote\android\job\v21\JobProxy21.java,com.evernote.android.job.v21.JobProxy21,class,19,22,3,19,42,1,1,44,50,0.71875,0.0,0.0,16,1,6,0,10,0,16,0,2,0,4,2,0,2,2,0,4,0,20,145,19,1,10,3,0,11,1,27,0,21,2,0,0,0,89,1,0
c:\Users\arthur.menezes_evolu\Desktop\Pes\android-job\library\src\main\java\com\evernote\android\job\JobManagerCreateException.java,com.evernote.android.job.JobManagerCreateException,class,1,3,2,1,1,5,0,0,0,0.0,NaN,NaN,1,0,1,0,0,0,1,0,0,0,0,0,0,0,0,0,0,0,0,5,0,0,0,0,0,0,0,0,0,0,0,0,0,0,20,1,0
c:\Users\arthur.menezes_evolu\Desktop\Pes\android-job\library\src\main\java\com\evernote\android\job\util\JobUtil.java,com.evernote.android.job.util.JobUtil,class,4,13,9,4,11,1,0,12,10,0.8,0.0,0.0,5,4,3,2,0,0,3,0,0,0,3,3,0,3,0,0,3,0,4,39,5,0,3,1,0,6,7,9,3,6,1,0,0,0,59,17,0
c:\Users\arthur.menezes_evolu\Desktop\Pes\android-job\library\src\main\java\com\evernote\android\job\util\Clock.java,com.evernote.android.job.util.Clock$Anonymous1,anonymous,0,0,0,0,2,1,0,2,1,0.0,0.0,0.0,2,0,2,0,0,0,2,0,0,0,0,0,0,0,0,0,0,0,1,8,2,0,0,0,0,0,0,0,0,0,0,0,0,0,5,-1,0
c:\Users\arthur.menezes_evolu\Desktop\Pes\android-job\demo\src\main\java\com\evernote\android\job\demo\DemoSyncJob.java,com.evernote.android.job.demo.DemoSyncJob,class,13,14,1,13,3,2,0,25,0,0.0,NaN,NaN,1,0,0,0,1,0,1,0,0,0,1,1,1,0,0,0,1,0,1,15,1,0,0,0,0,7,1,5,2,5,1,0,0,0,29,1,0
c:\Users\arthur.menezes_evolu\Desktop\Pes\android-job\library\src\main\java\com\evernote\android\job\v14\JobProxy14.java,com.evernote.android.job.v14.JobProxy14,class,18,21,3,18,39,1,1,38,81,0.7916666,0.0,0.0,18,0,6,1,11,0,17,0,0,0,4,1,0,2,2,0,3,0,17,146,13,0,8,4,0,7,2,17,3,16,3,0,0,0,63,1,0
c:\Users\arthur.menezes_evolu\Desktop\Pes\android-job\library\src\test\java\com\evernote\android\job\JobManagerRule.java,com.evernote.android.job.JobManagerRule,class,7,8,1,7,4,2,0,9,0,0.41666666,0.0,0.0,4,0,2,0,2,0,4,0,0,0,3,0,0,3,0,0,2,0,6,25,1,0,0,0,0,0,0,3,0,3,0,0,0,0,16,17,0
c:\Users\arthur.menezes_evolu\Desktop\Pes\android-job\library\src\main\java\com\evernote\android\job\PendingIntentUtil.java,com.evernote.android.job.PendingIntentUtil,class,0,2,2,0,3,1,0,0,1,0.0,NaN,NaN,2,1,1,1,0,0,1,0,0,0,0,0,0,0,0,0,0,0,0,12,2,0,0,0,0,0,2,0,0,0,1,0,0,0,5,17,0
c:\Users\arthur.menezes_evolu\Desktop\Pes\android-job\library\src\test\java\com\evernote\android\job\AsyncScheduleTest.java,com.evernote.android.job.AsyncScheduleTest$Anonymous6,anonymous,0,0,0,0,1,1,0,1,0,0.0,NaN,NaN,1,0,1,0,0,0,1,0,0,0,0,0,0,0,0,0,0,0,0,5,0,0,0,0,0,0,0,0,0,0,0,0,0,0,1,-1,0
c:\Users\arthur.menezes_evolu\Desktop\Pes\android-job\library\src\main\java\com\evernote\android\job\util\support\PersistableBundleCompat.java,com.evernote.android.job.util.support.PersistableBundleCompat,class,7,20,13,7,51,1,0,16,0,0.64646465,0.0,0.0,33,1,32,1,0,0,32,0,0,0,3,2,0,3,0,0,3,0,2,205,31,0,2,4,0,7,0,17,0,16,3,0,0,0,73,17,0
c:\Users\arthur.menezes_evolu\Desktop\Pes\android-job\library\src\test\java\com\evernote\android\job\AsyncScheduleTest.java,com.evernote.android.job.AsyncScheduleTest$Anonymous5,anonymous,2,2,0,2,1,1,0,3,0,0.0,NaN,NaN,1,0,1,0,0,0,1,0,0,0,0,0,0,0,0,0,0,0,0,6,0,0,0,0,0,0,0,0,0,0,0,0,0,0,17,-1,0
c:\Users\arthur.menezes_evolu\Desktop\Pes\android-job\library\src\test\java\com\evernote\android\job\AsyncScheduleTest.java,com.evernote.android.job.AsyncScheduleTest,class,19,20,1,19,8,2,0,32,28,0.0,0.0,0.0,8,0,7,1,0,0,7,0,0,0,0,0,0,0,0,0,0,0,12,92,0,0,0,0,0,5,19,10,0,10,0,6,0,0,44,1,0
c:\Users\arthur.menezes_evolu\Desktop\Pes\android-job\library\src\main\java\com\evernote\android\job\v14\PlatformAlarmServiceExact.java,com.evernote.android.job.v14.PlatformAlarmServiceExact,class,10,17,7,10,9,2,0,8,0,0.45833334,0.0,0.0,6,1,5,1,0,0,5,0,1,0,4,1,0,4,0,0,2,0,1,57,3,0,2,0,0,1,1,8,0,6,3,1,0,0,46,17,0
c:\Users\arthur.menezes_evolu\Desktop\Pes\android-job\library\src\test\java\com\evernote\android\job\AsyncScheduleTest.java,com.evernote.android.job.AsyncScheduleTest$Anonymous2,anonymous,2,2,0,2,1,1,0,3,0,0.0,NaN,NaN,1,0,1,0,0,0,1,0,0,0,0,0,0,0,0,0,0,0,0,6,0,0,0,0,0,0,0,0,0,0,0,0,0,0,17,-1,0
c:\Users\arthur.menezes_evolu\Desktop\Pes\android-job\library\src\test\java\com\evernote\android\job\AsyncScheduleTest.java,com.evernote.android.job.AsyncScheduleTest$Anonymous1,anonymous,2,2,0,2,1,1,0,1,0,0.0,NaN,NaN,1,0,1,0,0,0,1,0,0,0,0,0,0,0,0,0,0,0,0,5,0,0,0,0,0,0,0,0,0,0,0,0,0,0,6,-1,0
c:\Users\arthur.menezes_evolu\Desktop\Pes\android-job\library\src\test\java\com\evernote\android\job\AsyncScheduleTest.java,com.evernote.android.job.AsyncScheduleTest$Anonymous4,anonymous,2,2,0,2,1,1,0,1,0,0.0,NaN,NaN,1,0,1,0,0,0,1,0,0,0,0,0,0,0,0,0,0,0,0,5,0,0,0,0,0,0,0,0,0,0,0,0,0,0,6,-1,0
c:\Users\arthur.menezes_evolu\Desktop\Pes\android-job\library\src\test\java\com\evernote\android\job\AsyncScheduleTest.java,com.evernote.android.job.AsyncScheduleTest$Anonymous3,anonymous,2,2,0,2,3,1,0,3,0,0.0,NaN,NaN,1,0,1,0,0,0,1,0,0,0,0,0,0,0,0,0,0,0,0,7,0,0,1,0,0,0,0,0,0,0,1,0,0,0,6,-1,0
c:\Users\arthur.menezes_evolu\Desktop\Pes\android-job\library\src\main\java\com\evernote\android\job\JobStorage.java,com.evernote.android.job.JobStorage$Anonymous1,anonymous,2,2,0,2,7,1,0,12,0,0.0,NaN,NaN,1,0,1,0,0,0,1,0,0,0,0,0,0,0,0,0,0,0,1,40,0,2,0,1,0,2,3,5,0,5,4,0,0,0,21,-1,0
c:\Users\arthur.menezes_evolu\Desktop\Pes\android-job\library\src\test\java\com\evernote\android\job\test\DummyJobs.java,com.evernote.android.job.test.DummyJobs$SuccessDailyJob,innerclass,4,4,0,4,1,3,0,0,0,1.0,NaN,NaN,1,0,0,0,1,0,1,0,0,0,1,1,1,0,0,0,1,0,0,6,1,0,0,0,0,1,0,1,0,1,0,0,0,0,11,25,0
c:\Users\arthur.menezes_evolu\Desktop\Pes\android-job\library\src\main\java\com\evernote\android\job\util\support\XmlUtils.java,com.evernote.android.job.util.support.XmlUtils$ReadMapCallback,interface,1,1,0,1,1,1,0,0,0,0.0,NaN,NaN,1,0,1,0,0,0,1,0,0,0,0,0,0,0,0,0,0,0,0,3,0,0,0,0,0,1,0,0,0,0,0,0,0,0,51,1,0
c:\Users\arthur.menezes_evolu\Desktop\Pes\android-job\library\src\test\java\com\evernote\android\job\JobExecutorTest.java,com.evernote.android.job.JobExecutorTest,class,9,10,1,9,3,1,0,15,3,0.0,0.0,0.0,3,0,2,1,0,0,2,0,0,0,0,0,0,0,0,0,0,0,0,23,1,0,0,0,0,0,9,4,0,4,0,0,0,0,24,1,0
c:\Users\arthur.menezes_evolu\Desktop\Pes\android-job\library\src\test\java\com\evernote\android\job\JobPeriodicCancelTest.java,com.evernote.android.job.JobPeriodicCancelTest$PeriodicJob,innerclass,4,4,0,4,2,2,0,2,0,0.0,NaN,NaN,1,0,0,0,1,0,1,0,0,0,2,0,0,2,0,0,2,0,0,13,1,0,0,1,0,0,3,2,0,2,1,0,0,0,16,10,0
c:\Users\arthur.menezes_evolu\Desktop\Pes\android-job\library\src\androidTest\java\com\evernote\android\job\PlatformTest.java,com.evernote.android.job.PlatformTest,class,23,24,1,23,21,2,0,22,83,0.85714287,0.0,0.0,14,0,11,3,0,0,11,0,0,0,3,0,1,2,0,0,0,0,3,104,0,0,0,0,0,4,8,9,0,4,1,0,2,0,61,1,0
c:\Users\arthur.menezes_evolu\Desktop\Pes\android-job\library\src\main\java\com\evernote\android\job\work\TransientBundleHolder.java,com.evernote.android.job.work.TransientBundleHolder,class,4,7,3,4,4,1,0,3,0,0.0,0.0,0.0,4,3,3,1,0,0,3,0,0,3,1,1,0,1,0,0,0,0,0,14,1,0,0,0,0,0,0,1,0,1,0,0,0,0,12,16,0
c:\Users\arthur.menezes_evolu\Desktop\Pes\android-job\library\src\test\java\com\evernote\android\job\JobManagerTest.java,com.evernote.android.job.JobManagerTest$Anonymous3,anonymous,3,3,0,3,2,1,0,5,0,0.0,NaN,NaN,1,0,1,0,0,0,1,0,0,0,0,0,0,0,0,0,0,0,0,13,0,0,0,1,0,0,0,0,0,0,1,0,0,0,7,-1,0
c:\Users\arthur.menezes_evolu\Desktop\Pes\android-job\library\src\test\java\com\evernote\android\job\JobManagerTest.java,com.evernote.android.job.JobManagerTest$Anonymous2,anonymous,2,2,0,2,1,1,0,3,0,0.0,NaN,NaN,1,0,1,0,0,0,1,0,0,0,0,0,0,0,0,0,0,0,0,6,0,0,0,0,0,0,0,0,0,0,0,0,0,0,1,-1,0
c:\Users\arthur.menezes_evolu\Desktop\Pes\android-job\library\src\test\java\com\evernote\android\job\JobManagerTest.java,com.evernote.android.job.JobManagerTest$Anonymous1,anonymous,2,2,0,2,1,1,0,3,0,0.0,NaN,NaN,1,0,1,0,0,0,1,0,0,0,0,0,0,0,0,0,0,0,0,6,0,0,0,0,0,0,0,0,0,0,0,0,0,0,2,-1,0
c:\Users\arthur.menezes_evolu\Desktop\Pes\android-job\library\src\main\java\com\evernote\android\job\work\JobProxyWorkManager.java,com.evernote.android.job.work.JobProxyWorkManager,class,18,22,4,18,32,1,0,43,60,0.8333333,0.0,0.0,12,4,6,4,0,2,8,0,0,0,3,2,0,3,0,0,3,0,12,112,16,1,7,3,0,9,3,15,1,13,2,0,0,0,67,1,0
c:\Users\arthur.menezes_evolu\Desktop\Pes\android-job\library\src\main\java\com\evernote\android\job\JobExecutor.java,com.evernote.android.job.JobExecutor,class,17,22,5,17,25,1,0,35,11,0.71666664,0.0,0.0,10,0,8,0,0,2,10,0,0,7,6,2,0,6,0,0,6,0,2,139,8,3,9,0,0,6,3,15,0,15,2,0,1,0,65,0,0
c:\Users\arthur.menezes_evolu\Desktop\Pes\android-job\library\src\main\java\com\evernote\android\job\v14\PlatformAlarmReceiver.java,com.evernote.android.job.v14.PlatformAlarmReceiver,class,10,14,4,10,7,2,0,8,0,0.0,0.0,0.0,2,1,1,0,0,1,2,0,0,0,3,3,0,0,0,3,3,0,3,25,1,0,2,0,0,3,1,7,0,7,2,0,0,0,32,1,0
c:\Users\arthur.menezes_evolu\Desktop\Pes\android-job\library\src\main\java\com\evernote\android\job\WorkManagerAvailableHelper.java,com.evernote.android.job.WorkManagerAvailableHelper,class,1,2,1,1,4,1,0,1,1,0.5,0.0,0.0,2,1,1,1,0,0,2,0,0,0,1,1,0,1,0,0,1,0,1,19,1,0,0,1,0,1,0,3,0,2,1,0,0,0,29,16,0
c:\Users\arthur.menezes_evolu\Desktop\Pes\android-job\library\src\test\java\com\evernote\android\job\JobCanceledTest.java,com.evernote.android.job.JobCanceledTest$Anonymous1,anonymous,4,4,0,4,2,1,0,2,1,0.0,0.0,0.0,2,0,0,0,2,0,2,0,0,0,0,0,0,0,0,0,0,0,0,11,1,0,0,0,0,0,0,0,0,0,0,0,0,0,8,-1,0
c:\Users\arthur.menezes_evolu\Desktop\Pes\android-job\library\src\main\java\android\support\v4\app\SafeJobServiceEngineImpl.java,androidx.core.app.SafeJobServiceEngineImpl$WrapperWorkItem,innerclass,3,3,0,3,5,1,0,3,0,0.0,0.0,0.0,3,0,2,0,0,1,3,0,0,0,1,0,0,0,0,1,1,0,0,21,1,0,1,1,0,0,0,1,0,1,3,0,0,0,15,16,0
c:\Users\arthur.menezes_evolu\Desktop\Pes\android-job\library\src\test\java\com\evernote\android\job\JobCanceledTest.java,com.evernote.android.job.JobCanceledTest$Anonymous3,anonymous,3,3,0,3,2,1,0,1,1,0.0,0.0,0.0,2,0,0,0,2,0,2,0,0,0,0,0,0,0,0,0,0,0,0,8,1,0,0,0,0,0,0,0,0,0,0,0,0,0,7,-1,0
c:\Users\arthur.menezes_evolu\Desktop\Pes\android-job\library\src\test\java\com\evernote\android\job\JobCanceledTest.java,com.evernote.android.job.JobCanceledTest$Anonymous2,anonymous,2,2,0,2,1,1,0,0,0,0.0,NaN,NaN,1,0,1,0,0,0,1,0,0,0,0,0,0,0,0,0,0,0,0,5,1,0,0,0,0,0,0,0,0,0,0,0,0,0,4,-1,0
c:\Users\arthur.menezes_evolu\Desktop\Pes\android-job\library\src\test\java\com\evernote\android\job\JobExecutionTest.java,com.evernote.android.job.JobExecutionTest$Anonymous7,anonymous,1,1,0,1,1,1,0,2,0,0.0,NaN,NaN,1,0,1,0,0,0,1,0,0,0,0,0,0,0,0,0,0,0,0,6,0,0,0,0,0,0,0,0,0,0,0,0,0,0,1,-1,0
c:\Users\arthur.menezes_evolu\Desktop\Pes\android-job\library\src\test\java\com\evernote\android\job\JobCanceledTest.java,com.evernote.android.job.JobCanceledTest$Anonymous4,anonymous,2,2,0,2,1,1,0,0,0,0.0,NaN,NaN,1,0,1,0,0,0,1,0,0,0,0,0,0,0,0,0,0,0,0,5,1,0,0,0,0,0,0,0,0,0,0,0,0,0,4,-1,0
c:\Users\arthur.menezes_evolu\Desktop\Pes\android-job\library\src\test\java\com\evernote\android\job\test\JobRobolectricTestRunner.java,com.evernote.android.job.test.JobRobolectricTestRunner,class,2,21,19,2,2,2,0,2,1,0.0,0.0,0.0,2,0,1,0,1,0,2,0,0,0,0,0,0,0,0,0,0,0,0,8,1,0,0,0,0,0,1,0,0,0,0,0,0,0,12,1,0
c:\Users\arthur.menezes_evolu\Desktop\Pes\android-job\library\src\main\java\com\evernote\android\job\JobBootReceiver.java,com.evernote.android.job.JobBootReceiver,class,5,5,0,5,2,2,0,1,0,0.0,NaN,NaN,1,0,1,0,0,0,1,0,0,0,0,0,0,0,0,0,0,0,1,9,0,0,0,1,0,0,0,0,0,0,1,0,0,0,23,17,0
c:\Users\arthur.menezes_evolu\Desktop\Pes\android-job\library\src\test\java\com\evernote\android\job\JobExecutionTest.java,com.evernote.android.job.JobExecutionTest$Anonymous3,anonymous,5,5,0,5,2,1,0,3,1,0.0,0.0,0.0,2,0,0,0,2,0,2,0,0,0,0,0,0,0,0,0,0,0,0,9,1,0,0,0,0,0,0,0,0,0,0,0,0,0,11,-1,0
c:\Users\arthur.menezes_evolu\Desktop\Pes\android-job\library\src\test\java\com\evernote\android\job\JobExecutionTest.java,com.evernote.android.job.JobExecutionTest$Anonymous4,anonymous,2,2,0,2,1,1,0,0,0,0.0,NaN,NaN,1,0,1,0,0,0,1,0,0,0,0,0,0,0,0,0,0,0,0,5,1,0,0,0,0,0,0,0,0,0,0,0,0,0,4,-1,0
c:\Users\arthur.menezes_evolu\Desktop\Pes\android-job\library\src\test\java\com\evernote\android\job\JobExecutionTest.java,com.evernote.android.job.JobExecutionTest$Anonymous5,anonymous,3,3,0,3,2,1,0,3,0,0.0,NaN,NaN,1,0,0,0,1,0,1,0,0,1,0,0,0,0,0,0,0,0,1,12,1,0,0,1,0,0,1,0,0,0,1,0,0,0,12,-1,0
c:\Users\arthur.menezes_evolu\Desktop\Pes\android-job\library\src\test\java\com\evernote\android\job\JobExecutionTest.java,com.evernote.android.job.JobExecutionTest$Anonymous6,anonymous,2,2,0,2,1,1,0,0,0,0.0,NaN,NaN,1,0,1,0,0,0,1,0,0,0,0,0,0,0,0,0,0,0,0,5,1,0,0,0,0,0,0,0,0,0,0,0,0,0,4,-1,0
c:\Users\arthur.menezes_evolu\Desktop\Pes\android-job\library\src\test\java\com\evernote\android\job\BaseJobManagerTest.java,com.evernote.android.job.BaseJobManagerTest,class,17,40,23,17,11,1,15,29,28,0.7222222,0.0,0.0,9,1,2,0,7,0,9,0,3,0,2,0,1,1,0,0,2,0,5,71,6,0,1,1,0,3,4,17,0,14,1,1,0,0,57,1025,0
c:\Users\arthur.menezes_evolu\Desktop\Pes\android-job\library\src\main\java\com\evernote\android\job\JobRequest.java,com.evernote.android.job.JobRequest$Builder,innerclass,14,14,0,14,77,1,0,35,126,0.79761904,0.0,0.0,24,0,20,4,0,0,20,0,0,0,21,1,0,20,0,1,2,0,22,257,21,0,16,2,6,25,22,75,1,23,2,0,0,0,425,25,0
c:\Users\arthur.menezes_evolu\Desktop\Pes\android-job\library\src\main\java\com\evernote\android\job\util\support\XmlUtils.java,com.evernote.android.job.util.support.XmlUtils$WriteMapCallback,interface,1,1,0,1,1,1,0,0,0,0.0,NaN,NaN,1,0,1,0,0,0,1,0,0,0,0,0,0,0,0,0,0,0,0,3,0,0,0,0,0,1,0,0,0,0,0,0,0,0,51,1,0
c:\Users\arthur.menezes_evolu\Desktop\Pes\android-job\library\src\test\java\com\evernote\android\job\JobExecutionTest.java,com.evernote.android.job.JobExecutionTest$Anonymous1,anonymous,1,1,0,1,2,1,0,3,0,0.0,NaN,NaN,1,0,1,0,0,0,1,0,0,0,0,0,0,0,0,0,0,0,1,11,0,0,0,1,0,0,1,0,0,0,1,0,0,0,4,-1,0
c:\Users\arthur.menezes_evolu\Desktop\Pes\android-job\library\src\main\java\com\evernote\android\job\util\Device.java,com.evernote.android.job.util.Device,class,13,16,3,13,20,1,0,14,15,0.0,0.0,0.0,6,5,4,2,0,0,4,0,0,0,0,0,0,0,0,0,0,0,1,66,14,0,5,2,1,3,3,11,1,11,1,0,0,0,71,17,0
c:\Users\arthur.menezes_evolu\Desktop\Pes\android-job\library\src\test\java\com\evernote\android\job\JobExecutionTest.java,com.evernote.android.job.JobExecutionTest$Anonymous2,anonymous,1,1,0,1,2,1,0,3,0,0.0,NaN,NaN,1,0,1,0,0,0,1,0,0,0,0,0,0,0,0,0,0,0,1,11,0,0,0,1,0,0,1,0,0,0,1,0,0,0,4,-1,0
c:\Users\arthur.menezes_evolu\Desktop\Pes\android-job\library\src\main\java\com\evernote\android\job\JobStorageDatabaseErrorHandler.java,com.evernote.android.job.JobStorageDatabaseErrorHandler,class,10,14,4,10,13,1,0,18,4,0.5,0.0,0.0,4,0,1,0,0,3,4,0,0,0,1,1,0,1,0,0,1,0,1,57,2,1,2,4,0,6,1,4,3,3,3,0,0,0,68,16,0
c:\Users\arthur.menezes_evolu\Desktop\Pes\android-job\demo\src\main\java\com\evernote\android\job\demo\MainActivity.java,com.evernote.android.job.demo.MainActivity,class,19,21,2,19,44,2,0,57,44,0.7435898,0.0,0.0,13,0,4,7,2,0,6,0,0,0,6,1,0,6,0,0,1,0,18,197,10,2,1,0,0,8,7,16,0,12,1,1,0,0,82,1,0
c:\Users\arthur.menezes_evolu\Desktop\Pes\android-job\library\src\main\java\com\evernote\android\job\JobProxyIllegalStateException.java,com.evernote.android.job.JobProxyIllegalStateException,class,1,4,3,1,2,5,0,0,1,0.0,0.0,0.0,2,0,2,0,0,0,2,0,0,0,0,0,0,0,0,0,0,0,0,8,0,0,0,0,0,0,0,0,0,0,0,0,0,0,22,1,0
c:\Users\arthur.menezes_evolu\Desktop\Pes\android-job\library\src\main\java\com\evernote\android\job\util\JobPreconditions.java,com.evernote.android.job.util.JobPreconditions,class,4,11,7,4,49,1,0,8,153,0.0,0.0,0.0,18,17,17,1,0,0,17,0,0,0,0,0,0,0,0,0,0,0,18,144,15,3,8,0,1,24,7,4,10,4,2,0,0,0,141,17,0
c:\Users\arthur.menezes_evolu\Desktop\Pes\android-job\library\src\test\java\com\evernote\android\job\BaseJobManagerTest.java,com.evernote.android.job.BaseJobManagerTest$Anonymous1,anonymous,2,2,0,2,1,1,0,6,0,0.0,NaN,NaN,1,0,1,0,0,0,1,0,0,0,0,0,0,0,0,0,0,0,0,9,1,0,0,0,0,0,0,1,0,1,0,0,0,0,6,-1,0
c:\Users\arthur.menezes_evolu\Desktop\Pes\android-job\library\src\test\java\com\evernote\android\job\DatabaseCorruptionTest.java,com.evernote.android.job.DatabaseCorruptionTest,class,8,8,0,8,4,1,0,18,6,0.0,0.0,0.0,4,0,4,0,0,0,4,0,0,0,0,0,0,0,0,0,0,0,0,53,0,0,0,0,0,1,0,18,0,18,0,0,0,0,34,1,0
c:\Users\arthur.menezes_evolu\Desktop\Pes\android-job\library\src\test\java\com\evernote\android\job\DatabaseFailureTest.java,com.evernote.android.job.DatabaseFailureTest$DeleteOperation,interface,1,1,0,1,1,1,0,0,0,0.0,NaN,NaN,1,0,0,0,0,1,1,0,0,0,0,0,0,0,0,0,0,0,0,3,0,0,0,0,0,0,0,0,0,0,0,0,0,0,6,2,0
c:\Users\arthur.menezes_evolu\Desktop\Pes\android-job\library\src\main\java\android\support\v4\app\SafeJobIntentService.java,androidx.core.app.SafeJobIntentService,class,4,6,2,4,4,2,2,3,1,0.0,0.0,0.0,2,0,1,0,0,1,2,0,0,0,0,0,0,0,0,0,0,0,0,20,2,0,0,1,0,0,1,2,0,0,1,0,0,0,18,1025,0
c:\Users\arthur.menezes_evolu\Desktop\Pes\android-job\library\src\test\java\com\evernote\android\job\JobRequestTest.java,com.evernote.android.job.JobRequestTest,class,15,16,1,15,19,2,0,45,171,0.0,0.0,0.0,19,0,18,1,0,0,18,0,0,0,0,0,0,0,0,0,0,0,5,139,1,0,0,0,0,2,42,9,5,9,0,0,1,0,67,1,0
c:\Users\arthur.menezes_evolu\Desktop\Pes\android-job\library\src\androidTest\java\com\evernote\android\job\TransientBundleRescheduleTest.java,com.evernote.android.job.TransientBundleRescheduleTest$TestJob,innerclass,5,5,0,5,2,2,0,6,0,0.0,NaN,NaN,1,0,0,0,1,0,1,0,0,0,0,0,0,0,0,0,0,0,0,13,2,0,0,0,0,2,1,2,0,1,1,0,0,0,13,18,0
c:\Users\arthur.menezes_evolu\Desktop\Pes\android-job\library\src\test\java\com\evernote\android\job\util\LoggerTest.java,com.evernote.android.job.util.LoggerTest$TestLogger,innerclass,3,3,0,3,1,1,0,1,0,0.0,NaN,NaN,1,0,1,0,0,0,1,0,0,0,2,0,0,2,0,0,2,0,0,8,0,0,0,0,0,0,0,2,0,2,0,0,0,0,11,26,0
c:\Users\arthur.menezes_evolu\Desktop\Pes\android-job\library\src\test\java\com\evernote\android\job\util\LoggerTest.java,com.evernote.android.job.util.LoggerTest,class,7,7,0,7,10,1,0,13,19,0.71428573,0.0,0.0,7,0,7,0,0,0,7,0,0,0,1,0,0,1,0,0,0,0,13,73,0,3,0,0,0,29,3,13,0,13,1,0,1,0,35,1,0
c:\Users\arthur.menezes_evolu\Desktop\Pes\android-job\library\src\test\java\com\evernote\android\job\JobCreatorHolderTest.java,com.evernote.android.job.JobCreatorHolderTest$1Mutator,innerclass,2,2,0,2,4,2,0,8,3,0.0,NaN,NaN,3,0,1,2,0,0,1,0,0,0,0,0,0,0,0,0,0,0,0,27,0,0,0,2,0,0,0,0,0,0,2,0,0,0,13,0,0
c:\Users\arthur.menezes_evolu\Desktop\Pes\android-job\library\src\test\java\com\evernote\android\job\JobRequestTest.java,com.evernote.android.job.JobRequestTest$1TestPrinter,innerclass,3,3,0,3,1,1,0,1,0,0.0,NaN,NaN,1,0,1,0,0,0,1,0,0,0,1,0,0,1,0,0,1,0,0,6,0,0,0,0,0,0,0,1,0,1,0,0,0,0,10,0,0
c:\Users\arthur.menezes_evolu\Desktop\Pes\android-job\library\src\test\java\com\evernote\android\job\DailyJobTest.java,com.evernote.android.job.DailyJobTest,class,18,19,1,18,25,2,0,42,276,0.0,0.0,0.0,24,0,21,3,0,0,21,0,0,0,0,0,0,0,0,0,0,0,37,203,1,1,0,0,0,4,95,57,7,55,1,1,0,0,88,1,0
c:\Users\arthur.menezes_evolu\Desktop\Pes\android-job\library\src\androidTest\java\com\evernote\android\job\PlatformJobManagerRule.java,com.evernote.android.job.PlatformJobManagerRule,class,6,14,8,6,9,2,0,17,4,0.4,0.0,0.0,5,0,3,0,2,0,5,0,0,0,1,0,0,1,0,0,0,0,5,38,3,1,1,0,0,0,1,4,0,4,3,0,0,0,20,1,0
c:\Users\arthur.menezes_evolu\Desktop\Pes\android-job\library\src\main\java\com\evernote\android\job\util\Clock.java,com.evernote.android.job.util.Clock,interface,2,10,8,2,2,1,0,0,1,0.5,0.0,0.0,2,0,0,0,0,2,2,0,0,0,1,0,0,0,0,1,0,0,0,13,0,0,0,0,0,0,0,1,0,1,0,1,0,0,14,1,0
c:\Users\arthur.menezes_evolu\Desktop\Pes\android-job\library\src\test\java\com\evernote\android\job\DatabaseManualUpgradeTest.java,com.evernote.android.job.DatabaseManualUpgradeTest$UpgradeAbleJobOpenHelper,innerclass,6,6,0,6,16,2,0,11,43,0.85,0.0,0.0,10,0,2,0,7,1,10,1,2,0,2,0,0,2,0,0,0,0,1,72,1,1,0,0,0,3,9,4,0,3,2,0,0,0,47,1034,0
c:\Users\arthur.menezes_evolu\Desktop\Pes\android-job\library\src\androidTest\java\com\evernote\android\job\work\PlatformWorkManagerTest.java,com.evernote.android.job.work.PlatformWorkManagerTest$Anonymous1,anonymous,3,3,0,3,1,1,0,1,0,0.0,NaN,NaN,1,0,0,0,1,0,1,0,0,0,0,0,0,0,0,0,0,0,0,6,1,0,0,0,0,0,0,0,0,0,0,0,0,0,7,-1,0
c:\Users\arthur.menezes_evolu\Desktop\Pes\android-job\library\src\androidTest\java\com\evernote\android\job\work\PlatformWorkManagerTest.java,com.evernote.android.job.work.PlatformWorkManagerTest$Anonymous2,anonymous,3,3,0,3,2,1,0,1,0,0.0,NaN,NaN,1,0,1,0,0,0,1,0,0,0,0,0,0,0,0,0,0,0,0,10,2,0,0,0,0,0,0,0,0,0,1,0,0,0,8,-1,0
c:\Users\arthur.menezes_evolu\Desktop\Pes\android-job\library\src\main\java\com\evernote\android\job\JobCreatorHolder.java,com.evernote.android.job.JobCreatorHolder,class,4,9,5,4,8,1,0,5,0,0.4,0.0,0.0,5,0,5,0,0,0,5,0,0,0,2,1,0,2,0,0,2,0,0,31,2,1,1,0,0,2,0,6,0,4,2,0,0,0,25,0,0
c:\Users\arthur.menezes_evolu\Desktop\Pes\android-job\library\src\main\java\com\evernote\android\job\JobStorage.java,com.evernote.android.job.JobStorage$JobCacheId,innerclass,3,3,0,3,2,2,0,1,1,0.0,0.0,0.0,2,0,1,0,1,0,2,0,0,0,0,0,0,0,0,0,0,0,0,8,1,0,0,0,0,0,0,0,0,0,0,0,0,0,16,2,0
c:\Users\arthur.menezes_evolu\Desktop\Pes\android-job\library\src\test\java\com\evernote\android\job\JobCanceledTest.java,com.evernote.android.job.JobCanceledTest,class,10,10,0,10,2,2,0,18,1,0.0,0.0,0.0,2,0,2,0,0,0,2,0,0,0,0,0,0,0,0,0,0,0,0,58,0,0,0,0,0,2,8,8,0,8,0,4,0,0,26,1,0
c:\Users\arthur.menezes_evolu\Desktop\Pes\android-job\library\src\main\java\com\evernote\android\job\v14\PlatformAlarmServiceExact.java,com.evernote.android.job.v14.PlatformAlarmServiceExact$Anonymous1,anonymous,3,3,0,3,1,1,0,3,0,0.0,NaN,NaN,1,0,1,0,0,0,1,0,0,0,0,0,0,0,0,0,0,0,2,11,0,0,0,1,0,0,0,0,0,0,1,0,0,0,8,-1,0
c:\Users\arthur.menezes_evolu\Desktop\Pes\android-job\library\src\test\java\com\evernote\android\job\test\DummyJobs.java,com.evernote.android.job.test.DummyJobs,class,7,18,11,7,4,7,0,5,3,0.6666667,0.0,0.0,3,2,2,1,0,0,2,0,0,0,1,1,1,0,0,0,1,0,1,88,2,0,0,1,0,1,2,2,0,2,1,1,6,0,33,17,0
c:\Users\arthur.menezes_evolu\Desktop\Pes\android-job\library\src\main\java\com\evernote\android\job\gcm\PlatformGcmService.java,com.evernote.android.job.gcm.PlatformGcmService,class,8,10,2,8,5,2,0,9,1,0.5,0.0,0.0,2,0,2,0,0,0,2,0,0,0,1,1,0,1,0,0,1,0,2,26,3,0,1,1,0,1,0,5,0,5,1,0,0,0,30,1,0
c:\Users\arthur.menezes_evolu\Desktop\Pes\android-job\library\src\main\java\com\evernote\android\job\work\PlatformWorker.java,com.evernote.android.job.work.PlatformWorker,class,16,18,2,16,10,2,0,15,4,0.5,0.0,0.0,4,0,3,1,0,0,3,0,0,0,1,1,0,1,0,0,1,0,4,51,6,0,4,1,0,4,1,9,0,8,3,0,0,0,33,1,0
c:\Users\arthur.menezes_evolu\Desktop\Pes\android-job\library\src\androidTest\java\com\evernote\android\job\DisabledServiceTest.java,com.evernote.android.job.DisabledServiceTest,class,13,13,0,13,7,1,0,8,0,0.33333334,0.0,0.0,3,0,3,0,0,0,3,0,0,0,4,0,1,3,0,0,0,0,0,30,0,0,0,0,0,0,0,4,0,4,1,0,0,0,25,1,0
c:\Users\arthur.menezes_evolu\Desktop\Pes\android-job\library\src\main\java\com\evernote\android\job\JobProxy.java,com.evernote.android.job.JobProxy,interface,2,9,7,2,5,1,0,0,10,0.0,0.0,0.0,5,0,0,0,0,5,5,0,0,0,0,0,0,0,0,0,0,0,0,205,0,0,0,0,0,0,0,0,0,0,0,0,1,0,21,1,0
c:\Users\arthur.menezes_evolu\Desktop\Pes\android-job\demo\src\main\java\com\evernote\android\job\demo\UnitTestDatabaseCreator.java,com.evernote.android.job.demo.UnitTestDatabaseCreator,class,5,9,4,5,9,4,0,5,28,0.0,0.0,0.0,8,1,6,2,0,0,6,0,0,0,0,0,0,0,0,0,0,0,1,117,1,0,0,0,0,0,1,0,0,0,0,0,4,0,17,17,0
c:\Users\arthur.menezes_evolu\Desktop\Pes\android-job\library\src\main\java\com\evernote\android\job\gcm\JobProxyGcm.java,com.evernote.android.job.gcm.JobProxyGcm,class,17,20,3,17,21,1,0,38,41,0.75757575,0.0,0.0,11,0,6,1,4,0,10,0,0,0,3,1,0,3,0,0,3,0,15,84,8,0,2,2,0,8,7,12,7,12,2,0,0,0,64,1,0
c:\Users\arthur.menezes_evolu\Desktop\Pes\android-job\library\src\test\java\com\evernote\android\job\DatabaseExistingTest.java,com.evernote.android.job.DatabaseExistingTest,class,8,9,1,8,13,2,0,19,21,0.0,0.0,0.0,7,0,6,1,0,0,6,0,0,0,0,0,0,0,0,0,0,0,0,55,0,3,0,0,0,8,8,6,1,6,2,0,0,0,54,1,0
c:\Users\arthur.menezes_evolu\Desktop\Pes\android-job\library\src\main\java\com\evernote\android\job\Job.java,com.evernote.android.job.Job$Result,enum,0,0,0,0,0,1,0,0,0,0.0,-1.0,-1.0,0,0,0,0,0,0,0,0,0,0,0,0,0,0,0,0,0,0,0,4,0,0,0,0,0,0,0,0,0,0,0,0,0,0,50,1,0
c:\Users\arthur.menezes_evolu\Desktop\Pes\android-job\demo\src\main\java\com\evernote\android\job\demo\DemoJobCreator.java,com.evernote.android.job.demo.DemoJobCreator$AddReceiver,innerclass,4,4,0,4,1,3,0,0,0,0.0,NaN,NaN,1,0,0,0,1,0,1,0,0,0,0,0,0,0,0,0,0,0,0,4,0,0,0,0,0,0,0,0,0,0,0,0,0,0,8,25,0
c:\Users\arthur.menezes_evolu\Desktop\Pes\android-job\library\src\test\java\com\evernote\android\job\JobManagerTest.java,com.evernote.android.job.JobManagerTest,class,14,14,0,14,20,2,0,49,78,0.0,0.0,0.0,13,0,13,0,0,0,13,0,0,0,0,0,0,0,0,0,0,0,15,189,0,7,0,0,0,3,69,48,2,46,1,3,1,0,72,1,0
c:\Users\arthur.menezes_evolu\Desktop\Pes\android-job\library\src\test\java\com\evernote\android\job\JobManagerTest.java,com.evernote.android.job.JobManagerTest$1TestPrinter,innerclass,3,3,0,3,2,1,0,2,0,0.0,NaN,NaN,1,0,1,0,0,0,1,0,0,0,1,0,0,1,0,0,1,0,0,8,0,0,0,0,0,1,0,1,0,1,1,0,0,0,10,0,0
c:\Users\arthur.menezes_evolu\Desktop\Pes\android-job\library\src\main\java\com\evernote\android\job\JobRequest.java,com.evernote.android.job.JobRequest$Anonymous1,anonymous,3,3,0,3,2,1,0,1,0,0.0,NaN,NaN,1,0,1,0,0,0,1,0,0,0,0,0,0,0,0,0,0,0,0,7,0,0,1,0,0,1,0,0,0,0,1,0,0,0,10,-1,0
c:\Users\arthur.menezes_evolu\Desktop\Pes\android-job\library\src\main\java\com\evernote\android\job\JobRequest.java,com.evernote.android.job.JobRequest$Anonymous2,anonymous,2,2,0,2,2,1,0,3,0,0.0,NaN,NaN,1,0,1,0,0,0,1,0,0,0,0,0,0,0,0,0,0,0,0,11,0,0,0,1,0,0,0,1,0,1,1,0,0,0,6,-1,0
c:\Users\arthur.menezes_evolu\Desktop\Pes\android-job\library\src\test\java\com\evernote\android\job\util\JobUtilTest.java,com.evernote.android.job.util.JobUtilTest,class,3,3,0,3,1,1,0,4,0,0.0,NaN,NaN,1,0,1,0,0,0,1,0,0,0,0,0,0,0,0,0,0,0,5,9,0,0,0,0,0,5,5,0,0,0,0,0,0,0,15,1,0
c:\Users\arthur.menezes_evolu\Desktop\Pes\android-job\library\src\main\java\com\evernote\android\job\util\JobLogger.java,com.evernote.android.job.util.JobLogger,interface,2,12,10,2,1,1,0,0,0,0.0,NaN,NaN,1,0,0,0,0,1,1,0,0,0,0,0,0,0,0,0,0,0,0,3,0,0,0,0,0,0,0,0,0,0,0,0,0,0,20,1,0
c:\Users\arthur.menezes_evolu\Desktop\Pes\android-job\library\src\test\java\com\evernote\android\job\DatabaseFailureTest.java,com.evernote.android.job.DatabaseFailureTest,class,14,15,1,14,5,2,0,37,10,0.0,0.0,0.0,5,0,4,1,0,0,4,0,0,0,0,0,0,0,0,0,0,0,4,80,0,0,0,0,0,0,10,10,0,9,0,3,1,0,52,1,0
c:\Users\arthur.menezes_evolu\Desktop\Pes\android-job\library\src\main\java\com\evernote\android\job\JobCreator.java,com.evernote.android.job.JobCreator,interface,4,25,21,4,1,2,0,0,0,0.0,NaN,NaN,1,0,0,0,0,1,1,0,0,0,1,0,0,0,0,1,0,0,0,17,0,0,0,0,0,1,0,1,0,1,0,0,1,0,84,1,0
c:\Users\arthur.menezes_evolu\Desktop\Pes\android-job\library\src\main\java\com\evernote\android\job\util\JobCat.java,com.evernote.android.job.util.JobCat,class,5,40,35,5,34,1,1,10,8,0.71428573,0.0,0.0,21,5,21,0,0,0,21,0,0,3,4,2,0,2,2,0,2,0,9,103,5,4,4,0,1,2,5,15,3,10,3,0,0,0,66,1,0
c:\Users\arthur.menezes_evolu\Desktop\Pes\android-job\library\src\main\java\com\evernote\android\job\Job.java,com.evernote.android.job.Job,class,12,60,48,12,54,1,18,37,244,0.8844445,0.0,0.0,25,0,5,0,12,8,25,1,12,0,9,1,0,8,0,1,2,0,7,256,34,0,12,1,4,19,2,16,2,13,2,0,2,0,318,1025,0
c:\Users\arthur.menezes_evolu\Desktop\Pes\android-job\library\src\test\java\com\evernote\android\job\FailureCountTest.java,com.evernote.android.job.FailureCountTest,class,14,14,0,14,3,2,0,21,3,0.0,0.0,0.0,3,0,3,0,0,0,3,0,0,0,0,0,0,0,0,0,0,0,4,30,0,0,0,0,0,1,10,8,0,5,0,0,0,0,34,1,0
c:\Users\arthur.menezes_evolu\Desktop\Pes\android-job\library\src\main\java\com\evernote\android\job\JobStorage.java,com.evernote.android.job.JobStorage$JobOpenHelper,innerclass,6,6,0,6,15,2,0,12,36,0.0,0.0,0.0,9,0,2,7,0,0,2,0,0,0,0,0,0,0,0,0,0,0,0,72,0,1,0,1,0,100,6,2,15,2,2,0,0,0,71,26,0
c:\Users\arthur.menezes_evolu\Desktop\Pes\android-job\library\src\androidTest\java\com\evernote\android\job\TransientBundleRescheduleTest.java,com.evernote.android.job.TransientBundleRescheduleTest$TestJobCreator,innerclass,4,4,0,4,1,1,0,0,0,0.0,NaN,NaN,1,0,1,0,0,0,1,0,0,0,0,0,0,0,0,0,0,0,0,5,1,0,0,0,0,0,0,0,0,0,0,0,0,0,5,18,0
c:\Users\arthur.menezes_evolu\Desktop\Pes\android-job\library\src\main\java\com\evernote\android\job\JobManager.java,com.evernote.android.job.JobManager$Anonymous1,anonymous,1,1,0,1,1,1,0,1,0,0.0,NaN,NaN,1,0,1,0,0,0,1,0,0,0,0,0,0,0,0,0,0,0,0,6,0,0,0,0,0,0,0,1,0,0,0,0,0,0,5,-1,0
c:\Users\arthur.menezes_evolu\Desktop\Pes\android-job\library\src\test\java\com\evernote\android\job\test\DummyJobs.java,com.evernote.android.job.test.DummyJobs$SuccessJob,innerclass,4,4,0,4,1,2,0,0,0,1.0,NaN,NaN,1,0,0,0,1,0,1,0,0,0,1,1,1,0,0,0,1,0,0,6,1,0,0,0,0,1,0,1,0,1,0,0,0,0,10,25,0
c:\Users\arthur.menezes_evolu\Desktop\Pes\android-job\library\src\test\java\com\evernote\android\job\test\DummyJobs.java,com.evernote.android.job.test.DummyJobs$Anonymous1,anonymous,7,7,0,7,6,1,0,0,0,0.0,NaN,NaN,1,0,1,0,0,0,1,0,0,0,0,0,0,0,0,0,0,0,0,18,6,0,0,0,0,0,0,0,0,0,1,0,0,0,11,-1,0
c:\Users\arthur.menezes_evolu\Desktop\Pes\android-job\demo\src\main\java\com\evernote\android\job\demo\App.java,com.evernote.android.job.demo.App,class,4,4,0,4,2,2,0,10,0,0.0,NaN,NaN,1,0,1,0,0,0,1,0,0,0,0,0,0,0,0,0,0,0,1,11,0,0,0,0,0,0,0,0,0,0,1,0,0,0,8,1,0
c:\Users\arthur.menezes_evolu\Desktop\Pes\android-job\library\src\test\java\com\evernote\android\job\DatabaseManualUpgradeTest.java,com.evernote.android.job.DatabaseManualUpgradeTest$JobOpenHelper5,innerclass,4,4,0,4,5,7,0,6,10,0.0,0.0,0.0,5,0,1,0,2,2,5,0,0,0,0,0,0,0,0,0,0,0,0,32,1,0,0,1,0,75,1,2,7,2,1,0,0,0,57,10,0
c:\Users\arthur.menezes_evolu\Desktop\Pes\android-job\library\src\test\java\com\evernote\android\job\DatabaseManualUpgradeTest.java,com.evernote.android.job.DatabaseManualUpgradeTest$JobOpenHelper6,innerclass,3,3,0,3,4,8,0,1,6,0.0,0.0,0.0,4,0,1,0,1,2,4,0,0,0,0,0,0,0,0,0,0,0,0,15,0,0,0,0,0,30,1,0,3,0,0,0,0,0,49,26,0
c:\Users\arthur.menezes_evolu\Desktop\Pes\android-job\library\src\test\java\com\evernote\android\job\test\TestClock.java,com.evernote.android.job.test.TestClock,class,3,7,4,3,4,1,0,5,0,0.25,0.0,0.0,4,0,4,0,0,0,4,0,0,0,1,0,0,1,0,0,0,0,3,22,2,0,0,0,0,2,6,2,0,2,0,0,0,0,14,1,0
c:\Users\arthur.menezes_evolu\Desktop\Pes\android-job\library\src\test\java\com\evernote\android\job\LastRunTest.java,com.evernote.android.job.LastRunTest,class,15,16,1,15,7,2,0,18,21,0.0,0.0,0.0,7,0,6,1,0,0,6,0,0,0,0,0,0,0,0,0,0,0,6,50,0,0,0,0,0,3,17,12,0,9,0,0,0,0,38,1,0
c:\Users\arthur.menezes_evolu\Desktop\Pes\android-job\library\src\test\java\com\evernote\android\job\JobManagerCreateTest.java,com.evernote.android.job.JobManagerCreateTest,class,13,14,1,13,6,1,0,19,10,0.0,0.0,0.0,5,0,4,1,0,0,4,0,0,0,0,0,0,0,0,0,0,0,8,36,1,0,0,1,0,0,0,6,0,6,1,0,0,0,41,1,0
c:\Users\arthur.menezes_evolu\Desktop\Pes\android-job\library\src\main\java\com\evernote\android\job\util\support\FastXmlSerializer.java,com.evernote.android.job.util.support.FastXmlSerializer,class,4,6,2,4,78,1,0,32,468,0.9067599,0.0,0.0,33,0,25,8,0,0,25,0,0,0,13,3,0,13,0,0,3,0,4,289,8,5,10,1,10,21,20,61,24,37,4,0,0,0,140,0,0
c:\Users\arthur.menezes_evolu\Desktop\Pes\android-job\library\src\test\java\com\evernote\android\job\JobCreatorHolderTest.java,com.evernote.android.job.JobCreatorHolderTest,class,12,13,1,12,7,3,0,17,3,0.5555555,0.0,0.0,6,1,5,1,0,0,5,0,0,0,3,0,0,1,0,2,0,0,4,94,0,0,0,1,0,4,0,8,0,10,1,0,3,0,61,1,0
c:\Users\arthur.menezes_evolu\Desktop\Pes\android-job\library\src\main\java\com\evernote\android\job\DailyJob.java,com.evernote.android.job.DailyJob,class,17,26,9,17,30,2,2,40,17,0.74285716,0.0,0.0,7,5,4,1,2,0,6,1,1,0,5,5,0,3,0,2,5,0,11,113,5,1,4,1,5,14,18,28,14,21,4,1,1,0,208,1025,0
c:\Users\arthur.menezes_evolu\Desktop\Pes\android-job\library\src\main\java\com\evernote\android\job\JobManager.java,com.evernote.android.job.JobManager,class,27,74,47,27,81,1,0,75,258,0.83251226,0.0,0.0,29,3,15,6,0,8,23,0,0,2,7,2,0,7,0,0,5,0,13,286,29,5,15,6,0,14,6,29,0,26,4,1,0,0,276,17,0
c:\Users\arthur.menezes_evolu\Desktop\Pes\android-job\library\src\test\java\com\evernote\android\job\DatabaseManualUpgradeTest.java,com.evernote.android.job.DatabaseManualUpgradeTest$JobOpenHelper1,innerclass,3,3,0,3,3,3,0,1,3,0.0,0.0,0.0,3,0,1,0,0,2,3,0,0,0,0,0,0,0,0,0,0,0,0,11,0,0,0,0,0,19,1,0,1,0,0,0,0,0,46,10,0
c:\Users\arthur.menezes_evolu\Desktop\Pes\android-job\library\src\test\java\com\evernote\android\job\DatabaseManualUpgradeTest.java,com.evernote.android.job.DatabaseManualUpgradeTest$JobOpenHelper2,innerclass,4,4,0,4,5,4,0,3,10,0.0,0.0,0.0,5,0,1,0,2,2,5,0,0,0,0,0,0,0,0,0,0,0,0,19,1,0,0,0,0,26,1,1,2,1,0,0,0,0,55,10,0
c:\Users\arthur.menezes_evolu\Desktop\Pes\android-job\library\src\androidTest\java\com\evernote\android\job\work\PlatformWorkManagerTest.java,com.evernote.android.job.work.PlatformWorkManagerTest,class,16,17,1,16,6,1,0,36,0,0.16666667,0.0,0.0,6,0,5,1,0,0,5,0,0,0,2,1,1,1,0,0,1,0,7,73,0,0,0,0,0,4,20,20,0,19,0,2,0,0,40,1,0
c:\Users\arthur.menezes_evolu\Desktop\Pes\android-job\library\src\test\java\com\evernote\android\job\DatabaseManualUpgradeTest.java,com.evernote.android.job.DatabaseManualUpgradeTest$JobOpenHelper3,innerclass,4,4,0,4,4,5,0,3,6,0.0,0.0,0.0,4,0,1,0,1,2,4,0,0,0,0,0,0,0,0,0,0,0,0,19,0,0,0,0,0,35,2,1,5,1,0,0,0,0,53,10,0
c:\Users\arthur.menezes_evolu\Desktop\Pes\android-job\library\src\test\java\com\evernote\android\job\DatabaseManualUpgradeTest.java,com.evernote.android.job.DatabaseManualUpgradeTest$JobOpenHelper4,innerclass,3,3,0,3,4,6,0,1,6,0.0,0.0,0.0,4,0,1,0,1,2,4,0,0,0,0,0,0,0,0,0,0,0,0,14,0,0,0,0,0,27,1,0,2,0,0,0,0,0,49,10,0
