file,class,method,constructor,line,cbo,cboModified,fanin,fanout,wmc,rfc,loc,returnsQty,variablesQty,parametersQty,methodsInvokedQty,methodsInvokedLocalQty,methodsInvokedIndirectLocalQty,loopQty,comparisonsQty,tryCatchQty,parenthesizedExpsQty,stringLiteralsQty,numbersQty,assignmentsQty,mathOperationsQty,maxNestedBlocksQty,anonymousClassesQty,innerClassesQty,lambdasQty,uniqueWordsQty,modifiers,logStatementsQty,hasJavaDoc
c:\Users\arthur.menezes_evolu\Desktop\Pes\SwipeMenuListView\library\src\main\java\com\baoyz\swipemenulistview\SwipeMenuListView.java,com.baoyz.swipemenulistview.SwipeMenuListView,setOnMenuStateChangeListener/1[com.baoyz.swipemenulistview.SwipeMenuListView.OnMenuStateChangeListener],false,299,1,1,1,0,1,0,3,0,0,1,0,0,0,0,0,0,0,0,0,1,0,0,0,0,0,8,1,0,false
c:\Users\arthur.menezes_evolu\Desktop\Pes\SwipeMenuListView\library\src\main\java\com\baoyz\swipemenulistview\SwipeMenuListView.java,com.baoyz.swipemenulistview.SwipeMenuListView,smoothOpenMenu/1[int],false,259,2,4,0,4,6,7,14,0,1,1,7,0,0,0,1,0,0,0,0,3,1,3,0,0,0,19,1,0,false
c:\Users\arthur.menezes_evolu\Desktop\Pes\SwipeMenuListView\library\src\main\java\com\baoyz\swipemenulistview\SwipeMenuListView.java,com.baoyz.swipemenulistview.SwipeMenuListView,onInterceptTouchEvent/1[com.baoyz.swipemenulistview.MotionEvent],false,105,5,6,0,6,17,15,44,4,5,1,15,1,1,0,6,0,2,0,0,13,3,5,0,0,0,47,1,0,false
c:\Users\arthur.menezes_evolu\Desktop\Pes\SwipeMenuListView\library\src\main\java\com\baoyz\swipemenulistview\SwipeMenuListView.java,com.baoyz.swipemenulistview.SwipeMenuListView,"SwipeMenuListView/2[com.baoyz.swipemenulistview.Context,com.baoyz.swipemenulistview.AttributeSet]",true,52,3,1,0,1,1,1,4,0,0,2,1,1,2,0,0,0,0,0,0,0,0,0,0,0,0,7,1,0,false
c:\Users\arthur.menezes_evolu\Desktop\Pes\SwipeMenuListView\library\src\main\java\com\baoyz\swipemenulistview\SwipeMenuListView.java,com.baoyz.swipemenulistview.SwipeMenuListView,setSwipeDirection/1[int],false,319,0,1,1,0,1,0,3,0,0,1,0,0,0,0,0,0,0,0,0,1,0,0,0,0,0,5,1,0,false
c:\Users\arthur.menezes_evolu\Desktop\Pes\SwipeMenuListView\library\src\main\java\com\baoyz\swipemenulistview\SwipeMenuListView.java,com.baoyz.swipemenulistview.SwipeMenuListView,"inRangeOfView/2[com.baoyz.swipemenulistview.View,com.baoyz.swipemenulistview.MotionEvent]",false,330,3,1,1,0,5,5,10,2,3,2,5,0,0,0,0,0,2,0,3,3,2,1,0,0,0,11,9,0,true
c:\Users\arthur.menezes_evolu\Desktop\Pes\SwipeMenuListView\library\src\main\java\com\baoyz\swipemenulistview\SwipeMenuListView.java,com.baoyz.swipemenulistview.SwipeMenuListView,init/0,false,57,1,4,3,1,1,1,5,0,0,0,1,1,1,0,0,0,0,0,0,3,0,0,0,0,0,18,2,0,false
c:\Users\arthur.menezes_evolu\Desktop\Pes\SwipeMenuListView\library\src\main\java\com\baoyz\swipemenulistview\SwipeMenuListView.java,com.baoyz.swipemenulistview.SwipeMenuListView,setAdapter/1[com.baoyz.swipemenulistview.ListAdapter],false,64,2,3,2,1,1,2,19,0,0,1,2,0,0,0,0,0,0,0,0,0,0,0,1,0,0,23,1,0,false
c:\Users\arthur.menezes_evolu\Desktop\Pes\SwipeMenuListView\library\src\main\java\com\baoyz\swipemenulistview\SwipeMenuListView.java,com.baoyz.swipemenulistview.SwipeMenuListView,onTouchEvent/1[com.baoyz.swipemenulistview.MotionEvent],false,157,7,12,1,11,29,25,93,6,8,1,25,1,0,0,17,0,2,0,2,20,4,5,0,0,0,54,1,0,false
c:\Users\arthur.menezes_evolu\Desktop\Pes\SwipeMenuListView\library\src\main\java\com\baoyz\swipemenulistview\SwipeMenuListView.java,com.baoyz.swipemenulistview.SwipeMenuListView,"SwipeMenuListView/3[com.baoyz.swipemenulistview.Context,com.baoyz.swipemenulistview.AttributeSet,int]",true,47,3,1,0,1,1,1,4,0,0,3,1,1,2,0,0,0,0,0,0,0,0,0,0,0,0,8,1,0,false
c:\Users\arthur.menezes_evolu\Desktop\Pes\SwipeMenuListView\library\src\main\java\com\baoyz\swipemenulistview\SwipeMenuListView.java,com.baoyz.swipemenulistview.SwipeMenuListView,getCloseInterpolator/0,false,100,1,1,1,0,1,0,3,1,0,0,0,0,0,0,0,0,0,0,0,0,0,0,0,0,0,4,1,0,false
c:\Users\arthur.menezes_evolu\Desktop\Pes\SwipeMenuListView\library\src\main\java\com\baoyz\swipemenulistview\SwipeMenuListView.java,com.baoyz.swipemenulistview.SwipeMenuListView,smoothCloseMenu/0,false,275,1,2,0,2,3,2,5,0,0,0,2,0,0,0,1,0,0,0,0,0,0,1,0,0,0,7,1,0,false
c:\Users\arthur.menezes_evolu\Desktop\Pes\SwipeMenuListView\library\src\main\java\com\baoyz\swipemenulistview\SwipeMenuListView.java,com.baoyz.swipemenulistview.SwipeMenuListView,setCloseInterpolator/1[com.baoyz.swipemenulistview.Interpolator],false,88,1,0,0,0,1,0,3,0,0,1,0,0,0,0,0,0,0,0,0,1,0,0,0,0,0,5,1,0,false
c:\Users\arthur.menezes_evolu\Desktop\Pes\SwipeMenuListView\library\src\main\java\com\baoyz\swipemenulistview\SwipeMenuListView.java,com.baoyz.swipemenulistview.SwipeMenuListView,getOpenInterpolator/0,false,96,1,1,1,0,1,0,3,1,0,0,0,0,0,0,0,0,0,0,0,0,0,0,0,0,0,4,1,0,false
c:\Users\arthur.menezes_evolu\Desktop\Pes\SwipeMenuListView\library\src\main\java\com\baoyz\swipemenulistview\SwipeMenuListView.java,com.baoyz.swipemenulistview.SwipeMenuListView,SwipeMenuListView/1[com.baoyz.swipemenulistview.Context],true,42,2,1,0,1,1,1,4,0,0,1,1,1,2,0,0,0,0,0,0,0,0,0,0,0,0,7,1,0,false
c:\Users\arthur.menezes_evolu\Desktop\Pes\SwipeMenuListView\library\src\main\java\com\baoyz\swipemenulistview\SwipeMenuListView.java,com.baoyz.swipemenulistview.SwipeMenuListView,dp2px/1[int],false,281,0,1,1,0,1,4,3,1,0,1,4,0,0,0,0,0,0,0,0,0,0,0,0,0,0,2,2,0,false
c:\Users\arthur.menezes_evolu\Desktop\Pes\SwipeMenuListView\library\src\main\java\com\baoyz\swipemenulistview\SwipeMenuListView.java,com.baoyz.swipemenulistview.SwipeMenuListView,setMenuCreator/1[com.baoyz.swipemenulistview.SwipeMenuCreator],false,286,1,2,2,0,1,0,3,0,0,1,0,0,0,0,0,0,0,0,0,1,0,0,0,0,0,5,1,0,false
c:\Users\arthur.menezes_evolu\Desktop\Pes\SwipeMenuListView\library\src\main\java\com\baoyz\swipemenulistview\SwipeMenuListView.java,com.baoyz.swipemenulistview.SwipeMenuListView,setOnSwipeListener/1[com.baoyz.swipemenulistview.SwipeMenuListView.OnSwipeListener],false,295,1,1,1,0,1,0,3,0,0,1,0,0,0,0,0,0,0,0,0,1,0,0,0,0,0,5,1,0,false
c:\Users\arthur.menezes_evolu\Desktop\Pes\SwipeMenuListView\library\src\main\java\com\baoyz\swipemenulistview\SwipeMenuListView.java,com.baoyz.swipemenulistview.SwipeMenuListView,setOnMenuItemClickListener/1[com.baoyz.swipemenulistview.SwipeMenuListView.OnMenuItemClickListener],false,291,1,2,2,0,1,0,3,0,0,1,0,0,0,0,0,0,0,0,0,1,0,0,0,0,0,7,1,0,false
c:\Users\arthur.menezes_evolu\Desktop\Pes\SwipeMenuListView\library\src\main\java\com\baoyz\swipemenulistview\SwipeMenuListView.java,com.baoyz.swipemenulistview.SwipeMenuListView,setOpenInterpolator/1[com.baoyz.swipemenulistview.Interpolator],false,92,1,0,0,0,1,0,3,0,0,1,0,0,0,0,0,0,0,0,0,1,0,0,0,0,0,5,1,0,false
c:\Users\arthur.menezes_evolu\Desktop\Pes\SwipeMenuListView\library\src\main\java\com\baoyz\swipemenulistview\SwipeMenuLayout.java,com.baoyz.swipemenulistview.SwipeMenuLayout$Anonymous1,"onFling/4[com.baoyz.swipemenulistview.MotionEvent,com.baoyz.swipemenulistview.MotionEvent,float,float]",false,104,1,0,0,0,3,3,6,1,0,4,3,0,0,0,0,0,0,0,0,1,1,1,0,0,0,22,1,0,false
c:\Users\arthur.menezes_evolu\Desktop\Pes\SwipeMenuListView\library\src\main\java\com\baoyz\swipemenulistview\SwipeMenuLayout.java,com.baoyz.swipemenulistview.SwipeMenuLayout$Anonymous1,onDown/1[com.baoyz.swipemenulistview.MotionEvent],false,97,1,0,0,0,1,0,4,1,0,1,0,0,0,0,0,0,0,0,0,1,0,0,0,0,0,9,1,0,false
c:\Users\arthur.menezes_evolu\Desktop\Pes\SwipeMenuListView\library\src\main\java\com\baoyz\swipemenulistview\SwipeMenuListView.java,com.baoyz.swipemenulistview.SwipeMenuListView$OnMenuItemClickListener,"onMenuItemClick/3[int,com.baoyz.swipemenulistview.SwipeMenu,int]",false,304,1,2,2,0,1,0,1,0,0,3,0,0,0,0,0,0,0,0,0,0,0,0,0,0,0,5,0,0,false
c:\Users\arthur.menezes_evolu\Desktop\Pes\SwipeMenuListView\demo\src\main\java\com\baoyz\swipemenulistview\demo\SimpleActivity.java,com.baoyz.swipemenulistview.demo.SimpleActivity$AppAdapter$Anonymous7,onClick/1[com.baoyz.swipemenulistview.demo.View],false,245,1,0,0,0,1,2,3,0,0,1,2,0,0,0,0,0,0,1,0,0,0,0,0,0,0,4,1,0,false
c:\Users\arthur.menezes_evolu\Desktop\Pes\SwipeMenuListView\library\src\main\java\com\baoyz\swipemenulistview\SwipeMenuCreator.java,com.baoyz.swipemenulistview.SwipeMenuCreator,create/1[com.baoyz.swipemenulistview.SwipeMenu],false,12,1,1,1,0,1,0,1,0,0,1,0,0,0,0,0,0,0,0,0,0,0,0,0,0,0,4,0,0,false
c:\Users\arthur.menezes_evolu\Desktop\Pes\SwipeMenuListView\demo\src\main\java\com\baoyz\swipemenulistview\demo\SimpleActivity.java,com.baoyz.swipemenulistview.demo.SimpleActivity$AppAdapter$Anonymous6,onClick/1[com.baoyz.swipemenulistview.demo.View],false,239,1,0,0,0,1,2,3,0,0,1,2,0,0,0,0,0,0,1,0,0,0,0,0,0,0,4,1,0,false
c:\Users\arthur.menezes_evolu\Desktop\Pes\SwipeMenuListView\library\src\main\java\com\baoyz\swipemenulistview\SwipeMenuAdapter.java,com.baoyz.swipemenulistview.SwipeMenuAdapter,"SwipeMenuAdapter/2[com.baoyz.swipemenulistview.Context,com.baoyz.swipemenulistview.ListAdapter]",true,26,2,1,1,0,1,0,4,0,0,2,0,0,0,0,0,0,0,0,0,2,0,0,0,0,0,7,1,0,false
c:\Users\arthur.menezes_evolu\Desktop\Pes\SwipeMenuListView\library\src\main\java\com\baoyz\swipemenulistview\SwipeMenuAdapter.java,com.baoyz.swipemenulistview.SwipeMenuAdapter,"onItemClick/3[com.baoyz.swipemenulistview.SwipeMenuView,com.baoyz.swipemenulistview.SwipeMenu,int]",false,92,3,2,0,2,2,2,5,0,0,3,2,0,0,0,1,0,0,0,0,0,0,1,0,0,0,9,1,0,false
c:\Users\arthur.menezes_evolu\Desktop\Pes\SwipeMenuListView\library\src\main\java\com\baoyz\swipemenulistview\SwipeMenuAdapter.java,com.baoyz.swipemenulistview.SwipeMenuAdapter,getViewTypeCount/0,false,135,0,0,0,0,1,1,3,1,0,0,1,0,0,0,0,0,0,0,0,0,0,0,0,0,0,4,1,0,false
c:\Users\arthur.menezes_evolu\Desktop\Pes\SwipeMenuListView\library\src\main\java\com\baoyz\swipemenulistview\SwipeMenuAdapter.java,com.baoyz.swipemenulistview.SwipeMenuAdapter,unregisterDataSetObserver/1[com.baoyz.swipemenulistview.DataSetObserver],false,110,1,0,0,0,1,1,3,0,0,1,1,0,0,0,0,0,0,0,0,0,0,0,0,0,0,5,1,0,false
c:\Users\arthur.menezes_evolu\Desktop\Pes\SwipeMenuListView\library\src\main\java\com\baoyz\swipemenulistview\SwipeMenuAdapter.java,com.baoyz.swipemenulistview.SwipeMenuAdapter,isEmpty/0,false,140,0,0,0,0,1,1,3,1,0,0,1,0,0,0,0,0,0,0,0,0,0,0,0,0,0,2,1,0,false
c:\Users\arthur.menezes_evolu\Desktop\Pes\SwipeMenuListView\library\src\main\java\com\baoyz\swipemenulistview\SwipeMenuAdapter.java,com.baoyz.swipemenulistview.SwipeMenuAdapter,areAllItemsEnabled/0,false,115,0,0,0,0,1,1,3,1,0,0,1,0,0,0,0,0,0,0,0,0,0,0,0,0,0,4,1,0,false
c:\Users\arthur.menezes_evolu\Desktop\Pes\SwipeMenuListView\library\src\main\java\com\baoyz\swipemenulistview\SwipeMenuAdapter.java,com.baoyz.swipemenulistview.SwipeMenuAdapter,getCount/0,false,32,0,0,0,0,1,1,3,1,0,0,1,0,0,0,0,0,0,0,0,0,0,0,0,0,0,2,1,0,false
c:\Users\arthur.menezes_evolu\Desktop\Pes\SwipeMenuListView\library\src\main\java\com\baoyz\swipemenulistview\SwipeMenuAdapter.java,com.baoyz.swipemenulistview.SwipeMenuAdapter,"getView/3[int,com.baoyz.swipemenulistview.View,com.baoyz.swipemenulistview.ViewGroup]",false,47,9,14,0,14,3,12,25,1,7,3,12,2,1,0,1,0,2,0,0,9,0,1,0,0,0,25,1,0,false
c:\Users\arthur.menezes_evolu\Desktop\Pes\SwipeMenuListView\library\src\main\java\com\baoyz\swipemenulistview\SwipeMenuAdapter.java,com.baoyz.swipemenulistview.SwipeMenuAdapter,setOnSwipeItemClickListener/1[com.baoyz.swipemenulistview.SwipeMenuListView.OnMenuItemClickListener],false,100,1,0,0,0,1,0,3,0,0,1,0,0,0,0,0,0,0,0,0,1,0,0,0,0,0,8,1,0,false
c:\Users\arthur.menezes_evolu\Desktop\Pes\SwipeMenuListView\library\src\main\java\com\baoyz\swipemenulistview\SwipeMenuAdapter.java,com.baoyz.swipemenulistview.SwipeMenuAdapter,isEnabled/1[int],false,120,0,0,0,0,1,1,3,1,0,1,1,0,0,0,0,0,0,0,0,0,0,0,0,0,0,3,1,0,false
c:\Users\arthur.menezes_evolu\Desktop\Pes\SwipeMenuListView\library\src\main\java\com\baoyz\swipemenulistview\SwipeMenuAdapter.java,com.baoyz.swipemenulistview.SwipeMenuAdapter,createMenu/1[com.baoyz.swipemenulistview.SwipeMenu],false,76,3,6,1,5,1,4,12,0,1,1,4,0,0,0,0,0,0,2,2,2,0,0,0,0,0,10,1,0,false
c:\Users\arthur.menezes_evolu\Desktop\Pes\SwipeMenuListView\library\src\main\java\com\baoyz\swipemenulistview\SwipeMenuAdapter.java,com.baoyz.swipemenulistview.SwipeMenuAdapter,getItem/1[int],false,37,0,0,0,0,1,1,3,1,0,1,1,0,0,0,0,0,0,0,0,0,0,0,0,0,0,4,1,0,false
c:\Users\arthur.menezes_evolu\Desktop\Pes\SwipeMenuListView\library\src\main\java\com\baoyz\swipemenulistview\SwipeMenuAdapter.java,com.baoyz.swipemenulistview.SwipeMenuAdapter,getItemId/1[int],false,42,0,0,0,0,1,1,3,1,0,1,1,0,0,0,0,0,0,0,0,0,0,0,0,0,0,4,1,0,false
c:\Users\arthur.menezes_evolu\Desktop\Pes\SwipeMenuListView\library\src\main\java\com\baoyz\swipemenulistview\SwipeMenuAdapter.java,com.baoyz.swipemenulistview.SwipeMenuAdapter,getWrappedAdapter/0,false,145,1,0,0,0,1,0,3,1,0,0,0,0,0,0,0,0,0,0,0,0,0,0,0,0,0,5,1,0,false
c:\Users\arthur.menezes_evolu\Desktop\Pes\SwipeMenuListView\library\src\main\java\com\baoyz\swipemenulistview\SwipeMenuAdapter.java,com.baoyz.swipemenulistview.SwipeMenuAdapter,registerDataSetObserver/1[com.baoyz.swipemenulistview.DataSetObserver],false,105,1,0,0,0,1,1,3,0,0,1,1,0,0,0,0,0,0,0,0,0,0,0,0,0,0,5,1,0,false
c:\Users\arthur.menezes_evolu\Desktop\Pes\SwipeMenuListView\library\src\main\java\com\baoyz\swipemenulistview\SwipeMenuAdapter.java,com.baoyz.swipemenulistview.SwipeMenuAdapter,hasStableIds/0,false,125,0,0,0,0,1,1,3,1,0,0,1,0,0,0,0,0,0,0,0,0,0,0,0,0,0,3,1,0,false
c:\Users\arthur.menezes_evolu\Desktop\Pes\SwipeMenuListView\library\src\main\java\com\baoyz\swipemenulistview\SwipeMenuAdapter.java,com.baoyz.swipemenulistview.SwipeMenuAdapter,getItemViewType/1[int],false,130,0,1,1,0,1,1,3,1,0,1,1,0,0,0,0,0,0,0,0,0,0,0,0,0,0,5,1,0,false
c:\Users\arthur.menezes_evolu\Desktop\Pes\SwipeMenuListView\demo\src\main\java\com\baoyz\swipemenulistview\demo\SimpleActivity.java,com.baoyz.swipemenulistview.demo.SimpleActivity$AppAdapter,getItemId/1[int],false,222,0,0,0,0,1,0,3,1,0,1,0,0,0,0,0,0,0,0,0,0,0,0,0,0,0,4,1,0,false
c:\Users\arthur.menezes_evolu\Desktop\Pes\SwipeMenuListView\demo\src\main\java\com\baoyz\swipemenulistview\demo\SimpleActivity.java,com.baoyz.swipemenulistview.demo.SimpleActivity$AppAdapter,"getView/3[int,com.baoyz.swipemenulistview.demo.View,com.baoyz.swipemenulistview.demo.ViewGroup]",false,227,5,2,0,2,2,10,23,1,2,3,10,1,1,0,1,0,0,0,0,3,0,1,2,0,0,18,1,0,false
c:\Users\arthur.menezes_evolu\Desktop\Pes\SwipeMenuListView\demo\src\main\java\com\baoyz\swipemenulistview\demo\SimpleActivity.java,com.baoyz.swipemenulistview.demo.SimpleActivity$AppAdapter,getItem/1[int],false,217,1,1,1,0,1,1,3,1,0,1,1,0,0,0,0,0,0,0,0,0,0,0,0,0,0,5,1,0,false
c:\Users\arthur.menezes_evolu\Desktop\Pes\SwipeMenuListView\demo\src\main\java\com\baoyz\swipemenulistview\demo\SimpleActivity.java,com.baoyz.swipemenulistview.demo.SimpleActivity$AppAdapter,getCount/0,false,212,0,0,0,0,1,1,3,1,0,0,1,0,0,0,0,0,0,0,0,0,0,0,0,0,0,2,1,0,false
c:\Users\arthur.menezes_evolu\Desktop\Pes\SwipeMenuListView\demo\src\main\java\com\baoyz\swipemenulistview\demo\SimpleActivity.java,com.baoyz.swipemenulistview.demo.SimpleActivity$AppAdapter,getSwipEnableByPosition/1[int],false,264,0,0,0,0,2,0,6,2,0,1,0,0,0,0,1,0,0,0,2,0,1,1,0,0,0,8,1,0,false
c:\Users\arthur.menezes_evolu\Desktop\Pes\SwipeMenuListView\library\src\main\java\com\baoyz\swipemenulistview\SwipeMenuItem.java,com.baoyz.swipemenulistview.SwipeMenuItem,setTitle/1[java.lang.String],false,56,0,3,3,0,1,0,3,0,0,1,0,0,0,0,0,0,0,0,0,1,0,0,0,0,0,3,1,0,false
c:\Users\arthur.menezes_evolu\Desktop\Pes\SwipeMenuListView\library\src\main\java\com\baoyz\swipemenulistview\SwipeMenuItem.java,com.baoyz.swipemenulistview.SwipeMenuItem,setIcon/1[com.baoyz.swipemenulistview.Drawable],false,68,1,4,4,0,1,0,3,0,0,1,0,0,0,0,0,0,0,0,0,1,0,0,0,0,0,4,1,0,false
c:\Users\arthur.menezes_evolu\Desktop\Pes\SwipeMenuListView\library\src\main\java\com\baoyz\swipemenulistview\SwipeMenuItem.java,com.baoyz.swipemenulistview.SwipeMenuItem,getWidth/0,false,88,0,1,1,0,1,0,3,1,0,0,0,0,0,0,0,0,0,0,0,0,0,0,0,0,0,3,1,0,false
c:\Users\arthur.menezes_evolu\Desktop\Pes\SwipeMenuListView\library\src\main\java\com\baoyz\swipemenulistview\SwipeMenuItem.java,com.baoyz.swipemenulistview.SwipeMenuItem,setTitleSize/1[int],false,44,0,1,1,0,1,0,3,0,0,1,0,0,0,0,0,0,0,0,0,1,0,0,0,0,0,4,1,0,false
c:\Users\arthur.menezes_evolu\Desktop\Pes\SwipeMenuListView\library\src\main\java\com\baoyz\swipemenulistview\SwipeMenuItem.java,com.baoyz.swipemenulistview.SwipeMenuItem,getBackground/0,false,76,1,1,1,0,1,0,3,1,0,0,0,0,0,0,0,0,0,0,0,0,0,0,0,0,0,4,1,0,false
c:\Users\arthur.menezes_evolu\Desktop\Pes\SwipeMenuListView\library\src\main\java\com\baoyz\swipemenulistview\SwipeMenuItem.java,com.baoyz.swipemenulistview.SwipeMenuItem,setWidth/1[int],false,92,0,5,5,0,1,0,3,0,0,1,0,0,0,0,0,0,0,0,0,1,0,0,0,0,0,3,1,0,false
c:\Users\arthur.menezes_evolu\Desktop\Pes\SwipeMenuListView\library\src\main\java\com\baoyz\swipemenulistview\SwipeMenuItem.java,com.baoyz.swipemenulistview.SwipeMenuItem,setBackground/1[int],false,84,0,0,0,0,1,2,3,0,0,1,2,0,0,0,0,0,0,0,0,1,0,0,0,0,0,4,1,0,false
c:\Users\arthur.menezes_evolu\Desktop\Pes\SwipeMenuListView\library\src\main\java\com\baoyz\swipemenulistview\SwipeMenuItem.java,com.baoyz.swipemenulistview.SwipeMenuItem,getIcon/0,false,64,1,2,2,0,1,0,3,1,0,0,0,0,0,0,0,0,0,0,0,0,0,0,0,0,0,4,1,0,false
c:\Users\arthur.menezes_evolu\Desktop\Pes\SwipeMenuListView\library\src\main\java\com\baoyz\swipemenulistview\SwipeMenuItem.java,com.baoyz.swipemenulistview.SwipeMenuItem,setIcon/1[int],false,72,0,0,0,0,1,2,3,0,0,1,2,0,0,0,0,0,0,0,0,1,0,0,0,0,0,4,1,0,false
c:\Users\arthur.menezes_evolu\Desktop\Pes\SwipeMenuListView\library\src\main\java\com\baoyz\swipemenulistview\SwipeMenuItem.java,com.baoyz.swipemenulistview.SwipeMenuItem,setBackground/1[com.baoyz.swipemenulistview.Drawable],false,80,1,5,5,0,1,0,3,0,0,1,0,0,0,0,0,0,0,0,0,1,0,0,0,0,0,4,1,0,false
c:\Users\arthur.menezes_evolu\Desktop\Pes\SwipeMenuListView\library\src\main\java\com\baoyz\swipemenulistview\SwipeMenuItem.java,com.baoyz.swipemenulistview.SwipeMenuItem,getTitle/0,false,52,0,2,2,0,1,0,3,1,0,0,0,0,0,0,0,0,0,0,0,0,0,0,0,0,0,3,1,0,false
c:\Users\arthur.menezes_evolu\Desktop\Pes\SwipeMenuListView\library\src\main\java\com\baoyz\swipemenulistview\SwipeMenuItem.java,com.baoyz.swipemenulistview.SwipeMenuItem,setTitleColor/1[int],false,48,0,1,1,0,1,0,3,0,0,1,0,0,0,0,0,0,0,0,0,1,0,0,0,0,0,4,1,0,false
c:\Users\arthur.menezes_evolu\Desktop\Pes\SwipeMenuListView\library\src\main\java\com\baoyz\swipemenulistview\SwipeMenuItem.java,com.baoyz.swipemenulistview.SwipeMenuItem,getTitleColor/0,false,36,0,1,1,0,1,0,3,1,0,0,0,0,0,0,0,0,0,0,0,0,0,0,0,0,0,4,1,0,false
c:\Users\arthur.menezes_evolu\Desktop\Pes\SwipeMenuListView\library\src\main\java\com\baoyz\swipemenulistview\SwipeMenuItem.java,com.baoyz.swipemenulistview.SwipeMenuItem,getTitleSize/0,false,40,0,1,1,0,1,0,3,1,0,0,0,0,0,0,0,0,0,0,0,0,0,0,0,0,0,4,1,0,false
c:\Users\arthur.menezes_evolu\Desktop\Pes\SwipeMenuListView\library\src\main\java\com\baoyz\swipemenulistview\SwipeMenuItem.java,com.baoyz.swipemenulistview.SwipeMenuItem,setTitle/1[int],false,60,1,1,0,1,1,2,3,0,0,1,2,1,1,0,0,0,0,0,0,0,0,0,0,0,0,4,1,0,false
c:\Users\arthur.menezes_evolu\Desktop\Pes\SwipeMenuListView\library\src\main\java\com\baoyz\swipemenulistview\SwipeMenuItem.java,com.baoyz.swipemenulistview.SwipeMenuItem,getId/0,false,28,0,0,0,0,1,0,3,1,0,0,0,0,0,0,0,0,0,0,0,0,0,0,0,0,0,3,1,0,false
c:\Users\arthur.menezes_evolu\Desktop\Pes\SwipeMenuListView\library\src\main\java\com\baoyz\swipemenulistview\SwipeMenuItem.java,com.baoyz.swipemenulistview.SwipeMenuItem,SwipeMenuItem/1[com.baoyz.swipemenulistview.Context],true,24,1,5,5,0,1,0,3,0,0,1,0,0,0,0,0,0,0,0,0,1,0,0,0,0,0,6,1,0,false
c:\Users\arthur.menezes_evolu\Desktop\Pes\SwipeMenuListView\library\src\main\java\com\baoyz\swipemenulistview\SwipeMenuItem.java,com.baoyz.swipemenulistview.SwipeMenuItem,setId/1[int],false,32,0,0,0,0,1,0,3,0,0,1,0,0,0,0,0,0,0,0,0,1,0,0,0,0,0,3,1,0,false
c:\Users\arthur.menezes_evolu\Desktop\Pes\SwipeMenuListView\demo\src\main\java\com\baoyz\swipemenulistview\demo\SimpleActivity.java,com.baoyz.swipemenulistview.demo.SimpleActivity$Anonymous5,"onItemLongClick/4[com.baoyz.swipemenulistview.demo.AdapterView<?>,com.baoyz.swipemenulistview.demo.View,int,long]",false,169,2,0,0,0,1,3,4,1,0,4,3,0,0,0,0,0,0,1,0,0,1,0,0,0,0,9,1,0,false
c:\Users\arthur.menezes_evolu\Desktop\Pes\SwipeMenuListView\library\src\androidTest\java\com\baoyz\swipemenulistview\ApplicationTest.java,ApplicationTest,ApplicationTest/0,true,10,1,0,0,0,1,0,3,0,0,0,0,0,0,0,0,0,0,0,0,0,0,0,0,0,0,2,1,0,false
c:\Users\arthur.menezes_evolu\Desktop\Pes\SwipeMenuListView\library\src\main\java\com\baoyz\swipemenulistview\SwipeMenuLayout.java,com.baoyz.swipemenulistview.SwipeMenuLayout,SwipeMenuLayout/1[com.baoyz.swipemenulistview.Context],true,75,1,0,0,0,1,0,3,0,0,1,0,0,0,0,0,0,0,0,0,0,0,0,0,0,0,5,2,0,false
c:\Users\arthur.menezes_evolu\Desktop\Pes\SwipeMenuListView\library\src\main\java\com\baoyz\swipemenulistview\SwipeMenuLayout.java,com.baoyz.swipemenulistview.SwipeMenuLayout,smoothOpenMenu/0,false,263,0,2,2,0,3,4,13,1,0,0,4,0,0,0,1,0,0,0,6,1,0,1,0,0,0,19,1,0,false
c:\Users\arthur.menezes_evolu\Desktop\Pes\SwipeMenuListView\library\src\main\java\com\baoyz\swipemenulistview\SwipeMenuLayout.java,com.baoyz.swipemenulistview.SwipeMenuLayout,closeMenu/0,false,276,1,2,1,1,3,3,9,0,0,0,3,1,1,0,1,0,0,0,1,1,0,1,0,0,0,14,1,0,false
c:\Users\arthur.menezes_evolu\Desktop\Pes\SwipeMenuListView\library\src\main\java\com\baoyz\swipemenulistview\SwipeMenuLayout.java,com.baoyz.swipemenulistview.SwipeMenuLayout,smoothCloseMenu/0,false,251,0,5,5,0,2,5,12,0,0,0,5,0,0,0,1,0,0,0,8,3,0,1,0,0,0,19,1,0,false
c:\Users\arthur.menezes_evolu\Desktop\Pes\SwipeMenuListView\library\src\main\java\com\baoyz\swipemenulistview\SwipeMenuLayout.java,com.baoyz.swipemenulistview.SwipeMenuLayout,"onSizeChanged/4[int,int,int,int]",false,169,0,0,0,0,1,1,3,0,0,4,1,0,0,0,0,0,0,0,0,0,0,0,0,0,0,4,4,0,false
c:\Users\arthur.menezes_evolu\Desktop\Pes\SwipeMenuListView\library\src\main\java\com\baoyz\swipemenulistview\SwipeMenuLayout.java,com.baoyz.swipemenulistview.SwipeMenuLayout,dp2px/1[int],false,304,0,0,0,0,1,4,3,1,0,1,4,0,0,0,0,0,0,0,0,0,0,0,0,0,0,2,2,0,false
c:\Users\arthur.menezes_evolu\Desktop\Pes\SwipeMenuListView\library\src\main\java\com\baoyz\swipemenulistview\SwipeMenuLayout.java,com.baoyz.swipemenulistview.SwipeMenuLayout,isOpen/0,false,203,0,5,5,0,2,0,3,1,0,0,0,0,0,0,1,0,0,0,0,0,0,0,0,0,0,11,1,0,false
c:\Users\arthur.menezes_evolu\Desktop\Pes\SwipeMenuListView\library\src\main\java\com\baoyz\swipemenulistview\SwipeMenuLayout.java,com.baoyz.swipemenulistview.SwipeMenuLayout,setMenuHeight/1[int],false,331,1,0,0,0,2,3,8,0,1,1,3,0,0,0,1,0,0,3,0,2,1,1,0,0,0,9,1,0,false
c:\Users\arthur.menezes_evolu\Desktop\Pes\SwipeMenuListView\library\src\main\java\com\baoyz\swipemenulistview\SwipeMenuLayout.java,com.baoyz.swipemenulistview.SwipeMenuLayout,openMenu/0,false,286,1,1,0,1,3,2,9,1,0,0,2,1,1,0,1,0,0,0,0,1,1,1,0,0,0,19,1,0,false
c:\Users\arthur.menezes_evolu\Desktop\Pes\SwipeMenuListView\library\src\main\java\com\baoyz\swipemenulistview\SwipeMenuLayout.java,com.baoyz.swipemenulistview.SwipeMenuLayout,getMenuView/0,false,300,1,1,1,0,1,0,3,1,0,0,0,0,0,0,0,0,0,0,0,0,0,0,0,0,0,5,1,0,false
c:\Users\arthur.menezes_evolu\Desktop\Pes\SwipeMenuListView\library\src\main\java\com\baoyz\swipemenulistview\SwipeMenuLayout.java,com.baoyz.swipemenulistview.SwipeMenuLayout,setSwipeDirection/1[int],false,88,0,3,3,0,1,0,3,0,0,1,0,0,0,0,0,0,0,0,0,1,0,0,0,0,0,5,1,0,false
c:\Users\arthur.menezes_evolu\Desktop\Pes\SwipeMenuListView\library\src\main\java\com\baoyz\swipemenulistview\SwipeMenuLayout.java,com.baoyz.swipemenulistview.SwipeMenuLayout,onSwipe/1[com.baoyz.swipemenulistview.MotionEvent],false,173,2,5,2,3,8,9,27,2,1,1,9,3,1,0,2,0,3,0,1,4,5,2,0,0,0,28,1,0,false
c:\Users\arthur.menezes_evolu\Desktop\Pes\SwipeMenuListView\library\src\main\java\com\baoyz\swipemenulistview\SwipeMenuLayout.java,com.baoyz.swipemenulistview.SwipeMenuLayout,"SwipeMenuLayout/2[com.baoyz.swipemenulistview.View,com.baoyz.swipemenulistview.SwipeMenuView]",true,51,2,0,0,0,1,0,3,0,0,2,0,0,0,0,0,0,0,0,0,0,0,0,0,0,0,5,1,0,false
c:\Users\arthur.menezes_evolu\Desktop\Pes\SwipeMenuListView\library\src\main\java\com\baoyz\swipemenulistview\SwipeMenuLayout.java,com.baoyz.swipemenulistview.SwipeMenuLayout,"SwipeMenuLayout/4[com.baoyz.swipemenulistview.View,com.baoyz.swipemenulistview.SwipeMenuView,com.baoyz.swipemenulistview.Interpolator,com.baoyz.swipemenulistview.Interpolator]",true,56,4,3,1,2,1,3,9,0,0,4,3,1,1,0,0,0,0,0,0,4,0,0,0,0,0,14,1,0,false
c:\Users\arthur.menezes_evolu\Desktop\Pes\SwipeMenuListView\library\src\main\java\com\baoyz\swipemenulistview\SwipeMenuLayout.java,com.baoyz.swipemenulistview.SwipeMenuLayout,swipe/1[int],false,212,0,4,4,0,5,7,18,1,0,1,7,0,0,0,2,0,0,0,1,2,6,1,0,0,0,7,2,0,false
c:\Users\arthur.menezes_evolu\Desktop\Pes\SwipeMenuListView\library\src\main\java\com\baoyz\swipemenulistview\SwipeMenuLayout.java,com.baoyz.swipemenulistview.SwipeMenuLayout,setSwipEnable/1[boolean],false,340,0,1,1,0,1,0,3,0,0,1,0,0,0,0,0,0,0,0,0,1,0,0,0,0,0,5,1,0,false
c:\Users\arthur.menezes_evolu\Desktop\Pes\SwipeMenuListView\library\src\main\java\com\baoyz\swipemenulistview\SwipeMenuLayout.java,com.baoyz.swipemenulistview.SwipeMenuLayout,init/0,false,92,4,1,1,0,4,6,38,0,1,0,6,0,0,0,2,0,0,0,1,7,0,1,1,0,0,51,2,0,false
c:\Users\arthur.menezes_evolu\Desktop\Pes\SwipeMenuListView\library\src\main\java\com\baoyz\swipemenulistview\SwipeMenuLayout.java,com.baoyz.swipemenulistview.SwipeMenuLayout,onAttachedToWindow/0,false,164,0,0,0,0,1,1,3,0,0,0,1,0,0,0,0,0,0,0,0,0,0,0,0,0,0,4,4,0,false
c:\Users\arthur.menezes_evolu\Desktop\Pes\SwipeMenuListView\library\src\main\java\com\baoyz\swipemenulistview\SwipeMenuLayout.java,com.baoyz.swipemenulistview.SwipeMenuLayout,"SwipeMenuLayout/2[com.baoyz.swipemenulistview.Context,com.baoyz.swipemenulistview.AttributeSet]",true,71,2,0,0,0,1,0,3,0,0,2,0,0,0,0,0,0,0,0,0,0,0,0,0,0,0,5,2,0,false
c:\Users\arthur.menezes_evolu\Desktop\Pes\SwipeMenuListView\library\src\main\java\com\baoyz\swipemenulistview\SwipeMenuLayout.java,com.baoyz.swipemenulistview.SwipeMenuLayout,getPosition/0,false,79,0,1,1,0,1,0,3,1,0,0,0,0,0,0,0,0,0,0,0,0,0,0,0,0,0,3,1,0,false
c:\Users\arthur.menezes_evolu\Desktop\Pes\SwipeMenuListView\library\src\main\java\com\baoyz\swipemenulistview\SwipeMenuLayout.java,com.baoyz.swipemenulistview.SwipeMenuLayout,getContentView/0,false,296,1,1,1,0,1,0,3,1,0,0,0,0,0,0,0,0,0,0,0,0,0,0,0,0,0,4,1,0,false
c:\Users\arthur.menezes_evolu\Desktop\Pes\SwipeMenuListView\library\src\main\java\com\baoyz\swipemenulistview\SwipeMenuLayout.java,com.baoyz.swipemenulistview.SwipeMenuLayout,"onMeasure/2[int,int]",false,310,0,0,0,0,1,4,4,0,0,2,4,0,0,0,0,0,0,0,1,0,0,0,0,0,0,7,4,0,false
c:\Users\arthur.menezes_evolu\Desktop\Pes\SwipeMenuListView\library\src\main\java\com\baoyz\swipemenulistview\SwipeMenuLayout.java,com.baoyz.swipemenulistview.SwipeMenuLayout,computeScroll/0,false,237,1,1,0,1,4,4,14,0,0,0,4,1,1,0,1,0,1,0,0,0,3,2,0,0,0,19,1,0,false
c:\Users\arthur.menezes_evolu\Desktop\Pes\SwipeMenuListView\library\src\main\java\com\baoyz\swipemenulistview\SwipeMenuLayout.java,com.baoyz.swipemenulistview.SwipeMenuLayout,setPosition/1[int],false,83,1,2,1,1,1,1,4,0,0,1,1,0,0,0,0,0,0,0,0,1,0,0,0,0,0,3,1,0,false
c:\Users\arthur.menezes_evolu\Desktop\Pes\SwipeMenuListView\library\src\main\java\com\baoyz\swipemenulistview\SwipeMenuLayout.java,com.baoyz.swipemenulistview.SwipeMenuLayout,onTouchEvent/1[com.baoyz.swipemenulistview.MotionEvent],false,208,1,0,0,0,1,1,3,1,0,1,1,0,0,0,0,0,0,0,0,0,0,0,0,0,0,5,1,0,false
c:\Users\arthur.menezes_evolu\Desktop\Pes\SwipeMenuListView\library\src\main\java\com\baoyz\swipemenulistview\SwipeMenuLayout.java,com.baoyz.swipemenulistview.SwipeMenuLayout,getSwipEnable/0,false,344,0,1,1,0,1,0,3,1,0,0,0,0,0,0,0,0,0,0,0,0,0,0,0,0,0,4,1,0,false
c:\Users\arthur.menezes_evolu\Desktop\Pes\SwipeMenuListView\library\src\main\java\com\baoyz\swipemenulistview\SwipeMenuLayout.java,com.baoyz.swipemenulistview.SwipeMenuLayout,"onLayout/5[boolean,int,int,int,int]",false,318,0,0,0,0,2,3,9,0,0,5,3,0,0,0,1,0,0,0,5,0,1,1,0,0,0,9,4,0,false
c:\Users\arthur.menezes_evolu\Desktop\Pes\SwipeMenuListView\library\src\main\java\com\baoyz\swipemenulistview\SwipeMenuListView.java,com.baoyz.swipemenulistview.SwipeMenuListView$Anonymous1,"onItemClick/3[com.baoyz.swipemenulistview.SwipeMenuView,com.baoyz.swipemenulistview.SwipeMenu,int]",false,75,4,3,0,3,4,3,9,0,1,3,3,0,0,0,2,0,0,0,0,2,0,1,0,0,0,14,1,0,false
c:\Users\arthur.menezes_evolu\Desktop\Pes\SwipeMenuListView\library\src\main\java\com\baoyz\swipemenulistview\SwipeMenuListView.java,com.baoyz.swipemenulistview.SwipeMenuListView$Anonymous1,createMenu/1[com.baoyz.swipemenulistview.SwipeMenu],false,67,2,1,0,1,2,1,5,0,0,1,1,0,0,0,1,0,0,0,0,0,0,1,0,0,0,7,1,0,false
c:\Users\arthur.menezes_evolu\Desktop\Pes\SwipeMenuListView\demo\src\androidTest\java\com\baoyz\swipemenulistview\demo\ApplicationTest.java,com.baoyz.swipemenulistview.demo.ApplicationTest,ApplicationTest/0,true,10,1,0,0,0,1,0,3,0,0,0,0,0,0,0,0,0,0,0,0,0,0,0,0,0,0,2,1,0,false
c:\Users\arthur.menezes_evolu\Desktop\Pes\SwipeMenuListView\demo\src\main\java\com\baoyz\swipemenulistview\demo\SimpleActivity.java,com.baoyz.swipemenulistview.demo.SimpleActivity$Anonymous1,create/1[com.baoyz.swipemenulistview.SwipeMenu],false,80,4,13,0,13,1,10,14,0,2,1,10,0,0,0,0,0,0,1,9,2,0,0,0,0,0,13,1,0,false
c:\Users\arthur.menezes_evolu\Desktop\Pes\SwipeMenuListView\demo\src\androidTest\java\com\baoyz\swipemenulistview\ApplicationTest.java,com.baoyz.swipemenulistview.ApplicationTest,ApplicationTest/0,true,10,1,0,0,0,1,0,3,0,0,0,0,0,0,0,0,0,0,0,0,0,0,0,0,0,0,2,1,0,false
c:\Users\arthur.menezes_evolu\Desktop\Pes\SwipeMenuListView\demo\src\main\java\com\baoyz\swipemenulistview\demo\SimpleActivity.java,com.baoyz.swipemenulistview.demo.SimpleActivity$Anonymous2,"onMenuItemClick/3[int,com.baoyz.swipemenulistview.SwipeMenu,int]",false,118,3,1,0,1,3,4,13,1,1,3,4,0,0,0,0,0,0,0,2,1,0,1,0,0,0,11,1,0,false
c:\Users\arthur.menezes_evolu\Desktop\Pes\SwipeMenuListView\demo\src\main\java\com\baoyz\swipemenulistview\demo\SimpleActivity.java,com.baoyz.swipemenulistview.demo.SimpleActivity$Anonymous3,onSwipeStart/1[int],false,140,0,0,0,0,1,0,2,0,0,1,0,0,0,0,0,0,0,0,0,0,0,0,0,0,0,4,1,0,false
c:\Users\arthur.menezes_evolu\Desktop\Pes\SwipeMenuListView\demo\src\main\java\com\baoyz\swipemenulistview\demo\SimpleActivity.java,com.baoyz.swipemenulistview.demo.SimpleActivity$Anonymous3,onSwipeEnd/1[int],false,145,0,0,0,0,1,0,2,0,0,1,0,0,0,0,0,0,0,0,0,0,0,0,0,0,0,4,1,0,false
c:\Users\arthur.menezes_evolu\Desktop\Pes\SwipeMenuListView\demo\src\main\java\com\baoyz\swipemenulistview\demo\SimpleActivity.java,com.baoyz.swipemenulistview.demo.SimpleActivity$Anonymous4,onMenuOpen/1[int],false,153,0,0,0,0,1,0,2,0,0,1,0,0,0,0,0,0,0,0,0,0,0,0,0,0,0,4,1,0,false
c:\Users\arthur.menezes_evolu\Desktop\Pes\SwipeMenuListView\demo\src\main\java\com\baoyz\swipemenulistview\demo\SimpleActivity.java,com.baoyz.swipemenulistview.demo.SimpleActivity$Anonymous4,onMenuClose/1[int],false,157,0,0,0,0,1,0,2,0,0,1,0,0,0,0,0,0,0,0,0,0,0,0,0,0,0,4,1,0,false
c:\Users\arthur.menezes_evolu\Desktop\Pes\SwipeMenuListView\library\src\main\java\com\baoyz\swipemenulistview\SwipeMenuListView.java,com.baoyz.swipemenulistview.SwipeMenuListView$OnMenuStateChangeListener,onMenuOpen/1[int],false,314,0,1,1,0,1,0,1,0,0,1,0,0,0,0,0,0,0,0,0,0,0,0,0,0,0,4,0,0,false
c:\Users\arthur.menezes_evolu\Desktop\Pes\SwipeMenuListView\library\src\main\java\com\baoyz\swipemenulistview\SwipeMenuListView.java,com.baoyz.swipemenulistview.SwipeMenuListView$OnMenuStateChangeListener,onMenuClose/1[int],false,316,0,1,1,0,1,0,1,0,0,1,0,0,0,0,0,0,0,0,0,0,0,0,0,0,0,4,0,0,false
c:\Users\arthur.menezes_evolu\Desktop\Pes\SwipeMenuListView\library\src\main\java\com\baoyz\swipemenulistview\BaseSwipListAdapter.java,com.baoyz.swipemenulistview.BaseSwipListAdapter,getSwipEnableByPosition/1[int],false,35,0,1,1,0,1,0,3,1,0,1,0,0,0,0,0,0,0,0,0,0,0,0,0,0,0,7,1,0,false
c:\Users\arthur.menezes_evolu\Desktop\Pes\SwipeMenuListView\library\src\main\java\com\baoyz\swipemenulistview\SwipeMenuListView.java,com.baoyz.swipemenulistview.SwipeMenuListView$OnSwipeListener,onSwipeEnd/1[int],false,310,0,1,1,0,1,0,1,0,0,1,0,0,0,0,0,0,0,0,0,0,0,0,0,0,0,4,0,0,false
c:\Users\arthur.menezes_evolu\Desktop\Pes\SwipeMenuListView\library\src\main\java\com\baoyz\swipemenulistview\SwipeMenuListView.java,com.baoyz.swipemenulistview.SwipeMenuListView$OnSwipeListener,onSwipeStart/1[int],false,308,0,2,2,0,1,0,1,0,0,1,0,0,0,0,0,0,0,0,0,0,0,0,0,0,0,4,0,0,false
c:\Users\arthur.menezes_evolu\Desktop\Pes\SwipeMenuListView\demo\src\main\java\com\baoyz\swipemenulistview\demo\DifferentMenuActivity.java,com.baoyz.swipemenulistview.demo.DifferentMenuActivity$Anonymous1,createMenu3/1[com.baoyz.swipemenulistview.SwipeMenu],false,118,4,7,1,6,1,7,12,0,2,1,7,0,0,0,0,0,0,0,8,2,0,0,0,0,0,14,2,0,false
c:\Users\arthur.menezes_evolu\Desktop\Pes\SwipeMenuListView\demo\src\main\java\com\baoyz\swipemenulistview\demo\DifferentMenuActivity.java,com.baoyz.swipemenulistview.demo.DifferentMenuActivity$Anonymous1,createMenu1/1[com.baoyz.swipemenulistview.SwipeMenu],false,84,4,7,1,6,1,7,12,0,2,1,7,0,0,0,0,0,0,0,8,2,0,0,0,0,0,14,2,0,false
c:\Users\arthur.menezes_evolu\Desktop\Pes\SwipeMenuListView\demo\src\main\java\com\baoyz\swipemenulistview\demo\DifferentMenuActivity.java,com.baoyz.swipemenulistview.demo.DifferentMenuActivity$Anonymous1,create/1[com.baoyz.swipemenulistview.SwipeMenu],false,69,2,13,0,13,4,4,13,0,0,1,4,3,1,0,0,0,0,0,3,0,0,1,0,0,0,7,1,0,false
c:\Users\arthur.menezes_evolu\Desktop\Pes\SwipeMenuListView\demo\src\main\java\com\baoyz\swipemenulistview\demo\DifferentMenuActivity.java,com.baoyz.swipemenulistview.demo.DifferentMenuActivity$Anonymous1,createMenu2/1[com.baoyz.swipemenulistview.SwipeMenu],false,101,4,7,1,6,1,7,12,0,2,1,7,0,0,0,0,0,0,0,8,2,0,0,0,0,0,14,2,0,false
c:\Users\arthur.menezes_evolu\Desktop\Pes\SwipeMenuListView\demo\src\main\java\com\baoyz\swipemenulistview\demo\DifferentMenuActivity.java,com.baoyz.swipemenulistview.demo.DifferentMenuActivity$Anonymous2,"onMenuItemClick/3[int,com.baoyz.swipemenulistview.SwipeMenu,int]",false,141,2,1,0,1,3,3,12,1,1,3,3,0,0,0,0,0,0,0,2,1,0,1,0,0,0,10,1,0,false
c:\Users\arthur.menezes_evolu\Desktop\Pes\SwipeMenuListView\library\src\main\java\com\baoyz\swipemenulistview\SwipeMenuView.java,com.baoyz.swipemenulistview.SwipeMenuView,onClick/1[com.baoyz.swipemenulistview.View],false,83,3,2,0,2,3,3,5,0,0,1,3,0,0,0,1,0,0,0,0,0,0,1,0,0,0,7,1,0,false
c:\Users\arthur.menezes_evolu\Desktop\Pes\SwipeMenuListView\library\src\main\java\com\baoyz\swipemenulistview\SwipeMenuView.java,com.baoyz.swipemenulistview.SwipeMenuView,createIcon/1[com.baoyz.swipemenulistview.SwipeMenuItem],false,67,2,2,1,1,1,3,5,1,1,1,3,0,0,0,0,0,0,0,0,1,0,0,0,0,0,11,2,0,false
c:\Users\arthur.menezes_evolu\Desktop\Pes\SwipeMenuListView\library\src\main\java\com\baoyz\swipemenulistview\SwipeMenuView.java,com.baoyz.swipemenulistview.SwipeMenuView,createTitle/1[com.baoyz.swipemenulistview.SwipeMenuItem],false,73,2,4,1,3,1,8,8,1,1,1,8,0,0,0,0,0,0,0,0,1,0,0,0,0,0,11,2,0,false
c:\Users\arthur.menezes_evolu\Desktop\Pes\SwipeMenuListView\library\src\main\java\com\baoyz\swipemenulistview\SwipeMenuView.java,com.baoyz.swipemenulistview.SwipeMenuView,getOnSwipeItemClickListener/0,false,89,1,0,0,0,1,0,3,1,0,0,0,0,0,0,0,0,0,0,0,0,0,0,0,0,0,7,1,0,false
c:\Users\arthur.menezes_evolu\Desktop\Pes\SwipeMenuListView\library\src\main\java\com\baoyz\swipemenulistview\SwipeMenuView.java,com.baoyz.swipemenulistview.SwipeMenuView,setPosition/1[int],false,31,0,1,1,0,1,0,3,0,0,1,0,0,0,0,0,0,0,0,0,1,0,0,0,0,0,3,1,0,false
c:\Users\arthur.menezes_evolu\Desktop\Pes\SwipeMenuListView\library\src\main\java\com\baoyz\swipemenulistview\SwipeMenuView.java,com.baoyz.swipemenulistview.SwipeMenuView,"SwipeMenuView/2[com.baoyz.swipemenulistview.SwipeMenu,com.baoyz.swipemenulistview.SwipeMenuListView]",true,35,4,4,1,3,2,3,10,0,2,2,3,1,2,1,0,0,0,0,1,4,0,1,0,0,0,12,1,0,false
c:\Users\arthur.menezes_evolu\Desktop\Pes\SwipeMenuListView\library\src\main\java\com\baoyz\swipemenulistview\SwipeMenuView.java,com.baoyz.swipemenulistview.SwipeMenuView,setLayout/1[com.baoyz.swipemenulistview.SwipeMenuLayout],false,97,1,1,1,0,1,0,3,0,0,1,0,0,0,0,0,0,0,0,0,1,0,0,0,0,0,5,1,0,false
c:\Users\arthur.menezes_evolu\Desktop\Pes\SwipeMenuListView\library\src\main\java\com\baoyz\swipemenulistview\SwipeMenuView.java,com.baoyz.swipemenulistview.SwipeMenuView,"addItem/2[com.baoyz.swipemenulistview.SwipeMenuItem,int]",false,46,4,7,1,6,3,15,17,0,2,2,15,2,1,0,1,0,0,0,0,2,0,1,0,0,0,18,2,0,false
c:\Users\arthur.menezes_evolu\Desktop\Pes\SwipeMenuListView\library\src\main\java\com\baoyz\swipemenulistview\SwipeMenuView.java,com.baoyz.swipemenulistview.SwipeMenuView,getPosition/0,false,27,0,2,2,0,1,0,3,1,0,0,0,0,0,0,0,0,0,0,0,0,0,0,0,0,0,3,1,0,false
c:\Users\arthur.menezes_evolu\Desktop\Pes\SwipeMenuListView\library\src\main\java\com\baoyz\swipemenulistview\SwipeMenuView.java,com.baoyz.swipemenulistview.SwipeMenuView,setOnSwipeItemClickListener/1[com.baoyz.swipemenulistview.SwipeMenuView.OnSwipeItemClickListener],false,93,1,1,1,0,1,0,3,0,0,1,0,0,0,0,0,0,0,0,0,1,0,0,0,0,0,7,1,0,false
c:\Users\arthur.menezes_evolu\Desktop\Pes\SwipeMenuListView\demo\src\main\java\com\baoyz\swipemenulistview\demo\SimpleActivity.java,com.baoyz.swipemenulistview.demo.SimpleActivity$AppAdapter$ViewHolder,ViewHolder/1[com.baoyz.swipemenulistview.demo.View],true,256,3,1,1,0,1,2,5,0,0,1,2,0,0,0,0,0,0,0,0,2,0,0,0,0,0,9,1,0,false
c:\Users\arthur.menezes_evolu\Desktop\Pes\SwipeMenuListView\demo\src\main\java\com\baoyz\swipemenulistview\demo\SimpleActivity.java,com.baoyz.swipemenulistview.demo.SimpleActivity,delete/1[com.baoyz.swipemenulistview.demo.ApplicationInfo],false,177,2,0,0,0,2,3,9,0,1,1,3,0,0,0,0,1,0,1,0,1,0,1,0,0,0,10,2,0,false
c:\Users\arthur.menezes_evolu\Desktop\Pes\SwipeMenuListView\demo\src\main\java\com\baoyz\swipemenulistview\demo\SimpleActivity.java,com.baoyz.swipemenulistview.demo.SimpleActivity,open/1[com.baoyz.swipemenulistview.demo.ApplicationInfo],false,187,4,1,1,0,3,8,16,0,7,1,8,0,0,0,1,0,0,0,3,7,0,1,0,0,0,20,2,0,false
c:\Users\arthur.menezes_evolu\Desktop\Pes\SwipeMenuListView\demo\src\main\java\com\baoyz\swipemenulistview\demo\SimpleActivity.java,com.baoyz.swipemenulistview.demo.SimpleActivity,onCreateOptionsMenu/1[com.baoyz.swipemenulistview.demo.Menu],false,278,1,0,0,0,1,2,4,1,0,1,2,0,0,0,0,0,0,0,0,0,0,0,0,0,0,8,1,0,false
c:\Users\arthur.menezes_evolu\Desktop\Pes\SwipeMenuListView\demo\src\main\java\com\baoyz\swipemenulistview\demo\SimpleActivity.java,com.baoyz.swipemenulistview.demo.SimpleActivity,onCreate/1[com.baoyz.swipemenulistview.demo.Bundle],false,65,8,7,0,7,1,11,63,0,1,1,11,0,0,0,0,0,0,0,1,4,0,0,5,0,0,45,4,0,false
c:\Users\arthur.menezes_evolu\Desktop\Pes\SwipeMenuListView\demo\src\main\java\com\baoyz\swipemenulistview\demo\SimpleActivity.java,com.baoyz.swipemenulistview.demo.SimpleActivity,dp2px/1[int],false,272,0,1,1,0,1,3,3,1,0,1,3,0,0,0,0,0,0,0,0,0,0,0,0,0,0,2,2,0,false
c:\Users\arthur.menezes_evolu\Desktop\Pes\SwipeMenuListView\demo\src\main\java\com\baoyz\swipemenulistview\demo\SimpleActivity.java,com.baoyz.swipemenulistview.demo.SimpleActivity,onOptionsItemSelected/1[com.baoyz.swipemenulistview.demo.MenuItem],false,284,2,1,0,1,3,3,12,3,1,1,3,0,0,0,2,0,0,0,0,1,0,1,0,0,0,8,1,0,false
c:\Users\arthur.menezes_evolu\Desktop\Pes\SwipeMenuListView\library\src\main\java\com\baoyz\swipemenulistview\SwipeMenuView.java,com.baoyz.swipemenulistview.SwipeMenuView$OnSwipeItemClickListener,"onItemClick/3[com.baoyz.swipemenulistview.SwipeMenuView,com.baoyz.swipemenulistview.SwipeMenu,int]",false,102,2,1,1,0,1,0,1,0,0,3,0,0,0,0,0,0,0,0,0,0,0,0,0,0,0,7,0,0,false
c:\Users\arthur.menezes_evolu\Desktop\Pes\SwipeMenuListView\demo\src\main\java\com\baoyz\swipemenulistview\demo\MainActivity.java,com.baoyz.swipemenulistview.demo.MainActivity,onClick/1[com.baoyz.swipemenulistview.demo.View],false,44,4,0,0,0,3,2,10,0,0,1,2,0,0,0,0,0,0,0,0,0,0,1,0,0,0,7,1,0,false
c:\Users\arthur.menezes_evolu\Desktop\Pes\SwipeMenuListView\demo\src\main\java\com\baoyz\swipemenulistview\demo\MainActivity.java,com.baoyz.swipemenulistview.demo.MainActivity,onCreate/1[com.baoyz.swipemenulistview.demo.Bundle],false,38,1,0,0,0,1,2,4,0,0,1,2,0,0,0,0,0,0,0,0,0,0,0,0,0,0,9,4,0,false
c:\Users\arthur.menezes_evolu\Desktop\Pes\SwipeMenuListView\demo\src\main\java\com\baoyz\swipemenulistview\demo\DifferentMenuActivity.java,com.baoyz.swipemenulistview.demo.DifferentMenuActivity$AppAdapter,getItem/1[int],false,168,1,1,1,0,1,1,3,1,0,1,1,0,0,0,0,0,0,0,0,0,0,0,0,0,0,5,1,0,false
c:\Users\arthur.menezes_evolu\Desktop\Pes\SwipeMenuListView\demo\src\main\java\com\baoyz\swipemenulistview\demo\DifferentMenuActivity.java,com.baoyz.swipemenulistview.demo.DifferentMenuActivity$AppAdapter,getItemViewType/1[int],false,184,0,0,0,0,1,0,3,1,0,1,0,0,0,0,0,0,0,0,1,0,1,0,0,0,0,5,1,0,false
c:\Users\arthur.menezes_evolu\Desktop\Pes\SwipeMenuListView\demo\src\main\java\com\baoyz\swipemenulistview\demo\DifferentMenuActivity.java,com.baoyz.swipemenulistview.demo.DifferentMenuActivity$AppAdapter,getViewTypeCount/0,false,178,0,0,0,0,1,0,3,1,0,0,0,0,0,0,0,0,0,0,1,0,0,0,0,0,0,4,1,0,false
c:\Users\arthur.menezes_evolu\Desktop\Pes\SwipeMenuListView\demo\src\main\java\com\baoyz\swipemenulistview\demo\DifferentMenuActivity.java,com.baoyz.swipemenulistview.demo.DifferentMenuActivity$AppAdapter,getItemId/1[int],false,173,0,0,0,0,1,0,3,1,0,1,0,0,0,0,0,0,0,0,0,0,0,0,0,0,0,4,1,0,false
c:\Users\arthur.menezes_evolu\Desktop\Pes\SwipeMenuListView\demo\src\main\java\com\baoyz\swipemenulistview\demo\DifferentMenuActivity.java,com.baoyz.swipemenulistview.demo.DifferentMenuActivity$AppAdapter,getCount/0,false,163,0,0,0,0,1,1,3,1,0,0,1,0,0,0,0,0,0,0,0,0,0,0,0,0,0,2,1,0,false
c:\Users\arthur.menezes_evolu\Desktop\Pes\SwipeMenuListView\demo\src\main\java\com\baoyz\swipemenulistview\demo\DifferentMenuActivity.java,com.baoyz.swipemenulistview.demo.DifferentMenuActivity$AppAdapter,"getView/3[int,com.baoyz.swipemenulistview.demo.View,com.baoyz.swipemenulistview.demo.ViewGroup]",false,190,5,2,0,2,2,9,11,1,2,3,9,1,1,0,1,0,0,0,0,3,0,1,0,0,0,15,1,0,false
c:\Users\arthur.menezes_evolu\Desktop\Pes\SwipeMenuListView\demo\src\main\java\com\baoyz\swipemenulistview\demo\DifferentMenuActivity.java,com.baoyz.swipemenulistview.demo.DifferentMenuActivity$AppAdapter$ViewHolder,ViewHolder/1[com.baoyz.swipemenulistview.demo.View],true,207,3,1,1,0,1,2,5,0,0,1,2,0,0,0,0,0,0,0,0,2,0,0,0,0,0,9,1,0,false
c:\Users\arthur.menezes_evolu\Desktop\Pes\SwipeMenuListView\demo\src\main\java\com\baoyz\swipemenulistview\demo\DifferentMenuActivity.java,com.baoyz.swipemenulistview.demo.DifferentMenuActivity,dp2px/1[int],false,215,0,3,3,0,1,3,3,1,0,1,3,0,0,0,0,0,0,0,0,0,0,0,0,0,0,2,2,0,false
c:\Users\arthur.menezes_evolu\Desktop\Pes\SwipeMenuListView\demo\src\main\java\com\baoyz\swipemenulistview\demo\DifferentMenuActivity.java,com.baoyz.swipemenulistview.demo.DifferentMenuActivity,onCreate/1[com.baoyz.swipemenulistview.demo.Bundle],false,55,5,5,0,5,1,8,76,0,2,1,8,0,0,0,0,0,0,0,1,4,0,0,2,0,0,43,4,0,false
c:\Users\arthur.menezes_evolu\Desktop\Pes\SwipeMenuListView\library\src\main\java\com\baoyz\swipemenulistview\SwipeMenu.java,com.baoyz.swipemenulistview.SwipeMenu,removeMenuItem/1[com.baoyz.swipemenulistview.SwipeMenuItem],false,33,1,0,0,0,1,1,3,0,0,1,1,0,0,0,0,0,0,0,0,0,0,0,0,0,0,5,1,0,false
c:\Users\arthur.menezes_evolu\Desktop\Pes\SwipeMenuListView\library\src\main\java\com\baoyz\swipemenulistview\SwipeMenu.java,com.baoyz.swipemenulistview.SwipeMenu,getContext/0,false,25,1,1,1,0,1,0,3,1,0,0,0,0,0,0,0,0,0,0,0,0,0,0,0,0,0,3,1,0,false
c:\Users\arthur.menezes_evolu\Desktop\Pes\SwipeMenuListView\library\src\main\java\com\baoyz\swipemenulistview\SwipeMenu.java,com.baoyz.swipemenulistview.SwipeMenu,getViewType/0,false,45,0,1,1,0,1,0,3,1,0,0,0,0,0,0,0,0,0,0,0,0,0,0,0,0,0,4,1,0,false
c:\Users\arthur.menezes_evolu\Desktop\Pes\SwipeMenuListView\library\src\main\java\com\baoyz\swipemenulistview\SwipeMenu.java,com.baoyz.swipemenulistview.SwipeMenu,setViewType/1[int],false,49,0,1,1,0,1,0,3,0,0,1,0,0,0,0,0,0,0,0,0,1,0,0,0,0,0,4,1,0,false
c:\Users\arthur.menezes_evolu\Desktop\Pes\SwipeMenuListView\library\src\main\java\com\baoyz\swipemenulistview\SwipeMenu.java,com.baoyz.swipemenulistview.SwipeMenu,getMenuItems/0,false,37,1,1,1,0,1,0,3,1,0,0,0,0,0,0,0,0,0,0,0,0,0,0,0,0,0,4,1,0,false
c:\Users\arthur.menezes_evolu\Desktop\Pes\SwipeMenuListView\library\src\main\java\com\baoyz\swipemenulistview\SwipeMenu.java,com.baoyz.swipemenulistview.SwipeMenu,SwipeMenu/1[com.baoyz.swipemenulistview.Context],true,20,2,1,1,0,1,0,4,0,0,1,0,0,0,0,0,0,0,0,0,2,0,0,0,0,0,6,1,0,false
c:\Users\arthur.menezes_evolu\Desktop\Pes\SwipeMenuListView\library\src\main\java\com\baoyz\swipemenulistview\SwipeMenu.java,com.baoyz.swipemenulistview.SwipeMenu,addMenuItem/1[com.baoyz.swipemenulistview.SwipeMenuItem],false,29,1,5,5,0,1,1,3,0,0,1,1,0,0,0,0,0,0,0,0,0,0,0,0,0,0,5,1,0,false
c:\Users\arthur.menezes_evolu\Desktop\Pes\SwipeMenuListView\library\src\main\java\com\baoyz\swipemenulistview\SwipeMenu.java,com.baoyz.swipemenulistview.SwipeMenu,getMenuItem/1[int],false,41,1,0,0,0,1,1,3,1,0,1,1,0,0,0,0,0,0,0,0,0,0,0,0,0,0,5,1,0,false
