file,class,method,constructor,line,cbo,cboModified,fanin,fanout,wmc,rfc,loc,returnsQty,variablesQty,parametersQty,methodsInvokedQty,methodsInvokedLocalQty,methodsInvokedIndirectLocalQty,loopQty,comparisonsQty,tryCatchQty,parenthesizedExpsQty,stringLiteralsQty,numbersQty,assignmentsQty,mathOperationsQty,maxNestedBlocksQty,anonymousClassesQty,innerClassesQty,lambdasQty,uniqueWordsQty,modifiers,logStatementsQty,hasJavaDoc
c:\Users\arthur.menezes_evolu\Desktop\Pes\barcodescanner\zxing-sample\src\main\java\me\dm7\barcodescanner\zxing\sample\CustomViewFinderScannerActivity.java,me.dm7.barcodescanner.zxing.sample.CustomViewFinderScannerActivity$Anonymous1,createViewFinderView/1[me.dm7.barcodescanner.zxing.sample.Context],false,33,3,1,0,1,1,0,3,1,0,1,0,0,0,0,0,0,0,0,0,0,0,0,0,0,0,7,4,0,false
c:\Users\arthur.menezes_evolu\Desktop\Pes\barcodescanner\zxing-sample\src\main\java\me\dm7\barcodescanner\zxing\sample\SimpleScannerFragment.java,me.dm7.barcodescanner.zxing.sample.SimpleScannerFragment$Anonymous1,run/0,false,42,1,10,0,10,1,1,3,0,0,0,1,0,0,0,0,0,0,0,0,0,0,0,0,0,0,1,1,0,false
c:\Users\arthur.menezes_evolu\Desktop\Pes\barcodescanner\core\src\main\java\me\dm7\barcodescanner\core\CameraPreview.java,me.dm7.barcodescanner.core.CameraPreview$Anonymous1,run/0,false,295,1,10,0,10,5,1,5,0,0,0,1,0,0,0,1,0,0,0,0,0,0,1,0,0,0,11,1,0,false
c:\Users\arthur.menezes_evolu\Desktop\Pes\barcodescanner\zxing\src\main\java\me\dm7\barcodescanner\zxing\ZXingScannerView.java,me.dm7.barcodescanner.zxing.ZXingScannerView$Anonymous1,run/0,false,155,2,10,0,10,2,2,8,0,1,0,2,0,0,0,1,0,0,0,0,2,0,1,0,0,0,11,1,0,false
c:\Users\arthur.menezes_evolu\Desktop\Pes\barcodescanner\zxing-sample\src\main\java\me\dm7\barcodescanner\zxing\sample\FullScreenScannerFragmentActivity.java,me.dm7.barcodescanner.zxing.sample.FullScreenScannerFragmentActivity,onCreate/1[me.dm7.barcodescanner.zxing.sample.Bundle],false,9,1,0,0,0,1,2,4,0,0,1,2,0,0,0,0,0,0,0,0,0,0,0,0,0,0,7,1,0,false
c:\Users\arthur.menezes_evolu\Desktop\Pes\barcodescanner\core\src\main\java\me\dm7\barcodescanner\core\CameraPreview.java,me.dm7.barcodescanner.core.CameraPreview$Anonymous2,"onAutoFocus/2[boolean,me.dm7.barcodescanner.core.Camera]",false,304,2,1,0,1,1,1,3,0,0,2,1,0,0,0,0,0,0,0,0,0,0,0,0,0,0,5,1,0,false
c:\Users\arthur.menezes_evolu\Desktop\Pes\barcodescanner\zbar-sample\src\main\java\me\dm7\barcodescanner\zbar\sample\FullScannerFragment.java,me.dm7.barcodescanner.zbar.sample.FullScannerFragment,onDialogPositiveClick/1[me.dm7.barcodescanner.zbar.sample.DialogFragment],false,175,2,1,0,1,1,1,3,0,0,1,1,0,0,0,0,0,0,0,0,0,0,0,0,0,0,6,1,0,false
c:\Users\arthur.menezes_evolu\Desktop\Pes\barcodescanner\zbar-sample\src\main\java\me\dm7\barcodescanner\zbar\sample\FullScannerFragment.java,me.dm7.barcodescanner.zbar.sample.FullScannerFragment,"onCreateView/3[me.dm7.barcodescanner.zbar.sample.LayoutInflater,me.dm7.barcodescanner.zbar.sample.ViewGroup,me.dm7.barcodescanner.zbar.sample.Bundle]",false,39,6,2,0,2,2,5,17,1,0,3,5,1,1,0,1,0,0,0,2,9,0,1,0,0,0,36,1,0,false
c:\Users\arthur.menezes_evolu\Desktop\Pes\barcodescanner\zbar-sample\src\main\java\me\dm7\barcodescanner\zbar\sample\FullScannerFragment.java,me.dm7.barcodescanner.zbar.sample.FullScannerFragment,onCreate/1[me.dm7.barcodescanner.zbar.sample.Bundle],false,57,1,0,0,0,1,2,4,0,0,1,2,0,0,0,0,0,0,0,0,0,0,0,0,0,0,9,1,0,false
c:\Users\arthur.menezes_evolu\Desktop\Pes\barcodescanner\zbar-sample\src\main\java\me\dm7\barcodescanner\zbar\sample\FullScannerFragment.java,me.dm7.barcodescanner.zbar.sample.FullScannerFragment,onOptionsItemSelected/1[me.dm7.barcodescanner.zbar.sample.MenuItem],false,90,5,5,0,5,7,11,35,5,2,1,11,0,0,0,0,0,0,2,0,4,0,2,0,0,0,17,1,0,false
c:\Users\arthur.menezes_evolu\Desktop\Pes\barcodescanner\zbar-sample\src\main\java\me\dm7\barcodescanner\zbar\sample\FullScannerFragment.java,me.dm7.barcodescanner.zbar.sample.FullScannerFragment,showMessageDialog/1[java.lang.String],false,153,2,2,1,1,1,4,4,0,1,1,4,0,0,0,0,0,0,2,0,1,0,0,0,0,0,8,1,0,false
c:\Users\arthur.menezes_evolu\Desktop\Pes\barcodescanner\zbar-sample\src\main\java\me\dm7\barcodescanner\zbar\sample\FullScannerFragment.java,me.dm7.barcodescanner.zbar.sample.FullScannerFragment,handleResult/1[me.dm7.barcodescanner.zbar.Result],false,144,5,4,0,4,2,9,10,0,2,1,9,1,1,0,0,1,0,2,0,2,1,1,0,0,0,15,1,0,false
c:\Users\arthur.menezes_evolu\Desktop\Pes\barcodescanner\zbar-sample\src\main\java\me\dm7\barcodescanner\zbar\sample\FullScannerFragment.java,me.dm7.barcodescanner.zbar.sample.FullScannerFragment,onResume/0,false,126,2,4,0,4,1,5,7,0,0,0,5,0,0,0,0,0,0,0,0,0,0,0,0,0,0,8,1,0,false
c:\Users\arthur.menezes_evolu\Desktop\Pes\barcodescanner\zbar-sample\src\main\java\me\dm7\barcodescanner\zbar\sample\FullScannerFragment.java,me.dm7.barcodescanner.zbar.sample.FullScannerFragment,onCameraSelected/1[int],false,187,1,3,0,3,1,3,6,0,0,1,3,0,0,0,0,0,0,0,0,1,0,0,0,0,0,9,1,0,false
c:\Users\arthur.menezes_evolu\Desktop\Pes\barcodescanner\zbar-sample\src\main\java\me\dm7\barcodescanner\zbar\sample\FullScannerFragment.java,me.dm7.barcodescanner.zbar.sample.FullScannerFragment,closeFormatsDialog/0,false,162,1,2,1,1,1,1,3,0,0,0,1,1,1,0,0,0,0,1,0,0,0,0,0,0,0,3,1,0,false
c:\Users\arthur.menezes_evolu\Desktop\Pes\barcodescanner\zbar-sample\src\main\java\me\dm7\barcodescanner\zbar\sample\FullScannerFragment.java,me.dm7.barcodescanner.zbar.sample.FullScannerFragment,onSaveInstanceState/1[me.dm7.barcodescanner.zbar.sample.Bundle],false,135,1,0,0,0,1,4,7,0,0,1,4,0,0,0,0,0,0,0,0,0,0,0,0,0,0,6,1,0,false
c:\Users\arthur.menezes_evolu\Desktop\Pes\barcodescanner\zbar-sample\src\main\java\me\dm7\barcodescanner\zbar\sample\FullScannerFragment.java,me.dm7.barcodescanner.zbar.sample.FullScannerFragment,"onCreateOptionsMenu/2[me.dm7.barcodescanner.zbar.sample.Menu,me.dm7.barcodescanner.zbar.sample.MenuInflater]",false,62,3,0,0,0,3,3,22,0,1,2,3,0,0,0,0,0,0,0,6,6,0,1,0,0,0,11,1,0,false
c:\Users\arthur.menezes_evolu\Desktop\Pes\barcodescanner\zbar-sample\src\main\java\me\dm7\barcodescanner\zbar\sample\FullScannerFragment.java,me.dm7.barcodescanner.zbar.sample.FullScannerFragment,closeMessageDialog/0,false,158,1,2,1,1,1,1,3,0,0,0,1,1,1,0,0,0,0,1,0,0,0,0,0,0,0,3,1,0,false
c:\Users\arthur.menezes_evolu\Desktop\Pes\barcodescanner\zbar-sample\src\main\java\me\dm7\barcodescanner\zbar\sample\FullScannerFragment.java,me.dm7.barcodescanner.zbar.sample.FullScannerFragment,setupFormats/0,false,194,2,3,2,1,6,6,15,0,2,0,6,0,0,2,2,0,0,0,1,3,0,2,0,0,0,11,1,0,false
c:\Users\arthur.menezes_evolu\Desktop\Pes\barcodescanner\zbar-sample\src\main\java\me\dm7\barcodescanner\zbar\sample\FullScannerFragment.java,me.dm7.barcodescanner.zbar.sample.FullScannerFragment,closeDialog/1[java.lang.String],false,166,2,2,2,0,2,4,7,0,2,1,4,0,0,0,1,0,0,0,0,2,0,1,0,0,0,10,1,0,false
c:\Users\arthur.menezes_evolu\Desktop\Pes\barcodescanner\zbar-sample\src\main\java\me\dm7\barcodescanner\zbar\sample\FullScannerFragment.java,me.dm7.barcodescanner.zbar.sample.FullScannerFragment,onPause/0,false,212,2,3,0,3,1,4,6,0,0,0,4,2,3,0,0,0,0,0,0,0,0,0,0,0,0,6,1,0,false
c:\Users\arthur.menezes_evolu\Desktop\Pes\barcodescanner\zbar-sample\src\main\java\me\dm7\barcodescanner\zbar\sample\FullScannerFragment.java,me.dm7.barcodescanner.zbar.sample.FullScannerFragment,onFormatsSaved/1[java.util.ArrayList<java.lang.Integer>],false,181,1,1,0,1,1,1,4,0,0,1,1,1,1,0,0,0,0,0,0,1,0,0,0,0,0,8,1,0,false
c:\Users\arthur.menezes_evolu\Desktop\Pes\barcodescanner\zxing-sample\src\main\java\me\dm7\barcodescanner\zxing\sample\CustomViewFinderScannerActivity.java,me.dm7.barcodescanner.zxing.sample.CustomViewFinderScannerActivity$Anonymous2,run/0,false,65,1,10,0,10,1,1,3,0,0,0,1,0,0,0,0,0,0,0,0,0,0,0,0,0,0,1,1,0,false
c:\Users\arthur.menezes_evolu\Desktop\Pes\barcodescanner\core\src\main\java\me\dm7\barcodescanner\core\CameraHandlerThread.java,me.dm7.barcodescanner.core.CameraHandlerThread$Anonymous1$Anonymous2,run/0,false,30,2,10,0,10,1,2,3,0,0,0,2,0,0,0,0,0,0,0,0,0,0,0,0,0,0,1,1,0,false
c:\Users\arthur.menezes_evolu\Desktop\Pes\barcodescanner\zxing-sample\src\main\java\me\dm7\barcodescanner\zxing\sample\MessageDialogFragment.java,me.dm7.barcodescanner.zxing.sample.MessageDialogFragment$MessageDialogListener,onDialogPositiveClick/1[me.dm7.barcodescanner.zxing.sample.DialogFragment],false,11,1,1,1,0,1,0,1,0,0,1,0,0,0,0,0,0,0,0,0,0,0,0,0,0,0,6,1,0,false
c:\Users\arthur.menezes_evolu\Desktop\Pes\barcodescanner\zbar-sample\src\main\java\me\dm7\barcodescanner\zbar\sample\MainActivity.java,me.dm7.barcodescanner.zbar.sample.MainActivity,onCreate/1[me.dm7.barcodescanner.zbar.sample.Bundle],false,19,2,1,0,1,1,3,5,0,0,1,3,1,1,0,0,0,0,0,0,0,0,0,0,0,0,9,1,0,false
c:\Users\arthur.menezes_evolu\Desktop\Pes\barcodescanner\zbar-sample\src\main\java\me\dm7\barcodescanner\zbar\sample\MainActivity.java,me.dm7.barcodescanner.zbar.sample.MainActivity,setupToolbar/0,false,25,1,1,1,0,1,2,4,0,1,0,2,0,0,0,0,0,0,0,0,1,0,0,0,0,0,11,1,0,false
c:\Users\arthur.menezes_evolu\Desktop\Pes\barcodescanner\zbar-sample\src\main\java\me\dm7\barcodescanner\zbar\sample\MainActivity.java,me.dm7.barcodescanner.zbar.sample.MainActivity,launchSimpleActivity/1[me.dm7.barcodescanner.zbar.sample.View],false,30,3,1,0,1,1,1,3,0,0,1,1,1,1,0,0,0,0,0,0,0,0,0,0,0,0,5,1,0,false
c:\Users\arthur.menezes_evolu\Desktop\Pes\barcodescanner\zbar-sample\src\main\java\me\dm7\barcodescanner\zbar\sample\MainActivity.java,me.dm7.barcodescanner.zbar.sample.MainActivity,launchFullActivity/1[me.dm7.barcodescanner.zbar.sample.View],false,38,3,1,0,1,1,1,3,0,0,1,1,1,1,0,0,0,0,0,0,0,0,0,0,0,0,5,1,0,false
c:\Users\arthur.menezes_evolu\Desktop\Pes\barcodescanner\zbar-sample\src\main\java\me\dm7\barcodescanner\zbar\sample\MainActivity.java,me.dm7.barcodescanner.zbar.sample.MainActivity,"onRequestPermissionsResult/3[int,java.lang.String[],int[]]",false,59,2,0,0,0,5,3,15,1,1,3,3,0,0,0,2,0,0,1,2,1,0,3,0,0,0,22,1,0,false
c:\Users\arthur.menezes_evolu\Desktop\Pes\barcodescanner\zbar-sample\src\main\java\me\dm7\barcodescanner\zbar\sample\MainActivity.java,me.dm7.barcodescanner.zbar.sample.MainActivity,launchSimpleFragmentActivity/1[me.dm7.barcodescanner.zbar.sample.View],false,34,3,1,0,1,1,1,3,0,0,1,1,1,1,0,0,0,0,0,0,0,0,0,0,0,0,6,1,0,false
c:\Users\arthur.menezes_evolu\Desktop\Pes\barcodescanner\zbar-sample\src\main\java\me\dm7\barcodescanner\zbar\sample\MainActivity.java,me.dm7.barcodescanner.zbar.sample.MainActivity,launchFullFragmentActivity/1[me.dm7.barcodescanner.zbar.sample.View],false,42,3,1,0,1,1,1,3,0,0,1,1,1,1,0,0,0,0,0,0,0,0,0,0,0,0,6,1,0,false
c:\Users\arthur.menezes_evolu\Desktop\Pes\barcodescanner\zbar-sample\src\main\java\me\dm7\barcodescanner\zbar\sample\MainActivity.java,me.dm7.barcodescanner.zbar.sample.MainActivity,launchActivity/1[java.lang.Class<?>],false,46,1,4,4,0,2,3,10,0,1,1,3,0,0,0,1,0,0,0,0,2,0,1,0,0,0,8,1,0,false
c:\Users\arthur.menezes_evolu\Desktop\Pes\barcodescanner\zbar-sample\src\main\java\me\dm7\barcodescanner\zbar\sample\MessageDialogFragment.java,me.dm7.barcodescanner.zbar.sample.MessageDialogFragment,onCreateDialog/1[me.dm7.barcodescanner.zbar.sample.Bundle],false,32,4,0,0,0,1,5,13,1,1,1,5,0,0,0,0,0,0,1,0,1,0,0,1,0,0,18,1,0,false
c:\Users\arthur.menezes_evolu\Desktop\Pes\barcodescanner\zbar-sample\src\main\java\me\dm7\barcodescanner\zbar\sample\MessageDialogFragment.java,me.dm7.barcodescanner.zbar.sample.MessageDialogFragment,"newInstance/3[java.lang.String,java.lang.String,me.dm7.barcodescanner.zbar.sample.MessageDialogFragment.MessageDialogListener]",false,23,2,3,2,1,1,0,7,1,1,3,0,0,0,0,0,0,0,0,0,4,0,0,0,0,0,9,9,0,false
c:\Users\arthur.menezes_evolu\Desktop\Pes\barcodescanner\zbar-sample\src\main\java\me\dm7\barcodescanner\zbar\sample\MessageDialogFragment.java,me.dm7.barcodescanner.zbar.sample.MessageDialogFragment,onCreate/1[me.dm7.barcodescanner.zbar.sample.Bundle],false,18,1,0,0,0,1,2,4,0,0,1,2,0,0,0,0,0,0,0,0,0,0,0,0,0,0,8,1,0,false
c:\Users\arthur.menezes_evolu\Desktop\Pes\barcodescanner\zxing-sample\src\main\java\me\dm7\barcodescanner\zxing\sample\CustomViewFinderScannerActivity.java,me.dm7.barcodescanner.zxing.sample.CustomViewFinderScannerActivity,onCreate/1[me.dm7.barcodescanner.zxing.sample.Bundle],false,25,4,1,0,1,1,5,13,0,1,1,5,0,0,0,0,0,0,0,0,2,0,0,1,0,0,25,1,0,false
c:\Users\arthur.menezes_evolu\Desktop\Pes\barcodescanner\zxing-sample\src\main\java\me\dm7\barcodescanner\zxing\sample\CustomViewFinderScannerActivity.java,me.dm7.barcodescanner.zxing.sample.CustomViewFinderScannerActivity,onResume/0,false,41,2,2,0,2,1,3,5,0,0,0,3,0,0,0,0,0,0,0,0,0,0,0,0,0,0,2,1,0,false
c:\Users\arthur.menezes_evolu\Desktop\Pes\barcodescanner\zxing-sample\src\main\java\me\dm7\barcodescanner\zxing\sample\CustomViewFinderScannerActivity.java,me.dm7.barcodescanner.zxing.sample.CustomViewFinderScannerActivity,handleResult/1[me.dm7.barcodescanner.zxing.sample.Result],false,54,2,1,0,1,1,6,10,0,1,1,6,0,0,0,0,0,0,2,1,1,1,0,1,0,0,8,1,0,false
c:\Users\arthur.menezes_evolu\Desktop\Pes\barcodescanner\zxing-sample\src\main\java\me\dm7\barcodescanner\zxing\sample\CustomViewFinderScannerActivity.java,me.dm7.barcodescanner.zxing.sample.CustomViewFinderScannerActivity,onPause/0,false,48,1,1,0,1,1,2,4,0,0,0,2,0,0,0,0,0,0,0,0,0,0,0,0,0,0,2,1,0,false
c:\Users\arthur.menezes_evolu\Desktop\Pes\barcodescanner\core\src\main\java\me\dm7\barcodescanner\core\CameraUtils.java,me.dm7.barcodescanner.core.CameraUtils,getCameraInstance/1[int],false,29,1,2,2,0,3,1,14,1,1,1,1,0,0,0,1,1,0,0,1,3,0,2,0,0,0,17,9,0,true
c:\Users\arthur.menezes_evolu\Desktop\Pes\barcodescanner\core\src\main\java\me\dm7\barcodescanner\core\CameraUtils.java,me.dm7.barcodescanner.core.CameraUtils,getCameraInstance/0,false,9,2,2,0,2,1,2,3,1,0,0,2,2,1,0,0,0,0,0,0,0,0,0,0,0,0,13,9,0,true
c:\Users\arthur.menezes_evolu\Desktop\Pes\barcodescanner\core\src\main\java\me\dm7\barcodescanner\core\CameraUtils.java,me.dm7.barcodescanner.core.CameraUtils,getDefaultCameraId/0,false,14,1,2,2,0,3,2,13,2,4,0,2,0,0,1,1,0,0,0,2,5,0,2,0,0,0,22,9,0,true
c:\Users\arthur.menezes_evolu\Desktop\Pes\barcodescanner\core\src\main\java\me\dm7\barcodescanner\core\CameraUtils.java,me.dm7.barcodescanner.core.CameraUtils,isFlashSupported/1[me.dm7.barcodescanner.core.Camera],false,44,1,3,3,0,7,7,16,4,2,1,7,0,0,0,4,0,0,0,2,2,0,2,0,0,0,11,9,0,false
c:\Users\arthur.menezes_evolu\Desktop\Pes\barcodescanner\zbar-sample\src\main\java\me\dm7\barcodescanner\zbar\sample\SimpleScannerActivity.java,me.dm7.barcodescanner.zbar.sample.SimpleScannerActivity$Anonymous1,run/0,false,48,1,10,0,10,1,1,3,0,0,0,1,0,0,0,0,0,0,0,0,0,0,0,0,0,0,1,1,0,false
c:\Users\arthur.menezes_evolu\Desktop\Pes\barcodescanner\zbar-sample\src\main\java\me\dm7\barcodescanner\zbar\sample\SimpleScannerFragment.java,me.dm7.barcodescanner.zbar.sample.SimpleScannerFragment,onResume/0,false,24,2,2,0,2,1,3,5,0,0,0,3,0,0,0,0,0,0,0,0,0,0,0,0,0,0,2,1,0,false
c:\Users\arthur.menezes_evolu\Desktop\Pes\barcodescanner\zbar-sample\src\main\java\me\dm7\barcodescanner\zbar\sample\SimpleScannerFragment.java,me.dm7.barcodescanner.zbar.sample.SimpleScannerFragment,handleResult/1[me.dm7.barcodescanner.zbar.Result],false,31,3,4,0,4,1,7,10,0,1,1,7,0,0,0,0,0,0,2,1,1,1,0,1,0,0,10,1,0,false
c:\Users\arthur.menezes_evolu\Desktop\Pes\barcodescanner\zbar-sample\src\main\java\me\dm7\barcodescanner\zbar\sample\SimpleScannerFragment.java,me.dm7.barcodescanner.zbar.sample.SimpleScannerFragment,"onCreateView/3[me.dm7.barcodescanner.zbar.sample.LayoutInflater,me.dm7.barcodescanner.zbar.sample.ViewGroup,me.dm7.barcodescanner.zbar.sample.Bundle]",false,18,5,1,0,1,1,1,4,1,0,3,1,0,0,0,0,0,0,0,0,1,0,0,0,0,0,14,1,0,false
c:\Users\arthur.menezes_evolu\Desktop\Pes\barcodescanner\zbar-sample\src\main\java\me\dm7\barcodescanner\zbar\sample\SimpleScannerFragment.java,me.dm7.barcodescanner.zbar.sample.SimpleScannerFragment,onPause/0,false,48,1,1,0,1,1,2,4,0,0,0,2,0,0,0,0,0,0,0,0,0,0,0,0,0,0,2,1,0,false
c:\Users\arthur.menezes_evolu\Desktop\Pes\barcodescanner\core\src\main\java\me\dm7\barcodescanner\core\ViewFinderView.java,me.dm7.barcodescanner.core.ViewFinderView,setBorderAlpha/1[float],false,116,0,0,0,0,1,1,5,0,1,1,1,0,0,0,0,0,1,0,1,2,1,0,0,0,0,7,1,0,false
c:\Users\arthur.menezes_evolu\Desktop\Pes\barcodescanner\core\src\main\java\me\dm7\barcodescanner\core\ViewFinderView.java,me.dm7.barcodescanner.core.ViewFinderView,setBorderColor/1[int],false,89,0,1,1,0,1,1,3,0,0,1,1,0,0,0,0,0,0,0,0,0,0,0,0,0,0,4,1,0,false
c:\Users\arthur.menezes_evolu\Desktop\Pes\barcodescanner\core\src\main\java\me\dm7\barcodescanner\core\ViewFinderView.java,me.dm7.barcodescanner.core.ViewFinderView,ViewFinderView/1[me.dm7.barcodescanner.core.Context],true,48,2,2,1,1,1,1,4,0,0,1,1,1,1,0,0,0,0,0,0,0,0,0,0,0,0,5,1,0,false
c:\Users\arthur.menezes_evolu\Desktop\Pes\barcodescanner\core\src\main\java\me\dm7\barcodescanner\core\ViewFinderView.java,me.dm7.barcodescanner.core.ViewFinderView,getFramingRect/0,false,143,1,5,5,0,1,0,3,1,0,0,0,0,0,0,0,0,0,0,0,0,0,0,0,0,0,4,1,0,false
c:\Users\arthur.menezes_evolu\Desktop\Pes\barcodescanner\core\src\main\java\me\dm7\barcodescanner\core\ViewFinderView.java,me.dm7.barcodescanner.core.ViewFinderView,init/0,false,58,1,2,2,0,1,4,13,0,0,0,4,0,0,0,0,0,0,0,0,4,0,0,0,0,0,14,2,0,false
c:\Users\arthur.menezes_evolu\Desktop\Pes\barcodescanner\core\src\main\java\me\dm7\barcodescanner\core\ViewFinderView.java,me.dm7.barcodescanner.core.ViewFinderView,drawViewFinderBorder/1[me.dm7.barcodescanner.core.Canvas],false,172,4,2,1,1,1,4,20,0,2,1,4,1,1,0,0,0,0,0,0,2,8,0,0,0,0,15,1,0,false
c:\Users\arthur.menezes_evolu\Desktop\Pes\barcodescanner\core\src\main\java\me\dm7\barcodescanner\core\ViewFinderView.java,me.dm7.barcodescanner.core.ViewFinderView,updateFramingRect/0,false,222,4,5,2,3,6,4,35,0,6,0,4,0,0,0,2,0,8,0,2,15,18,2,0,0,0,40,33,0,false
c:\Users\arthur.menezes_evolu\Desktop\Pes\barcodescanner\core\src\main\java\me\dm7\barcodescanner\core\ViewFinderView.java,me.dm7.barcodescanner.core.ViewFinderView,setSquareViewFinder/1[boolean],false,134,0,2,2,0,1,0,3,0,0,1,0,0,0,0,0,0,0,0,0,1,0,0,0,0,0,5,1,0,false
c:\Users\arthur.menezes_evolu\Desktop\Pes\barcodescanner\core\src\main\java\me\dm7\barcodescanner\core\ViewFinderView.java,me.dm7.barcodescanner.core.ViewFinderView,onDraw/1[me.dm7.barcodescanner.core.Canvas],false,148,2,4,0,4,3,4,10,1,0,1,4,4,4,0,1,0,0,0,0,0,0,1,0,0,0,17,1,0,false
c:\Users\arthur.menezes_evolu\Desktop\Pes\barcodescanner\core\src\main\java\me\dm7\barcodescanner\core\ViewFinderView.java,me.dm7.barcodescanner.core.ViewFinderView,setMaskColor/1[int],false,84,0,1,1,0,1,1,3,0,0,1,1,0,0,0,0,0,0,0,0,0,0,0,0,0,0,4,1,0,false
c:\Users\arthur.menezes_evolu\Desktop\Pes\barcodescanner\core\src\main\java\me\dm7\barcodescanner\core\ViewFinderView.java,me.dm7.barcodescanner.core.ViewFinderView,setBorderLineLength/1[int],false,99,0,1,1,0,1,0,3,0,0,1,0,0,0,0,0,0,0,0,0,1,0,0,0,0,0,6,1,0,false
c:\Users\arthur.menezes_evolu\Desktop\Pes\barcodescanner\core\src\main\java\me\dm7\barcodescanner\core\ViewFinderView.java,me.dm7.barcodescanner.core.ViewFinderView,drawViewFinderMask/1[me.dm7.barcodescanner.core.Canvas],false,161,3,2,1,1,1,4,9,0,3,1,4,1,1,0,0,0,0,0,8,3,4,0,0,0,0,12,1,0,false
c:\Users\arthur.menezes_evolu\Desktop\Pes\barcodescanner\core\src\main\java\me\dm7\barcodescanner\core\ViewFinderView.java,me.dm7.barcodescanner.core.ViewFinderView,setLaserColor/1[int],false,79,0,1,1,0,1,1,3,0,0,1,1,0,0,0,0,0,0,0,0,0,0,0,0,0,0,4,1,0,false
c:\Users\arthur.menezes_evolu\Desktop\Pes\barcodescanner\core\src\main\java\me\dm7\barcodescanner\core\ViewFinderView.java,me.dm7.barcodescanner.core.ViewFinderView,drawLaser/1[me.dm7.barcodescanner.core.Canvas],false,201,3,2,1,1,1,5,8,0,2,1,5,1,1,0,0,0,1,0,6,3,12,0,0,0,0,23,1,0,false
c:\Users\arthur.menezes_evolu\Desktop\Pes\barcodescanner\core\src\main\java\me\dm7\barcodescanner\core\ViewFinderView.java,me.dm7.barcodescanner.core.ViewFinderView,setBorderCornerRounded/1[boolean],false,107,0,1,1,0,2,1,8,0,0,1,1,0,0,0,0,0,0,0,0,0,0,1,0,0,0,6,1,0,false
c:\Users\arthur.menezes_evolu\Desktop\Pes\barcodescanner\core\src\main\java\me\dm7\barcodescanner\core\ViewFinderView.java,me.dm7.barcodescanner.core.ViewFinderView,"ViewFinderView/2[me.dm7.barcodescanner.core.Context,me.dm7.barcodescanner.core.AttributeSet]",true,53,3,1,0,1,1,1,4,0,0,2,1,1,1,0,0,0,0,0,0,0,0,0,0,0,0,6,1,0,false
c:\Users\arthur.menezes_evolu\Desktop\Pes\barcodescanner\core\src\main\java\me\dm7\barcodescanner\core\ViewFinderView.java,me.dm7.barcodescanner.core.ViewFinderView,setLaserEnabled/1[boolean],false,104,0,1,1,0,1,0,3,0,0,1,0,0,0,0,0,0,0,0,0,1,0,0,0,0,0,6,1,0,false
c:\Users\arthur.menezes_evolu\Desktop\Pes\barcodescanner\core\src\main\java\me\dm7\barcodescanner\core\ViewFinderView.java,me.dm7.barcodescanner.core.ViewFinderView,setBorderCornerRadius/1[int],false,123,1,1,1,0,1,1,3,0,0,1,1,0,0,0,0,0,0,0,0,0,0,0,0,0,0,8,1,0,false
c:\Users\arthur.menezes_evolu\Desktop\Pes\barcodescanner\core\src\main\java\me\dm7\barcodescanner\core\ViewFinderView.java,me.dm7.barcodescanner.core.ViewFinderView,"onSizeChanged/4[int,int,int,int]",false,218,1,1,0,1,1,1,3,0,0,4,1,1,1,0,0,0,0,0,0,0,0,0,0,0,0,8,4,0,false
c:\Users\arthur.menezes_evolu\Desktop\Pes\barcodescanner\core\src\main\java\me\dm7\barcodescanner\core\ViewFinderView.java,me.dm7.barcodescanner.core.ViewFinderView,setViewFinderOffset/1[int],false,128,0,1,1,0,1,0,3,0,0,1,0,0,0,0,0,0,0,0,0,1,0,0,0,0,0,6,1,0,false
c:\Users\arthur.menezes_evolu\Desktop\Pes\barcodescanner\core\src\main\java\me\dm7\barcodescanner\core\ViewFinderView.java,me.dm7.barcodescanner.core.ViewFinderView,setupViewFinder/0,false,138,1,1,0,1,1,2,4,0,0,0,2,1,1,0,0,0,0,0,0,0,0,0,0,0,0,7,1,0,false
c:\Users\arthur.menezes_evolu\Desktop\Pes\barcodescanner\core\src\main\java\me\dm7\barcodescanner\core\ViewFinderView.java,me.dm7.barcodescanner.core.ViewFinderView,setBorderStrokeWidth/1[int],false,94,0,1,1,0,1,1,3,0,0,1,1,0,0,0,0,0,0,0,0,0,0,0,0,0,0,5,1,0,false
c:\Users\arthur.menezes_evolu\Desktop\Pes\barcodescanner\zbar-sample\src\main\java\me\dm7\barcodescanner\zbar\sample\FullScannerActivity.java,me.dm7.barcodescanner.zbar.sample.FullScannerActivity,showMessageDialog/1[java.lang.String],false,150,2,2,1,1,1,3,4,0,1,1,3,0,0,0,0,0,0,2,0,1,0,0,0,0,0,9,1,0,false
c:\Users\arthur.menezes_evolu\Desktop\Pes\barcodescanner\zbar-sample\src\main\java\me\dm7\barcodescanner\zbar\sample\FullScannerActivity.java,me.dm7.barcodescanner.zbar.sample.FullScannerActivity,onFormatsSaved/1[java.util.ArrayList<java.lang.Integer>],false,178,1,1,0,1,1,1,4,0,0,1,1,1,1,0,0,0,0,0,0,1,0,0,0,0,0,8,1,0,false
c:\Users\arthur.menezes_evolu\Desktop\Pes\barcodescanner\zbar-sample\src\main\java\me\dm7\barcodescanner\zbar\sample\FullScannerActivity.java,me.dm7.barcodescanner.zbar.sample.FullScannerActivity,handleResult/1[me.dm7.barcodescanner.zbar.Result],false,141,5,4,0,4,2,8,10,0,2,1,8,1,1,0,0,1,0,2,0,2,1,1,0,0,0,16,1,0,false
c:\Users\arthur.menezes_evolu\Desktop\Pes\barcodescanner\zbar-sample\src\main\java\me\dm7\barcodescanner\zbar\sample\FullScannerActivity.java,me.dm7.barcodescanner.zbar.sample.FullScannerActivity,onDialogPositiveClick/1[me.dm7.barcodescanner.zbar.sample.DialogFragment],false,172,2,1,0,1,1,1,3,0,0,1,1,0,0,0,0,0,0,0,0,0,0,0,0,0,0,6,1,0,false
c:\Users\arthur.menezes_evolu\Desktop\Pes\barcodescanner\zbar-sample\src\main\java\me\dm7\barcodescanner\zbar\sample\FullScannerActivity.java,me.dm7.barcodescanner.zbar.sample.FullScannerActivity,closeFormatsDialog/0,false,159,1,2,1,1,1,1,3,0,0,0,1,1,1,0,0,0,0,1,0,0,0,0,0,0,0,3,1,0,false
c:\Users\arthur.menezes_evolu\Desktop\Pes\barcodescanner\zbar-sample\src\main\java\me\dm7\barcodescanner\zbar\sample\FullScannerActivity.java,me.dm7.barcodescanner.zbar.sample.FullScannerActivity,onCameraSelected/1[int],false,184,1,3,0,3,1,3,6,0,0,1,3,0,0,0,0,0,0,0,0,1,0,0,0,0,0,9,1,0,false
c:\Users\arthur.menezes_evolu\Desktop\Pes\barcodescanner\zbar-sample\src\main\java\me\dm7\barcodescanner\zbar\sample\FullScannerActivity.java,me.dm7.barcodescanner.zbar.sample.FullScannerActivity,onSaveInstanceState/1[me.dm7.barcodescanner.zbar.sample.Bundle],false,68,1,0,0,0,1,4,7,0,0,1,4,0,0,0,0,0,0,0,0,0,0,0,0,0,0,6,1,0,false
c:\Users\arthur.menezes_evolu\Desktop\Pes\barcodescanner\zbar-sample\src\main\java\me\dm7\barcodescanner\zbar\sample\FullScannerActivity.java,me.dm7.barcodescanner.zbar.sample.FullScannerActivity,onCreate/1[me.dm7.barcodescanner.zbar.sample.Bundle],false,36,5,3,0,3,2,9,21,0,1,1,9,1,1,0,1,0,0,0,2,10,0,1,0,0,0,41,1,0,false
c:\Users\arthur.menezes_evolu\Desktop\Pes\barcodescanner\zbar-sample\src\main\java\me\dm7\barcodescanner\zbar\sample\FullScannerActivity.java,me.dm7.barcodescanner.zbar.sample.FullScannerActivity,onResume/0,false,59,2,4,0,4,1,5,7,0,0,0,5,0,0,0,0,0,0,0,0,0,0,0,0,0,0,8,1,0,false
c:\Users\arthur.menezes_evolu\Desktop\Pes\barcodescanner\zbar-sample\src\main\java\me\dm7\barcodescanner\zbar\sample\FullScannerActivity.java,me.dm7.barcodescanner.zbar.sample.FullScannerActivity,closeDialog/1[java.lang.String],false,163,2,2,2,0,2,3,7,0,2,1,3,0,0,0,1,0,0,0,0,2,0,1,0,0,0,10,1,0,false
c:\Users\arthur.menezes_evolu\Desktop\Pes\barcodescanner\zbar-sample\src\main\java\me\dm7\barcodescanner\zbar\sample\FullScannerActivity.java,me.dm7.barcodescanner.zbar.sample.FullScannerActivity,onOptionsItemSelected/1[me.dm7.barcodescanner.zbar.sample.MenuItem],false,105,5,5,0,5,7,10,35,5,2,1,10,0,0,0,0,0,0,2,0,4,0,2,0,0,0,18,1,0,false
c:\Users\arthur.menezes_evolu\Desktop\Pes\barcodescanner\zbar-sample\src\main\java\me\dm7\barcodescanner\zbar\sample\FullScannerActivity.java,me.dm7.barcodescanner.zbar.sample.FullScannerActivity,closeMessageDialog/0,false,155,1,2,1,1,1,1,3,0,0,0,1,1,1,0,0,0,0,1,0,0,0,0,0,0,0,3,1,0,false
c:\Users\arthur.menezes_evolu\Desktop\Pes\barcodescanner\zbar-sample\src\main\java\me\dm7\barcodescanner\zbar\sample\FullScannerActivity.java,me.dm7.barcodescanner.zbar.sample.FullScannerActivity,setupFormats/0,false,192,2,3,2,1,6,6,15,0,2,0,6,0,0,2,2,0,0,0,1,3,0,2,0,0,0,11,1,0,false
c:\Users\arthur.menezes_evolu\Desktop\Pes\barcodescanner\zbar-sample\src\main\java\me\dm7\barcodescanner\zbar\sample\FullScannerActivity.java,me.dm7.barcodescanner.zbar.sample.FullScannerActivity,onCreateOptionsMenu/1[me.dm7.barcodescanner.zbar.sample.Menu],false,77,2,0,0,0,3,3,22,1,1,1,3,0,0,0,0,0,0,0,6,6,0,1,0,0,0,10,1,0,false
c:\Users\arthur.menezes_evolu\Desktop\Pes\barcodescanner\zbar-sample\src\main\java\me\dm7\barcodescanner\zbar\sample\FullScannerActivity.java,me.dm7.barcodescanner.zbar.sample.FullScannerActivity,onPause/0,false,210,2,3,0,3,1,4,6,0,0,0,4,2,3,0,0,0,0,0,0,0,0,0,0,0,0,6,1,0,false
c:\Users\arthur.menezes_evolu\Desktop\Pes\barcodescanner\zxing-sample\src\main\java\me\dm7\barcodescanner\zxing\sample\FormatSelectorDialogFragment.java,me.dm7.barcodescanner.zxing.sample.FormatSelectorDialogFragment,"newInstance/2[me.dm7.barcodescanner.zxing.sample.FormatSelectorDialogFragment.FormatSelectorDialogListener,java.util.ArrayList<java.lang.Integer>]",false,28,2,3,2,1,2,0,9,1,1,2,0,0,0,0,1,0,0,0,0,4,0,1,0,0,0,12,9,0,false
c:\Users\arthur.menezes_evolu\Desktop\Pes\barcodescanner\zxing-sample\src\main\java\me\dm7\barcodescanner\zxing\sample\FormatSelectorDialogFragment.java,me.dm7.barcodescanner.zxing.sample.FormatSelectorDialogFragment,onCreateDialog/1[me.dm7.barcodescanner.zxing.sample.Bundle],false,39,5,0,0,0,5,10,43,2,4,1,10,0,0,1,2,0,0,0,1,7,0,2,3,0,0,30,1,0,false
c:\Users\arthur.menezes_evolu\Desktop\Pes\barcodescanner\zxing-sample\src\main\java\me\dm7\barcodescanner\zxing\sample\FormatSelectorDialogFragment.java,me.dm7.barcodescanner.zxing.sample.FormatSelectorDialogFragment,onCreate/1[me.dm7.barcodescanner.zxing.sample.Bundle],false,23,1,0,0,0,1,2,4,0,0,1,2,0,0,0,0,0,0,0,0,0,0,0,0,0,0,8,1,0,false
c:\Users\arthur.menezes_evolu\Desktop\Pes\barcodescanner\zxing\src\main\java\me\dm7\barcodescanner\zxing\ZXingScannerView.java,me.dm7.barcodescanner.zxing.ZXingScannerView$ResultHandler,handleResult/1[me.dm7.barcodescanner.zxing.Result],false,36,1,1,1,0,1,0,1,0,0,1,0,0,0,0,0,0,0,0,0,0,0,0,0,0,0,3,0,0,false
c:\Users\arthur.menezes_evolu\Desktop\Pes\barcodescanner\zxing-sample\src\main\java\me\dm7\barcodescanner\zxing\sample\CameraSelectorDialogFragment.java,me.dm7.barcodescanner.zxing.sample.CameraSelectorDialogFragment,onCreateDialog/1[me.dm7.barcodescanner.zxing.sample.Bundle],false,31,5,0,0,0,6,9,44,2,6,1,9,0,0,1,4,0,0,3,2,10,1,2,3,0,0,29,1,0,false
c:\Users\arthur.menezes_evolu\Desktop\Pes\barcodescanner\zxing-sample\src\main\java\me\dm7\barcodescanner\zxing\sample\CameraSelectorDialogFragment.java,me.dm7.barcodescanner.zxing.sample.CameraSelectorDialogFragment,"newInstance/2[me.dm7.barcodescanner.zxing.sample.CameraSelectorDialogFragment.CameraSelectorDialogListener,int]",false,23,2,3,2,1,1,0,6,1,1,2,0,0,0,0,0,0,0,0,0,3,0,0,0,0,0,11,9,0,false
c:\Users\arthur.menezes_evolu\Desktop\Pes\barcodescanner\zxing-sample\src\main\java\me\dm7\barcodescanner\zxing\sample\CameraSelectorDialogFragment.java,me.dm7.barcodescanner.zxing.sample.CameraSelectorDialogFragment,onCreate/1[me.dm7.barcodescanner.zxing.sample.Bundle],false,18,1,0,0,0,1,2,4,0,0,1,2,0,0,0,0,0,0,0,0,0,0,0,0,0,0,8,1,0,false
c:\Users\arthur.menezes_evolu\Desktop\Pes\barcodescanner\zbar-sample\src\main\java\me\dm7\barcodescanner\zbar\sample\SimpleScannerActivity.java,me.dm7.barcodescanner.zbar.sample.SimpleScannerActivity,onResume/0,false,25,2,2,0,2,1,3,5,0,0,0,3,0,0,0,0,0,0,0,0,0,0,0,0,0,0,2,1,0,false
c:\Users\arthur.menezes_evolu\Desktop\Pes\barcodescanner\zbar-sample\src\main\java\me\dm7\barcodescanner\zbar\sample\SimpleScannerActivity.java,me.dm7.barcodescanner.zbar.sample.SimpleScannerActivity,onPause/0,false,32,1,1,0,1,1,2,4,0,0,0,2,0,0,0,0,0,0,0,0,0,0,0,0,0,0,2,1,0,false
c:\Users\arthur.menezes_evolu\Desktop\Pes\barcodescanner\zbar-sample\src\main\java\me\dm7\barcodescanner\zbar\sample\SimpleScannerActivity.java,me.dm7.barcodescanner.zbar.sample.SimpleScannerActivity,handleResult/1[me.dm7.barcodescanner.zbar.Result],false,38,3,4,0,4,1,6,10,0,1,1,6,0,0,0,0,0,0,2,1,1,1,0,1,0,0,8,1,0,false
c:\Users\arthur.menezes_evolu\Desktop\Pes\barcodescanner\zbar-sample\src\main\java\me\dm7\barcodescanner\zbar\sample\SimpleScannerActivity.java,me.dm7.barcodescanner.zbar.sample.SimpleScannerActivity,onCreate/1[me.dm7.barcodescanner.zbar.sample.Bundle],false,15,4,2,0,2,1,5,8,0,1,1,5,0,0,0,0,0,0,0,0,2,0,0,0,0,0,19,1,0,false
c:\Users\arthur.menezes_evolu\Desktop\Pes\barcodescanner\zxing-sample\src\main\java\me\dm7\barcodescanner\zxing\sample\FormatSelectorDialogFragment.java,me.dm7.barcodescanner.zxing.sample.FormatSelectorDialogFragment$FormatSelectorDialogListener,onFormatsSaved/1[java.util.ArrayList<java.lang.Integer>],false,17,0,1,1,0,1,0,1,0,0,1,0,0,0,0,0,0,0,0,0,0,0,0,0,0,0,5,1,0,false
c:\Users\arthur.menezes_evolu\Desktop\Pes\barcodescanner\zbar-sample\src\main\java\me\dm7\barcodescanner\zbar\sample\SimpleScannerFragmentActivity.java,me.dm7.barcodescanner.zbar.sample.SimpleScannerFragmentActivity,onCreate/1[me.dm7.barcodescanner.zbar.sample.Bundle],false,7,2,1,0,1,1,3,5,0,0,1,3,0,0,0,0,0,0,0,0,0,0,0,0,0,0,9,1,0,false
c:\Users\arthur.menezes_evolu\Desktop\Pes\barcodescanner\zbar-sample\src\main\java\me\dm7\barcodescanner\zbar\sample\FormatSelectorDialogFragment.java,me.dm7.barcodescanner.zbar.sample.FormatSelectorDialogFragment,onCreate/1[me.dm7.barcodescanner.zbar.sample.Bundle],false,22,1,0,0,0,1,2,4,0,0,1,2,0,0,0,0,0,0,0,0,0,0,0,0,0,0,8,1,0,false
c:\Users\arthur.menezes_evolu\Desktop\Pes\barcodescanner\zbar-sample\src\main\java\me\dm7\barcodescanner\zbar\sample\FormatSelectorDialogFragment.java,me.dm7.barcodescanner.zbar.sample.FormatSelectorDialogFragment,"newInstance/2[me.dm7.barcodescanner.zbar.sample.FormatSelectorDialogFragment.FormatSelectorDialogListener,java.util.ArrayList<java.lang.Integer>]",false,27,2,3,2,1,2,0,9,1,1,2,0,0,0,0,1,0,0,0,0,4,0,1,0,0,0,12,9,0,false
c:\Users\arthur.menezes_evolu\Desktop\Pes\barcodescanner\zbar-sample\src\main\java\me\dm7\barcodescanner\zbar\sample\FormatSelectorDialogFragment.java,me.dm7.barcodescanner.zbar.sample.FormatSelectorDialogFragment,onCreateDialog/1[me.dm7.barcodescanner.zbar.sample.Bundle],false,38,6,1,0,1,5,10,43,2,4,1,10,0,0,1,2,0,0,0,1,7,0,2,3,0,0,30,1,0,false
c:\Users\arthur.menezes_evolu\Desktop\Pes\barcodescanner\zbar\src\main\java\me\dm7\barcodescanner\zbar\Result.java,me.dm7.barcodescanner.zbar.Result,getContents/0,false,19,0,4,4,0,1,0,3,1,0,0,0,0,0,0,0,0,0,0,0,0,0,0,0,0,0,3,1,0,false
c:\Users\arthur.menezes_evolu\Desktop\Pes\barcodescanner\zbar\src\main\java\me\dm7\barcodescanner\zbar\Result.java,me.dm7.barcodescanner.zbar.Result,setContents/1[java.lang.String],false,7,0,1,1,0,1,0,3,0,0,1,0,0,0,0,0,0,0,0,0,1,0,0,0,0,0,4,1,0,false
c:\Users\arthur.menezes_evolu\Desktop\Pes\barcodescanner\zbar\src\main\java\me\dm7\barcodescanner\zbar\Result.java,me.dm7.barcodescanner.zbar.Result,setBarcodeFormat/1[me.dm7.barcodescanner.zbar.BarcodeFormat],false,11,1,1,1,0,1,0,3,0,0,1,0,0,0,0,0,0,0,0,0,1,0,0,0,0,0,5,1,0,false
c:\Users\arthur.menezes_evolu\Desktop\Pes\barcodescanner\zbar\src\main\java\me\dm7\barcodescanner\zbar\Result.java,me.dm7.barcodescanner.zbar.Result,getBarcodeFormat/0,false,15,1,4,4,0,1,0,3,1,0,0,0,0,0,0,0,0,0,0,0,0,0,0,0,0,0,4,1,0,false
c:\Users\arthur.menezes_evolu\Desktop\Pes\barcodescanner\zxing-sample\src\main\java\me\dm7\barcodescanner\zxing\sample\CustomViewFinderScannerActivity.java,me.dm7.barcodescanner.zxing.sample.CustomViewFinderScannerActivity$CustomViewFinderView,CustomViewFinderView/1[me.dm7.barcodescanner.zxing.sample.Context],true,76,2,2,1,1,1,1,4,0,0,1,1,1,1,0,0,0,0,0,0,0,0,0,0,0,0,6,1,0,false
c:\Users\arthur.menezes_evolu\Desktop\Pes\barcodescanner\zxing-sample\src\main\java\me\dm7\barcodescanner\zxing\sample\CustomViewFinderScannerActivity.java,me.dm7.barcodescanner.zxing.sample.CustomViewFinderScannerActivity$CustomViewFinderView,"CustomViewFinderView/2[me.dm7.barcodescanner.zxing.sample.Context,me.dm7.barcodescanner.zxing.sample.AttributeSet]",true,81,3,1,0,1,1,1,4,0,0,2,1,1,1,0,0,0,0,0,0,0,0,0,0,0,0,6,1,0,false
c:\Users\arthur.menezes_evolu\Desktop\Pes\barcodescanner\zxing-sample\src\main\java\me\dm7\barcodescanner\zxing\sample\CustomViewFinderScannerActivity.java,me.dm7.barcodescanner.zxing.sample.CustomViewFinderScannerActivity$CustomViewFinderView,init/0,false,86,1,3,2,1,1,7,7,0,1,0,7,0,0,0,0,0,0,0,0,1,0,0,0,0,0,9,2,0,false
c:\Users\arthur.menezes_evolu\Desktop\Pes\barcodescanner\zxing-sample\src\main\java\me\dm7\barcodescanner\zxing\sample\CustomViewFinderScannerActivity.java,me.dm7.barcodescanner.zxing.sample.CustomViewFinderScannerActivity$CustomViewFinderView,drawTradeMark/1[me.dm7.barcodescanner.zxing.sample.Canvas],false,101,3,2,1,1,2,4,14,0,3,1,4,0,0,0,1,0,0,0,3,5,2,1,0,0,0,13,2,0,false
c:\Users\arthur.menezes_evolu\Desktop\Pes\barcodescanner\zxing-sample\src\main\java\me\dm7\barcodescanner\zxing\sample\CustomViewFinderScannerActivity.java,me.dm7.barcodescanner.zxing.sample.CustomViewFinderScannerActivity$CustomViewFinderView,onDraw/1[me.dm7.barcodescanner.zxing.sample.Canvas],false,96,2,1,0,1,1,2,4,0,0,1,2,1,1,0,0,0,0,0,0,0,0,0,0,0,0,7,1,0,false
c:\Users\arthur.menezes_evolu\Desktop\Pes\barcodescanner\zbar-sample\src\main\java\me\dm7\barcodescanner\zbar\sample\FullScannerFragmentActivity.java,me.dm7.barcodescanner.zbar.sample.FullScannerFragmentActivity,onCreate/1[me.dm7.barcodescanner.zbar.sample.Bundle],false,7,2,1,0,1,1,3,5,0,0,1,3,0,0,0,0,0,0,0,0,0,0,0,0,0,0,9,1,0,false
c:\Users\arthur.menezes_evolu\Desktop\Pes\barcodescanner\core\src\main\java\me\dm7\barcodescanner\core\CameraHandlerThread.java,me.dm7.barcodescanner.core.CameraHandlerThread$Anonymous1,run/0,false,25,3,10,0,10,1,3,10,0,2,0,3,0,0,0,0,0,0,0,0,2,0,0,1,0,0,7,1,0,false
c:\Users\arthur.menezes_evolu\Desktop\Pes\barcodescanner\zbar-sample\src\main\java\me\dm7\barcodescanner\zbar\sample\CameraSelectorDialogFragment.java,me.dm7.barcodescanner.zbar.sample.CameraSelectorDialogFragment,"newInstance/2[me.dm7.barcodescanner.zbar.sample.CameraSelectorDialogFragment.CameraSelectorDialogListener,int]",false,23,2,3,2,1,1,0,6,1,1,2,0,0,0,0,0,0,0,0,0,3,0,0,0,0,0,11,9,0,false
c:\Users\arthur.menezes_evolu\Desktop\Pes\barcodescanner\zbar-sample\src\main\java\me\dm7\barcodescanner\zbar\sample\CameraSelectorDialogFragment.java,me.dm7.barcodescanner.zbar.sample.CameraSelectorDialogFragment,onCreateDialog/1[me.dm7.barcodescanner.zbar.sample.Bundle],false,31,5,0,0,0,6,9,44,2,6,1,9,0,0,1,4,0,0,3,2,10,1,2,3,0,0,29,1,0,false
c:\Users\arthur.menezes_evolu\Desktop\Pes\barcodescanner\zbar-sample\src\main\java\me\dm7\barcodescanner\zbar\sample\CameraSelectorDialogFragment.java,me.dm7.barcodescanner.zbar.sample.CameraSelectorDialogFragment,onCreate/1[me.dm7.barcodescanner.zbar.sample.Bundle],false,18,1,0,0,0,1,2,4,0,0,1,2,0,0,0,0,0,0,0,0,0,0,0,0,0,0,8,1,0,false
c:\Users\arthur.menezes_evolu\Desktop\Pes\barcodescanner\zxing-sample\src\main\java\me\dm7\barcodescanner\zxing\sample\BaseScannerActivity.java,me.dm7.barcodescanner.zxing.sample.BaseScannerActivity,setupToolbar/0,false,9,2,6,6,0,2,4,8,0,2,0,4,0,0,0,1,0,0,0,0,2,0,1,0,0,0,15,1,0,false
c:\Users\arthur.menezes_evolu\Desktop\Pes\barcodescanner\zxing-sample\src\main\java\me\dm7\barcodescanner\zxing\sample\BaseScannerActivity.java,me.dm7.barcodescanner.zxing.sample.BaseScannerActivity,onOptionsItemSelected/1[me.dm7.barcodescanner.zxing.sample.MenuItem],false,19,1,0,0,0,2,3,8,2,0,1,3,0,0,0,0,0,0,0,0,0,0,1,0,0,0,8,1,0,false
c:\Users\arthur.menezes_evolu\Desktop\Pes\barcodescanner\zxing-sample\src\main\java\me\dm7\barcodescanner\zxing\sample\FullScannerFragmentActivity.java,me.dm7.barcodescanner.zxing.sample.FullScannerFragmentActivity,onCreate/1[me.dm7.barcodescanner.zxing.sample.Bundle],false,7,2,1,0,1,1,3,5,0,0,1,3,0,0,0,0,0,0,0,0,0,0,0,0,0,0,9,1,0,false
c:\Users\arthur.menezes_evolu\Desktop\Pes\barcodescanner\zbar-sample\src\main\java\me\dm7\barcodescanner\zbar\sample\CameraSelectorDialogFragment.java,me.dm7.barcodescanner.zbar.sample.CameraSelectorDialogFragment$Anonymous2,"onClick/2[me.dm7.barcodescanner.zbar.sample.DialogInterface,int]",false,71,2,3,0,3,2,1,5,0,0,2,1,0,0,0,1,0,0,0,0,0,0,1,0,0,0,10,1,0,false
c:\Users\arthur.menezes_evolu\Desktop\Pes\barcodescanner\zbar\src\main\java\me\dm7\barcodescanner\zbar\ZBarScannerView.java,me.dm7.barcodescanner.zbar.ZBarScannerView$Anonymous1,run/0,false,131,2,10,0,10,2,2,8,0,1,0,2,0,0,0,1,0,0,0,0,2,0,1,0,0,0,10,1,0,false
c:\Users\arthur.menezes_evolu\Desktop\Pes\barcodescanner\zbar-sample\src\main\java\me\dm7\barcodescanner\zbar\sample\CameraSelectorDialogFragment.java,me.dm7.barcodescanner.zbar.sample.CameraSelectorDialogFragment$Anonymous3,"onClick/2[me.dm7.barcodescanner.zbar.sample.DialogInterface,int]",false,81,1,3,0,3,1,0,2,0,0,2,0,0,0,0,0,0,0,0,0,0,0,0,0,0,0,5,1,0,false
c:\Users\arthur.menezes_evolu\Desktop\Pes\barcodescanner\core\src\main\java\me\dm7\barcodescanner\core\IViewFinder.java,me.dm7.barcodescanner.core.IViewFinder,getHeight/0,false,45,0,2,2,0,1,0,1,0,0,0,0,0,0,0,0,0,0,0,0,0,0,0,0,0,0,21,0,0,true
c:\Users\arthur.menezes_evolu\Desktop\Pes\barcodescanner\core\src\main\java\me\dm7\barcodescanner\core\IViewFinder.java,me.dm7.barcodescanner.core.IViewFinder,setBorderStrokeWidth/1[int],false,10,0,1,1,0,1,0,1,0,0,1,0,0,0,0,0,0,0,0,0,0,0,0,0,0,0,5,0,0,false
c:\Users\arthur.menezes_evolu\Desktop\Pes\barcodescanner\core\src\main\java\me\dm7\barcodescanner\core\IViewFinder.java,me.dm7.barcodescanner.core.IViewFinder,setMaskColor/1[int],false,8,0,1,1,0,1,0,1,0,0,1,0,0,0,0,0,0,0,0,0,0,0,0,0,0,0,4,0,0,false
c:\Users\arthur.menezes_evolu\Desktop\Pes\barcodescanner\core\src\main\java\me\dm7\barcodescanner\core\IViewFinder.java,me.dm7.barcodescanner.core.IViewFinder,setSquareViewFinder/1[boolean],false,18,0,1,1,0,1,0,1,0,0,1,0,0,0,0,0,0,0,0,0,0,0,0,0,0,0,5,0,0,false
c:\Users\arthur.menezes_evolu\Desktop\Pes\barcodescanner\core\src\main\java\me\dm7\barcodescanner\core\IViewFinder.java,me.dm7.barcodescanner.core.IViewFinder,setLaserColor/1[int],false,7,0,1,1,0,1,0,1,0,0,1,0,0,0,0,0,0,0,0,0,0,0,0,0,0,0,4,0,0,false
c:\Users\arthur.menezes_evolu\Desktop\Pes\barcodescanner\core\src\main\java\me\dm7\barcodescanner\core\IViewFinder.java,me.dm7.barcodescanner.core.IViewFinder,setViewFinderOffset/1[int],false,17,0,0,0,0,1,0,1,0,0,1,0,0,0,0,0,0,0,0,0,0,0,0,0,0,0,5,0,0,false
c:\Users\arthur.menezes_evolu\Desktop\Pes\barcodescanner\core\src\main\java\me\dm7\barcodescanner\core\IViewFinder.java,me.dm7.barcodescanner.core.IViewFinder,setBorderAlpha/1[float],false,15,0,1,1,0,1,0,1,0,0,1,0,0,0,0,0,0,0,0,0,0,0,0,0,0,0,4,0,0,false
c:\Users\arthur.menezes_evolu\Desktop\Pes\barcodescanner\core\src\main\java\me\dm7\barcodescanner\core\IViewFinder.java,me.dm7.barcodescanner.core.IViewFinder,setBorderCornerRadius/1[int],false,16,0,1,1,0,1,0,1,0,0,1,0,0,0,0,0,0,0,0,0,0,0,0,0,0,0,6,0,0,false
c:\Users\arthur.menezes_evolu\Desktop\Pes\barcodescanner\core\src\main\java\me\dm7\barcodescanner\core\IViewFinder.java,me.dm7.barcodescanner.core.IViewFinder,setBorderCornerRounded/1[boolean],false,14,0,1,1,0,1,0,1,0,0,1,0,0,0,0,0,0,0,0,0,0,0,0,0,0,0,6,0,0,false
c:\Users\arthur.menezes_evolu\Desktop\Pes\barcodescanner\core\src\main\java\me\dm7\barcodescanner\core\IViewFinder.java,me.dm7.barcodescanner.core.IViewFinder,setBorderColor/1[int],false,9,0,1,1,0,1,0,1,0,0,1,0,0,0,0,0,0,0,0,0,0,0,0,0,0,0,4,0,0,false
c:\Users\arthur.menezes_evolu\Desktop\Pes\barcodescanner\core\src\main\java\me\dm7\barcodescanner\core\IViewFinder.java,me.dm7.barcodescanner.core.IViewFinder,setupViewFinder/0,false,19,0,11,11,0,1,0,1,0,0,0,0,0,0,0,0,0,0,0,0,0,0,0,0,0,0,23,0,0,true
c:\Users\arthur.menezes_evolu\Desktop\Pes\barcodescanner\core\src\main\java\me\dm7\barcodescanner\core\IViewFinder.java,me.dm7.barcodescanner.core.IViewFinder,setBorderLineLength/1[int],false,11,0,1,1,0,1,0,1,0,0,1,0,0,0,0,0,0,0,0,0,0,0,0,0,0,0,5,0,0,false
c:\Users\arthur.menezes_evolu\Desktop\Pes\barcodescanner\core\src\main\java\me\dm7\barcodescanner\core\IViewFinder.java,me.dm7.barcodescanner.core.IViewFinder,getFramingRect/0,false,26,1,1,1,0,1,0,1,0,0,0,0,0,0,0,0,0,0,0,0,0,0,0,0,0,0,30,0,0,true
c:\Users\arthur.menezes_evolu\Desktop\Pes\barcodescanner\core\src\main\java\me\dm7\barcodescanner\core\IViewFinder.java,me.dm7.barcodescanner.core.IViewFinder,setLaserEnabled/1[boolean],false,12,0,1,1,0,1,0,1,0,0,1,0,0,0,0,0,0,0,0,0,0,0,0,0,0,0,4,0,0,false
c:\Users\arthur.menezes_evolu\Desktop\Pes\barcodescanner\core\src\main\java\me\dm7\barcodescanner\core\IViewFinder.java,me.dm7.barcodescanner.core.IViewFinder,getWidth/0,false,36,0,2,2,0,1,0,1,0,0,0,0,0,0,0,0,0,0,0,0,0,0,0,0,0,0,21,0,0,true
c:\Users\arthur.menezes_evolu\Desktop\Pes\barcodescanner\zxing-sample\src\main\java\me\dm7\barcodescanner\zxing\sample\FullScannerFragment.java,me.dm7.barcodescanner.zxing.sample.FullScannerFragment,onOptionsItemSelected/1[me.dm7.barcodescanner.zxing.sample.MenuItem],false,91,5,5,0,5,7,11,35,5,2,1,11,0,0,0,0,0,0,2,0,4,0,2,0,0,0,17,1,0,false
c:\Users\arthur.menezes_evolu\Desktop\Pes\barcodescanner\zxing-sample\src\main\java\me\dm7\barcodescanner\zxing\sample\FullScannerFragment.java,me.dm7.barcodescanner.zxing.sample.FullScannerFragment,onSaveInstanceState/1[me.dm7.barcodescanner.zxing.sample.Bundle],false,136,1,0,0,0,1,4,7,0,0,1,4,0,0,0,0,0,0,0,0,0,0,0,0,0,0,6,1,0,false
c:\Users\arthur.menezes_evolu\Desktop\Pes\barcodescanner\zxing-sample\src\main\java\me\dm7\barcodescanner\zxing\sample\FullScannerFragment.java,me.dm7.barcodescanner.zxing.sample.FullScannerFragment,showMessageDialog/1[java.lang.String],false,154,2,2,1,1,1,4,4,0,1,1,4,0,0,0,0,0,0,2,0,1,0,0,0,0,0,8,1,0,false
c:\Users\arthur.menezes_evolu\Desktop\Pes\barcodescanner\zxing-sample\src\main\java\me\dm7\barcodescanner\zxing\sample\FullScannerFragment.java,me.dm7.barcodescanner.zxing.sample.FullScannerFragment,closeFormatsDialog/0,false,163,1,2,1,1,1,1,3,0,0,0,1,1,1,0,0,0,0,1,0,0,0,0,0,0,0,3,1,0,false
c:\Users\arthur.menezes_evolu\Desktop\Pes\barcodescanner\zxing-sample\src\main\java\me\dm7\barcodescanner\zxing\sample\FullScannerFragment.java,me.dm7.barcodescanner.zxing.sample.FullScannerFragment,onResume/0,false,127,2,4,0,4,1,5,7,0,0,0,5,0,0,0,0,0,0,0,0,0,0,0,0,0,0,8,1,0,false
c:\Users\arthur.menezes_evolu\Desktop\Pes\barcodescanner\zxing-sample\src\main\java\me\dm7\barcodescanner\zxing\sample\FullScannerFragment.java,me.dm7.barcodescanner.zxing.sample.FullScannerFragment,onCameraSelected/1[int],false,188,1,3,0,3,1,3,6,0,0,1,3,0,0,0,0,0,0,0,0,1,0,0,0,0,0,9,1,0,false
c:\Users\arthur.menezes_evolu\Desktop\Pes\barcodescanner\zxing-sample\src\main\java\me\dm7\barcodescanner\zxing\sample\FullScannerFragment.java,me.dm7.barcodescanner.zxing.sample.FullScannerFragment,"onCreateOptionsMenu/2[me.dm7.barcodescanner.zxing.sample.Menu,me.dm7.barcodescanner.zxing.sample.MenuInflater]",false,63,3,0,0,0,3,3,22,0,1,2,3,0,0,0,0,0,0,0,6,6,0,1,0,0,0,11,1,0,false
c:\Users\arthur.menezes_evolu\Desktop\Pes\barcodescanner\zxing-sample\src\main\java\me\dm7\barcodescanner\zxing\sample\FullScannerFragment.java,me.dm7.barcodescanner.zxing.sample.FullScannerFragment,onCreate/1[me.dm7.barcodescanner.zxing.sample.Bundle],false,58,1,0,0,0,1,2,4,0,0,1,2,0,0,0,0,0,0,0,0,0,0,0,0,0,0,9,1,0,false
c:\Users\arthur.menezes_evolu\Desktop\Pes\barcodescanner\zxing-sample\src\main\java\me\dm7\barcodescanner\zxing\sample\FullScannerFragment.java,me.dm7.barcodescanner.zxing.sample.FullScannerFragment,onDialogPositiveClick/1[me.dm7.barcodescanner.zxing.sample.DialogFragment],false,176,2,1,0,1,1,1,3,0,0,1,1,0,0,0,0,0,0,0,0,0,0,0,0,0,0,6,1,0,false
c:\Users\arthur.menezes_evolu\Desktop\Pes\barcodescanner\zxing-sample\src\main\java\me\dm7\barcodescanner\zxing\sample\FullScannerFragment.java,me.dm7.barcodescanner.zxing.sample.FullScannerFragment,"onCreateView/3[me.dm7.barcodescanner.zxing.sample.LayoutInflater,me.dm7.barcodescanner.zxing.sample.ViewGroup,me.dm7.barcodescanner.zxing.sample.Bundle]",false,40,6,2,0,2,2,5,17,1,0,3,5,1,1,0,1,0,0,0,2,9,0,1,0,0,0,36,1,0,false
c:\Users\arthur.menezes_evolu\Desktop\Pes\barcodescanner\zxing-sample\src\main\java\me\dm7\barcodescanner\zxing\sample\FullScannerFragment.java,me.dm7.barcodescanner.zxing.sample.FullScannerFragment,closeDialog/1[java.lang.String],false,167,2,2,2,0,2,4,7,0,2,1,4,0,0,0,1,0,0,0,0,2,0,1,0,0,0,10,1,0,false
c:\Users\arthur.menezes_evolu\Desktop\Pes\barcodescanner\zxing-sample\src\main\java\me\dm7\barcodescanner\zxing\sample\FullScannerFragment.java,me.dm7.barcodescanner.zxing.sample.FullScannerFragment,onFormatsSaved/1[java.util.ArrayList<java.lang.Integer>],false,182,1,1,0,1,1,1,4,0,0,1,1,1,1,0,0,0,0,0,0,1,0,0,0,0,0,8,1,0,false
c:\Users\arthur.menezes_evolu\Desktop\Pes\barcodescanner\zxing-sample\src\main\java\me\dm7\barcodescanner\zxing\sample\FullScannerFragment.java,me.dm7.barcodescanner.zxing.sample.FullScannerFragment,closeMessageDialog/0,false,159,1,2,1,1,1,1,3,0,0,0,1,1,1,0,0,0,0,1,0,0,0,0,0,0,0,3,1,0,false
c:\Users\arthur.menezes_evolu\Desktop\Pes\barcodescanner\zxing-sample\src\main\java\me\dm7\barcodescanner\zxing\sample\FullScannerFragment.java,me.dm7.barcodescanner.zxing.sample.FullScannerFragment,onPause/0,false,213,2,3,0,3,1,4,6,0,0,0,4,2,3,0,0,0,0,0,0,0,0,0,0,0,0,6,1,0,false
c:\Users\arthur.menezes_evolu\Desktop\Pes\barcodescanner\zxing-sample\src\main\java\me\dm7\barcodescanner\zxing\sample\FullScannerFragment.java,me.dm7.barcodescanner.zxing.sample.FullScannerFragment,handleResult/1[me.dm7.barcodescanner.zxing.sample.Result],false,145,4,1,0,1,2,9,10,0,2,1,9,1,1,0,0,1,0,2,0,2,1,1,0,0,0,15,1,0,false
c:\Users\arthur.menezes_evolu\Desktop\Pes\barcodescanner\zxing-sample\src\main\java\me\dm7\barcodescanner\zxing\sample\FullScannerFragment.java,me.dm7.barcodescanner.zxing.sample.FullScannerFragment,setupFormats/0,false,195,2,3,2,1,6,6,15,0,2,0,6,0,0,2,2,0,0,0,1,3,0,2,0,0,0,11,1,0,false
c:\Users\arthur.menezes_evolu\Desktop\Pes\barcodescanner\zbar-sample\src\main\java\me\dm7\barcodescanner\zbar\sample\CameraSelectorDialogFragment.java,me.dm7.barcodescanner.zbar.sample.CameraSelectorDialogFragment$Anonymous1,"onClick/2[me.dm7.barcodescanner.zbar.sample.DialogInterface,int]",false,64,1,3,0,3,1,0,3,0,0,2,0,0,0,0,0,0,0,0,0,1,0,0,0,0,0,8,1,0,false
c:\Users\arthur.menezes_evolu\Desktop\Pes\barcodescanner\zbar-sample\src\main\java\me\dm7\barcodescanner\zbar\sample\MessageDialogFragment.java,me.dm7.barcodescanner.zbar.sample.MessageDialogFragment$MessageDialogListener,onDialogPositiveClick/1[me.dm7.barcodescanner.zbar.sample.DialogFragment],false,11,1,1,1,0,1,0,1,0,0,1,0,0,0,0,0,0,0,0,0,0,0,0,0,0,0,6,1,0,false
c:\Users\arthur.menezes_evolu\Desktop\Pes\barcodescanner\zbar-sample\src\main\java\me\dm7\barcodescanner\zbar\sample\SimpleScannerFragment.java,me.dm7.barcodescanner.zbar.sample.SimpleScannerFragment$Anonymous1,run/0,false,41,1,10,0,10,1,1,3,0,0,0,1,0,0,0,0,0,0,0,0,0,0,0,0,0,0,1,1,0,false
c:\Users\arthur.menezes_evolu\Desktop\Pes\barcodescanner\core\src\main\java\me\dm7\barcodescanner\core\DisplayUtils.java,me.dm7.barcodescanner.core.DisplayUtils,getScreenOrientation/1[me.dm7.barcodescanner.core.Context],false,24,3,4,4,0,3,4,17,1,3,1,4,0,0,0,1,0,0,0,0,6,0,2,0,0,0,11,9,0,false
c:\Users\arthur.menezes_evolu\Desktop\Pes\barcodescanner\core\src\main\java\me\dm7\barcodescanner\core\DisplayUtils.java,me.dm7.barcodescanner.core.DisplayUtils,getScreenResolution/1[me.dm7.barcodescanner.core.Context],false,10,4,0,0,0,2,6,12,1,3,1,6,0,0,0,0,0,0,0,1,3,0,1,0,0,0,12,9,0,false
c:\Users\arthur.menezes_evolu\Desktop\Pes\barcodescanner\zbar-sample\src\main\java\me\dm7\barcodescanner\zbar\sample\CameraSelectorDialogFragment.java,me.dm7.barcodescanner.zbar.sample.CameraSelectorDialogFragment$CameraSelectorDialogListener,onCameraSelected/1[int],false,12,0,1,1,0,1,0,1,0,0,1,0,0,0,0,0,0,0,0,0,0,0,0,0,0,0,5,1,0,false
c:\Users\arthur.menezes_evolu\Desktop\Pes\barcodescanner\zxing-sample\src\main\java\me\dm7\barcodescanner\zxing\sample\SimpleScannerActivity.java,me.dm7.barcodescanner.zxing.sample.SimpleScannerActivity$Anonymous1,run/0,false,51,1,10,0,10,1,1,3,0,0,0,1,0,0,0,0,0,0,0,0,0,0,0,0,0,0,1,1,0,false
c:\Users\arthur.menezes_evolu\Desktop\Pes\barcodescanner\zxing-sample\src\main\java\me\dm7\barcodescanner\zxing\sample\MainActivity.java,me.dm7.barcodescanner.zxing.sample.MainActivity,launchSimpleFragmentActivity/1[me.dm7.barcodescanner.zxing.sample.View],false,34,3,1,0,1,1,1,3,0,0,1,1,1,1,0,0,0,0,0,0,0,0,0,0,0,0,6,1,0,false
c:\Users\arthur.menezes_evolu\Desktop\Pes\barcodescanner\zxing-sample\src\main\java\me\dm7\barcodescanner\zxing\sample\MainActivity.java,me.dm7.barcodescanner.zxing.sample.MainActivity,launchActivity/1[java.lang.Class<?>],false,58,1,7,7,0,2,3,10,0,1,1,3,0,0,0,1,0,0,0,0,2,0,1,0,0,0,8,1,0,false
c:\Users\arthur.menezes_evolu\Desktop\Pes\barcodescanner\zxing-sample\src\main\java\me\dm7\barcodescanner\zxing\sample\MainActivity.java,me.dm7.barcodescanner.zxing.sample.MainActivity,launchSimpleActivity/1[me.dm7.barcodescanner.zxing.sample.View],false,30,3,1,0,1,1,1,3,0,0,1,1,1,1,0,0,0,0,0,0,0,0,0,0,0,0,5,1,0,false
c:\Users\arthur.menezes_evolu\Desktop\Pes\barcodescanner\zxing-sample\src\main\java\me\dm7\barcodescanner\zxing\sample\MainActivity.java,me.dm7.barcodescanner.zxing.sample.MainActivity,launchFullActivity/1[me.dm7.barcodescanner.zxing.sample.View],false,38,3,1,0,1,1,1,3,0,0,1,1,1,1,0,0,0,0,0,0,0,0,0,0,0,0,5,1,0,false
c:\Users\arthur.menezes_evolu\Desktop\Pes\barcodescanner\zxing-sample\src\main\java\me\dm7\barcodescanner\zxing\sample\MainActivity.java,me.dm7.barcodescanner.zxing.sample.MainActivity,setupToolbar/0,false,25,1,1,1,0,1,2,4,0,1,0,2,0,0,0,0,0,0,0,0,1,0,0,0,0,0,11,1,0,false
c:\Users\arthur.menezes_evolu\Desktop\Pes\barcodescanner\zxing-sample\src\main\java\me\dm7\barcodescanner\zxing\sample\MainActivity.java,me.dm7.barcodescanner.zxing.sample.MainActivity,launchCustomViewFinderScannerActivity/1[me.dm7.barcodescanner.zxing.sample.View],false,50,3,1,0,1,1,1,3,0,0,1,1,1,1,0,0,0,0,0,0,0,0,0,0,0,0,7,1,0,false
c:\Users\arthur.menezes_evolu\Desktop\Pes\barcodescanner\zxing-sample\src\main\java\me\dm7\barcodescanner\zxing\sample\MainActivity.java,me.dm7.barcodescanner.zxing.sample.MainActivity,onCreate/1[me.dm7.barcodescanner.zxing.sample.Bundle],false,19,2,1,0,1,1,3,5,0,0,1,3,1,1,0,0,0,0,0,0,0,0,0,0,0,0,9,1,0,false
c:\Users\arthur.menezes_evolu\Desktop\Pes\barcodescanner\zxing-sample\src\main\java\me\dm7\barcodescanner\zxing\sample\MainActivity.java,me.dm7.barcodescanner.zxing.sample.MainActivity,launchFullFragmentActivity/1[me.dm7.barcodescanner.zxing.sample.View],false,42,3,1,0,1,1,1,3,0,0,1,1,1,1,0,0,0,0,0,0,0,0,0,0,0,0,6,1,0,false
c:\Users\arthur.menezes_evolu\Desktop\Pes\barcodescanner\zxing-sample\src\main\java\me\dm7\barcodescanner\zxing\sample\MainActivity.java,me.dm7.barcodescanner.zxing.sample.MainActivity,launchScalingScannerActivity/1[me.dm7.barcodescanner.zxing.sample.View],false,54,3,1,0,1,1,1,3,0,0,1,1,1,1,0,0,0,0,0,0,0,0,0,0,0,0,6,1,0,false
c:\Users\arthur.menezes_evolu\Desktop\Pes\barcodescanner\zxing-sample\src\main\java\me\dm7\barcodescanner\zxing\sample\MainActivity.java,me.dm7.barcodescanner.zxing.sample.MainActivity,launchFullScreenScannerFragmentActivity/1[me.dm7.barcodescanner.zxing.sample.View],false,46,3,1,0,1,1,1,3,0,0,1,1,1,1,0,0,0,0,0,0,0,0,0,0,0,0,8,1,0,false
c:\Users\arthur.menezes_evolu\Desktop\Pes\barcodescanner\zxing-sample\src\main\java\me\dm7\barcodescanner\zxing\sample\MainActivity.java,me.dm7.barcodescanner.zxing.sample.MainActivity,"onRequestPermissionsResult/3[int,java.lang.String[],int[]]",false,71,2,0,0,0,5,3,15,1,1,3,3,0,0,0,2,0,0,1,2,1,0,3,0,0,0,22,1,0,false
c:\Users\arthur.menezes_evolu\Desktop\Pes\barcodescanner\zbar-sample\src\main\java\me\dm7\barcodescanner\zbar\sample\MessageDialogFragment.java,me.dm7.barcodescanner.zbar.sample.MessageDialogFragment$Anonymous1,"onClick/2[me.dm7.barcodescanner.zbar.sample.DialogInterface,int]",false,38,2,3,0,3,2,1,5,0,0,2,1,0,0,0,1,0,0,0,0,0,0,1,0,0,0,8,1,0,false
c:\Users\arthur.menezes_evolu\Desktop\Pes\barcodescanner\zxing-sample\src\main\java\me\dm7\barcodescanner\zxing\sample\CameraSelectorDialogFragment.java,me.dm7.barcodescanner.zxing.sample.CameraSelectorDialogFragment$CameraSelectorDialogListener,onCameraSelected/1[int],false,12,0,1,1,0,1,0,1,0,0,1,0,0,0,0,0,0,0,0,0,0,0,0,0,0,0,5,1,0,false
c:\Users\arthur.menezes_evolu\Desktop\Pes\barcodescanner\zxing-sample\src\main\java\me\dm7\barcodescanner\zxing\sample\SimpleScannerFragmentActivity.java,me.dm7.barcodescanner.zxing.sample.SimpleScannerFragmentActivity,onCreate/1[me.dm7.barcodescanner.zxing.sample.Bundle],false,7,2,1,0,1,1,3,5,0,0,1,3,0,0,0,0,0,0,0,0,0,0,0,0,0,0,9,1,0,false
c:\Users\arthur.menezes_evolu\Desktop\Pes\barcodescanner\zxing-sample\src\main\java\me\dm7\barcodescanner\zxing\sample\FormatSelectorDialogFragment.java,me.dm7.barcodescanner.zxing.sample.FormatSelectorDialogFragment$Anonymous3,"onClick/2[me.dm7.barcodescanner.zxing.sample.DialogInterface,int]",false,89,1,3,0,3,1,0,2,0,0,2,0,0,0,0,0,0,0,0,0,0,0,0,0,0,0,5,1,0,false
c:\Users\arthur.menezes_evolu\Desktop\Pes\barcodescanner\zxing-sample\src\main\java\me\dm7\barcodescanner\zxing\sample\FormatSelectorDialogFragment.java,me.dm7.barcodescanner.zxing.sample.FormatSelectorDialogFragment$Anonymous2,"onClick/2[me.dm7.barcodescanner.zxing.sample.DialogInterface,int]",false,79,2,3,0,3,2,1,5,0,0,2,1,0,0,0,1,0,0,0,0,0,0,1,0,0,0,10,1,0,false
c:\Users\arthur.menezes_evolu\Desktop\Pes\barcodescanner\zxing-sample\src\main\java\me\dm7\barcodescanner\zxing\sample\SimpleScannerFragment.java,me.dm7.barcodescanner.zxing.sample.SimpleScannerFragment,onResume/0,false,25,2,2,0,2,1,3,5,0,0,0,3,0,0,0,0,0,0,0,0,0,0,0,0,0,0,2,1,0,false
c:\Users\arthur.menezes_evolu\Desktop\Pes\barcodescanner\zxing-sample\src\main\java\me\dm7\barcodescanner\zxing\sample\SimpleScannerFragment.java,me.dm7.barcodescanner.zxing.sample.SimpleScannerFragment,"onCreateView/3[me.dm7.barcodescanner.zxing.sample.LayoutInflater,me.dm7.barcodescanner.zxing.sample.ViewGroup,me.dm7.barcodescanner.zxing.sample.Bundle]",false,19,5,1,0,1,1,1,4,1,0,3,1,0,0,0,0,0,0,0,0,1,0,0,0,0,0,14,1,0,false
c:\Users\arthur.menezes_evolu\Desktop\Pes\barcodescanner\zxing-sample\src\main\java\me\dm7\barcodescanner\zxing\sample\SimpleScannerFragment.java,me.dm7.barcodescanner.zxing.sample.SimpleScannerFragment,handleResult/1[me.dm7.barcodescanner.zxing.sample.Result],false,32,2,1,0,1,1,7,10,0,1,1,7,0,0,0,0,0,0,2,1,1,1,0,1,0,0,10,1,0,false
c:\Users\arthur.menezes_evolu\Desktop\Pes\barcodescanner\zxing-sample\src\main\java\me\dm7\barcodescanner\zxing\sample\SimpleScannerFragment.java,me.dm7.barcodescanner.zxing.sample.SimpleScannerFragment,onPause/0,false,49,1,1,0,1,1,2,4,0,0,0,2,0,0,0,0,0,0,0,0,0,0,0,0,0,0,2,1,0,false
c:\Users\arthur.menezes_evolu\Desktop\Pes\barcodescanner\core\src\main\java\me\dm7\barcodescanner\core\CameraPreview.java,me.dm7.barcodescanner.core.CameraPreview,showCameraPreview/0,false,82,1,6,2,4,5,12,24,0,0,0,12,4,6,0,1,1,0,0,0,1,0,4,0,0,0,23,1,0,false
c:\Users\arthur.menezes_evolu\Desktop\Pes\barcodescanner\core\src\main\java\me\dm7\barcodescanner\core\CameraPreview.java,me.dm7.barcodescanner.core.CameraPreview,"setViewSize/2[int,int]",false,159,3,2,1,1,4,7,31,0,8,2,7,1,1,0,1,0,2,1,2,15,5,2,0,0,0,23,2,0,false
c:\Users\arthur.menezes_evolu\Desktop\Pes\barcodescanner\core\src\main\java\me\dm7\barcodescanner\core\CameraPreview.java,me.dm7.barcodescanner.core.CameraPreview,getOptimalPreviewSize/0,false,229,3,2,1,1,10,8,36,3,9,0,8,0,0,2,4,0,0,0,0,16,7,3,0,0,0,24,2,0,false
c:\Users\arthur.menezes_evolu\Desktop\Pes\barcodescanner\core\src\main\java\me\dm7\barcodescanner\core\CameraPreview.java,me.dm7.barcodescanner.core.CameraPreview,"CameraPreview/3[me.dm7.barcodescanner.core.Context,me.dm7.barcodescanner.core.CameraWrapper,Camera.PreviewCallback]",true,32,4,2,1,1,1,1,4,0,0,3,1,1,2,0,0,0,0,0,0,0,0,0,0,0,0,7,1,0,false
c:\Users\arthur.menezes_evolu\Desktop\Pes\barcodescanner\core\src\main\java\me\dm7\barcodescanner\core\CameraPreview.java,me.dm7.barcodescanner.core.CameraPreview,safeAutoFocus/0,false,105,1,4,3,1,2,2,8,0,0,0,2,1,1,0,0,1,0,0,0,0,0,1,0,0,0,10,1,0,false
c:\Users\arthur.menezes_evolu\Desktop\Pes\barcodescanner\core\src\main\java\me\dm7\barcodescanner\core\CameraPreview.java,me.dm7.barcodescanner.core.CameraPreview,"setCamera/2[me.dm7.barcodescanner.core.CameraWrapper,Camera.PreviewCallback]",false,49,2,2,2,0,1,0,4,0,0,2,0,0,0,0,0,0,0,0,0,2,0,0,0,0,0,8,1,0,false
c:\Users\arthur.menezes_evolu\Desktop\Pes\barcodescanner\core\src\main\java\me\dm7\barcodescanner\core\CameraPreview.java,me.dm7.barcodescanner.core.CameraPreview,setupCameraParameters/0,false,129,2,3,1,2,1,5,7,0,2,0,5,2,4,0,0,0,0,0,0,2,0,0,0,0,0,11,1,0,false
c:\Users\arthur.menezes_evolu\Desktop\Pes\barcodescanner\core\src\main\java\me\dm7\barcodescanner\core\CameraPreview.java,me.dm7.barcodescanner.core.CameraPreview,setShouldScaleToFill/1[boolean],false,54,0,1,1,0,1,0,3,0,0,1,0,0,0,0,0,0,0,0,0,1,0,0,0,0,0,7,1,0,false
c:\Users\arthur.menezes_evolu\Desktop\Pes\barcodescanner\core\src\main\java\me\dm7\barcodescanner\core\CameraPreview.java,me.dm7.barcodescanner.core.CameraPreview,surfaceCreated/1[me.dm7.barcodescanner.core.SurfaceHolder],false,63,1,0,0,0,1,0,3,0,0,1,0,0,0,0,0,0,0,0,0,1,0,0,0,0,0,6,1,0,false
c:\Users\arthur.menezes_evolu\Desktop\Pes\barcodescanner\core\src\main\java\me\dm7\barcodescanner\core\CameraPreview.java,me.dm7.barcodescanner.core.CameraPreview,adjustViewSize/1[Camera.Size],false,137,3,3,1,2,2,4,11,0,3,1,4,2,3,0,0,0,4,0,0,3,4,1,0,0,0,15,2,0,false
c:\Users\arthur.menezes_evolu\Desktop\Pes\barcodescanner\core\src\main\java\me\dm7\barcodescanner\core\CameraPreview.java,me.dm7.barcodescanner.core.CameraPreview,surfaceDestroyed/1[me.dm7.barcodescanner.core.SurfaceHolder],false,77,2,1,0,1,1,1,4,0,0,1,1,1,1,0,0,0,0,0,0,1,0,0,0,0,0,10,1,0,false
c:\Users\arthur.menezes_evolu\Desktop\Pes\barcodescanner\core\src\main\java\me\dm7\barcodescanner\core\CameraPreview.java,me.dm7.barcodescanner.core.CameraPreview,convertSizeToLandscapeOrientation/1[me.dm7.barcodescanner.core.Point],false,150,2,2,1,1,2,1,8,2,0,1,1,1,1,0,1,0,0,1,2,0,1,1,0,0,0,9,2,0,false
c:\Users\arthur.menezes_evolu\Desktop\Pes\barcodescanner\core\src\main\java\me\dm7\barcodescanner\core\CameraPreview.java,me.dm7.barcodescanner.core.CameraPreview,scheduleAutoFocus/0,false,309,0,4,4,0,1,1,3,0,0,0,1,0,0,0,0,0,0,0,1,0,0,0,0,0,0,3,2,0,false
c:\Users\arthur.menezes_evolu\Desktop\Pes\barcodescanner\core\src\main\java\me\dm7\barcodescanner\core\CameraPreview.java,me.dm7.barcodescanner.core.CameraPreview,"CameraPreview/4[me.dm7.barcodescanner.core.Context,me.dm7.barcodescanner.core.AttributeSet,me.dm7.barcodescanner.core.CameraWrapper,Camera.PreviewCallback]",true,37,5,1,0,1,1,1,4,0,0,4,1,1,2,0,0,0,0,0,0,0,0,0,0,0,0,6,1,0,false
c:\Users\arthur.menezes_evolu\Desktop\Pes\barcodescanner\core\src\main\java\me\dm7\barcodescanner\core\CameraPreview.java,me.dm7.barcodescanner.core.CameraPreview,stopCameraPreview/0,false,115,0,4,4,0,3,7,14,0,0,0,7,0,0,0,1,1,0,0,0,1,0,2,0,0,0,12,1,0,false
c:\Users\arthur.menezes_evolu\Desktop\Pes\barcodescanner\core\src\main\java\me\dm7\barcodescanner\core\CameraPreview.java,me.dm7.barcodescanner.core.CameraPreview,"surfaceChanged/4[me.dm7.barcodescanner.core.SurfaceHolder,int,int,int]",false,68,2,2,0,2,2,3,7,1,0,4,3,2,7,0,1,0,0,0,0,0,0,1,0,0,0,10,1,0,false
c:\Users\arthur.menezes_evolu\Desktop\Pes\barcodescanner\core\src\main\java\me\dm7\barcodescanner\core\CameraPreview.java,me.dm7.barcodescanner.core.CameraPreview,setAutoFocus/1[boolean],false,274,1,3,1,2,6,4,21,1,0,1,4,2,2,0,2,0,0,2,0,1,0,3,0,0,0,13,1,0,false
c:\Users\arthur.menezes_evolu\Desktop\Pes\barcodescanner\core\src\main\java\me\dm7\barcodescanner\core\CameraPreview.java,me.dm7.barcodescanner.core.CameraPreview,setAspectTolerance/1[float],false,58,0,1,1,0,1,0,3,0,0,1,0,0,0,0,0,0,0,0,0,1,0,0,0,0,0,5,1,0,false
c:\Users\arthur.menezes_evolu\Desktop\Pes\barcodescanner\core\src\main\java\me\dm7\barcodescanner\core\CameraPreview.java,me.dm7.barcodescanner.core.CameraPreview,"init/2[me.dm7.barcodescanner.core.CameraWrapper,Camera.PreviewCallback]",false,42,4,3,2,1,1,4,6,0,0,2,4,1,1,0,0,0,0,0,0,1,0,0,0,0,0,12,1,0,false
c:\Users\arthur.menezes_evolu\Desktop\Pes\barcodescanner\core\src\main\java\me\dm7\barcodescanner\core\CameraPreview.java,me.dm7.barcodescanner.core.CameraPreview,getDisplayOrientation/0,false,194,3,4,4,0,8,5,39,2,6,0,5,0,0,0,3,0,3,0,12,12,7,1,0,0,0,16,1,0,false
c:\Users\arthur.menezes_evolu\Desktop\Pes\barcodescanner\zxing-sample\src\main\java\me\dm7\barcodescanner\zxing\sample\FormatSelectorDialogFragment.java,me.dm7.barcodescanner.zxing.sample.FormatSelectorDialogFragment$Anonymous1,"onClick/3[me.dm7.barcodescanner.zxing.sample.DialogInterface,int,boolean]",false,66,1,0,0,0,3,4,8,0,0,3,4,0,0,0,0,0,0,0,0,0,0,1,0,0,0,7,1,0,false
c:\Users\arthur.menezes_evolu\Desktop\Pes\barcodescanner\core\src\main\java\me\dm7\barcodescanner\core\CameraHandlerThread.java,me.dm7.barcodescanner.core.CameraHandlerThread,startCamera/1[int],false,21,1,2,1,1,1,2,16,0,1,1,2,0,0,0,0,0,0,0,0,1,0,0,1,0,0,11,1,0,false
c:\Users\arthur.menezes_evolu\Desktop\Pes\barcodescanner\core\src\main\java\me\dm7\barcodescanner\core\CameraHandlerThread.java,me.dm7.barcodescanner.core.CameraHandlerThread,CameraHandlerThread/1[me.dm7.barcodescanner.core.BarcodeScannerView],true,15,1,1,1,0,1,1,5,0,0,1,1,0,0,0,0,0,0,1,0,1,0,0,0,0,0,9,1,0,false
c:\Users\arthur.menezes_evolu\Desktop\Pes\barcodescanner\zxing-sample\src\main\java\me\dm7\barcodescanner\zxing\sample\FullScannerActivity.java,me.dm7.barcodescanner.zxing.sample.FullScannerActivity,onSaveInstanceState/1[me.dm7.barcodescanner.zxing.sample.Bundle],false,69,1,0,0,0,1,4,7,0,0,1,4,0,0,0,0,0,0,0,0,0,0,0,0,0,0,6,1,0,false
c:\Users\arthur.menezes_evolu\Desktop\Pes\barcodescanner\zxing-sample\src\main\java\me\dm7\barcodescanner\zxing\sample\FullScannerActivity.java,me.dm7.barcodescanner.zxing.sample.FullScannerActivity,showMessageDialog/1[java.lang.String],false,151,2,2,1,1,1,3,4,0,1,1,3,0,0,0,0,0,0,2,0,1,0,0,0,0,0,9,1,0,false
c:\Users\arthur.menezes_evolu\Desktop\Pes\barcodescanner\zxing-sample\src\main\java\me\dm7\barcodescanner\zxing\sample\FullScannerActivity.java,me.dm7.barcodescanner.zxing.sample.FullScannerActivity,onFormatsSaved/1[java.util.ArrayList<java.lang.Integer>],false,179,1,1,0,1,1,1,4,0,0,1,1,1,1,0,0,0,0,0,0,1,0,0,0,0,0,8,1,0,false
c:\Users\arthur.menezes_evolu\Desktop\Pes\barcodescanner\zxing-sample\src\main\java\me\dm7\barcodescanner\zxing\sample\FullScannerActivity.java,me.dm7.barcodescanner.zxing.sample.FullScannerActivity,onCameraSelected/1[int],false,185,1,3,0,3,1,3,6,0,0,1,3,0,0,0,0,0,0,0,0,1,0,0,0,0,0,9,1,0,false
c:\Users\arthur.menezes_evolu\Desktop\Pes\barcodescanner\zxing-sample\src\main\java\me\dm7\barcodescanner\zxing\sample\FullScannerActivity.java,me.dm7.barcodescanner.zxing.sample.FullScannerActivity,onCreateOptionsMenu/1[me.dm7.barcodescanner.zxing.sample.Menu],false,78,2,0,0,0,3,3,22,1,1,1,3,0,0,0,0,0,0,0,6,6,0,1,0,0,0,10,1,0,false
c:\Users\arthur.menezes_evolu\Desktop\Pes\barcodescanner\zxing-sample\src\main\java\me\dm7\barcodescanner\zxing\sample\FullScannerActivity.java,me.dm7.barcodescanner.zxing.sample.FullScannerActivity,onResume/0,false,60,2,4,0,4,1,5,7,0,0,0,5,0,0,0,0,0,0,0,0,0,0,0,0,0,0,8,1,0,false
c:\Users\arthur.menezes_evolu\Desktop\Pes\barcodescanner\zxing-sample\src\main\java\me\dm7\barcodescanner\zxing\sample\FullScannerActivity.java,me.dm7.barcodescanner.zxing.sample.FullScannerActivity,closeFormatsDialog/0,false,160,1,2,1,1,1,1,3,0,0,0,1,1,1,0,0,0,0,1,0,0,0,0,0,0,0,3,1,0,false
c:\Users\arthur.menezes_evolu\Desktop\Pes\barcodescanner\zxing-sample\src\main\java\me\dm7\barcodescanner\zxing\sample\FullScannerActivity.java,me.dm7.barcodescanner.zxing.sample.FullScannerActivity,onOptionsItemSelected/1[me.dm7.barcodescanner.zxing.sample.MenuItem],false,106,5,5,0,5,7,10,35,5,2,1,10,0,0,0,0,0,0,2,0,4,0,2,0,0,0,18,1,0,false
c:\Users\arthur.menezes_evolu\Desktop\Pes\barcodescanner\zxing-sample\src\main\java\me\dm7\barcodescanner\zxing\sample\FullScannerActivity.java,me.dm7.barcodescanner.zxing.sample.FullScannerActivity,onDialogPositiveClick/1[me.dm7.barcodescanner.zxing.sample.DialogFragment],false,173,2,1,0,1,1,1,3,0,0,1,1,0,0,0,0,0,0,0,0,0,0,0,0,0,0,6,1,0,false
c:\Users\arthur.menezes_evolu\Desktop\Pes\barcodescanner\zxing-sample\src\main\java\me\dm7\barcodescanner\zxing\sample\FullScannerActivity.java,me.dm7.barcodescanner.zxing.sample.FullScannerActivity,closeMessageDialog/0,false,156,1,2,1,1,1,1,3,0,0,0,1,1,1,0,0,0,0,1,0,0,0,0,0,0,0,3,1,0,false
c:\Users\arthur.menezes_evolu\Desktop\Pes\barcodescanner\zxing-sample\src\main\java\me\dm7\barcodescanner\zxing\sample\FullScannerActivity.java,me.dm7.barcodescanner.zxing.sample.FullScannerActivity,closeDialog/1[java.lang.String],false,164,2,2,2,0,2,3,7,0,2,1,3,0,0,0,1,0,0,0,0,2,0,1,0,0,0,10,1,0,false
c:\Users\arthur.menezes_evolu\Desktop\Pes\barcodescanner\zxing-sample\src\main\java\me\dm7\barcodescanner\zxing\sample\FullScannerActivity.java,me.dm7.barcodescanner.zxing.sample.FullScannerActivity,handleResult/1[me.dm7.barcodescanner.zxing.sample.Result],false,142,4,1,0,1,2,8,10,0,2,1,8,1,1,0,0,1,0,2,0,2,1,1,0,0,0,16,1,0,false
c:\Users\arthur.menezes_evolu\Desktop\Pes\barcodescanner\zxing-sample\src\main\java\me\dm7\barcodescanner\zxing\sample\FullScannerActivity.java,me.dm7.barcodescanner.zxing.sample.FullScannerActivity,setupFormats/0,false,192,2,3,2,1,6,6,15,0,2,0,6,0,0,2,2,0,0,0,1,3,0,2,0,0,0,11,1,0,false
c:\Users\arthur.menezes_evolu\Desktop\Pes\barcodescanner\zxing-sample\src\main\java\me\dm7\barcodescanner\zxing\sample\FullScannerActivity.java,me.dm7.barcodescanner.zxing.sample.FullScannerActivity,onCreate/1[me.dm7.barcodescanner.zxing.sample.Bundle],false,36,5,3,0,3,2,9,21,0,1,1,9,1,1,0,1,0,0,0,2,10,0,1,0,0,0,41,1,0,false
c:\Users\arthur.menezes_evolu\Desktop\Pes\barcodescanner\zxing-sample\src\main\java\me\dm7\barcodescanner\zxing\sample\FullScannerActivity.java,me.dm7.barcodescanner.zxing.sample.FullScannerActivity,onPause/0,false,210,2,3,0,3,1,4,6,0,0,0,4,2,3,0,0,0,0,0,0,0,0,0,0,0,0,6,1,0,false
c:\Users\arthur.menezes_evolu\Desktop\Pes\barcodescanner\zbar\src\main\java\me\dm7\barcodescanner\zbar\ZBarScannerView.java,me.dm7.barcodescanner.zbar.ZBarScannerView$ResultHandler,handleResult/1[me.dm7.barcodescanner.zbar.Result],false,30,1,1,1,0,1,0,1,0,0,1,0,0,0,0,0,0,0,0,0,0,0,0,0,0,0,3,1,0,false
c:\Users\arthur.menezes_evolu\Desktop\Pes\barcodescanner\zxing-sample\src\main\java\me\dm7\barcodescanner\zxing\sample\CameraSelectorDialogFragment.java,me.dm7.barcodescanner.zxing.sample.CameraSelectorDialogFragment$Anonymous1,"onClick/2[me.dm7.barcodescanner.zxing.sample.DialogInterface,int]",false,64,1,3,0,3,1,0,3,0,0,2,0,0,0,0,0,0,0,0,0,1,0,0,0,0,0,8,1,0,false
c:\Users\arthur.menezes_evolu\Desktop\Pes\barcodescanner\zxing-sample\src\main\java\me\dm7\barcodescanner\zxing\sample\CameraSelectorDialogFragment.java,me.dm7.barcodescanner.zxing.sample.CameraSelectorDialogFragment$Anonymous2,"onClick/2[me.dm7.barcodescanner.zxing.sample.DialogInterface,int]",false,71,2,3,0,3,2,1,5,0,0,2,1,0,0,0,1,0,0,0,0,0,0,1,0,0,0,10,1,0,false
c:\Users\arthur.menezes_evolu\Desktop\Pes\barcodescanner\zxing-sample\src\main\java\me\dm7\barcodescanner\zxing\sample\CameraSelectorDialogFragment.java,me.dm7.barcodescanner.zxing.sample.CameraSelectorDialogFragment$Anonymous3,"onClick/2[me.dm7.barcodescanner.zxing.sample.DialogInterface,int]",false,81,1,3,0,3,1,0,2,0,0,2,0,0,0,0,0,0,0,0,0,0,0,0,0,0,0,5,1,0,false
c:\Users\arthur.menezes_evolu\Desktop\Pes\barcodescanner\zxing-sample\src\main\java\me\dm7\barcodescanner\zxing\sample\MessageDialogFragment.java,me.dm7.barcodescanner.zxing.sample.MessageDialogFragment,"newInstance/3[java.lang.String,java.lang.String,me.dm7.barcodescanner.zxing.sample.MessageDialogFragment.MessageDialogListener]",false,23,2,3,2,1,1,0,7,1,1,3,0,0,0,0,0,0,0,0,0,4,0,0,0,0,0,9,9,0,false
c:\Users\arthur.menezes_evolu\Desktop\Pes\barcodescanner\zxing-sample\src\main\java\me\dm7\barcodescanner\zxing\sample\MessageDialogFragment.java,me.dm7.barcodescanner.zxing.sample.MessageDialogFragment,onCreate/1[me.dm7.barcodescanner.zxing.sample.Bundle],false,18,1,0,0,0,1,2,4,0,0,1,2,0,0,0,0,0,0,0,0,0,0,0,0,0,0,8,1,0,false
c:\Users\arthur.menezes_evolu\Desktop\Pes\barcodescanner\zxing-sample\src\main\java\me\dm7\barcodescanner\zxing\sample\MessageDialogFragment.java,me.dm7.barcodescanner.zxing.sample.MessageDialogFragment,onCreateDialog/1[me.dm7.barcodescanner.zxing.sample.Bundle],false,32,4,0,0,0,1,5,13,1,1,1,5,0,0,0,0,0,0,1,0,1,0,0,1,0,0,18,1,0,false
c:\Users\arthur.menezes_evolu\Desktop\Pes\barcodescanner\zxing-sample\src\main\java\me\dm7\barcodescanner\zxing\sample\ScalingScannerActivity.java,me.dm7.barcodescanner.zxing.sample.ScalingScannerActivity,handleResult/1[me.dm7.barcodescanner.zxing.sample.Result],false,53,2,1,0,1,1,6,10,0,1,1,6,0,0,0,0,0,0,2,1,1,1,0,1,0,0,8,1,0,false
c:\Users\arthur.menezes_evolu\Desktop\Pes\barcodescanner\zxing-sample\src\main\java\me\dm7\barcodescanner\zxing\sample\ScalingScannerActivity.java,me.dm7.barcodescanner.zxing.sample.ScalingScannerActivity,toggleFlash/1[me.dm7.barcodescanner.zxing.sample.View],false,70,2,1,0,1,1,1,4,0,0,1,1,0,0,0,0,0,0,0,0,1,0,0,0,0,0,5,1,0,false
c:\Users\arthur.menezes_evolu\Desktop\Pes\barcodescanner\zxing-sample\src\main\java\me\dm7\barcodescanner\zxing\sample\ScalingScannerActivity.java,me.dm7.barcodescanner.zxing.sample.ScalingScannerActivity,onPause/0,false,41,1,1,0,1,1,2,4,0,0,0,2,0,0,0,0,0,0,0,0,0,0,0,0,0,0,2,1,0,false
c:\Users\arthur.menezes_evolu\Desktop\Pes\barcodescanner\zxing-sample\src\main\java\me\dm7\barcodescanner\zxing\sample\ScalingScannerActivity.java,me.dm7.barcodescanner.zxing.sample.ScalingScannerActivity,onCreate/1[me.dm7.barcodescanner.zxing.sample.Bundle],false,20,4,2,0,2,1,5,8,0,1,1,5,0,0,0,0,0,0,0,0,2,0,0,0,0,0,19,1,0,false
c:\Users\arthur.menezes_evolu\Desktop\Pes\barcodescanner\zxing-sample\src\main\java\me\dm7\barcodescanner\zxing\sample\ScalingScannerActivity.java,me.dm7.barcodescanner.zxing.sample.ScalingScannerActivity,onSaveInstanceState/1[me.dm7.barcodescanner.zxing.sample.Bundle],false,47,1,0,0,0,1,2,4,0,0,1,2,0,0,0,0,0,0,0,0,0,0,0,0,0,0,6,1,0,false
c:\Users\arthur.menezes_evolu\Desktop\Pes\barcodescanner\zxing-sample\src\main\java\me\dm7\barcodescanner\zxing\sample\ScalingScannerActivity.java,me.dm7.barcodescanner.zxing.sample.ScalingScannerActivity,onResume/0,false,30,2,4,0,4,1,5,7,0,0,0,5,0,0,0,0,0,0,0,1,0,0,0,0,0,0,4,1,0,false
c:\Users\arthur.menezes_evolu\Desktop\Pes\barcodescanner\zxing-sample\src\main\java\me\dm7\barcodescanner\zxing\sample\ScalingScannerActivity.java,me.dm7.barcodescanner.zxing.sample.ScalingScannerActivity$Anonymous1,run/0,false,64,1,10,0,10,1,1,3,0,0,0,1,0,0,0,0,0,0,0,0,0,0,0,0,0,0,1,1,0,false
c:\Users\arthur.menezes_evolu\Desktop\Pes\barcodescanner\zbar\src\main\java\me\dm7\barcodescanner\zbar\ZBarScannerView.java,me.dm7.barcodescanner.zbar.ZBarScannerView,(initializer 1),false,33,0,0,0,0,1,1,3,0,0,0,1,0,0,0,0,0,0,1,0,0,0,0,0,0,0,0,8,0,false
c:\Users\arthur.menezes_evolu\Desktop\Pes\barcodescanner\zbar\src\main\java\me\dm7\barcodescanner\zbar\ZBarScannerView.java,me.dm7.barcodescanner.zbar.ZBarScannerView,"onPreviewFrame/2[byte[],me.dm7.barcodescanner.zbar.Camera]",false,79,12,17,0,17,10,25,61,1,13,2,25,0,0,1,5,1,0,1,3,17,0,4,1,0,0,41,1,0,false
c:\Users\arthur.menezes_evolu\Desktop\Pes\barcodescanner\zbar\src\main\java\me\dm7\barcodescanner\zbar\ZBarScannerView.java,me.dm7.barcodescanner.zbar.ZBarScannerView,"ZBarScannerView/2[me.dm7.barcodescanner.zbar.Context,me.dm7.barcodescanner.zbar.AttributeSet]",true,46,3,1,0,1,1,1,4,0,0,2,1,1,2,0,0,0,0,0,0,0,0,0,0,0,0,8,1,0,false
c:\Users\arthur.menezes_evolu\Desktop\Pes\barcodescanner\zbar\src\main\java\me\dm7\barcodescanner\zbar\ZBarScannerView.java,me.dm7.barcodescanner.zbar.ZBarScannerView,ZBarScannerView/1[me.dm7.barcodescanner.zbar.Context],true,41,2,5,4,1,1,1,4,0,0,1,1,1,2,0,0,0,0,0,0,0,0,0,0,0,0,7,1,0,false
c:\Users\arthur.menezes_evolu\Desktop\Pes\barcodescanner\zbar\src\main\java\me\dm7\barcodescanner\zbar\ZBarScannerView.java,me.dm7.barcodescanner.zbar.ZBarScannerView,setResultHandler/1[me.dm7.barcodescanner.zbar.ZBarScannerView.ResultHandler],false,56,1,4,4,0,1,0,3,0,0,1,0,0,0,0,0,0,0,0,0,1,0,0,0,0,0,5,1,0,false
c:\Users\arthur.menezes_evolu\Desktop\Pes\barcodescanner\zbar\src\main\java\me\dm7\barcodescanner\zbar\ZBarScannerView.java,me.dm7.barcodescanner.zbar.ZBarScannerView,resumeCameraPreview/1[me.dm7.barcodescanner.zbar.ZBarScannerView.ResultHandler],false,153,1,3,3,0,1,1,4,0,0,1,1,0,0,0,0,0,0,0,0,1,0,0,0,0,0,7,1,0,false
c:\Users\arthur.menezes_evolu\Desktop\Pes\barcodescanner\zbar\src\main\java\me\dm7\barcodescanner\zbar\ZBarScannerView.java,me.dm7.barcodescanner.zbar.ZBarScannerView,getFormats/0,false,60,1,1,1,0,2,0,6,2,0,0,0,0,0,0,1,0,0,0,0,0,0,1,0,0,0,4,1,0,false
c:\Users\arthur.menezes_evolu\Desktop\Pes\barcodescanner\zbar\src\main\java\me\dm7\barcodescanner\zbar\ZBarScannerView.java,me.dm7.barcodescanner.zbar.ZBarScannerView,setFormats/1[java.util.List<me.dm7.barcodescanner.zbar.BarcodeFormat>],false,51,2,3,2,1,1,1,4,0,0,1,1,1,2,0,0,0,0,0,0,1,0,0,0,0,0,6,1,0,false
c:\Users\arthur.menezes_evolu\Desktop\Pes\barcodescanner\zbar\src\main\java\me\dm7\barcodescanner\zbar\ZBarScannerView.java,me.dm7.barcodescanner.zbar.ZBarScannerView,setupScanner/0,false,67,3,7,3,4,2,3,9,0,0,0,3,1,1,1,0,0,0,0,6,1,0,1,0,0,0,9,1,0,false
c:\Users\arthur.menezes_evolu\Desktop\Pes\barcodescanner\zxing\src\main\java\me\dm7\barcodescanner\zxing\ZXingScannerView.java,me.dm7.barcodescanner.zxing.ZXingScannerView,ZXingScannerView/1[me.dm7.barcodescanner.zxing.Context],true,64,2,6,5,1,1,1,4,0,0,1,1,1,2,0,0,0,0,0,0,0,0,0,0,0,0,10,1,0,false
c:\Users\arthur.menezes_evolu\Desktop\Pes\barcodescanner\zxing\src\main\java\me\dm7\barcodescanner\zxing\ZXingScannerView.java,me.dm7.barcodescanner.zxing.ZXingScannerView,setResultHandler/1[me.dm7.barcodescanner.zxing.ZXingScannerView.ResultHandler],false,79,1,6,6,0,1,0,3,0,0,1,0,0,0,0,0,0,0,0,0,1,0,0,0,0,0,5,1,0,false
c:\Users\arthur.menezes_evolu\Desktop\Pes\barcodescanner\zxing\src\main\java\me\dm7\barcodescanner\zxing\ZXingScannerView.java,me.dm7.barcodescanner.zxing.ZXingScannerView,"buildLuminanceSource/3[byte[],int,int]",false,182,4,2,1,1,3,3,13,2,2,3,3,0,0,0,1,1,0,0,0,3,0,1,0,0,0,18,1,0,false
c:\Users\arthur.menezes_evolu\Desktop\Pes\barcodescanner\zxing\src\main\java\me\dm7\barcodescanner\zxing\ZXingScannerView.java,me.dm7.barcodescanner.zxing.ZXingScannerView,"ZXingScannerView/2[me.dm7.barcodescanner.zxing.Context,me.dm7.barcodescanner.zxing.AttributeSet]",true,69,3,1,0,1,1,1,4,0,0,2,1,1,2,0,0,0,0,0,0,0,0,0,0,0,0,11,1,0,false
c:\Users\arthur.menezes_evolu\Desktop\Pes\barcodescanner\zxing\src\main\java\me\dm7\barcodescanner\zxing\ZXingScannerView.java,me.dm7.barcodescanner.zxing.ZXingScannerView,getFormats/0,false,83,1,1,1,0,2,0,6,2,0,0,0,0,0,0,1,0,0,0,0,0,0,1,0,0,0,13,1,0,false
c:\Users\arthur.menezes_evolu\Desktop\Pes\barcodescanner\zxing\src\main\java\me\dm7\barcodescanner\zxing\ZXingScannerView.java,me.dm7.barcodescanner.zxing.ZXingScannerView,"onPreviewFrame/2[byte[],me.dm7.barcodescanner.zxing.Camera]",false,98,11,5,0,5,13,15,70,1,12,2,15,1,1,0,7,3,0,0,2,18,0,4,1,0,0,59,1,0,false
c:\Users\arthur.menezes_evolu\Desktop\Pes\barcodescanner\zxing\src\main\java\me\dm7\barcodescanner\zxing\ZXingScannerView.java,me.dm7.barcodescanner.zxing.ZXingScannerView,(initializer 1),false,44,0,0,0,0,1,1,19,0,0,0,1,0,0,0,0,0,0,0,0,0,0,0,0,0,0,0,8,0,false
c:\Users\arthur.menezes_evolu\Desktop\Pes\barcodescanner\zxing\src\main\java\me\dm7\barcodescanner\zxing\ZXingScannerView.java,me.dm7.barcodescanner.zxing.ZXingScannerView,initMultiFormatReader/0,false,90,3,4,3,1,1,3,6,0,1,0,3,1,1,0,0,0,0,0,0,2,0,0,0,0,0,6,2,0,false
c:\Users\arthur.menezes_evolu\Desktop\Pes\barcodescanner\zxing\src\main\java\me\dm7\barcodescanner\zxing\ZXingScannerView.java,me.dm7.barcodescanner.zxing.ZXingScannerView,setFormats/1[java.util.List<me.dm7.barcodescanner.zxing.BarcodeFormat>],false,74,2,3,2,1,1,1,4,0,0,1,1,1,2,0,0,0,0,0,0,1,0,0,0,0,0,8,1,0,false
c:\Users\arthur.menezes_evolu\Desktop\Pes\barcodescanner\zxing\src\main\java\me\dm7\barcodescanner\zxing\ZXingScannerView.java,me.dm7.barcodescanner.zxing.ZXingScannerView,resumeCameraPreview/1[me.dm7.barcodescanner.zxing.ZXingScannerView.ResultHandler],false,177,1,3,3,0,1,1,4,0,0,1,1,0,0,0,0,0,0,0,0,1,0,0,0,0,0,7,1,0,false
c:\Users\arthur.menezes_evolu\Desktop\Pes\barcodescanner\zbar\src\main\java\me\dm7\barcodescanner\zbar\BarcodeFormat.java,me.dm7.barcodescanner.zbar.BarcodeFormat,getFormatById/1[int],false,64,1,2,1,1,3,1,8,2,0,1,1,1,1,1,1,0,0,0,0,0,0,2,0,0,0,16,9,0,false
c:\Users\arthur.menezes_evolu\Desktop\Pes\barcodescanner\zbar\src\main\java\me\dm7\barcodescanner\zbar\BarcodeFormat.java,me.dm7.barcodescanner.zbar.BarcodeFormat,getId/0,false,56,0,2,2,0,1,0,3,1,0,0,0,0,0,0,0,0,0,0,0,0,0,0,0,0,0,3,1,0,false
c:\Users\arthur.menezes_evolu\Desktop\Pes\barcodescanner\zbar\src\main\java\me\dm7\barcodescanner\zbar\BarcodeFormat.java,me.dm7.barcodescanner.zbar.BarcodeFormat,getName/0,false,60,0,5,5,0,1,0,3,1,0,0,0,0,0,0,0,0,0,0,0,0,0,0,0,0,0,3,1,0,false
c:\Users\arthur.menezes_evolu\Desktop\Pes\barcodescanner\zbar\src\main\java\me\dm7\barcodescanner\zbar\BarcodeFormat.java,me.dm7.barcodescanner.zbar.BarcodeFormat,(initializer 1),false,32,0,0,0,0,1,1,18,0,0,0,1,0,0,0,0,0,0,0,0,0,0,0,0,0,0,0,8,0,false
c:\Users\arthur.menezes_evolu\Desktop\Pes\barcodescanner\zbar\src\main\java\me\dm7\barcodescanner\zbar\BarcodeFormat.java,me.dm7.barcodescanner.zbar.BarcodeFormat,"BarcodeFormat/2[int,java.lang.String]",true,51,0,0,0,0,1,0,4,0,0,2,0,0,0,0,0,0,0,0,0,2,0,0,0,0,0,7,1,0,false
c:\Users\arthur.menezes_evolu\Desktop\Pes\barcodescanner\core\src\main\java\me\dm7\barcodescanner\core\BarcodeScannerView.java,me.dm7.barcodescanner.core.BarcodeScannerView,resumeCameraPreview/0,false,217,1,1,0,1,2,1,5,0,0,0,1,0,0,0,1,0,0,0,0,0,0,1,0,0,0,5,4,0,false
c:\Users\arthur.menezes_evolu\Desktop\Pes\barcodescanner\core\src\main\java\me\dm7\barcodescanner\core\BarcodeScannerView.java,me.dm7.barcodescanner.core.BarcodeScannerView,"getFramingRectInPreview/2[int,int]",false,223,2,5,2,3,7,3,21,2,4,2,3,0,0,0,4,0,0,0,2,9,8,2,0,0,0,15,33,0,false
c:\Users\arthur.menezes_evolu\Desktop\Pes\barcodescanner\core\src\main\java\me\dm7\barcodescanner\core\BarcodeScannerView.java,me.dm7.barcodescanner.core.BarcodeScannerView,setMaskColor/1[int],false,129,1,2,0,2,1,2,5,0,0,1,2,0,0,0,0,0,0,0,0,1,0,0,0,0,0,5,1,0,false
c:\Users\arthur.menezes_evolu\Desktop\Pes\barcodescanner\core\src\main\java\me\dm7\barcodescanner\core\BarcodeScannerView.java,me.dm7.barcodescanner.core.BarcodeScannerView,startCamera/0,false,194,2,8,6,2,1,2,3,0,0,0,2,1,1,0,0,0,0,0,0,0,0,0,0,0,0,2,1,0,false
c:\Users\arthur.menezes_evolu\Desktop\Pes\barcodescanner\core\src\main\java\me\dm7\barcodescanner\core\BarcodeScannerView.java,me.dm7.barcodescanner.core.BarcodeScannerView,setAspectTolerance/1[float],false,304,0,1,1,0,1,0,3,0,0,1,0,0,0,0,0,0,0,0,0,1,0,0,0,0,0,5,1,0,false
c:\Users\arthur.menezes_evolu\Desktop\Pes\barcodescanner\core\src\main\java\me\dm7\barcodescanner\core\BarcodeScannerView.java,me.dm7.barcodescanner.core.BarcodeScannerView,"BarcodeScannerView/2[me.dm7.barcodescanner.core.Context,me.dm7.barcodescanner.core.AttributeSet]",true,44,4,2,0,2,1,9,22,0,1,2,9,2,2,0,0,1,0,0,2,12,0,1,0,0,0,31,1,0,false
c:\Users\arthur.menezes_evolu\Desktop\Pes\barcodescanner\core\src\main\java\me\dm7\barcodescanner\core\BarcodeScannerView.java,me.dm7.barcodescanner.core.BarcodeScannerView,setFlash/1[boolean],false,249,2,16,15,1,6,6,19,2,1,1,6,0,0,0,1,0,0,0,0,2,0,3,0,0,0,9,1,0,false
c:\Users\arthur.menezes_evolu\Desktop\Pes\barcodescanner\core\src\main\java\me\dm7\barcodescanner\core\BarcodeScannerView.java,me.dm7.barcodescanner.core.BarcodeScannerView,setAutoFocus/1[boolean],false,293,1,14,13,1,2,1,6,0,0,1,1,0,0,0,1,0,0,0,0,1,0,1,0,0,0,9,1,0,false
c:\Users\arthur.menezes_evolu\Desktop\Pes\barcodescanner\core\src\main\java\me\dm7\barcodescanner\core\BarcodeScannerView.java,me.dm7.barcodescanner.core.BarcodeScannerView,"getRotatedData/2[byte[],me.dm7.barcodescanner.core.Camera]",false,308,3,3,2,1,6,3,20,1,10,2,3,1,1,3,2,0,0,0,6,14,6,4,0,0,0,17,1,0,false
c:\Users\arthur.menezes_evolu\Desktop\Pes\barcodescanner\core\src\main\java\me\dm7\barcodescanner\core\BarcodeScannerView.java,me.dm7.barcodescanner.core.BarcodeScannerView,setupLayout/1[me.dm7.barcodescanner.core.CameraWrapper],false,77,5,4,1,3,3,7,22,0,1,1,7,0,0,0,0,0,0,2,0,2,1,1,0,0,0,33,17,0,false
c:\Users\arthur.menezes_evolu\Desktop\Pes\barcodescanner\core\src\main\java\me\dm7\barcodescanner\core\BarcodeScannerView.java,me.dm7.barcodescanner.core.BarcodeScannerView,init/0,false,73,1,3,2,1,1,2,3,0,0,0,2,1,1,0,0,0,0,0,0,1,0,0,0,0,0,7,2,0,false
c:\Users\arthur.menezes_evolu\Desktop\Pes\barcodescanner\core\src\main\java\me\dm7\barcodescanner\core\BarcodeScannerView.java,me.dm7.barcodescanner.core.BarcodeScannerView,createViewFinderView/1[me.dm7.barcodescanner.core.Context],false,108,3,12,1,11,1,10,14,1,1,1,10,0,0,0,0,0,0,0,0,1,0,0,0,0,0,37,4,0,true
c:\Users\arthur.menezes_evolu\Desktop\Pes\barcodescanner\core\src\main\java\me\dm7\barcodescanner\core\BarcodeScannerView.java,me.dm7.barcodescanner.core.BarcodeScannerView,BarcodeScannerView/1[me.dm7.barcodescanner.core.Context],true,39,2,1,0,1,1,1,4,0,0,1,1,1,2,0,0,0,0,0,0,0,0,0,0,0,0,6,1,0,false
c:\Users\arthur.menezes_evolu\Desktop\Pes\barcodescanner\core\src\main\java\me\dm7\barcodescanner\core\BarcodeScannerView.java,me.dm7.barcodescanner.core.BarcodeScannerView,setBorderColor/1[int],false,134,1,2,0,2,1,2,5,0,0,1,2,0,0,0,0,0,0,0,0,1,0,0,0,0,0,5,1,0,false
c:\Users\arthur.menezes_evolu\Desktop\Pes\barcodescanner\core\src\main\java\me\dm7\barcodescanner\core\BarcodeScannerView.java,me.dm7.barcodescanner.core.BarcodeScannerView,toggleFlash/0,false,281,2,1,0,1,4,6,12,0,1,0,6,0,0,0,1,0,0,0,0,1,0,2,0,0,0,7,1,0,false
c:\Users\arthur.menezes_evolu\Desktop\Pes\barcodescanner\core\src\main\java\me\dm7\barcodescanner\core\BarcodeScannerView.java,me.dm7.barcodescanner.core.BarcodeScannerView,setBorderCornerRadius/1[int],false,159,1,2,0,2,1,2,5,0,0,1,2,0,0,0,0,0,0,0,0,1,0,0,0,0,0,6,1,0,false
c:\Users\arthur.menezes_evolu\Desktop\Pes\barcodescanner\core\src\main\java\me\dm7\barcodescanner\core\BarcodeScannerView.java,me.dm7.barcodescanner.core.BarcodeScannerView,setBorderStrokeWidth/1[int],false,139,1,2,0,2,1,2,5,0,0,1,2,0,0,0,0,0,0,0,0,1,0,0,0,0,0,6,1,0,false
c:\Users\arthur.menezes_evolu\Desktop\Pes\barcodescanner\core\src\main\java\me\dm7\barcodescanner\core\BarcodeScannerView.java,me.dm7.barcodescanner.core.BarcodeScannerView,setupCameraPreview/1[me.dm7.barcodescanner.core.CameraWrapper],false,182,3,5,1,4,3,4,11,0,0,1,4,3,1,0,2,0,0,0,0,1,0,2,0,0,0,14,1,0,false
c:\Users\arthur.menezes_evolu\Desktop\Pes\barcodescanner\core\src\main\java\me\dm7\barcodescanner\core\BarcodeScannerView.java,me.dm7.barcodescanner.core.BarcodeScannerView,setBorderLineLength/1[int],false,144,1,2,0,2,1,2,5,0,0,1,2,0,0,0,0,0,0,0,0,1,0,0,0,0,0,6,1,0,false
c:\Users\arthur.menezes_evolu\Desktop\Pes\barcodescanner\core\src\main\java\me\dm7\barcodescanner\core\BarcodeScannerView.java,me.dm7.barcodescanner.core.BarcodeScannerView,setShouldScaleToFill/1[boolean],false,300,0,1,1,0,1,0,3,0,0,1,0,0,0,0,0,0,0,0,0,1,0,0,0,0,0,7,1,0,false
c:\Users\arthur.menezes_evolu\Desktop\Pes\barcodescanner\core\src\main\java\me\dm7\barcodescanner\core\BarcodeScannerView.java,me.dm7.barcodescanner.core.BarcodeScannerView,setLaserColor/1[int],false,124,1,2,0,2,1,2,5,0,0,1,2,0,0,0,0,0,0,0,0,1,0,0,0,0,0,5,1,0,false
c:\Users\arthur.menezes_evolu\Desktop\Pes\barcodescanner\core\src\main\java\me\dm7\barcodescanner\core\BarcodeScannerView.java,me.dm7.barcodescanner.core.BarcodeScannerView,setLaserEnabled/1[boolean],false,149,1,2,0,2,1,2,5,0,0,1,2,0,0,0,0,0,0,0,0,1,0,0,0,0,0,6,1,0,false
c:\Users\arthur.menezes_evolu\Desktop\Pes\barcodescanner\core\src\main\java\me\dm7\barcodescanner\core\BarcodeScannerView.java,me.dm7.barcodescanner.core.BarcodeScannerView,setSquareViewFinder/1[boolean],false,164,1,2,0,2,1,2,5,0,0,1,2,0,0,0,0,0,0,0,0,1,0,0,0,0,0,7,1,0,false
c:\Users\arthur.menezes_evolu\Desktop\Pes\barcodescanner\core\src\main\java\me\dm7\barcodescanner\core\BarcodeScannerView.java,me.dm7.barcodescanner.core.BarcodeScannerView,setBorderAlpha/1[float],false,169,1,2,0,2,1,2,5,0,0,1,2,0,0,0,0,0,0,0,0,1,0,0,0,0,0,5,1,0,false
c:\Users\arthur.menezes_evolu\Desktop\Pes\barcodescanner\core\src\main\java\me\dm7\barcodescanner\core\BarcodeScannerView.java,me.dm7.barcodescanner.core.BarcodeScannerView,stopCamera/0,false,198,1,16,14,2,3,4,12,0,0,0,4,0,0,0,2,0,0,0,0,2,0,1,0,0,0,7,1,0,false
c:\Users\arthur.menezes_evolu\Desktop\Pes\barcodescanner\core\src\main\java\me\dm7\barcodescanner\core\BarcodeScannerView.java,me.dm7.barcodescanner.core.BarcodeScannerView,getFlash/0,false,269,2,1,0,1,4,4,12,3,1,0,4,0,0,0,1,0,0,0,0,1,0,2,0,0,0,9,1,0,false
c:\Users\arthur.menezes_evolu\Desktop\Pes\barcodescanner\core\src\main\java\me\dm7\barcodescanner\core\BarcodeScannerView.java,me.dm7.barcodescanner.core.BarcodeScannerView,startCamera/1[int],false,175,1,11,9,2,2,1,6,0,0,1,1,0,0,0,1,0,0,0,0,1,0,1,0,0,0,8,1,0,false
c:\Users\arthur.menezes_evolu\Desktop\Pes\barcodescanner\core\src\main\java\me\dm7\barcodescanner\core\BarcodeScannerView.java,me.dm7.barcodescanner.core.BarcodeScannerView,stopCameraPreview/0,false,211,1,2,1,1,2,1,5,0,0,0,1,0,0,0,1,0,0,0,0,0,0,1,0,0,0,5,1,0,false
c:\Users\arthur.menezes_evolu\Desktop\Pes\barcodescanner\core\src\main\java\me\dm7\barcodescanner\core\BarcodeScannerView.java,me.dm7.barcodescanner.core.BarcodeScannerView,setIsBorderCornerRounded/1[boolean],false,154,1,2,0,2,1,2,5,0,0,1,2,0,0,0,0,0,0,0,0,1,0,0,0,0,0,7,1,0,false
c:\Users\arthur.menezes_evolu\Desktop\Pes\barcodescanner\core\src\main\java\me\dm7\barcodescanner\core\BarcodeScannerView.java,me.dm7.barcodescanner.core.BarcodeScannerView,getRotationCount/0,false,333,1,4,3,1,1,1,4,1,1,0,1,0,0,0,0,0,0,0,1,1,1,0,0,0,0,5,1,0,false
c:\Users\arthur.menezes_evolu\Desktop\Pes\barcodescanner\zxing-sample\src\main\java\me\dm7\barcodescanner\zxing\sample\MessageDialogFragment.java,me.dm7.barcodescanner.zxing.sample.MessageDialogFragment$Anonymous1,"onClick/2[me.dm7.barcodescanner.zxing.sample.DialogInterface,int]",false,38,2,3,0,3,2,1,5,0,0,2,1,0,0,0,1,0,0,0,0,0,0,1,0,0,0,8,1,0,false
c:\Users\arthur.menezes_evolu\Desktop\Pes\barcodescanner\zbar-sample\src\main\java\me\dm7\barcodescanner\zbar\sample\BaseScannerActivity.java,me.dm7.barcodescanner.zbar.sample.BaseScannerActivity,setupToolbar/0,false,9,2,4,4,0,2,4,8,0,2,0,4,0,0,0,1,0,0,0,0,2,0,1,0,0,0,15,1,0,false
c:\Users\arthur.menezes_evolu\Desktop\Pes\barcodescanner\zbar-sample\src\main\java\me\dm7\barcodescanner\zbar\sample\BaseScannerActivity.java,me.dm7.barcodescanner.zbar.sample.BaseScannerActivity,onOptionsItemSelected/1[me.dm7.barcodescanner.zbar.sample.MenuItem],false,19,1,0,0,0,2,3,8,2,0,1,3,0,0,0,0,0,0,0,0,0,0,1,0,0,0,8,1,0,false
c:\Users\arthur.menezes_evolu\Desktop\Pes\barcodescanner\zxing-sample\src\main\java\me\dm7\barcodescanner\zxing\sample\SimpleScannerActivity.java,me.dm7.barcodescanner.zxing.sample.SimpleScannerActivity,onResume/0,false,27,2,2,0,2,1,3,5,0,0,0,3,0,0,0,0,0,0,0,0,0,0,0,0,0,0,2,1,0,false
c:\Users\arthur.menezes_evolu\Desktop\Pes\barcodescanner\zxing-sample\src\main\java\me\dm7\barcodescanner\zxing\sample\SimpleScannerActivity.java,me.dm7.barcodescanner.zxing.sample.SimpleScannerActivity,handleResult/1[me.dm7.barcodescanner.zxing.sample.Result],false,40,2,1,0,1,1,6,10,0,1,1,6,0,0,0,0,0,0,2,1,1,1,0,1,0,0,8,1,0,false
c:\Users\arthur.menezes_evolu\Desktop\Pes\barcodescanner\zxing-sample\src\main\java\me\dm7\barcodescanner\zxing\sample\SimpleScannerActivity.java,me.dm7.barcodescanner.zxing.sample.SimpleScannerActivity,onCreate/1[me.dm7.barcodescanner.zxing.sample.Bundle],false,16,4,2,0,2,1,5,8,0,1,1,5,0,0,0,0,0,0,0,0,2,0,0,0,0,0,19,1,0,false
c:\Users\arthur.menezes_evolu\Desktop\Pes\barcodescanner\zxing-sample\src\main\java\me\dm7\barcodescanner\zxing\sample\SimpleScannerActivity.java,me.dm7.barcodescanner.zxing.sample.SimpleScannerActivity,onPause/0,false,34,1,1,0,1,1,2,4,0,0,0,2,0,0,0,0,0,0,0,0,0,0,0,0,0,0,2,1,0,false
c:\Users\arthur.menezes_evolu\Desktop\Pes\barcodescanner\zbar-sample\src\main\java\me\dm7\barcodescanner\zbar\sample\FormatSelectorDialogFragment.java,me.dm7.barcodescanner.zbar.sample.FormatSelectorDialogFragment$FormatSelectorDialogListener,onFormatsSaved/1[java.util.ArrayList<java.lang.Integer>],false,16,0,1,1,0,1,0,1,0,0,1,0,0,0,0,0,0,0,0,0,0,0,0,0,0,0,5,1,0,false
c:\Users\arthur.menezes_evolu\Desktop\Pes\barcodescanner\zbar-sample\src\main\java\me\dm7\barcodescanner\zbar\sample\FormatSelectorDialogFragment.java,me.dm7.barcodescanner.zbar.sample.FormatSelectorDialogFragment$Anonymous1,"onClick/3[me.dm7.barcodescanner.zbar.sample.DialogInterface,int,boolean]",false,65,1,0,0,0,3,4,8,0,0,3,4,0,0,0,0,0,0,0,0,0,0,1,0,0,0,7,1,0,false
c:\Users\arthur.menezes_evolu\Desktop\Pes\barcodescanner\core\src\main\java\me\dm7\barcodescanner\core\CameraWrapper.java,me.dm7.barcodescanner.core.CameraWrapper,"CameraWrapper/2[me.dm7.barcodescanner.core.Camera,int]",true,10,2,1,1,0,2,0,7,0,0,2,0,0,0,0,1,0,0,1,0,2,0,1,0,0,0,10,2,0,false
c:\Users\arthur.menezes_evolu\Desktop\Pes\barcodescanner\core\src\main\java\me\dm7\barcodescanner\core\CameraWrapper.java,me.dm7.barcodescanner.core.CameraWrapper,"getWrapper/2[me.dm7.barcodescanner.core.Camera,int]",false,18,2,2,1,1,2,0,8,2,0,2,0,0,0,0,1,0,0,0,0,0,0,1,0,0,0,6,9,0,false
c:\Users\arthur.menezes_evolu\Desktop\Pes\barcodescanner\zbar-sample\src\main\java\me\dm7\barcodescanner\zbar\sample\FormatSelectorDialogFragment.java,me.dm7.barcodescanner.zbar.sample.FormatSelectorDialogFragment$Anonymous3,"onClick/2[me.dm7.barcodescanner.zbar.sample.DialogInterface,int]",false,88,1,3,0,3,1,0,2,0,0,2,0,0,0,0,0,0,0,0,0,0,0,0,0,0,0,5,1,0,false
c:\Users\arthur.menezes_evolu\Desktop\Pes\barcodescanner\zbar-sample\src\main\java\me\dm7\barcodescanner\zbar\sample\FormatSelectorDialogFragment.java,me.dm7.barcodescanner.zbar.sample.FormatSelectorDialogFragment$Anonymous2,"onClick/2[me.dm7.barcodescanner.zbar.sample.DialogInterface,int]",false,78,2,3,0,3,2,1,5,0,0,2,1,0,0,0,1,0,0,0,0,0,0,1,0,0,0,10,1,0,false
