file,class,type,cbo,cboModified,fanin,fanout,wmc,dit,noc,rfc,lcom,lcom*,tcc,lcc,totalMethodsQty,staticMethodsQty,publicMethodsQty,privateMethodsQty,protectedMethodsQty,defaultMethodsQty,visibleMethodsQty,abstractMethodsQty,finalMethodsQty,synchronizedMethodsQty,totalFieldsQty,staticFieldsQty,publicFieldsQty,privateFieldsQty,protectedFieldsQty,defaultFieldsQty,finalFieldsQty,synchronizedFieldsQty,nosi,loc,returnQty,loopQty,comparisonsQty,tryCatchQty,parenthesizedExpsQty,stringLiteralsQty,numbersQty,assignmentsQty,mathOperationsQty,variablesQty,maxNestedBlocksQty,anonymousClassesQty,innerClassesQty,lambdasQty,uniqueWordsQty,modifiers,logStatementsQty
c:\Users\arthur.menezes_evolu\Desktop\Pes\SlidingTutorial-Android\lib\src\main\java\com\cleveroad\slidingtutorial\TutorialSupportFragment.java,com.cleveroad.slidingtutorial.TutorialSupportFragment$Anonymous1,anonymous,4,4,0,4,13,1,0,19,45,0.0,0.0,0.0,10,0,10,0,0,0,10,0,0,0,0,0,0,0,0,0,0,0,1,42,8,1,0,0,0,0,0,0,0,0,2,0,0,0,23,-1,0
c:\Users\arthur.menezes_evolu\Desktop\Pes\SlidingTutorial-Android\lib\src\main\java\com\cleveroad\slidingtutorial\TutorialSupportFragment.java,com.cleveroad.slidingtutorial.TutorialSupportFragment$Anonymous2,anonymous,1,1,0,1,1,1,0,0,0,0.0,NaN,NaN,1,0,0,0,0,1,1,0,0,0,0,0,0,0,0,0,0,0,0,5,1,0,0,0,0,0,0,0,0,0,0,0,0,0,3,-1,0
c:\Users\arthur.menezes_evolu\Desktop\Pes\SlidingTutorial-Android\sample\src\main\java\com\cleveroad\slidingtutorial\sample\renderer\RhombusRenderer.java,com.cleveroad.slidingtutorial.sample.renderer.RhombusRenderer,class,6,8,2,6,3,1,0,6,3,0.6666667,0.0,0.0,3,1,2,1,0,0,2,0,0,0,1,1,0,1,0,0,1,0,0,14,1,0,0,0,0,0,1,1,0,1,0,0,0,0,21,1,0
c:\Users\arthur.menezes_evolu\Desktop\Pes\SlidingTutorial-Android\sample\src\main\java\com\cleveroad\slidingtutorial\sample\sample\FirstCustomPageFragment.java,com.cleveroad.slidingtutorial.sample.sample.FirstCustomPageFragment,class,3,4,1,3,2,3,0,1,1,0.0,0.0,0.0,2,0,0,0,2,0,2,0,0,0,0,0,0,0,0,0,0,0,8,8,2,0,0,0,0,0,8,0,0,0,0,0,0,0,10,1,0
c:\Users\arthur.menezes_evolu\Desktop\Pes\SlidingTutorial-Android\sample\src\main\java\com\cleveroad\slidingtutorial\sample\sample\SecondCustomPageFragment.java,com.cleveroad.slidingtutorial.sample.sample.SecondCustomPageFragment,class,3,4,1,3,2,3,0,1,1,0.0,0.0,0.0,2,0,0,0,2,0,2,0,0,0,0,0,0,0,0,0,0,0,8,8,2,0,0,0,0,0,8,0,0,0,0,0,0,0,10,1,0
c:\Users\arthur.menezes_evolu\Desktop\Pes\SlidingTutorial-Android\lib\src\main\java\com\cleveroad\slidingtutorial\PageImpl.java,com.cleveroad.slidingtutorial.PageImpl,class,8,11,3,8,12,1,0,11,0,0.5,0.0,0.0,4,0,0,0,0,4,4,0,1,0,3,0,0,3,0,0,0,0,0,44,1,3,5,0,0,3,2,7,1,6,2,0,1,0,58,0,0
c:\Users\arthur.menezes_evolu\Desktop\Pes\SlidingTutorial-Android\lib\src\main\java\com\cleveroad\slidingtutorial\PageImpl.java,com.cleveroad.slidingtutorial.PageImpl$InternalFragment,interface,3,3,0,3,3,1,0,0,3,0.0,0.0,0.0,3,0,0,0,0,3,3,0,0,0,0,0,0,0,0,0,0,0,0,5,0,0,0,0,0,0,0,0,0,0,0,0,0,0,10,0,0
c:\Users\arthur.menezes_evolu\Desktop\Pes\SlidingTutorial-Android\lib\src\main\java\com\cleveroad\slidingtutorial\IndicatorOptions.java,com.cleveroad.slidingtutorial.IndicatorOptions,class,7,13,6,7,7,1,0,1,11,0.71428573,0.0,0.0,7,1,1,1,0,5,6,0,0,0,5,0,0,5,0,0,0,0,1,79,6,0,0,0,0,2,0,5,0,5,0,0,1,0,23,17,0
c:\Users\arthur.menezes_evolu\Desktop\Pes\SlidingTutorial-Android\sample\src\main\java\com\cleveroad\slidingtutorial\sample\supportsample\CustomTutorialSupportFragment.java,com.cleveroad.slidingtutorial.sample.supportsample.CustomTutorialSupportFragment$Anonymous1,anonymous,1,1,0,1,1,1,0,3,0,0.0,NaN,NaN,1,0,1,0,0,0,1,0,0,0,0,0,0,0,0,0,0,0,0,5,0,0,0,0,0,1,0,0,0,0,0,0,0,0,7,-1,0
c:\Users\arthur.menezes_evolu\Desktop\Pes\SlidingTutorial-Android\sample\src\main\java\com\cleveroad\slidingtutorial\sample\supportsample\FirstCustomPageSupportFragment.java,com.cleveroad.slidingtutorial.sample.supportsample.FirstCustomPageSupportFragment,class,3,4,1,3,2,3,0,1,1,0.0,0.0,0.0,2,0,0,0,2,0,2,0,0,0,0,0,0,0,0,0,0,0,8,8,2,0,0,0,0,0,8,0,0,0,0,0,0,0,11,1,0
c:\Users\arthur.menezes_evolu\Desktop\Pes\SlidingTutorial-Android\lib\src\main\java\com\cleveroad\slidingtutorial\SimplePageSupportFragment.java,com.cleveroad.slidingtutorial.SimplePageSupportFragment$Anonymous1,anonymous,3,3,0,3,3,1,0,3,3,0.0,0.0,0.0,3,0,3,0,0,0,3,0,0,0,0,0,0,0,0,0,0,0,0,11,3,0,0,0,0,0,0,0,0,0,0,0,0,0,8,-1,0
c:\Users\arthur.menezes_evolu\Desktop\Pes\SlidingTutorial-Android\lib\src\main\java\com\cleveroad\slidingtutorial\TutorialPageIndicator.java,com.cleveroad.slidingtutorial.TutorialPageIndicator,class,14,18,4,14,26,2,0,29,38,0.8229167,0.0,0.0,12,0,6,1,2,3,11,0,0,0,16,5,0,12,0,4,9,0,2,168,1,1,11,0,9,1,36,67,66,54,2,0,0,0,99,17,0
c:\Users\arthur.menezes_evolu\Desktop\Pes\SlidingTutorial-Android\lib\src\main\java\com\cleveroad\slidingtutorial\OnTutorialPageChangeListener.java,com.cleveroad.slidingtutorial.OnTutorialPageChangeListener,interface,0,6,6,0,1,1,0,0,0,0.0,NaN,NaN,1,0,0,0,0,1,1,0,0,0,0,0,0,0,0,0,0,0,0,3,0,0,0,0,0,0,0,0,0,0,0,0,0,0,32,1,0
c:\Users\arthur.menezes_evolu\Desktop\Pes\SlidingTutorial-Android\lib\src\main\java\com\cleveroad\slidingtutorial\TutorialFragment.java,com.cleveroad.slidingtutorial.TutorialFragment$TutorialAdapter,innerclass,3,3,0,3,5,3,0,4,10,0.0,0.0,0.0,5,0,4,1,0,0,4,0,0,0,0,0,0,0,0,0,0,0,0,17,4,0,0,0,0,0,0,0,0,0,0,0,0,0,22,0,0
c:\Users\arthur.menezes_evolu\Desktop\Pes\SlidingTutorial-Android\lib\src\main\java\com\cleveroad\slidingtutorial\TutorialImpl.java,com.cleveroad.slidingtutorial.TutorialImpl$Anonymous1,anonymous,2,2,0,2,2,1,0,4,0,0.0,NaN,NaN,1,0,1,0,0,0,1,0,0,0,0,0,0,0,0,0,0,0,0,9,0,0,1,0,0,0,0,0,0,0,1,0,0,0,6,-1,0
c:\Users\arthur.menezes_evolu\Desktop\Pes\SlidingTutorial-Android\lib\src\main\java\com\cleveroad\slidingtutorial\Renderer.java,com.cleveroad.slidingtutorial.Renderer$Factory,innerclass,2,2,0,2,2,1,0,0,1,0.0,0.0,0.0,2,2,2,0,0,0,2,0,0,0,0,0,0,0,0,0,0,0,0,20,2,0,0,0,0,0,0,0,0,0,0,2,0,0,14,0,0
c:\Users\arthur.menezes_evolu\Desktop\Pes\SlidingTutorial-Android\lib\src\main\java\com\cleveroad\slidingtutorial\TutorialImpl.java,com.cleveroad.slidingtutorial.TutorialImpl,class,23,28,5,23,31,1,0,33,152,0.90158737,0.0,0.0,21,0,0,3,0,18,18,0,0,0,15,1,1,14,0,0,3,0,0,278,18,0,5,0,0,5,6,17,3,17,2,1,5,0,100,16,0
c:\Users\arthur.menezes_evolu\Desktop\Pes\SlidingTutorial-Android\sample\src\main\java\com\cleveroad\slidingtutorial\sample\sample\ThirdCustomPageFragment.java,com.cleveroad.slidingtutorial.sample.sample.ThirdCustomPageFragment,class,3,4,1,3,2,3,0,1,1,0.0,0.0,0.0,2,0,0,0,2,0,2,0,0,0,0,0,0,0,0,0,0,0,7,8,2,0,0,0,0,0,7,0,0,0,0,0,0,0,10,1,0
c:\Users\arthur.menezes_evolu\Desktop\Pes\SlidingTutorial-Android\sample\src\main\java\com\cleveroad\slidingtutorial\sample\supportsample\CustomTutorialSupportFragment.java,com.cleveroad.slidingtutorial.sample.supportsample.CustomTutorialSupportFragment,class,16,18,2,16,8,3,0,26,4,0.74285716,0.0,0.0,5,1,3,0,2,0,5,0,0,0,7,2,0,7,0,0,5,0,3,43,3,0,3,0,0,3,1,11,1,11,1,1,0,0,52,1,0
c:\Users\arthur.menezes_evolu\Desktop\Pes\SlidingTutorial-Android\lib\src\main\java\com\cleveroad\slidingtutorial\SimplePageSupportFragment.java,com.cleveroad.slidingtutorial.SimplePageSupportFragment,class,11,14,3,11,6,3,0,9,9,0.6666666,0.0,0.0,6,2,6,0,0,0,6,0,0,0,2,0,0,2,0,0,0,0,3,35,4,0,0,0,0,0,0,3,0,3,0,1,0,0,27,1,0
c:\Users\arthur.menezes_evolu\Desktop\Pes\SlidingTutorial-Android\lib\src\main\java\com\cleveroad\slidingtutorial\TutorialImpl.java,com.cleveroad.slidingtutorial.TutorialImpl$TutorialAdapterImpl,innerclass,4,4,0,4,19,1,0,11,0,0.5185185,0.0,0.0,9,0,0,2,0,7,7,1,0,0,3,0,0,3,0,0,0,0,0,64,12,0,1,0,0,1,4,7,3,4,1,0,0,0,57,1032,0
c:\Users\arthur.menezes_evolu\Desktop\Pes\SlidingTutorial-Android\lib\src\main\java\com\cleveroad\slidingtutorial\TutorialPageOptionsProvider.java,com.cleveroad.slidingtutorial.TutorialPageOptionsProvider,interface,2,8,6,2,1,1,0,0,0,0.0,NaN,NaN,1,0,0,0,0,1,1,0,0,0,0,0,0,0,0,0,0,0,0,3,0,0,0,0,0,0,0,0,0,0,0,0,0,0,13,1,0
c:\Users\arthur.menezes_evolu\Desktop\Pes\SlidingTutorial-Android\lib\src\main\java\com\cleveroad\slidingtutorial\ValidationUtil.java,com.cleveroad.slidingtutorial.ValidationUtil,class,2,12,10,2,9,1,0,1,10,0.0,0.0,0.0,5,4,0,1,0,4,4,0,0,0,0,0,0,0,0,0,0,0,1,28,4,0,2,0,0,2,2,0,0,0,1,0,0,0,62,16,0
c:\Users\arthur.menezes_evolu\Desktop\Pes\SlidingTutorial-Android\lib\src\main\java\com\cleveroad\slidingtutorial\Renderer.java,com.cleveroad.slidingtutorial.Renderer,interface,4,10,6,4,1,1,0,0,0,0.0,NaN,NaN,1,0,0,0,0,1,1,0,0,0,0,0,0,0,0,0,0,0,0,23,0,0,0,0,0,0,0,0,0,0,0,0,1,0,20,1,0
c:\Users\arthur.menezes_evolu\Desktop\Pes\SlidingTutorial-Android\lib\src\main\java\com\cleveroad\slidingtutorial\SimplePageFragment.java,com.cleveroad.slidingtutorial.SimplePageFragment,class,11,14,3,11,6,3,0,9,9,0.6666666,0.0,0.0,6,2,4,0,2,0,6,0,0,0,2,0,0,2,0,0,0,0,3,35,4,0,0,0,0,0,0,3,0,3,0,1,0,0,26,1,0
c:\Users\arthur.menezes_evolu\Desktop\Pes\SlidingTutorial-Android\lib\src\main\java\com\cleveroad\slidingtutorial\IndicatorOptions.java,com.cleveroad.slidingtutorial.IndicatorOptions$Builder,innerclass,9,9,0,9,11,1,0,8,35,0.84848493,0.0,0.0,11,0,10,1,0,0,10,0,0,0,6,0,0,6,0,0,0,0,1,46,10,0,0,0,0,0,0,11,0,6,0,0,0,0,41,25,0
c:\Users\arthur.menezes_evolu\Desktop\Pes\SlidingTutorial-Android\lib\src\main\java\com\cleveroad\slidingtutorial\PageSupportFragment.java,com.cleveroad.slidingtutorial.PageSupportFragment,class,11,16,5,11,5,2,4,4,4,0.6,0.0,0.0,5,0,3,0,2,0,5,2,0,0,2,0,0,2,0,0,0,0,0,28,1,0,0,0,0,1,0,2,0,2,0,1,0,0,25,1025,0
c:\Users\arthur.menezes_evolu\Desktop\Pes\SlidingTutorial-Android\sample\src\main\java\com\cleveroad\slidingtutorial\sample\supportsample\SecondCustomPageSupportFragment.java,com.cleveroad.slidingtutorial.sample.supportsample.SecondCustomPageSupportFragment,class,3,4,1,3,2,3,0,1,1,0.0,0.0,0.0,2,0,0,0,2,0,2,0,0,0,0,0,0,0,0,0,0,0,8,8,2,0,0,0,0,0,8,0,0,0,0,0,0,0,11,1,0
c:\Users\arthur.menezes_evolu\Desktop\Pes\SlidingTutorial-Android\sample\src\main\java\com\cleveroad\slidingtutorial\sample\supportsample\CustomTutorialPageProvider.java,com.cleveroad.slidingtutorial.sample.supportsample.CustomTutorialPageProvider,class,6,7,1,6,4,1,0,0,0,0.0,NaN,NaN,1,0,1,0,0,0,1,0,0,0,1,1,0,1,0,0,1,0,0,21,3,0,0,0,0,1,4,5,1,4,1,0,0,0,29,1,0
c:\Users\arthur.menezes_evolu\Desktop\Pes\SlidingTutorial-Android\lib\src\main\java\com\cleveroad\slidingtutorial\TransformItem.java,com.cleveroad.slidingtutorial.TransformItem$Anonymous1,anonymous,2,2,0,2,2,1,0,0,1,0.0,0.0,0.0,2,0,2,0,0,0,2,0,0,0,0,0,0,0,0,0,0,0,0,8,2,0,0,0,0,0,0,0,0,0,0,0,0,0,9,-1,0
c:\Users\arthur.menezes_evolu\Desktop\Pes\SlidingTutorial-Android\sample\src\main\java\com\cleveroad\slidingtutorial\sample\supportsample\SampleSupportActivity.java,com.cleveroad.slidingtutorial.sample.supportsample.SampleSupportActivity,class,8,10,2,8,7,2,0,16,0,0.4,0.0,0.0,5,2,4,0,1,0,5,0,0,0,2,1,1,1,0,0,1,0,2,31,0,0,1,0,0,1,0,3,0,3,1,0,0,0,42,1,0
c:\Users\arthur.menezes_evolu\Desktop\Pes\SlidingTutorial-Android\lib\src\main\java\com\cleveroad\slidingtutorial\ExtraUtils.java,com.cleveroad.slidingtutorial.ExtraUtils,class,1,2,1,1,2,1,0,0,1,0.75,NaN,NaN,2,1,0,1,0,1,1,0,0,0,2,2,0,2,0,0,2,0,0,9,1,0,0,0,0,2,0,2,2,2,0,0,0,0,23,16,0
c:\Users\arthur.menezes_evolu\Desktop\Pes\SlidingTutorial-Android\lib\src\main\java\com\cleveroad\slidingtutorial\PageFragment.java,com.cleveroad.slidingtutorial.PageFragment$Anonymous1,anonymous,3,3,0,3,3,1,0,3,3,0.0,0.0,0.0,3,0,3,0,0,0,3,0,0,0,0,0,0,0,0,0,0,0,0,11,3,0,0,0,0,0,0,0,0,0,0,0,0,0,8,-1,0
c:\Users\arthur.menezes_evolu\Desktop\Pes\SlidingTutorial-Android\lib\src\main\java\com\cleveroad\slidingtutorial\TutorialPageProvider.java,com.cleveroad.slidingtutorial.TutorialPageProvider,interface,2,9,7,2,1,1,0,0,0,0.0,NaN,NaN,1,0,0,0,0,1,1,0,0,0,0,0,0,0,0,0,0,0,0,3,0,0,0,0,0,0,0,0,0,0,0,0,0,0,12,1,0
c:\Users\arthur.menezes_evolu\Desktop\Pes\SlidingTutorial-Android\sample\src\main\java\com\cleveroad\slidingtutorial\sample\sample\CustomTutorialFragment.java,com.cleveroad.slidingtutorial.sample.sample.CustomTutorialFragment,class,16,18,2,16,11,3,0,22,34,0.8888889,0.0,0.0,9,1,3,0,6,0,9,0,0,0,6,2,0,6,0,0,5,0,3,51,7,0,2,0,0,3,1,9,1,9,1,1,0,0,52,1,0
c:\Users\arthur.menezes_evolu\Desktop\Pes\SlidingTutorial-Android\sample\src\main\java\com\cleveroad\slidingtutorial\sample\SampleApplication.java,com.cleveroad.slidingtutorial.sample.SampleApplication,class,1,1,0,1,2,2,0,3,0,0.0,NaN,NaN,1,0,1,0,0,0,1,0,0,0,0,0,0,0,0,0,0,0,0,9,1,0,0,0,0,0,0,0,0,0,1,0,0,0,4,1,0
c:\Users\arthur.menezes_evolu\Desktop\Pes\SlidingTutorial-Android\lib\src\main\java\com\cleveroad\slidingtutorial\TutorialFragment.java,com.cleveroad.slidingtutorial.TutorialFragment,class,21,25,4,21,22,6,3,21,0,0.71212125,0.0,0.0,22,2,14,0,8,0,22,1,0,0,3,1,1,2,0,0,0,0,2,149,17,0,0,0,0,3,0,4,0,4,0,2,2,0,111,1025,0
c:\Users\arthur.menezes_evolu\Desktop\Pes\SlidingTutorial-Android\lib\src\main\java\com\cleveroad\slidingtutorial\TutorialFragment.java,com.cleveroad.slidingtutorial.TutorialFragment$TutorialFragmentImpl,innerclass,5,5,0,5,4,3,0,2,4,0.5,0.0,0.0,4,0,2,1,1,0,3,0,0,0,1,0,0,1,0,0,0,0,0,15,1,0,0,0,0,1,0,1,0,1,0,0,0,0,16,25,0
c:\Users\arthur.menezes_evolu\Desktop\Pes\SlidingTutorial-Android\sample\src\main\java\com\cleveroad\slidingtutorial\sample\sample\SampleActivity.java,com.cleveroad.slidingtutorial.sample.sample.SampleActivity,class,8,10,2,8,6,2,0,12,6,0.0,0.0,0.0,4,1,3,0,1,0,4,0,0,0,0,0,0,0,0,0,0,0,1,23,0,0,1,0,0,0,0,0,0,0,1,0,0,0,26,1,0
c:\Users\arthur.menezes_evolu\Desktop\Pes\SlidingTutorial-Android\sample\src\main\java\com\cleveroad\slidingtutorial\sample\supportsample\ThirdCustomPageSupportFragment.java,com.cleveroad.slidingtutorial.sample.supportsample.ThirdCustomPageSupportFragment,class,3,4,1,3,2,3,0,1,1,0.0,0.0,0.0,2,0,0,0,2,0,2,0,0,0,0,0,0,0,0,0,0,0,7,8,2,0,0,0,0,0,7,0,0,0,0,0,0,0,11,1,0
c:\Users\arthur.menezes_evolu\Desktop\Pes\SlidingTutorial-Android\lib\src\main\java\com\cleveroad\slidingtutorial\TutorialImpl.java,com.cleveroad.slidingtutorial.TutorialImpl$FragmentTransformer,innerclass,6,6,0,6,3,1,0,5,0,0.0,NaN,NaN,1,0,1,0,0,0,1,0,0,0,0,0,0,0,0,0,0,0,0,12,0,0,1,0,1,0,0,2,0,2,1,0,0,0,22,2,0
c:\Users\arthur.menezes_evolu\Desktop\Pes\SlidingTutorial-Android\lib\src\main\java\com\cleveroad\slidingtutorial\TransformItem.java,com.cleveroad.slidingtutorial.TransformItem,class,8,30,22,8,10,1,0,8,19,0.7,0.0,0.0,10,1,3,1,1,5,9,0,0,0,5,1,1,4,0,0,1,0,1,51,6,0,0,0,0,1,1,8,0,5,0,1,0,0,51,17,0
c:\Users\arthur.menezes_evolu\Desktop\Pes\SlidingTutorial-Android\lib\src\main\java\com\cleveroad\slidingtutorial\PageOptions.java,com.cleveroad.slidingtutorial.PageOptions,class,4,10,6,4,5,1,0,1,4,0.6,0.0,0.0,5,1,1,1,0,3,4,0,0,0,3,0,0,3,0,0,0,0,1,22,4,0,0,0,0,0,0,3,0,3,0,0,0,0,33,1,0
c:\Users\arthur.menezes_evolu\Desktop\Pes\SlidingTutorial-Android\sample\src\main\java\com\cleveroad\slidingtutorial\sample\sample\CustomTutorialPageProvider.java,com.cleveroad.slidingtutorial.sample.sample.CustomTutorialPageProvider,class,6,7,1,6,4,1,0,0,0,0.0,NaN,NaN,1,0,1,0,0,0,1,0,0,0,1,1,0,1,0,0,1,0,0,18,3,0,0,0,0,1,4,2,1,1,1,0,0,0,25,1,0
c:\Users\arthur.menezes_evolu\Desktop\Pes\SlidingTutorial-Android\lib\src\main\java\com\cleveroad\slidingtutorial\TutorialImpl.java,com.cleveroad.slidingtutorial.TutorialImpl$IndicatorPageListener,interface,0,0,0,0,1,1,0,0,0,0.0,NaN,NaN,1,0,0,0,0,1,1,0,0,0,0,0,0,0,0,0,0,0,0,3,0,0,0,0,0,1,0,0,0,0,0,0,0,0,44,0,0
c:\Users\arthur.menezes_evolu\Desktop\Pes\SlidingTutorial-Android\lib\src\main\java\com\cleveroad\slidingtutorial\PageFragment.java,com.cleveroad.slidingtutorial.PageFragment,class,11,16,5,11,5,2,4,4,4,0.6,0.0,0.0,5,0,3,0,2,0,5,2,0,0,2,0,0,2,0,0,0,0,0,28,1,0,0,0,0,1,0,2,0,2,0,1,0,0,24,1025,0
c:\Users\arthur.menezes_evolu\Desktop\Pes\SlidingTutorial-Android\lib\src\main\java\com\cleveroad\slidingtutorial\FragmentPagerAdapter.java,com.cleveroad.slidingtutorial.FragmentPagerAdapter,class,10,13,3,10,26,2,2,15,66,0.81538457,0.0,0.0,13,1,10,2,0,1,11,1,0,0,5,2,0,5,0,0,3,0,2,82,5,0,9,0,2,14,0,14,5,9,2,0,0,0,143,1024,0
c:\Users\arthur.menezes_evolu\Desktop\Pes\SlidingTutorial-Android\lib\src\main\java\com\cleveroad\slidingtutorial\PageSupportFragment.java,com.cleveroad.slidingtutorial.PageSupportFragment$Anonymous1,anonymous,3,3,0,3,3,1,0,3,3,0.0,0.0,0.0,3,0,3,0,0,0,3,0,0,0,0,0,0,0,0,0,0,0,0,11,3,0,0,0,0,0,0,0,0,0,0,0,0,0,8,-1,0
c:\Users\arthur.menezes_evolu\Desktop\Pes\SlidingTutorial-Android\lib\src\main\java\com\cleveroad\slidingtutorial\SimplePageImpl.java,com.cleveroad.slidingtutorial.SimplePageImpl,class,8,10,2,8,9,1,0,8,0,0.33333334,0.0,0.0,4,1,0,0,0,4,4,0,0,0,3,2,0,3,0,0,2,0,4,36,3,0,3,0,0,4,0,8,0,7,2,0,0,0,46,0,0
c:\Users\arthur.menezes_evolu\Desktop\Pes\SlidingTutorial-Android\lib\src\main\java\com\cleveroad\slidingtutorial\TutorialSupportFragment.java,com.cleveroad.slidingtutorial.TutorialSupportFragment$TutorialSupportFragmentImpl,innerclass,5,5,0,5,4,3,0,2,4,0.5,0.0,0.0,4,0,2,1,1,0,3,0,0,0,1,0,0,1,0,0,0,0,0,15,1,0,0,0,0,1,0,1,0,1,0,0,0,0,17,25,0
c:\Users\arthur.menezes_evolu\Desktop\Pes\SlidingTutorial-Android\lib\src\main\java\com\cleveroad\slidingtutorial\TutorialOptions.java,com.cleveroad.slidingtutorial.TutorialOptions$Builder,innerclass,12,12,0,12,23,1,0,6,203,0.90909094,0.0,0.0,22,0,12,1,0,9,21,0,0,0,12,0,0,12,0,0,1,0,4,106,21,0,1,0,0,1,0,14,0,12,1,1,0,0,147,25,0
c:\Users\arthur.menezes_evolu\Desktop\Pes\SlidingTutorial-Android\lib\src\main\java\com\cleveroad\slidingtutorial\Direction.java,com.cleveroad.slidingtutorial.Direction,enum,0,1,1,0,0,1,0,0,0,0.0,-1.0,-1.0,0,0,0,0,0,0,0,0,0,0,0,0,0,0,0,0,0,0,0,3,0,0,0,0,0,0,0,0,0,0,0,0,0,0,26,1,0
c:\Users\arthur.menezes_evolu\Desktop\Pes\SlidingTutorial-Android\sample\src\main\java\com\cleveroad\slidingtutorial\sample\sample\CustomTutorialOptionsProvider.java,com.cleveroad.slidingtutorial.sample.sample.CustomTutorialOptionsProvider,class,5,6,1,5,4,1,0,2,0,0.0,NaN,NaN,1,0,1,0,0,0,1,0,0,0,1,1,0,1,0,0,1,0,24,33,1,0,0,0,0,1,27,8,1,3,1,0,0,0,28,1,0
c:\Users\arthur.menezes_evolu\Desktop\Pes\SlidingTutorial-Android\sample\src\main\java\com\cleveroad\slidingtutorial\sample\renderer\DrawableRenderer.java,com.cleveroad.slidingtutorial.sample.renderer.DrawableRenderer,class,8,10,2,8,4,1,0,3,1,0.33333334,0.0,0.0,3,1,2,1,0,0,2,0,0,0,2,0,0,2,0,0,0,0,0,16,1,0,0,0,0,1,0,3,0,3,0,0,0,0,19,1,0
c:\Users\arthur.menezes_evolu\Desktop\Pes\SlidingTutorial-Android\lib\src\main\java\com\cleveroad\slidingtutorial\ParcelableUtils.java,com.cleveroad.slidingtutorial.ParcelableUtils,class,5,6,1,5,5,1,0,4,0,0.0,NaN,NaN,1,1,0,0,0,1,1,0,0,0,0,0,0,0,0,0,0,0,1,20,3,1,1,0,0,1,1,5,0,4,3,0,0,0,38,0,0
c:\Users\arthur.menezes_evolu\Desktop\Pes\SlidingTutorial-Android\lib\src\main\java\com\cleveroad\slidingtutorial\TutorialImpl.java,com.cleveroad.slidingtutorial.TutorialImpl$InternalHelperPageChangeDecorator,innerclass,6,6,0,6,23,1,0,16,10,0.0,0.0,0.0,5,0,3,2,0,0,3,0,0,0,0,0,0,0,0,0,0,0,0,52,1,1,7,0,0,0,7,11,4,2,2,0,0,0,73,2,0
c:\Users\arthur.menezes_evolu\Desktop\Pes\SlidingTutorial-Android\lib\src\main\java\com\cleveroad\slidingtutorial\SimplePageFragment.java,com.cleveroad.slidingtutorial.SimplePageFragment$Anonymous1,anonymous,3,3,0,3,3,1,0,3,3,0.0,0.0,0.0,3,0,3,0,0,0,3,0,0,0,0,0,0,0,0,0,0,0,0,11,3,0,0,0,0,0,0,0,0,0,0,0,0,0,8,-1,0
c:\Users\arthur.menezes_evolu\Desktop\Pes\SlidingTutorial-Android\lib\src\main\java\com\cleveroad\slidingtutorial\TutorialFragment.java,com.cleveroad.slidingtutorial.TutorialFragment$Anonymous2,anonymous,1,1,0,1,1,1,0,0,0,0.0,NaN,NaN,1,0,0,0,0,1,1,0,0,0,0,0,0,0,0,0,0,0,0,5,1,0,0,0,0,0,0,0,0,0,0,0,0,0,3,-1,0
c:\Users\arthur.menezes_evolu\Desktop\Pes\SlidingTutorial-Android\lib\src\main\java\com\cleveroad\slidingtutorial\Renderer.java,com.cleveroad.slidingtutorial.Renderer$Factory$Anonymous2,anonymous,4,4,0,4,1,1,0,1,0,0.0,NaN,NaN,1,0,1,0,0,0,1,0,0,0,0,0,0,0,0,0,0,0,0,5,0,0,0,0,0,0,0,0,0,0,0,0,0,0,7,-1,0
c:\Users\arthur.menezes_evolu\Desktop\Pes\SlidingTutorial-Android\lib\src\main\java\com\cleveroad\slidingtutorial\TutorialFragment.java,com.cleveroad.slidingtutorial.TutorialFragment$Anonymous1,anonymous,5,5,0,5,11,1,0,14,45,0.0,0.0,0.0,10,0,10,0,0,0,10,0,0,0,0,0,0,0,0,0,0,0,0,37,9,0,0,0,0,0,0,0,0,0,1,0,0,0,22,-1,0
c:\Users\arthur.menezes_evolu\Desktop\Pes\SlidingTutorial-Android\sample\src\main\java\com\cleveroad\slidingtutorial\sample\sample\CustomTutorialFragment.java,com.cleveroad.slidingtutorial.sample.sample.CustomTutorialFragment$Anonymous1,anonymous,1,1,0,1,1,1,0,3,0,0.0,NaN,NaN,1,0,1,0,0,0,1,0,0,0,0,0,0,0,0,0,0,0,0,5,0,0,0,0,0,1,0,0,0,0,0,0,0,0,7,-1,0
c:\Users\arthur.menezes_evolu\Desktop\Pes\SlidingTutorial-Android\lib\src\main\java\com\cleveroad\slidingtutorial\Renderer.java,com.cleveroad.slidingtutorial.Renderer$Factory$Anonymous1,anonymous,4,4,0,4,1,1,0,6,0,0.0,NaN,NaN,1,0,1,0,0,0,1,0,0,0,0,0,0,0,0,0,0,0,1,7,0,0,0,0,0,0,1,2,0,1,0,0,0,0,9,-1,0
c:\Users\arthur.menezes_evolu\Desktop\Pes\SlidingTutorial-Android\lib\src\main\java\com\cleveroad\slidingtutorial\TutorialOptions.java,com.cleveroad.slidingtutorial.TutorialOptions,class,12,28,16,12,13,1,0,13,58,0.84615386,0.0,0.0,13,2,0,1,0,12,12,0,0,0,10,0,0,10,0,0,0,0,4,168,12,0,0,0,0,5,0,11,0,11,0,0,1,0,53,17,0
c:\Users\arthur.menezes_evolu\Desktop\Pes\SlidingTutorial-Android\sample\src\main\java\com\cleveroad\slidingtutorial\sample\supportsample\CustomTutorialOptionsProvider.java,com.cleveroad.slidingtutorial.sample.supportsample.CustomTutorialOptionsProvider,class,5,6,1,5,4,1,0,2,0,0.0,NaN,NaN,1,0,1,0,0,0,1,0,0,0,1,1,0,1,0,0,1,0,24,33,1,0,0,0,0,1,27,8,1,3,1,0,0,0,28,1,0
c:\Users\arthur.menezes_evolu\Desktop\Pes\SlidingTutorial-Android\lib\src\main\java\com\cleveroad\slidingtutorial\TutorialImpl.java,com.cleveroad.slidingtutorial.TutorialImpl$InternalFragment,interface,5,5,0,5,10,1,0,0,45,0.0,0.0,0.0,10,0,0,0,0,10,10,0,0,0,0,0,0,0,0,0,0,0,0,12,0,0,0,0,0,0,0,0,0,0,0,0,0,0,20,0,0
c:\Users\arthur.menezes_evolu\Desktop\Pes\SlidingTutorial-Android\lib\src\main\java\com\cleveroad\slidingtutorial\TutorialSupportFragment.java,com.cleveroad.slidingtutorial.TutorialSupportFragment,class,21,25,4,21,22,5,3,21,0,0.71212125,0.0,0.0,22,2,14,0,8,0,22,1,0,0,3,1,1,2,0,0,0,0,2,154,17,0,0,0,0,2,0,4,0,4,0,2,2,0,106,1025,0
c:\Users\arthur.menezes_evolu\Desktop\Pes\SlidingTutorial-Android\sample\src\main\java\com\cleveroad\slidingtutorial\sample\SelectorActivity.java,com.cleveroad.slidingtutorial.sample.SelectorActivity,class,8,8,0,8,5,2,0,9,1,0.0,0.0,0.0,2,0,2,0,0,0,2,0,0,0,0,0,0,0,0,0,0,0,3,22,0,0,0,0,0,0,3,1,0,1,1,0,0,0,19,1,0
c:\Users\arthur.menezes_evolu\Desktop\Pes\SlidingTutorial-Android\lib\src\main\java\com\cleveroad\slidingtutorial\TutorialSupportFragment.java,com.cleveroad.slidingtutorial.TutorialSupportFragment$TutorialAdapter,innerclass,3,3,0,3,5,2,0,4,10,0.0,0.0,0.0,5,0,4,1,0,0,4,0,0,0,0,0,0,0,0,0,0,0,0,17,4,0,0,0,0,0,0,0,0,0,0,0,0,0,21,0,0
c:\Users\arthur.menezes_evolu\Desktop\Pes\SlidingTutorial-Android\lib\src\main\java\com\cleveroad\slidingtutorial\SlidingTutorialViewPager.java,com.cleveroad.slidingtutorial.SlidingTutorialViewPager,class,5,6,1,5,12,2,0,6,15,0.0,0.0,0.0,6,0,4,0,2,0,6,0,0,0,0,0,0,0,0,0,0,0,0,35,6,0,4,2,0,0,3,0,0,0,1,0,0,0,68,1,0
c:\Users\arthur.menezes_evolu\Desktop\Pes\SlidingTutorial-Android\lib\src\main\java\com\cleveroad\slidingtutorial\TutorialOptions.java,com.cleveroad.slidingtutorial.TutorialOptions$Builder$Anonymous1,anonymous,6,6,0,6,3,1,0,4,0,0.0,NaN,NaN,1,0,1,0,0,0,1,0,0,0,0,0,0,0,0,0,0,0,2,11,2,0,0,0,0,2,0,0,0,0,1,0,0,0,12,-1,0
