file,class,type,cbo,cboModified,fanin,fanout,wmc,dit,noc,rfc,lcom,lcom*,tcc,lcc,totalMethodsQty,staticMethodsQty,publicMethodsQty,privateMethodsQty,protectedMethodsQty,defaultMethodsQty,visibleMethodsQty,abstractMethodsQty,finalMethodsQty,synchronizedMethodsQty,totalFieldsQty,staticFieldsQty,publicFieldsQty,privateFieldsQty,protectedFieldsQty,defaultFieldsQty,finalFieldsQty,synchronizedFieldsQty,nosi,loc,returnQty,loopQty,comparisonsQty,tryCatchQty,parenthesizedExpsQty,stringLiteralsQty,numbersQty,assignmentsQty,mathOperationsQty,variablesQty,maxNestedBlocksQty,anonymousClassesQty,innerClassesQty,lambdasQty,uniqueWordsQty,modifiers,logStatementsQty
c:\Users\arthur.menezes_evolu\Desktop\Pes\android-autofittextview\library\src\main\java\me\grantland\widget\AutofitHelper.java,me.grantland.widget.AutofitHelper$AutofitOnLayoutChangeListener,innerclass,3,3,0,3,1,1,0,1,0,0.0,NaN,NaN,1,0,1,0,0,0,1,0,0,0,0,0,0,0,0,0,0,0,0,5,0,0,0,0,0,0,0,0,0,0,0,0,0,0,10,2,0
c:\Users\arthur.menezes_evolu\Desktop\Pes\android-autofittextview\sample\src\main\java\me\grantland\autofittextview\sample\SampleActivity.java,me.grantland.autofittextview.sample.SampleActivity,class,5,5,0,5,1,2,0,4,0,0.0,NaN,NaN,1,0,1,0,0,0,1,0,0,0,1,0,0,1,0,0,0,0,0,20,0,0,0,0,1,0,0,2,0,2,0,1,0,0,26,1,0
c:\Users\arthur.menezes_evolu\Desktop\Pes\android-autofittextview\library\src\main\java\me\grantland\widget\AutofitLayout.java,me.grantland.widget.AutofitLayout,class,9,10,1,9,10,2,0,14,13,0.67857146,0.0,0.0,7,0,6,1,0,0,6,0,0,0,4,0,0,4,0,0,0,0,1,51,2,0,1,0,0,0,7,13,0,10,1,0,0,0,55,1,0
c:\Users\arthur.menezes_evolu\Desktop\Pes\android-autofittextview\library\src\main\java\me\grantland\widget\AutofitHelper.java,me.grantland.widget.AutofitHelper$OnTextSizeChangeListener,interface,0,0,0,0,1,1,0,0,0,0.0,NaN,NaN,1,0,1,0,0,0,1,0,0,0,0,0,0,0,0,0,0,0,0,3,0,0,0,0,0,0,0,0,0,0,0,0,0,0,35,1,0
c:\Users\arthur.menezes_evolu\Desktop\Pes\android-autofittextview\library\src\main\java\me\grantland\widget\AutofitHelper.java,me.grantland.widget.AutofitHelper$AutofitTextWatcher,innerclass,3,3,0,3,3,1,0,1,3,0.0,0.0,0.0,3,0,3,0,0,0,3,0,0,0,0,0,0,0,0,0,0,0,0,9,0,0,0,0,0,0,0,0,0,0,0,0,0,0,13,2,0
c:\Users\arthur.menezes_evolu\Desktop\Pes\android-autofittextview\library\src\main\java\me\grantland\widget\AutofitTextView.java,me.grantland.widget.AutofitTextView,class,6,7,1,6,23,2,0,18,0,0.25,0.0,0.0,20,0,19,1,0,0,19,0,0,0,1,0,0,1,0,0,0,0,1,74,5,0,3,0,0,0,2,1,0,1,1,0,0,0,101,1,0
c:\Users\arthur.menezes_evolu\Desktop\Pes\android-autofittextview\sample\src\main\java\me\grantland\autofittextview\sample\SampleActivity.java,me.grantland.autofittextview.sample.SampleActivity$Anonymous1,anonymous,1,1,0,1,3,1,0,1,3,0.0,0.0,0.0,3,0,3,0,0,0,3,0,0,0,0,0,0,0,0,0,0,0,0,10,0,0,0,0,0,0,0,0,0,0,0,0,0,0,11,-1,0
c:\Users\arthur.menezes_evolu\Desktop\Pes\android-autofittextview\library\src\main\java\me\grantland\widget\AutofitHelper.java,me.grantland.widget.AutofitHelper,class,16,21,5,16,70,1,0,50,307,0.88958323,0.0,0.0,30,7,20,10,0,0,20,0,0,0,16,4,0,16,0,0,4,0,10,298,31,2,21,0,4,7,23,70,7,49,4,0,3,0,180,1,0
