file,class,method,constructor,line,cbo,cboModified,fanin,fanout,wmc,rfc,loc,returnsQty,variablesQty,parametersQty,methodsInvokedQty,methodsInvokedLocalQty,methodsInvokedIndirectLocalQty,loopQty,comparisonsQty,tryCatchQty,parenthesizedExpsQty,stringLiteralsQty,numbersQty,assignmentsQty,mathOperationsQty,maxNestedBlocksQty,anonymousClassesQty,innerClassesQty,lambdasQty,uniqueWordsQty,modifiers,logStatementsQty,hasJavaDoc
c:\Users\arthur.menezes_evolu\Desktop\Pes\hello-algo\codes\java\chapter_sorting\radix_sort.java,chapter_sorting.radix_sort,main/1[java.lang.String[]],false,61,2,1,0,1,1,3,5,0,1,1,3,1,3,0,0,0,0,1,10,1,1,0,0,0,0,5,9,0,false
c:\Users\arthur.menezes_evolu\Desktop\Pes\hello-algo\codes\java\chapter_sorting\radix_sort.java,chapter_sorting.radix_sort,"countingSortDigit/2[int[],int]",false,19,2,2,1,1,5,1,19,0,10,2,1,1,1,4,0,0,0,0,9,13,3,1,0,0,0,11,8,0,false
c:\Users\arthur.menezes_evolu\Desktop\Pes\hello-algo\codes\java\chapter_sorting\radix_sort.java,chapter_sorting.radix_sort,radixSort/1[int[]],false,46,2,2,1,1,4,1,5,0,2,1,1,1,2,2,0,0,0,0,2,4,0,2,0,0,0,8,8,0,false
c:\Users\arthur.menezes_evolu\Desktop\Pes\hello-algo\codes\java\chapter_sorting\radix_sort.java,chapter_sorting.radix_sort,"digit/2[int,int]",false,13,0,1,1,0,1,0,3,1,0,2,0,0,0,0,0,0,1,0,1,0,2,0,0,0,0,3,8,0,false
c:\Users\arthur.menezes_evolu\Desktop\Pes\hello-algo\codes\java\chapter_hashing\hash_map_chaining.java,chapter_hashing.HashMapChaining,hashFunc/1[int],false,33,0,3,3,0,1,0,3,1,0,1,0,0,0,0,0,0,0,0,0,0,1,0,0,0,0,4,0,0,false
c:\Users\arthur.menezes_evolu\Desktop\Pes\hello-algo\codes\java\chapter_hashing\hash_map_chaining.java,chapter_hashing.HashMapChaining,HashMapChaining/0,true,21,1,1,1,0,2,1,10,0,1,0,1,0,0,1,0,0,0,0,6,6,1,1,0,0,0,11,1,0,false
c:\Users\arthur.menezes_evolu\Desktop\Pes\hello-algo\codes\java\chapter_hashing\hash_map_chaining.java,chapter_hashing.HashMapChaining,remove/1[int],false,78,2,2,1,1,3,3,11,0,2,1,3,1,1,1,1,0,0,0,0,2,0,2,0,0,0,9,0,0,false
c:\Users\arthur.menezes_evolu\Desktop\Pes\hello-algo\codes\java\chapter_hashing\hash_map_chaining.java,chapter_hashing.HashMapChaining,get/1[int],false,43,2,2,1,1,3,2,10,2,2,1,2,1,1,1,1,0,0,0,0,2,0,2,0,0,0,9,0,0,false
c:\Users\arthur.menezes_evolu\Desktop\Pes\hello-algo\codes\java\chapter_hashing\hash_map_chaining.java,chapter_hashing.HashMapChaining,extend/0,false,92,2,2,1,1,4,2,14,0,2,0,2,1,2,3,0,0,0,0,2,5,0,2,0,0,0,11,0,0,false
c:\Users\arthur.menezes_evolu\Desktop\Pes\hello-algo\codes\java\chapter_hashing\hash_map_chaining.java,chapter_hashing.HashMapChaining,loadFactor/0,false,38,0,1,1,0,1,0,3,1,0,0,0,0,0,0,0,0,0,0,0,0,1,0,0,0,0,4,0,0,false
c:\Users\arthur.menezes_evolu\Desktop\Pes\hello-algo\codes\java\chapter_hashing\hash_map_chaining.java,chapter_hashing.HashMapChaining,print/0,false,111,1,1,1,0,3,2,9,0,1,0,2,0,0,2,0,0,0,1,0,1,1,2,0,0,0,6,0,0,false
c:\Users\arthur.menezes_evolu\Desktop\Pes\hello-algo\codes\java\chapter_hashing\hash_map_chaining.java,chapter_hashing.HashMapChaining,"put/2[int,java.lang.String]",false,57,2,6,2,4,4,5,16,1,3,2,5,3,1,1,1,0,0,0,0,4,0,2,0,0,0,14,0,0,false
c:\Users\arthur.menezes_evolu\Desktop\Pes\hello-algo\codes\java\chapter_stack_and_queue\deque.java,chapter_stack_and_queue.deque,main/1[java.lang.String[]],false,12,0,0,0,0,1,9,23,0,7,1,9,0,0,0,0,0,0,11,5,7,9,0,0,0,0,10,9,0,false
c:\Users\arthur.menezes_evolu\Desktop\Pes\hello-algo\codes\java\chapter_backtracking\preorder_traversal_ii_compact.java,chapter_backtracking.preorder_traversal_ii_compact,main/1[java.lang.String[]],false,33,3,3,0,3,3,7,16,0,2,1,7,1,1,2,0,0,0,2,7,4,0,2,0,0,0,11,9,0,false
c:\Users\arthur.menezes_evolu\Desktop\Pes\hello-algo\codes\java\chapter_backtracking\preorder_traversal_ii_compact.java,chapter_backtracking.preorder_traversal_ii_compact,preOrder/1[utils.TreeNode],false,17,2,3,2,1,3,5,12,1,0,1,5,1,0,0,2,0,0,0,2,0,1,1,0,0,0,7,8,0,false
c:\Users\arthur.menezes_evolu\Desktop\Pes\hello-algo\codes\java\chapter_hashing\hash_map.java,chapter_hashing.hash_map,main/1[java.lang.String[]],false,13,1,1,0,1,4,11,27,0,2,1,11,0,0,3,0,0,0,12,7,2,2,1,0,0,0,8,9,0,false
c:\Users\arthur.menezes_evolu\Desktop\Pes\hello-algo\codes\java\chapter_tree\binary_tree_dfs.java,chapter_tree.binary_tree_dfs,main/1[java.lang.String[]],false,46,3,5,0,5,1,8,14,0,1,1,8,3,1,0,0,0,0,4,7,1,3,0,0,0,0,10,9,0,false
c:\Users\arthur.menezes_evolu\Desktop\Pes\hello-algo\codes\java\chapter_tree\binary_tree_dfs.java,chapter_tree.binary_tree_dfs,postOrder/1[utils.TreeNode],false,37,2,3,2,1,2,2,6,1,0,1,2,1,0,0,1,0,0,0,0,0,0,1,0,0,0,6,8,0,false
c:\Users\arthur.menezes_evolu\Desktop\Pes\hello-algo\codes\java\chapter_tree\binary_tree_dfs.java,chapter_tree.binary_tree_dfs,preOrder/1[utils.TreeNode],false,17,2,3,2,1,2,2,6,1,0,1,2,1,0,0,1,0,0,0,0,0,0,1,0,0,0,6,8,0,false
c:\Users\arthur.menezes_evolu\Desktop\Pes\hello-algo\codes\java\chapter_tree\binary_tree_dfs.java,chapter_tree.binary_tree_dfs,inOrder/1[utils.TreeNode],false,27,2,3,2,1,2,2,6,1,0,1,2,1,0,0,1,0,0,0,0,0,0,1,0,0,0,6,8,0,false
c:\Users\arthur.menezes_evolu\Desktop\Pes\hello-algo\codes\java\chapter_stack_and_queue\linkedlist_deque.java,chapter_stack_and_queue.ListNode,ListNode/1[int],true,17,0,3,3,0,1,0,4,0,0,1,0,0,0,0,0,0,0,0,0,3,0,0,0,0,0,6,0,0,false
c:\Users\arthur.menezes_evolu\Desktop\Pes\hello-algo\codes\java\chapter_sorting\bucket_sort.java,chapter_sorting.bucket_sort,bucketSort/1[float[]],false,13,1,1,1,0,6,4,20,0,5,1,4,0,0,5,0,0,1,0,3,6,2,2,0,0,0,7,8,0,false
c:\Users\arthur.menezes_evolu\Desktop\Pes\hello-algo\codes\java\chapter_sorting\bucket_sort.java,chapter_sorting.bucket_sort,main/1[java.lang.String[]],false,41,2,1,0,1,1,3,5,0,1,1,3,1,1,0,0,0,0,1,10,1,1,0,0,0,0,5,9,0,false
c:\Users\arthur.menezes_evolu\Desktop\Pes\hello-algo\codes\java\chapter_stack_and_queue\stack.java,chapter_stack_and_queue.stack,main/1[java.lang.String[]],false,12,0,0,0,0,1,6,17,0,5,1,6,0,0,0,0,0,0,6,5,5,5,0,0,0,0,8,9,0,false
c:\Users\arthur.menezes_evolu\Desktop\Pes\hello-algo\codes\java\utils\ListNode.java,utils.ListNode,"getListNode/2[utils.ListNode,int]",false,30,1,0,0,0,3,0,6,1,0,2,0,0,0,1,2,0,0,0,0,1,0,1,0,0,0,6,9,0,false
c:\Users\arthur.menezes_evolu\Desktop\Pes\hello-algo\codes\java\utils\ListNode.java,utils.ListNode,ListNode/1[int],true,14,0,5,5,0,1,0,3,0,0,1,0,0,0,0,0,0,0,0,0,1,0,0,0,0,0,4,1,0,false
c:\Users\arthur.menezes_evolu\Desktop\Pes\hello-algo\codes\java\utils\ListNode.java,utils.ListNode,arrToLinkedList/1[int[]],false,19,2,3,2,1,2,0,9,1,2,1,0,0,0,1,0,0,0,0,1,4,0,1,0,0,0,8,9,0,false
c:\Users\arthur.menezes_evolu\Desktop\Pes\hello-algo\codes\java\chapter_tree\avl_tree.java,chapter_tree.avl_tree,"testRemove/2[chapter_tree.AVLTree,int]",false,184,2,3,1,2,1,3,5,0,0,2,3,0,0,0,0,0,0,2,0,0,1,0,0,0,0,7,8,0,false
c:\Users\arthur.menezes_evolu\Desktop\Pes\hello-algo\codes\java\chapter_tree\avl_tree.java,chapter_tree.avl_tree,main/1[java.lang.String[]],false,190,3,4,0,4,1,4,19,0,2,1,4,2,1,0,0,0,0,2,15,2,1,0,0,0,0,12,9,0,false
c:\Users\arthur.menezes_evolu\Desktop\Pes\hello-algo\codes\java\chapter_tree\avl_tree.java,chapter_tree.avl_tree,"testInsert/2[chapter_tree.AVLTree,int]",false,178,2,3,1,2,1,3,5,0,0,2,3,0,0,0,0,0,0,2,0,0,1,0,0,0,0,7,8,0,false
c:\Users\arthur.menezes_evolu\Desktop\Pes\hello-algo\codes\java\chapter_stack_and_queue\array_queue.java,chapter_stack_and_queue.array_queue,main/1[java.lang.String[]],false,79,1,7,0,7,2,8,23,0,7,1,8,0,0,1,0,0,0,8,8,7,6,1,0,0,0,12,9,0,false
c:\Users\arthur.menezes_evolu\Desktop\Pes\hello-algo\codes\java\chapter_hashing\array_hash_map.java,chapter_hashing.ArrayHashMap,pairSet/0,false,64,1,2,2,0,3,1,7,1,1,0,1,0,0,1,1,0,0,0,0,1,0,2,0,0,0,5,1,0,false
c:\Users\arthur.menezes_evolu\Desktop\Pes\hello-algo\codes\java\chapter_hashing\array_hash_map.java,chapter_hashing.ArrayHashMap,valueSet/0,false,84,0,1,1,0,3,1,7,1,1,0,1,0,0,1,1,0,0,0,0,1,0,2,0,0,0,6,1,0,false
c:\Users\arthur.menezes_evolu\Desktop\Pes\hello-algo\codes\java\chapter_hashing\array_hash_map.java,chapter_hashing.ArrayHashMap,hashFunc/1[int],false,35,0,3,3,0,1,0,4,1,1,1,0,0,0,0,0,0,0,0,1,1,1,0,0,0,0,4,2,0,false
c:\Users\arthur.menezes_evolu\Desktop\Pes\hello-algo\codes\java\chapter_hashing\array_hash_map.java,chapter_hashing.ArrayHashMap,"put/2[int,java.lang.String]",false,50,2,3,1,2,1,2,5,0,2,2,2,1,1,0,0,0,0,0,0,2,0,0,0,0,0,8,1,0,false
c:\Users\arthur.menezes_evolu\Desktop\Pes\hello-algo\codes\java\chapter_hashing\array_hash_map.java,chapter_hashing.ArrayHashMap,get/1[int],false,41,2,2,1,1,2,2,6,2,2,1,2,1,1,0,1,0,0,0,0,2,0,1,0,0,0,8,1,0,false
c:\Users\arthur.menezes_evolu\Desktop\Pes\hello-algo\codes\java\chapter_hashing\array_hash_map.java,chapter_hashing.ArrayHashMap,ArrayHashMap/0,true,26,1,1,1,0,2,1,6,0,1,0,1,0,0,1,0,0,0,0,2,2,0,1,0,0,0,6,1,0,false
c:\Users\arthur.menezes_evolu\Desktop\Pes\hello-algo\codes\java\chapter_hashing\array_hash_map.java,chapter_hashing.ArrayHashMap,print/0,false,94,1,2,1,1,2,2,5,0,0,0,2,1,1,1,0,0,0,1,0,0,1,1,0,0,0,5,1,0,false
c:\Users\arthur.menezes_evolu\Desktop\Pes\hello-algo\codes\java\chapter_hashing\array_hash_map.java,chapter_hashing.ArrayHashMap,keySet/0,false,74,0,1,1,0,3,1,7,1,1,0,1,0,0,1,1,0,0,0,0,1,0,2,0,0,0,6,1,0,false
c:\Users\arthur.menezes_evolu\Desktop\Pes\hello-algo\codes\java\chapter_hashing\array_hash_map.java,chapter_hashing.ArrayHashMap,remove/1[int],false,57,1,2,1,1,1,2,4,0,1,1,2,1,1,0,0,0,0,0,0,1,0,0,0,0,0,5,1,0,false
c:\Users\arthur.menezes_evolu\Desktop\Pes\hello-algo\codes\java\chapter_searching\binary_search_edge.java,chapter_searching.binary_search_edge,main/1[java.lang.String[]],false,36,2,2,0,2,2,4,10,0,2,1,4,2,1,1,0,0,0,5,12,3,3,1,0,0,0,10,9,0,false
c:\Users\arthur.menezes_evolu\Desktop\Pes\hello-algo\codes\java\chapter_searching\binary_search_edge.java,chapter_searching.binary_search_edge,"binarySearchLeftEdge/2[int[],int]",false,11,2,2,1,1,3,1,7,2,1,2,1,0,0,0,2,0,0,0,1,1,0,1,0,0,0,6,8,0,false
c:\Users\arthur.menezes_evolu\Desktop\Pes\hello-algo\codes\java\chapter_searching\binary_search_edge.java,chapter_searching.binary_search_edge,"binarySearchRightEdge/2[int[],int]",false,23,2,2,1,1,3,1,8,2,2,2,1,0,0,0,2,0,0,0,4,2,2,1,0,0,0,7,8,0,false
c:\Users\arthur.menezes_evolu\Desktop\Pes\hello-algo\codes\java\chapter_divide_and_conquer\hanota.java,chapter_divide_and_conquer.hanota,"solveHanota/3[java.util.List<java.lang.Integer>,java.util.List<java.lang.Integer>,java.util.List<java.lang.Integer>]",false,36,1,2,1,1,1,2,4,0,1,3,2,1,2,0,0,0,0,0,0,1,0,0,0,0,0,5,8,0,false
c:\Users\arthur.menezes_evolu\Desktop\Pes\hello-algo\codes\java\chapter_divide_and_conquer\hanota.java,chapter_divide_and_conquer.hanota,"move/2[java.util.List<java.lang.Integer>,java.util.List<java.lang.Integer>]",false,13,0,1,1,0,1,3,4,0,1,2,3,0,0,0,0,0,0,0,1,1,1,0,0,0,0,4,8,0,false
c:\Users\arthur.menezes_evolu\Desktop\Pes\hello-algo\codes\java\chapter_divide_and_conquer\hanota.java,chapter_divide_and_conquer.hanota,"dfs/4[int,java.util.List<java.lang.Integer>,java.util.List<java.lang.Integer>,java.util.List<java.lang.Integer>]",false,21,1,4,2,2,2,2,9,1,0,4,2,2,1,0,1,0,0,0,3,0,2,1,0,0,0,4,8,0,false
c:\Users\arthur.menezes_evolu\Desktop\Pes\hello-algo\codes\java\chapter_divide_and_conquer\hanota.java,chapter_divide_and_conquer.hanota,main/1[java.lang.String[]],false,42,1,1,0,1,1,3,14,0,3,1,3,1,3,0,0,0,0,8,5,3,6,0,0,0,0,7,9,0,false
c:\Users\arthur.menezes_evolu\Desktop\Pes\hello-algo\codes\java\chapter_stack_and_queue\array_stack.java,chapter_stack_and_queue.ArrayStack,ArrayStack/0,true,15,0,1,1,0,1,0,3,0,0,0,0,0,0,0,0,0,0,0,0,1,0,0,0,0,0,3,1,0,false
c:\Users\arthur.menezes_evolu\Desktop\Pes\hello-algo\codes\java\chapter_stack_and_queue\array_stack.java,chapter_stack_and_queue.ArrayStack,peek/0,false,43,1,3,1,2,2,3,4,1,0,0,3,2,2,0,0,0,0,0,1,0,1,1,0,0,0,9,1,0,false
c:\Users\arthur.menezes_evolu\Desktop\Pes\hello-algo\codes\java\chapter_stack_and_queue\array_stack.java,chapter_stack_and_queue.ArrayStack,push/1[int],false,31,0,1,1,0,1,1,3,0,0,1,1,0,0,0,0,0,0,0,0,0,0,0,0,0,0,2,1,0,false
c:\Users\arthur.menezes_evolu\Desktop\Pes\hello-algo\codes\java\chapter_stack_and_queue\array_stack.java,chapter_stack_and_queue.ArrayStack,isEmpty/0,false,26,1,4,3,1,2,1,3,1,0,0,1,1,1,0,1,0,0,0,1,0,0,0,0,0,0,3,1,0,false
c:\Users\arthur.menezes_evolu\Desktop\Pes\hello-algo\codes\java\chapter_stack_and_queue\array_stack.java,chapter_stack_and_queue.ArrayStack,toArray/0,false,50,0,1,1,0,1,1,3,1,0,0,1,0,0,0,0,0,0,0,0,0,0,0,0,0,0,2,1,0,false
c:\Users\arthur.menezes_evolu\Desktop\Pes\hello-algo\codes\java\chapter_stack_and_queue\array_stack.java,chapter_stack_and_queue.ArrayStack,size/0,false,21,0,4,4,0,1,1,3,1,0,0,1,0,0,0,0,0,0,0,0,0,0,0,0,0,0,1,1,0,false
c:\Users\arthur.menezes_evolu\Desktop\Pes\hello-algo\codes\java\chapter_stack_and_queue\array_stack.java,chapter_stack_and_queue.ArrayStack,pop/0,false,36,1,3,1,2,2,3,4,1,0,0,3,2,2,0,0,0,0,0,1,0,1,1,0,0,0,9,1,0,false
c:\Users\arthur.menezes_evolu\Desktop\Pes\hello-algo\codes\java\chapter_graph\graph_adjacency_list.java,chapter_graph.graph_adjacency_list,main/1[java.lang.String[]],false,84,3,8,0,8,1,7,20,0,4,1,7,0,0,0,0,0,0,5,23,4,0,0,0,0,0,10,9,0,false
c:\Users\arthur.menezes_evolu\Desktop\Pes\hello-algo\codes\java\chapter_stack_and_queue\linkedlist_deque.java,chapter_stack_and_queue.linkedlist_deque,main/1[java.lang.String[]],false,141,1,10,0,10,1,11,23,0,7,1,11,0,0,0,0,0,0,11,5,7,9,0,0,0,0,13,9,0,false
c:\Users\arthur.menezes_evolu\Desktop\Pes\hello-algo\codes\java\chapter_backtracking\subset_sum_ii.java,chapter_backtracking.subset_sum_ii,main/1[java.lang.String[]],false,51,2,1,0,1,1,3,7,0,3,1,3,1,2,0,0,0,0,4,4,3,2,0,0,0,0,8,9,0,false
c:\Users\arthur.menezes_evolu\Desktop\Pes\hello-algo\codes\java\chapter_backtracking\subset_sum_ii.java,chapter_backtracking.subset_sum_ii,"subsetSumII/2[int[],int]",false,42,2,2,1,1,1,2,8,1,3,2,2,1,1,0,0,0,0,0,1,3,0,0,0,0,0,9,8,0,false
c:\Users\arthur.menezes_evolu\Desktop\Pes\hello-algo\codes\java\chapter_backtracking\subset_sum_ii.java,chapter_backtracking.subset_sum_ii,"backtrack/5[java.util.List<java.lang.Integer>,int,int[],int,java.util.List<java.util.List<java.lang.Integer>>]",false,13,2,3,2,1,6,5,17,1,1,5,5,1,0,1,2,0,0,0,5,1,5,2,0,0,0,6,8,0,false
c:\Users\arthur.menezes_evolu\Desktop\Pes\hello-algo\codes\java\chapter_hashing\hash_map_open_addressing.java,chapter_hashing.HashMapOpenAddressing,loadFactor/0,false,30,0,1,1,0,1,0,3,1,0,0,0,0,0,0,0,0,0,0,0,0,1,0,0,0,0,4,2,0,false
c:\Users\arthur.menezes_evolu\Desktop\Pes\hello-algo\codes\java\chapter_hashing\hash_map_open_addressing.java,chapter_hashing.HashMapOpenAddressing,print/0,false,119,0,1,1,0,4,1,13,0,0,0,1,0,0,1,2,0,0,3,0,0,1,2,0,0,0,12,1,0,false
c:\Users\arthur.menezes_evolu\Desktop\Pes\hello-algo\codes\java\chapter_hashing\hash_map_open_addressing.java,chapter_hashing.HashMapOpenAddressing,HashMapOpenAddressing/0,true,19,1,1,1,0,1,0,4,0,0,0,0,0,0,0,0,0,0,0,1,2,0,0,0,0,0,6,1,0,false
c:\Users\arthur.menezes_evolu\Desktop\Pes\hello-algo\codes\java\chapter_hashing\hash_map_open_addressing.java,chapter_hashing.HashMapOpenAddressing,findBucket/1[int],false,35,1,4,3,1,7,1,19,3,2,1,1,1,1,1,6,0,1,0,5,6,2,3,0,0,0,17,2,0,false
c:\Users\arthur.menezes_evolu\Desktop\Pes\hello-algo\codes\java\chapter_hashing\hash_map_open_addressing.java,chapter_hashing.HashMapOpenAddressing,get/1[int],false,62,1,2,1,1,3,1,7,2,1,1,1,1,2,0,2,0,0,0,0,1,0,1,0,0,0,13,1,0,false
c:\Users\arthur.menezes_evolu\Desktop\Pes\hello-algo\codes\java\chapter_hashing\hash_map_open_addressing.java,chapter_hashing.HashMapOpenAddressing,remove/1[int],false,92,1,2,1,1,3,1,7,0,1,1,1,1,2,0,2,0,0,0,0,2,0,1,0,0,0,14,1,0,false
c:\Users\arthur.menezes_evolu\Desktop\Pes\hello-algo\codes\java\chapter_hashing\hash_map_open_addressing.java,chapter_hashing.HashMapOpenAddressing,hashFunc/1[int],false,25,0,1,1,0,1,0,3,1,0,1,0,0,0,0,0,0,0,0,0,0,1,0,0,0,0,4,2,0,false
c:\Users\arthur.menezes_evolu\Desktop\Pes\hello-algo\codes\java\chapter_hashing\hash_map_open_addressing.java,chapter_hashing.HashMapOpenAddressing,extend/0,false,103,2,2,1,1,4,1,11,0,1,0,1,1,3,1,2,0,0,0,1,4,0,2,0,0,0,17,2,0,false
c:\Users\arthur.menezes_evolu\Desktop\Pes\hello-algo\codes\java\chapter_hashing\hash_map_open_addressing.java,chapter_hashing.HashMapOpenAddressing,"put/2[int,java.lang.String]",false,74,2,6,2,4,4,3,12,1,1,2,3,3,2,0,2,0,0,0,0,3,0,1,0,0,0,20,1,0,false
c:\Users\arthur.menezes_evolu\Desktop\Pes\hello-algo\codes\java\chapter_sorting\selection_sort.java,chapter_sorting.selection_sort,selectionSort/1[int[]],false,13,1,1,1,0,4,0,12,0,5,1,0,0,0,2,0,0,0,0,3,8,2,3,0,0,0,8,9,0,false
c:\Users\arthur.menezes_evolu\Desktop\Pes\hello-algo\codes\java\chapter_sorting\selection_sort.java,chapter_sorting.selection_sort,main/1[java.lang.String[]],false,30,2,1,0,1,1,3,5,0,1,1,3,1,1,0,0,0,0,1,6,1,1,0,0,0,0,5,9,0,false
c:\Users\arthur.menezes_evolu\Desktop\Pes\hello-algo\codes\java\chapter_backtracking\preorder_traversal_iii_compact.java,chapter_backtracking.preorder_traversal_iii_compact,main/1[java.lang.String[]],false,34,3,3,0,3,3,7,16,0,2,1,7,1,1,2,0,0,0,2,7,4,0,2,0,0,0,11,9,0,false
c:\Users\arthur.menezes_evolu\Desktop\Pes\hello-algo\codes\java\chapter_backtracking\preorder_traversal_iii_compact.java,chapter_backtracking.preorder_traversal_iii_compact,preOrder/1[utils.TreeNode],false,17,2,3,2,1,4,5,12,1,0,1,5,1,0,0,3,0,0,0,3,0,1,1,0,0,0,7,8,0,false
c:\Users\arthur.menezes_evolu\Desktop\Pes\hello-algo\codes\java\chapter_sorting\quick_sort.java,chapter_sorting.quick_sort,main/1[java.lang.String[]],false,142,4,3,0,3,1,5,11,0,3,1,5,0,0,0,0,0,0,3,24,3,6,0,0,0,0,5,9,0,false
c:\Users\arthur.menezes_evolu\Desktop\Pes\hello-algo\codes\java\chapter_stack_and_queue\array_queue.java,chapter_stack_and_queue.ArrayQueue,isEmpty/0,false,33,0,2,2,0,2,0,3,1,0,0,0,0,0,0,1,0,0,0,1,0,0,0,0,0,0,4,1,0,false
c:\Users\arthur.menezes_evolu\Desktop\Pes\hello-algo\codes\java\chapter_stack_and_queue\array_queue.java,chapter_stack_and_queue.ArrayQueue,size/0,false,28,0,1,1,0,1,0,3,1,0,0,0,0,0,0,0,0,0,0,0,0,0,0,0,0,0,3,1,0,false
c:\Users\arthur.menezes_evolu\Desktop\Pes\hello-algo\codes\java\chapter_stack_and_queue\array_queue.java,chapter_stack_and_queue.ArrayQueue,peek/0,false,61,1,3,2,1,2,1,4,1,0,0,1,1,1,0,0,0,0,0,0,0,0,1,0,0,0,8,1,0,false
c:\Users\arthur.menezes_evolu\Desktop\Pes\hello-algo\codes\java\chapter_stack_and_queue\array_queue.java,chapter_stack_and_queue.ArrayQueue,ArrayQueue/1[int],true,17,1,1,1,0,1,0,4,0,0,1,0,0,0,0,0,0,0,0,1,3,0,0,0,0,0,7,1,0,false
c:\Users\arthur.menezes_evolu\Desktop\Pes\hello-algo\codes\java\chapter_stack_and_queue\array_queue.java,chapter_stack_and_queue.ArrayQueue,capacity/0,false,23,0,3,3,0,1,0,3,1,0,0,0,0,0,0,0,0,0,0,0,0,0,0,0,0,0,1,1,0,false
c:\Users\arthur.menezes_evolu\Desktop\Pes\hello-algo\codes\java\chapter_stack_and_queue\array_queue.java,chapter_stack_and_queue.ArrayQueue,toArray/0,false,68,2,2,1,1,2,1,7,1,3,0,1,1,1,1,0,0,0,0,1,4,1,1,0,0,0,9,1,0,false
c:\Users\arthur.menezes_evolu\Desktop\Pes\hello-algo\codes\java\chapter_stack_and_queue\array_queue.java,chapter_stack_and_queue.ArrayQueue,pop/0,false,52,1,3,1,2,1,2,6,1,1,0,2,2,2,0,0,0,1,0,1,2,2,0,0,0,0,7,1,0,false
c:\Users\arthur.menezes_evolu\Desktop\Pes\hello-algo\codes\java\chapter_stack_and_queue\array_queue.java,chapter_stack_and_queue.ArrayQueue,push/1[int],false,38,1,2,1,1,2,2,9,1,1,1,2,1,1,0,1,0,1,1,0,2,2,1,0,0,0,7,1,0,false
c:\Users\arthur.menezes_evolu\Desktop\Pes\hello-algo\codes\java\chapter_stack_and_queue\linkedlist_deque.java,chapter_stack_and_queue.LinkedListDeque,popFirst/0,false,105,1,2,1,1,1,1,3,1,0,0,1,1,3,0,0,0,0,0,0,0,0,0,0,0,0,3,1,0,false
c:\Users\arthur.menezes_evolu\Desktop\Pes\hello-algo\codes\java\chapter_stack_and_queue\linkedlist_deque.java,chapter_stack_and_queue.LinkedListDeque,pop/1[boolean],false,75,2,3,2,1,5,1,24,1,3,1,1,1,2,0,2,0,0,0,0,10,0,2,0,0,0,21,2,0,false
c:\Users\arthur.menezes_evolu\Desktop\Pes\hello-algo\codes\java\chapter_stack_and_queue\linkedlist_deque.java,chapter_stack_and_queue.LinkedListDeque,pushLast/1[int],false,70,1,2,1,1,1,1,3,0,0,1,1,1,3,0,0,0,0,0,0,0,0,0,0,0,0,3,1,0,false
c:\Users\arthur.menezes_evolu\Desktop\Pes\hello-algo\codes\java\chapter_stack_and_queue\linkedlist_deque.java,chapter_stack_and_queue.LinkedListDeque,peekLast/0,false,122,1,2,1,1,2,1,4,1,0,0,1,1,2,0,0,0,0,0,0,0,0,1,0,0,0,9,1,0,false
c:\Users\arthur.menezes_evolu\Desktop\Pes\hello-algo\codes\java\chapter_stack_and_queue\linkedlist_deque.java,chapter_stack_and_queue.LinkedListDeque,peekFirst/0,false,115,1,2,1,1,2,1,4,1,0,0,1,1,2,0,0,0,0,0,0,0,0,1,0,0,0,9,1,0,false
c:\Users\arthur.menezes_evolu\Desktop\Pes\hello-algo\codes\java\chapter_stack_and_queue\linkedlist_deque.java,chapter_stack_and_queue.LinkedListDeque,"push/2[int,boolean]",false,43,2,4,2,2,3,1,15,0,1,2,1,1,2,0,0,0,0,0,0,9,0,2,0,0,0,12,2,0,false
c:\Users\arthur.menezes_evolu\Desktop\Pes\hello-algo\codes\java\chapter_stack_and_queue\linkedlist_deque.java,chapter_stack_and_queue.LinkedListDeque,pushFirst/1[int],false,65,1,2,1,1,1,1,3,0,0,1,1,1,3,0,0,0,0,0,0,0,0,0,0,0,0,3,1,0,false
c:\Users\arthur.menezes_evolu\Desktop\Pes\hello-algo\codes\java\chapter_stack_and_queue\linkedlist_deque.java,chapter_stack_and_queue.LinkedListDeque,LinkedListDeque/0,true,28,0,1,1,0,1,0,3,0,0,0,0,0,0,0,0,0,0,0,0,2,0,0,0,0,0,6,1,0,false
c:\Users\arthur.menezes_evolu\Desktop\Pes\hello-algo\codes\java\chapter_stack_and_queue\linkedlist_deque.java,chapter_stack_and_queue.LinkedListDeque,isEmpty/0,false,38,1,6,5,1,2,1,3,1,0,0,1,1,1,0,1,0,0,0,1,0,0,0,0,0,0,3,1,0,false
c:\Users\arthur.menezes_evolu\Desktop\Pes\hello-algo\codes\java\chapter_stack_and_queue\linkedlist_deque.java,chapter_stack_and_queue.LinkedListDeque,popLast/0,false,110,1,2,1,1,1,1,3,1,0,0,1,1,3,0,0,0,0,0,0,0,0,0,0,0,0,3,1,0,false
c:\Users\arthur.menezes_evolu\Desktop\Pes\hello-algo\codes\java\chapter_stack_and_queue\linkedlist_deque.java,chapter_stack_and_queue.LinkedListDeque,toArray/0,false,129,3,2,1,1,2,1,9,1,3,0,1,1,1,1,0,0,0,0,1,5,0,1,0,0,0,8,1,0,false
c:\Users\arthur.menezes_evolu\Desktop\Pes\hello-algo\codes\java\chapter_stack_and_queue\linkedlist_deque.java,chapter_stack_and_queue.LinkedListDeque,size/0,false,33,0,3,3,0,1,0,3,1,0,0,0,0,0,0,0,0,0,0,0,0,0,0,0,0,0,3,1,0,false
c:\Users\arthur.menezes_evolu\Desktop\Pes\hello-algo\codes\java\chapter_dynamic_programming\coin_change_ii.java,chapter_dynamic_programming.coin_change_ii,"coinChangeIIDPComp/2[int[],int]",false,35,1,1,1,0,4,0,16,1,4,2,0,0,0,2,0,0,0,0,7,7,5,3,0,0,0,11,8,0,false
c:\Users\arthur.menezes_evolu\Desktop\Pes\hello-algo\codes\java\chapter_dynamic_programming\coin_change_ii.java,chapter_dynamic_programming.coin_change_ii,main/1[java.lang.String[]],false,55,2,2,0,2,1,3,8,0,3,1,3,2,1,0,0,0,0,2,4,4,2,0,0,0,0,11,9,0,false
c:\Users\arthur.menezes_evolu\Desktop\Pes\hello-algo\codes\java\chapter_dynamic_programming\coin_change_ii.java,chapter_dynamic_programming.coin_change_ii,"coinChangeIIDP/2[int[],int]",false,11,1,1,1,0,5,0,18,1,5,2,0,0,0,3,0,0,0,0,11,8,8,3,0,0,0,10,8,0,false
c:\Users\arthur.menezes_evolu\Desktop\Pes\hello-algo\codes\java\chapter_backtracking\preorder_traversal_i_compact.java,chapter_backtracking.preorder_traversal_i_compact,preOrder/1[utils.TreeNode],false,16,2,3,2,1,3,2,10,1,0,1,2,1,0,0,2,0,0,0,1,0,0,1,0,0,0,6,8,0,false
c:\Users\arthur.menezes_evolu\Desktop\Pes\hello-algo\codes\java\chapter_backtracking\preorder_traversal_i_compact.java,chapter_backtracking.preorder_traversal_i_compact,main/1[java.lang.String[]],false,28,3,3,0,3,2,7,13,0,2,1,7,1,1,1,0,0,0,2,7,3,0,1,0,0,0,10,9,0,false
c:\Users\arthur.menezes_evolu\Desktop\Pes\hello-algo\codes\java\chapter_hashing\hash_map_chaining.java,chapter_hashing.hash_map_chaining,main/1[java.lang.String[]],false,123,1,5,0,5,1,5,15,0,2,1,5,0,0,0,0,0,0,8,7,2,1,0,0,0,0,7,9,0,false
c:\Users\arthur.menezes_evolu\Desktop\Pes\hello-algo\codes\java\chapter_backtracking\permutations_ii.java,chapter_backtracking.permutations_ii,main/1[java.lang.String[]],false,45,2,1,0,1,1,3,6,0,2,1,3,1,2,0,0,0,0,2,3,2,2,0,0,0,0,6,9,0,false
c:\Users\arthur.menezes_evolu\Desktop\Pes\hello-algo\codes\java\chapter_backtracking\permutations_ii.java,chapter_backtracking.permutations_ii,permutationsII/1[int[]],false,39,3,2,1,1,1,1,5,1,1,1,1,1,1,0,0,0,0,0,0,1,0,0,0,0,0,5,8,0,false
c:\Users\arthur.menezes_evolu\Desktop\Pes\hello-algo\codes\java\chapter_backtracking\permutations_ii.java,chapter_backtracking.permutations_ii,"backtrack/4[java.util.List<java.lang.Integer>,int[],boolean[],java.util.List<java.util.List<java.lang.Integer>>]",false,13,3,3,2,1,5,7,18,1,3,4,7,1,0,1,1,0,0,0,2,5,1,2,0,0,0,8,8,0,false
c:\Users\arthur.menezes_evolu\Desktop\Pes\hello-algo\codes\java\chapter_graph\graph_dfs.java,chapter_graph.graph_dfs,"graphDFS/2[chapter_graph.GraphAdjList,utils.Vertex]",false,28,3,2,1,1,1,1,6,1,2,2,1,1,1,0,0,0,0,0,0,2,0,0,0,0,0,12,8,0,false
c:\Users\arthur.menezes_evolu\Desktop\Pes\hello-algo\codes\java\chapter_graph\graph_dfs.java,chapter_graph.graph_dfs,main/1[java.lang.String[]],false,37,4,5,0,5,1,6,10,0,4,1,6,1,2,0,0,0,0,2,20,4,0,0,0,0,0,12,9,0,false
c:\Users\arthur.menezes_evolu\Desktop\Pes\hello-algo\codes\java\chapter_graph\graph_dfs.java,chapter_graph.graph_dfs,"dfs/4[chapter_graph.GraphAdjList,java.util.Set<utils.Vertex>,java.util.List<utils.Vertex>,utils.Vertex]",false,14,3,3,2,1,3,5,8,0,0,4,5,1,0,1,0,0,0,0,0,0,0,2,0,0,0,8,8,0,false
c:\Users\arthur.menezes_evolu\Desktop\Pes\hello-algo\codes\java\chapter_tree\array_binary_tree.java,chapter_tree.array_binary_tree,main/1[java.lang.String[]],false,101,3,11,0,11,4,13,26,0,8,1,13,0,0,0,3,0,3,18,11,11,8,0,0,0,0,16,9,0,false
c:\Users\arthur.menezes_evolu\Desktop\Pes\hello-algo\codes\java\chapter_computational_complexity\space_complexity.java,chapter_computational_complexity.space_complexity,main/1[java.lang.String[]],false,96,3,7,0,7,1,7,10,0,2,1,7,6,2,0,0,0,0,0,1,2,0,0,0,0,0,11,9,0,false
c:\Users\arthur.menezes_evolu\Desktop\Pes\hello-algo\codes\java\chapter_computational_complexity\space_complexity.java,chapter_computational_complexity.space_complexity,quadratic/1[int],false,61,1,1,1,0,3,2,11,0,5,1,2,0,0,2,0,0,0,0,3,5,0,2,0,0,0,8,8,0,false
c:\Users\arthur.menezes_evolu\Desktop\Pes\hello-algo\codes\java\chapter_computational_complexity\space_complexity.java,chapter_computational_complexity.space_complexity,linearRecur/1[int],false,53,1,3,2,1,2,2,5,1,0,1,2,1,0,0,1,0,0,1,2,0,2,1,0,0,0,3,8,0,false
c:\Users\arthur.menezes_evolu\Desktop\Pes\hello-algo\codes\java\chapter_computational_complexity\space_complexity.java,chapter_computational_complexity.space_complexity,constant/1[int],false,20,3,3,1,2,3,1,12,0,7,1,1,1,1,2,0,0,0,0,7,7,0,1,0,0,0,11,8,0,false
c:\Users\arthur.menezes_evolu\Desktop\Pes\hello-algo\codes\java\chapter_computational_complexity\space_complexity.java,chapter_computational_complexity.space_complexity,buildTree/1[int],false,86,2,4,2,2,2,1,7,2,1,1,1,1,0,0,1,0,0,0,4,3,2,1,0,0,0,6,8,0,false
c:\Users\arthur.menezes_evolu\Desktop\Pes\hello-algo\codes\java\chapter_computational_complexity\space_complexity.java,chapter_computational_complexity.space_complexity,function/0,false,14,0,1,1,0,1,0,3,1,0,0,0,0,0,0,0,0,0,0,1,0,0,0,0,0,0,1,8,0,false
c:\Users\arthur.menezes_evolu\Desktop\Pes\hello-algo\codes\java\chapter_computational_complexity\space_complexity.java,chapter_computational_complexity.space_complexity,linear/1[int],false,37,2,2,1,1,3,3,11,0,5,1,3,0,0,2,0,0,0,0,2,5,0,1,0,0,0,8,8,0,false
c:\Users\arthur.menezes_evolu\Desktop\Pes\hello-algo\codes\java\chapter_computational_complexity\space_complexity.java,chapter_computational_complexity.space_complexity,quadraticRecur/1[int],false,76,2,3,2,1,2,2,6,2,1,1,2,1,0,0,0,0,0,2,3,1,2,1,0,0,0,4,8,0,false
c:\Users\arthur.menezes_evolu\Desktop\Pes\hello-algo\codes\java\chapter_heap\heap.java,chapter_heap.heap,testPop/1[java.util.Queue<java.lang.Integer>],false,19,1,2,1,1,1,3,5,0,1,1,3,0,0,0,0,0,0,1,0,1,0,0,0,0,0,4,9,0,false
c:\Users\arthur.menezes_evolu\Desktop\Pes\hello-algo\codes\java\chapter_heap\heap.java,chapter_heap.heap,main/1[java.lang.String[]],false,25,2,3,0,3,1,9,24,0,7,1,9,2,1,0,0,0,0,5,10,6,1,0,0,0,1,14,9,0,false
c:\Users\arthur.menezes_evolu\Desktop\Pes\hello-algo\codes\java\chapter_heap\heap.java,chapter_heap.heap,"testPush/2[java.util.Queue<java.lang.Integer>,int]",false,13,1,2,1,1,1,3,5,0,0,2,3,0,0,0,0,0,0,1,0,0,0,0,0,0,0,4,9,0,false
c:\Users\arthur.menezes_evolu\Desktop\Pes\hello-algo\codes\java\chapter_sorting\quick_sort.java,chapter_sorting.QuickSort,"partition/3[int[],int,int]",false,21,2,2,1,1,6,1,10,1,2,3,1,1,1,3,0,0,0,0,0,2,0,2,0,0,0,5,8,0,false
c:\Users\arthur.menezes_evolu\Desktop\Pes\hello-algo\codes\java\chapter_sorting\quick_sort.java,chapter_sorting.QuickSort,"swap/3[int[],int,int]",false,14,1,1,1,0,1,0,5,0,1,3,0,0,0,0,0,0,0,0,0,3,0,0,0,0,0,3,8,0,false
c:\Users\arthur.menezes_evolu\Desktop\Pes\hello-algo\codes\java\chapter_sorting\quick_sort.java,chapter_sorting.QuickSort,"quickSort/3[int[],int,int]",false,36,2,4,2,2,2,2,6,1,1,3,2,2,2,0,0,0,0,0,2,1,2,1,0,0,0,6,9,0,false
c:\Users\arthur.menezes_evolu\Desktop\Pes\hello-algo\codes\java\chapter_backtracking\subset_sum_i.java,chapter_backtracking.subset_sum_i,main/1[java.lang.String[]],false,46,2,1,0,1,1,3,7,0,3,1,3,1,2,0,0,0,0,4,4,3,2,0,0,0,0,8,9,0,false
c:\Users\arthur.menezes_evolu\Desktop\Pes\hello-algo\codes\java\chapter_backtracking\subset_sum_i.java,chapter_backtracking.subset_sum_i,"subsetSumI/2[int[],int]",false,37,2,2,1,1,1,2,8,1,3,2,2,1,1,0,0,0,0,0,1,3,0,0,0,0,0,9,8,0,false
c:\Users\arthur.menezes_evolu\Desktop\Pes\hello-algo\codes\java\chapter_backtracking\subset_sum_i.java,chapter_backtracking.subset_sum_i,"backtrack/5[java.util.List<java.lang.Integer>,int,int[],int,java.util.List<java.util.List<java.lang.Integer>>]",false,13,2,3,2,1,4,5,14,1,1,5,5,1,0,1,1,0,0,0,3,1,3,2,0,0,0,6,8,0,false
c:\Users\arthur.menezes_evolu\Desktop\Pes\hello-algo\codes\java\chapter_dynamic_programming\climbing_stairs_dp.java,chapter_dynamic_programming.climbing_stairs_dp,main/1[java.lang.String[]],false,39,1,2,0,2,1,4,7,0,2,1,4,2,1,0,0,0,0,2,1,3,0,0,0,0,0,9,9,0,false
c:\Users\arthur.menezes_evolu\Desktop\Pes\hello-algo\codes\java\chapter_dynamic_programming\climbing_stairs_dp.java,chapter_dynamic_programming.climbing_stairs_dp,climbingStairsDP/1[int],false,11,1,1,1,0,4,0,10,2,2,1,0,0,0,1,2,0,0,0,10,5,4,1,0,0,0,7,9,0,false
c:\Users\arthur.menezes_evolu\Desktop\Pes\hello-algo\codes\java\chapter_dynamic_programming\climbing_stairs_dp.java,chapter_dynamic_programming.climbing_stairs_dp,climbingStairsDPComp/1[int],false,27,0,1,1,0,4,0,10,2,4,1,0,0,0,1,2,0,0,0,5,6,1,1,0,0,0,10,9,0,false
c:\Users\arthur.menezes_evolu\Desktop\Pes\hello-algo\codes\java\chapter_heap\top_k.java,chapter_heap.top_k,main/1[java.lang.String[]],false,32,3,2,0,2,1,3,7,0,3,1,3,1,1,0,0,0,0,2,6,3,1,0,0,0,0,8,9,0,false
c:\Users\arthur.menezes_evolu\Desktop\Pes\hello-algo\codes\java\chapter_heap\top_k.java,chapter_heap.top_k,"topKHeap/2[int[],int]",false,14,1,1,1,0,4,3,13,1,3,2,3,0,0,2,0,0,0,0,1,3,0,2,0,0,0,6,8,0,false
c:\Users\arthur.menezes_evolu\Desktop\Pes\hello-algo\codes\java\chapter_dynamic_programming\edit_distance.java,chapter_dynamic_programming.edit_distance,"editDistanceDFSMem/5[java.lang.String,java.lang.String,int[][],int,int]",false,35,2,3,2,1,7,3,12,6,3,5,3,1,0,0,6,0,0,0,15,4,9,1,0,0,0,11,8,0,false
c:\Users\arthur.menezes_evolu\Desktop\Pes\hello-algo\codes\java\chapter_dynamic_programming\edit_distance.java,chapter_dynamic_programming.edit_distance,"editDistanceDFS/4[java.lang.String,java.lang.String,int,int]",false,13,1,3,2,1,6,3,10,5,3,4,3,1,0,0,5,0,0,0,14,3,9,1,0,0,0,10,8,0,false
c:\Users\arthur.menezes_evolu\Desktop\Pes\hello-algo\codes\java\chapter_dynamic_programming\edit_distance.java,chapter_dynamic_programming.edit_distance,main/1[java.lang.String[]],false,115,2,4,0,4,2,7,15,0,6,1,7,4,1,1,0,0,0,18,3,9,6,1,0,0,0,17,9,0,false
c:\Users\arthur.menezes_evolu\Desktop\Pes\hello-algo\codes\java\chapter_dynamic_programming\edit_distance.java,chapter_dynamic_programming.edit_distance,"editDistanceDPComp/2[java.lang.String,java.lang.String]",false,87,1,1,1,0,5,3,22,1,8,2,3,0,0,3,1,0,0,0,10,13,5,3,0,0,0,13,8,0,false
c:\Users\arthur.menezes_evolu\Desktop\Pes\hello-algo\codes\java\chapter_dynamic_programming\edit_distance.java,chapter_dynamic_programming.edit_distance,"editDistanceDP/2[java.lang.String,java.lang.String]",false,61,1,1,1,0,6,3,21,1,7,2,3,0,0,4,1,0,0,0,17,11,11,3,0,0,0,10,8,0,false
c:\Users\arthur.menezes_evolu\Desktop\Pes\hello-algo\codes\java\chapter_dynamic_programming\climbing_stairs_backtrack.java,chapter_dynamic_programming.climbing_stairs_backtrack,"backtrack/4[java.util.List<java.lang.Integer>,int,int,java.util.List<java.lang.Integer>]",false,13,1,3,2,1,4,3,7,0,0,4,3,1,0,1,1,0,0,0,3,0,3,2,0,0,0,7,9,0,false
c:\Users\arthur.menezes_evolu\Desktop\Pes\hello-algo\codes\java\chapter_dynamic_programming\climbing_stairs_backtrack.java,chapter_dynamic_programming.climbing_stairs_backtrack,main/1[java.lang.String[]],false,38,1,1,0,1,1,3,5,0,2,1,3,1,2,0,0,0,0,1,1,2,0,0,0,0,0,7,9,0,false
c:\Users\arthur.menezes_evolu\Desktop\Pes\hello-algo\codes\java\chapter_dynamic_programming\climbing_stairs_backtrack.java,chapter_dynamic_programming.climbing_stairs_backtrack,climbingStairsBacktrack/1[int],false,29,1,2,1,1,1,4,8,1,3,1,4,1,1,0,0,0,0,0,5,3,0,0,0,0,0,8,9,0,false
c:\Users\arthur.menezes_evolu\Desktop\Pes\hello-algo\codes\java\chapter_stack_and_queue\array_deque.java,chapter_stack_and_queue.ArrayDeque,index/1[int],false,39,1,6,5,1,1,1,3,1,0,1,1,1,1,0,0,0,1,0,0,0,2,0,0,0,0,3,2,0,false
c:\Users\arthur.menezes_evolu\Desktop\Pes\hello-algo\codes\java\chapter_stack_and_queue\array_deque.java,chapter_stack_and_queue.ArrayDeque,isEmpty/0,false,34,0,3,3,0,2,0,3,1,0,0,0,0,0,0,1,0,0,0,1,0,0,0,0,0,0,4,1,0,false
c:\Users\arthur.menezes_evolu\Desktop\Pes\hello-algo\codes\java\chapter_stack_and_queue\array_deque.java,chapter_stack_and_queue.ArrayDeque,pushLast/1[int],false,61,1,3,1,2,2,3,9,1,1,1,3,2,2,0,1,0,0,1,0,2,1,1,0,0,0,9,1,0,false
c:\Users\arthur.menezes_evolu\Desktop\Pes\hello-algo\codes\java\chapter_stack_and_queue\array_deque.java,chapter_stack_and_queue.ArrayDeque,toArray/0,false,106,2,2,1,1,2,1,7,1,3,0,1,1,2,1,0,0,0,0,1,4,0,1,0,0,0,8,1,0,false
c:\Users\arthur.menezes_evolu\Desktop\Pes\hello-algo\codes\java\chapter_stack_and_queue\array_deque.java,chapter_stack_and_queue.ArrayDeque,popFirst/0,false,74,1,3,1,2,1,2,6,1,1,0,2,2,3,0,0,0,0,0,1,2,1,0,0,0,0,8,1,0,false
c:\Users\arthur.menezes_evolu\Desktop\Pes\hello-algo\codes\java\chapter_stack_and_queue\array_deque.java,chapter_stack_and_queue.ArrayDeque,size/0,false,29,0,1,1,0,1,0,3,1,0,0,0,0,0,0,0,0,0,0,0,0,0,0,0,0,0,3,1,0,false
c:\Users\arthur.menezes_evolu\Desktop\Pes\hello-algo\codes\java\chapter_stack_and_queue\array_deque.java,chapter_stack_and_queue.ArrayDeque,pushFirst/1[int],false,47,1,3,1,2,2,3,9,1,0,1,3,2,2,0,1,0,0,1,1,2,1,1,0,0,0,8,1,0,false
c:\Users\arthur.menezes_evolu\Desktop\Pes\hello-algo\codes\java\chapter_stack_and_queue\array_deque.java,chapter_stack_and_queue.ArrayDeque,popLast/0,false,83,1,2,1,1,1,1,5,1,1,0,1,1,3,0,0,0,0,0,0,1,0,0,0,0,0,6,1,0,false
c:\Users\arthur.menezes_evolu\Desktop\Pes\hello-algo\codes\java\chapter_stack_and_queue\array_deque.java,chapter_stack_and_queue.ArrayDeque,capacity/0,false,24,0,3,3,0,1,0,3,1,0,0,0,0,0,0,0,0,0,0,0,0,0,0,0,0,0,1,1,0,false
c:\Users\arthur.menezes_evolu\Desktop\Pes\hello-algo\codes\java\chapter_stack_and_queue\array_deque.java,chapter_stack_and_queue.ArrayDeque,ArrayDeque/1[int],true,18,1,1,1,0,1,0,4,0,0,1,0,0,0,0,0,0,0,0,1,3,0,0,0,0,0,6,1,0,false
c:\Users\arthur.menezes_evolu\Desktop\Pes\hello-algo\codes\java\chapter_stack_and_queue\array_deque.java,chapter_stack_and_queue.ArrayDeque,peekFirst/0,false,90,1,3,2,1,2,1,4,1,0,0,1,1,1,0,0,0,0,0,0,0,0,1,0,0,0,9,1,0,false
c:\Users\arthur.menezes_evolu\Desktop\Pes\hello-algo\codes\java\chapter_stack_and_queue\array_deque.java,chapter_stack_and_queue.ArrayDeque,peekLast/0,false,97,1,4,2,2,2,2,5,1,1,0,2,2,2,0,0,0,0,0,1,1,2,1,0,0,0,14,1,0,false
c:\Users\arthur.menezes_evolu\Desktop\Pes\hello-algo\codes\java\chapter_array_and_linkedlist\list.java,chapter_array_and_linkedlist.list,main/1[java.lang.String[]],false,12,0,0,0,0,3,11,33,0,6,1,11,0,0,2,0,0,0,9,23,8,9,1,0,0,0,9,9,0,false
c:\Users\arthur.menezes_evolu\Desktop\Pes\hello-algo\codes\java\chapter_greedy\coin_change_greedy.java,chapter_greedy.coin_change_greedy,main/1[java.lang.String[]],false,31,2,1,0,1,1,3,19,0,3,1,3,1,1,0,0,0,0,14,15,9,6,0,0,0,0,8,9,0,false
c:\Users\arthur.menezes_evolu\Desktop\Pes\hello-algo\codes\java\chapter_greedy\coin_change_greedy.java,chapter_greedy.coin_change_greedy,"coinChangeGreedy/2[int[],int]",false,13,1,1,1,0,5,0,12,1,2,2,0,0,0,2,1,0,0,0,6,3,1,2,0,0,0,6,8,0,false
c:\Users\arthur.menezes_evolu\Desktop\Pes\hello-algo\codes\java\chapter_stack_and_queue\linkedlist_stack.java,chapter_stack_and_queue.LinkedListStack,push/1[int],false,32,1,2,1,1,1,0,6,0,1,1,0,0,0,0,0,0,0,0,0,3,0,0,0,0,0,9,1,0,false
c:\Users\arthur.menezes_evolu\Desktop\Pes\hello-algo\codes\java\chapter_stack_and_queue\linkedlist_stack.java,chapter_stack_and_queue.LinkedListStack,peek/0,false,48,1,3,2,1,2,1,4,1,0,0,1,1,2,0,0,0,0,0,0,0,0,1,0,0,0,8,1,0,false
c:\Users\arthur.menezes_evolu\Desktop\Pes\hello-algo\codes\java\chapter_stack_and_queue\linkedlist_stack.java,chapter_stack_and_queue.LinkedListStack,toArray/0,false,55,3,2,1,1,2,1,9,1,3,0,1,1,1,1,0,0,0,0,2,5,1,1,0,0,0,9,1,0,false
c:\Users\arthur.menezes_evolu\Desktop\Pes\hello-algo\codes\java\chapter_stack_and_queue\linkedlist_stack.java,chapter_stack_and_queue.LinkedListStack,LinkedListStack/0,true,17,0,1,1,0,1,0,3,0,0,0,0,0,0,0,0,0,0,0,0,1,0,0,0,0,0,6,1,0,false
c:\Users\arthur.menezes_evolu\Desktop\Pes\hello-algo\codes\java\chapter_stack_and_queue\linkedlist_stack.java,chapter_stack_and_queue.LinkedListStack,isEmpty/0,false,27,1,3,2,1,2,1,3,1,0,0,1,1,1,0,1,0,0,0,1,0,0,0,0,0,0,3,1,0,false
c:\Users\arthur.menezes_evolu\Desktop\Pes\hello-algo\codes\java\chapter_stack_and_queue\linkedlist_stack.java,chapter_stack_and_queue.LinkedListStack,pop/0,false,40,1,2,1,1,1,1,6,1,1,0,1,1,3,0,0,0,0,0,0,2,0,0,0,0,0,7,1,0,false
c:\Users\arthur.menezes_evolu\Desktop\Pes\hello-algo\codes\java\chapter_stack_and_queue\linkedlist_stack.java,chapter_stack_and_queue.LinkedListStack,size/0,false,22,0,3,3,0,1,0,3,1,0,0,0,0,0,0,0,0,0,0,0,0,0,0,0,0,0,3,1,0,false
c:\Users\arthur.menezes_evolu\Desktop\Pes\hello-algo\codes\java\chapter_sorting\insertion_sort.java,chapter_sorting.insertion_sort,insertionSort/1[int[]],false,13,1,1,1,0,4,0,10,0,3,1,0,0,0,2,0,0,0,0,5,5,3,2,0,0,0,6,8,0,false
c:\Users\arthur.menezes_evolu\Desktop\Pes\hello-algo\codes\java\chapter_sorting\insertion_sort.java,chapter_sorting.insertion_sort,main/1[java.lang.String[]],false,26,2,1,0,1,1,3,5,0,1,1,3,1,1,0,0,0,0,1,6,1,1,0,0,0,0,5,9,0,false
c:\Users\arthur.menezes_evolu\Desktop\Pes\hello-algo\codes\java\chapter_searching\linear_search.java,chapter_searching.linear_search,main/1[java.lang.String[]],false,37,3,3,0,3,1,4,9,0,5,1,4,2,1,0,0,0,0,2,11,5,2,0,0,0,0,13,9,0,false
c:\Users\arthur.menezes_evolu\Desktop\Pes\hello-algo\codes\java\chapter_searching\linear_search.java,chapter_searching.linear_search,"linearSearchArray/2[int[],int]",false,13,1,1,1,0,3,0,6,2,1,2,0,0,0,1,1,0,0,0,2,1,0,2,0,0,0,5,8,0,false
c:\Users\arthur.menezes_evolu\Desktop\Pes\hello-algo\codes\java\chapter_searching\linear_search.java,chapter_searching.linear_search,"linearSearchLinkedList/2[utils.ListNode,int]",false,25,1,1,1,0,3,0,7,2,0,2,0,0,0,1,2,0,0,0,0,1,0,2,0,0,0,8,8,0,false
c:\Users\arthur.menezes_evolu\Desktop\Pes\hello-algo\codes\java\chapter_graph\graph_adjacency_list.java,chapter_graph.GraphAdjList,removeVertex/1[utils.Vertex],false,60,1,1,1,0,3,4,7,0,0,1,4,0,0,1,0,0,0,0,0,0,0,1,0,0,0,7,1,0,false
c:\Users\arthur.menezes_evolu\Desktop\Pes\hello-algo\codes\java\chapter_graph\graph_adjacency_list.java,chapter_graph.GraphAdjList,print/0,false,72,1,3,3,0,3,5,8,0,1,0,5,0,0,2,0,0,0,3,0,1,1,2,0,0,0,5,1,0,false
c:\Users\arthur.menezes_evolu\Desktop\Pes\hello-algo\codes\java\chapter_graph\graph_adjacency_list.java,chapter_graph.GraphAdjList,size/0,false,29,0,0,0,0,1,1,3,1,0,0,1,0,0,0,0,0,0,0,0,0,0,0,0,0,0,1,1,0,false
c:\Users\arthur.menezes_evolu\Desktop\Pes\hello-algo\codes\java\chapter_graph\graph_adjacency_list.java,chapter_graph.GraphAdjList,addVertex/1[utils.Vertex],false,52,1,2,2,0,2,2,4,1,0,1,2,0,0,0,0,0,0,0,0,0,0,1,0,0,0,3,1,0,false
c:\Users\arthur.menezes_evolu\Desktop\Pes\hello-algo\codes\java\chapter_graph\graph_adjacency_list.java,chapter_graph.GraphAdjList,"removeEdge/2[utils.Vertex,utils.Vertex]",false,43,1,1,1,0,4,3,5,0,0,2,3,0,0,0,1,0,0,0,0,0,0,1,0,0,0,8,1,0,false
c:\Users\arthur.menezes_evolu\Desktop\Pes\hello-algo\codes\java\chapter_graph\graph_adjacency_list.java,chapter_graph.GraphAdjList,GraphAdjList/1[utils.Vertex[][]],true,18,2,5,3,2,2,2,8,0,0,1,2,2,1,1,0,0,0,0,4,1,0,1,0,0,0,8,1,0,false
c:\Users\arthur.menezes_evolu\Desktop\Pes\hello-algo\codes\java\chapter_graph\graph_adjacency_list.java,chapter_graph.GraphAdjList,"addEdge/2[utils.Vertex,utils.Vertex]",false,34,1,2,2,0,4,3,5,0,0,2,3,0,0,0,1,0,0,0,0,0,0,1,0,0,0,8,1,0,false
c:\Users\arthur.menezes_evolu\Desktop\Pes\hello-algo\codes\java\chapter_searching\binary_search_insertion.java,chapter_searching.binary_search_insertion,"binarySearchInsertion/2[int[],int]",false,28,1,3,3,0,4,0,16,1,3,2,0,0,0,1,0,0,1,0,6,6,7,2,0,0,0,7,8,0,false
c:\Users\arthur.menezes_evolu\Desktop\Pes\hello-algo\codes\java\chapter_searching\binary_search_insertion.java,chapter_searching.binary_search_insertion,"binarySearchInsertionSimple/2[int[],int]",false,11,1,1,1,0,4,0,16,2,3,2,0,0,0,1,0,0,1,0,5,5,6,2,0,0,0,8,8,0,false
c:\Users\arthur.menezes_evolu\Desktop\Pes\hello-algo\codes\java\chapter_searching\binary_search_insertion.java,chapter_searching.binary_search_insertion,main/1[java.lang.String[]],false,44,2,2,0,2,3,4,14,0,3,1,4,2,1,2,0,0,0,6,25,4,4,1,0,0,0,9,9,0,false
c:\Users\arthur.menezes_evolu\Desktop\Pes\hello-algo\codes\java\utils\Vertex.java,utils.Vertex,Vertex/1[int],true,15,0,2,2,0,1,0,3,0,0,1,0,0,0,0,0,0,0,0,0,1,0,0,0,0,0,2,1,0,false
c:\Users\arthur.menezes_evolu\Desktop\Pes\hello-algo\codes\java\utils\Vertex.java,utils.Vertex,valsToVets/1[int[]],false,20,2,4,3,1,2,0,7,1,2,1,0,0,0,1,0,0,0,0,1,3,0,1,0,0,0,6,9,0,false
c:\Users\arthur.menezes_evolu\Desktop\Pes\hello-algo\codes\java\utils\Vertex.java,utils.Vertex,vetsToVals/1[java.util.List<utils.Vertex>],false,29,1,2,2,0,2,1,7,1,1,1,1,0,0,1,0,0,0,0,0,1,0,1,0,0,0,6,9,0,false
c:\Users\arthur.menezes_evolu\Desktop\Pes\hello-algo\codes\java\chapter_dynamic_programming\unbounded_knapsack.java,chapter_dynamic_programming.unbounded_knapsack,main/1[java.lang.String[]],false,50,2,2,0,2,1,3,9,0,4,1,3,2,1,0,0,0,0,2,7,5,2,0,0,0,0,11,9,0,false
c:\Users\arthur.menezes_evolu\Desktop\Pes\hello-algo\codes\java\chapter_dynamic_programming\unbounded_knapsack.java,chapter_dynamic_programming.unbounded_knapsack,"unboundedKnapsackDP/3[int[],int[],int]",false,11,1,1,1,0,4,1,15,1,4,3,1,0,0,2,0,0,0,0,9,6,9,3,0,0,0,9,8,0,false
c:\Users\arthur.menezes_evolu\Desktop\Pes\hello-algo\codes\java\chapter_dynamic_programming\unbounded_knapsack.java,chapter_dynamic_programming.unbounded_knapsack,"unboundedKnapsackDPComp/3[int[],int[],int]",false,31,1,1,1,0,4,1,15,1,4,3,1,0,0,2,0,0,0,0,6,6,6,3,0,0,0,10,8,0,false
c:\Users\arthur.menezes_evolu\Desktop\Pes\hello-algo\codes\java\chapter_stack_and_queue\array_stack.java,chapter_stack_and_queue.array_stack,main/1[java.lang.String[]],false,56,1,7,0,7,1,8,17,0,5,1,8,0,0,0,0,0,0,6,5,5,5,0,0,0,0,10,9,0,false
c:\Users\arthur.menezes_evolu\Desktop\Pes\hello-algo\codes\java\utils\PrintUtil.java,utils.Trunk,"Trunk/2[utils.Trunk,java.lang.String]",true,15,1,1,1,0,1,0,4,0,0,2,0,0,0,0,0,0,0,0,0,2,0,0,0,0,0,3,0,0,false
c:\Users\arthur.menezes_evolu\Desktop\Pes\hello-algo\codes\java\utils\PrintUtil.java,utils.PrintUtil,printHeap/1[java.util.Queue<java.lang.Integer>],false,110,2,7,5,2,1,5,8,0,2,1,5,1,3,0,0,0,0,2,0,2,0,0,0,0,0,7,9,0,false
c:\Users\arthur.menezes_evolu\Desktop\Pes\hello-algo\codes\java\utils\PrintUtil.java,utils.PrintUtil,"printTree/3[utils.TreeNode,utils.Trunk,boolean]",false,61,3,5,2,3,5,3,26,1,2,3,3,2,1,0,3,0,0,7,0,9,1,1,0,0,0,13,9,0,false
c:\Users\arthur.menezes_evolu\Desktop\Pes\hello-algo\codes\java\utils\PrintUtil.java,utils.PrintUtil,printTree/1[utils.TreeNode],false,56,2,15,14,1,1,1,3,0,0,1,1,1,2,0,0,0,0,0,0,0,0,0,0,0,0,24,9,0,true
c:\Users\arthur.menezes_evolu\Desktop\Pes\hello-algo\codes\java\utils\PrintUtil.java,utils.PrintUtil,printMatrix/1[T[][]],false,24,1,0,0,0,2,1,7,0,0,1,1,0,0,1,0,0,0,4,0,0,1,1,0,0,0,4,9,0,false
c:\Users\arthur.menezes_evolu\Desktop\Pes\hello-algo\codes\java\utils\PrintUtil.java,utils.PrintUtil,showTrunks/1[utils.Trunk],false,93,2,3,2,1,2,2,7,1,0,1,2,1,0,0,1,0,0,0,0,0,0,1,0,0,0,5,9,0,false
c:\Users\arthur.menezes_evolu\Desktop\Pes\hello-algo\codes\java\utils\PrintUtil.java,utils.PrintUtil,printLinkedList/1[utils.ListNode],false,42,1,1,1,0,2,4,8,0,1,1,4,0,0,1,1,0,0,1,0,2,0,1,0,0,0,7,9,0,false
c:\Users\arthur.menezes_evolu\Desktop\Pes\hello-algo\codes\java\utils\PrintUtil.java,utils.PrintUtil,printMatrix/1[java.util.List<java.util.List<T>>],false,33,1,0,0,0,2,1,7,0,0,1,1,0,0,1,0,0,0,4,0,0,1,1,0,0,0,4,9,0,false
c:\Users\arthur.menezes_evolu\Desktop\Pes\hello-algo\codes\java\utils\PrintUtil.java,utils.PrintUtil,"printHashMap/1[java.util.Map<K,V>]",false,103,2,0,0,0,2,4,5,0,0,1,4,0,0,1,0,0,0,1,0,0,1,1,0,0,0,5,9,0,false
c:\Users\arthur.menezes_evolu\Desktop\Pes\hello-algo\codes\java\chapter_hashing\array_hash_map.java,chapter_hashing.Pair,"Pair/2[int,java.lang.String]",true,16,0,3,3,0,1,0,4,0,0,2,0,0,0,0,0,0,0,0,0,2,0,0,0,0,0,3,1,0,false
c:\Users\arthur.menezes_evolu\Desktop\Pes\hello-algo\codes\java\chapter_hashing\built_in_hash.java,chapter_hashing.built_in_hash,main/1[java.lang.String[]],false,13,1,1,0,1,1,8,20,0,12,1,8,0,0,0,0,0,0,14,4,12,6,0,0,0,0,18,9,0,false
c:\Users\arthur.menezes_evolu\Desktop\Pes\hello-algo\codes\java\chapter_sorting\quick_sort.java,chapter_sorting.QuickSortTailCall,"partition/3[int[],int,int]",false,109,2,2,1,1,6,1,10,1,2,3,1,1,1,3,0,0,0,0,0,2,0,2,0,0,0,5,8,0,false
c:\Users\arthur.menezes_evolu\Desktop\Pes\hello-algo\codes\java\chapter_sorting\quick_sort.java,chapter_sorting.QuickSortTailCall,"swap/3[int[],int,int]",false,102,1,1,1,0,1,0,5,0,1,3,0,0,0,0,0,0,0,0,0,3,0,0,0,0,0,3,8,0,false
c:\Users\arthur.menezes_evolu\Desktop\Pes\hello-algo\codes\java\chapter_sorting\quick_sort.java,chapter_sorting.QuickSortTailCall,"quickSort/3[int[],int,int]",false,124,2,4,2,2,3,2,13,0,1,3,2,2,2,1,0,0,0,0,4,3,6,2,0,0,0,6,9,0,false
c:\Users\arthur.menezes_evolu\Desktop\Pes\hello-algo\codes\java\chapter_backtracking\n_queens.java,chapter_backtracking.n_queens,main/1[java.lang.String[]],false,64,1,1,0,1,3,4,12,0,2,1,4,1,2,2,0,0,0,4,1,2,2,2,0,0,0,7,9,0,false
c:\Users\arthur.menezes_evolu\Desktop\Pes\hello-algo\codes\java\chapter_backtracking\n_queens.java,chapter_backtracking.n_queens,"backtrack/7[int,int,java.util.List<java.util.List<java.lang.String>>,java.util.List<java.util.List<java.util.List<java.lang.String>>>,boolean[],boolean[],boolean[]]",false,14,2,3,2,1,7,5,21,1,4,7,5,1,0,2,1,0,0,2,3,10,5,2,0,0,0,14,9,0,false
c:\Users\arthur.menezes_evolu\Desktop\Pes\hello-algo\codes\java\chapter_backtracking\n_queens.java,chapter_backtracking.n_queens,nQueens/1[int],false,44,2,2,1,1,3,3,16,1,8,1,3,1,1,2,0,0,0,1,7,8,4,2,0,0,0,11,9,0,false
c:\Users\arthur.menezes_evolu\Desktop\Pes\hello-algo\codes\java\chapter_greedy\max_capacity.java,chapter_greedy.max_capacity,main/1[java.lang.String[]],false,31,2,1,0,1,1,2,5,0,2,1,2,1,1,0,0,0,0,1,8,2,1,0,0,0,0,6,9,0,false
c:\Users\arthur.menezes_evolu\Desktop\Pes\hello-algo\codes\java\chapter_greedy\max_capacity.java,chapter_greedy.max_capacity,maxCapacity/1[int[]],false,11,1,1,1,0,3,2,15,1,4,1,2,0,0,1,0,0,1,0,3,5,3,2,0,0,0,7,8,0,false
c:\Users\arthur.menezes_evolu\Desktop\Pes\hello-algo\codes\java\chapter_tree\binary_tree_bfs.java,chapter_tree.binary_tree_bfs,main/1[java.lang.String[]],false,31,3,3,0,3,1,5,7,0,2,1,5,1,1,0,0,0,0,2,7,2,1,0,0,0,0,8,9,0,false
c:\Users\arthur.menezes_evolu\Desktop\Pes\hello-algo\codes\java\chapter_tree\binary_tree_bfs.java,chapter_tree.binary_tree_bfs,levelOrder/1[utils.TreeNode],false,14,1,1,1,0,4,5,12,1,3,1,5,0,0,1,2,0,0,0,0,3,0,2,0,0,0,9,8,0,false
c:\Users\arthur.menezes_evolu\Desktop\Pes\hello-algo\codes\java\chapter_tree\avl_tree.java,chapter_tree.AVLTree,leftRotate/1[utils.TreeNode],false,51,2,2,1,1,1,1,9,1,2,1,1,1,2,0,0,0,0,0,0,4,0,0,0,0,0,10,2,0,false
c:\Users\arthur.menezes_evolu\Desktop\Pes\hello-algo\codes\java\chapter_tree\avl_tree.java,chapter_tree.AVLTree,rotate/1[utils.TreeNode],false,65,2,5,2,3,5,3,22,5,1,1,3,3,4,0,0,0,0,0,4,3,0,2,0,0,0,9,2,0,false
c:\Users\arthur.menezes_evolu\Desktop\Pes\hello-algo\codes\java\chapter_tree\avl_tree.java,chapter_tree.AVLTree,"removeHelper/2[utils.TreeNode,int]",false,123,2,5,2,3,9,3,23,3,2,2,3,3,4,1,6,0,0,0,0,9,0,5,0,0,0,12,2,0,false
c:\Users\arthur.menezes_evolu\Desktop\Pes\hello-algo\codes\java\chapter_tree\avl_tree.java,chapter_tree.AVLTree,"insertHelper/2[utils.TreeNode,int]",false,100,2,6,2,4,4,3,9,3,0,2,3,3,4,0,1,0,0,0,0,3,0,2,0,0,0,10,2,0,false
c:\Users\arthur.menezes_evolu\Desktop\Pes\hello-algo\codes\java\chapter_tree\avl_tree.java,chapter_tree.AVLTree,balanceFactor/1[utils.TreeNode],false,28,2,2,1,1,2,1,4,2,0,1,1,1,1,0,1,0,0,0,1,0,1,1,0,0,0,7,1,0,false
c:\Users\arthur.menezes_evolu\Desktop\Pes\hello-algo\codes\java\chapter_tree\avl_tree.java,chapter_tree.AVLTree,updateHeight/1[utils.TreeNode],false,22,2,5,4,1,1,2,3,0,0,1,2,1,1,0,0,0,0,0,1,1,1,0,0,0,0,6,2,0,false
c:\Users\arthur.menezes_evolu\Desktop\Pes\hello-algo\codes\java\chapter_tree\avl_tree.java,chapter_tree.AVLTree,rightRotate/1[utils.TreeNode],false,37,2,2,1,1,1,1,9,1,2,1,1,1,2,0,0,0,0,0,0,4,0,0,0,0,0,10,2,0,false
c:\Users\arthur.menezes_evolu\Desktop\Pes\hello-algo\codes\java\chapter_tree\avl_tree.java,chapter_tree.AVLTree,search/1[int],false,158,1,1,1,0,4,0,9,1,1,1,0,0,0,1,1,0,0,0,0,3,0,3,0,0,0,7,1,0,false
c:\Users\arthur.menezes_evolu\Desktop\Pes\hello-algo\codes\java\chapter_tree\avl_tree.java,chapter_tree.AVLTree,height/1[utils.TreeNode],false,16,1,2,2,0,2,0,3,1,0,1,0,0,0,0,1,0,0,0,1,0,0,0,0,0,0,5,1,0,false
c:\Users\arthur.menezes_evolu\Desktop\Pes\hello-algo\codes\java\chapter_tree\avl_tree.java,chapter_tree.AVLTree,insert/1[int],false,95,1,2,1,1,1,1,3,0,0,1,1,1,5,0,0,0,0,0,0,1,0,0,0,0,0,4,1,0,false
c:\Users\arthur.menezes_evolu\Desktop\Pes\hello-algo\codes\java\chapter_tree\avl_tree.java,chapter_tree.AVLTree,remove/1[int],false,118,1,2,1,1,1,1,3,0,0,1,1,1,5,0,0,0,0,0,0,1,0,0,0,0,0,4,1,0,false
c:\Users\arthur.menezes_evolu\Desktop\Pes\hello-algo\codes\java\chapter_stack_and_queue\linkedlist_queue.java,chapter_stack_and_queue.LinkedListQueue,push/1[int],false,32,1,2,1,1,2,0,12,0,1,1,0,0,0,0,1,0,0,0,0,5,0,1,0,0,0,10,1,0,false
c:\Users\arthur.menezes_evolu\Desktop\Pes\hello-algo\codes\java\chapter_stack_and_queue\linkedlist_queue.java,chapter_stack_and_queue.LinkedListQueue,pop/0,false,48,1,2,1,1,1,1,6,1,1,0,1,1,3,0,0,0,0,0,0,2,0,0,0,0,0,6,1,0,false
c:\Users\arthur.menezes_evolu\Desktop\Pes\hello-algo\codes\java\chapter_stack_and_queue\linkedlist_queue.java,chapter_stack_and_queue.LinkedListQueue,isEmpty/0,false,27,1,3,2,1,2,1,3,1,0,0,1,1,1,0,1,0,0,0,1,0,0,0,0,0,0,3,1,0,false
c:\Users\arthur.menezes_evolu\Desktop\Pes\hello-algo\codes\java\chapter_stack_and_queue\linkedlist_queue.java,chapter_stack_and_queue.LinkedListQueue,size/0,false,22,0,3,3,0,1,0,3,1,0,0,0,0,0,0,0,0,0,0,0,0,0,0,0,0,0,3,1,0,false
c:\Users\arthur.menezes_evolu\Desktop\Pes\hello-algo\codes\java\chapter_stack_and_queue\linkedlist_queue.java,chapter_stack_and_queue.LinkedListQueue,peek/0,false,57,1,3,2,1,2,1,4,1,0,0,1,1,2,0,0,0,0,0,0,0,0,1,0,0,0,8,1,0,false
c:\Users\arthur.menezes_evolu\Desktop\Pes\hello-algo\codes\java\chapter_stack_and_queue\linkedlist_queue.java,chapter_stack_and_queue.LinkedListQueue,LinkedListQueue/0,true,16,0,1,1,0,1,0,4,0,0,0,0,0,0,0,0,0,0,0,0,2,0,0,0,0,0,6,1,0,false
c:\Users\arthur.menezes_evolu\Desktop\Pes\hello-algo\codes\java\chapter_stack_and_queue\linkedlist_queue.java,chapter_stack_and_queue.LinkedListQueue,toArray/0,false,64,3,2,1,1,2,1,9,1,3,0,1,1,1,1,0,0,0,0,1,5,0,1,0,0,0,8,1,0,false
c:\Users\arthur.menezes_evolu\Desktop\Pes\hello-algo\codes\java\chapter_heap\my_heap.java,chapter_heap.MaxHeap,push/1[int],false,65,1,3,1,2,1,3,4,0,0,1,3,2,2,0,0,0,0,0,1,0,1,0,0,0,0,5,1,0,false
c:\Users\arthur.menezes_evolu\Desktop\Pes\hello-algo\codes\java\chapter_heap\my_heap.java,chapter_heap.MaxHeap,left/1[int],false,28,0,1,1,0,1,0,3,1,0,1,0,0,0,0,0,0,0,0,2,0,2,0,0,0,0,2,2,0,false
c:\Users\arthur.menezes_evolu\Desktop\Pes\hello-algo\codes\java\chapter_heap\my_heap.java,chapter_heap.MaxHeap,"swap/2[int,int]",false,43,0,3,3,0,1,2,5,0,1,2,2,0,0,0,0,0,0,0,0,1,0,0,0,0,0,4,2,0,false
c:\Users\arthur.menezes_evolu\Desktop\Pes\hello-algo\codes\java\chapter_heap\my_heap.java,chapter_heap.MaxHeap,right/1[int],false,33,0,1,1,0,1,0,3,1,0,1,0,0,0,0,0,0,0,0,2,0,2,0,0,0,0,2,2,0,false
c:\Users\arthur.menezes_evolu\Desktop\Pes\hello-algo\codes\java\chapter_heap\my_heap.java,chapter_heap.MaxHeap,pop/0,false,88,1,5,1,4,2,5,7,1,1,0,5,4,3,0,0,0,0,0,4,1,2,1,0,0,0,13,1,0,false
c:\Users\arthur.menezes_evolu\Desktop\Pes\hello-algo\codes\java\chapter_heap\my_heap.java,chapter_heap.MaxHeap,siftUp/1[int],false,73,1,3,1,2,4,3,8,0,1,1,3,2,1,1,0,0,0,0,1,2,0,2,0,0,0,7,2,0,false
c:\Users\arthur.menezes_evolu\Desktop\Pes\hello-algo\codes\java\chapter_heap\my_heap.java,chapter_heap.MaxHeap,parent/1[int],false,38,0,2,2,0,1,0,3,1,0,1,0,0,0,0,0,0,1,0,2,0,2,0,0,0,0,2,2,0,false
c:\Users\arthur.menezes_evolu\Desktop\Pes\hello-algo\codes\java\chapter_heap\my_heap.java,chapter_heap.MaxHeap,size/0,false,50,0,6,6,0,1,1,3,1,0,0,1,0,0,0,0,0,0,0,0,0,0,0,0,0,0,1,1,0,false
c:\Users\arthur.menezes_evolu\Desktop\Pes\hello-algo\codes\java\chapter_heap\my_heap.java,chapter_heap.MaxHeap,siftDown/1[int],false,103,1,6,2,4,7,5,10,0,3,1,5,4,1,1,1,0,0,0,0,6,0,2,0,0,0,11,2,0,false
c:\Users\arthur.menezes_evolu\Desktop\Pes\hello-algo\codes\java\chapter_heap\my_heap.java,chapter_heap.MaxHeap,peek/0,false,60,0,1,1,0,1,1,3,1,0,0,1,0,0,0,0,0,0,0,1,0,0,0,0,0,0,1,1,0,false
c:\Users\arthur.menezes_evolu\Desktop\Pes\hello-algo\codes\java\chapter_heap\my_heap.java,chapter_heap.MaxHeap,print/0,false,122,1,2,1,1,1,2,8,1,3,0,2,0,0,0,0,0,0,0,0,1,1,1,0,0,1,6,1,0,false
c:\Users\arthur.menezes_evolu\Desktop\Pes\hello-algo\codes\java\chapter_heap\my_heap.java,chapter_heap.MaxHeap,MaxHeap/1[java.util.List<java.lang.Integer>],true,18,1,4,1,3,2,3,6,0,1,1,3,3,2,1,0,0,0,0,2,2,1,1,0,0,0,9,1,0,false
c:\Users\arthur.menezes_evolu\Desktop\Pes\hello-algo\codes\java\chapter_heap\my_heap.java,chapter_heap.MaxHeap,isEmpty/0,false,55,1,3,2,1,2,1,3,1,0,0,1,1,1,0,1,0,0,0,1,0,0,0,0,0,0,3,1,0,false
c:\Users\arthur.menezes_evolu\Desktop\Pes\hello-algo\codes\java\chapter_searching\binary_search.java,chapter_searching.binary_search,main/1[java.lang.String[]],false,46,2,2,0,2,1,3,8,0,3,1,3,2,1,0,0,0,0,2,11,4,2,0,0,0,0,11,9,0,false
c:\Users\arthur.menezes_evolu\Desktop\Pes\hello-algo\codes\java\chapter_searching\binary_search.java,chapter_searching.binary_search,"binarySearchLCRO/2[int[],int]",false,29,1,1,1,0,4,0,10,2,3,2,0,0,0,1,0,0,1,0,4,5,4,3,0,0,0,10,8,0,false
c:\Users\arthur.menezes_evolu\Desktop\Pes\hello-algo\codes\java\chapter_searching\binary_search.java,chapter_searching.binary_search,"binarySearch/2[int[],int]",false,11,1,1,1,0,4,0,10,2,3,2,0,0,0,1,0,0,1,0,6,5,6,3,0,0,0,6,8,0,false
c:\Users\arthur.menezes_evolu\Desktop\Pes\hello-algo\codes\java\chapter_stack_and_queue\linkedlist_queue.java,chapter_stack_and_queue.linkedlist_queue,main/1[java.lang.String[]],false,76,1,7,0,7,1,8,17,0,5,1,8,0,0,0,0,0,0,6,5,5,5,0,0,0,0,11,9,0,false
c:\Users\arthur.menezes_evolu\Desktop\Pes\hello-algo\codes\java\utils\TreeNode.java,utils.TreeNode,TreeNode/1[int],true,19,0,6,6,0,1,0,3,0,0,1,0,0,0,0,0,0,0,0,0,1,0,0,0,0,0,4,1,0,false
c:\Users\arthur.menezes_evolu\Desktop\Pes\hello-algo\codes\java\utils\TreeNode.java,utils.TreeNode,listToTree/1[java.util.List<java.lang.Integer>],false,51,1,9,8,1,1,1,3,1,0,1,1,1,1,0,0,0,0,0,1,0,0,0,0,0,0,8,9,0,false
c:\Users\arthur.menezes_evolu\Desktop\Pes\hello-algo\codes\java\utils\TreeNode.java,utils.TreeNode,"treeToListDFS/3[utils.TreeNode,int,java.util.List<java.lang.Integer>]",false,56,1,3,2,1,3,4,9,1,0,3,4,1,0,1,1,0,0,0,4,0,4,1,0,0,0,12,10,0,false
c:\Users\arthur.menezes_evolu\Desktop\Pes\hello-algo\codes\java\utils\TreeNode.java,utils.TreeNode,"listToTreeDFS/2[java.util.List<java.lang.Integer>,int]",false,40,1,4,2,2,4,3,9,2,1,2,3,1,0,0,1,0,0,0,5,3,4,1,0,0,0,10,10,0,false
c:\Users\arthur.menezes_evolu\Desktop\Pes\hello-algo\codes\java\utils\TreeNode.java,utils.TreeNode,treeToList/1[utils.TreeNode],false,68,1,1,0,1,1,1,5,1,1,1,1,1,1,0,0,0,0,0,1,1,0,0,0,0,0,10,9,0,false
c:\Users\arthur.menezes_evolu\Desktop\Pes\hello-algo\codes\java\chapter_sorting\merge_sort.java,chapter_sorting.merge_sort,"merge/4[int[],int,int,int]",false,13,1,1,1,0,7,0,17,0,4,4,0,0,0,4,0,0,0,0,4,10,4,2,0,0,0,8,8,0,false
c:\Users\arthur.menezes_evolu\Desktop\Pes\hello-algo\codes\java\chapter_sorting\merge_sort.java,chapter_sorting.merge_sort,main/1[java.lang.String[]],false,52,2,1,0,1,1,3,5,0,1,1,3,1,2,0,0,0,0,1,10,1,2,0,0,0,0,5,9,0,false
c:\Users\arthur.menezes_evolu\Desktop\Pes\hello-algo\codes\java\chapter_sorting\merge_sort.java,chapter_sorting.merge_sort,"mergeSort/3[int[],int,int]",false,40,2,4,2,2,2,2,7,1,1,3,2,2,1,0,0,0,1,0,2,1,3,1,0,0,0,5,8,0,false
c:\Users\arthur.menezes_evolu\Desktop\Pes\hello-algo\codes\java\chapter_stack_and_queue\array_deque.java,chapter_stack_and_queue.array_deque,main/1[java.lang.String[]],false,117,1,10,0,10,1,11,23,0,7,1,11,0,0,0,0,0,0,11,6,7,9,0,0,0,0,12,9,0,false
c:\Users\arthur.menezes_evolu\Desktop\Pes\hello-algo\codes\java\chapter_array_and_linkedlist\my_list.java,chapter_array_and_linkedlist.my_list,main/1[java.lang.String[]],false,111,1,9,0,9,2,10,21,0,3,1,10,0,0,1,0,0,0,10,13,3,6,1,0,0,0,7,9,0,false
c:\Users\arthur.menezes_evolu\Desktop\Pes\hello-algo\codes\java\chapter_heap\my_heap.java,chapter_heap.my_heap,main/1[java.lang.String[]],false,130,1,7,0,7,1,9,18,0,5,1,9,0,0,0,0,0,0,6,13,6,0,0,0,0,0,10,9,0,false
c:\Users\arthur.menezes_evolu\Desktop\Pes\hello-algo\codes\java\chapter_hashing\hash_map_open_addressing.java,chapter_hashing.hash_map_open_addressing,main/1[java.lang.String[]],false,133,1,5,0,5,1,5,15,0,2,1,5,0,0,0,0,0,0,8,7,2,1,0,0,0,0,8,9,0,false
c:\Users\arthur.menezes_evolu\Desktop\Pes\hello-algo\codes\java\chapter_computational_complexity\recursion.java,chapter_computational_complexity.recursion,main/1[java.lang.String[]],false,63,1,4,0,4,1,5,12,0,2,1,5,4,1,0,0,0,0,5,2,5,4,0,0,0,0,10,9,0,false
c:\Users\arthur.menezes_evolu\Desktop\Pes\hello-algo\codes\java\chapter_computational_complexity\recursion.java,chapter_computational_complexity.recursion,recur/1[int],false,13,1,3,2,1,2,1,5,2,1,1,1,1,0,0,1,0,0,0,3,1,2,1,0,0,0,3,8,0,false
c:\Users\arthur.menezes_evolu\Desktop\Pes\hello-algo\codes\java\chapter_computational_complexity\recursion.java,chapter_computational_complexity.recursion,forLoopRecur/1[int],false,24,0,1,1,0,3,3,11,1,3,1,3,0,0,2,0,0,0,0,2,4,0,1,0,0,0,7,8,0,false
c:\Users\arthur.menezes_evolu\Desktop\Pes\hello-algo\codes\java\chapter_computational_complexity\recursion.java,chapter_computational_complexity.recursion,fib/1[int],false,52,1,3,2,1,3,1,5,2,1,1,1,1,0,0,2,0,0,0,5,1,4,1,0,0,0,3,8,0,false
c:\Users\arthur.menezes_evolu\Desktop\Pes\hello-algo\codes\java\chapter_computational_complexity\recursion.java,chapter_computational_complexity.recursion,"tailRecur/2[int,int]",false,43,1,3,2,1,2,1,4,2,0,2,1,1,0,0,1,0,0,0,2,0,2,1,0,0,0,4,8,0,false
c:\Users\arthur.menezes_evolu\Desktop\Pes\hello-algo\codes\java\chapter_computational_complexity\iteration.java,chapter_computational_complexity.iteration,whileLoop/1[int],false,21,0,1,1,0,2,0,9,1,2,1,0,0,0,1,0,0,0,0,2,3,0,1,0,0,0,5,8,0,false
c:\Users\arthur.menezes_evolu\Desktop\Pes\hello-algo\codes\java\chapter_computational_complexity\iteration.java,chapter_computational_complexity.iteration,forLoop/1[int],false,11,0,1,1,0,2,0,7,1,2,1,0,0,0,1,0,0,0,0,2,3,0,1,0,0,0,5,8,0,false
c:\Users\arthur.menezes_evolu\Desktop\Pes\hello-algo\codes\java\chapter_computational_complexity\iteration.java,chapter_computational_complexity.iteration,nestedForLoop/1[int],false,47,0,1,1,0,3,2,9,1,3,1,2,0,0,2,0,0,0,3,2,3,1,2,0,0,0,9,8,0,false
c:\Users\arthur.menezes_evolu\Desktop\Pes\hello-algo\codes\java\chapter_computational_complexity\iteration.java,chapter_computational_complexity.iteration,whileLoopII/1[int],false,33,0,1,1,0,2,0,10,1,2,1,0,0,0,1,0,0,0,0,3,4,0,1,0,0,0,6,8,0,false
c:\Users\arthur.menezes_evolu\Desktop\Pes\hello-algo\codes\java\chapter_computational_complexity\iteration.java,chapter_computational_complexity.iteration,main/1[java.lang.String[]],false,60,1,4,0,4,1,5,12,0,3,1,5,4,1,0,0,0,0,4,1,5,4,0,0,0,0,11,9,0,false
c:\Users\arthur.menezes_evolu\Desktop\Pes\hello-algo\codes\java\chapter_hashing\simple_hash.java,chapter_hashing.simple_hash,rotHash/1[java.lang.String],false,41,0,1,1,0,2,1,8,1,2,1,1,0,0,1,0,0,3,0,4,3,3,1,0,0,0,11,8,0,false
c:\Users\arthur.menezes_evolu\Desktop\Pes\hello-algo\codes\java\chapter_hashing\simple_hash.java,chapter_hashing.simple_hash,xorHash/1[java.lang.String],false,31,0,1,1,0,2,1,8,1,2,1,1,0,0,1,0,0,0,0,2,3,0,1,0,0,0,11,8,0,false
c:\Users\arthur.menezes_evolu\Desktop\Pes\hello-algo\codes\java\chapter_hashing\simple_hash.java,chapter_hashing.simple_hash,main/1[java.lang.String[]],false,50,1,4,0,4,1,5,11,0,2,1,5,4,1,0,0,0,0,5,0,5,4,0,0,0,0,9,9,0,false
c:\Users\arthur.menezes_evolu\Desktop\Pes\hello-algo\codes\java\chapter_hashing\simple_hash.java,chapter_hashing.simple_hash,addHash/1[java.lang.String],false,11,0,1,1,0,2,1,8,1,2,1,1,0,0,1,0,0,1,0,2,3,2,1,0,0,0,11,8,0,false
c:\Users\arthur.menezes_evolu\Desktop\Pes\hello-algo\codes\java\chapter_hashing\simple_hash.java,chapter_hashing.simple_hash,mulHash/1[java.lang.String],false,21,0,1,1,0,2,1,8,1,2,1,1,0,0,1,0,0,1,0,3,3,3,1,0,0,0,11,8,0,false
c:\Users\arthur.menezes_evolu\Desktop\Pes\hello-algo\codes\java\chapter_computational_complexity\time_complexity.java,chapter_computational_complexity.time_complexity,quadratic/1[int],false,38,0,1,1,0,3,0,9,1,3,1,0,0,0,2,0,0,0,0,3,3,0,2,0,0,0,5,8,0,false
c:\Users\arthur.menezes_evolu\Desktop\Pes\hello-algo\codes\java\chapter_computational_complexity\time_complexity.java,chapter_computational_complexity.time_complexity,constant/1[int],false,11,0,1,1,0,2,0,6,1,3,1,0,0,0,1,0,0,0,0,3,3,0,1,0,0,0,5,8,0,false
c:\Users\arthur.menezes_evolu\Desktop\Pes\hello-algo\codes\java\chapter_computational_complexity\time_complexity.java,chapter_computational_complexity.time_complexity,factorialRecur/1[int],false,118,1,3,2,1,3,1,8,2,2,1,1,1,0,1,1,0,0,0,5,3,1,1,0,0,0,5,8,0,false
c:\Users\arthur.menezes_evolu\Desktop\Pes\hello-algo\codes\java\chapter_computational_complexity\time_complexity.java,chapter_computational_complexity.time_complexity,main/1[java.lang.String[]],false,130,2,11,0,11,2,12,28,0,4,1,12,11,1,1,0,0,0,12,2,15,13,1,0,0,0,20,9,0,false
c:\Users\arthur.menezes_evolu\Desktop\Pes\hello-algo\codes\java\chapter_computational_complexity\time_complexity.java,chapter_computational_complexity.time_complexity,expRecur/1[int],false,83,1,3,2,1,2,1,4,2,0,1,1,1,0,0,1,0,0,0,5,0,3,1,0,0,0,3,8,0,false
c:\Users\arthur.menezes_evolu\Desktop\Pes\hello-algo\codes\java\chapter_computational_complexity\time_complexity.java,chapter_computational_complexity.time_complexity,logRecur/1[int],false,100,1,3,2,1,2,1,4,2,0,1,1,1,0,0,0,0,0,0,4,0,2,1,0,0,0,3,8,0,false
c:\Users\arthur.menezes_evolu\Desktop\Pes\hello-algo\codes\java\chapter_computational_complexity\time_complexity.java,chapter_computational_complexity.time_complexity,logarithmic/1[int],false,90,0,1,1,0,2,0,8,1,1,1,0,0,0,1,0,0,0,0,3,2,1,1,0,0,0,3,8,0,false
c:\Users\arthur.menezes_evolu\Desktop\Pes\hello-algo\codes\java\chapter_computational_complexity\time_complexity.java,chapter_computational_complexity.time_complexity,bubbleSort/1[int[]],false,50,1,1,1,0,4,0,14,1,4,1,0,0,0,2,0,0,0,0,8,7,4,3,0,0,0,7,8,0,false
c:\Users\arthur.menezes_evolu\Desktop\Pes\hello-algo\codes\java\chapter_computational_complexity\time_complexity.java,chapter_computational_complexity.time_complexity,linearLogRecur/1[int],false,107,1,3,2,1,3,1,8,2,2,1,1,1,0,1,0,0,0,0,5,2,3,1,0,0,0,6,8,0,false
c:\Users\arthur.menezes_evolu\Desktop\Pes\hello-algo\codes\java\chapter_computational_complexity\time_complexity.java,chapter_computational_complexity.time_complexity,linear/1[int],false,20,0,1,1,0,2,0,5,1,2,1,0,0,0,1,0,0,0,0,2,2,0,1,0,0,0,4,8,0,false
c:\Users\arthur.menezes_evolu\Desktop\Pes\hello-algo\codes\java\chapter_computational_complexity\time_complexity.java,chapter_computational_complexity.time_complexity,arrayTraversal/1[int[]],false,28,1,1,1,0,2,0,7,1,1,1,0,0,0,1,0,0,0,0,1,1,0,1,0,0,0,5,8,0,false
c:\Users\arthur.menezes_evolu\Desktop\Pes\hello-algo\codes\java\chapter_computational_complexity\time_complexity.java,chapter_computational_complexity.time_complexity,exponential/1[int],false,69,0,1,1,0,3,0,10,1,4,1,0,0,0,2,0,0,0,0,5,5,0,2,0,0,0,6,8,0,false
c:\Users\arthur.menezes_evolu\Desktop\Pes\hello-algo\codes\java\chapter_dynamic_programming\climbing_stairs_dfs_mem.java,chapter_dynamic_programming.climbing_stairs_dfs_mem,main/1[java.lang.String[]],false,35,1,1,0,1,1,3,5,0,2,1,3,1,2,0,0,0,0,1,1,2,0,0,0,0,0,10,9,0,false
c:\Users\arthur.menezes_evolu\Desktop\Pes\hello-algo\codes\java\chapter_dynamic_programming\climbing_stairs_dfs_mem.java,chapter_dynamic_programming.climbing_stairs_dfs_mem,climbingStairsDFSMem/1[int],false,28,2,2,1,1,1,2,5,1,1,1,2,1,1,0,0,0,0,0,2,1,1,0,0,0,0,9,9,0,false
c:\Users\arthur.menezes_evolu\Desktop\Pes\hello-algo\codes\java\chapter_dynamic_programming\climbing_stairs_dfs_mem.java,chapter_dynamic_programming.climbing_stairs_dfs_mem,"dfs/2[int,int[]]",false,13,2,3,2,1,4,1,7,3,1,2,1,1,0,0,3,0,0,0,5,2,3,1,0,0,0,4,9,0,false
c:\Users\arthur.menezes_evolu\Desktop\Pes\hello-algo\codes\java\chapter_sorting\quick_sort.java,chapter_sorting.QuickSortMedian,"medianThree/4[int[],int,int,int]",false,58,1,1,1,0,9,0,6,3,3,4,0,0,0,0,0,0,4,0,0,3,0,1,0,0,0,8,8,0,false
c:\Users\arthur.menezes_evolu\Desktop\Pes\hello-algo\codes\java\chapter_sorting\quick_sort.java,chapter_sorting.QuickSortMedian,"swap/3[int[],int,int]",false,51,1,1,1,0,1,0,5,0,1,3,0,0,0,0,0,0,0,0,0,3,0,0,0,0,0,3,8,0,false
c:\Users\arthur.menezes_evolu\Desktop\Pes\hello-algo\codes\java\chapter_sorting\quick_sort.java,chapter_sorting.QuickSortMedian,"partition/3[int[],int,int]",false,68,2,3,1,2,6,2,12,1,3,3,2,2,1,3,0,0,1,0,1,3,2,2,0,0,0,9,8,0,false
c:\Users\arthur.menezes_evolu\Desktop\Pes\hello-algo\codes\java\chapter_sorting\quick_sort.java,chapter_sorting.QuickSortMedian,"quickSort/3[int[],int,int]",false,87,2,4,2,2,2,2,6,1,1,3,2,2,2,0,0,0,0,0,2,1,2,1,0,0,0,6,9,0,false
c:\Users\arthur.menezes_evolu\Desktop\Pes\hello-algo\codes\java\chapter_array_and_linkedlist\array.java,chapter_array_and_linkedlist.array,randomAccess/1[int[]],false,14,1,1,1,0,1,2,5,1,2,1,2,0,0,0,0,0,0,0,1,2,0,0,0,0,0,5,8,0,false
c:\Users\arthur.menezes_evolu\Desktop\Pes\hello-algo\codes\java\chapter_array_and_linkedlist\array.java,chapter_array_and_linkedlist.array,"insert/3[int[],int,int]",false,35,1,1,1,0,2,0,6,0,1,3,0,0,0,1,0,0,0,0,2,3,2,1,0,0,0,4,8,0,false
c:\Users\arthur.menezes_evolu\Desktop\Pes\hello-algo\codes\java\chapter_array_and_linkedlist\array.java,chapter_array_and_linkedlist.array,"extend/2[int[],int]",false,23,1,1,1,0,2,0,7,1,2,2,0,0,0,1,0,0,0,0,1,3,1,1,0,0,0,4,8,0,false
c:\Users\arthur.menezes_evolu\Desktop\Pes\hello-algo\codes\java\chapter_array_and_linkedlist\array.java,chapter_array_and_linkedlist.array,traverse/1[int[]],false,53,1,1,1,0,3,0,9,0,2,1,0,0,0,2,0,0,0,0,2,4,0,1,0,0,0,5,8,0,false
c:\Users\arthur.menezes_evolu\Desktop\Pes\hello-algo\codes\java\chapter_array_and_linkedlist\array.java,chapter_array_and_linkedlist.array,"find/2[int[],int]",false,66,1,1,1,0,3,0,6,2,1,2,0,0,0,1,1,0,0,0,2,1,0,2,0,0,0,3,8,0,false
c:\Users\arthur.menezes_evolu\Desktop\Pes\hello-algo\codes\java\chapter_array_and_linkedlist\array.java,chapter_array_and_linkedlist.array,main/1[java.lang.String[]],false,75,2,6,0,6,1,8,17,0,4,1,8,6,1,0,0,0,0,7,11,5,7,0,0,0,0,13,9,0,false
c:\Users\arthur.menezes_evolu\Desktop\Pes\hello-algo\codes\java\chapter_array_and_linkedlist\array.java,chapter_array_and_linkedlist.array,"remove/2[int[],int]",false,45,1,1,1,0,2,0,5,0,1,2,0,0,0,1,0,0,0,0,2,2,2,1,0,0,0,3,8,0,false
c:\Users\arthur.menezes_evolu\Desktop\Pes\hello-algo\codes\java\chapter_graph\graph_bfs.java,chapter_graph.graph_bfs,"graphBFS/2[chapter_graph.GraphAdjList,utils.Vertex]",false,15,2,1,1,0,4,7,17,1,4,2,7,0,0,2,0,0,0,0,0,4,0,3,0,0,0,15,8,0,false
c:\Users\arthur.menezes_evolu\Desktop\Pes\hello-algo\codes\java\chapter_graph\graph_bfs.java,chapter_graph.graph_bfs,main/1[java.lang.String[]],false,40,4,5,0,5,1,6,10,0,4,1,6,1,1,0,0,0,0,2,35,4,0,0,0,0,0,12,9,0,false
c:\Users\arthur.menezes_evolu\Desktop\Pes\hello-algo\codes\java\chapter_array_and_linkedlist\my_list.java,chapter_array_and_linkedlist.MyList,"set/2[int,int]",false,42,0,1,1,0,3,0,4,0,0,2,0,0,0,0,0,0,0,1,1,1,0,1,0,0,0,9,1,0,false
c:\Users\arthur.menezes_evolu\Desktop\Pes\hello-algo\codes\java\chapter_array_and_linkedlist\my_list.java,chapter_array_and_linkedlist.MyList,remove/1[int],false,75,0,1,1,0,4,0,9,1,2,1,0,0,0,1,0,0,0,1,3,3,2,1,0,0,0,10,1,0,false
c:\Users\arthur.menezes_evolu\Desktop\Pes\hello-algo\codes\java\chapter_array_and_linkedlist\my_list.java,chapter_array_and_linkedlist.MyList,extendCapacity/0,false,90,1,3,2,1,1,2,4,0,0,0,2,1,1,0,0,0,0,0,0,2,1,0,0,0,0,5,1,0,false
c:\Users\arthur.menezes_evolu\Desktop\Pes\hello-algo\codes\java\chapter_array_and_linkedlist\my_list.java,chapter_array_and_linkedlist.MyList,capacity/0,false,29,0,4,4,0,1,0,3,1,0,0,0,0,0,0,0,0,0,0,0,0,0,0,0,0,0,1,1,0,false
c:\Users\arthur.menezes_evolu\Desktop\Pes\hello-algo\codes\java\chapter_array_and_linkedlist\my_list.java,chapter_array_and_linkedlist.MyList,"insert/2[int,int]",false,59,1,3,1,2,5,2,9,0,1,2,2,2,2,1,1,0,0,1,3,3,2,1,0,0,0,13,1,0,false
c:\Users\arthur.menezes_evolu\Desktop\Pes\hello-algo\codes\java\chapter_array_and_linkedlist\my_list.java,chapter_array_and_linkedlist.MyList,size/0,false,24,0,2,2,0,1,0,3,1,0,0,0,0,0,0,0,0,0,0,0,0,0,0,0,0,0,1,1,0,false
c:\Users\arthur.menezes_evolu\Desktop\Pes\hello-algo\codes\java\chapter_array_and_linkedlist\my_list.java,chapter_array_and_linkedlist.MyList,toArray/0,false,98,2,3,1,2,2,2,8,1,3,0,2,2,1,1,0,0,0,0,1,4,0,1,0,0,0,6,1,0,false
c:\Users\arthur.menezes_evolu\Desktop\Pes\hello-algo\codes\java\chapter_array_and_linkedlist\my_list.java,chapter_array_and_linkedlist.MyList,add/1[int],false,49,1,3,1,2,2,2,5,0,0,1,2,2,2,0,1,0,0,0,0,1,0,1,0,0,0,6,1,0,false
c:\Users\arthur.menezes_evolu\Desktop\Pes\hello-algo\codes\java\chapter_array_and_linkedlist\my_list.java,chapter_array_and_linkedlist.MyList,MyList/0,true,19,1,1,1,0,1,0,3,0,0,0,0,0,0,0,0,0,0,0,0,1,0,0,0,0,0,3,1,0,false
c:\Users\arthur.menezes_evolu\Desktop\Pes\hello-algo\codes\java\chapter_array_and_linkedlist\my_list.java,chapter_array_and_linkedlist.MyList,get/1[int],false,34,0,2,2,0,3,0,4,1,0,1,0,0,0,0,0,0,0,1,1,0,0,1,0,0,0,8,1,0,false
c:\Users\arthur.menezes_evolu\Desktop\Pes\hello-algo\codes\java\chapter_stack_and_queue\queue.java,chapter_stack_and_queue.queue,main/1[java.lang.String[]],false,12,0,0,0,0,1,6,17,0,5,1,6,0,0,0,0,0,0,6,5,5,5,0,0,0,0,8,9,0,false
c:\Users\arthur.menezes_evolu\Desktop\Pes\hello-algo\codes\java\chapter_searching\hashing_search.java,chapter_searching.hashing_search,"hashingSearchLinkedList/2[java.util.Map<java.lang.Integer,utils.ListNode>,int]",false,21,1,1,1,0,1,1,3,1,0,2,1,0,0,0,0,0,0,0,0,0,0,0,0,0,0,6,8,0,false
c:\Users\arthur.menezes_evolu\Desktop\Pes\hello-algo\codes\java\chapter_searching\hashing_search.java,chapter_searching.hashing_search,"hashingSearchArray/2[java.util.Map<java.lang.Integer,java.lang.Integer>,int]",false,14,0,1,1,0,1,1,3,1,0,2,1,0,0,0,0,0,0,0,1,0,0,0,0,0,0,4,8,0,false
c:\Users\arthur.menezes_evolu\Desktop\Pes\hello-algo\codes\java\chapter_searching\hashing_search.java,chapter_searching.hashing_search,main/1[java.lang.String[]],false,27,3,3,0,3,3,6,18,0,8,1,6,2,1,2,1,0,0,2,12,9,2,1,0,0,0,17,9,0,false
c:\Users\arthur.menezes_evolu\Desktop\Pes\hello-algo\codes\java\chapter_graph\graph_adjacency_matrix.java,chapter_graph.GraphAdjMat,"addEdge/2[int,int]",false,70,1,3,2,1,6,3,5,0,0,2,3,1,1,0,1,0,0,0,4,0,0,1,0,0,0,10,1,0,false
c:\Users\arthur.menezes_evolu\Desktop\Pes\hello-algo\codes\java\chapter_graph\graph_adjacency_matrix.java,chapter_graph.GraphAdjMat,addVertex/1[int],false,38,1,3,2,1,3,3,12,0,3,1,3,1,1,2,0,0,0,0,3,3,0,1,0,0,0,11,1,0,false
c:\Users\arthur.menezes_evolu\Desktop\Pes\hello-algo\codes\java\chapter_graph\graph_adjacency_matrix.java,chapter_graph.GraphAdjMat,print/0,false,90,1,2,1,1,1,4,6,0,0,0,4,0,0,0,0,0,0,2,0,0,0,0,0,0,0,4,1,0,false
c:\Users\arthur.menezes_evolu\Desktop\Pes\hello-algo\codes\java\chapter_graph\graph_adjacency_matrix.java,chapter_graph.GraphAdjMat,"GraphAdjMat/2[int[],int[][]]",true,18,2,3,1,2,3,2,10,0,0,2,2,2,3,2,0,0,0,0,2,2,0,1,0,0,0,10,1,0,false
c:\Users\arthur.menezes_evolu\Desktop\Pes\hello-algo\codes\java\chapter_graph\graph_adjacency_matrix.java,chapter_graph.GraphAdjMat,size/0,false,33,0,4,4,0,1,1,3,1,0,0,1,0,0,0,0,0,0,0,0,0,0,0,0,0,0,1,1,0,false
c:\Users\arthur.menezes_evolu\Desktop\Pes\hello-algo\codes\java\chapter_graph\graph_adjacency_matrix.java,chapter_graph.GraphAdjMat,removeVertex/1[int],false,55,1,2,1,1,3,3,8,0,0,1,3,1,1,1,0,0,0,0,0,0,0,1,0,0,0,12,1,0,false
c:\Users\arthur.menezes_evolu\Desktop\Pes\hello-algo\codes\java\chapter_graph\graph_adjacency_matrix.java,chapter_graph.GraphAdjMat,"removeEdge/2[int,int]",false,81,1,2,1,1,6,3,5,0,0,2,3,1,1,0,1,0,0,0,4,0,0,1,0,0,0,10,1,0,false
c:\Users\arthur.menezes_evolu\Desktop\Pes\hello-algo\codes\java\chapter_graph\graph_adjacency_matrix.java,chapter_graph.graph_adjacency_matrix,main/1[java.lang.String[]],false,99,2,6,0,6,1,6,19,0,3,1,6,0,0,0,0,0,0,5,23,3,0,0,0,0,0,8,9,0,false
c:\Users\arthur.menezes_evolu\Desktop\Pes\hello-algo\codes\java\chapter_tree\binary_tree.java,chapter_tree.binary_tree,main/1[java.lang.String[]],false,12,2,2,0,2,1,2,21,0,6,1,2,0,0,0,0,0,0,3,6,13,0,0,0,0,0,10,9,0,false
c:\Users\arthur.menezes_evolu\Desktop\Pes\hello-algo\codes\java\chapter_backtracking\permutations_i.java,chapter_backtracking.permutations_i,permutationsI/1[int[]],false,37,3,2,1,1,1,1,5,1,1,1,1,1,1,0,0,0,0,0,0,1,0,0,0,0,0,5,8,0,false
c:\Users\arthur.menezes_evolu\Desktop\Pes\hello-algo\codes\java\chapter_backtracking\permutations_i.java,chapter_backtracking.permutations_i,"backtrack/4[java.util.List<java.lang.Integer>,int[],boolean[],java.util.List<java.util.List<java.lang.Integer>>]",false,13,3,3,2,1,4,5,16,1,2,4,5,1,0,1,1,0,0,0,2,4,1,2,0,0,0,7,9,0,false
c:\Users\arthur.menezes_evolu\Desktop\Pes\hello-algo\codes\java\chapter_backtracking\permutations_i.java,chapter_backtracking.permutations_i,main/1[java.lang.String[]],false,43,2,1,0,1,1,3,6,0,2,1,3,1,2,0,0,0,0,2,3,2,2,0,0,0,0,6,9,0,false
c:\Users\arthur.menezes_evolu\Desktop\Pes\hello-algo\codes\java\chapter_dynamic_programming\climbing_stairs_dfs.java,chapter_dynamic_programming.climbing_stairs_dfs,dfs/1[int],false,11,1,3,2,1,3,1,5,2,1,1,1,1,0,0,2,0,0,0,4,1,3,1,0,0,0,3,9,0,false
c:\Users\arthur.menezes_evolu\Desktop\Pes\hello-algo\codes\java\chapter_dynamic_programming\climbing_stairs_dfs.java,chapter_dynamic_programming.climbing_stairs_dfs,climbingStairsDFS/1[int],false,21,1,2,1,1,1,1,3,1,0,1,1,1,1,0,0,0,0,0,0,0,0,0,0,0,0,7,9,0,false
c:\Users\arthur.menezes_evolu\Desktop\Pes\hello-algo\codes\java\chapter_dynamic_programming\climbing_stairs_dfs.java,chapter_dynamic_programming.climbing_stairs_dfs,main/1[java.lang.String[]],false,25,1,1,0,1,1,3,5,0,2,1,3,1,2,0,0,0,0,1,1,2,0,0,0,0,0,9,9,0,false
c:\Users\arthur.menezes_evolu\Desktop\Pes\hello-algo\codes\java\chapter_hashing\array_hash_map.java,chapter_hashing.array_hash_map,main/1[java.lang.String[]],false,102,1,8,0,8,4,9,27,0,2,1,9,0,0,3,0,0,0,12,7,2,2,1,0,0,0,12,9,0,false
c:\Users\arthur.menezes_evolu\Desktop\Pes\hello-algo\codes\java\chapter_searching\two_sum.java,chapter_searching.two_sum,"twoSumHashTable/2[int[],int]",false,26,1,1,1,0,3,3,11,2,3,2,3,0,0,1,0,0,0,0,2,3,2,2,0,0,0,8,8,0,false
c:\Users\arthur.menezes_evolu\Desktop\Pes\hello-algo\codes\java\chapter_searching\two_sum.java,chapter_searching.two_sum,main/1[java.lang.String[]],false,40,2,2,0,2,1,4,8,0,3,1,4,2,1,0,0,0,0,2,5,4,2,0,0,0,0,11,9,0,false
c:\Users\arthur.menezes_evolu\Desktop\Pes\hello-algo\codes\java\chapter_searching\two_sum.java,chapter_searching.two_sum,"twoSumBruteForce/2[int[],int]",false,13,1,1,1,0,4,0,9,2,3,2,0,0,0,2,1,0,0,0,4,3,3,3,0,0,0,8,8,0,false
c:\Users\arthur.menezes_evolu\Desktop\Pes\hello-algo\codes\java\chapter_divide_and_conquer\binary_search_recur.java,chapter_divide_and_conquer.binary_search_recur,"binarySearch/2[int[],int]",false,31,2,2,1,1,1,1,4,1,1,2,1,1,1,0,0,0,0,0,2,1,1,0,0,0,0,5,8,0,false
c:\Users\arthur.menezes_evolu\Desktop\Pes\hello-algo\codes\java\chapter_divide_and_conquer\binary_search_recur.java,chapter_divide_and_conquer.binary_search_recur,"dfs/4[int[],int,int,int]",false,11,2,3,2,1,4,1,15,4,1,4,1,1,0,0,0,0,1,0,4,1,4,1,0,0,0,5,8,0,false
c:\Users\arthur.menezes_evolu\Desktop\Pes\hello-algo\codes\java\chapter_divide_and_conquer\binary_search_recur.java,chapter_divide_and_conquer.binary_search_recur,main/1[java.lang.String[]],false,37,2,1,0,1,1,2,6,0,3,1,2,1,2,0,0,0,0,1,11,3,1,0,0,0,0,7,9,0,false
c:\Users\arthur.menezes_evolu\Desktop\Pes\hello-algo\codes\java\chapter_dynamic_programming\min_cost_climbing_stairs_dp.java,chapter_dynamic_programming.min_cost_climbing_stairs_dp,minCostClimbingStairsDP/1[int[]],false,13,1,1,1,0,4,1,11,2,3,1,1,0,0,1,2,0,0,0,11,6,5,1,0,0,0,10,9,0,false
c:\Users\arthur.menezes_evolu\Desktop\Pes\hello-algo\codes\java\chapter_dynamic_programming\min_cost_climbing_stairs_dp.java,chapter_dynamic_programming.min_cost_climbing_stairs_dp,minCostClimbingStairsDPComp/1[int[]],false,30,1,1,1,0,4,1,11,2,5,1,1,0,0,1,2,0,0,0,6,7,2,1,0,0,0,13,9,0,false
c:\Users\arthur.menezes_evolu\Desktop\Pes\hello-algo\codes\java\chapter_dynamic_programming\min_cost_climbing_stairs_dp.java,chapter_dynamic_programming.min_cost_climbing_stairs_dp,main/1[java.lang.String[]],false,43,2,2,0,2,1,5,8,0,2,1,5,2,1,0,0,0,0,3,11,3,0,0,0,0,0,11,9,0,false
c:\Users\arthur.menezes_evolu\Desktop\Pes\hello-algo\codes\java\chapter_tree\array_binary_tree.java,chapter_tree.ArrayBinaryTree,right/1[int],false,40,0,2,2,0,1,0,3,1,0,1,0,0,0,0,0,0,0,0,2,0,2,0,0,0,0,3,1,0,false
c:\Users\arthur.menezes_evolu\Desktop\Pes\hello-algo\codes\java\chapter_tree\array_binary_tree.java,chapter_tree.ArrayBinaryTree,parent/1[int],false,45,0,1,1,0,1,0,3,1,0,1,0,0,0,0,0,0,1,0,2,0,2,0,0,0,0,3,1,0,false
c:\Users\arthur.menezes_evolu\Desktop\Pes\hello-algo\codes\java\chapter_tree\array_binary_tree.java,chapter_tree.ArrayBinaryTree,postOrder/0,false,93,1,2,1,1,1,1,5,1,1,0,1,1,3,0,0,0,0,1,1,1,0,0,0,0,0,4,1,0,false
c:\Users\arthur.menezes_evolu\Desktop\Pes\hello-algo\codes\java\chapter_tree\array_binary_tree.java,chapter_tree.ArrayBinaryTree,levelOrder/0,false,50,1,3,1,2,3,3,7,1,2,0,3,2,2,1,1,0,0,0,1,2,0,2,0,0,0,7,1,0,false
c:\Users\arthur.menezes_evolu\Desktop\Pes\hello-algo\codes\java\chapter_tree\array_binary_tree.java,chapter_tree.ArrayBinaryTree,ArrayBinaryTree/1[java.util.List<java.lang.Integer>],true,17,0,1,1,0,1,0,3,0,0,1,0,0,0,0,0,0,0,0,0,1,0,0,0,0,0,5,1,0,false
c:\Users\arthur.menezes_evolu\Desktop\Pes\hello-algo\codes\java\chapter_tree\array_binary_tree.java,chapter_tree.ArrayBinaryTree,size/0,false,22,0,2,2,0,1,1,3,1,0,0,1,0,0,0,0,0,0,0,0,0,0,0,0,0,0,1,1,0,false
c:\Users\arthur.menezes_evolu\Desktop\Pes\hello-algo\codes\java\chapter_tree\array_binary_tree.java,chapter_tree.ArrayBinaryTree,left/1[int],false,35,0,2,2,0,1,0,3,1,0,1,0,0,0,0,0,0,0,0,2,0,2,0,0,0,0,3,1,0,false
c:\Users\arthur.menezes_evolu\Desktop\Pes\hello-algo\codes\java\chapter_tree\array_binary_tree.java,chapter_tree.ArrayBinaryTree,preOrder/0,false,79,1,2,1,1,1,1,5,1,1,0,1,1,3,0,0,0,0,1,1,1,0,0,0,0,0,4,1,0,false
c:\Users\arthur.menezes_evolu\Desktop\Pes\hello-algo\codes\java\chapter_tree\array_binary_tree.java,chapter_tree.ArrayBinaryTree,val/1[int],false,27,1,4,3,1,3,2,4,2,0,1,2,1,1,0,0,0,0,0,1,0,0,1,0,0,0,5,1,0,false
c:\Users\arthur.menezes_evolu\Desktop\Pes\hello-algo\codes\java\chapter_tree\array_binary_tree.java,chapter_tree.ArrayBinaryTree,"dfs/3[java.lang.Integer,java.lang.String,java.util.List<java.lang.Integer>]",false,61,1,8,4,4,5,6,8,1,0,3,6,4,2,0,1,0,0,3,0,0,0,1,0,0,0,9,2,0,false
c:\Users\arthur.menezes_evolu\Desktop\Pes\hello-algo\codes\java\chapter_tree\array_binary_tree.java,chapter_tree.ArrayBinaryTree,inOrder/0,false,86,1,2,1,1,1,1,5,1,1,0,1,1,3,0,0,0,0,1,1,1,0,0,0,0,0,4,1,0,false
c:\Users\arthur.menezes_evolu\Desktop\Pes\hello-algo\codes\java\chapter_dynamic_programming\knapsack.java,chapter_dynamic_programming.knapsack,"knapsackDP/3[int[],int[],int]",false,53,1,1,1,0,4,1,15,1,4,3,1,0,0,2,0,0,0,0,10,6,10,3,0,0,0,8,8,0,false
c:\Users\arthur.menezes_evolu\Desktop\Pes\hello-algo\codes\java\chapter_dynamic_programming\knapsack.java,chapter_dynamic_programming.knapsack,"knapsackDFS/4[int[],int[],int,int]",false,14,2,3,2,1,4,2,11,3,2,4,2,1,0,0,2,0,0,0,9,2,8,1,0,0,0,8,8,0,false
c:\Users\arthur.menezes_evolu\Desktop\Pes\hello-algo\codes\java\chapter_dynamic_programming\knapsack.java,chapter_dynamic_programming.knapsack,"knapsackDPComp/3[int[],int[],int]",false,73,1,1,1,0,4,1,12,1,4,3,1,0,0,2,0,0,0,0,6,5,6,3,0,0,0,9,8,0,false
c:\Users\arthur.menezes_evolu\Desktop\Pes\hello-algo\codes\java\chapter_dynamic_programming\knapsack.java,chapter_dynamic_programming.knapsack,"knapsackDFSMem/5[int[],int[],int[][],int,int]",false,31,2,3,2,1,5,2,15,4,2,5,2,1,0,0,3,0,0,0,10,3,8,1,0,0,0,9,8,0,false
c:\Users\arthur.menezes_evolu\Desktop\Pes\hello-algo\codes\java\chapter_dynamic_programming\knapsack.java,chapter_dynamic_programming.knapsack,main/1[java.lang.String[]],false,90,2,4,0,4,2,6,18,0,6,1,6,4,1,1,0,0,0,4,14,9,6,1,0,0,0,16,9,0,false
c:\Users\arthur.menezes_evolu\Desktop\Pes\hello-algo\codes\java\chapter_sorting\counting_sort.java,chapter_sorting.counting_sort,countingSort/1[int[]],false,37,1,1,1,0,6,1,23,0,8,1,1,0,0,5,0,0,0,0,8,12,4,1,0,0,0,9,8,0,false
c:\Users\arthur.menezes_evolu\Desktop\Pes\hello-algo\codes\java\chapter_sorting\counting_sort.java,chapter_sorting.counting_sort,main/1[java.lang.String[]],false,69,2,2,0,2,1,4,8,0,2,1,4,2,1,0,0,0,0,2,20,2,2,0,0,0,0,7,9,0,false
c:\Users\arthur.menezes_evolu\Desktop\Pes\hello-algo\codes\java\chapter_sorting\counting_sort.java,chapter_sorting.counting_sort,countingSortNaive/1[int[]],false,14,1,1,1,0,5,1,16,0,5,1,1,0,0,4,0,0,0,0,6,7,2,2,0,0,0,9,8,0,false
c:\Users\arthur.menezes_evolu\Desktop\Pes\hello-algo\codes\java\chapter_greedy\max_product_cutting.java,chapter_greedy.max_product_cutting,maxProductCutting/1[int],false,13,0,1,1,0,4,1,14,4,2,1,1,0,0,0,2,0,1,0,14,2,7,1,0,0,0,6,9,0,false
c:\Users\arthur.menezes_evolu\Desktop\Pes\hello-algo\codes\java\chapter_greedy\max_product_cutting.java,chapter_greedy.max_product_cutting,main/1[java.lang.String[]],false,33,1,1,0,1,1,2,5,0,2,1,2,1,1,0,0,0,0,1,1,2,1,0,0,0,0,7,9,0,false
c:\Users\arthur.menezes_evolu\Desktop\Pes\hello-algo\codes\java\chapter_dynamic_programming\climbing_stairs_constraint_dp.java,chapter_dynamic_programming.climbing_stairs_constraint_dp,main/1[java.lang.String[]],false,30,1,1,0,1,1,3,5,0,2,1,3,1,1,0,0,0,0,1,1,2,0,0,0,0,0,9,9,0,false
c:\Users\arthur.menezes_evolu\Desktop\Pes\hello-algo\codes\java\chapter_dynamic_programming\climbing_stairs_constraint_dp.java,chapter_dynamic_programming.climbing_stairs_constraint_dp,climbingStairsConstraintDP/1[int],false,11,1,1,1,0,4,0,15,2,2,1,0,0,0,1,2,0,0,0,28,8,6,1,0,0,0,8,8,0,false
c:\Users\arthur.menezes_evolu\Desktop\Pes\hello-algo\codes\java\chapter_greedy\fractional_knapsack.java,chapter_greedy.Item,"Item/2[int,int]",true,17,0,1,1,0,1,0,4,0,0,2,0,0,0,0,0,0,0,0,0,2,0,0,0,0,0,3,1,0,false
c:\Users\arthur.menezes_evolu\Desktop\Pes\hello-algo\codes\java\chapter_computational_complexity\worst_best_time_complexity.java,chapter_computational_complexity.worst_best_time_complexity,findOne/1[int[]],false,30,1,1,1,0,3,0,6,2,1,1,0,0,0,1,1,0,0,0,3,1,0,2,0,0,0,4,8,0,false
c:\Users\arthur.menezes_evolu\Desktop\Pes\hello-algo\codes\java\chapter_computational_complexity\worst_best_time_complexity.java,chapter_computational_complexity.worst_best_time_complexity,main/1[java.lang.String[]],false,41,2,2,0,2,2,4,9,0,4,1,4,2,1,1,0,0,0,2,3,4,2,1,0,0,0,10,9,0,false
c:\Users\arthur.menezes_evolu\Desktop\Pes\hello-algo\codes\java\chapter_computational_complexity\worst_best_time_complexity.java,chapter_computational_complexity.worst_best_time_complexity,randomNumbers/1[int],false,13,1,1,1,0,3,2,12,1,4,1,2,0,0,2,0,0,0,0,3,6,1,1,0,0,0,6,8,0,false
c:\Users\arthur.menezes_evolu\Desktop\Pes\hello-algo\codes\java\chapter_greedy\fractional_knapsack.java,chapter_greedy.fractional_knapsack,"fractionalKnapsack/3[int[],int[],int]",false,25,2,2,1,1,4,2,19,1,4,3,2,0,0,2,0,0,1,0,2,7,3,2,0,0,1,8,8,0,false
c:\Users\arthur.menezes_evolu\Desktop\Pes\hello-algo\codes\java\chapter_greedy\fractional_knapsack.java,chapter_greedy.fractional_knapsack,main/1[java.lang.String[]],false,50,2,1,0,1,1,2,7,0,4,1,2,1,1,0,0,0,0,1,11,4,1,0,0,0,0,8,9,0,false
c:\Users\arthur.menezes_evolu\Desktop\Pes\hello-algo\codes\java\chapter_backtracking\preorder_traversal_iii_template.java,chapter_backtracking.preorder_traversal_iii_template,"backtrack/3[java.util.List<utils.TreeNode>,java.util.List<utils.TreeNode>,java.util.List<java.util.List<utils.TreeNode>>]",false,39,2,8,2,6,4,7,12,0,0,3,7,6,1,1,0,0,0,0,0,0,0,2,0,0,0,14,8,0,false
c:\Users\arthur.menezes_evolu\Desktop\Pes\hello-algo\codes\java\chapter_backtracking\preorder_traversal_iii_template.java,chapter_backtracking.preorder_traversal_iii_template,"makeChoice/2[java.util.List<utils.TreeNode>,utils.TreeNode]",false,29,1,1,1,0,1,1,3,0,0,2,1,0,0,0,0,0,0,0,0,0,0,0,0,0,0,3,8,0,false
c:\Users\arthur.menezes_evolu\Desktop\Pes\hello-algo\codes\java\chapter_backtracking\preorder_traversal_iii_template.java,chapter_backtracking.preorder_traversal_iii_template,"isValid/2[java.util.List<utils.TreeNode>,utils.TreeNode]",false,24,1,1,1,0,3,0,3,1,0,2,0,0,0,0,2,0,0,0,1,0,0,0,0,0,0,4,8,0,false
c:\Users\arthur.menezes_evolu\Desktop\Pes\hello-algo\codes\java\chapter_backtracking\preorder_traversal_iii_template.java,chapter_backtracking.preorder_traversal_iii_template,"undoChoice/2[java.util.List<utils.TreeNode>,utils.TreeNode]",false,34,1,1,1,0,1,2,3,0,0,2,2,0,0,0,0,0,0,0,1,0,1,0,0,0,0,3,8,0,false
c:\Users\arthur.menezes_evolu\Desktop\Pes\hello-algo\codes\java\chapter_backtracking\preorder_traversal_iii_template.java,chapter_backtracking.preorder_traversal_iii_template,"recordSolution/2[java.util.List<utils.TreeNode>,java.util.List<java.util.List<utils.TreeNode>>]",false,19,1,1,1,0,1,1,3,0,0,2,1,0,0,0,0,0,0,0,0,0,0,0,0,0,0,4,8,0,false
c:\Users\arthur.menezes_evolu\Desktop\Pes\hello-algo\codes\java\chapter_backtracking\preorder_traversal_iii_template.java,chapter_backtracking.preorder_traversal_iii_template,isSolution/1[java.util.List<utils.TreeNode>],false,14,1,1,1,0,2,3,3,1,0,1,3,0,0,0,1,0,0,0,2,0,1,0,0,0,0,3,8,0,false
c:\Users\arthur.menezes_evolu\Desktop\Pes\hello-algo\codes\java\chapter_backtracking\preorder_traversal_iii_template.java,chapter_backtracking.preorder_traversal_iii_template,main/1[java.lang.String[]],false,59,3,3,0,3,3,8,15,0,3,1,8,1,2,2,0,0,0,2,7,3,0,2,0,0,0,10,9,0,false
c:\Users\arthur.menezes_evolu\Desktop\Pes\hello-algo\codes\java\chapter_divide_and_conquer\build_tree.java,chapter_divide_and_conquer.build_tree,"buildTree/2[int[],int[]]",false,31,3,2,1,1,2,2,8,1,3,2,2,1,1,1,0,0,0,0,4,3,1,1,0,0,0,8,8,0,false
c:\Users\arthur.menezes_evolu\Desktop\Pes\hello-algo\codes\java\chapter_divide_and_conquer\build_tree.java,chapter_divide_and_conquer.build_tree,"dfs/5[int[],java.util.Map<java.lang.Integer,java.lang.Integer>,int,int,int]",false,14,3,4,2,2,2,2,8,2,2,5,2,1,0,0,0,0,0,0,5,4,6,1,0,0,0,8,8,0,false
c:\Users\arthur.menezes_evolu\Desktop\Pes\hello-algo\codes\java\chapter_divide_and_conquer\build_tree.java,chapter_divide_and_conquer.build_tree,main/1[java.lang.String[]],false,41,4,2,0,2,1,4,9,0,3,1,4,1,2,0,0,0,0,3,10,3,2,0,0,0,0,8,9,0,false
c:\Users\arthur.menezes_evolu\Desktop\Pes\hello-algo\codes\java\chapter_stack_and_queue\linkedlist_stack.java,chapter_stack_and_queue.linkedlist_stack,main/1[java.lang.String[]],false,67,1,7,0,7,1,8,17,0,5,1,8,0,0,0,0,0,0,6,5,5,5,0,0,0,0,11,9,0,false
c:\Users\arthur.menezes_evolu\Desktop\Pes\hello-algo\codes\java\chapter_tree\binary_search_tree.java,chapter_tree.binary_search_tree,main/1[java.lang.String[]],false,127,4,6,0,6,2,6,23,0,3,1,6,0,0,1,0,0,0,7,20,3,1,1,0,0,0,10,9,0,false
c:\Users\arthur.menezes_evolu\Desktop\Pes\hello-algo\codes\java\chapter_dynamic_programming\coin_change.java,chapter_dynamic_programming.coin_change,"coinChangeDPComp/2[int[],int]",false,38,1,1,1,0,5,2,18,1,5,2,2,0,0,2,1,0,0,0,10,8,6,3,0,0,0,13,8,0,false
c:\Users\arthur.menezes_evolu\Desktop\Pes\hello-algo\codes\java\chapter_dynamic_programming\coin_change.java,chapter_dynamic_programming.coin_change,"coinChangeDP/2[int[],int]",false,13,1,1,1,0,6,1,19,1,6,2,1,0,0,3,1,0,0,0,13,9,9,3,0,0,0,12,8,0,false
c:\Users\arthur.menezes_evolu\Desktop\Pes\hello-algo\codes\java\chapter_dynamic_programming\coin_change.java,chapter_dynamic_programming.coin_change,main/1[java.lang.String[]],false,60,2,2,0,2,1,3,8,0,3,1,3,2,1,0,0,0,0,2,4,4,2,0,0,0,0,10,9,0,false
c:\Users\arthur.menezes_evolu\Desktop\Pes\hello-algo\codes\java\chapter_backtracking\subset_sum_i_naive.java,chapter_backtracking.subset_sum_i_naive,"backtrack/5[java.util.List<java.lang.Integer>,int,int,int[],java.util.List<java.util.List<java.lang.Integer>>]",false,13,2,3,2,1,4,5,14,1,1,5,5,1,0,1,1,0,0,0,2,1,3,2,0,0,0,6,8,0,false
c:\Users\arthur.menezes_evolu\Desktop\Pes\hello-algo\codes\java\chapter_backtracking\subset_sum_i_naive.java,chapter_backtracking.subset_sum_i_naive,"subsetSumINaive/2[int[],int]",false,35,2,2,1,1,1,1,7,1,3,2,1,1,1,0,0,0,0,0,1,3,0,0,0,0,0,9,8,0,false
c:\Users\arthur.menezes_evolu\Desktop\Pes\hello-algo\codes\java\chapter_backtracking\subset_sum_i_naive.java,chapter_backtracking.subset_sum_i_naive,main/1[java.lang.String[]],false,43,2,1,0,1,1,3,8,0,3,1,3,1,2,0,0,0,0,5,4,3,2,0,0,0,0,9,9,0,false
c:\Users\arthur.menezes_evolu\Desktop\Pes\hello-algo\codes\java\chapter_sorting\heap_sort.java,chapter_sorting.heap_sort,"siftDown/3[int[],int,int]",false,13,1,1,1,0,7,0,14,0,4,3,0,0,0,1,1,0,0,0,4,9,4,2,0,0,0,9,9,0,false
c:\Users\arthur.menezes_evolu\Desktop\Pes\hello-algo\codes\java\chapter_sorting\heap_sort.java,chapter_sorting.heap_sort,main/1[java.lang.String[]],false,52,2,1,0,1,1,3,5,0,1,1,3,1,2,0,0,0,0,1,6,1,1,0,0,0,0,5,9,0,false
c:\Users\arthur.menezes_evolu\Desktop\Pes\hello-algo\codes\java\chapter_sorting\heap_sort.java,chapter_sorting.heap_sort,heapSort/1[int[]],false,36,2,2,1,1,3,1,11,0,3,1,1,1,1,2,0,0,0,0,8,5,3,1,0,0,0,7,9,0,false
c:\Users\arthur.menezes_evolu\Desktop\Pes\hello-algo\codes\java\chapter_array_and_linkedlist\linked_list.java,chapter_array_and_linkedlist.linked_list,"find/2[utils.ListNode,int]",false,40,1,1,1,0,3,0,9,2,1,2,0,0,0,1,2,0,0,0,2,2,0,2,0,0,0,7,8,0,false
c:\Users\arthur.menezes_evolu\Desktop\Pes\hello-algo\codes\java\chapter_array_and_linkedlist\linked_list.java,chapter_array_and_linkedlist.linked_list,main/1[java.lang.String[]],false,52,3,6,0,6,1,6,23,0,7,1,6,4,1,0,0,0,0,5,8,11,2,0,0,0,0,15,9,0,false
c:\Users\arthur.menezes_evolu\Desktop\Pes\hello-algo\codes\java\chapter_array_and_linkedlist\linked_list.java,chapter_array_and_linkedlist.linked_list,"insert/2[utils.ListNode,utils.ListNode]",false,13,1,1,1,0,1,0,5,0,1,2,0,0,0,0,0,0,0,0,0,3,0,0,0,0,0,5,8,0,false
c:\Users\arthur.menezes_evolu\Desktop\Pes\hello-algo\codes\java\chapter_array_and_linkedlist\linked_list.java,chapter_array_and_linkedlist.linked_list,remove/1[utils.ListNode],false,20,1,1,1,0,2,0,6,1,2,1,0,0,0,0,1,0,0,0,0,3,0,1,0,0,0,7,8,0,false
c:\Users\arthur.menezes_evolu\Desktop\Pes\hello-algo\codes\java\chapter_array_and_linkedlist\linked_list.java,chapter_array_and_linkedlist.linked_list,"access/2[utils.ListNode,int]",false,30,1,1,1,0,3,0,7,2,1,2,0,0,0,1,1,0,0,0,1,2,0,2,0,0,0,7,8,0,false
c:\Users\arthur.menezes_evolu\Desktop\Pes\hello-algo\codes\java\chapter_tree\binary_search_tree.java,chapter_tree.BinarySearchTree,remove/1[int],false,75,2,3,2,1,12,1,29,2,4,1,1,1,0,2,10,0,0,0,0,12,0,3,0,0,0,10,1,0,false
c:\Users\arthur.menezes_evolu\Desktop\Pes\hello-algo\codes\java\chapter_tree\binary_search_tree.java,chapter_tree.BinarySearchTree,getRoot/0,false,22,1,1,1,0,1,0,3,1,0,0,0,0,0,0,0,0,0,0,0,0,0,0,0,0,0,5,1,0,false
c:\Users\arthur.menezes_evolu\Desktop\Pes\hello-algo\codes\java\chapter_tree\binary_search_tree.java,chapter_tree.BinarySearchTree,BinarySearchTree/0,true,16,0,1,1,0,1,0,3,0,0,0,0,0,0,0,0,0,0,0,0,1,0,0,0,0,0,5,1,0,false
c:\Users\arthur.menezes_evolu\Desktop\Pes\hello-algo\codes\java\chapter_tree\binary_search_tree.java,chapter_tree.BinarySearchTree,search/1[int],false,27,1,1,1,0,4,0,9,1,1,1,0,0,0,1,1,0,0,0,0,3,0,3,0,0,0,7,1,0,false
c:\Users\arthur.menezes_evolu\Desktop\Pes\hello-algo\codes\java\chapter_tree\binary_search_tree.java,chapter_tree.BinarySearchTree,insert/1[int],false,46,1,2,1,1,6,0,16,2,3,1,0,0,0,1,3,0,0,0,0,9,0,2,0,0,0,9,1,0,false
c:\Users\arthur.menezes_evolu\Desktop\Pes\hello-algo\codes\java\chapter_dynamic_programming\min_path_sum.java,chapter_dynamic_programming.min_path_sum,main/1[java.lang.String[]],false,96,2,4,0,4,2,6,16,0,5,1,6,4,1,1,0,0,0,4,22,8,8,1,0,0,0,17,9,0,false
c:\Users\arthur.menezes_evolu\Desktop\Pes\hello-algo\codes\java\chapter_dynamic_programming\min_path_sum.java,chapter_dynamic_programming.min_path_sum,"minPathSumDFSMem/4[int[][],int[][],int,int]",false,30,2,3,2,1,6,2,15,4,2,4,2,1,0,0,3,0,0,0,9,3,3,1,0,0,0,11,8,0,false
c:\Users\arthur.menezes_evolu\Desktop\Pes\hello-algo\codes\java\chapter_dynamic_programming\min_path_sum.java,chapter_dynamic_programming.min_path_sum,minPathSumDP/1[int[][]],false,52,1,1,1,0,5,1,17,1,7,1,1,0,0,4,0,0,0,0,21,11,9,2,0,0,0,11,8,0,false
c:\Users\arthur.menezes_evolu\Desktop\Pes\hello-algo\codes\java\chapter_dynamic_programming\min_path_sum.java,chapter_dynamic_programming.min_path_sum,"minPathSumDFS/3[int[][],int,int]",false,13,2,3,2,1,5,2,11,3,2,3,2,1,0,0,2,0,0,0,8,2,3,1,0,0,0,10,8,0,false
c:\Users\arthur.menezes_evolu\Desktop\Pes\hello-algo\codes\java\chapter_dynamic_programming\min_path_sum.java,chapter_dynamic_programming.min_path_sum,minPathSumDPComp/1[int[][]],false,75,1,1,1,0,4,1,15,1,6,1,1,0,0,3,0,0,0,0,14,10,6,2,0,0,0,12,8,0,false
c:\Users\arthur.menezes_evolu\Desktop\Pes\hello-algo\codes\java\chapter_sorting\bubble_sort.java,chapter_sorting.bubble_sort,bubbleSort/1[int[]],false,13,1,1,1,0,4,0,11,0,3,1,0,0,0,2,0,0,0,0,6,5,4,3,0,0,0,6,8,0,false
c:\Users\arthur.menezes_evolu\Desktop\Pes\hello-algo\codes\java\chapter_sorting\bubble_sort.java,chapter_sorting.bubble_sort,main/1[java.lang.String[]],false,48,2,2,0,2,1,4,8,0,2,1,4,2,1,0,0,0,0,2,12,2,2,0,0,0,0,8,9,0,false
c:\Users\arthur.menezes_evolu\Desktop\Pes\hello-algo\codes\java\chapter_sorting\bubble_sort.java,chapter_sorting.bubble_sort,bubbleSortWithFlag/1[int[]],false,29,1,1,1,0,5,0,14,0,4,1,0,0,0,2,0,0,0,0,6,7,4,3,0,0,0,11,8,0,false
