file,class,type,cbo,cboModified,fanin,fanout,wmc,dit,noc,rfc,lcom,lcom*,tcc,lcc,totalMethodsQty,staticMethodsQty,publicMethodsQty,privateMethodsQty,protectedMethodsQty,defaultMethodsQty,visibleMethodsQty,abstractMethodsQty,finalMethodsQty,synchronizedMethodsQty,totalFieldsQty,staticFieldsQty,publicFieldsQty,privateFieldsQty,protectedFieldsQty,defaultFieldsQty,finalFieldsQty,synchronizedFieldsQty,nosi,loc,returnQty,loopQty,comparisonsQty,tryCatchQty,parenthesizedExpsQty,stringLiteralsQty,numbersQty,assignmentsQty,mathOperationsQty,variablesQty,maxNestedBlocksQty,anonymousClassesQty,innerClassesQty,lambdasQty,uniqueWordsQty,modifiers,logStatementsQty
c:\Users\arthur.menezes_evolu\Desktop\Pes\Android-PickerView\app\src\main\java\com\bigkoo\pickerviewdemo\JsonDataActivity.java,com.bigkoo.pickerviewdemo.JsonDataActivity$Anonymous1,anonymous,1,1,0,1,5,1,0,3,0,0.0,NaN,NaN,1,0,1,0,0,0,1,0,0,0,0,0,0,0,0,0,0,0,0,25,0,0,1,0,0,3,0,2,0,0,2,1,0,0,11,-1,0
c:\Users\arthur.menezes_evolu\Desktop\Pes\Android-PickerView\app\src\main\java\com\bigkoo\pickerviewdemo\TestFragment.java,com.bigkoo.pickerviewdemo.TestFragment$Anonymous2$Anonymous3,anonymous,2,2,0,2,1,1,0,1,0,0.0,NaN,NaN,1,0,1,0,0,0,1,0,0,0,0,0,0,0,0,0,0,0,0,5,0,0,0,0,0,0,0,0,0,0,0,0,0,0,4,-1,0
c:\Users\arthur.menezes_evolu\Desktop\Pes\Android-PickerView\pickerview\src\main\java\com\bigkoo\pickerview\builder\OptionsPickerBuilder.java,com.bigkoo.pickerview.builder.OptionsPickerBuilder,class,13,16,3,13,37,1,0,0,0,0.0,0.0,0.0,37,0,37,0,0,0,37,0,0,0,1,0,0,1,0,0,0,0,0,161,36,0,0,0,0,0,0,48,0,1,0,0,0,0,100,1,0
c:\Users\arthur.menezes_evolu\Desktop\Pes\Android-PickerView\app\src\main\java\com\bigkoo\pickerviewdemo\JsonDataActivity.java,com.bigkoo.pickerviewdemo.JsonDataActivity$Anonymous3,anonymous,2,2,0,2,7,1,0,10,0,0.0,NaN,NaN,1,0,1,0,0,0,1,0,0,0,0,0,0,0,0,0,0,0,0,9,0,0,0,0,0,3,6,4,1,4,0,0,0,0,12,-1,0
c:\Users\arthur.menezes_evolu\Desktop\Pes\Android-PickerView\app\src\main\java\com\bigkoo\pickerviewdemo\MainActivity.java,com.bigkoo.pickerviewdemo.MainActivity$Anonymous2$Anonymous4,anonymous,2,2,0,2,1,1,0,1,0,0.0,NaN,NaN,1,0,1,0,0,0,1,0,0,0,0,0,0,0,0,0,0,0,0,5,0,0,0,0,0,0,0,0,0,0,0,0,0,0,4,-1,0
c:\Users\arthur.menezes_evolu\Desktop\Pes\Android-PickerView\app\src\main\java\com\bigkoo\pickerviewdemo\TestFragment.java,com.bigkoo.pickerviewdemo.TestFragment$Anonymous2$Anonymous4,anonymous,1,1,0,1,1,1,0,0,0,0.0,NaN,NaN,1,0,1,0,0,0,1,0,0,0,0,0,0,0,0,0,0,0,0,4,0,0,0,0,0,0,0,0,0,0,0,0,0,0,4,-1,0
c:\Users\arthur.menezes_evolu\Desktop\Pes\Android-PickerView\app\src\main\java\com\bigkoo\pickerviewdemo\MainActivity.java,com.bigkoo.pickerviewdemo.MainActivity$Anonymous2$Anonymous5,anonymous,3,3,0,3,3,1,0,3,0,0.0,NaN,NaN,1,0,1,0,0,0,1,0,0,0,0,0,0,0,0,0,0,0,0,6,0,0,0,0,0,0,4,0,0,0,0,0,0,0,12,-1,0
c:\Users\arthur.menezes_evolu\Desktop\Pes\Android-PickerView\wheelview\src\main\java\com\contrarywind\view\WheelView.java,com.contrarywind.view.WheelView$DividerType,enum,0,0,0,0,0,1,0,0,0,0.0,-1.0,-1.0,0,0,0,0,0,0,0,0,0,0,0,0,0,0,0,0,0,0,0,1,0,0,0,0,0,0,0,0,0,0,0,0,0,0,8,1,0
c:\Users\arthur.menezes_evolu\Desktop\Pes\Android-PickerView\app\src\main\java\com\bigkoo\pickerviewdemo\bean\JsonBean.java,com.bigkoo.pickerviewdemo.bean.JsonBean$CityBean,innerclass,0,0,0,0,4,1,0,0,2,0.5,0.0,0.0,4,0,4,0,0,0,4,0,0,0,2,0,0,2,0,0,0,0,0,16,2,0,0,0,0,0,0,2,0,2,0,0,0,0,8,9,0
c:\Users\arthur.menezes_evolu\Desktop\Pes\Android-PickerView\app\src\main\java\com\bigkoo\pickerviewdemo\MainActivity.java,com.bigkoo.pickerviewdemo.MainActivity$Anonymous2$Anonymous3,anonymous,3,3,0,3,1,1,0,2,0,0.0,NaN,NaN,1,0,1,0,0,0,1,0,0,0,0,0,0,0,0,0,0,0,0,6,0,0,0,0,0,0,0,0,0,0,0,0,0,0,4,-1,0
c:\Users\arthur.menezes_evolu\Desktop\Pes\Android-PickerView\pickerview\src\main\java\com\bigkoo\pickerview\configure\PickerOptions.java,com.bigkoo.pickerview.configure.PickerOptions,class,11,16,5,11,2,1,0,0,0,0.5555556,NaN,NaN,1,0,1,0,0,0,1,0,0,0,56,6,52,4,0,0,6,0,0,66,0,0,1,0,0,0,15,35,0,72,1,0,0,0,108,1,0
c:\Users\arthur.menezes_evolu\Desktop\Pes\Android-PickerView\wheelview\src\main\java\com\contrarywind\timer\SmoothScrollTimerTask.java,com.contrarywind.timer.SmoothScrollTimerTask,class,1,2,1,1,9,2,0,10,0,0.0,0.0,0.0,2,0,2,0,0,0,2,0,1,0,4,0,0,4,0,0,1,0,1,46,1,0,2,0,3,0,8,12,7,7,3,0,0,0,16,17,0
c:\Users\arthur.menezes_evolu\Desktop\Pes\Android-PickerView\pickerview\src\main\java\com\bigkoo\pickerview\listener\ISelectTimeCallback.java,com.bigkoo.pickerview.listener.ISelectTimeCallback,interface,0,7,7,0,1,1,0,0,0,0.0,NaN,NaN,1,0,1,0,0,0,1,0,0,0,0,0,0,0,0,0,0,0,0,3,0,0,0,0,0,0,0,0,0,0,0,0,0,0,9,1,0
c:\Users\arthur.menezes_evolu\Desktop\Pes\Android-PickerView\wheelview\src\main\java\com\contrarywind\view\WheelView.java,com.contrarywind.view.WheelView$Anonymous1,anonymous,2,2,0,2,1,1,0,2,0,0.0,NaN,NaN,1,0,1,0,0,0,1,0,0,0,0,0,0,0,0,0,0,0,0,5,0,0,0,0,0,0,0,0,0,0,0,0,0,0,4,-1,0
c:\Users\arthur.menezes_evolu\Desktop\Pes\Android-PickerView\pickerview\src\main\java\com\bigkoo\pickerview\adapter\NumericWheelAdapter.java,com.bigkoo.pickerview.adapter.NumericWheelAdapter,class,2,5,3,2,7,1,0,1,0,0.25,0.0,0.0,4,0,4,0,0,0,4,0,0,0,2,0,0,2,0,0,0,0,0,26,5,0,0,1,0,0,4,3,4,3,1,0,0,0,20,1,0
c:\Users\arthur.menezes_evolu\Desktop\Pes\Android-PickerView\app\src\main\java\com\bigkoo\pickerviewdemo\MainActivity.java,com.bigkoo.pickerviewdemo.MainActivity$Anonymous16,anonymous,3,3,0,3,1,1,0,2,0,0.0,NaN,NaN,1,0,1,0,0,0,1,0,0,0,0,0,0,0,0,0,0,0,0,27,0,0,0,0,0,0,0,3,0,3,0,3,0,0,11,-1,0
c:\Users\arthur.menezes_evolu\Desktop\Pes\Android-PickerView\app\src\main\java\com\bigkoo\pickerviewdemo\FragmentTestActivity.java,com.bigkoo.pickerviewdemo.FragmentTestActivity,class,6,7,1,6,1,2,0,6,0,0.0,NaN,NaN,1,0,0,0,1,0,1,0,0,0,1,0,0,1,0,0,0,0,0,11,0,0,0,0,0,0,0,2,0,2,0,0,0,0,20,1,0
c:\Users\arthur.menezes_evolu\Desktop\Pes\Android-PickerView\pickerview\src\main\java\com\bigkoo\pickerview\view\WheelOptions.java,com.bigkoo.pickerview.view.WheelOptions,class,10,12,2,10,56,1,0,26,0,0.73333335,0.0,0.0,25,0,23,2,0,0,23,0,0,0,12,0,0,12,0,0,0,0,0,298,2,0,23,0,2,0,20,20,2,13,2,6,0,0,79,1,0
c:\Users\arthur.menezes_evolu\Desktop\Pes\Android-PickerView\app\src\main\java\com\bigkoo\pickerviewdemo\MainActivity.java,com.bigkoo.pickerviewdemo.MainActivity$Anonymous10,anonymous,3,3,0,3,1,1,0,2,0,0.0,NaN,NaN,1,0,1,0,0,0,1,0,0,0,0,0,0,0,0,0,0,0,0,19,0,0,0,0,0,0,0,2,0,2,0,2,0,0,10,-1,0
c:\Users\arthur.menezes_evolu\Desktop\Pes\Android-PickerView\app\src\main\java\com\bigkoo\pickerviewdemo\JsonDataActivity.java,com.bigkoo.pickerviewdemo.JsonDataActivity,class,16,19,3,16,15,2,0,38,0,0.76190484,0.0,0.0,7,0,2,3,2,0,4,0,0,0,9,4,0,9,0,0,3,0,0,115,1,3,1,1,0,4,7,23,0,23,2,2,0,0,88,1,0
c:\Users\arthur.menezes_evolu\Desktop\Pes\Android-PickerView\app\src\main\java\com\bigkoo\pickerviewdemo\MainActivity.java,com.bigkoo.pickerviewdemo.MainActivity$Anonymous13,anonymous,2,2,0,2,1,1,0,5,0,0.0,NaN,NaN,1,0,1,0,0,0,1,0,0,0,0,0,0,0,0,0,0,0,0,6,0,0,0,0,0,0,0,1,1,1,0,0,0,0,8,-1,0
c:\Users\arthur.menezes_evolu\Desktop\Pes\Android-PickerView\pickerview\src\main\java\com\bigkoo\pickerview\view\TimePickerView.java,com.bigkoo.pickerview.view.TimePickerView$Anonymous1,anonymous,2,2,0,2,2,1,0,4,0,0.0,NaN,NaN,1,0,1,0,0,0,1,0,0,0,0,0,0,0,0,0,0,0,0,11,0,0,0,1,0,0,0,1,0,1,1,0,0,0,9,-1,0
c:\Users\arthur.menezes_evolu\Desktop\Pes\Android-PickerView\app\src\main\java\com\bigkoo\pickerviewdemo\MainActivity.java,com.bigkoo.pickerviewdemo.MainActivity$Anonymous15,anonymous,2,2,0,2,1,1,0,3,0,0.0,NaN,NaN,1,0,1,0,0,0,1,0,0,0,0,0,0,0,0,0,0,0,0,6,0,0,0,0,0,0,0,1,0,1,0,0,0,0,7,-1,0
c:\Users\arthur.menezes_evolu\Desktop\Pes\Android-PickerView\app\src\main\java\com\bigkoo\pickerviewdemo\MainActivity.java,com.bigkoo.pickerviewdemo.MainActivity$Anonymous14,anonymous,0,0,0,0,1,1,0,2,0,0.0,NaN,NaN,1,0,1,0,0,0,1,0,0,0,0,0,0,0,0,0,0,0,0,6,0,0,0,0,0,3,0,1,1,1,0,0,0,0,8,-1,0
c:\Users\arthur.menezes_evolu\Desktop\Pes\Android-PickerView\pickerview\src\main\java\com\bigkoo\pickerview\listener\OnTimeSelectListener.java,com.bigkoo.pickerview.listener.OnTimeSelectListener,interface,1,6,5,1,1,1,0,0,0,0.0,NaN,NaN,1,0,0,0,0,1,1,0,0,0,0,0,0,0,0,0,0,0,0,3,0,0,0,0,0,0,0,0,0,0,0,0,0,0,11,1,0
c:\Users\arthur.menezes_evolu\Desktop\Pes\Android-PickerView\wheelview\src\main\java\com\contrarywind\adapter\WheelAdapter.java,com.contrarywind.adapter.WheelAdapter,interface,1,6,5,1,3,1,0,0,3,0.0,0.0,0.0,3,0,0,0,0,3,3,0,0,0,0,0,0,0,0,0,0,0,0,5,0,0,0,0,0,0,0,0,0,0,0,0,0,0,33,1,0
c:\Users\arthur.menezes_evolu\Desktop\Pes\Android-PickerView\app\src\main\java\com\bigkoo\pickerviewdemo\TestFragment.java,com.bigkoo.pickerviewdemo.TestFragment,class,16,19,3,16,5,2,0,22,4,0.65,0.0,0.0,5,0,3,2,0,0,3,0,0,0,4,0,0,4,0,0,0,0,3,56,2,0,0,0,0,7,8,8,0,8,0,2,0,0,44,1,0
c:\Users\arthur.menezes_evolu\Desktop\Pes\Android-PickerView\app\src\main\java\com\bigkoo\pickerviewdemo\TestFragment.java,com.bigkoo.pickerviewdemo.TestFragment$Anonymous2,anonymous,3,3,0,3,1,1,0,2,0,0.0,NaN,NaN,1,0,1,0,0,0,1,0,0,0,0,0,0,0,0,0,0,0,0,17,0,0,0,0,0,0,0,2,0,2,0,2,0,0,10,-1,0
c:\Users\arthur.menezes_evolu\Desktop\Pes\Android-PickerView\app\src\main\java\com\bigkoo\pickerviewdemo\TestFragment.java,com.bigkoo.pickerviewdemo.TestFragment$Anonymous1,anonymous,3,3,0,3,1,1,0,2,0,0.0,NaN,NaN,1,0,1,0,0,0,1,0,0,0,0,0,0,0,0,0,0,0,0,6,0,0,0,0,0,0,0,1,0,1,0,0,0,0,10,-1,0
c:\Users\arthur.menezes_evolu\Desktop\Pes\Android-PickerView\wheelview\src\main\java\com\contrarywind\interfaces\IPickerViewData.java,com.contrarywind.interfaces.IPickerViewData,interface,0,4,4,0,1,1,0,0,0,0.0,NaN,NaN,1,0,0,0,0,1,1,0,0,0,0,0,0,0,0,0,0,0,0,3,0,0,0,0,0,0,0,0,0,0,0,0,0,0,10,1,0
c:\Users\arthur.menezes_evolu\Desktop\Pes\Android-PickerView\app\src\main\java\com\bigkoo\pickerviewdemo\GetJsonDataUtil.java,com.bigkoo.pickerviewdemo.GetJsonDataUtil,class,2,3,1,2,3,1,0,6,0,0.0,NaN,NaN,1,0,1,0,0,0,1,0,0,0,0,0,0,0,0,0,0,0,0,17,1,1,1,1,1,0,0,4,0,4,2,0,0,0,25,1,0
c:\Users\arthur.menezes_evolu\Desktop\Pes\Android-PickerView\pickerview\src\main\java\com\bigkoo\pickerview\view\WheelTime.java,com.bigkoo.pickerview.view.WheelTime$Anonymous5,anonymous,1,1,0,1,1,1,0,1,0,0.0,NaN,NaN,1,0,1,0,0,0,1,0,0,0,0,0,0,0,0,0,0,0,0,5,0,0,0,0,0,0,0,0,0,0,0,0,0,0,4,-1,0
c:\Users\arthur.menezes_evolu\Desktop\Pes\Android-PickerView\app\src\main\java\com\bigkoo\pickerviewdemo\MainActivity.java,com.bigkoo.pickerviewdemo.MainActivity$Anonymous10$Anonymous11,anonymous,3,3,0,3,1,1,0,2,0,0.0,NaN,NaN,1,0,1,0,0,0,1,0,0,0,0,0,0,0,0,0,0,0,0,6,0,0,0,0,0,0,0,0,0,0,0,0,0,0,4,-1,0
c:\Users\arthur.menezes_evolu\Desktop\Pes\Android-PickerView\pickerview\src\main\java\com\bigkoo\pickerview\view\WheelTime.java,com.bigkoo.pickerview.view.WheelTime$Anonymous2,anonymous,4,4,0,4,6,1,0,8,0,0.0,NaN,NaN,1,0,1,0,0,0,1,0,0,0,0,0,0,0,0,0,0,0,12,28,0,0,3,0,0,0,8,7,7,4,2,0,0,0,20,-1,0
c:\Users\arthur.menezes_evolu\Desktop\Pes\Android-PickerView\pickerview\src\main\java\com\bigkoo\pickerview\view\WheelTime.java,com.bigkoo.pickerview.view.WheelTime$Anonymous1,anonymous,4,4,0,4,8,1,0,9,0,0.0,NaN,NaN,1,0,1,0,0,0,1,0,0,0,0,0,0,0,0,0,0,0,15,34,0,0,4,0,0,0,11,6,9,3,2,0,0,0,19,-1,0
c:\Users\arthur.menezes_evolu\Desktop\Pes\Android-PickerView\pickerview\src\main\java\com\bigkoo\pickerview\view\WheelTime.java,com.bigkoo.pickerview.view.WheelTime$Anonymous4,anonymous,3,3,0,3,10,1,0,3,0,0.0,NaN,NaN,1,0,1,0,0,0,1,0,0,0,0,0,0,0,0,0,0,0,0,43,0,0,9,0,0,0,17,3,7,1,2,0,0,0,19,-1,0
c:\Users\arthur.menezes_evolu\Desktop\Pes\Android-PickerView\pickerview\src\main\java\com\bigkoo\pickerview\view\WheelTime.java,com.bigkoo.pickerview.view.WheelTime$Anonymous3,anonymous,5,5,0,5,13,1,0,7,0,0.0,NaN,NaN,1,0,1,0,0,0,1,0,0,0,0,0,0,0,0,0,0,0,0,62,0,0,9,0,0,0,24,9,11,5,2,0,0,0,24,-1,0
c:\Users\arthur.menezes_evolu\Desktop\Pes\Android-PickerView\wheelview\src\main\java\com\contrarywind\view\WheelView.java,com.contrarywind.view.WheelView,class,23,42,19,23,150,2,0,79,837,0.9322446,0.0,0.0,50,0,36,12,2,0,38,0,10,0,49,3,0,49,0,0,3,0,25,615,20,4,20,1,54,18,157,168,136,96,3,1,2,0,221,1,0
c:\Users\arthur.menezes_evolu\Desktop\Pes\Android-PickerView\app\src\main\java\com\bigkoo\pickerviewdemo\JsonDataActivity.java,com.bigkoo.pickerviewdemo.JsonDataActivity$Anonymous1$Anonymous2,anonymous,1,1,0,1,1,1,0,1,0,0.0,NaN,NaN,1,0,1,0,0,0,1,0,0,0,0,0,0,0,0,0,0,0,0,5,0,0,0,0,0,0,0,0,0,0,0,0,0,0,4,-1,0
c:\Users\arthur.menezes_evolu\Desktop\Pes\Android-PickerView\app\src\main\java\com\bigkoo\pickerviewdemo\MainActivity.java,com.bigkoo.pickerviewdemo.MainActivity$Anonymous10$Anonymous12,anonymous,2,2,0,2,1,1,0,1,0,0.0,NaN,NaN,1,0,1,0,0,0,1,0,0,0,0,0,0,0,0,0,0,0,0,5,0,0,0,0,0,0,0,0,0,0,0,0,0,0,4,-1,0
c:\Users\arthur.menezes_evolu\Desktop\Pes\Android-PickerView\app\src\main\java\com\bigkoo\pickerviewdemo\TestCircleWheelViewActivity.java,com.bigkoo.pickerviewdemo.TestCircleWheelViewActivity$Anonymous1,anonymous,0,0,0,0,1,1,0,3,0,0.0,NaN,NaN,1,0,1,0,0,0,1,0,0,0,0,0,0,0,0,0,0,0,0,5,0,0,0,0,0,1,0,0,1,0,0,0,0,0,4,-1,0
c:\Users\arthur.menezes_evolu\Desktop\Pes\Android-PickerView\pickerview\src\main\java\com\bigkoo\pickerview\view\WheelTime.java,com.bigkoo.pickerview.view.WheelTime,class,13,18,5,13,121,1,0,44,83,0.81923074,0.0,0.0,30,0,24,6,0,0,24,0,0,0,26,7,1,25,0,0,6,0,25,709,8,0,41,0,15,37,136,98,55,47,4,5,0,0,119,1,0
c:\Users\arthur.menezes_evolu\Desktop\Pes\Android-PickerView\wheelview\src\main\java\com\contrarywind\view\WheelView.java,com.contrarywind.view.WheelView$ACTION,enum,0,0,0,0,0,1,0,0,0,0.0,-1.0,-1.0,0,0,0,0,0,0,0,0,0,0,0,0,0,0,0,0,0,0,0,1,0,0,0,0,0,0,0,0,0,0,0,0,0,0,11,1,0
c:\Users\arthur.menezes_evolu\Desktop\Pes\Android-PickerView\pickerview\src\main\java\com\bigkoo\pickerview\listener\OnDismissListener.java,com.bigkoo.pickerview.listener.OnDismissListener,interface,0,3,3,0,1,1,0,0,0,0.0,NaN,NaN,1,0,1,0,0,0,1,0,0,0,0,0,0,0,0,0,0,0,0,3,0,0,0,0,0,0,0,0,0,0,0,0,0,0,9,1,0
c:\Users\arthur.menezes_evolu\Desktop\Pes\Android-PickerView\wheelview\src\main\java\com\contrarywind\timer\MessageHandler.java,com.contrarywind.timer.MessageHandler,class,3,4,1,3,5,2,0,3,0,0.375,0.0,0.0,2,0,2,0,0,0,2,0,1,0,4,3,3,1,0,0,4,0,0,22,0,0,0,0,0,0,3,4,0,4,1,0,0,0,24,17,0
c:\Users\arthur.menezes_evolu\Desktop\Pes\Android-PickerView\app\src\main\java\com\bigkoo\pickerviewdemo\MainActivity.java,com.bigkoo.pickerviewdemo.MainActivity$Anonymous20,anonymous,1,1,0,1,1,1,0,3,0,0.0,NaN,NaN,1,0,1,0,0,0,1,0,0,0,0,0,0,0,0,0,0,0,0,6,0,0,0,0,0,3,0,1,1,1,0,0,0,0,9,-1,0
c:\Users\arthur.menezes_evolu\Desktop\Pes\Android-PickerView\pickerview\src\main\java\com\bigkoo\pickerview\listener\OnOptionsSelectChangeListener.java,com.bigkoo.pickerview.listener.OnOptionsSelectChangeListener,interface,0,10,10,0,1,1,0,0,0,0.0,NaN,NaN,1,0,0,0,0,1,1,0,0,0,0,0,0,0,0,0,0,0,0,3,0,0,0,0,0,0,0,0,0,0,0,0,0,0,11,1,0
c:\Users\arthur.menezes_evolu\Desktop\Pes\Android-PickerView\pickerview\src\main\java\com\bigkoo\pickerview\listener\OnTimeSelectChangeListener.java,com.bigkoo.pickerview.listener.OnTimeSelectChangeListener,interface,0,4,4,0,1,1,0,0,0,0.0,NaN,NaN,1,0,0,0,0,1,1,0,0,0,0,0,0,0,0,0,0,0,0,3,0,0,0,0,0,0,0,0,0,0,0,0,0,0,12,1,0
c:\Users\arthur.menezes_evolu\Desktop\Pes\Android-PickerView\app\src\main\java\com\bigkoo\pickerviewdemo\MainActivity.java,com.bigkoo.pickerviewdemo.MainActivity$Anonymous21,anonymous,0,0,0,0,1,1,0,2,0,0.0,NaN,NaN,1,0,1,0,0,0,1,0,0,0,0,0,0,0,0,0,0,0,0,6,0,0,0,0,0,3,0,1,1,1,0,0,0,0,8,-1,0
c:\Users\arthur.menezes_evolu\Desktop\Pes\Android-PickerView\app\src\main\java\com\bigkoo\pickerviewdemo\bean\JsonBean.java,com.bigkoo.pickerviewdemo.bean.JsonBean,class,2,4,2,2,5,1,0,0,2,0.5,0.0,0.0,5,0,5,0,0,0,5,0,0,0,2,0,0,2,0,0,0,0,0,35,3,0,0,0,0,0,0,2,0,2,0,0,1,0,14,1,0
c:\Users\arthur.menezes_evolu\Desktop\Pes\Android-PickerView\pickerview\src\main\java\com\bigkoo\pickerview\listener\CustomListener.java,com.bigkoo.pickerview.listener.CustomListener,interface,1,8,7,1,1,1,0,0,0,0.0,NaN,NaN,1,0,0,0,0,1,1,0,0,0,0,0,0,0,0,0,0,0,0,3,0,0,0,0,0,0,0,0,0,0,0,0,0,0,12,1,0
c:\Users\arthur.menezes_evolu\Desktop\Pes\Android-PickerView\app\src\main\java\com\bigkoo\pickerviewdemo\TestCircleWheelViewActivity.java,com.bigkoo.pickerviewdemo.TestCircleWheelViewActivity,class,6,7,1,6,1,2,0,9,0,0.0,NaN,NaN,1,0,0,0,1,0,1,0,0,0,0,0,0,0,0,0,0,0,0,25,0,0,0,0,0,7,2,2,0,2,0,1,0,0,33,1,0
c:\Users\arthur.menezes_evolu\Desktop\Pes\Android-PickerView\pickerview\src\main\java\com\bigkoo\pickerview\builder\TimePickerBuilder.java,com.bigkoo.pickerview.builder.TimePickerBuilder,class,12,15,3,12,37,1,0,0,0,0.0,0.0,0.0,37,0,37,0,0,0,37,0,0,0,1,0,0,1,0,0,0,0,0,163,36,0,0,0,0,0,0,50,0,1,0,0,0,0,103,1,0
c:\Users\arthur.menezes_evolu\Desktop\Pes\Android-PickerView\wheelview\src\main\java\com\contrarywind\listener\OnItemSelectedListener.java,com.contrarywind.listener.OnItemSelectedListener,interface,0,6,6,0,1,1,0,0,0,0.0,NaN,NaN,1,0,0,0,0,1,1,0,0,0,0,0,0,0,0,0,0,0,0,3,0,0,0,0,0,0,0,0,0,0,0,0,0,0,6,1,0
c:\Users\arthur.menezes_evolu\Desktop\Pes\Android-PickerView\pickerview\src\main\java\com\bigkoo\pickerview\view\OptionsPickerView.java,com.bigkoo.pickerview.view.OptionsPickerView,class,15,21,6,15,25,2,0,46,69,0.7857143,0.0,0.0,14,0,12,2,0,0,12,0,0,0,3,2,0,3,0,0,2,0,0,122,1,0,6,0,0,3,3,18,0,11,2,0,0,0,72,1,0
c:\Users\arthur.menezes_evolu\Desktop\Pes\Android-PickerView\pickerview\src\main\java\com\bigkoo\pickerview\adapter\ArrayWheelAdapter.java,com.bigkoo.pickerview.adapter.ArrayWheelAdapter,class,2,9,7,2,6,1,0,3,0,0.0,0.0,0.0,4,0,4,0,0,0,4,0,0,0,1,0,0,1,0,0,0,0,0,18,4,0,0,0,0,1,1,1,0,1,1,0,0,0,21,1,0
c:\Users\arthur.menezes_evolu\Desktop\Pes\Android-PickerView\app\src\main\java\com\bigkoo\pickerviewdemo\MainActivity.java,com.bigkoo.pickerviewdemo.MainActivity,class,26,31,5,26,31,2,0,80,46,0.83333325,0.0,0.0,12,0,1,10,1,0,2,0,0,0,11,0,0,11,0,0,0,0,6,307,1,2,16,0,0,44,43,37,3,35,2,13,0,0,87,1,0
c:\Users\arthur.menezes_evolu\Desktop\Pes\Android-PickerView\pickerview\src\main\java\com\bigkoo\pickerview\view\BasePickerView.java,com.bigkoo.pickerview.view.BasePickerView$Anonymous2,anonymous,2,2,0,2,3,1,0,1,3,0.0,0.0,0.0,3,0,3,0,0,0,3,0,0,0,0,0,0,0,0,0,0,0,0,9,0,0,0,0,0,0,0,0,0,0,0,0,0,0,8,-1,0
c:\Users\arthur.menezes_evolu\Desktop\Pes\Android-PickerView\pickerview\src\main\java\com\bigkoo\pickerview\view\BasePickerView.java,com.bigkoo.pickerview.view.BasePickerView$Anonymous1,anonymous,2,2,0,2,1,1,0,1,0,0.0,NaN,NaN,1,0,1,0,0,0,1,0,0,0,0,0,0,0,0,0,0,0,0,5,0,0,0,0,0,0,0,0,0,0,0,0,0,0,5,-1,0
c:\Users\arthur.menezes_evolu\Desktop\Pes\Android-PickerView\pickerview\src\main\java\com\bigkoo\pickerview\view\BasePickerView.java,com.bigkoo.pickerview.view.BasePickerView$Anonymous4,anonymous,3,3,0,3,4,1,0,3,0,0.0,NaN,NaN,1,0,1,0,0,0,1,0,0,0,0,0,0,0,0,0,0,0,0,9,2,0,2,0,0,0,0,0,0,0,1,0,0,0,12,-1,0
c:\Users\arthur.menezes_evolu\Desktop\Pes\Android-PickerView\pickerview\src\main\java\com\bigkoo\pickerview\view\BasePickerView.java,com.bigkoo.pickerview.view.BasePickerView$Anonymous3,anonymous,1,1,0,1,2,1,0,2,0,0.0,NaN,NaN,1,0,1,0,0,0,1,0,0,0,0,0,0,0,0,0,0,0,0,10,0,0,1,0,0,0,0,2,0,0,1,0,0,0,11,-1,0
c:\Users\arthur.menezes_evolu\Desktop\Pes\Android-PickerView\pickerview\src\main\java\com\bigkoo\pickerview\view\BasePickerView.java,com.bigkoo.pickerview.view.BasePickerView$Anonymous6,anonymous,2,2,0,2,2,1,0,1,0,0.0,NaN,NaN,1,0,1,0,0,0,1,0,0,0,0,0,0,0,0,0,0,0,0,7,0,0,1,0,0,0,0,0,0,0,1,0,0,0,7,-1,0
c:\Users\arthur.menezes_evolu\Desktop\Pes\Android-PickerView\pickerview\src\main\java\com\bigkoo\pickerview\view\BasePickerView.java,com.bigkoo.pickerview.view.BasePickerView$Anonymous5,anonymous,3,3,0,3,2,1,0,2,0,0.0,NaN,NaN,1,0,1,0,0,0,1,0,0,0,0,0,0,0,0,0,0,0,0,8,1,0,1,0,0,0,0,0,0,0,1,0,0,0,8,-1,0
c:\Users\arthur.menezes_evolu\Desktop\Pes\Android-PickerView\app\src\main\java\com\bigkoo\pickerviewdemo\MainActivity.java,com.bigkoo.pickerviewdemo.MainActivity$Anonymous1,anonymous,2,2,0,2,1,1,0,3,0,0.0,NaN,NaN,1,0,1,0,0,0,1,0,0,0,0,0,0,0,0,0,0,0,0,5,0,0,0,0,0,0,0,0,0,0,0,0,0,0,7,-1,0
c:\Users\arthur.menezes_evolu\Desktop\Pes\Android-PickerView\app\src\main\java\com\bigkoo\pickerviewdemo\MainActivity.java,com.bigkoo.pickerviewdemo.MainActivity$Anonymous2,anonymous,7,7,0,7,3,1,0,7,1,0.0,NaN,NaN,2,0,1,1,0,0,1,0,0,0,0,0,0,0,0,0,0,0,0,40,0,1,0,0,2,0,2,11,0,9,1,3,0,0,28,-1,0
c:\Users\arthur.menezes_evolu\Desktop\Pes\Android-PickerView\pickerview\src\main\java\com\bigkoo\pickerview\listener\OnOptionsSelectListener.java,com.bigkoo.pickerview.listener.OnOptionsSelectListener,interface,1,6,5,1,1,1,0,0,0,0.0,NaN,NaN,1,0,0,0,0,1,1,0,0,0,0,0,0,0,0,0,0,0,0,3,0,0,0,0,0,0,0,0,0,0,0,0,0,0,10,1,0
c:\Users\arthur.menezes_evolu\Desktop\Pes\Android-PickerView\pickerview\src\androidTest\java\com\bigkoo\pickerview\ApplicationTest.java,com.bigkoo.pickerview.ApplicationTest,class,2,2,0,2,1,2,0,0,0,0.0,NaN,NaN,1,0,1,0,0,0,1,0,0,0,0,0,0,0,0,0,0,0,0,5,0,0,0,0,0,0,0,0,0,0,0,0,0,0,7,1,0
c:\Users\arthur.menezes_evolu\Desktop\Pes\Android-PickerView\app\src\androidTest\java\com\bigkoo\pickerviewdemo\ApplicationTest.java,com.bigkoo.pickerviewdemo.ApplicationTest,class,2,2,0,2,1,2,0,0,0,0.0,NaN,NaN,1,0,1,0,0,0,1,0,0,0,0,0,0,0,0,0,0,0,0,5,0,0,0,0,0,0,0,0,0,0,0,0,0,0,7,1,0
c:\Users\arthur.menezes_evolu\Desktop\Pes\Android-PickerView\pickerview\src\main\java\com\bigkoo\pickerview\utils\PickerViewAnimateUtil.java,com.bigkoo.pickerview.utils.PickerViewAnimateUtil,class,0,1,1,0,3,1,0,0,0,0.0,NaN,NaN,1,1,1,0,0,0,1,0,0,0,1,1,0,1,0,0,1,0,0,10,2,0,0,0,0,0,1,1,0,1,1,0,0,0,38,1,0
c:\Users\arthur.menezes_evolu\Desktop\Pes\Android-PickerView\app\src\main\java\com\bigkoo\pickerviewdemo\bean\CardBean.java,com.bigkoo.pickerviewdemo.bean.CardBean,class,1,3,2,1,6,1,0,0,0,0.4166667,0.0,0.0,6,0,6,0,0,0,6,0,0,0,2,0,0,0,0,2,0,0,0,23,3,0,0,0,0,0,0,4,0,2,0,0,0,0,19,1,0
c:\Users\arthur.menezes_evolu\Desktop\Pes\Android-PickerView\app\src\main\java\com\bigkoo\pickerviewdemo\MainActivity.java,com.bigkoo.pickerviewdemo.MainActivity$Anonymous16$Anonymous17,anonymous,3,3,0,3,1,1,0,2,0,0.0,NaN,NaN,1,0,1,0,0,0,1,0,0,0,0,0,0,0,0,0,0,0,0,6,0,0,0,0,0,0,0,0,0,0,0,0,0,0,4,-1,0
c:\Users\arthur.menezes_evolu\Desktop\Pes\Android-PickerView\pickerview\src\main\java\com\bigkoo\pickerview\view\TimePickerView.java,com.bigkoo.pickerview.view.TimePickerView,class,14,22,8,14,44,2,0,56,47,0.7380953,0.0,0.0,14,0,8,6,0,0,8,0,0,0,3,2,0,3,0,0,2,0,3,204,2,0,17,2,0,6,4,36,0,25,2,1,0,0,98,1,0
c:\Users\arthur.menezes_evolu\Desktop\Pes\Android-PickerView\wheelview\src\androidTest\java\test\wheelview\ExampleInstrumentedTest.java,test.wheelview.ExampleInstrumentedTest,class,4,4,0,4,1,1,0,3,0,0.0,NaN,NaN,1,0,1,0,0,0,1,0,0,0,0,0,0,0,0,0,0,0,0,6,0,0,0,0,0,1,0,1,0,1,0,0,0,0,21,1,0
c:\Users\arthur.menezes_evolu\Desktop\Pes\Android-PickerView\app\src\main\java\com\bigkoo\pickerviewdemo\bean\ProvinceBean.java,com.bigkoo.pickerviewdemo.bean.ProvinceBean,class,1,3,2,1,10,1,0,0,15,0.675,0.0,0.0,10,0,10,0,0,0,10,0,0,0,4,0,0,4,0,0,0,0,0,39,5,0,0,0,0,0,0,8,0,4,0,0,0,0,21,1,0
c:\Users\arthur.menezes_evolu\Desktop\Pes\Android-PickerView\wheelview\src\main\java\com\contrarywind\listener\LoopViewGestureListener.java,com.contrarywind.listener.LoopViewGestureListener,class,3,4,1,3,2,2,0,1,0,0.0,0.0,0.0,2,0,2,0,0,0,2,0,1,0,1,0,0,1,0,0,1,0,0,10,1,0,0,0,0,0,0,1,0,1,0,0,0,0,13,17,0
c:\Users\arthur.menezes_evolu\Desktop\Pes\Android-PickerView\pickerview\src\main\java\com\bigkoo\pickerview\view\BasePickerView.java,com.bigkoo.pickerview.view.BasePickerView,class,16,32,16,16,44,1,2,39,188,0.88500005,0.0,0.0,25,0,16,5,4,0,20,0,0,0,16,0,0,12,4,0,1,0,2,243,12,0,9,0,1,0,3,29,0,23,2,6,0,0,72,1,0
c:\Users\arthur.menezes_evolu\Desktop\Pes\Android-PickerView\app\src\main\java\com\bigkoo\pickerviewdemo\MainActivity.java,com.bigkoo.pickerviewdemo.MainActivity$Anonymous6,anonymous,2,2,0,2,1,1,0,4,0,0.0,NaN,NaN,1,0,1,0,0,0,1,0,0,0,0,0,0,0,0,0,0,0,0,6,0,0,0,0,0,2,0,0,0,0,0,0,0,0,7,-1,0
c:\Users\arthur.menezes_evolu\Desktop\Pes\Android-PickerView\app\src\main\java\com\bigkoo\pickerviewdemo\MainActivity.java,com.bigkoo.pickerviewdemo.MainActivity$Anonymous16$Anonymous19,anonymous,3,3,0,3,1,1,0,2,0,0.0,NaN,NaN,1,0,1,0,0,0,1,0,0,0,0,0,0,0,0,0,0,0,0,6,0,0,0,0,0,0,0,0,0,0,0,0,0,0,9,-1,0
c:\Users\arthur.menezes_evolu\Desktop\Pes\Android-PickerView\app\src\main\java\com\bigkoo\pickerviewdemo\MainActivity.java,com.bigkoo.pickerviewdemo.MainActivity$Anonymous7,anonymous,0,0,0,0,1,1,0,1,0,0.0,NaN,NaN,1,0,1,0,0,0,1,0,0,0,0,0,0,0,0,0,0,0,0,5,0,0,0,0,0,2,0,0,0,0,0,0,0,0,6,-1,0
c:\Users\arthur.menezes_evolu\Desktop\Pes\Android-PickerView\app\src\main\java\com\bigkoo\pickerviewdemo\MainActivity.java,com.bigkoo.pickerviewdemo.MainActivity$Anonymous16$Anonymous18,anonymous,2,2,0,2,1,1,0,1,0,0.0,NaN,NaN,1,0,1,0,0,0,1,0,0,0,0,0,0,0,0,0,0,0,0,5,0,0,0,0,0,0,0,0,0,0,0,0,0,0,4,-1,0
c:\Users\arthur.menezes_evolu\Desktop\Pes\Android-PickerView\app\src\main\java\com\bigkoo\pickerviewdemo\MainActivity.java,com.bigkoo.pickerviewdemo.MainActivity$Anonymous8,anonymous,1,1,0,1,1,1,0,1,0,0.0,NaN,NaN,1,0,1,0,0,0,1,0,0,0,0,0,0,0,0,0,0,0,0,5,0,0,0,0,0,2,0,0,0,0,0,0,0,0,4,-1,0
c:\Users\arthur.menezes_evolu\Desktop\Pes\Android-PickerView\app\src\main\java\com\bigkoo\pickerviewdemo\MainActivity.java,com.bigkoo.pickerviewdemo.MainActivity$Anonymous9,anonymous,2,2,0,2,1,1,0,2,0,0.0,NaN,NaN,1,0,1,0,0,0,1,0,0,0,0,0,0,0,0,0,0,0,0,5,0,0,0,0,0,0,0,0,0,0,0,0,0,0,8,-1,0
c:\Users\arthur.menezes_evolu\Desktop\Pes\Android-PickerView\wheelview\src\main\java\com\contrarywind\timer\InertiaTimerTask.java,com.contrarywind.timer.InertiaTimerTask,class,1,2,1,1,13,2,0,10,0,0.0,0.0,0.0,2,0,2,0,0,0,2,0,1,0,3,0,0,3,0,0,2,0,3,54,1,0,1,0,3,0,15,15,13,7,2,0,0,0,23,17,0
c:\Users\arthur.menezes_evolu\Desktop\Pes\Android-PickerView\pickerview\src\main\java\com\bigkoo\pickerview\utils\ChinaDate.java,com.bigkoo.pickerview.utils.ChinaDate,class,2,6,4,2,59,1,0,21,85,0.8555556,0.0,0.0,15,15,13,2,0,0,13,0,9,0,6,6,0,6,0,0,5,0,22,203,21,6,20,2,19,76,319,73,33,33,2,0,0,0,67,1,0
c:\Users\arthur.menezes_evolu\Desktop\Pes\Android-PickerView\pickerview\src\main\java\com\bigkoo\pickerview\view\WheelOptions.java,com.bigkoo.pickerview.view.WheelOptions$Anonymous6,anonymous,2,2,0,2,1,1,0,2,0,0.0,NaN,NaN,1,0,1,0,0,0,1,0,0,0,0,0,0,0,0,0,0,0,0,5,0,0,0,0,0,0,0,0,0,0,0,0,0,0,4,-1,0
c:\Users\arthur.menezes_evolu\Desktop\Pes\Android-PickerView\pickerview\src\main\java\com\bigkoo\pickerview\view\WheelOptions.java,com.bigkoo.pickerview.view.WheelOptions$Anonymous5,anonymous,2,2,0,2,1,1,0,2,0,0.0,NaN,NaN,1,0,1,0,0,0,1,0,0,0,0,0,0,0,0,0,0,0,0,5,0,0,0,0,0,0,0,0,0,0,0,0,0,0,4,-1,0
c:\Users\arthur.menezes_evolu\Desktop\Pes\Android-PickerView\pickerview\src\main\java\com\bigkoo\pickerview\view\WheelOptions.java,com.bigkoo.pickerview.view.WheelOptions$Anonymous4,anonymous,2,2,0,2,1,1,0,2,0,0.0,NaN,NaN,1,0,1,0,0,0,1,0,0,0,0,0,0,0,0,0,0,0,0,5,0,0,0,0,0,0,0,0,0,0,0,0,0,0,4,-1,0
c:\Users\arthur.menezes_evolu\Desktop\Pes\Android-PickerView\pickerview\src\main\java\com\bigkoo\pickerview\view\WheelOptions.java,com.bigkoo.pickerview.view.WheelOptions$Anonymous3,anonymous,2,2,0,2,1,1,0,2,0,0.0,NaN,NaN,1,0,1,0,0,0,1,0,0,0,0,0,0,0,0,0,0,0,0,5,0,0,0,0,0,0,0,0,0,0,0,0,0,0,4,-1,0
c:\Users\arthur.menezes_evolu\Desktop\Pes\Android-PickerView\pickerview\src\main\java\com\bigkoo\pickerview\view\WheelOptions.java,com.bigkoo.pickerview.view.WheelOptions$Anonymous2,anonymous,3,3,0,3,8,1,0,8,0,0.0,NaN,NaN,1,0,1,0,0,0,1,0,0,0,0,0,0,0,0,0,0,0,0,23,0,0,3,0,0,0,8,5,6,2,2,0,0,0,19,-1,0
c:\Users\arthur.menezes_evolu\Desktop\Pes\Android-PickerView\pickerview\src\main\java\com\bigkoo\pickerview\view\WheelOptions.java,com.bigkoo.pickerview.view.WheelOptions$Anonymous1,anonymous,4,4,0,4,7,1,0,7,0,0.0,NaN,NaN,1,0,1,0,0,0,1,0,0,0,0,0,0,0,0,0,0,0,0,26,0,0,4,0,0,0,6,3,2,1,3,0,0,0,19,-1,0
c:\Users\arthur.menezes_evolu\Desktop\Pes\Android-PickerView\pickerview\src\main\java\com\bigkoo\pickerview\utils\LunarCalendar.java,com.bigkoo.pickerview.utils.LunarCalendar,class,2,4,2,2,73,1,0,9,25,0.7666667,0.0,0.0,10,10,6,4,0,0,6,0,5,0,6,6,2,4,0,0,4,0,15,189,13,6,26,0,30,9,819,90,69,42,5,0,0,0,75,1,0
