file,class,type,cbo,cboModified,fanin,fanout,wmc,dit,noc,rfc,lcom,lcom*,tcc,lcc,totalMethodsQty,staticMethodsQty,publicMethodsQty,privateMethodsQty,protectedMethodsQty,defaultMethodsQty,visibleMethodsQty,abstractMethodsQty,finalMethodsQty,synchronizedMethodsQty,totalFieldsQty,staticFieldsQty,publicFieldsQty,privateFieldsQty,protectedFieldsQty,defaultFieldsQty,finalFieldsQty,synchronizedFieldsQty,nosi,loc,returnQty,loopQty,comparisonsQty,tryCatchQty,parenthesizedExpsQty,stringLiteralsQty,numbersQty,assignmentsQty,mathOperationsQty,variablesQty,maxNestedBlocksQty,anonymousClassesQty,innerClassesQty,lambdasQty,uniqueWordsQty,modifiers,logStatementsQty
c:\Users\arthur.menezes_evolu\Desktop\Pes\MaterialViewPager\materialviewpager\src\main\java\com\github\florent37\materialviewpager\MaterialViewPagerHelper.java,com.github.florent37.materialviewpager.MaterialViewPagerHelper,class,4,8,4,4,12,1,0,6,0,0.0,0.0,0.0,5,5,3,0,0,2,5,0,0,0,1,1,0,1,0,0,0,0,0,30,1,0,5,0,0,0,0,3,0,3,2,0,0,0,59,1,0
c:\Users\arthur.menezes_evolu\Desktop\Pes\MaterialViewPager\sample\src\main\java\com\github\florent37\materialviewpager\sample\MainActivity.java,com.github.florent37.materialviewpager.sample.MainActivity,class,8,8,0,8,3,3,0,17,0,0.0,NaN,NaN,1,0,0,0,1,0,1,0,0,0,1,0,0,0,0,1,0,0,0,66,0,0,2,0,0,1,0,2,0,3,1,3,0,0,63,1,0
c:\Users\arthur.menezes_evolu\Desktop\Pes\MaterialViewPager\materialviewpager\src\main\java\com\github\florent37\materialviewpager\MaterialViewPagerSettings.java,com.github.florent37.materialviewpager.MaterialViewPagerSettings$Anonymous1,anonymous,1,1,0,1,2,1,0,0,1,0.0,0.0,0.0,2,0,2,0,0,0,2,0,0,0,0,0,0,0,0,0,0,0,0,8,2,0,0,0,0,0,0,0,0,0,0,0,0,0,11,-1,0
c:\Users\arthur.menezes_evolu\Desktop\Pes\MaterialViewPager\materialviewpager\src\main\java\com\github\florent37\materialviewpager\MaterialViewPagerHeaderView.java,com.github.florent37.materialviewpager.MaterialViewPagerHeaderView$Anonymous1,anonymous,1,1,0,1,1,1,0,3,0,0.0,NaN,NaN,1,0,1,0,0,0,1,0,0,0,0,0,0,0,0,0,0,0,0,7,1,0,0,0,0,0,0,0,0,0,0,0,0,0,11,-1,0
c:\Users\arthur.menezes_evolu\Desktop\Pes\MaterialViewPager\materialviewpager\src\main\java\com\github\florent37\materialviewpager\MaterialViewPagerHeaderView.java,com.github.florent37.materialviewpager.MaterialViewPagerHeaderView,class,9,10,1,9,8,2,0,11,15,0.0,0.0,0.0,6,0,4,1,1,0,5,0,0,0,0,0,0,0,0,0,0,0,3,35,0,0,1,0,0,0,1,3,1,2,1,1,0,0,56,1,0
c:\Users\arthur.menezes_evolu\Desktop\Pes\MaterialViewPager\sample\src\main\java\com\github\florent37\materialviewpager\sample\TestListViewAdapter.java,com.github.florent37.materialviewpager.sample.TestListViewAdapter,class,5,6,1,5,8,2,0,4,4,0.5,0.0,0.0,4,0,4,0,0,0,4,0,0,0,2,2,0,0,0,2,2,0,0,35,4,0,1,0,0,0,5,4,0,2,1,0,0,0,29,1,0
c:\Users\arthur.menezes_evolu\Desktop\Pes\MaterialViewPager\materialviewpager\src\main\java\com\github\florent37\materialviewpager\MaterialViewPagerAnimator.java,com.github.florent37.materialviewpager.MaterialViewPagerAnimator$Anonymous7,anonymous,1,1,0,1,2,1,0,2,0,0.0,NaN,NaN,1,0,1,0,0,0,1,0,0,0,0,0,0,0,0,0,0,0,0,7,0,0,0,0,0,0,0,0,0,0,1,0,0,0,6,-1,0
c:\Users\arthur.menezes_evolu\Desktop\Pes\MaterialViewPager\materialviewpager\src\main\java\com\github\florent37\materialviewpager\header\MaterialViewPagerImageHelper.java,com.github.florent37.materialviewpager.header.MaterialViewPagerImageHelper$Anonymous1$Anonymous2,anonymous,6,6,0,6,2,1,0,2,1,0.0,0.0,0.0,2,0,2,0,0,0,2,0,0,0,0,0,0,0,0,0,0,0,0,19,2,0,0,0,0,0,0,0,0,0,0,2,0,0,16,-1,0
c:\Users\arthur.menezes_evolu\Desktop\Pes\MaterialViewPager\materialviewpager\src\main\java\com\github\florent37\materialviewpager\MaterialViewPagerAnimator.java,com.github.florent37.materialviewpager.MaterialViewPagerAnimator$Anonymous6,anonymous,1,1,0,1,1,1,0,1,0,0.0,NaN,NaN,1,0,1,0,0,0,1,0,0,0,0,0,0,0,0,0,0,0,0,5,0,0,0,0,0,0,0,0,0,0,0,0,0,0,4,-1,0
c:\Users\arthur.menezes_evolu\Desktop\Pes\MaterialViewPager\materialviewpager\src\main\java\com\github\florent37\materialviewpager\header\HeaderDesign.java,com.github.florent37.materialviewpager.header.HeaderDesign,class,4,8,4,4,9,1,0,0,12,0.6666667,0.0,0.0,9,4,8,1,0,0,8,0,0,0,4,0,0,0,4,0,0,0,0,44,8,0,0,0,0,0,0,12,0,8,0,0,0,0,18,1,0
c:\Users\arthur.menezes_evolu\Desktop\Pes\MaterialViewPager\materialviewpager\src\main\java\com\github\florent37\materialviewpager\MaterialViewPagerAnimator.java,com.github.florent37.materialviewpager.MaterialViewPagerAnimator$Anonymous8,anonymous,1,1,0,1,1,1,0,1,0,0.0,NaN,NaN,1,0,1,0,0,0,1,0,0,0,0,0,0,0,0,0,0,0,0,8,0,0,0,0,0,0,0,3,0,0,0,0,0,0,14,-1,0
c:\Users\arthur.menezes_evolu\Desktop\Pes\MaterialViewPager\materialviewpager\src\main\java\com\github\florent37\materialviewpager\header\MaterialViewPagerHeaderDecorator.java,com.github.florent37.materialviewpager.header.MaterialViewPagerHeaderDecorator,class,11,12,1,11,5,2,0,10,0,0.0,NaN,NaN,1,0,1,0,0,0,1,0,0,0,1,0,0,0,0,1,0,0,4,23,0,0,1,0,0,0,2,10,1,7,2,0,0,0,32,1,0
c:\Users\arthur.menezes_evolu\Desktop\Pes\MaterialViewPager\materialviewpager\src\main\java\com\github\florent37\materialviewpager\MaterialViewPagerAnimator.java,com.github.florent37.materialviewpager.MaterialViewPagerAnimator$Anonymous3,anonymous,2,2,0,2,5,1,0,5,0,0.0,NaN,NaN,1,0,1,0,0,0,1,0,0,0,1,0,0,0,0,1,0,0,0,19,1,0,1,0,0,0,3,4,0,2,1,0,0,0,16,-1,0
c:\Users\arthur.menezes_evolu\Desktop\Pes\MaterialViewPager\materialviewpager\src\main\java\com\github\florent37\materialviewpager\MaterialViewPagerAnimator.java,com.github.florent37.materialviewpager.MaterialViewPagerAnimator$Anonymous2,anonymous,2,2,0,2,1,1,0,2,0,0.0,NaN,NaN,1,0,1,0,0,0,1,0,0,0,0,0,0,0,0,0,0,0,0,5,0,0,0,0,0,0,0,0,0,0,0,0,0,0,9,-1,0
c:\Users\arthur.menezes_evolu\Desktop\Pes\MaterialViewPager\materialviewpager\src\main\java\com\github\florent37\materialviewpager\MaterialViewPagerAnimator.java,com.github.florent37.materialviewpager.MaterialViewPagerAnimator$Anonymous5,anonymous,2,2,0,2,4,1,0,2,0,0.0,NaN,NaN,1,0,1,0,0,0,1,0,0,0,1,0,0,0,0,1,0,0,0,12,1,0,1,0,0,0,1,1,0,1,1,0,0,0,17,-1,0
c:\Users\arthur.menezes_evolu\Desktop\Pes\MaterialViewPager\materialviewpager\src\main\java\com\github\florent37\materialviewpager\MaterialViewPagerAnimator.java,com.github.florent37.materialviewpager.MaterialViewPagerAnimator$Anonymous4,anonymous,1,1,0,1,1,1,0,1,0,0.0,NaN,NaN,1,0,1,0,0,0,1,0,0,0,0,0,0,0,0,0,0,0,0,5,0,0,0,0,0,0,0,0,0,0,0,0,0,0,4,-1,0
c:\Users\arthur.menezes_evolu\Desktop\Pes\MaterialViewPager\sample\src\main\java\com\github\florent37\materialviewpager\sample\fragment\ScrollFragment.java,com.github.florent37.materialviewpager.sample.fragment.ScrollFragment,class,10,11,1,10,3,2,0,5,3,0.6666667,0.0,0.0,3,1,3,0,0,0,3,0,0,0,1,0,0,0,0,1,0,0,1,14,2,0,0,0,0,0,0,0,0,1,0,0,0,0,20,1,0
c:\Users\arthur.menezes_evolu\Desktop\Pes\MaterialViewPager\materialviewpager\src\main\java\com\github\florent37\materialviewpager\header\MaterialViewPagerKenBurnsHeader.java,com.github.florent37.materialviewpager.header.MaterialViewPagerKenBurnsHeader,class,5,5,0,5,5,2,0,2,10,0.0,0.0,0.0,5,0,5,0,0,0,5,0,0,0,0,0,0,0,0,0,0,0,2,17,0,0,0,0,0,0,0,0,0,0,0,0,0,0,39,1,0
c:\Users\arthur.menezes_evolu\Desktop\Pes\MaterialViewPager\materialviewpager\src\main\java\com\github\florent37\materialviewpager\header\MaterialViewPagerImageHeader.java,com.github.florent37.materialviewpager.header.MaterialViewPagerImageHeader,class,5,5,0,5,5,2,0,2,10,0.0,0.0,0.0,5,0,5,0,0,0,5,0,0,0,0,0,0,0,0,0,0,0,2,17,0,0,0,0,0,0,0,0,0,0,0,0,0,0,39,1,0
c:\Users\arthur.menezes_evolu\Desktop\Pes\MaterialViewPager\materialviewpager\src\main\java\com\github\florent37\materialviewpager\MaterialViewPagerAnimator.java,com.github.florent37.materialviewpager.MaterialViewPagerAnimator$Anonymous1,anonymous,2,2,0,2,1,1,0,3,0,0.0,NaN,NaN,1,0,1,0,0,0,1,0,0,0,0,0,0,0,0,0,0,0,1,12,0,0,0,0,0,0,0,3,0,2,0,0,0,0,11,-1,0
c:\Users\arthur.menezes_evolu\Desktop\Pes\MaterialViewPager\sample\src\main\java\com\github\florent37\materialviewpager\sample\TestRecyclerViewAdapter.java,com.github.florent37.materialviewpager.sample.TestRecyclerViewAdapter,class,6,8,2,6,10,1,0,5,2,0.46666667,0.0,0.0,5,0,5,0,0,0,5,0,0,0,3,2,0,0,0,3,2,0,0,47,6,0,0,0,0,0,3,6,0,4,1,2,0,0,31,1,0
c:\Users\arthur.menezes_evolu\Desktop\Pes\MaterialViewPager\materialviewpager\src\main\java\com\github\florent37\materialviewpager\MaterialViewPager.java,com.github.florent37.materialviewpager.MaterialViewPager,class,26,30,4,26,53,3,0,50,142,0.8846155,0.0,0.0,24,0,19,1,4,0,23,0,0,0,13,0,0,4,7,2,0,0,17,268,7,0,22,0,0,0,26,48,7,34,3,0,3,0,160,1,0
c:\Users\arthur.menezes_evolu\Desktop\Pes\MaterialViewPager\materialviewpager\src\main\java\com\github\florent37\materialviewpager\MaterialViewPagerSettings.java,com.github.florent37.materialviewpager.MaterialViewPagerSettings,class,6,9,3,6,13,1,0,18,4,0.51,0.0,0.0,5,0,3,1,0,1,4,0,0,0,20,1,1,0,0,19,1,0,3,133,1,0,4,1,0,0,23,38,0,21,3,1,0,0,82,1,0
c:\Users\arthur.menezes_evolu\Desktop\Pes\MaterialViewPager\materialviewpager\src\main\java\com\github\florent37\materialviewpager\header\MaterialViewPagerImageHelper.java,com.github.florent37.materialviewpager.header.MaterialViewPagerImageHelper,class,8,14,6,8,5,1,0,8,10,0.8,0.0,0.0,5,5,5,0,0,0,5,0,0,0,1,1,0,1,0,0,0,0,2,54,0,0,0,0,0,0,1,5,0,5,0,2,0,0,41,1,0
c:\Users\arthur.menezes_evolu\Desktop\Pes\MaterialViewPager\materialviewpager\src\main\java\com\github\florent37\materialviewpager\MaterialViewPager.java,com.github.florent37.materialviewpager.MaterialViewPager$Listener,interface,1,1,0,1,1,1,0,0,0,0.0,NaN,NaN,1,0,0,0,0,1,1,0,0,0,0,0,0,0,0,0,0,0,0,3,0,0,0,0,0,0,0,0,0,0,0,0,0,0,5,1,0
c:\Users\arthur.menezes_evolu\Desktop\Pes\MaterialViewPager\materialviewpager\src\main\java\com\github\florent37\materialviewpager\MaterialViewPagerHeader.java,com.github.florent37.materialviewpager.MaterialViewPagerHeader,class,5,8,3,5,14,1,0,7,58,0.923077,0.0,0.0,13,1,12,1,0,0,12,0,0,0,16,0,8,0,8,0,0,0,0,93,12,0,0,0,0,3,2,11,0,18,1,2,0,0,44,1,0
c:\Users\arthur.menezes_evolu\Desktop\Pes\MaterialViewPager\materialviewpager\src\main\java\com\github\florent37\materialviewpager\MaterialViewPager.java,com.github.florent37.materialviewpager.MaterialViewPager$OnImageLoadListener,interface,2,2,0,2,1,1,0,0,0,0.0,NaN,NaN,1,0,0,0,0,1,1,0,0,0,0,0,0,0,0,0,0,0,0,3,0,0,0,0,0,0,0,0,0,0,0,0,0,0,7,1,0
c:\Users\arthur.menezes_evolu\Desktop\Pes\MaterialViewPager\sample\src\main\java\com\github\florent37\materialviewpager\sample\MainActivity.java,com.github.florent37.materialviewpager.sample.MainActivity$Anonymous1,anonymous,2,2,0,2,7,1,0,1,3,0.0,0.0,0.0,3,0,3,0,0,0,3,0,0,0,0,0,0,0,0,0,0,0,1,24,7,0,0,0,0,5,7,0,2,0,1,0,0,0,9,-1,0
c:\Users\arthur.menezes_evolu\Desktop\Pes\MaterialViewPager\materialviewpager\src\main\java\com\github\florent37\materialviewpager\header\MaterialViewPagerImageHelper.java,com.github.florent37.materialviewpager.header.MaterialViewPagerImageHelper$Anonymous1$Anonymous2$Anonymous3,anonymous,0,0,0,0,0,1,0,0,0,0.0,-1.0,-1.0,0,0,0,0,0,0,0,0,0,0,0,0,0,0,0,0,0,0,0,2,0,0,0,0,0,0,0,0,0,0,0,0,0,0,0,-1,0
c:\Users\arthur.menezes_evolu\Desktop\Pes\MaterialViewPager\sample\src\main\java\com\github\florent37\materialviewpager\sample\MainActivity.java,com.github.florent37.materialviewpager.sample.MainActivity$Anonymous2,anonymous,1,1,0,1,5,1,0,1,0,0.0,NaN,NaN,1,0,1,0,0,0,1,0,0,0,0,0,0,0,0,0,0,0,4,15,5,0,0,0,0,4,4,0,0,0,1,0,0,0,22,-1,0
c:\Users\arthur.menezes_evolu\Desktop\Pes\MaterialViewPager\sample\src\main\java\com\github\florent37\materialviewpager\sample\MainActivity.java,com.github.florent37.materialviewpager.sample.MainActivity$Anonymous3,anonymous,2,2,0,2,1,1,0,4,0,0.0,NaN,NaN,1,0,1,0,0,0,1,0,0,0,0,0,0,0,0,0,0,0,0,6,0,0,0,0,0,1,0,0,0,0,0,0,0,0,10,-1,0
c:\Users\arthur.menezes_evolu\Desktop\Pes\MaterialViewPager\materialviewpager\src\main\java\com\github\florent37\materialviewpager\header\MaterialViewPagerImageHelper.java,com.github.florent37.materialviewpager.header.MaterialViewPagerImageHelper$Anonymous1$Anonymous2$Anonymous4,anonymous,4,4,0,4,2,1,0,4,0,0.0,NaN,NaN,1,0,1,0,0,0,1,0,0,0,0,0,0,0,0,0,0,0,1,8,0,0,1,0,1,0,0,0,0,0,1,0,0,0,13,-1,0
c:\Users\arthur.menezes_evolu\Desktop\Pes\MaterialViewPager\sample\src\main\java\com\github\florent37\materialviewpager\sample\TestRecyclerViewAdapter.java,com.github.florent37.materialviewpager.sample.TestRecyclerViewAdapter$Anonymous1,anonymous,0,0,0,0,0,1,0,0,0,0.0,-1.0,-1.0,0,0,0,0,0,0,0,0,0,0,0,0,0,0,0,0,0,0,0,2,0,0,0,0,0,0,0,0,0,0,0,0,0,0,0,-1,0
c:\Users\arthur.menezes_evolu\Desktop\Pes\MaterialViewPager\sample\src\main\java\com\github\florent37\materialviewpager\sample\TestRecyclerViewAdapter.java,com.github.florent37.materialviewpager.sample.TestRecyclerViewAdapter$Anonymous2,anonymous,0,0,0,0,0,1,0,0,0,0.0,-1.0,-1.0,0,0,0,0,0,0,0,0,0,0,0,0,0,0,0,0,0,0,0,2,0,0,0,0,0,0,0,0,0,0,0,0,0,0,0,-1,0
c:\Users\arthur.menezes_evolu\Desktop\Pes\MaterialViewPager\materialviewpager\src\main\java\com\github\florent37\materialviewpager\header\MaterialViewPagerImageHelper.java,com.github.florent37.materialviewpager.header.MaterialViewPagerImageHelper$Anonymous1,anonymous,3,3,0,3,1,1,0,8,0,0.0,NaN,NaN,1,0,1,0,0,0,1,0,0,0,0,0,0,0,0,0,0,0,0,25,0,0,0,0,0,0,0,0,0,0,0,1,0,0,11,-1,0
c:\Users\arthur.menezes_evolu\Desktop\Pes\MaterialViewPager\materialviewpager\src\main\java\com\github\florent37\materialviewpager\MaterialViewPager.java,com.github.florent37.materialviewpager.MaterialViewPager$SavedState$Anonymous1,anonymous,1,1,0,1,2,1,0,0,1,0.0,0.0,0.0,2,0,2,0,0,0,2,0,0,0,0,0,0,0,0,0,0,0,0,8,2,0,0,0,0,0,0,0,0,0,0,0,0,0,9,-1,0
c:\Users\arthur.menezes_evolu\Desktop\Pes\MaterialViewPager\materialviewpager\src\main\java\com\github\florent37\materialviewpager\header\MaterialViewPagerImageHelper.java,com.github.florent37.materialviewpager.header.MaterialViewPagerImageHelper$Anonymous5,anonymous,3,3,0,3,1,1,0,3,0,0.0,NaN,NaN,1,0,1,0,0,0,1,0,0,0,0,0,0,0,0,0,0,0,1,7,0,0,0,0,0,0,0,0,0,0,0,0,0,0,12,-1,0
c:\Users\arthur.menezes_evolu\Desktop\Pes\MaterialViewPager\materialviewpager\src\main\java\com\github\florent37\materialviewpager\MaterialViewPagerAnimator.java,com.github.florent37.materialviewpager.MaterialViewPagerAnimator,class,13,24,11,13,72,1,0,51,88,0.867647,0.0,0.0,20,0,3,11,0,6,9,0,0,0,17,3,2,14,0,1,5,0,16,332,8,1,29,0,8,9,41,40,26,28,4,8,0,0,166,1,0
c:\Users\arthur.menezes_evolu\Desktop\Pes\MaterialViewPager\sample\src\main\java\com\github\florent37\materialviewpager\sample\fragment\RecyclerViewFragment.java,com.github.florent37.materialviewpager.sample.fragment.RecyclerViewFragment,class,13,15,2,13,5,2,0,9,3,0.6666667,0.0,0.0,3,1,3,0,0,0,3,0,0,0,3,2,0,2,0,1,2,0,0,28,2,1,0,0,0,0,3,4,0,5,1,0,0,0,48,1,0
c:\Users\arthur.menezes_evolu\Desktop\Pes\MaterialViewPager\materialviewpager\src\main\java\com\github\florent37\materialviewpager\MaterialViewPagerHeader.java,com.github.florent37.materialviewpager.MaterialViewPagerHeader$Anonymous1,anonymous,1,1,0,1,1,1,0,3,0,0.0,NaN,NaN,1,0,1,0,0,0,1,0,0,0,0,0,0,0,0,0,0,0,1,7,1,0,0,0,0,0,1,1,0,0,0,0,0,0,10,-1,0
c:\Users\arthur.menezes_evolu\Desktop\Pes\MaterialViewPager\materialviewpager\src\main\java\com\github\florent37\materialviewpager\MaterialViewPagerHeader.java,com.github.florent37.materialviewpager.MaterialViewPagerHeader$Anonymous2,anonymous,1,1,0,1,1,1,0,10,0,0.0,NaN,NaN,1,0,1,0,0,0,1,0,0,0,0,0,0,0,0,0,0,0,2,15,1,0,0,0,4,0,9,7,12,0,0,0,0,0,16,-1,0
c:\Users\arthur.menezes_evolu\Desktop\Pes\MaterialViewPager\materialviewpager\src\main\java\com\github\florent37\materialviewpager\Utils.java,com.github.florent37.materialviewpager.Utils,class,9,17,8,9,26,1,0,25,45,0.0,0.0,0.0,10,10,2,0,0,8,10,0,0,0,0,0,0,0,0,0,0,0,3,89,10,4,6,0,2,0,7,18,4,16,3,0,0,0,72,1,0
c:\Users\arthur.menezes_evolu\Desktop\Pes\MaterialViewPager\sample\src\main\java\com\github\florent37\materialviewpager\sample\DrawerActivity.java,com.github.florent37.materialviewpager.sample.DrawerActivity,class,8,9,1,8,6,2,1,14,0,0.5,0.0,0.0,4,0,1,0,3,0,4,0,0,0,2,0,0,2,0,0,0,0,0,31,1,0,1,0,0,0,2,3,0,3,1,0,0,0,36,1,0
c:\Users\arthur.menezes_evolu\Desktop\Pes\MaterialViewPager\materialviewpager\src\main\java\com\github\florent37\materialviewpager\MaterialViewPager.java,com.github.florent37.materialviewpager.MaterialViewPager$SavedState,innerclass,4,4,0,4,3,2,0,6,1,0.5555556,0.0,0.0,3,0,1,1,0,1,2,0,0,0,3,1,3,0,0,0,1,0,0,26,0,0,0,0,0,0,0,3,0,3,0,1,0,0,23,8,0
