file,class,method,constructor,line,cbo,cboModified,fanin,fanout,wmc,rfc,loc,returnsQty,variablesQty,parametersQty,methodsInvokedQty,methodsInvokedLocalQty,methodsInvokedIndirectLocalQty,loopQty,comparisonsQty,tryCatchQty,parenthesizedExpsQty,stringLiteralsQty,numbersQty,assignmentsQty,mathOperationsQty,maxNestedBlocksQty,anonymousClassesQty,innerClassesQty,lambdasQty,uniqueWordsQty,modifiers,logStatementsQty,hasJavaDoc
c:\Users\arthur.menezes_evolu\Desktop\Pes\MaterialViewPager\materialviewpager\src\main\java\com\github\florent37\materialviewpager\MaterialViewPagerHelper.java,com.github.florent37.materialviewpager.MaterialViewPagerHelper,"registerRecyclerView/2[com.github.florent37.materialviewpager.Context,com.github.florent37.materialviewpager.RecyclerView]",false,45,3,2,1,1,4,3,8,0,1,2,3,0,0,0,2,0,0,0,0,1,0,2,0,0,0,29,9,0,true
c:\Users\arthur.menezes_evolu\Desktop\Pes\MaterialViewPager\materialviewpager\src\main\java\com\github\florent37\materialviewpager\MaterialViewPagerHelper.java,com.github.florent37.materialviewpager.MaterialViewPagerHelper,getAnimator/1[com.github.florent37.materialviewpager.Context],false,77,2,6,6,0,1,1,3,1,0,1,1,0,0,0,0,0,0,0,0,0,0,0,0,0,0,13,9,0,true
c:\Users\arthur.menezes_evolu\Desktop\Pes\MaterialViewPager\materialviewpager\src\main\java\com\github\florent37\materialviewpager\MaterialViewPagerHelper.java,com.github.florent37.materialviewpager.MaterialViewPagerHelper,"registerScrollView/2[com.github.florent37.materialviewpager.Context,com.github.florent37.materialviewpager.NestedScrollView]",false,62,3,2,1,1,4,3,8,0,1,2,3,0,0,0,2,0,0,0,0,1,0,2,0,0,0,31,9,0,true
c:\Users\arthur.menezes_evolu\Desktop\Pes\MaterialViewPager\materialviewpager\src\main\java\com\github\florent37\materialviewpager\MaterialViewPagerHelper.java,com.github.florent37.materialviewpager.MaterialViewPagerHelper,unregister/1[com.github.florent37.materialviewpager.Context],false,31,1,1,1,0,2,1,5,0,0,1,1,0,0,0,1,0,0,0,0,0,0,1,0,0,0,4,8,0,false
c:\Users\arthur.menezes_evolu\Desktop\Pes\MaterialViewPager\materialviewpager\src\main\java\com\github\florent37\materialviewpager\MaterialViewPagerHelper.java,com.github.florent37.materialviewpager.MaterialViewPagerHelper,"register/2[com.github.florent37.materialviewpager.Context,com.github.florent37.materialviewpager.MaterialViewPagerAnimator]",false,27,2,2,2,0,1,1,3,0,0,2,1,0,0,0,0,0,0,0,0,0,0,0,0,0,0,19,8,0,true
c:\Users\arthur.menezes_evolu\Desktop\Pes\MaterialViewPager\sample\src\main\java\com\github\florent37\materialviewpager\sample\MainActivity.java,com.github.florent37.materialviewpager.sample.MainActivity,onCreate/1[com.github.florent37.materialviewpager.sample.Bundle],false,30,6,5,0,5,3,17,63,0,2,1,17,0,0,0,2,0,0,1,0,2,0,1,3,0,0,58,4,0,false
c:\Users\arthur.menezes_evolu\Desktop\Pes\MaterialViewPager\materialviewpager\src\main\java\com\github\florent37\materialviewpager\MaterialViewPagerSettings.java,com.github.florent37.materialviewpager.MaterialViewPagerSettings$Anonymous1,newArray/1[int],false,26,1,0,0,0,1,0,3,1,0,1,0,0,0,0,0,0,0,0,0,0,0,0,0,0,0,3,1,0,false
c:\Users\arthur.menezes_evolu\Desktop\Pes\MaterialViewPager\materialviewpager\src\main\java\com\github\florent37\materialviewpager\MaterialViewPagerSettings.java,com.github.florent37.materialviewpager.MaterialViewPagerSettings$Anonymous1,createFromParcel/1[Parcel],false,22,1,0,0,0,1,0,3,1,0,1,0,0,0,0,0,0,0,0,0,0,0,0,0,0,0,8,1,0,false
c:\Users\arthur.menezes_evolu\Desktop\Pes\MaterialViewPager\materialviewpager\src\main\java\com\github\florent37\materialviewpager\MaterialViewPagerHeaderView.java,com.github.florent37.materialviewpager.MaterialViewPagerHeaderView$Anonymous1,onPreDraw/0,false,55,1,2,0,2,1,3,5,1,0,0,3,0,0,0,0,0,0,0,0,0,0,0,0,0,0,11,1,0,false
c:\Users\arthur.menezes_evolu\Desktop\Pes\MaterialViewPager\materialviewpager\src\main\java\com\github\florent37\materialviewpager\MaterialViewPagerHeaderView.java,com.github.florent37.materialviewpager.MaterialViewPagerHeaderView,MaterialViewPagerHeaderView/1[com.github.florent37.materialviewpager.Context],true,19,1,0,0,0,1,0,3,0,0,1,0,0,0,0,0,0,0,0,0,0,0,0,0,0,0,6,1,0,false
c:\Users\arthur.menezes_evolu\Desktop\Pes\MaterialViewPager\materialviewpager\src\main\java\com\github\florent37\materialviewpager\MaterialViewPagerHeaderView.java,com.github.florent37.materialviewpager.MaterialViewPagerHeaderView,onFinishInflate/0,false,50,1,0,0,0,2,4,13,0,0,0,4,0,0,0,0,0,0,0,0,0,0,1,1,0,0,17,4,0,false
c:\Users\arthur.menezes_evolu\Desktop\Pes\MaterialViewPager\materialviewpager\src\main\java\com\github\florent37\materialviewpager\MaterialViewPagerHeaderView.java,com.github.florent37.materialviewpager.MaterialViewPagerHeaderView,"MaterialViewPagerHeaderView/2[com.github.florent37.materialviewpager.Context,com.github.florent37.materialviewpager.AttributeSet]",true,23,2,0,0,0,1,0,3,0,0,2,0,0,0,0,0,0,0,0,0,0,0,0,0,0,0,6,1,0,false
c:\Users\arthur.menezes_evolu\Desktop\Pes\MaterialViewPager\materialviewpager\src\main\java\com\github\florent37\materialviewpager\MaterialViewPagerHeaderView.java,com.github.florent37.materialviewpager.MaterialViewPagerHeaderView,"MaterialViewPagerHeaderView/3[com.github.florent37.materialviewpager.Context,com.github.florent37.materialviewpager.AttributeSet,int]",true,27,2,0,0,0,1,0,3,0,0,3,0,0,0,0,0,0,0,0,0,0,0,0,0,0,0,8,1,0,false
c:\Users\arthur.menezes_evolu\Desktop\Pes\MaterialViewPager\materialviewpager\src\main\java\com\github\florent37\materialviewpager\MaterialViewPagerHeaderView.java,com.github.florent37.materialviewpager.MaterialViewPagerHeaderView,setMaterialHeight/0,false,36,4,4,1,3,2,7,8,0,2,0,7,0,0,0,1,0,0,0,1,3,1,1,0,0,0,13,2,0,false
c:\Users\arthur.menezes_evolu\Desktop\Pes\MaterialViewPager\materialviewpager\src\main\java\com\github\florent37\materialviewpager\MaterialViewPagerHeaderView.java,com.github.florent37.materialviewpager.MaterialViewPagerHeaderView,"MaterialViewPagerHeaderView/4[com.github.florent37.materialviewpager.Context,com.github.florent37.materialviewpager.AttributeSet,int,int]",true,32,3,0,0,0,1,0,3,0,0,4,0,0,0,0,0,0,0,0,0,0,0,0,0,0,0,8,1,0,false
c:\Users\arthur.menezes_evolu\Desktop\Pes\MaterialViewPager\sample\src\main\java\com\github\florent37\materialviewpager\sample\TestListViewAdapter.java,com.github.florent37.materialviewpager.sample.TestListViewAdapter,getItemViewType/1[int],false,24,0,1,1,0,2,0,8,2,0,1,0,0,0,0,0,0,0,0,1,0,0,1,0,0,0,16,1,0,false
c:\Users\arthur.menezes_evolu\Desktop\Pes\MaterialViewPager\sample\src\main\java\com\github\florent37\materialviewpager\sample\TestListViewAdapter.java,com.github.florent37.materialviewpager.sample.TestListViewAdapter,getViewTypeCount/0,false,34,0,0,0,0,1,0,3,1,0,0,0,0,0,0,0,0,0,0,1,0,0,0,0,0,0,4,1,0,false
c:\Users\arthur.menezes_evolu\Desktop\Pes\MaterialViewPager\sample\src\main\java\com\github\florent37\materialviewpager\sample\TestListViewAdapter.java,com.github.florent37.materialviewpager.sample.TestListViewAdapter,"TestListViewAdapter/2[com.github.florent37.materialviewpager.sample.Context,java.util.List<java.lang.Object>]",true,19,1,0,0,0,1,0,3,0,0,2,0,0,0,0,0,0,0,0,1,0,0,0,0,0,0,6,1,0,false
c:\Users\arthur.menezes_evolu\Desktop\Pes\MaterialViewPager\sample\src\main\java\com\github\florent37\materialviewpager\sample\TestListViewAdapter.java,com.github.florent37.materialviewpager.sample.TestListViewAdapter,"getView/3[int,com.github.florent37.materialviewpager.sample.View,com.github.florent37.materialviewpager.sample.ViewGroup]",false,39,3,1,0,1,4,4,17,1,0,3,4,1,1,0,1,0,0,0,0,2,0,2,0,0,0,8,1,0,false
c:\Users\arthur.menezes_evolu\Desktop\Pes\MaterialViewPager\materialviewpager\src\main\java\com\github\florent37\materialviewpager\MaterialViewPagerAnimator.java,com.github.florent37.materialviewpager.MaterialViewPagerAnimator$Anonymous7,run/0,false,397,1,5,0,5,2,2,5,0,0,0,2,0,0,0,0,0,0,0,0,0,0,1,0,0,0,6,1,0,false
c:\Users\arthur.menezes_evolu\Desktop\Pes\MaterialViewPager\materialviewpager\src\main\java\com\github\florent37\materialviewpager\header\MaterialViewPagerImageHelper.java,com.github.florent37.materialviewpager.header.MaterialViewPagerImageHelper$Anonymous1$Anonymous2,"onLoadFailed/4[com.github.florent37.materialviewpager.header.GlideException,java.lang.Object,com.github.florent37.materialviewpager.header.Target<com.github.florent37.materialviewpager.header.Drawable>,boolean]",false,52,3,0,0,0,1,0,3,1,0,4,0,0,0,0,0,0,0,0,0,0,0,0,0,0,0,9,1,0,false
c:\Users\arthur.menezes_evolu\Desktop\Pes\MaterialViewPager\materialviewpager\src\main\java\com\github\florent37\materialviewpager\header\MaterialViewPagerImageHelper.java,com.github.florent37.materialviewpager.header.MaterialViewPagerImageHelper$Anonymous1$Anonymous2,"onResourceReady/5[com.github.florent37.materialviewpager.header.Drawable,java.lang.Object,com.github.florent37.materialviewpager.header.Target<com.github.florent37.materialviewpager.header.Drawable>,com.github.florent37.materialviewpager.header.DataSource,boolean]",false,57,4,1,0,1,1,2,14,1,0,5,2,0,0,0,0,0,0,0,0,0,0,0,2,0,0,21,1,0,false
c:\Users\arthur.menezes_evolu\Desktop\Pes\MaterialViewPager\materialviewpager\src\main\java\com\github\florent37\materialviewpager\MaterialViewPagerAnimator.java,com.github.florent37.materialviewpager.MaterialViewPagerAnimator$Anonymous6,run/0,false,386,1,5,0,5,1,1,3,0,0,0,1,0,0,0,0,0,0,0,0,0,0,0,0,0,0,4,1,0,false
c:\Users\arthur.menezes_evolu\Desktop\Pes\MaterialViewPager\materialviewpager\src\main\java\com\github\florent37\materialviewpager\header\HeaderDesign.java,com.github.florent37.materialviewpager.header.HeaderDesign,"fromColorAndUrl/2[int,java.lang.String]",false,19,2,1,0,1,1,0,6,1,1,2,0,0,0,0,0,0,0,0,0,3,0,0,0,0,0,9,9,0,false
c:\Users\arthur.menezes_evolu\Desktop\Pes\MaterialViewPager\materialviewpager\src\main\java\com\github\florent37\materialviewpager\header\HeaderDesign.java,com.github.florent37.materialviewpager.header.HeaderDesign,"fromColorAndDrawable/2[int,com.github.florent37.materialviewpager.header.Drawable]",false,33,3,1,0,1,1,0,6,1,1,2,0,0,0,0,0,0,0,0,0,3,0,0,0,0,0,9,9,0,false
c:\Users\arthur.menezes_evolu\Desktop\Pes\MaterialViewPager\materialviewpager\src\main\java\com\github\florent37\materialviewpager\header\HeaderDesign.java,com.github.florent37.materialviewpager.header.HeaderDesign,getImageUrl/0,false,55,0,1,1,0,1,0,3,1,0,0,0,0,0,0,0,0,0,0,0,0,0,0,0,0,0,4,1,0,false
c:\Users\arthur.menezes_evolu\Desktop\Pes\MaterialViewPager\materialviewpager\src\main\java\com\github\florent37\materialviewpager\header\HeaderDesign.java,com.github.florent37.materialviewpager.header.HeaderDesign,getDrawable/0,false,59,1,1,1,0,1,0,3,1,0,0,0,0,0,0,0,0,0,0,0,0,0,0,0,0,0,3,1,0,false
c:\Users\arthur.menezes_evolu\Desktop\Pes\MaterialViewPager\materialviewpager\src\main\java\com\github\florent37\materialviewpager\header\HeaderDesign.java,com.github.florent37.materialviewpager.header.HeaderDesign,getColorRes/0,false,51,0,1,1,0,1,0,3,1,0,0,0,0,0,0,0,0,0,0,0,0,0,0,0,0,0,4,1,0,false
c:\Users\arthur.menezes_evolu\Desktop\Pes\MaterialViewPager\materialviewpager\src\main\java\com\github\florent37\materialviewpager\header\HeaderDesign.java,com.github.florent37.materialviewpager.header.HeaderDesign,"fromColorResAndDrawable/2[int,com.github.florent37.materialviewpager.header.Drawable]",false,40,3,1,0,1,1,0,6,1,1,2,0,0,0,0,0,0,0,0,0,3,0,0,0,0,0,10,9,0,false
c:\Users\arthur.menezes_evolu\Desktop\Pes\MaterialViewPager\materialviewpager\src\main\java\com\github\florent37\materialviewpager\header\HeaderDesign.java,com.github.florent37.materialviewpager.header.HeaderDesign,"fromColorResAndUrl/2[int,java.lang.String]",false,26,2,2,1,1,1,0,6,1,1,2,0,0,0,0,0,0,0,0,0,3,0,0,0,0,0,10,9,0,false
c:\Users\arthur.menezes_evolu\Desktop\Pes\MaterialViewPager\materialviewpager\src\main\java\com\github\florent37\materialviewpager\header\HeaderDesign.java,com.github.florent37.materialviewpager.header.HeaderDesign,getColor/0,false,47,0,1,1,0,1,0,3,1,0,0,0,0,0,0,0,0,0,0,0,0,0,0,0,0,0,3,1,0,false
c:\Users\arthur.menezes_evolu\Desktop\Pes\MaterialViewPager\materialviewpager\src\main\java\com\github\florent37\materialviewpager\header\HeaderDesign.java,com.github.florent37.materialviewpager.header.HeaderDesign,HeaderDesign/0,true,16,0,4,4,0,1,0,2,0,0,0,0,0,0,0,0,0,0,0,0,0,0,0,0,0,0,2,2,0,false
c:\Users\arthur.menezes_evolu\Desktop\Pes\MaterialViewPager\materialviewpager\src\main\java\com\github\florent37\materialviewpager\MaterialViewPagerAnimator.java,com.github.florent37.materialviewpager.MaterialViewPagerAnimator$Anonymous8,onAnimationEnd/1[android.animation.Animator],false,547,1,0,0,0,1,1,6,0,0,1,1,0,0,0,0,0,0,0,0,3,0,0,0,0,0,14,1,0,false
c:\Users\arthur.menezes_evolu\Desktop\Pes\MaterialViewPager\materialviewpager\src\main\java\com\github\florent37\materialviewpager\header\MaterialViewPagerHeaderDecorator.java,com.github.florent37.materialviewpager.header.MaterialViewPagerHeaderDecorator,"getItemOffsets/4[com.github.florent37.materialviewpager.header.Rect,com.github.florent37.materialviewpager.header.View,com.github.florent37.materialviewpager.header.RecyclerView,RecyclerView.State]",false,22,10,4,0,4,5,10,20,0,6,4,10,0,0,0,1,0,0,0,2,9,1,2,0,0,0,24,1,0,false
c:\Users\arthur.menezes_evolu\Desktop\Pes\MaterialViewPager\materialviewpager\src\main\java\com\github\florent37\materialviewpager\MaterialViewPagerAnimator.java,com.github.florent37.materialviewpager.MaterialViewPagerAnimator$Anonymous3,"onScrolled/3[com.github.florent37.materialviewpager.RecyclerView,int,int]",false,322,2,2,0,2,5,5,16,1,1,3,5,0,0,0,1,0,0,0,3,4,0,1,0,0,0,16,1,0,false
c:\Users\arthur.menezes_evolu\Desktop\Pes\MaterialViewPager\materialviewpager\src\main\java\com\github\florent37\materialviewpager\MaterialViewPagerAnimator.java,com.github.florent37.materialviewpager.MaterialViewPagerAnimator$Anonymous2,onAnimationUpdate/1[com.github.florent37.materialviewpager.ValueAnimator],false,255,2,2,0,2,1,2,3,0,0,1,2,0,0,0,0,0,0,0,0,0,0,0,0,0,0,9,1,0,false
c:\Users\arthur.menezes_evolu\Desktop\Pes\MaterialViewPager\materialviewpager\src\main\java\com\github\florent37\materialviewpager\MaterialViewPagerAnimator.java,com.github.florent37.materialviewpager.MaterialViewPagerAnimator$Anonymous5,"onScrollChange/5[com.github.florent37.materialviewpager.NestedScrollView,int,int,int,int]",false,370,2,2,0,2,4,2,9,1,0,5,2,0,0,0,1,0,0,0,1,1,0,1,0,0,0,17,1,0,false
c:\Users\arthur.menezes_evolu\Desktop\Pes\MaterialViewPager\materialviewpager\src\main\java\com\github\florent37\materialviewpager\MaterialViewPagerAnimator.java,com.github.florent37.materialviewpager.MaterialViewPagerAnimator$Anonymous4,run/0,false,347,1,5,0,5,1,1,3,0,0,0,1,0,0,0,0,0,0,0,0,0,0,0,0,0,0,4,1,0,false
c:\Users\arthur.menezes_evolu\Desktop\Pes\MaterialViewPager\sample\src\main\java\com\github\florent37\materialviewpager\sample\fragment\ScrollFragment.java,com.github.florent37.materialviewpager.sample.fragment.ScrollFragment,newInstance/0,false,26,1,1,0,1,1,0,3,1,0,0,0,0,0,0,0,0,0,0,0,0,0,0,0,0,0,4,9,0,false
c:\Users\arthur.menezes_evolu\Desktop\Pes\MaterialViewPager\sample\src\main\java\com\github\florent37\materialviewpager\sample\fragment\ScrollFragment.java,com.github.florent37.materialviewpager.sample.fragment.ScrollFragment,"onViewCreated/2[com.github.florent37.materialviewpager.sample.fragment.View,com.github.florent37.materialviewpager.sample.fragment.Bundle]",false,36,4,1,0,1,1,4,5,0,0,2,4,0,0,0,0,0,0,0,0,0,0,0,0,0,0,9,1,0,false
c:\Users\arthur.menezes_evolu\Desktop\Pes\MaterialViewPager\sample\src\main\java\com\github\florent37\materialviewpager\sample\fragment\ScrollFragment.java,com.github.florent37.materialviewpager.sample.fragment.ScrollFragment,"onCreateView/3[com.github.florent37.materialviewpager.sample.fragment.LayoutInflater,com.github.florent37.materialviewpager.sample.fragment.ViewGroup,com.github.florent37.materialviewpager.sample.fragment.Bundle]",false,31,5,0,0,0,1,1,3,1,0,3,1,0,0,0,0,0,0,0,0,0,0,0,0,0,0,10,1,0,false
c:\Users\arthur.menezes_evolu\Desktop\Pes\MaterialViewPager\materialviewpager\src\main\java\com\github\florent37\materialviewpager\header\MaterialViewPagerKenBurnsHeader.java,com.github.florent37.materialviewpager.header.MaterialViewPagerKenBurnsHeader,"setImageUrl/2[java.lang.String,int]",false,39,1,1,0,1,1,1,3,0,0,2,1,0,0,0,0,0,0,0,0,0,0,0,0,0,0,16,1,0,true
c:\Users\arthur.menezes_evolu\Desktop\Pes\MaterialViewPager\materialviewpager\src\main\java\com\github\florent37\materialviewpager\header\MaterialViewPagerKenBurnsHeader.java,com.github.florent37.materialviewpager.header.MaterialViewPagerKenBurnsHeader,"MaterialViewPagerKenBurnsHeader/2[com.github.florent37.materialviewpager.header.Context,com.github.florent37.materialviewpager.header.AttributeSet]",true,23,2,0,0,0,1,0,3,0,0,2,0,0,0,0,0,0,0,0,0,0,0,0,0,0,0,8,1,0,false
c:\Users\arthur.menezes_evolu\Desktop\Pes\MaterialViewPager\materialviewpager\src\main\java\com\github\florent37\materialviewpager\header\MaterialViewPagerKenBurnsHeader.java,com.github.florent37.materialviewpager.header.MaterialViewPagerKenBurnsHeader,"setImageDrawable/2[com.github.florent37.materialviewpager.header.Drawable,int]",false,49,2,1,0,1,1,1,3,0,0,2,1,0,0,0,0,0,0,0,0,0,0,0,0,0,0,11,1,0,true
c:\Users\arthur.menezes_evolu\Desktop\Pes\MaterialViewPager\materialviewpager\src\main\java\com\github\florent37\materialviewpager\header\MaterialViewPagerKenBurnsHeader.java,com.github.florent37.materialviewpager.header.MaterialViewPagerKenBurnsHeader,"MaterialViewPagerKenBurnsHeader/3[com.github.florent37.materialviewpager.header.Context,com.github.florent37.materialviewpager.header.AttributeSet,int]",true,27,2,0,0,0,1,0,3,0,0,3,0,0,0,0,0,0,0,0,0,0,0,0,0,0,0,9,1,0,false
c:\Users\arthur.menezes_evolu\Desktop\Pes\MaterialViewPager\materialviewpager\src\main\java\com\github\florent37\materialviewpager\header\MaterialViewPagerKenBurnsHeader.java,com.github.florent37.materialviewpager.header.MaterialViewPagerKenBurnsHeader,MaterialViewPagerKenBurnsHeader/1[com.github.florent37.materialviewpager.header.Context],true,19,1,0,0,0,1,0,3,0,0,1,0,0,0,0,0,0,0,0,0,0,0,0,0,0,0,8,1,0,false
c:\Users\arthur.menezes_evolu\Desktop\Pes\MaterialViewPager\materialviewpager\src\main\java\com\github\florent37\materialviewpager\header\MaterialViewPagerImageHeader.java,com.github.florent37.materialviewpager.header.MaterialViewPagerImageHeader,"MaterialViewPagerImageHeader/2[com.github.florent37.materialviewpager.header.Context,com.github.florent37.materialviewpager.header.AttributeSet]",true,23,2,0,0,0,1,0,3,0,0,2,0,0,0,0,0,0,0,0,0,0,0,0,0,0,0,7,1,0,false
c:\Users\arthur.menezes_evolu\Desktop\Pes\MaterialViewPager\materialviewpager\src\main\java\com\github\florent37\materialviewpager\header\MaterialViewPagerImageHeader.java,com.github.florent37.materialviewpager.header.MaterialViewPagerImageHeader,"setImageUrl/2[java.lang.String,int]",false,39,1,1,0,1,1,1,3,0,0,2,1,0,0,0,0,0,0,0,0,0,0,0,0,0,0,16,1,0,true
c:\Users\arthur.menezes_evolu\Desktop\Pes\MaterialViewPager\materialviewpager\src\main\java\com\github\florent37\materialviewpager\header\MaterialViewPagerImageHeader.java,com.github.florent37.materialviewpager.header.MaterialViewPagerImageHeader,MaterialViewPagerImageHeader/1[com.github.florent37.materialviewpager.header.Context],true,19,1,0,0,0,1,0,3,0,0,1,0,0,0,0,0,0,0,0,0,0,0,0,0,0,0,7,1,0,false
c:\Users\arthur.menezes_evolu\Desktop\Pes\MaterialViewPager\materialviewpager\src\main\java\com\github\florent37\materialviewpager\header\MaterialViewPagerImageHeader.java,com.github.florent37.materialviewpager.header.MaterialViewPagerImageHeader,"setImageDrawable/2[com.github.florent37.materialviewpager.header.Drawable,int]",false,49,2,1,0,1,1,1,3,0,0,2,1,0,0,0,0,0,0,0,0,0,0,0,0,0,0,11,1,0,true
c:\Users\arthur.menezes_evolu\Desktop\Pes\MaterialViewPager\materialviewpager\src\main\java\com\github\florent37\materialviewpager\header\MaterialViewPagerImageHeader.java,com.github.florent37.materialviewpager.header.MaterialViewPagerImageHeader,"MaterialViewPagerImageHeader/3[com.github.florent37.materialviewpager.header.Context,com.github.florent37.materialviewpager.header.AttributeSet,int]",true,27,2,0,0,0,1,0,3,0,0,3,0,0,0,0,0,0,0,0,0,0,0,0,0,0,0,8,1,0,false
c:\Users\arthur.menezes_evolu\Desktop\Pes\MaterialViewPager\materialviewpager\src\main\java\com\github\florent37\materialviewpager\MaterialViewPagerAnimator.java,com.github.florent37.materialviewpager.MaterialViewPagerAnimator$Anonymous1,onAnimationUpdate/1[com.github.florent37.materialviewpager.ValueAnimator],false,235,2,2,0,2,1,3,10,0,2,1,3,0,0,0,0,0,0,0,0,3,0,0,0,0,0,11,1,0,false
c:\Users\arthur.menezes_evolu\Desktop\Pes\MaterialViewPager\sample\src\main\java\com\github\florent37\materialviewpager\sample\TestRecyclerViewAdapter.java,com.github.florent37.materialviewpager.sample.TestRecyclerViewAdapter,getItemViewType/1[int],false,25,0,1,1,0,2,0,8,2,0,1,0,0,0,0,0,0,0,0,1,0,0,1,0,0,0,16,1,0,false
c:\Users\arthur.menezes_evolu\Desktop\Pes\MaterialViewPager\sample\src\main\java\com\github\florent37\materialviewpager\sample\TestRecyclerViewAdapter.java,com.github.florent37.materialviewpager.sample.TestRecyclerViewAdapter,"onCreateViewHolder/2[com.github.florent37.materialviewpager.sample.ViewGroup,int]",false,40,5,0,0,0,3,3,20,3,1,2,3,0,0,0,0,0,0,0,0,3,0,1,2,0,0,8,1,0,false
c:\Users\arthur.menezes_evolu\Desktop\Pes\MaterialViewPager\sample\src\main\java\com\github\florent37\materialviewpager\sample\TestRecyclerViewAdapter.java,com.github.florent37.materialviewpager.sample.TestRecyclerViewAdapter,getItemCount/0,false,35,0,0,0,0,1,1,3,1,0,0,1,0,0,0,0,0,0,0,0,0,0,0,0,0,0,3,1,0,false
c:\Users\arthur.menezes_evolu\Desktop\Pes\MaterialViewPager\sample\src\main\java\com\github\florent37\materialviewpager\sample\TestRecyclerViewAdapter.java,com.github.florent37.materialviewpager.sample.TestRecyclerViewAdapter,"onBindViewHolder/2[RecyclerView.ViewHolder,int]",false,62,2,1,0,1,3,1,8,0,0,2,1,1,1,0,0,0,0,0,0,0,0,1,0,0,0,8,1,0,false
c:\Users\arthur.menezes_evolu\Desktop\Pes\MaterialViewPager\sample\src\main\java\com\github\florent37\materialviewpager\sample\TestRecyclerViewAdapter.java,com.github.florent37.materialviewpager.sample.TestRecyclerViewAdapter,TestRecyclerViewAdapter/1[java.util.List<java.lang.Object>],true,20,0,1,1,0,1,0,3,0,0,1,0,0,0,0,0,0,0,0,0,1,0,0,0,0,0,5,1,0,false
c:\Users\arthur.menezes_evolu\Desktop\Pes\MaterialViewPager\materialviewpager\src\main\java\com\github\florent37\materialviewpager\MaterialViewPager.java,com.github.florent37.materialviewpager.MaterialViewPager,getPagerTitleStrip/0,false,144,1,1,1,0,1,1,3,1,0,0,1,0,0,0,0,0,0,0,0,0,0,0,0,0,0,10,1,0,true
c:\Users\arthur.menezes_evolu\Desktop\Pes\MaterialViewPager\materialviewpager\src\main\java\com\github\florent37\materialviewpager\MaterialViewPager.java,com.github.florent37.materialviewpager.MaterialViewPager,onPageSelected/1[int],false,254,3,10,2,8,6,11,22,2,3,1,11,3,3,0,5,0,0,0,2,5,0,1,0,0,0,21,1,0,false
c:\Users\arthur.menezes_evolu\Desktop\Pes\MaterialViewPager\materialviewpager\src\main\java\com\github\florent37\materialviewpager\MaterialViewPager.java,com.github.florent37.materialviewpager.MaterialViewPager,getHeaderBackgroundContainer/0,false,228,1,0,0,0,1,0,3,1,0,0,0,0,0,0,0,0,0,0,0,0,0,0,0,0,0,7,1,0,false
c:\Users\arthur.menezes_evolu\Desktop\Pes\MaterialViewPager\materialviewpager\src\main\java\com\github\florent37\materialviewpager\MaterialViewPager.java,com.github.florent37.materialviewpager.MaterialViewPager,onRestoreInstanceState/1[com.github.florent37.materialviewpager.Parcelable],false,100,4,3,0,3,2,7,11,0,2,1,7,0,0,0,1,0,0,0,1,3,1,1,0,0,0,18,4,0,false
c:\Users\arthur.menezes_evolu\Desktop\Pes\MaterialViewPager\materialviewpager\src\main\java\com\github\florent37\materialviewpager\MaterialViewPager.java,com.github.florent37.materialviewpager.MaterialViewPager,"setImageUrl/2[java.lang.String,int]",false,168,3,4,2,2,3,4,10,0,1,2,4,1,1,0,2,0,0,0,0,1,0,2,0,0,0,25,1,0,true
c:\Users\arthur.menezes_evolu\Desktop\Pes\MaterialViewPager\materialviewpager\src\main\java\com\github\florent37\materialviewpager\MaterialViewPager.java,com.github.florent37.materialviewpager.MaterialViewPager,getToolbar/0,false,153,1,1,1,0,1,0,3,1,0,0,0,0,0,0,0,0,0,0,0,0,0,0,0,0,0,7,1,0,true
c:\Users\arthur.menezes_evolu\Desktop\Pes\MaterialViewPager\materialviewpager\src\main\java\com\github\florent37\materialviewpager\MaterialViewPager.java,com.github.florent37.materialviewpager.MaterialViewPager,"MaterialViewPager/3[com.github.florent37.materialviewpager.Context,com.github.florent37.materialviewpager.AttributeSet,int]",true,86,3,1,0,1,1,1,4,0,0,3,1,0,0,0,0,0,0,0,0,0,0,0,0,0,0,7,1,0,false
c:\Users\arthur.menezes_evolu\Desktop\Pes\MaterialViewPager\materialviewpager\src\main\java\com\github\florent37\materialviewpager\MaterialViewPager.java,com.github.florent37.materialviewpager.MaterialViewPager,"onPageScrolled/3[int,float,int]",false,233,1,1,0,1,4,1,13,0,0,3,1,1,4,0,1,0,0,0,4,0,2,2,0,0,0,10,1,0,false
c:\Users\arthur.menezes_evolu\Desktop\Pes\MaterialViewPager\materialviewpager\src\main\java\com\github\florent37\materialviewpager\MaterialViewPager.java,com.github.florent37.materialviewpager.MaterialViewPager,onDetachedFromWindow/0,false,294,1,1,0,1,1,3,5,0,0,0,3,0,0,0,0,0,0,0,0,1,0,0,0,0,0,8,4,0,false
c:\Users\arthur.menezes_evolu\Desktop\Pes\MaterialViewPager\materialviewpager\src\main\java\com\github\florent37\materialviewpager\MaterialViewPager.java,com.github.florent37.materialviewpager.MaterialViewPager,"MaterialViewPager/4[com.github.florent37.materialviewpager.Context,com.github.florent37.materialviewpager.AttributeSet,int,int]",true,94,4,1,0,1,1,1,4,0,0,4,1,0,0,0,0,0,0,0,0,0,0,0,0,0,0,7,1,0,false
c:\Users\arthur.menezes_evolu\Desktop\Pes\MaterialViewPager\materialviewpager\src\main\java\com\github\florent37\materialviewpager\MaterialViewPager.java,com.github.florent37.materialviewpager.MaterialViewPager,setMaterialViewPagerListener/1[com.github.florent37.materialviewpager.MaterialViewPager.Listener],false,289,1,1,1,0,1,0,3,0,0,1,0,0,0,0,0,0,0,0,0,1,0,0,0,0,0,6,1,0,false
c:\Users\arthur.menezes_evolu\Desktop\Pes\MaterialViewPager\materialviewpager\src\main\java\com\github\florent37\materialviewpager\MaterialViewPager.java,com.github.florent37.materialviewpager.MaterialViewPager,onFinishInflate/0,false,301,11,5,0,5,10,23,62,0,6,0,23,1,1,0,5,0,0,0,12,18,1,3,0,0,0,48,4,0,false
c:\Users\arthur.menezes_evolu\Desktop\Pes\MaterialViewPager\materialviewpager\src\main\java\com\github\florent37\materialviewpager\MaterialViewPager.java,com.github.florent37.materialviewpager.MaterialViewPager,setImageHeaderDarkLayerAlpha/0,false,210,1,2,2,0,2,5,7,0,1,0,5,0,0,0,1,0,0,0,0,1,0,1,0,0,0,23,1,0,true
c:\Users\arthur.menezes_evolu\Desktop\Pes\MaterialViewPager\materialviewpager\src\main\java\com\github\florent37\materialviewpager\MaterialViewPager.java,com.github.florent37.materialviewpager.MaterialViewPager,initialiseHeights/0,false,394,3,2,1,1,4,6,19,0,4,0,6,0,0,0,3,0,0,0,4,6,2,1,0,0,0,15,2,0,false
c:\Users\arthur.menezes_evolu\Desktop\Pes\MaterialViewPager\materialviewpager\src\main\java\com\github\florent37\materialviewpager\MaterialViewPager.java,com.github.florent37.materialviewpager.MaterialViewPager,onSaveInstanceState/0,false,117,3,2,0,2,1,3,7,1,2,0,3,0,0,0,0,0,0,0,0,4,0,0,0,0,0,10,4,0,false
c:\Users\arthur.menezes_evolu\Desktop\Pes\MaterialViewPager\materialviewpager\src\main\java\com\github\florent37\materialviewpager\MaterialViewPager.java,com.github.florent37.materialviewpager.MaterialViewPager,getViewPager/0,false,135,1,1,1,0,1,0,3,1,0,0,0,0,0,0,0,0,0,0,0,0,0,0,0,0,0,17,1,0,true
c:\Users\arthur.menezes_evolu\Desktop\Pes\MaterialViewPager\materialviewpager\src\main\java\com\github\florent37\materialviewpager\MaterialViewPager.java,com.github.florent37.materialviewpager.MaterialViewPager,"setColor/2[int,int]",false,222,1,2,1,1,2,3,5,0,0,2,3,0,0,0,1,0,0,0,1,0,1,1,0,0,0,11,1,0,true
c:\Users\arthur.menezes_evolu\Desktop\Pes\MaterialViewPager\materialviewpager\src\main\java\com\github\florent37\materialviewpager\MaterialViewPager.java,com.github.florent37.materialviewpager.MaterialViewPager,onPageScrollStateChanged/1[int],false,282,1,1,0,1,2,3,6,0,0,1,3,0,0,0,0,0,0,0,0,1,0,1,0,0,0,10,1,0,false
c:\Users\arthur.menezes_evolu\Desktop\Pes\MaterialViewPager\materialviewpager\src\main\java\com\github\florent37\materialviewpager\MaterialViewPager.java,com.github.florent37.materialviewpager.MaterialViewPager,notifyHeaderChanged/0,false,245,1,2,1,1,1,1,5,0,1,0,1,1,4,0,0,0,0,0,1,2,0,0,0,0,0,9,1,0,false
c:\Users\arthur.menezes_evolu\Desktop\Pes\MaterialViewPager\materialviewpager\src\main\java\com\github\florent37\materialviewpager\MaterialViewPager.java,com.github.florent37.materialviewpager.MaterialViewPager,setToolbar/1[com.github.florent37.materialviewpager.Toolbar],false,160,1,0,0,0,1,0,3,0,0,1,0,0,0,0,0,0,0,0,0,1,0,0,0,0,0,7,1,0,true
c:\Users\arthur.menezes_evolu\Desktop\Pes\MaterialViewPager\materialviewpager\src\main\java\com\github\florent37\materialviewpager\MaterialViewPager.java,com.github.florent37.materialviewpager.MaterialViewPager,"setImageUrl/3[java.lang.String,int,com.github.florent37.materialviewpager.MaterialViewPager.OnImageLoadListener]",false,184,3,2,0,2,2,2,6,0,0,3,2,1,2,0,1,0,0,0,0,0,0,1,0,0,0,20,1,0,true
c:\Users\arthur.menezes_evolu\Desktop\Pes\MaterialViewPager\materialviewpager\src\main\java\com\github\florent37\materialviewpager\MaterialViewPager.java,com.github.florent37.materialviewpager.MaterialViewPager,MaterialViewPager/1[com.github.florent37.materialviewpager.Context],true,77,1,0,0,0,1,0,3,0,0,1,0,0,0,0,0,0,0,0,0,0,0,0,0,0,0,5,1,0,false
c:\Users\arthur.menezes_evolu\Desktop\Pes\MaterialViewPager\materialviewpager\src\main\java\com\github\florent37\materialviewpager\MaterialViewPager.java,com.github.florent37.materialviewpager.MaterialViewPager,"MaterialViewPager/2[com.github.florent37.materialviewpager.Context,com.github.florent37.materialviewpager.AttributeSet]",true,81,3,1,0,1,1,1,4,0,0,2,1,0,0,0,0,0,0,0,0,0,0,0,0,0,0,5,1,0,false
c:\Users\arthur.menezes_evolu\Desktop\Pes\MaterialViewPager\materialviewpager\src\main\java\com\github\florent37\materialviewpager\MaterialViewPager.java,com.github.florent37.materialviewpager.MaterialViewPager,"setImageDrawable/2[com.github.florent37.materialviewpager.Drawable,int]",false,195,4,3,1,2,3,4,10,0,1,2,4,1,1,0,2,0,0,0,0,1,0,2,0,0,0,26,1,0,true
c:\Users\arthur.menezes_evolu\Desktop\Pes\MaterialViewPager\materialviewpager\src\main\java\com\github\florent37\materialviewpager\MaterialViewPagerSettings.java,com.github.florent37.materialviewpager.MaterialViewPagerSettings,describeContents/0,false,74,0,0,0,0,1,0,3,1,0,0,0,0,0,0,0,0,0,0,1,0,0,0,0,0,0,2,1,0,false
c:\Users\arthur.menezes_evolu\Desktop\Pes\MaterialViewPager\materialviewpager\src\main\java\com\github\florent37\materialviewpager\MaterialViewPagerSettings.java,com.github.florent37.materialviewpager.MaterialViewPagerSettings,MaterialViewPagerSettings/0,true,52,0,0,0,0,1,0,2,0,0,0,0,0,0,0,0,0,0,0,0,0,0,0,0,0,0,4,1,0,false
c:\Users\arthur.menezes_evolu\Desktop\Pes\MaterialViewPager\materialviewpager\src\main\java\com\github\florent37\materialviewpager\MaterialViewPagerSettings.java,com.github.florent37.materialviewpager.MaterialViewPagerSettings,"handleAttributes/2[com.github.florent37.materialviewpager.Context,com.github.florent37.materialviewpager.AttributeSet]",false,103,4,4,3,1,3,12,64,0,1,2,12,0,0,0,1,1,0,0,13,22,0,3,0,0,0,58,0,0,true
c:\Users\arthur.menezes_evolu\Desktop\Pes\MaterialViewPager\materialviewpager\src\main\java\com\github\florent37\materialviewpager\MaterialViewPagerSettings.java,com.github.florent37.materialviewpager.MaterialViewPagerSettings,MaterialViewPagerSettings/1[com.github.florent37.materialviewpager.Parcel],true,55,1,0,0,0,4,3,17,0,0,1,3,0,0,0,3,0,0,0,3,15,0,0,0,0,0,6,2,0,false
c:\Users\arthur.menezes_evolu\Desktop\Pes\MaterialViewPager\materialviewpager\src\main\java\com\github\florent37\materialviewpager\MaterialViewPagerSettings.java,com.github.florent37.materialviewpager.MaterialViewPagerSettings,"writeToParcel/2[com.github.florent37.materialviewpager.Parcel,int]",false,79,1,0,0,0,4,3,17,0,0,2,3,0,0,0,0,0,0,0,6,0,0,0,0,0,0,13,1,0,false
c:\Users\arthur.menezes_evolu\Desktop\Pes\MaterialViewPager\materialviewpager\src\main\java\com\github\florent37\materialviewpager\header\MaterialViewPagerImageHelper.java,com.github.florent37.materialviewpager.header.MaterialViewPagerImageHelper,"setImageDrawable/3[com.github.florent37.materialviewpager.header.ImageView,com.github.florent37.materialviewpager.header.Drawable,int]",false,103,4,4,3,1,1,2,12,0,2,3,2,1,1,0,0,0,0,0,0,2,0,0,1,0,0,25,9,0,true
c:\Users\arthur.menezes_evolu\Desktop\Pes\MaterialViewPager\materialviewpager\src\main\java\com\github\florent37\materialviewpager\header\MaterialViewPagerImageHelper.java,com.github.florent37.materialviewpager.header.MaterialViewPagerImageHelper,setImageLoadListener/1[com.github.florent37.materialviewpager.MaterialViewPager.OnImageLoadListener],false,121,1,1,1,0,1,0,3,0,0,1,0,0,0,0,0,0,0,0,0,1,0,0,0,0,0,5,9,0,false
c:\Users\arthur.menezes_evolu\Desktop\Pes\MaterialViewPager\materialviewpager\src\main\java\com\github\florent37\materialviewpager\header\MaterialViewPagerImageHelper.java,com.github.florent37.materialviewpager.header.MaterialViewPagerImageHelper,"fadeIn/4[com.github.florent37.materialviewpager.header.View,float,int,com.github.florent37.materialviewpager.header.ViewPropertyAnimatorListenerAdapter]",false,87,3,2,2,0,1,6,3,0,0,4,6,0,0,0,0,0,0,0,0,0,0,0,0,0,0,9,9,0,false
c:\Users\arthur.menezes_evolu\Desktop\Pes\MaterialViewPager\materialviewpager\src\main\java\com\github\florent37\materialviewpager\header\MaterialViewPagerImageHelper.java,com.github.florent37.materialviewpager.header.MaterialViewPagerImageHelper,"fadeOut/3[com.github.florent37.materialviewpager.header.View,int,com.github.florent37.materialviewpager.header.ViewPropertyAnimatorListenerAdapter]",false,77,3,2,2,0,1,6,3,0,0,3,6,0,0,0,0,0,0,0,1,0,0,0,0,0,0,8,9,0,false
c:\Users\arthur.menezes_evolu\Desktop\Pes\MaterialViewPager\materialviewpager\src\main\java\com\github\florent37\materialviewpager\header\MaterialViewPagerImageHelper.java,com.github.florent37.materialviewpager.header.MaterialViewPagerImageHelper,"setImageUrl/3[com.github.florent37.materialviewpager.header.ImageView,java.lang.String,int]",false,37,3,4,3,1,1,2,30,0,2,3,2,1,1,0,0,0,0,0,0,2,0,0,1,0,0,50,9,0,true
c:\Users\arthur.menezes_evolu\Desktop\Pes\MaterialViewPager\materialviewpager\src\main\java\com\github\florent37\materialviewpager\MaterialViewPager.java,com.github.florent37.materialviewpager.MaterialViewPager$Listener,getHeaderDesign/1[int],false,416,1,1,1,0,1,0,1,0,0,1,0,0,0,0,0,0,0,0,0,0,0,0,0,0,0,4,0,0,false
c:\Users\arthur.menezes_evolu\Desktop\Pes\MaterialViewPager\materialviewpager\src\main\java\com\github\florent37\materialviewpager\MaterialViewPagerHeader.java,com.github.florent37.materialviewpager.MaterialViewPagerHeader,getToolbar/0,false,130,1,1,1,0,1,0,3,1,0,0,0,0,0,0,0,0,0,0,0,0,0,0,0,0,0,3,1,0,false
c:\Users\arthur.menezes_evolu\Desktop\Pes\MaterialViewPager\materialviewpager\src\main\java\com\github\florent37\materialviewpager\MaterialViewPagerHeader.java,com.github.florent37.materialviewpager.MaterialViewPagerHeader,withToolbarLayoutBackground/1[com.github.florent37.materialviewpager.View],false,83,2,0,0,0,1,0,4,1,0,1,0,0,0,0,0,0,0,0,0,1,0,0,0,0,0,9,1,0,false
c:\Users\arthur.menezes_evolu\Desktop\Pes\MaterialViewPager\materialviewpager\src\main\java\com\github\florent37\materialviewpager\MaterialViewPagerHeader.java,com.github.florent37.materialviewpager.MaterialViewPagerHeader,withPagerSlidingTabStrip/1[com.github.florent37.materialviewpager.View],false,57,3,0,0,0,1,2,12,1,0,1,2,0,0,0,0,0,0,0,0,1,0,0,1,0,0,19,1,0,false
c:\Users\arthur.menezes_evolu\Desktop\Pes\MaterialViewPager\materialviewpager\src\main\java\com\github\florent37\materialviewpager\MaterialViewPagerHeader.java,com.github.florent37.materialviewpager.MaterialViewPagerHeader,getStatusBackground/0,false,138,1,0,0,0,1,0,3,1,0,0,0,0,0,0,0,0,0,0,0,0,0,0,0,0,0,5,1,0,false
c:\Users\arthur.menezes_evolu\Desktop\Pes\MaterialViewPager\materialviewpager\src\main\java\com\github\florent37\materialviewpager\MaterialViewPagerHeader.java,com.github.florent37.materialviewpager.MaterialViewPagerHeader,withLogo/1[com.github.florent37.materialviewpager.View],false,97,3,0,0,0,1,2,20,1,0,1,2,0,0,0,0,0,0,0,0,1,0,0,1,0,0,22,1,0,false
c:\Users\arthur.menezes_evolu\Desktop\Pes\MaterialViewPager\materialviewpager\src\main\java\com\github\florent37\materialviewpager\MaterialViewPagerHeader.java,com.github.florent37.materialviewpager.MaterialViewPagerHeader,withHeaderBackground/1[com.github.florent37.materialviewpager.View],false,73,2,0,0,0,1,0,4,1,0,1,0,0,0,0,0,0,0,0,0,1,0,0,0,0,0,7,1,0,false
c:\Users\arthur.menezes_evolu\Desktop\Pes\MaterialViewPager\materialviewpager\src\main\java\com\github\florent37\materialviewpager\MaterialViewPagerHeader.java,com.github.florent37.materialviewpager.MaterialViewPagerHeader,getContext/0,false,53,1,1,1,0,1,0,3,1,0,0,0,0,0,0,0,0,0,0,0,0,0,0,0,0,0,3,1,0,false
c:\Users\arthur.menezes_evolu\Desktop\Pes\MaterialViewPager\materialviewpager\src\main\java\com\github\florent37\materialviewpager\MaterialViewPagerHeader.java,com.github.florent37.materialviewpager.MaterialViewPagerHeader,getStatusBarHeight/1[com.github.florent37.materialviewpager.Context],false,88,1,0,0,0,2,3,8,1,2,1,3,0,0,0,0,0,0,3,2,3,0,1,0,0,0,9,1,0,false
c:\Users\arthur.menezes_evolu\Desktop\Pes\MaterialViewPager\materialviewpager\src\main\java\com\github\florent37\materialviewpager\MaterialViewPagerHeader.java,com.github.florent37.materialviewpager.MaterialViewPagerHeader,withToolbar/1[com.github.florent37.materialviewpager.Toolbar],false,49,2,2,1,1,1,0,3,1,0,1,0,0,0,0,0,0,0,0,0,0,0,0,0,0,0,7,9,0,false
c:\Users\arthur.menezes_evolu\Desktop\Pes\MaterialViewPager\materialviewpager\src\main\java\com\github\florent37\materialviewpager\MaterialViewPagerHeader.java,com.github.florent37.materialviewpager.MaterialViewPagerHeader,getHeaderBackground/0,false,134,1,0,0,0,1,0,3,1,0,0,0,0,0,0,0,0,0,0,0,0,0,0,0,0,0,5,1,0,false
c:\Users\arthur.menezes_evolu\Desktop\Pes\MaterialViewPager\materialviewpager\src\main\java\com\github\florent37\materialviewpager\MaterialViewPagerHeader.java,com.github.florent37.materialviewpager.MaterialViewPagerHeader,MaterialViewPagerHeader/1[com.github.florent37.materialviewpager.Toolbar],true,43,2,1,1,0,1,2,5,0,0,1,2,0,0,0,0,0,0,0,0,3,0,0,0,0,0,6,2,0,false
c:\Users\arthur.menezes_evolu\Desktop\Pes\MaterialViewPager\materialviewpager\src\main\java\com\github\florent37\materialviewpager\MaterialViewPagerHeader.java,com.github.florent37.materialviewpager.MaterialViewPagerHeader,getLogo/0,false,142,1,0,0,0,1,0,3,1,0,0,0,0,0,0,0,0,0,0,0,0,0,0,0,0,0,4,1,0,false
c:\Users\arthur.menezes_evolu\Desktop\Pes\MaterialViewPager\materialviewpager\src\main\java\com\github\florent37\materialviewpager\MaterialViewPagerHeader.java,com.github.florent37.materialviewpager.MaterialViewPagerHeader,withStatusBackground/1[com.github.florent37.materialviewpager.View],false,78,2,0,0,0,1,0,4,1,0,1,0,0,0,0,0,0,0,0,0,1,0,0,0,0,0,8,1,0,false
c:\Users\arthur.menezes_evolu\Desktop\Pes\MaterialViewPager\materialviewpager\src\main\java\com\github\florent37\materialviewpager\MaterialViewPager.java,com.github.florent37.materialviewpager.MaterialViewPager$OnImageLoadListener,"OnImageLoad/2[com.github.florent37.materialviewpager.ImageView,com.github.florent37.materialviewpager.Bitmap]",false,420,2,1,1,0,1,0,1,0,0,2,0,0,0,0,0,0,0,0,0,0,0,0,0,0,0,5,0,0,false
c:\Users\arthur.menezes_evolu\Desktop\Pes\MaterialViewPager\sample\src\main\java\com\github\florent37\materialviewpager\sample\MainActivity.java,com.github.florent37.materialviewpager.sample.MainActivity$Anonymous1,getItem/1[int],false,44,2,1,0,1,1,1,6,1,0,1,1,0,0,0,0,0,0,0,1,0,1,1,0,0,0,4,1,0,false
c:\Users\arthur.menezes_evolu\Desktop\Pes\MaterialViewPager\sample\src\main\java\com\github\florent37\materialviewpager\sample\MainActivity.java,com.github.florent37.materialviewpager.sample.MainActivity$Anonymous1,getPageTitle/1[int],false,63,0,0,0,0,5,0,13,5,0,1,0,0,0,0,0,0,0,5,5,0,1,1,0,0,0,6,1,0,false
c:\Users\arthur.menezes_evolu\Desktop\Pes\MaterialViewPager\sample\src\main\java\com\github\florent37\materialviewpager\sample\MainActivity.java,com.github.florent37.materialviewpager.sample.MainActivity$Anonymous1,getCount/0,false,58,0,0,0,0,1,0,3,1,0,0,0,0,0,0,0,0,0,0,1,0,0,0,0,0,0,2,1,0,false
c:\Users\arthur.menezes_evolu\Desktop\Pes\MaterialViewPager\sample\src\main\java\com\github\florent37\materialviewpager\sample\MainActivity.java,com.github.florent37.materialviewpager.sample.MainActivity$Anonymous2,getHeaderDesign/1[int],false,80,1,1,0,1,5,1,13,5,0,1,1,0,0,0,0,0,0,4,4,0,0,1,0,0,0,22,1,0,false
c:\Users\arthur.menezes_evolu\Desktop\Pes\MaterialViewPager\sample\src\main\java\com\github\florent37\materialviewpager\sample\MainActivity.java,com.github.florent37.materialviewpager.sample.MainActivity$Anonymous3,onClick/1[com.github.florent37.materialviewpager.sample.View],false,113,2,1,0,1,1,4,4,0,0,1,4,0,0,0,0,0,0,1,0,0,0,0,0,0,0,10,1,0,false
c:\Users\arthur.menezes_evolu\Desktop\Pes\MaterialViewPager\materialviewpager\src\main\java\com\github\florent37\materialviewpager\header\MaterialViewPagerImageHelper.java,com.github.florent37.materialviewpager.header.MaterialViewPagerImageHelper$Anonymous1$Anonymous2$Anonymous4,run/0,false,61,4,5,0,5,2,4,6,0,0,0,4,0,0,0,1,0,1,0,0,0,0,1,0,0,0,13,1,0,false
c:\Users\arthur.menezes_evolu\Desktop\Pes\MaterialViewPager\materialviewpager\src\main\java\com\github\florent37\materialviewpager\header\MaterialViewPagerImageHelper.java,com.github.florent37.materialviewpager.header.MaterialViewPagerImageHelper$Anonymous1,onAnimationEnd/1[com.github.florent37.materialviewpager.header.View],false,44,3,1,0,1,1,8,23,0,0,1,8,0,0,0,0,0,0,0,0,0,0,0,1,0,0,36,1,0,false
c:\Users\arthur.menezes_evolu\Desktop\Pes\MaterialViewPager\materialviewpager\src\main\java\com\github\florent37\materialviewpager\MaterialViewPager.java,com.github.florent37.materialviewpager.MaterialViewPager$SavedState$Anonymous1,createFromParcel/1[Parcel],false,427,1,0,0,0,1,0,3,1,0,1,0,0,0,0,0,0,0,0,0,0,0,0,0,0,0,6,1,0,false
c:\Users\arthur.menezes_evolu\Desktop\Pes\MaterialViewPager\materialviewpager\src\main\java\com\github\florent37\materialviewpager\MaterialViewPager.java,com.github.florent37.materialviewpager.MaterialViewPager$SavedState$Anonymous1,newArray/1[int],false,431,1,0,0,0,1,0,3,1,0,1,0,0,0,0,0,0,0,0,0,0,0,0,0,0,0,3,1,0,false
c:\Users\arthur.menezes_evolu\Desktop\Pes\MaterialViewPager\materialviewpager\src\main\java\com\github\florent37\materialviewpager\header\MaterialViewPagerImageHelper.java,com.github.florent37.materialviewpager.header.MaterialViewPagerImageHelper$Anonymous5,onAnimationEnd/1[com.github.florent37.materialviewpager.header.View],false,109,3,1,0,1,1,3,5,0,0,1,3,0,0,0,0,0,0,0,0,0,0,0,0,0,0,12,1,0,false
c:\Users\arthur.menezes_evolu\Desktop\Pes\MaterialViewPager\materialviewpager\src\main\java\com\github\florent37\materialviewpager\MaterialViewPagerAnimator.java,com.github.florent37.materialviewpager.MaterialViewPagerAnimator,followScrollToolbarLayout/1[float],false,503,1,5,3,2,6,5,21,1,1,1,5,2,1,0,2,0,1,1,5,5,2,2,0,0,0,27,2,0,true
c:\Users\arthur.menezes_evolu\Desktop\Pes\MaterialViewPager\materialviewpager\src\main\java\com\github\florent37\materialviewpager\MaterialViewPagerAnimator.java,com.github.florent37.materialviewpager.MaterialViewPagerAnimator,"restoreScroll/2[float,com.github.florent37.materialviewpager.MaterialViewPagerSettings]",false,393,2,3,2,1,1,2,10,0,0,2,2,0,0,0,0,0,0,0,1,0,0,0,1,0,0,12,0,0,false
c:\Users\arthur.menezes_evolu\Desktop\Pes\MaterialViewPager\materialviewpager\src\main\java\com\github\florent37\materialviewpager\MaterialViewPagerAnimator.java,com.github.florent37.materialviewpager.MaterialViewPagerAnimator,scrollDown/1[float],false,480,1,5,2,3,3,4,14,0,0,1,4,3,2,0,1,0,0,1,1,1,1,2,0,0,0,17,2,0,false
c:\Users\arthur.menezes_evolu\Desktop\Pes\MaterialViewPager\materialviewpager\src\main\java\com\github\florent37\materialviewpager\MaterialViewPagerAnimator.java,com.github.florent37.materialviewpager.MaterialViewPagerAnimator,toolbarJoinsTabs/0,false,493,0,3,3,0,2,3,3,1,0,0,3,0,0,0,1,0,1,0,0,0,1,0,0,0,0,3,2,0,false
c:\Users\arthur.menezes_evolu\Desktop\Pes\MaterialViewPager\materialviewpager\src\main\java\com\github\florent37\materialviewpager\MaterialViewPagerAnimator.java,com.github.florent37.materialviewpager.MaterialViewPagerAnimator,scrollUp/1[float],false,468,1,3,1,2,1,2,4,0,0,1,2,2,2,0,0,0,0,1,0,0,0,0,0,0,0,9,2,0,false
c:\Users\arthur.menezes_evolu\Desktop\Pes\MaterialViewPager\materialviewpager\src\main\java\com\github\florent37\materialviewpager\MaterialViewPagerAnimator.java,com.github.florent37.materialviewpager.MaterialViewPagerAnimator,isNewYOffset/1[int],false,434,0,2,2,0,2,0,8,2,0,1,0,0,0,0,2,0,0,0,1,0,0,1,0,0,0,7,2,0,false
c:\Users\arthur.menezes_evolu\Desktop\Pes\MaterialViewPager\materialviewpager\src\main\java\com\github\florent37\materialviewpager\MaterialViewPagerAnimator.java,com.github.florent37.materialviewpager.MaterialViewPagerAnimator,"setColor/2[int,int]",false,229,2,0,0,0,1,5,19,0,1,2,5,0,0,0,0,0,0,1,0,1,0,0,1,0,0,25,0,0,true
c:\Users\arthur.menezes_evolu\Desktop\Pes\MaterialViewPager\materialviewpager\src\main\java\com\github\florent37\materialviewpager\MaterialViewPagerAnimator.java,com.github.florent37.materialviewpager.MaterialViewPagerAnimator,registerRecyclerView/1[com.github.florent37.materialviewpager.RecyclerView],false,310,1,2,1,1,3,6,32,0,0,1,6,0,0,0,1,0,0,0,0,0,0,1,2,0,0,42,0,0,true
c:\Users\arthur.menezes_evolu\Desktop\Pes\MaterialViewPager\materialviewpager\src\main\java\com\github\florent37\materialviewpager\MaterialViewPagerAnimator.java,com.github.florent37.materialviewpager.MaterialViewPagerAnimator,registerScrollView/1[com.github.florent37.materialviewpager.NestedScrollView],false,361,1,2,1,1,2,3,24,0,0,1,3,0,0,0,1,0,0,0,0,0,0,1,2,0,0,44,0,0,true
c:\Users\arthur.menezes_evolu\Desktop\Pes\MaterialViewPager\materialviewpager\src\main\java\com\github\florent37\materialviewpager\MaterialViewPagerAnimator.java,com.github.florent37.materialviewpager.MaterialViewPagerAnimator,animateEnterToolbarLayout/1[float],false,535,1,1,1,0,4,5,20,0,0,1,5,0,0,0,2,0,0,0,1,2,0,1,1,0,0,38,2,0,true
c:\Users\arthur.menezes_evolu\Desktop\Pes\MaterialViewPager\materialviewpager\src\main\java\com\github\florent37\materialviewpager\MaterialViewPagerAnimator.java,com.github.florent37.materialviewpager.MaterialViewPagerAnimator,MaterialViewPagerAnimator/1[com.github.florent37.materialviewpager.MaterialViewPager],true,71,4,3,1,2,1,2,8,0,1,1,2,0,0,0,0,0,0,0,1,6,0,0,0,0,0,11,0,0,false
c:\Users\arthur.menezes_evolu\Desktop\Pes\MaterialViewPager\materialviewpager\src\main\java\com\github\florent37\materialviewpager\MaterialViewPagerAnimator.java,com.github.florent37.materialviewpager.MaterialViewPagerAnimator,onViewPagerPageChanged/0,false,406,3,5,0,5,2,5,8,0,1,0,5,3,7,0,0,0,0,0,2,1,0,1,0,0,0,22,0,0,false
c:\Users\arthur.menezes_evolu\Desktop\Pes\MaterialViewPager\materialviewpager\src\main\java\com\github\florent37\materialviewpager\MaterialViewPagerAnimator.java,com.github.florent37.materialviewpager.MaterialViewPagerAnimator,"animateColorPercent/2[float,int]",false,251,1,1,1,0,1,4,11,0,1,2,4,0,0,0,0,0,0,0,0,1,0,0,1,0,0,12,1,0,false
c:\Users\arthur.menezes_evolu\Desktop\Pes\MaterialViewPager\materialviewpager\src\main\java\com\github\florent37\materialviewpager\MaterialViewPagerAnimator.java,com.github.florent37.materialviewpager.MaterialViewPagerAnimator,getHeaderHeight/0,false,299,0,2,2,0,1,0,3,1,0,0,0,0,0,0,0,0,0,0,0,0,0,0,0,0,0,3,1,0,false
c:\Users\arthur.menezes_evolu\Desktop\Pes\MaterialViewPager\materialviewpager\src\main\java\com\github\florent37\materialviewpager\MaterialViewPagerAnimator.java,com.github.florent37.materialviewpager.MaterialViewPagerAnimator,"onMaterialScrolled/2[java.lang.Object,float]",false,93,3,15,4,11,25,19,90,3,6,2,19,8,6,0,13,0,5,4,20,11,22,4,0,0,0,53,2,0,true
c:\Users\arthur.menezes_evolu\Desktop\Pes\MaterialViewPager\materialviewpager\src\main\java\com\github\florent37\materialviewpager\MaterialViewPagerAnimator.java,com.github.florent37.materialviewpager.MaterialViewPagerAnimator,cancelHeaderAnimator/0,false,459,0,1,1,0,2,1,6,0,0,0,1,0,0,0,1,0,0,0,0,1,0,1,0,0,0,5,2,0,false
c:\Users\arthur.menezes_evolu\Desktop\Pes\MaterialViewPager\materialviewpager\src\main\java\com\github\florent37\materialviewpager\MaterialViewPagerAnimator.java,com.github.florent37.materialviewpager.MaterialViewPagerAnimator,log/1[java.lang.String],false,474,0,4,4,0,2,1,5,0,0,1,1,0,0,0,0,0,0,0,0,0,0,1,0,0,0,11,2,0,false
c:\Users\arthur.menezes_evolu\Desktop\Pes\MaterialViewPager\materialviewpager\src\main\java\com\github\florent37\materialviewpager\MaterialViewPagerAnimator.java,com.github.florent37.materialviewpager.MaterialViewPagerAnimator,"dispatchScrollOffset/2[java.lang.Object,float]",false,422,1,2,1,1,5,1,9,0,0,2,1,1,1,1,3,0,0,0,0,0,0,3,0,0,0,18,2,0,true
c:\Users\arthur.menezes_evolu\Desktop\Pes\MaterialViewPager\materialviewpager\src\main\java\com\github\florent37\materialviewpager\MaterialViewPagerAnimator.java,com.github.florent37.materialviewpager.MaterialViewPagerAnimator,setColorPercent/1[float],false,263,2,6,2,4,5,4,12,0,0,1,4,1,1,0,1,0,1,0,4,0,0,1,0,0,0,13,1,0,false
c:\Users\arthur.menezes_evolu\Desktop\Pes\MaterialViewPager\materialviewpager\src\main\java\com\github\florent37\materialviewpager\MaterialViewPagerAnimator.java,com.github.florent37.materialviewpager.MaterialViewPagerAnimator,"setScrollOffset/2[java.lang.Object,float]",false,448,1,3,2,1,3,2,6,0,0,2,2,0,0,0,1,0,0,0,1,0,0,1,0,0,0,16,2,0,true
c:\Users\arthur.menezes_evolu\Desktop\Pes\MaterialViewPager\sample\src\main\java\com\github\florent37\materialviewpager\sample\fragment\RecyclerViewFragment.java,com.github.florent37.materialviewpager.sample.fragment.RecyclerViewFragment,"onCreateView/3[com.github.florent37.materialviewpager.sample.fragment.LayoutInflater,com.github.florent37.materialviewpager.sample.fragment.ViewGroup,com.github.florent37.materialviewpager.sample.fragment.Bundle]",false,39,5,0,0,0,1,1,3,1,0,3,1,0,0,0,0,0,0,0,0,0,0,0,0,0,0,10,1,0,false
c:\Users\arthur.menezes_evolu\Desktop\Pes\MaterialViewPager\sample\src\main\java\com\github\florent37\materialviewpager\sample\fragment\RecyclerViewFragment.java,com.github.florent37.materialviewpager.sample.fragment.RecyclerViewFragment,newInstance/0,false,34,1,2,1,1,1,0,3,1,0,0,0,0,0,0,0,0,0,0,0,0,0,0,0,0,0,5,9,0,false
c:\Users\arthur.menezes_evolu\Desktop\Pes\MaterialViewPager\sample\src\main\java\com\github\florent37\materialviewpager\sample\fragment\RecyclerViewFragment.java,com.github.florent37.materialviewpager.sample.fragment.RecyclerViewFragment,"onViewCreated/2[com.github.florent37.materialviewpager.sample.fragment.View,com.github.florent37.materialviewpager.sample.fragment.Bundle]",false,44,7,2,0,2,3,8,17,0,2,2,8,0,0,1,0,0,0,0,2,2,0,1,0,0,0,39,1,0,false
c:\Users\arthur.menezes_evolu\Desktop\Pes\MaterialViewPager\materialviewpager\src\main\java\com\github\florent37\materialviewpager\MaterialViewPagerHeader.java,com.github.florent37.materialviewpager.MaterialViewPagerHeader$Anonymous1,onPreDraw/0,false,62,1,2,0,2,1,3,5,1,0,0,3,0,0,0,0,0,0,0,1,1,0,0,0,0,0,10,1,0,false
c:\Users\arthur.menezes_evolu\Desktop\Pes\MaterialViewPager\materialviewpager\src\main\java\com\github\florent37\materialviewpager\MaterialViewPagerHeader.java,com.github.florent37.materialviewpager.MaterialViewPagerHeader$Anonymous2,onPreDraw/0,false,103,1,2,0,2,1,10,13,1,0,0,10,0,0,0,0,0,4,0,9,7,12,0,0,0,0,16,1,0,false
c:\Users\arthur.menezes_evolu\Desktop\Pes\MaterialViewPager\materialviewpager\src\main\java\com\github\florent37\materialviewpager\Utils.java,com.github.florent37.materialviewpager.Utils,"pxToDp/2[float,com.github.florent37.materialviewpager.Context]",false,35,1,1,1,0,1,2,3,1,0,2,2,0,0,0,0,0,0,0,0,0,1,0,0,0,0,7,8,0,true
c:\Users\arthur.menezes_evolu\Desktop\Pes\MaterialViewPager\materialviewpager\src\main\java\com\github\florent37\materialviewpager\Utils.java,com.github.florent37.materialviewpager.Utils,"setElevation/2[float,com.github.florent37.materialviewpager.View[]]",false,78,1,1,1,0,3,1,7,0,0,2,1,0,0,1,1,0,0,0,0,0,0,2,0,0,0,11,8,0,true
c:\Users\arthur.menezes_evolu\Desktop\Pes\MaterialViewPager\materialviewpager\src\main\java\com\github\florent37\materialviewpager\Utils.java,com.github.florent37.materialviewpager.Utils,"minMax/3[float,float,float]",false,51,0,1,1,0,1,2,5,1,0,3,2,0,0,0,0,0,0,0,0,2,0,0,0,0,0,4,8,0,false
c:\Users\arthur.menezes_evolu\Desktop\Pes\MaterialViewPager\materialviewpager\src\main\java\com\github\florent37\materialviewpager\Utils.java,com.github.florent37.materialviewpager.Utils,getTheVisibileView/1[java.util.List<com.github.florent37.materialviewpager.View>],false,135,2,1,1,0,4,4,14,2,4,1,4,0,0,1,1,0,0,0,1,4,0,3,0,0,0,13,8,0,false
c:\Users\arthur.menezes_evolu\Desktop\Pes\MaterialViewPager\materialviewpager\src\main\java\com\github\florent37\materialviewpager\Utils.java,com.github.florent37.materialviewpager.Utils,canScroll/1[com.github.florent37.materialviewpager.View],false,100,3,1,1,0,4,5,17,4,5,1,5,0,0,0,2,0,0,0,2,5,1,2,0,0,0,14,8,0,false
c:\Users\arthur.menezes_evolu\Desktop\Pes\MaterialViewPager\materialviewpager\src\main\java\com\github\florent37\materialviewpager\Utils.java,com.github.florent37.materialviewpager.Utils,"colorWithAlpha/2[int,float]",false,42,0,2,2,0,1,5,7,1,4,2,5,0,0,0,0,0,0,0,1,4,1,0,0,0,0,8,8,0,false
c:\Users\arthur.menezes_evolu\Desktop\Pes\MaterialViewPager\materialviewpager\src\main\java\com\github\florent37\materialviewpager\Utils.java,com.github.florent37.materialviewpager.Utils,"setBackgroundColor/2[int,com.github.florent37.materialviewpager.View[]]",false,92,1,1,1,0,3,1,7,0,0,2,1,0,0,1,1,0,0,0,0,0,0,2,0,0,0,13,8,0,true
c:\Users\arthur.menezes_evolu\Desktop\Pes\MaterialViewPager\materialviewpager\src\main\java\com\github\florent37\materialviewpager\Utils.java,com.github.florent37.materialviewpager.Utils,"scrollTo/2[java.lang.Object,float]",false,117,5,1,1,0,5,3,16,0,3,2,3,0,0,0,0,0,2,0,3,3,0,2,0,0,0,17,9,0,false
c:\Users\arthur.menezes_evolu\Desktop\Pes\MaterialViewPager\materialviewpager\src\main\java\com\github\florent37\materialviewpager\Utils.java,com.github.florent37.materialviewpager.Utils,"dpToPx/2[float,com.github.florent37.materialviewpager.Context]",false,28,1,6,6,0,1,2,3,1,0,2,2,0,0,0,0,0,0,0,0,0,1,0,0,0,0,7,9,0,true
c:\Users\arthur.menezes_evolu\Desktop\Pes\MaterialViewPager\materialviewpager\src\main\java\com\github\florent37\materialviewpager\Utils.java,com.github.florent37.materialviewpager.Utils,"setScale/2[float,com.github.florent37.materialviewpager.View[]]",false,63,1,1,1,0,3,2,8,0,0,2,2,0,0,1,1,0,0,0,0,0,0,2,0,0,0,11,8,0,true
c:\Users\arthur.menezes_evolu\Desktop\Pes\MaterialViewPager\sample\src\main\java\com\github\florent37\materialviewpager\sample\DrawerActivity.java,com.github.florent37.materialviewpager.sample.DrawerActivity,onOptionsItemSelected/1[com.github.florent37.materialviewpager.sample.MenuItem],false,58,1,0,0,0,1,1,3,1,0,1,1,0,0,0,0,0,0,0,0,0,0,0,0,0,0,6,1,0,false
c:\Users\arthur.menezes_evolu\Desktop\Pes\MaterialViewPager\sample\src\main\java\com\github\florent37\materialviewpager\sample\DrawerActivity.java,com.github.florent37.materialviewpager.sample.DrawerActivity,onCreate/1[com.github.florent37.materialviewpager.sample.Bundle],false,24,3,0,0,0,2,2,6,0,0,1,2,0,0,0,0,0,0,0,0,0,0,1,0,0,0,7,4,0,false
c:\Users\arthur.menezes_evolu\Desktop\Pes\MaterialViewPager\sample\src\main\java\com\github\florent37\materialviewpager\sample\DrawerActivity.java,com.github.florent37.materialviewpager.sample.DrawerActivity,onStart/0,false,34,3,0,0,0,2,9,14,0,1,0,9,0,0,0,1,0,0,0,2,3,0,1,0,0,0,18,4,0,false
c:\Users\arthur.menezes_evolu\Desktop\Pes\MaterialViewPager\sample\src\main\java\com\github\florent37\materialviewpager\sample\DrawerActivity.java,com.github.florent37.materialviewpager.sample.DrawerActivity,onPostCreate/1[com.github.florent37.materialviewpager.sample.Bundle],false,52,1,0,0,0,1,2,4,0,0,1,2,0,0,0,0,0,0,0,0,0,0,0,0,0,0,7,4,0,false
c:\Users\arthur.menezes_evolu\Desktop\Pes\MaterialViewPager\materialviewpager\src\main\java\com\github\florent37\materialviewpager\MaterialViewPager.java,com.github.florent37.materialviewpager.MaterialViewPager$SavedState,"writeToParcel/2[com.github.florent37.materialviewpager.Parcel,int]",false,449,1,0,0,0,1,3,5,0,0,2,3,0,0,0,0,0,0,0,0,0,0,0,0,0,0,4,1,0,false
c:\Users\arthur.menezes_evolu\Desktop\Pes\MaterialViewPager\materialviewpager\src\main\java\com\github\florent37\materialviewpager\MaterialViewPager.java,com.github.florent37.materialviewpager.MaterialViewPager$SavedState,SavedState/1[com.github.florent37.materialviewpager.Parcelable],true,438,1,1,1,0,1,0,3,0,0,1,0,0,0,0,0,0,0,0,0,0,0,0,0,0,0,4,0,0,false
c:\Users\arthur.menezes_evolu\Desktop\Pes\MaterialViewPager\materialviewpager\src\main\java\com\github\florent37\materialviewpager\MaterialViewPager.java,com.github.florent37.materialviewpager.MaterialViewPager$SavedState,SavedState/1[com.github.florent37.materialviewpager.Parcel],true,442,2,0,0,0,1,3,5,0,0,1,3,0,0,0,0,0,0,0,0,2,0,0,0,0,0,4,2,0,false
