file,class,type,cbo,cboModified,fanin,fanout,wmc,dit,noc,rfc,lcom,lcom*,tcc,lcc,totalMethodsQty,staticMethodsQty,publicMethodsQty,privateMethodsQty,protectedMethodsQty,defaultMethodsQty,visibleMethodsQty,abstractMethodsQty,finalMethodsQty,synchronizedMethodsQty,totalFieldsQty,staticFieldsQty,publicFieldsQty,privateFieldsQty,protectedFieldsQty,defaultFieldsQty,finalFieldsQty,synchronizedFieldsQty,nosi,loc,returnQty,loopQty,comparisonsQty,tryCatchQty,parenthesizedExpsQty,stringLiteralsQty,numbersQty,assignmentsQty,mathOperationsQty,variablesQty,maxNestedBlocksQty,anonymousClassesQty,innerClassesQty,lambdasQty,uniqueWordsQty,modifiers,logStatementsQty
c:\Users\arthur.menezes_evolu\Desktop\Pes\libstreaming\src\net\majorkernelpanic\streaming\rtsp\RtspClient.java,net.majorkernelpanic.streaming.rtsp.RtspClient$Anonymous2,anonymous,3,3,0,3,6,1,0,9,0,0.0,NaN,NaN,1,0,1,0,0,0,1,0,0,0,0,0,0,0,0,0,0,0,0,35,3,0,2,3,0,1,0,5,0,0,2,0,0,0,27,-1,0
c:\Users\arthur.menezes_evolu\Desktop\Pes\libstreaming\src\net\majorkernelpanic\streaming\rtsp\RtspClient.java,net.majorkernelpanic.streaming.rtsp.RtspClient$Anonymous3,anonymous,2,2,0,2,4,1,0,2,0,0.0,NaN,NaN,1,0,1,0,0,0,1,0,0,0,0,0,0,0,0,0,0,0,0,11,0,0,3,0,0,0,0,1,0,0,1,0,0,0,17,-1,0
c:\Users\arthur.menezes_evolu\Desktop\Pes\libstreaming\src\net\majorkernelpanic\streaming\mp4\MP4Parser.java,net.majorkernelpanic.streaming.mp4.MP4Parser,class,3,6,3,3,27,1,0,21,14,0.75,0.0,0.0,8,2,4,3,0,1,5,0,0,0,4,1,0,4,0,0,2,0,3,99,6,3,3,3,5,13,40,27,19,15,4,0,0,0,86,1,0
c:\Users\arthur.menezes_evolu\Desktop\Pes\libstreaming\src\net\majorkernelpanic\streaming\rtsp\RtspClient.java,net.majorkernelpanic.streaming.rtsp.RtspClient$Anonymous4,anonymous,2,2,0,2,3,1,0,6,0,0.0,NaN,NaN,1,0,1,0,0,0,1,0,0,0,0,0,0,0,0,0,0,0,0,16,0,0,1,1,0,1,1,0,0,0,2,0,0,0,27,-1,0
c:\Users\arthur.menezes_evolu\Desktop\Pes\libstreaming\src\net\majorkernelpanic\streaming\rtsp\RtspClient.java,net.majorkernelpanic.streaming.rtsp.RtspClient$Anonymous5,anonymous,2,2,0,2,4,1,0,7,0,0.0,NaN,NaN,1,0,1,0,0,0,1,0,0,0,0,0,0,0,0,0,0,0,0,21,0,0,1,2,0,1,1,0,0,0,3,0,0,0,26,-1,0
c:\Users\arthur.menezes_evolu\Desktop\Pes\libstreaming\src\net\majorkernelpanic\streaming\rtsp\RtspClient.java,net.majorkernelpanic.streaming.rtsp.RtspClient$Anonymous6,anonymous,1,1,0,1,2,1,0,1,0,0.0,NaN,NaN,1,0,1,0,0,0,1,0,0,0,0,0,0,0,0,0,0,0,0,7,0,0,1,0,0,0,0,0,0,0,1,0,0,0,4,-1,0
c:\Users\arthur.menezes_evolu\Desktop\Pes\libstreaming\src\net\majorkernelpanic\streaming\rtsp\RtspServer.java,net.majorkernelpanic.streaming.rtsp.RtspServer$Response,innerclass,1,1,0,1,6,1,0,9,0,0.7777778,0.0,0.0,3,0,3,0,0,0,3,0,0,0,9,5,8,1,0,0,6,0,1,29,0,0,1,1,3,24,2,13,3,11,1,0,0,0,41,8,0
c:\Users\arthur.menezes_evolu\Desktop\Pes\libstreaming\src\net\majorkernelpanic\streaming\gl\TextureManager.java,net.majorkernelpanic.streaming.gl.TextureManager,class,5,7,2,5,24,1,0,39,19,0.81818193,0.0,0.0,11,0,9,2,0,0,9,0,0,0,18,7,1,17,0,0,8,0,2,161,7,1,13,0,1,52,63,32,9,26,1,0,0,0,114,1,0
c:\Users\arthur.menezes_evolu\Desktop\Pes\libstreaming\src\net\majorkernelpanic\streaming\rtsp\RtspClient.java,net.majorkernelpanic.streaming.rtsp.RtspClient$Anonymous7,anonymous,1,1,0,1,2,1,0,1,0,0.0,NaN,NaN,1,0,1,0,0,0,1,0,0,0,0,0,0,0,0,0,0,0,0,7,0,0,1,0,0,0,0,0,0,0,1,0,0,0,4,-1,0
c:\Users\arthur.menezes_evolu\Desktop\Pes\libstreaming\src\net\majorkernelpanic\streaming\rtsp\RtspServer.java,net.majorkernelpanic.streaming.rtsp.RtspServer$CallbackListener,interface,1,1,0,1,2,1,0,0,1,0.0,0.0,0.0,2,0,0,0,0,2,2,0,0,0,0,0,0,0,0,0,0,0,0,4,0,0,0,0,0,0,0,0,0,0,0,0,0,0,25,1,0
c:\Users\arthur.menezes_evolu\Desktop\Pes\libstreaming\src\net\majorkernelpanic\streaming\gl\SurfaceView.java,net.majorkernelpanic.streaming.gl.SurfaceView$ViewAspectRatioMeasurer,innerclass,1,1,0,1,15,1,0,4,0,0.5555556,0.0,0.0,6,0,6,0,0,0,6,0,0,0,3,0,0,3,0,0,0,0,2,54,3,0,8,0,4,2,0,17,7,7,2,0,0,0,57,1,0
c:\Users\arthur.menezes_evolu\Desktop\Pes\libstreaming\src\net\majorkernelpanic\streaming\exceptions\InvalidSurfaceException.java,net.majorkernelpanic.streaming.exceptions.InvalidSurfaceException,class,0,2,2,0,1,4,0,0,0,1.0,NaN,NaN,1,0,1,0,0,0,1,0,0,0,1,1,0,1,0,0,1,0,0,6,0,0,0,0,0,0,1,1,0,1,0,0,0,0,12,1,0
c:\Users\arthur.menezes_evolu\Desktop\Pes\libstreaming\src\net\majorkernelpanic\streaming\rtsp\RtspClient.java,net.majorkernelpanic.streaming.rtsp.RtspClient$Anonymous1,anonymous,1,1,0,1,1,1,0,1,0,0.0,NaN,NaN,1,0,0,0,1,0,1,0,0,0,0,0,0,0,0,0,0,0,0,6,0,0,0,0,0,0,0,1,0,0,0,0,0,0,5,-1,0
c:\Users\arthur.menezes_evolu\Desktop\Pes\libstreaming\src\net\majorkernelpanic\streaming\mp4\MP4Parser.java,net.majorkernelpanic.streaming.mp4.StsdBox,class,3,6,3,3,13,1,0,9,1,0.64285713,0.0,0.0,6,0,4,2,0,0,4,0,0,0,6,0,0,6,0,0,0,0,1,53,7,2,4,2,0,0,18,8,1,7,3,0,0,0,39,0,0
c:\Users\arthur.menezes_evolu\Desktop\Pes\libstreaming\src\net\majorkernelpanic\streaming\audio\AACStream.java,net.majorkernelpanic.streaming.audio.AACStream,class,17,19,2,17,36,3,0,62,31,0.80000013,0.0,0.0,10,1,6,2,2,0,8,0,0,3,8,3,2,6,0,0,3,0,9,207,5,2,11,3,18,44,72,48,23,24,3,1,0,0,202,1,0
c:\Users\arthur.menezes_evolu\Desktop\Pes\libstreaming\src\net\majorkernelpanic\streaming\rtp\AACLATMPacketizer.java,net.majorkernelpanic.streaming.rtp.AACLATMPacketizer,class,5,6,1,5,16,2,0,18,8,0.70000005,0.0,0.0,5,0,5,0,0,0,5,0,0,0,2,1,0,2,0,0,1,0,1,75,0,1,3,3,5,7,18,15,13,5,4,0,0,0,69,1,0
c:\Users\arthur.menezes_evolu\Desktop\Pes\libstreaming\src\net\majorkernelpanic\streaming\rtp\RtpSocket.java,net.majorkernelpanic.streaming.rtp.RtpSocket$Statistics,innerclass,0,0,0,0,9,1,0,1,0,0.6,0.0,0.0,3,0,3,0,0,0,3,0,0,0,8,1,1,7,0,0,1,0,1,40,1,0,0,0,4,1,17,23,9,12,2,0,0,0,31,12,0
c:\Users\arthur.menezes_evolu\Desktop\Pes\libstreaming\src\net\majorkernelpanic\streaming\Session.java,net.majorkernelpanic.streaming.Session$Anonymous12,anonymous,1,1,0,1,2,1,0,1,0,0.0,NaN,NaN,1,0,1,0,0,0,1,0,0,0,0,0,0,0,0,0,0,0,0,7,0,0,1,0,0,0,0,0,0,0,1,0,0,0,4,-1,0
c:\Users\arthur.menezes_evolu\Desktop\Pes\libstreaming\src\net\majorkernelpanic\streaming\audio\AACStream.java,net.majorkernelpanic.streaming.audio.AACStream$Anonymous1,anonymous,0,0,0,0,6,1,0,8,0,0.0,NaN,NaN,1,0,1,0,0,0,1,0,0,0,0,0,0,0,0,0,0,0,2,23,0,1,2,1,0,1,7,4,1,2,4,0,0,0,16,-1,0
c:\Users\arthur.menezes_evolu\Desktop\Pes\libstreaming\src\net\majorkernelpanic\streaming\Session.java,net.majorkernelpanic.streaming.Session$Anonymous13,anonymous,1,1,0,1,2,1,0,1,0,0.0,NaN,NaN,1,0,1,0,0,0,1,0,0,0,0,0,0,0,0,0,0,0,0,7,0,0,1,0,0,0,0,0,0,0,1,0,0,0,4,-1,0
c:\Users\arthur.menezes_evolu\Desktop\Pes\libstreaming\src\net\majorkernelpanic\streaming\hw\EncoderDebugger.java,net.majorkernelpanic.streaming.hw.EncoderDebugger$Anonymous1,anonymous,2,2,0,2,2,1,0,2,0,0.0,NaN,NaN,1,0,1,0,0,0,1,0,0,0,0,0,0,0,0,0,0,0,1,10,0,0,0,1,0,0,0,1,0,1,1,0,0,0,8,-1,0
c:\Users\arthur.menezes_evolu\Desktop\Pes\libstreaming\src\net\majorkernelpanic\streaming\Session.java,net.majorkernelpanic.streaming.Session$Anonymous14,anonymous,1,1,0,1,2,1,0,1,0,0.0,NaN,NaN,1,0,1,0,0,0,1,0,0,0,0,0,0,0,0,0,0,0,0,7,0,0,1,0,0,0,0,0,0,0,1,0,0,0,5,-1,0
c:\Users\arthur.menezes_evolu\Desktop\Pes\libstreaming\src\net\majorkernelpanic\streaming\Session.java,net.majorkernelpanic.streaming.Session$Anonymous15,anonymous,1,1,0,1,2,1,0,4,0,0.0,NaN,NaN,1,0,1,0,0,0,1,0,0,0,0,0,0,0,0,0,0,0,0,11,0,0,0,0,0,0,2,0,0,0,1,0,0,0,8,-1,0
c:\Users\arthur.menezes_evolu\Desktop\Pes\libstreaming\src\net\majorkernelpanic\streaming\Session.java,net.majorkernelpanic.streaming.Session$Anonymous7,anonymous,2,2,0,2,7,1,0,3,0,0.0,NaN,NaN,1,0,1,0,0,0,1,0,0,0,0,0,0,0,0,0,0,0,0,25,0,0,1,1,0,0,0,0,0,0,2,0,0,0,22,-1,0
c:\Users\arthur.menezes_evolu\Desktop\Pes\libstreaming\src\net\majorkernelpanic\streaming\rtsp\UriParser.java,net.majorkernelpanic.streaming.rtsp.UriParser,class,6,7,1,6,40,1,0,30,0,1.0,NaN,NaN,1,1,1,0,0,0,1,0,0,0,1,1,1,0,0,0,1,0,11,118,1,2,10,3,0,29,9,24,0,19,6,0,0,0,101,1,0
c:\Users\arthur.menezes_evolu\Desktop\Pes\libstreaming\src\net\majorkernelpanic\streaming\Session.java,net.majorkernelpanic.streaming.Session$Anonymous8,anonymous,2,2,0,2,3,1,0,2,0,0.0,NaN,NaN,1,0,1,0,0,0,1,0,0,0,0,0,0,0,0,0,0,0,0,12,0,0,1,1,0,0,0,0,0,0,2,0,0,0,10,-1,0
c:\Users\arthur.menezes_evolu\Desktop\Pes\libstreaming\src\net\majorkernelpanic\streaming\Session.java,net.majorkernelpanic.streaming.Session$Anonymous10,anonymous,1,1,0,1,2,1,0,1,0,0.0,NaN,NaN,1,0,1,0,0,0,1,0,0,0,0,0,0,0,0,0,0,0,0,7,0,0,1,0,0,0,0,0,0,0,1,0,0,0,4,-1,0
c:\Users\arthur.menezes_evolu\Desktop\Pes\libstreaming\src\net\majorkernelpanic\streaming\Session.java,net.majorkernelpanic.streaming.Session$Anonymous9,anonymous,1,1,0,1,2,1,0,1,0,0.0,NaN,NaN,1,0,1,0,0,0,1,0,0,0,0,0,0,0,0,0,0,0,0,7,0,0,1,0,0,0,0,0,0,0,1,0,0,0,4,-1,0
c:\Users\arthur.menezes_evolu\Desktop\Pes\libstreaming\src\net\majorkernelpanic\streaming\Session.java,net.majorkernelpanic.streaming.Session$Anonymous11,anonymous,1,1,0,1,2,1,0,1,0,0.0,NaN,NaN,1,0,1,0,0,0,1,0,0,0,0,0,0,0,0,0,0,0,0,7,0,0,1,0,0,0,0,0,0,0,1,0,0,0,4,-1,0
c:\Users\arthur.menezes_evolu\Desktop\Pes\libstreaming\src\net\majorkernelpanic\streaming\hw\EncoderDebugger.java,net.majorkernelpanic.streaming.hw.EncoderDebugger,class,13,17,4,13,179,1,0,83,261,0.8740894,0.0,0.0,31,3,9,22,0,0,9,0,0,3,21,10,1,20,0,0,10,0,7,626,22,23,33,8,28,106,240,193,151,126,7,1,0,0,281,1,1
c:\Users\arthur.menezes_evolu\Desktop\Pes\libstreaming\src\net\majorkernelpanic\streaming\rtp\RtpSocket.java,net.majorkernelpanic.streaming.rtp.RtpSocket$AverageBitrate,innerclass,2,2,0,2,10,1,0,2,0,0.48000002,0.0,0.0,5,0,5,0,0,0,5,0,0,0,5,1,0,5,0,0,1,0,0,50,1,1,0,0,3,0,16,25,5,13,3,0,0,0,32,12,0
c:\Users\arthur.menezes_evolu\Desktop\Pes\libstreaming\src\net\majorkernelpanic\streaming\video\VideoQuality.java,net.majorkernelpanic.streaming.video.VideoQuality,class,4,11,7,4,26,1,0,13,4,0.537037,0.0,0.0,9,3,9,0,0,0,9,0,0,0,6,2,6,0,0,0,2,0,5,80,7,2,9,1,4,19,26,36,13,20,2,0,0,0,86,1,0
c:\Users\arthur.menezes_evolu\Desktop\Pes\libstreaming\src\net\majorkernelpanic\streaming\audio\AMRNBStream.java,net.majorkernelpanic.streaming.audio.AMRNBStream,class,6,8,2,6,7,3,0,12,10,0.0,0.0,0.0,5,0,4,0,1,0,5,0,0,2,0,0,0,0,0,0,0,0,1,32,1,0,0,1,0,5,1,4,1,1,1,0,0,0,80,1,0
c:\Users\arthur.menezes_evolu\Desktop\Pes\libstreaming\src\net\majorkernelpanic\streaming\rtsp\RtspClient.java,net.majorkernelpanic.streaming.rtsp.RtspClient$Parameters,innerclass,2,2,0,2,1,1,0,0,0,0.0,NaN,NaN,1,0,1,0,0,0,1,0,0,0,7,0,7,0,0,0,0,0,0,20,1,0,0,0,0,0,0,8,0,8,0,0,0,0,11,2,0
c:\Users\arthur.menezes_evolu\Desktop\Pes\libstreaming\src\net\majorkernelpanic\streaming\exceptions\CameraInUseException.java,net.majorkernelpanic.streaming.exceptions.CameraInUseException,class,0,2,2,0,1,4,0,0,0,0.0,NaN,NaN,1,0,1,0,0,0,1,0,0,0,1,1,0,1,0,0,1,0,0,6,0,0,0,0,0,0,1,1,0,1,0,0,0,0,13,1,0
c:\Users\arthur.menezes_evolu\Desktop\Pes\libstreaming\src\net\majorkernelpanic\streaming\Session.java,net.majorkernelpanic.streaming.Session$Callback,interface,0,0,0,0,6,1,0,0,15,0.0,0.0,0.0,6,0,6,0,0,0,6,0,0,0,0,0,0,0,0,0,0,0,0,8,0,0,0,0,0,0,0,0,0,0,0,0,0,0,58,1,0
c:\Users\arthur.menezes_evolu\Desktop\Pes\libstreaming\src\net\majorkernelpanic\streaming\video\VideoStream.java,net.majorkernelpanic.streaming.video.VideoStream$Anonymous5,anonymous,2,2,0,2,3,1,0,2,0,0.0,NaN,NaN,1,0,1,0,0,0,1,0,0,0,2,0,0,0,0,2,0,0,1,17,0,0,0,0,2,0,8,7,5,5,1,0,0,0,10,-1,0
c:\Users\arthur.menezes_evolu\Desktop\Pes\libstreaming\src\net\majorkernelpanic\streaming\hw\NV21Convertor.java,net.majorkernelpanic.streaming.hw.NV21Convertor,class,2,6,4,2,35,1,0,5,61,0.8333334,0.0,0.0,15,0,15,0,0,0,15,0,0,0,7,0,0,6,0,1,0,0,5,115,11,3,7,0,0,0,38,27,34,15,3,0,0,0,46,1,0
c:\Users\arthur.menezes_evolu\Desktop\Pes\libstreaming\src\net\majorkernelpanic\streaming\rtsp\RtspServer.java,net.majorkernelpanic.streaming.rtsp.RtspServer$RequestListener,innerclass,2,2,0,2,9,2,0,10,0,0.0,0.0,0.0,3,0,3,0,0,0,3,0,0,0,1,0,0,1,0,0,1,0,1,42,0,1,0,4,0,3,0,1,1,1,2,0,0,0,29,0,0
c:\Users\arthur.menezes_evolu\Desktop\Pes\libstreaming\src\net\majorkernelpanic\streaming\video\VideoStream.java,net.majorkernelpanic.streaming.video.VideoStream$Anonymous3,anonymous,0,0,0,0,2,1,0,5,0,0.0,NaN,NaN,1,0,1,0,0,0,1,0,0,0,0,0,0,0,0,0,0,0,0,16,0,0,0,1,0,0,1,3,0,0,1,0,0,0,8,-1,0
c:\Users\arthur.menezes_evolu\Desktop\Pes\libstreaming\src\net\majorkernelpanic\streaming\video\VideoStream.java,net.majorkernelpanic.streaming.video.VideoStream,class,25,37,12,25,94,2,2,92,205,0.8930555,0.0,0.0,30,0,19,2,9,0,28,1,0,11,22,1,0,0,22,0,1,0,5,487,4,4,32,12,4,27,25,83,5,50,4,5,0,0,261,1025,0
c:\Users\arthur.menezes_evolu\Desktop\Pes\libstreaming\src\net\majorkernelpanic\streaming\video\VideoStream.java,net.majorkernelpanic.streaming.video.VideoStream$Anonymous4,anonymous,2,2,0,2,2,1,0,2,0,0.0,NaN,NaN,1,0,1,0,0,0,1,0,0,0,0,0,0,0,0,0,0,0,0,12,0,0,1,0,0,2,0,1,1,0,1,0,0,0,15,-1,0
c:\Users\arthur.menezes_evolu\Desktop\Pes\libstreaming\src\net\majorkernelpanic\streaming\video\VideoStream.java,net.majorkernelpanic.streaming.video.VideoStream$Anonymous1,anonymous,2,2,0,2,3,1,0,2,3,0.0,0.0,0.0,3,0,3,0,0,0,3,0,0,0,0,0,0,0,0,0,0,0,0,13,0,0,0,0,0,2,0,2,0,0,0,0,0,0,15,-1,0
c:\Users\arthur.menezes_evolu\Desktop\Pes\libstreaming\src\net\majorkernelpanic\streaming\video\VideoStream.java,net.majorkernelpanic.streaming.video.VideoStream$Anonymous2,anonymous,3,3,0,3,4,1,0,9,0,0.0,NaN,NaN,1,0,1,0,0,0,1,0,0,0,2,0,0,0,0,2,0,0,2,26,0,0,1,1,0,2,9,8,2,5,3,0,0,0,19,-1,0
c:\Users\arthur.menezes_evolu\Desktop\Pes\libstreaming\src\net\majorkernelpanic\streaming\rtp\RtpSocket.java,net.majorkernelpanic.streaming.rtp.RtpSocket,class,7,16,9,7,46,1,0,35,57,0.85185176,0.0,0.0,22,0,18,4,0,0,18,0,0,0,22,5,5,16,1,0,5,0,3,291,5,5,7,3,10,5,69,61,18,34,5,0,2,0,188,1,0
c:\Users\arthur.menezes_evolu\Desktop\Pes\libstreaming\src\net\majorkernelpanic\streaming\rtsp\RtspClient.java,net.majorkernelpanic.streaming.rtsp.RtspClient$Callback,interface,0,0,0,0,1,1,0,0,0,0.0,NaN,NaN,1,0,1,0,0,0,1,0,0,0,0,0,0,0,0,0,0,0,0,3,0,0,0,0,0,0,0,0,0,0,0,0,0,0,26,1,0
c:\Users\arthur.menezes_evolu\Desktop\Pes\libstreaming\src\net\majorkernelpanic\streaming\video\CodecManager.java,net.majorkernelpanic.streaming.video.CodecManager$Translator,innerclass,1,1,0,1,9,1,0,2,0,0.64,0.0,0.0,5,0,5,0,0,0,5,0,0,0,10,0,0,10,0,0,0,0,3,51,4,2,2,0,1,0,17,17,23,12,2,0,0,0,22,8,0
c:\Users\arthur.menezes_evolu\Desktop\Pes\libstreaming\src\net\majorkernelpanic\streaming\video\H264Stream.java,net.majorkernelpanic.streaming.video.H264Stream$Anonymous1,anonymous,1,1,0,1,4,1,0,2,0,0.0,NaN,NaN,1,0,1,0,0,0,1,0,0,0,0,0,0,0,0,0,0,0,0,18,0,0,3,0,0,5,0,0,0,0,1,0,0,0,8,-1,0
c:\Users\arthur.menezes_evolu\Desktop\Pes\libstreaming\src\net\majorkernelpanic\streaming\rtp\AACADTSPacketizer.java,net.majorkernelpanic.streaming.rtp.AACADTSPacketizer,class,4,6,2,4,28,2,0,18,11,0.72222227,0.0,0.0,6,0,5,1,0,0,5,0,0,0,3,1,0,3,0,0,1,0,1,102,1,4,5,3,14,6,57,31,27,16,5,0,0,0,105,1,0
c:\Users\arthur.menezes_evolu\Desktop\Pes\libstreaming\src\net\majorkernelpanic\streaming\rtp\H264Packetizer.java,net.majorkernelpanic.streaming.rtp.H264Packetizer,class,7,9,2,7,48,2,0,26,18,0.75,0.0,0.0,8,0,5,3,0,0,5,0,0,0,9,1,1,7,0,1,1,0,7,185,3,4,21,3,18,12,136,68,33,19,3,0,0,0,119,1,0
c:\Users\arthur.menezes_evolu\Desktop\Pes\libstreaming\src\net\majorkernelpanic\streaming\rtsp\RtcpDeinterleaver.java,net.majorkernelpanic.streaming.rtsp.RtcpDeinterleaver,class,1,1,0,1,13,2,0,8,0,0.5555556,0.0,0.0,6,0,6,0,0,0,6,0,0,0,6,1,1,5,0,0,1,0,0,56,3,1,3,3,0,1,5,7,0,7,2,0,0,0,27,0,0
c:\Users\arthur.menezes_evolu\Desktop\Pes\libstreaming\src\net\majorkernelpanic\streaming\rtsp\RtspClient.java,net.majorkernelpanic.streaming.rtsp.RtspClient$Response,innerclass,1,1,0,1,5,1,0,10,0,0.42857143,NaN,NaN,1,1,1,0,0,0,1,0,0,0,7,5,7,0,0,0,5,0,6,31,1,1,3,0,2,8,4,12,1,10,2,0,0,0,37,8,0
c:\Users\arthur.menezes_evolu\Desktop\Pes\libstreaming\src\net\majorkernelpanic\streaming\rtsp\RtspServer.java,net.majorkernelpanic.streaming.rtsp.RtspServer,class,14,20,6,14,42,5,0,29,119,0.9338625,0.0,0.0,18,0,15,0,3,0,18,0,0,0,21,9,9,7,5,0,10,0,4,425,9,6,7,2,0,4,7,29,0,24,4,1,6,0,183,1,0
c:\Users\arthur.menezes_evolu\Desktop\Pes\libstreaming\src\net\majorkernelpanic\streaming\gl\SurfaceManager.java,net.majorkernelpanic.streaming.gl.SurfaceManager,class,8,10,2,8,15,1,0,18,0,0.625,0.0,0.0,8,0,6,2,0,0,6,0,0,0,7,2,1,6,0,0,2,0,1,81,0,0,5,0,1,10,23,24,1,14,1,0,0,0,89,1,0
c:\Users\arthur.menezes_evolu\Desktop\Pes\libstreaming\src\net\majorkernelpanic\streaming\MediaStream.java,net.majorkernelpanic.streaming.MediaStream,class,12,22,10,12,47,1,2,26,143,0.8996863,0.0,0.0,22,0,18,0,4,0,23,3,0,3,25,9,5,3,17,0,8,0,1,212,7,1,9,8,0,11,23,53,5,31,3,0,0,0,221,1025,0
c:\Users\arthur.menezes_evolu\Desktop\Pes\libstreaming\src\net\majorkernelpanic\streaming\exceptions\ConfNotSupportedException.java,net.majorkernelpanic.streaming.exceptions.ConfNotSupportedException,class,0,3,3,0,1,4,0,0,0,0.0,NaN,NaN,1,0,1,0,0,0,1,0,0,0,1,1,0,1,0,0,1,0,0,6,0,0,0,0,0,0,1,1,0,1,0,0,0,0,13,1,0
c:\Users\arthur.menezes_evolu\Desktop\Pes\libstreaming\src\net\majorkernelpanic\streaming\rtsp\RtspServer.java,net.majorkernelpanic.streaming.rtsp.RtspServer$LocalBinder,innerclass,2,2,0,2,1,2,0,0,0,0.0,NaN,NaN,1,0,1,0,0,0,1,0,0,0,0,0,0,0,0,0,0,0,0,5,1,0,0,0,0,0,0,0,0,0,0,0,0,0,15,1,0
c:\Users\arthur.menezes_evolu\Desktop\Pes\libstreaming\src\net\majorkernelpanic\streaming\video\CodecManager.java,net.majorkernelpanic.streaming.video.CodecManager,class,2,2,0,2,0,1,0,0,0,NaN,-1.0,-1.0,0,0,0,0,0,0,0,0,0,0,3,3,3,0,0,0,3,0,0,174,0,0,0,0,0,3,0,3,0,3,0,0,3,0,43,1,0
c:\Users\arthur.menezes_evolu\Desktop\Pes\libstreaming\src\net\majorkernelpanic\streaming\audio\AudioStream.java,net.majorkernelpanic.streaming.audio.AudioStream,class,6,11,5,6,10,2,2,18,13,0.74285716,0.0,0.0,7,0,4,0,3,0,7,0,0,0,5,0,0,0,5,0,0,0,0,63,1,0,2,1,0,5,3,14,7,7,2,0,0,0,55,1025,0
c:\Users\arthur.menezes_evolu\Desktop\Pes\libstreaming\src\net\majorkernelpanic\streaming\audio\AudioQuality.java,net.majorkernelpanic.streaming.audio.AudioQuality,class,1,8,7,1,10,1,0,3,0,0.4,0.0,0.0,5,1,5,0,0,0,5,0,0,0,3,1,3,0,0,0,1,0,2,31,4,0,4,1,1,1,7,9,1,5,2,0,0,0,48,1,0
c:\Users\arthur.menezes_evolu\Desktop\Pes\libstreaming\src\net\majorkernelpanic\streaming\hw\CodecManager.java,net.majorkernelpanic.streaming.hw.CodecManager$Codec,innerclass,0,0,0,0,1,1,0,0,0,0.0,NaN,NaN,1,0,1,0,0,0,1,0,0,0,2,0,2,0,0,0,0,0,0,8,0,0,0,0,0,0,0,2,0,2,0,0,0,0,3,8,0
c:\Users\arthur.menezes_evolu\Desktop\Pes\libstreaming\src\net\majorkernelpanic\streaming\rtp\AbstractPacketizer.java,net.majorkernelpanic.streaming.rtp.AbstractPacketizer$Statistics,innerclass,0,0,0,0,10,1,0,1,2,0.6,0.0,0.0,5,0,5,0,0,0,5,0,0,0,8,1,1,7,0,0,1,0,1,51,1,0,0,0,4,1,19,30,7,12,2,0,0,0,31,12,0
c:\Users\arthur.menezes_evolu\Desktop\Pes\libstreaming\src\net\majorkernelpanic\streaming\video\CodecManager.java,net.majorkernelpanic.streaming.video.CodecManager$Codecs,innerclass,0,0,0,0,0,1,0,0,0,NaN,-1.0,-1.0,0,0,0,0,0,0,0,0,0,0,4,0,4,0,0,0,0,0,0,6,0,0,0,0,0,0,0,0,0,4,0,0,0,0,24,8,0
c:\Users\arthur.menezes_evolu\Desktop\Pes\libstreaming\src\net\majorkernelpanic\streaming\SessionBuilder.java,net.majorkernelpanic.streaming.SessionBuilder,class,14,17,3,14,38,1,0,32,256,0.9047618,0.0,0.0,28,1,27,1,0,0,27,0,1,0,21,8,7,14,0,0,7,0,0,165,27,0,6,0,0,1,10,39,0,26,3,0,0,0,108,1,0
c:\Users\arthur.menezes_evolu\Desktop\Pes\libstreaming\src\net\majorkernelpanic\streaming\rtsp\RtspServer.java,net.majorkernelpanic.streaming.rtsp.RtspServer$Request,innerclass,1,1,0,1,5,1,0,9,0,0.0,NaN,NaN,1,1,1,0,0,0,1,0,0,0,5,2,5,0,0,0,2,0,2,25,1,1,3,0,2,5,5,10,1,8,1,0,0,0,28,8,0
c:\Users\arthur.menezes_evolu\Desktop\Pes\libstreaming\src\net\majorkernelpanic\streaming\rtsp\RtspClient.java,net.majorkernelpanic.streaming.rtsp.RtspClient,class,11,16,5,11,50,1,0,42,144,0.89262825,0.0,0.0,24,1,12,12,0,0,12,0,0,0,26,12,7,18,1,0,12,0,11,404,6,2,13,7,10,104,53,71,36,52,4,7,3,0,228,1,0
c:\Users\arthur.menezes_evolu\Desktop\Pes\libstreaming\src\net\majorkernelpanic\streaming\rtp\AbstractPacketizer.java,net.majorkernelpanic.streaming.rtp.AbstractPacketizer,class,2,11,9,2,12,1,5,7,13,0.84848493,0.0,0.0,11,1,9,0,2,0,11,2,0,0,6,2,0,0,6,0,2,0,1,93,3,1,0,0,0,2,3,12,2,9,1,0,1,0,79,1025,0
c:\Users\arthur.menezes_evolu\Desktop\Pes\libstreaming\src\net\majorkernelpanic\streaming\rtp\AMRNBPacketizer.java,net.majorkernelpanic.streaming.rtp.AMRNBPacketizer,class,5,7,2,5,15,2,0,16,6,0.73333335,0.0,0.0,5,0,4,1,0,0,4,0,0,0,6,3,1,5,0,0,4,0,3,74,2,2,3,3,2,4,26,18,11,13,2,0,0,0,80,1,0
c:\Users\arthur.menezes_evolu\Desktop\Pes\libstreaming\src\net\majorkernelpanic\streaming\exceptions\StorageUnavailableException.java,net.majorkernelpanic.streaming.exceptions.StorageUnavailableException,class,0,2,2,0,1,4,0,0,0,0.0,NaN,NaN,1,0,1,0,0,0,1,0,0,0,1,1,0,1,0,0,1,0,0,6,0,0,0,0,0,0,1,1,0,1,0,0,0,0,12,1,0
c:\Users\arthur.menezes_evolu\Desktop\Pes\libstreaming\src\net\majorkernelpanic\streaming\rtcp\SenderReport.java,net.majorkernelpanic.streaming.rtcp.SenderReport,class,2,4,2,2,21,1,0,14,45,0.81696427,0.0,0.0,14,0,12,2,0,0,12,0,0,0,11,2,1,10,0,0,2,0,2,113,3,1,2,2,3,1,55,39,9,18,3,0,0,0,114,1,0
c:\Users\arthur.menezes_evolu\Desktop\Pes\libstreaming\src\net\majorkernelpanic\streaming\video\H264Stream.java,net.majorkernelpanic.streaming.video.H264Stream,class,13,15,2,13,31,3,0,60,20,0.75,0.0,0.0,8,0,5,3,0,0,5,0,0,3,3,1,1,2,0,0,1,0,4,173,7,0,5,7,2,26,11,29,6,16,3,1,0,0,180,1,0
c:\Users\arthur.menezes_evolu\Desktop\Pes\libstreaming\src\net\majorkernelpanic\streaming\rtp\H263Packetizer.java,net.majorkernelpanic.streaming.rtp.H263Packetizer,class,5,7,2,5,23,2,0,18,8,0.73333335,0.0,0.0,5,0,4,1,0,0,4,0,0,0,3,1,1,2,0,0,1,0,4,95,2,3,6,3,3,3,36,29,18,12,4,0,0,0,73,1,0
c:\Users\arthur.menezes_evolu\Desktop\Pes\libstreaming\src\net\majorkernelpanic\streaming\Session.java,net.majorkernelpanic.streaming.Session$Anonymous1,anonymous,1,1,0,1,2,1,0,1,0,0.0,NaN,NaN,1,0,1,0,0,0,1,0,0,0,0,0,0,0,0,0,0,0,0,7,0,0,1,0,0,0,0,0,0,0,1,0,0,0,6,-1,0
c:\Users\arthur.menezes_evolu\Desktop\Pes\libstreaming\src\net\majorkernelpanic\streaming\Session.java,net.majorkernelpanic.streaming.Session$Anonymous2,anonymous,1,1,0,1,2,1,0,1,0,0.0,NaN,NaN,1,0,1,0,0,0,1,0,0,0,0,0,0,0,0,0,0,0,0,10,0,0,0,1,0,0,0,0,0,0,1,0,0,0,5,-1,0
c:\Users\arthur.menezes_evolu\Desktop\Pes\libstreaming\src\net\majorkernelpanic\streaming\Session.java,net.majorkernelpanic.streaming.Session$Anonymous3,anonymous,1,1,0,1,2,1,0,1,0,0.0,NaN,NaN,1,0,1,0,0,0,1,0,0,0,0,0,0,0,0,0,0,0,0,9,0,0,0,1,0,0,0,0,0,0,1,0,0,0,5,-1,0
c:\Users\arthur.menezes_evolu\Desktop\Pes\libstreaming\src\net\majorkernelpanic\streaming\Session.java,net.majorkernelpanic.streaming.Session$Anonymous4,anonymous,1,1,0,1,1,1,0,1,0,0.0,NaN,NaN,1,0,1,0,0,0,1,0,0,0,0,0,0,0,0,0,0,0,0,5,0,0,0,0,0,0,0,0,0,0,0,0,0,0,3,-1,0
c:\Users\arthur.menezes_evolu\Desktop\Pes\libstreaming\src\net\majorkernelpanic\streaming\Session.java,net.majorkernelpanic.streaming.Session,class,15,33,18,15,85,1,0,34,429,0.9166667,0.0,0.0,42,0,31,7,0,4,35,0,0,0,20,10,10,10,0,0,10,0,2,449,12,1,25,3,8,19,37,37,15,29,3,15,1,0,311,1,0
c:\Users\arthur.menezes_evolu\Desktop\Pes\libstreaming\src\net\majorkernelpanic\streaming\gl\SurfaceView.java,net.majorkernelpanic.streaming.gl.SurfaceView$Anonymous1,anonymous,0,0,0,0,2,1,0,1,0,0.0,NaN,NaN,1,0,1,0,0,0,1,0,0,0,0,0,0,0,0,0,0,0,0,7,0,0,1,0,0,0,0,0,0,0,1,0,0,0,19,-1,0
c:\Users\arthur.menezes_evolu\Desktop\Pes\libstreaming\src\net\majorkernelpanic\streaming\Session.java,net.majorkernelpanic.streaming.Session$Anonymous5,anonymous,2,2,0,2,8,1,0,4,0,0.0,NaN,NaN,1,0,1,0,0,0,1,0,0,0,0,0,0,0,0,0,0,0,0,29,0,0,1,1,0,0,0,0,0,0,2,0,0,0,24,-1,0
c:\Users\arthur.menezes_evolu\Desktop\Pes\libstreaming\src\net\majorkernelpanic\streaming\Session.java,net.majorkernelpanic.streaming.Session$Anonymous6,anonymous,1,1,0,1,2,1,0,1,0,0.0,NaN,NaN,1,0,1,0,0,0,1,0,0,0,0,0,0,0,0,0,0,0,0,7,0,0,1,0,0,0,0,0,0,0,1,0,0,0,5,-1,0
c:\Users\arthur.menezes_evolu\Desktop\Pes\libstreaming\src\net\majorkernelpanic\streaming\Stream.java,net.majorkernelpanic.streaming.Stream,interface,1,5,4,1,14,1,0,0,91,0.0,0.0,0.0,14,0,14,0,0,0,14,0,0,0,0,0,0,0,0,0,0,0,0,16,0,0,0,0,0,0,0,0,0,0,0,0,0,0,118,1,0
c:\Users\arthur.menezes_evolu\Desktop\Pes\libstreaming\src\net\majorkernelpanic\streaming\video\CodecManager.java,net.majorkernelpanic.streaming.video.CodecManager$Selector,innerclass,5,5,0,5,28,1,0,20,0,0.0,NaN,NaN,2,2,1,1,0,0,1,0,0,0,2,2,0,2,0,0,0,0,1,112,4,8,7,4,1,19,15,31,9,22,6,0,0,0,80,8,0
c:\Users\arthur.menezes_evolu\Desktop\Pes\libstreaming\src\net\majorkernelpanic\streaming\rtp\MediaCodecInputStream.java,net.majorkernelpanic.streaming.rtp.MediaCodecInputStream,class,5,9,4,5,18,2,0,13,5,0.7083333,0.0,0.0,6,0,6,0,0,0,6,0,0,0,8,0,2,6,0,0,1,0,1,66,5,1,5,1,0,5,7,17,4,9,4,0,0,0,55,1,0
c:\Users\arthur.menezes_evolu\Desktop\Pes\libstreaming\src\net\majorkernelpanic\streaming\rtsp\RtspServer.java,net.majorkernelpanic.streaming.rtsp.RtspServer$WorkerThread,innerclass,7,7,0,7,37,2,0,51,0,0.375,0.0,0.0,4,0,3,1,0,0,3,0,0,0,4,0,0,4,0,0,3,0,9,160,6,1,6,4,1,49,16,57,12,25,4,0,0,0,84,0,0
c:\Users\arthur.menezes_evolu\Desktop\Pes\libstreaming\src\net\majorkernelpanic\streaming\mp4\MP4Config.java,net.majorkernelpanic.streaming.mp4.MP4Config,class,3,4,1,3,8,1,0,10,0,0.48571435,0.0,0.0,7,0,7,0,0,0,7,0,0,0,3,1,1,2,0,0,1,0,3,44,3,0,0,1,0,3,6,15,2,6,1,0,0,0,40,1,0
c:\Users\arthur.menezes_evolu\Desktop\Pes\libstreaming\src\net\majorkernelpanic\streaming\rtsp\RtspServer.java,net.majorkernelpanic.streaming.rtsp.RtspServer$Anonymous1,anonymous,2,2,0,2,4,1,0,6,0,0.0,NaN,NaN,1,0,1,0,0,0,1,0,0,0,0,0,0,0,0,0,0,0,2,16,0,0,1,0,0,0,0,4,0,1,2,0,0,0,26,-1,0
c:\Users\arthur.menezes_evolu\Desktop\Pes\libstreaming\src\net\majorkernelpanic\streaming\video\H263Stream.java,net.majorkernelpanic.streaming.video.H263Stream,class,5,7,2,5,6,3,0,6,10,0.0,0.0,0.0,5,0,5,0,0,0,5,0,0,2,0,0,0,0,0,0,0,0,1,25,1,0,0,0,0,3,1,5,1,0,1,0,0,0,79,1,0
c:\Users\arthur.menezes_evolu\Desktop\Pes\libstreaming\src\net\majorkernelpanic\streaming\hw\CodecManager.java,net.majorkernelpanic.streaming.hw.CodecManager,class,4,5,1,4,22,1,0,14,0,0.25,0.0,0.0,2,2,2,0,0,0,2,0,0,2,4,4,2,2,0,0,2,0,0,85,4,9,4,2,0,5,13,32,2,28,7,0,1,0,55,1,0
c:\Users\arthur.menezes_evolu\Desktop\Pes\libstreaming\src\net\majorkernelpanic\streaming\gl\SurfaceView.java,net.majorkernelpanic.streaming.gl.SurfaceView,class,12,15,3,12,24,2,0,30,50,0.8351649,0.0,0.0,13,0,12,0,1,0,13,0,0,0,14,3,3,11,0,0,5,0,0,182,1,1,7,1,0,3,7,29,0,16,5,1,1,0,128,1,0
