file,class,type,cbo,cboModified,fanin,fanout,wmc,dit,noc,rfc,lcom,lcom*,tcc,lcc,totalMethodsQty,staticMethodsQty,publicMethodsQty,privateMethodsQty,protectedMethodsQty,defaultMethodsQty,visibleMethodsQty,abstractMethodsQty,finalMethodsQty,synchronizedMethodsQty,totalFieldsQty,staticFieldsQty,publicFieldsQty,privateFieldsQty,protectedFieldsQty,defaultFieldsQty,finalFieldsQty,synchronizedFieldsQty,nosi,loc,returnQty,loopQty,comparisonsQty,tryCatchQty,parenthesizedExpsQty,stringLiteralsQty,numbersQty,assignmentsQty,mathOperationsQty,variablesQty,maxNestedBlocksQty,anonymousClassesQty,innerClassesQty,lambdasQty,uniqueWordsQty,modifiers,logStatementsQty
c:\Users\arthur.menezes_evolu\Desktop\Pes\vhr\vhr\vhrserver\vhr-model\src\main\java\org\javaboy\vhr\model\MsgContent.java,org.javaboy.vhr.model.MsgContent,class,0,1,1,0,10,1,0,1,20,0.75,0.0,0.0,8,0,8,0,0,0,8,0,0,0,4,0,0,4,0,0,0,0,0,30,4,0,2,0,0,0,0,4,0,4,0,0,0,0,15,1,0
c:\Users\arthur.menezes_evolu\Desktop\Pes\vhr\vhr\vhrserver\vhr-mapper\src\main\java\org\javaboy\vhr\mapper\SysMsgMapper.java,org.javaboy.vhr.mapper.SysMsgMapper,interface,1,1,0,1,6,1,0,0,15,0.0,0.0,0.0,6,0,0,0,0,6,6,0,0,0,0,0,0,0,0,0,0,0,0,8,0,0,0,0,0,0,0,0,0,0,0,0,0,0,14,1,0
c:\Users\arthur.menezes_evolu\Desktop\Pes\vhr\vhr\vhrserver\vhr-service\src\main\java\org\javaboy\vhr\service\SalaryService.java,org.javaboy.vhr.service.SalaryService,class,4,6,2,4,4,1,0,5,0,0.0,0.0,0.0,4,0,4,0,0,0,4,0,0,0,1,0,0,0,0,1,0,0,0,16,4,0,0,0,0,0,0,0,0,1,0,0,0,0,15,1,0
c:\Users\arthur.menezes_evolu\Desktop\Pes\vhr\vhr\vhrserver\vhr-mapper\src\main\java\org\javaboy\vhr\mapper\OpLogMapper.java,org.javaboy.vhr.mapper.OpLogMapper,interface,1,1,0,1,6,1,0,0,15,0.0,0.0,0.0,6,0,0,0,0,6,6,0,0,0,0,0,0,0,0,0,0,0,0,8,0,0,0,0,0,0,0,0,0,0,0,0,0,0,14,1,0
c:\Users\arthur.menezes_evolu\Desktop\Pes\vhr\vhr\vhrserver\vhr-web\src\main\java\org\javaboy\vhr\controller\ChatController.java,org.javaboy.vhr.controller.ChatController,class,6,6,0,6,1,1,0,1,0,0.0,NaN,NaN,1,0,1,0,0,0,1,0,0,0,1,0,0,0,0,1,0,0,0,6,1,0,0,0,0,2,0,0,0,1,0,0,0,0,8,1,0
c:\Users\arthur.menezes_evolu\Desktop\Pes\vhr\vhr\vhrserver\vhr-mapper\src\main\java\org\javaboy\vhr\mapper\EmployeeMapper.java,org.javaboy.vhr.mapper.EmployeeMapper,interface,2,3,1,2,13,1,0,0,78,0.0,0.0,0.0,13,0,0,0,0,13,13,0,0,0,0,0,0,0,0,0,0,0,0,15,0,0,0,0,0,11,0,0,0,0,0,0,0,0,32,1,0
c:\Users\arthur.menezes_evolu\Desktop\Pes\vhr\vhr\vhrserver\vhr-web\src\main\java\org\javaboy\vhr\controller\system\basic\PositionController.java,org.javaboy.vhr.controller.system.basic.PositionController,class,12,12,0,12,9,1,0,7,0,0.0,0.0,0.0,5,0,5,0,0,0,5,0,0,0,1,0,0,0,0,1,0,0,8,30,9,0,4,0,0,14,3,0,0,1,1,0,0,0,24,1,0
c:\Users\arthur.menezes_evolu\Desktop\Pes\vhr\vhr\vhrserver\vhr-service\src\main\java\org\javaboy\vhr\service\NationService.java,org.javaboy.vhr.service.NationService,class,4,5,1,4,1,1,0,1,0,0.0,NaN,NaN,1,0,1,0,0,0,1,0,0,0,1,0,0,0,0,1,0,0,0,6,1,0,0,0,0,0,0,0,0,1,0,0,0,0,11,1,0
c:\Users\arthur.menezes_evolu\Desktop\Pes\vhr\vhr\vhrserver\vhr-web\src\main\java\org\javaboy\vhr\controller\system\basic\DepartmentController.java,org.javaboy.vhr.controller.system.basic.DepartmentController,class,11,11,0,11,7,1,0,8,0,0.0,0.0,0.0,3,0,3,0,0,0,3,0,0,0,1,0,0,0,0,1,0,0,6,28,7,0,4,0,0,10,4,1,0,2,1,0,0,0,23,1,0
c:\Users\arthur.menezes_evolu\Desktop\Pes\vhr\vhr\vhrserver\vhr-mapper\src\main\java\org\javaboy\vhr\mapper\PoliticsstatusMapper.java,org.javaboy.vhr.mapper.PoliticsstatusMapper,interface,1,2,1,1,7,1,0,0,21,0.0,0.0,0.0,7,0,0,0,0,7,7,0,0,0,0,0,0,0,0,0,0,0,0,9,0,0,0,0,0,0,0,0,0,0,0,0,0,0,15,1,0
c:\Users\arthur.menezes_evolu\Desktop\Pes\vhr\vhr\vhrserver\vhr-mapper\src\main\java\org\javaboy\vhr\mapper\MailSendLogMapper.java,org.javaboy.vhr.mapper.MailSendLogMapper,interface,2,3,1,2,4,1,0,0,6,0.0,0.0,0.0,4,0,0,0,0,4,4,0,0,0,0,0,0,0,0,0,0,0,0,6,0,0,0,0,0,4,0,0,0,0,0,0,0,0,16,1,0
c:\Users\arthur.menezes_evolu\Desktop\Pes\vhr\vhr\vhrserver\vhr-service\src\main\java\org\javaboy\vhr\service\DepartmentService.java,org.javaboy.vhr.service.DepartmentService,class,4,6,2,4,4,1,0,5,0,0.0,0.0,0.0,4,0,4,0,0,0,4,0,0,0,1,0,0,0,0,1,0,0,0,16,2,0,0,0,0,0,1,0,0,1,0,0,0,0,21,1,0
c:\Users\arthur.menezes_evolu\Desktop\Pes\vhr\vhr\vhrserver\vhr-model\src\main\java\org\javaboy\vhr\model\MailSendLog.java,org.javaboy.vhr.model.MailSendLog,class,0,4,4,0,18,1,0,0,135,0.8888889,0.0,0.0,18,0,18,0,0,0,18,0,0,0,9,0,0,9,0,0,0,0,0,65,9,0,0,0,0,0,0,9,0,9,0,0,0,0,28,1,0
c:\Users\arthur.menezes_evolu\Desktop\Pes\vhr\vhr\vhrserver\vhr-model\src\main\java\org\javaboy\vhr\model\Employeeremove.java,org.javaboy.vhr.model.Employeeremove,class,0,1,1,0,16,1,0,1,77,0.85714287,0.0,0.0,14,0,14,0,0,0,14,0,0,0,7,0,0,7,0,0,0,0,0,51,7,0,2,0,0,0,0,7,0,7,0,0,0,0,20,1,0
c:\Users\arthur.menezes_evolu\Desktop\Pes\vhr\vhr\vhrserver\vhr-model\src\main\java\org\javaboy\vhr\model\MenuRole.java,org.javaboy.vhr.model.MenuRole,class,0,1,1,0,6,1,0,0,9,0.6666667,0.0,0.0,6,0,6,0,0,0,6,0,0,0,3,0,0,3,0,0,0,0,0,23,3,0,0,0,0,0,0,3,0,3,0,0,0,0,11,1,0
c:\Users\arthur.menezes_evolu\Desktop\Pes\vhr\vhr\vhrserver\vhr-web\src\main\java\org\javaboy\vhr\controller\config\SystemConfigController.java,org.javaboy.vhr.controller.config.SystemConfigController,class,6,6,0,6,1,1,0,1,0,0.0,NaN,NaN,1,0,1,0,0,0,1,0,0,0,1,0,0,0,0,1,0,0,0,6,1,0,0,0,0,2,0,0,0,1,0,0,0,0,16,1,0
c:\Users\arthur.menezes_evolu\Desktop\Pes\vhr\vhr\vhrserver\vhr-model\src\main\java\org\javaboy\vhr\model\EmpSalary.java,org.javaboy.vhr.model.EmpSalary,class,0,1,1,0,6,1,0,0,9,0.6666667,0.0,0.0,6,0,6,0,0,0,6,0,0,0,3,0,0,3,0,0,0,0,0,23,3,0,0,0,0,0,0,3,0,3,0,0,0,0,11,1,0
c:\Users\arthur.menezes_evolu\Desktop\Pes\vhr\vhr\vhrserver\vhr-web\src\main\java\org\javaboy\vhr\config\LoginFilter.java,org.javaboy.vhr.config.LoginFilter,class,11,13,2,11,12,2,0,23,1,0.5,0.0,0.0,2,0,2,0,0,0,2,0,0,0,1,0,0,0,0,1,0,0,0,45,2,0,4,1,0,9,0,11,1,8,2,0,0,0,45,1,0
c:\Users\arthur.menezes_evolu\Desktop\Pes\vhr\vhr\vhrserver\vhr-model\src\main\java\org\javaboy\vhr\model\OpLog.java,org.javaboy.vhr.model.OpLog,class,0,1,1,0,9,1,0,1,20,0.75,0.0,0.0,8,0,8,0,0,0,8,0,0,0,4,0,0,4,0,0,0,0,0,30,4,0,1,0,0,0,0,4,0,4,0,0,0,0,15,1,0
c:\Users\arthur.menezes_evolu\Desktop\Pes\vhr\vhr\vhrserver\vhr-service\src\main\java\org\javaboy\vhr\service\MenuService.java,org.javaboy.vhr.service.MenuService,class,9,12,3,9,8,1,0,10,0,0.5,0.0,0.0,5,0,5,0,0,0,5,0,0,0,2,0,0,0,0,2,0,0,0,24,6,0,3,0,1,1,1,1,0,3,1,0,0,0,27,1,0
c:\Users\arthur.menezes_evolu\Desktop\Pes\vhr\vhr\vhrserver\vhr-model\src\main\java\org\javaboy\vhr\model\Employee.java,org.javaboy.vhr.model.Employee,class,7,13,6,7,69,1,0,0,2142,0.95652187,0.0,0.0,69,0,69,0,0,0,69,0,0,0,34,0,0,34,0,0,0,0,0,243,35,0,0,0,0,46,0,34,2,34,0,0,0,0,76,1,0
c:\Users\arthur.menezes_evolu\Desktop\Pes\vhr\vhr\vhrserver\vhr-model\src\main\java\org\javaboy\vhr\model\RespPageBean.java,org.javaboy.vhr.model.RespPageBean,class,0,3,3,0,4,1,0,0,2,0.5,0.0,0.0,4,0,4,0,0,0,4,0,0,0,2,0,0,2,0,0,0,0,0,16,2,0,0,0,0,0,0,2,0,2,0,0,0,0,14,1,0
c:\Users\arthur.menezes_evolu\Desktop\Pes\vhr\vhr\vhrserver\vhr-web\src\main\java\org\javaboy\vhr\config\VerificationCode.java,org.javaboy.vhr.config.VerificationCode,class,1,3,2,1,10,1,0,18,8,0.73214287,0.0,0.0,8,1,3,5,0,0,3,0,0,0,7,0,0,7,0,0,0,0,1,66,6,2,0,0,0,7,21,28,5,28,1,0,0,0,55,1,0
c:\Users\arthur.menezes_evolu\Desktop\Pes\vhr\vhr\vhrserver\vhr-model\src\main\java\org\javaboy\vhr\model\HrRole.java,org.javaboy.vhr.model.HrRole,class,0,1,1,0,6,1,0,0,9,0.6666667,0.0,0.0,6,0,6,0,0,0,6,0,0,0,3,0,0,3,0,0,0,0,0,23,3,0,0,0,0,0,0,3,0,3,0,0,0,0,11,1,0
c:\Users\arthur.menezes_evolu\Desktop\Pes\vhr\vhr\vhrserver\vhr-service\src\main\java\org\javaboy\vhr\config\RabbitConfig.java,org.javaboy.vhr.config.RabbitConfig,class,12,13,1,12,5,1,0,11,6,0.75,0.0,0.0,4,0,0,0,0,4,4,0,0,0,3,1,1,0,0,2,1,0,0,33,4,0,0,0,0,3,1,3,2,13,2,0,0,2,22,1,3
c:\Users\arthur.menezes_evolu\Desktop\Pes\vhr\vhr\vhrserver\vhr-model\src\main\java\org\javaboy\vhr\model\AdjustSalary.java,org.javaboy.vhr.model.AdjustSalary,class,0,1,1,0,16,1,0,1,77,0.85714287,0.0,0.0,14,0,14,0,0,0,14,0,0,0,7,0,0,7,0,0,0,0,0,51,7,0,2,0,0,0,0,7,0,7,0,0,0,0,21,1,0
c:\Users\arthur.menezes_evolu\Desktop\Pes\vhr\vhr\vhrserver\vhr-model\src\main\java\org\javaboy\vhr\model\Nation.java,org.javaboy.vhr.model.Nation,class,1,7,6,1,12,1,0,4,6,0.5625,0.0,0.0,8,0,8,0,0,0,8,0,0,0,2,0,0,2,0,0,0,0,2,30,6,0,4,0,0,0,0,4,0,3,1,0,0,0,19,1,0
c:\Users\arthur.menezes_evolu\Desktop\Pes\vhr\vhr\vhrserver\vhr-service\src\main\java\org\javaboy\vhr\utils\POIUtils.java,org.javaboy.vhr.utils.POIUtils,class,17,18,1,17,36,1,0,111,1,0.0,0.0,0.0,2,2,2,0,0,0,2,0,0,0,0,0,0,0,0,0,0,0,0,296,2,4,2,2,0,37,158,61,26,60,6,0,0,0,110,1,0
c:\Users\arthur.menezes_evolu\Desktop\Pes\vhr\vhr\vhrserver\vhr-model\src\main\java\org\javaboy\vhr\model\Salary.java,org.javaboy.vhr.model.Salary,class,1,6,5,1,28,1,0,0,350,0.9285715,0.0,0.0,28,0,28,0,0,0,28,0,0,0,14,0,0,14,0,0,0,0,0,100,14,0,0,0,0,1,0,14,0,14,0,0,0,0,33,1,0
c:\Users\arthur.menezes_evolu\Desktop\Pes\vhr\vhr\vhrserver\vhr-web\src\main\java\org\javaboy\vhr\controller\HrInfoController.java,org.javaboy.vhr.controller.HrInfoController,class,14,14,0,14,7,1,0,14,0,0.5,0.0,0.0,4,0,4,0,0,0,4,0,0,0,2,0,0,0,0,2,0,0,7,34,7,0,2,0,1,14,2,6,1,8,1,0,0,0,33,1,0
c:\Users\arthur.menezes_evolu\Desktop\Pes\vhr\vhr\mailserver\src\test\java\org\javaboy\mailserver\MailserverApplicationTests.java,org.javaboy.mailserver.MailserverApplicationTests,class,2,2,0,2,1,1,0,0,0,0.0,NaN,NaN,1,0,0,0,0,1,1,0,0,0,0,0,0,0,0,0,0,0,0,4,0,0,0,0,0,0,0,0,0,0,0,0,0,0,5,0,0
c:\Users\arthur.menezes_evolu\Desktop\Pes\vhr\vhr\vhrserver\vhr-model\src\main\java\org\javaboy\vhr\model\MailConstants.java,org.javaboy.vhr.model.MailConstants,class,0,0,0,0,0,1,0,0,0,NaN,-1.0,-1.0,0,0,0,0,0,0,0,0,0,0,8,8,8,0,0,0,8,0,0,10,0,0,0,0,0,3,5,8,0,8,0,0,0,0,25,1,0
c:\Users\arthur.menezes_evolu\Desktop\Pes\vhr\vhr\vhrserver\vhr-model\src\main\java\org\javaboy\vhr\model\RespBean.java,org.javaboy.vhr.model.RespBean,class,1,13,12,1,13,1,0,0,16,0.61538464,0.0,0.0,13,5,11,2,0,0,11,0,0,0,3,0,0,3,0,0,0,0,0,48,11,0,0,0,0,0,4,6,0,3,0,0,0,0,19,1,0
c:\Users\arthur.menezes_evolu\Desktop\Pes\vhr\vhr\vhrserver\vhr-web\src\main\java\org\javaboy\vhr\config\CustomFilterInvocationSecurityMetadataSource.java,org.javaboy.vhr.config.CustomFilterInvocationSecurityMetadataSource,class,9,10,1,9,6,1,0,9,3,0.6666667,0.0,0.0,3,0,3,0,0,0,3,0,0,0,2,0,0,0,0,2,0,0,0,25,4,2,0,0,1,1,1,7,0,7,3,0,0,0,36,1,0
c:\Users\arthur.menezes_evolu\Desktop\Pes\vhr\vhr\vhrserver\vhr-web\src\test\java\org\javaboy\vhr\VhrApplicationTests.java,org.javaboy.vhr.VhrApplicationTests,class,2,2,0,2,1,1,0,0,0,0.0,NaN,NaN,1,0,1,0,0,0,1,0,0,0,0,0,0,0,0,0,0,0,0,4,0,0,0,0,0,0,0,0,0,0,0,0,0,0,5,1,0
c:\Users\arthur.menezes_evolu\Desktop\Pes\vhr\vhr\vhrserver\vhr-service\src\main\java\org\javaboy\vhr\service\JobLevelService.java,org.javaboy.vhr.service.JobLevelService,class,4,6,2,4,5,1,0,7,0,0.0,0.0,0.0,5,0,5,0,0,0,5,0,0,0,1,0,0,0,0,1,0,0,0,20,5,0,0,0,0,0,0,0,0,1,0,0,0,0,23,1,0
c:\Users\arthur.menezes_evolu\Desktop\Pes\vhr\vhr\vhrserver\vhr-mapper\src\main\java\org\javaboy\vhr\mapper\MenuRoleMapper.java,org.javaboy.vhr.mapper.MenuRoleMapper,interface,2,3,1,2,8,1,0,0,28,0.0,0.0,0.0,8,0,0,0,0,8,8,0,0,0,0,0,0,0,0,0,0,0,0,10,0,0,0,0,0,2,0,0,0,0,0,0,0,0,18,1,0
c:\Users\arthur.menezes_evolu\Desktop\Pes\vhr\vhr\vhrserver\vhr-service\src\main\java\org\javaboy\vhr\service\MailSendLogService.java,org.javaboy.vhr.service.MailSendLogService,class,4,7,3,4,4,1,0,4,0,0.0,0.0,0.0,4,0,4,0,0,0,4,0,0,0,1,0,0,0,0,1,0,0,0,15,4,0,0,0,0,0,0,0,0,1,0,0,0,0,17,1,0
c:\Users\arthur.menezes_evolu\Desktop\Pes\vhr\vhr\vhrserver\vhr-mapper\src\main\java\org\javaboy\vhr\mapper\PositionMapper.java,org.javaboy.vhr.mapper.PositionMapper,interface,2,3,1,2,8,1,0,0,28,0.0,0.0,0.0,8,0,0,0,0,8,8,0,0,0,0,0,0,0,0,0,0,0,0,10,0,0,0,0,0,1,0,0,0,0,0,0,0,0,18,1,0
c:\Users\arthur.menezes_evolu\Desktop\Pes\vhr\vhr\vhrserver\vhr-model\src\main\java\org\javaboy\vhr\model\Role.java,org.javaboy.vhr.model.Role,class,0,8,8,0,7,1,0,1,9,0.6666667,0.0,0.0,6,0,6,0,0,0,6,0,0,0,3,0,0,3,0,0,0,0,0,23,3,0,1,0,0,0,0,3,0,3,0,0,0,0,11,1,0
c:\Users\arthur.menezes_evolu\Desktop\Pes\vhr\vhr\vhrserver\vhr-model\src\main\java\org\javaboy\vhr\model\Meta.java,org.javaboy.vhr.model.Meta,class,0,1,1,0,4,1,0,0,2,0.5,0.0,0.0,4,0,4,0,0,0,4,0,0,0,2,0,0,2,0,0,0,0,0,16,2,0,0,0,0,0,0,2,0,2,0,0,0,0,15,1,0
c:\Users\arthur.menezes_evolu\Desktop\Pes\vhr\vhr\vhrserver\vhr-web\src\main\java\org\javaboy\vhr\config\SecurityConfig.java,org.javaboy.vhr.config.SecurityConfig,class,31,32,1,31,12,2,0,37,15,0.9444444,0.0,0.0,6,0,1,0,2,3,6,0,0,0,3,0,0,0,0,3,0,0,0,102,3,0,0,0,0,23,3,13,0,29,2,1,0,5,72,1,1
c:\Users\arthur.menezes_evolu\Desktop\Pes\vhr\vhr\vhrserver\vhr-mapper\src\main\java\org\javaboy\vhr\mapper\NationMapper.java,org.javaboy.vhr.mapper.NationMapper,interface,1,2,1,1,7,1,0,0,21,0.0,0.0,0.0,7,0,0,0,0,7,7,0,0,0,0,0,0,0,0,0,0,0,0,9,0,0,0,0,0,0,0,0,0,0,0,0,0,0,16,1,0
c:\Users\arthur.menezes_evolu\Desktop\Pes\vhr\vhr\vhrserver\vhr-web\src\main\java\org\javaboy\vhr\controller\system\basic\PermissController.java,org.javaboy.vhr.controller.system.basic.PermissController,class,14,14,0,14,9,1,0,8,3,0.5,0.0,0.0,6,0,6,0,0,0,6,0,0,0,2,0,0,0,0,2,0,0,6,31,9,0,2,0,0,13,2,0,0,2,1,0,0,0,29,1,0
c:\Users\arthur.menezes_evolu\Desktop\Pes\vhr\vhr\vhrserver\vhr-web\src\main\java\org\javaboy\vhr\converter\DateConverter.java,org.javaboy.vhr.converter.DateConverter,class,2,2,0,2,2,1,0,2,0,0.0,NaN,NaN,1,0,1,0,0,0,1,0,0,0,1,0,0,0,0,1,0,0,0,12,2,0,0,1,0,1,0,1,0,1,1,0,0,0,16,1,0
c:\Users\arthur.menezes_evolu\Desktop\Pes\vhr\vhr\vhrserver\vhr-mapper\src\main\java\org\javaboy\vhr\mapper\MenuMapper.java,org.javaboy.vhr.mapper.MenuMapper,interface,1,2,1,1,10,1,0,0,45,0.0,0.0,0.0,10,0,0,0,0,10,10,0,0,0,0,0,0,0,0,0,0,0,0,12,0,0,0,0,0,0,0,0,0,0,0,0,0,0,24,1,0
c:\Users\arthur.menezes_evolu\Desktop\Pes\vhr\vhr\vhrserver\vhr-web\src\main\java\org\javaboy\vhr\controller\system\HrController.java,org.javaboy.vhr.controller.system.HrController,class,13,13,0,13,8,1,0,7,0,0.5,0.0,0.0,5,0,5,0,0,0,5,0,0,0,2,0,0,0,0,2,0,0,6,28,8,0,2,0,0,12,2,0,0,2,1,0,0,0,25,1,0
c:\Users\arthur.menezes_evolu\Desktop\Pes\vhr\vhr\vhrserver\vhr-mapper\src\main\java\org\javaboy\vhr\mapper\EmpSalaryMapper.java,org.javaboy.vhr.mapper.EmpSalaryMapper,interface,1,1,0,1,6,1,0,0,15,0.0,0.0,0.0,6,0,0,0,0,6,6,0,0,0,0,0,0,0,0,0,0,0,0,8,0,0,0,0,0,0,0,0,0,0,0,0,0,0,14,1,0
c:\Users\arthur.menezes_evolu\Desktop\Pes\vhr\vhr\vhrserver\vhr-service\src\main\java\org\javaboy\vhr\service\PositionService.java,org.javaboy.vhr.service.PositionService,class,4,6,2,4,5,1,0,7,0,0.0,0.0,0.0,5,0,5,0,0,0,5,0,0,0,1,0,0,0,0,1,0,0,0,20,5,0,0,0,0,0,0,0,0,1,0,0,0,0,22,1,0
c:\Users\arthur.menezes_evolu\Desktop\Pes\vhr\vhr\vhrserver\vhr-service\src\main\java\org\javaboy\vhr\utils\HrUtils.java,org.javaboy.vhr.utils.HrUtils,class,1,2,1,1,1,1,0,3,0,0.0,NaN,NaN,1,1,1,0,0,0,1,0,0,0,0,0,0,0,0,0,0,0,0,5,1,0,0,0,1,0,0,0,0,0,0,0,0,0,8,1,0
c:\Users\arthur.menezes_evolu\Desktop\Pes\vhr\vhr\vhrserver\vhr-mapper\src\main\java\org\javaboy\vhr\mapper\AdjustSalaryMapper.java,org.javaboy.vhr.mapper.AdjustSalaryMapper,interface,1,1,0,1,6,1,0,0,15,0.0,0.0,0.0,6,0,0,0,0,6,6,0,0,0,0,0,0,0,0,0,0,0,0,8,0,0,0,0,0,0,0,0,0,0,0,0,0,0,14,1,0
c:\Users\arthur.menezes_evolu\Desktop\Pes\vhr\vhr\vhrserver\vhr-model\src\main\java\org\javaboy\vhr\model\SysMsg.java,org.javaboy.vhr.model.SysMsg,class,0,1,1,0,10,1,0,0,35,0.8,0.0,0.0,10,0,10,0,0,0,10,0,0,0,5,0,0,5,0,0,0,0,0,37,5,0,0,0,0,0,0,5,0,5,0,0,0,0,15,1,0
c:\Users\arthur.menezes_evolu\Desktop\Pes\vhr\vhr\vhrserver\vhr-web\src\main\java\org\javaboy\vhr\config\CustomUrlDecisionManager.java,org.javaboy.vhr.config.CustomUrlDecisionManager,class,6,7,1,6,8,1,0,5,3,0.0,0.0,0.0,3,0,3,0,0,0,3,0,0,0,0,0,0,0,0,0,0,0,0,28,4,2,0,0,0,3,0,2,0,2,3,0,0,0,32,1,0
c:\Users\arthur.menezes_evolu\Desktop\Pes\vhr\vhr\vhrserver\vhr-web\src\main\java\org\javaboy\vhr\config\SecurityConfig.java,org.javaboy.vhr.config.SecurityConfig$Anonymous1,anonymous,1,1,0,1,1,1,0,2,0,0.0,NaN,NaN,1,0,1,0,0,0,1,0,0,0,0,0,0,0,0,0,0,0,0,7,1,0,0,0,0,0,0,0,0,0,0,0,0,0,14,-1,0
c:\Users\arthur.menezes_evolu\Desktop\Pes\vhr\vhr\vhrserver\vhr-mapper\src\main\java\org\javaboy\vhr\mapper\HrMapper.java,org.javaboy.vhr.mapper.HrMapper,interface,3,4,1,3,12,1,0,0,66,0.0,0.0,0.0,12,0,0,0,0,12,12,0,0,0,0,0,0,0,0,0,0,0,0,14,0,0,0,0,0,6,0,0,0,0,0,0,0,0,29,1,0
c:\Users\arthur.menezes_evolu\Desktop\Pes\vhr\vhr\vhrserver\vhr-service\src\main\java\org\javaboy\vhr\service\PoliticsstatusService.java,org.javaboy.vhr.service.PoliticsstatusService,class,4,5,1,4,1,1,0,1,0,0.0,NaN,NaN,1,0,1,0,0,0,1,0,0,0,1,0,0,0,0,1,0,0,0,6,1,0,0,0,0,0,0,0,0,1,0,0,0,0,10,1,0
c:\Users\arthur.menezes_evolu\Desktop\Pes\vhr\vhr\vhrserver\vhr-web\src\main\java\org\javaboy\vhr\controller\system\basic\JobLevelController.java,org.javaboy.vhr.controller.system.basic.JobLevelController,class,12,12,0,12,9,1,0,7,0,0.0,0.0,0.0,5,0,5,0,0,0,5,0,0,0,1,0,0,0,0,1,0,0,8,30,9,0,4,0,0,14,3,0,0,1,1,0,0,0,25,1,0
c:\Users\arthur.menezes_evolu\Desktop\Pes\vhr\vhr\vhrserver\vhr-mapper\src\main\java\org\javaboy\vhr\mapper\MsgContentMapper.java,org.javaboy.vhr.mapper.MsgContentMapper,interface,1,1,0,1,6,1,0,0,15,0.0,0.0,0.0,6,0,0,0,0,6,6,0,0,0,0,0,0,0,0,0,0,0,0,8,0,0,0,0,0,0,0,0,0,0,0,0,0,0,14,1,0
c:\Users\arthur.menezes_evolu\Desktop\Pes\vhr\vhr\vhrserver\vhr-model\src\main\java\org\javaboy\vhr\model\Position.java,org.javaboy.vhr.model.Position,class,2,10,8,2,16,1,0,4,46,0.7708333,0.0,0.0,12,0,12,0,0,0,12,0,0,0,4,0,0,4,0,0,0,0,2,44,8,0,4,0,0,2,0,6,0,5,1,0,0,0,27,1,0
c:\Users\arthur.menezes_evolu\Desktop\Pes\vhr\vhr\vhrserver\vhr-model\src\main\java\org\javaboy\vhr\model\Employeetrain.java,org.javaboy.vhr.model.Employeetrain,class,0,1,1,0,12,1,0,1,35,0.8,0.0,0.0,10,0,10,0,0,0,10,0,0,0,5,0,0,5,0,0,0,0,0,37,5,0,2,0,0,0,0,5,0,5,0,0,0,0,16,1,0
c:\Users\arthur.menezes_evolu\Desktop\Pes\vhr\vhr\vhrserver\vhr-web\src\main\java\org\javaboy\vhr\config\WebSocketConfig.java,org.javaboy.vhr.config.WebSocketConfig,class,5,5,0,5,2,1,0,4,1,0.0,0.0,0.0,2,0,2,0,0,0,2,0,0,0,0,0,0,0,0,0,0,0,0,8,0,0,0,0,0,3,0,0,0,0,0,0,0,0,14,1,0
c:\Users\arthur.menezes_evolu\Desktop\Pes\vhr\vhr\vhrserver\vhr-model\src\main\java\org\javaboy\vhr\model\Politicsstatus.java,org.javaboy.vhr.model.Politicsstatus,class,1,7,6,1,12,1,0,4,6,0.5625,0.0,0.0,8,0,8,0,0,0,8,0,0,0,2,0,0,2,0,0,0,0,2,30,6,0,4,0,0,0,0,4,0,3,1,0,0,0,19,1,0
c:\Users\arthur.menezes_evolu\Desktop\Pes\vhr\vhr\vhrserver\vhr-mapper\src\main\java\org\javaboy\vhr\mapper\EmployeeecMapper.java,org.javaboy.vhr.mapper.EmployeeecMapper,interface,1,1,0,1,6,1,0,0,15,0.0,0.0,0.0,6,0,0,0,0,6,6,0,0,0,0,0,0,0,0,0,0,0,0,8,0,0,0,0,0,0,0,0,0,0,0,0,0,0,13,1,0
c:\Users\arthur.menezes_evolu\Desktop\Pes\vhr\vhr\vhrserver\vhr-web\src\main\java\org\javaboy\vhr\controller\emp\EmpBasicController.java,org.javaboy.vhr.controller.emp.EmpBasicController,class,29,29,0,29,16,1,0,22,14,0.76388884,0.0,0.0,12,0,12,0,0,0,12,0,0,0,6,0,0,0,0,6,0,0,12,59,16,0,4,0,0,24,5,3,1,9,1,0,0,0,56,1,0
c:\Users\arthur.menezes_evolu\Desktop\Pes\vhr\vhr\mailserver\.mvn\wrapper\MavenWrapperDownloader.java,MavenWrapperDownloader,class,2,3,1,2,11,1,0,20,1,0.6,NaN,NaN,2,2,1,1,0,0,1,0,0,0,5,5,0,5,0,0,5,0,9,72,0,0,3,3,0,21,4,18,6,16,4,1,0,0,85,1,0
c:\Users\arthur.menezes_evolu\Desktop\Pes\vhr\vhr\vhrserver\vhr-service\src\main\java\org\javaboy\vhr\service\RoleService.java,org.javaboy.vhr.service.RoleService,class,4,6,2,4,4,1,0,6,0,0.0,0.0,0.0,3,0,3,0,0,0,3,0,0,0,1,0,0,0,0,1,0,0,0,15,3,0,0,0,0,2,0,0,1,1,1,0,0,0,17,1,0
c:\Users\arthur.menezes_evolu\Desktop\Pes\vhr\vhr\vhrserver\vhr-model\src\main\java\org\javaboy\vhr\model\JobLevel.java,org.javaboy.vhr.model.JobLevel,class,2,10,8,2,17,1,0,3,55,0.78571427,0.0,0.0,14,0,14,0,0,0,14,0,0,0,5,0,0,5,0,0,0,0,2,51,9,0,3,0,0,2,0,7,0,6,1,0,0,0,30,1,0
c:\Users\arthur.menezes_evolu\Desktop\Pes\vhr\vhr\vhrserver\vhr-web\src\main\java\org\javaboy\vhr\controller\salary\SalaryController.java,org.javaboy.vhr.controller.salary.SalaryController,class,12,12,0,12,7,1,0,6,0,0.0,0.0,0.0,4,0,4,0,0,0,4,0,0,0,1,0,0,0,0,1,0,0,6,24,7,0,3,0,0,11,3,0,0,1,1,0,0,0,16,1,0
c:\Users\arthur.menezes_evolu\Desktop\Pes\vhr\vhr\vhrserver\vhr-web\src\main\java\org\javaboy\vhr\VhrApplication.java,org.javaboy.vhr.VhrApplication,class,5,6,1,5,1,1,0,1,0,0.0,NaN,NaN,1,1,1,0,0,0,1,0,0,0,0,0,0,0,0,0,0,0,0,5,0,0,0,0,0,1,0,0,0,0,0,0,0,0,6,1,0
c:\Users\arthur.menezes_evolu\Desktop\Pes\vhr\vhr\vhrserver\vhr-model\src\main\java\org\javaboy\vhr\model\Menu.java,org.javaboy.vhr.model.Menu,class,3,9,6,3,22,1,0,0,209,0.90909094,0.0,0.0,22,0,22,0,0,0,22,0,0,0,11,0,0,11,0,0,0,0,0,79,11,0,0,0,0,0,0,11,0,11,0,0,0,0,29,1,0
c:\Users\arthur.menezes_evolu\Desktop\Pes\vhr\vhr\vhrserver\vhr-web\src\main\java\org\javaboy\vhr\controller\LoginController.java,org.javaboy.vhr.controller.LoginController,class,7,7,0,7,2,1,0,7,1,0.0,0.0,0.0,2,0,2,0,0,0,2,0,0,0,0,0,0,0,0,0,0,0,2,13,1,0,0,0,0,4,0,4,0,4,0,0,0,0,28,1,0
c:\Users\arthur.menezes_evolu\Desktop\Pes\vhr\vhr\vhrserver\vhr-web\src\main\java\org\javaboy\vhr\controller\WsController.java,org.javaboy.vhr.controller.WsController,class,7,7,0,7,1,1,0,8,0,0.0,NaN,NaN,1,0,1,0,0,0,1,0,0,0,1,0,0,0,0,1,0,0,0,10,0,0,0,0,0,2,0,1,0,2,0,0,0,0,16,1,0
c:\Users\arthur.menezes_evolu\Desktop\Pes\vhr\vhr\vhrserver\vhr-mapper\src\main\java\org\javaboy\vhr\mapper\RoleMapper.java,org.javaboy.vhr.mapper.RoleMapper,interface,1,2,1,1,7,1,0,0,21,0.0,0.0,0.0,7,0,0,0,0,7,7,0,0,0,0,0,0,0,0,0,0,0,0,9,0,0,0,0,0,0,0,0,0,0,0,0,0,0,16,1,0
c:\Users\arthur.menezes_evolu\Desktop\Pes\vhr\vhr\vhrserver\vhr-mapper\src\main\java\org\javaboy\vhr\mapper\JobLevelMapper.java,org.javaboy.vhr.mapper.JobLevelMapper,interface,2,3,1,2,8,1,0,0,28,0.0,0.0,0.0,8,0,0,0,0,8,8,0,0,0,0,0,0,0,0,0,0,0,0,10,0,0,0,0,0,1,0,0,0,0,0,0,0,0,19,1,0
c:\Users\arthur.menezes_evolu\Desktop\Pes\vhr\vhr\vhrserver\vhr-mapper\src\main\java\org\javaboy\vhr\mapper\SalaryMapper.java,org.javaboy.vhr.mapper.SalaryMapper,interface,1,2,1,1,7,1,0,0,21,0.0,0.0,0.0,7,0,0,0,0,7,7,0,0,0,0,0,0,0,0,0,0,0,0,9,0,0,0,0,0,0,0,0,0,0,0,0,0,0,16,1,0
c:\Users\arthur.menezes_evolu\Desktop\Pes\vhr\vhr\vhrserver\vhr-model\src\main\java\org\javaboy\vhr\model\Appraise.java,org.javaboy.vhr.model.Appraise,class,0,1,1,0,15,1,0,1,54,0.8333333,0.0,0.0,12,0,12,0,0,0,12,0,0,0,6,0,0,6,0,0,0,0,0,44,6,0,3,0,0,0,0,6,0,6,0,0,0,0,18,1,0
c:\Users\arthur.menezes_evolu\Desktop\Pes\vhr\vhr\vhrserver\vhr-web\src\main\java\org\javaboy\vhr\exception\GlobalExceptionHandler.java,org.javaboy.vhr.exception.GlobalExceptionHandler,class,3,3,0,3,2,1,0,1,0,0.0,NaN,NaN,1,0,1,0,0,0,1,0,0,0,0,0,0,0,0,0,0,0,2,8,2,0,0,0,0,2,0,0,0,0,1,0,0,0,17,1,0
c:\Users\arthur.menezes_evolu\Desktop\Pes\vhr\vhr\mailserver\src\main\java\org\javaboy\mailserver\MailserverApplication.java,org.javaboy.mailserver.MailserverApplication,class,4,5,1,4,2,1,0,1,1,0.0,0.0,0.0,2,1,1,0,0,1,2,0,0,0,0,0,0,0,0,0,0,0,0,8,1,0,0,0,0,0,0,0,0,0,0,0,0,0,6,1,0
c:\Users\arthur.menezes_evolu\Desktop\Pes\vhr\vhr\vhrserver\vhr-mapper\src\main\java\org\javaboy\vhr\mapper\EmployeeremoveMapper.java,org.javaboy.vhr.mapper.EmployeeremoveMapper,interface,1,1,0,1,6,1,0,0,15,0.0,0.0,0.0,6,0,0,0,0,6,6,0,0,0,0,0,0,0,0,0,0,0,0,8,0,0,0,0,0,0,0,0,0,0,0,0,0,0,13,1,0
c:\Users\arthur.menezes_evolu\Desktop\Pes\vhr\vhr\vhrserver\vhr-model\src\main\java\org\javaboy\vhr\model\Department.java,org.javaboy.vhr.model.Department,class,1,9,8,1,24,1,0,4,136,0.85,0.0,0.0,20,0,20,0,0,0,20,0,0,0,8,0,0,8,0,0,0,0,2,72,12,0,4,0,0,0,0,11,0,9,1,0,0,0,32,1,0
c:\Users\arthur.menezes_evolu\Desktop\Pes\vhr\vhr\vhrserver\vhr-service\src\main\java\org\javaboy\vhr\service\HrService.java,org.javaboy.vhr.service.HrService,class,11,15,4,11,13,1,0,17,0,0.5,0.0,0.0,9,0,9,0,0,0,9,0,0,0,2,0,0,0,0,2,0,0,2,46,10,0,3,0,0,1,1,5,0,7,2,0,0,0,46,1,0
c:\Users\arthur.menezes_evolu\Desktop\Pes\vhr\vhr\vhrserver\vhr-web\src\main\java\org\javaboy\vhr\config\FastDFSUtils.java,org.javaboy.vhr.config.FastDFSUtils,class,4,5,1,4,6,1,0,9,0,0.0,0.0,0.0,1,1,1,0,0,0,2,0,0,0,1,1,0,1,0,0,0,0,0,30,2,0,0,2,0,2,1,4,1,4,1,0,0,0,28,1,0
c:\Users\arthur.menezes_evolu\Desktop\Pes\vhr\vhr\vhrserver\vhr-model\src\main\java\org\javaboy\vhr\model\Hr.java,org.javaboy.vhr.model.Hr,class,5,15,10,5,40,1,0,7,342,0.91883105,0.0,0.0,28,0,28,0,0,0,28,0,0,0,11,0,0,11,0,0,0,0,2,104,19,1,11,0,0,0,0,13,0,13,1,0,0,0,52,1,0
c:\Users\arthur.menezes_evolu\Desktop\Pes\vhr\vhr\vhrserver\vhr-service\src\main\java\org\javaboy\vhr\task\MailSendTask.java,org.javaboy.vhr.task.MailSendTask,class,9,9,0,9,4,1,0,10,0,0.0,NaN,NaN,1,0,1,0,0,0,1,0,0,0,3,0,0,0,0,3,0,0,0,22,1,0,2,0,0,1,3,2,0,6,2,0,0,1,19,1,0
c:\Users\arthur.menezes_evolu\Desktop\Pes\vhr\vhr\vhrserver\vhr-mapper\src\main\java\org\javaboy\vhr\mapper\DepartmentMapper.java,org.javaboy.vhr.mapper.DepartmentMapper,interface,1,2,1,1,10,1,0,0,45,0.0,0.0,0.0,10,0,0,0,0,10,10,0,0,0,0,0,0,0,0,0,0,0,0,12,0,0,0,0,0,0,0,0,0,0,0,0,0,0,25,1,0
c:\Users\arthur.menezes_evolu\Desktop\Pes\vhr\vhr\vhrserver\vhr-mapper\src\main\java\org\javaboy\vhr\mapper\EmployeetrainMapper.java,org.javaboy.vhr.mapper.EmployeetrainMapper,interface,1,1,0,1,6,1,0,0,15,0.0,0.0,0.0,6,0,0,0,0,6,6,0,0,0,0,0,0,0,0,0,0,0,0,8,0,0,0,0,0,0,0,0,0,0,0,0,0,0,13,1,0
c:\Users\arthur.menezes_evolu\Desktop\Pes\vhr\vhr\vhrserver\vhr-mapper\src\main\java\org\javaboy\vhr\mapper\HrRoleMapper.java,org.javaboy.vhr.mapper.HrRoleMapper,interface,2,3,1,2,8,1,0,0,28,0.0,0.0,0.0,8,0,0,0,0,8,8,0,0,0,0,0,0,0,0,0,0,0,0,10,0,0,0,0,0,2,0,0,0,0,0,0,0,0,18,1,0
c:\Users\arthur.menezes_evolu\Desktop\Pes\vhr\vhr\vhrserver\vhr-service\src\main\java\org\javaboy\vhr\service\EmployeeService.java,org.javaboy.vhr.service.EmployeeService,class,11,15,4,11,14,1,0,31,0,0.77777773,0.0,0.0,9,0,9,0,0,0,9,0,0,0,7,1,1,0,0,6,1,0,7,69,9,0,5,0,4,3,7,18,11,19,1,0,0,0,63,1,0
c:\Users\arthur.menezes_evolu\Desktop\Pes\vhr\vhr\mailserver\.mvn\wrapper\MavenWrapperDownloader.java,MavenWrapperDownloader$Anonymous1,anonymous,0,0,0,0,1,1,0,0,0,0.0,NaN,NaN,1,0,0,0,1,0,1,0,0,0,0,0,0,0,0,0,0,0,0,5,1,0,0,0,0,0,0,0,0,0,0,0,0,0,3,-1,0
c:\Users\arthur.menezes_evolu\Desktop\Pes\vhr\vhr\mailserver\src\main\java\org\javaboy\mailserver\receiver\MailReceiver.java,org.javaboy.mailserver.receiver.MailReceiver,class,19,20,1,19,3,1,0,32,0,0.0,NaN,NaN,1,0,1,0,0,0,1,0,0,0,5,1,1,0,0,4,1,0,0,42,1,0,0,1,0,13,0,9,3,13,1,0,0,0,42,1,3
c:\Users\arthur.menezes_evolu\Desktop\Pes\vhr\vhr\vhrserver\vhr-mapper\src\main\java\org\javaboy\vhr\mapper\AppraiseMapper.java,org.javaboy.vhr.mapper.AppraiseMapper,interface,1,1,0,1,6,1,0,0,15,0.0,0.0,0.0,6,0,0,0,0,6,6,0,0,0,0,0,0,0,0,0,0,0,0,8,0,0,0,0,0,0,0,0,0,0,0,0,0,0,13,1,0
c:\Users\arthur.menezes_evolu\Desktop\Pes\vhr\vhr\vhrserver\vhr-model\src\main\java\org\javaboy\vhr\model\ChatMsg.java,org.javaboy.vhr.model.ChatMsg,class,0,1,1,0,10,1,0,0,35,0.8,0.0,0.0,10,0,10,0,0,0,10,0,0,0,5,0,0,5,0,0,0,0,0,37,5,0,0,0,0,0,0,5,0,5,0,0,0,0,13,1,0
c:\Users\arthur.menezes_evolu\Desktop\Pes\vhr\vhr\vhrserver\vhr-web\src\main\java\org\javaboy\vhr\controller\salary\SobConfigController.java,org.javaboy.vhr.controller.salary.SobConfigController,class,11,11,0,11,5,1,0,5,1,0.5,0.0,0.0,3,0,3,0,0,0,3,0,0,0,2,0,0,0,0,2,0,0,2,17,4,0,2,0,0,8,2,1,0,3,1,0,0,0,24,1,0
c:\Users\arthur.menezes_evolu\Desktop\Pes\vhr\vhr\vhrserver\vhr-model\src\main\java\org\javaboy\vhr\model\Employeeec.java,org.javaboy.vhr.model.Employeeec,class,0,1,1,0,16,1,0,1,77,0.85714287,0.0,0.0,14,0,14,0,0,0,14,0,0,0,7,0,0,7,0,0,0,0,0,51,7,0,2,0,0,0,0,7,0,7,0,0,0,0,20,1,0
