file,class,type,cbo,cboModified,fanin,fanout,wmc,dit,noc,rfc,lcom,lcom*,tcc,lcc,totalMethodsQty,staticMethodsQty,publicMethodsQty,privateMethodsQty,protectedMethodsQty,defaultMethodsQty,visibleMethodsQty,abstractMethodsQty,finalMethodsQty,synchronizedMethodsQty,totalFieldsQty,staticFieldsQty,publicFieldsQty,privateFieldsQty,protectedFieldsQty,defaultFieldsQty,finalFieldsQty,synchronizedFieldsQty,nosi,loc,returnQty,loopQty,comparisonsQty,tryCatchQty,parenthesizedExpsQty,stringLiteralsQty,numbersQty,assignmentsQty,mathOperationsQty,variablesQty,maxNestedBlocksQty,anonymousClassesQty,innerClassesQty,lambdasQty,uniqueWordsQty,modifiers,logStatementsQty
c:\Users\arthur.menezes_evolu\Desktop\Pes\SSM\SSM-WEB\src\main\java\com\crossoverJie\intercept\MethodCacheInterceptor.java,com.crossoverJie.intercept.MethodCacheInterceptor,class,5,6,1,5,20,1,0,19,6,0.71428573,0.0,0.0,5,0,3,2,0,0,3,0,0,0,7,0,0,7,0,0,0,0,0,94,6,2,4,2,2,3,6,23,1,21,3,1,0,0,58,1,1
c:\Users\arthur.menezes_evolu\Desktop\Pes\SSM\SSM-SECONDS-KILL\SSM-SECONDS-KILL-SERVICE\src\main\java\com\crossoverJie\seconds\kill\pojo\StockOrderExample.java,com.crossoverJie.seconds.kill.pojo.StockOrderExample,class,3,5,2,3,12,2,0,4,13,0.6363637,0.0,0.0,11,0,10,0,1,0,11,0,0,0,3,0,0,0,3,0,0,0,0,352,6,0,1,0,0,0,1,8,0,6,1,0,3,0,21,1,0
c:\Users\arthur.menezes_evolu\Desktop\Pes\SSM\SSM-SECONDS-KILL\SSM-SECONDS-KILL-ORDER-CONSUMER\src\test\java\com\crossoverjie\kafka\orderconsumer\RedisTest.java,com.crossoverjie.kafka.orderconsumer.RedisTest,class,6,6,0,6,1,1,0,3,0,0.0,NaN,NaN,1,0,1,0,0,0,1,0,0,0,1,0,0,1,0,0,0,0,0,7,0,0,0,0,0,0,1,1,1,2,0,0,0,0,9,1,0
c:\Users\arthur.menezes_evolu\Desktop\Pes\SSM\SSM-WEB\src\main\java\com\crossoverJie\pojo\PriceVersionExample.java,com.crossoverJie.pojo.PriceVersionExample$GeneratedCriteria,innerclass,3,3,0,3,72,1,0,5,2169,0.8955224,0.0,0.0,67,0,63,0,4,0,67,0,0,0,1,0,0,0,1,0,0,0,0,274,63,0,4,0,0,115,1,1,2,1,1,0,0,0,42,1036,0
c:\Users\arthur.menezes_evolu\Desktop\Pes\SSM\SSM-WEB\src\main\java\com\crossoverJie\lucene\Searcher.java,com.crossoverJie.lucene.Searcher,class,15,17,2,15,5,1,0,14,1,0.0,0.0,0.0,2,2,2,0,0,0,2,0,0,0,0,0,0,0,0,0,0,0,4,40,0,1,1,1,1,14,1,18,2,18,2,0,0,0,57,1,0
c:\Users\arthur.menezes_evolu\Desktop\Pes\SSM\SSM-WEB\src\main\java\com\crossoverJie\dao\ContentDao.java,com.crossoverJie.dao.ContentDao,interface,1,2,1,1,2,1,0,0,1,0.0,0.0,0.0,2,0,0,0,0,2,2,0,0,0,0,0,0,0,0,0,0,0,0,4,0,0,0,0,0,0,0,0,0,0,0,0,0,0,16,1,0
c:\Users\arthur.menezes_evolu\Desktop\Pes\SSM\SSM-SERVICE\src\main\java\com\crossoverJie\api\dubbo\service\ssmtwo\DataSourceServiceImpl.java,com.crossoverJie.api.dubbo.service.ssmtwo.DataSourceServiceImpl,class,6,6,0,6,2,1,0,2,0,0.0,0.0,0.0,2,0,2,0,0,0,2,0,0,0,1,0,0,1,0,0,0,0,0,9,2,0,0,0,0,0,0,0,0,1,0,0,0,0,18,1,0
c:\Users\arthur.menezes_evolu\Desktop\Pes\SSM\SSM-WEB\src\main\java\com\crossoverJie\kafka\optimization\ConsumerThreadMain.java,com.crossoverJie.kafka.optimization.ConsumerThreadMain,class,1,1,0,1,1,1,0,1,0,0.0,NaN,NaN,1,1,1,0,0,0,1,0,0,0,4,4,0,4,0,0,0,0,0,10,0,0,0,0,0,3,1,5,0,5,0,0,0,0,17,1,0
c:\Users\arthur.menezes_evolu\Desktop\Pes\SSM\SSM-SECONDS-KILL\SSM-SECONDS-KILL-SERVICE\src\main\java\com\crossoverJie\seconds\kill\dao\StockMapper.java,com.crossoverJie.seconds.kill.dao.StockMapper,interface,3,4,1,3,12,1,0,0,66,0.0,0.0,0.0,12,0,0,0,0,12,12,0,0,0,0,0,0,0,0,0,0,0,0,14,0,0,0,0,0,4,0,0,0,0,0,0,0,0,17,1,0
c:\Users\arthur.menezes_evolu\Desktop\Pes\SSM\SSM-API\src\main\java\com\crossoverJie\api\DemoApi.java,com.crossoverJie.api.DemoApi,interface,0,1,1,0,1,1,0,0,0,0.0,NaN,NaN,1,0,0,0,0,1,1,0,0,0,0,0,0,0,0,0,0,0,0,3,0,0,0,0,0,0,0,0,0,0,0,0,0,0,11,1,0
c:\Users\arthur.menezes_evolu\Desktop\Pes\SSM\SSM-WEB\src\main\java\com\crossoverJie\pojo\PriceVersion.java,com.crossoverJie.pojo.PriceVersion,class,0,2,2,0,10,1,0,0,35,0.8,0.0,0.0,10,0,10,0,0,0,10,0,0,0,5,0,0,5,0,0,0,0,0,37,5,0,0,0,0,0,0,5,0,5,0,0,0,0,16,1,0
c:\Users\arthur.menezes_evolu\Desktop\Pes\SSM\SSM-SECONDS-KILL\SSM-SECONDS-KILL-WEB\src\main\java\com\crossoverJie\seconds\kill\controller\IndexController.java,com.crossoverJie.seconds.kill.controller.IndexController,class,10,11,1,10,13,1,0,9,0,0.3809524,0.0,0.0,7,0,7,0,0,0,7,0,0,0,3,0,0,3,0,0,0,0,6,75,7,0,0,6,0,23,8,12,0,9,1,0,0,0,33,1,13
c:\Users\arthur.menezes_evolu\Desktop\Pes\SSM\SSM-WEB\src\main\java\com\crossoverJie\kafka\optimization\ConsumerCallable.java,com.crossoverJie.kafka.optimization.ConsumerCallable,class,5,7,2,5,6,1,0,13,0,0.4,0.0,0.0,2,0,2,0,0,0,2,0,0,0,5,1,0,5,0,0,1,0,4,49,1,1,0,0,0,16,6,16,3,12,3,0,0,0,44,1,4
c:\Users\arthur.menezes_evolu\Desktop\Pes\SSM\SSM-SECONDS-KILL\SSM-SECONDS-KILL-SERVICE\src\main\java\com\crossoverJie\seconds\kill\config\KafkaConfig.java,com.crossoverJie.seconds.kill.config.KafkaConfig,class,7,7,0,7,2,1,0,1,0,0.0,NaN,NaN,1,0,1,0,0,0,1,0,0,0,2,0,0,2,0,0,0,0,0,17,2,0,0,0,0,8,1,2,0,4,1,0,0,0,13,1,0
c:\Users\arthur.menezes_evolu\Desktop\Pes\SSM\SSM-SECONDS-KILL\SSM-SECONDS-KILL-ORDER-CONSUMER\src\main\java\com\crossoverjie\kafka\orderconsumer\config\ConsumConfig.java,com.crossoverjie.kafka.orderconsumer.config.ConsumConfig,class,15,16,1,15,6,1,0,9,3,0.6666666,0.0,0.0,3,0,3,0,0,0,3,0,0,0,8,1,0,8,0,0,1,0,0,35,2,2,0,0,0,6,1,3,0,10,2,0,0,0,41,1,1
c:\Users\arthur.menezes_evolu\Desktop\Pes\SSM\SSM-SECONDS-KILL\SSM-SECONDS-KILL-ORDER-CONSUMER\src\main\java\com\crossoverjie\kafka\orderconsumer\service\impl\OrderServiceImpl.java,com.crossoverjie.kafka.orderconsumer.service.impl.OrderServiceImpl,class,12,13,1,12,4,1,0,11,3,0.75000006,NaN,NaN,3,0,1,2,0,0,1,0,0,0,4,0,0,4,0,0,0,0,0,25,1,0,1,0,0,3,3,4,2,7,1,0,0,0,30,1,0
c:\Users\arthur.menezes_evolu\Desktop\Pes\SSM\SSM-SECONDS-KILL\SSM-SECONDS-KILL-SERVICE\src\main\java\com\crossoverJie\seconds\kill\pojo\StockOrderExample.java,com.crossoverJie.seconds.kill.pojo.StockOrderExample$Criterion,innerclass,0,0,0,0,14,1,0,0,22,0.75,0.0,0.0,13,0,8,0,5,0,13,0,0,0,8,0,0,8,0,0,0,0,0,66,8,0,0,0,0,0,0,13,0,8,1,0,0,0,23,9,0
c:\Users\arthur.menezes_evolu\Desktop\Pes\SSM\SSM-WEB\src\main\java\com\crossoverJie\req\RedisContentReq.java,com.crossoverJie.req.RedisContentReq,class,1,3,2,1,5,2,0,1,0,0.4,0.0,0.0,5,0,5,0,0,0,5,0,0,0,2,0,0,2,0,0,0,0,0,19,3,0,0,0,0,4,0,2,2,2,0,0,0,0,16,1,0
c:\Users\arthur.menezes_evolu\Desktop\Pes\SSM\SSM-SECONDS-KILL\SSM-SECONDS-KILL-SERVICE\src\main\java\com\crossoverJie\seconds\kill\service\impl\OrderServiceImpl.java,com.crossoverJie.seconds.kill.service.impl.OrderServiceImpl,class,15,16,1,15,14,1,0,28,31,0.8333333,0.0,0.0,10,0,4,6,0,0,4,0,0,0,6,0,0,6,0,0,0,0,3,77,7,0,2,0,0,8,5,17,7,22,1,0,0,0,41,1,1
c:\Users\arthur.menezes_evolu\Desktop\Pes\SSM\SSM-WEB\src\main\java\com\crossoverJie\util\CommonUtil.java,com.crossoverJie.util.CommonUtil,class,3,6,3,3,12,1,0,18,3,0.0,0.0,0.0,3,3,3,0,0,0,3,0,0,0,0,0,0,0,0,0,0,0,0,63,1,1,0,3,0,11,1,12,1,10,4,0,0,0,53,1,0
c:\Users\arthur.menezes_evolu\Desktop\Pes\SSM\SSM-WEB\src\main\java\com\crossoverJie\pojo\RedisContentExample.java,com.crossoverJie.pojo.RedisContentExample,class,3,7,4,3,12,2,0,4,13,0.6363637,0.0,0.0,11,0,10,0,1,0,11,0,0,0,3,0,0,0,3,0,0,0,0,256,6,0,1,0,0,0,1,8,0,6,1,0,3,0,22,1,0
c:\Users\arthur.menezes_evolu\Desktop\Pes\SSM\SSM-SECONDS-KILL\SSM-SECONDS-KILL-SERVICE\src\main\java\com\crossoverJie\seconds\kill\service\OrderService.java,com.crossoverJie.seconds.kill.service.OrderService,interface,0,2,2,0,4,1,0,0,6,0.0,0.0,0.0,4,0,0,0,0,4,4,0,0,0,0,0,0,0,0,0,0,0,0,6,0,0,0,0,0,0,0,0,0,0,0,0,0,0,15,1,0
c:\Users\arthur.menezes_evolu\Desktop\Pes\SSM\SSM-WEB\src\main\java\com\crossoverJie\cxf\impl\HelloWorldImpl.java,com.crossoverJie.cxf.impl.HelloWorldImpl,class,3,4,1,3,1,1,0,0,0,0.0,NaN,NaN,1,0,1,0,0,0,1,0,0,0,0,0,0,0,0,0,0,0,0,5,1,0,0,0,0,2,0,0,1,0,0,0,0,0,5,1,0
c:\Users\arthur.menezes_evolu\Desktop\Pes\SSM\SSM-WEB\src\main\java\com\crossoverJie\pojo\PriceVersionExample.java,com.crossoverJie.pojo.PriceVersionExample,class,3,5,2,3,12,2,0,4,13,0.6363637,0.0,0.0,11,0,10,0,1,0,11,0,0,0,3,0,0,0,3,0,0,0,0,392,6,0,1,0,0,0,1,8,0,6,1,0,3,0,22,1,0
c:\Users\arthur.menezes_evolu\Desktop\Pes\SSM\SSM-WEB\src\main\java\com\crossoverJie\pojo\ContentExample.java,com.crossoverJie.pojo.ContentExample$Criterion,innerclass,0,0,0,0,14,1,0,0,22,0.75,0.0,0.0,13,0,8,0,5,0,13,0,0,0,8,0,0,8,0,0,0,0,0,66,8,0,0,0,0,0,0,13,0,8,1,0,0,0,23,9,0
c:\Users\arthur.menezes_evolu\Desktop\Pes\SSM\SSM-SERVICE\src\main\java\com\crossoverJie\api\dubbo\service\ssmone\T_userServiceImpl.java,com.crossoverJie.api.dubbo.service.ssmone.T_userServiceImpl,class,5,5,0,5,4,1,0,4,0,0.0,0.0,0.0,4,0,4,0,0,0,4,0,0,0,1,0,0,1,0,0,0,0,0,16,4,0,0,0,0,1,0,1,0,2,0,0,0,0,25,1,0
c:\Users\arthur.menezes_evolu\Desktop\Pes\SSM\SSM-WEB\src\main\java\com\crossoverJie\controller\AdminController.java,com.crossoverJie.controller.AdminController,class,8,8,0,8,5,1,0,5,6,1.0,0.0,0.0,4,0,4,0,0,0,4,0,0,0,1,0,0,1,0,0,0,0,0,24,5,0,0,1,0,12,0,2,0,3,1,0,0,0,28,1,0
c:\Users\arthur.menezes_evolu\Desktop\Pes\SSM\SSM-SERVICE\src\main\java\com\crossoverJie\api\dubbo\pojo\RediscontentExample.java,com.crossoverJie.api.dubbo.pojo.RediscontentExample$GeneratedCriteria,innerclass,3,3,0,3,38,1,0,5,486,0.7878788,0.0,0.0,33,0,29,0,4,0,33,0,0,0,1,0,0,0,1,0,0,0,0,138,29,0,4,0,0,53,1,1,2,1,1,0,0,0,38,1036,0
c:\Users\arthur.menezes_evolu\Desktop\Pes\SSM\SSM-SECONDS-KILL\SSM-SECONDS-KILL-ORDER-CONSUMER\src\main\java\com\crossoverjie\kafka\orderconsumer\pojo\StockExample.java,com.crossoverjie.kafka.orderconsumer.pojo.StockExample$Criterion,innerclass,0,0,0,0,14,1,0,0,22,0.75,0.0,0.0,13,0,8,0,5,0,13,0,0,0,8,0,0,8,0,0,0,0,0,66,8,0,0,0,0,0,0,13,0,8,1,0,0,0,23,9,0
c:\Users\arthur.menezes_evolu\Desktop\Pes\SSM\SSM-WEB\src\main\java\com\crossoverJie\util\Page.java,com.crossoverJie.util.Page,class,2,5,3,2,15,1,0,1,26,0.75384617,0.0,0.0,13,0,13,0,0,0,13,0,0,0,5,1,0,5,0,0,1,0,0,57,9,0,1,0,3,0,5,8,10,6,1,0,0,0,26,1,0
c:\Users\arthur.menezes_evolu\Desktop\Pes\SSM\SSM-WEB\src\main\java\com\crossoverJie\pojo\RedisContentExample.java,com.crossoverJie.pojo.RedisContentExample$Criteria,innerclass,1,1,0,1,1,2,0,0,0,0.0,NaN,NaN,1,0,0,0,1,0,1,0,0,0,0,0,0,0,0,0,0,0,0,5,0,0,0,0,0,0,0,0,0,0,0,0,0,0,2,9,0
c:\Users\arthur.menezes_evolu\Desktop\Pes\SSM\SSM-SECONDS-KILL\SSM-SECONDS-KILL-SERVICE\src\main\java\com\crossoverJie\seconds\kill\pojo\Stock.java,com.crossoverJie.seconds.kill.pojo.Stock,class,0,5,5,0,10,1,0,0,35,0.8333333,0.0,0.0,10,0,10,0,0,0,10,0,0,0,6,1,0,6,0,0,1,0,0,38,5,0,0,0,0,0,1,6,0,6,0,0,0,0,23,1,0
c:\Users\arthur.menezes_evolu\Desktop\Pes\SSM\SSM-SERVICE\src\main\java\com\crossoverJie\api\dubbo\pojo\ContentExample.java,com.crossoverJie.api.dubbo.pojo.ContentExample$Criteria,innerclass,1,1,0,1,1,2,0,0,0,0.0,NaN,NaN,1,0,0,0,1,0,1,0,0,0,0,0,0,0,0,0,0,0,0,5,0,0,0,0,0,0,0,0,0,0,0,0,0,0,2,9,0
c:\Users\arthur.menezes_evolu\Desktop\Pes\SSM\SSM-WEB\src\test\java\com\crossoverjie\service\impl\RedisContentServiceImplTest.java,com.crossoverjie.service.impl.RedisContentServiceImplTest,class,7,7,0,7,1,1,0,3,0,0.0,NaN,NaN,1,0,1,0,0,0,1,0,0,0,1,0,0,1,0,0,0,0,0,7,0,0,0,0,0,1,1,1,0,2,0,0,0,0,17,1,0
c:\Users\arthur.menezes_evolu\Desktop\Pes\SSM\SSM-SERVICE\src\main\java\com\crossoverJie\api\dubbo\pojo\ContentLog.java,com.crossoverJie.api.dubbo.pojo.ContentLog,class,0,0,0,0,10,1,0,0,35,0.8,0.0,0.0,10,0,10,0,0,0,10,0,0,0,5,0,0,5,0,0,0,0,0,37,5,0,0,0,0,0,0,5,0,5,0,0,0,0,14,1,0
c:\Users\arthur.menezes_evolu\Desktop\Pes\SSM\SSM-WEB\src\main\java\com\crossoverJie\lucene\Indexer.java,com.crossoverJie.lucene.Indexer,class,8,10,2,8,10,1,0,7,16,0.6944444,0.0,0.0,9,1,8,1,0,0,8,0,0,0,4,0,0,4,0,0,0,0,1,45,4,1,0,0,0,20,4,13,2,10,1,0,0,0,33,1,0
c:\Users\arthur.menezes_evolu\Desktop\Pes\SSM\SSM-SECONDS-KILL\SSM-SECONDS-KILL-SERVICE\src\main\java\com\crossoverJie\seconds\kill\pojo\StockOrder.java,com.crossoverJie.seconds.kill.pojo.StockOrder,class,0,2,2,0,8,1,0,0,20,0.75,0.0,0.0,8,0,8,0,0,0,8,0,0,0,4,0,0,4,0,0,0,0,0,30,4,0,0,0,0,0,0,4,0,4,0,0,0,0,15,1,0
c:\Users\arthur.menezes_evolu\Desktop\Pes\SSM\SSM-SECONDS-KILL\SSM-SECONDS-KILL-SERVICE\src\main\java\com\crossoverJie\seconds\kill\service\impl\StockServiceImpl.java,com.crossoverJie.seconds.kill.service.impl.StockServiceImpl,class,5,5,0,5,4,1,0,4,0,0.0,0.0,0.0,4,0,4,0,0,0,4,0,0,0,1,0,0,1,0,0,0,0,0,16,4,0,0,0,0,1,0,1,0,2,0,0,0,0,16,1,0
c:\Users\arthur.menezes_evolu\Desktop\Pes\SSM\SSM-WEB\src\main\java\com\crossoverJie\controller\MyWebSocket.java,com.crossoverJie.controller.MyWebSocket,class,11,12,1,11,11,1,0,14,4,0.61111116,0.0,0.0,9,3,9,0,0,0,9,0,0,3,4,2,0,4,0,0,0,0,4,52,1,1,0,1,0,6,1,5,3,6,2,0,0,0,38,1,0
c:\Users\arthur.menezes_evolu\Desktop\Pes\SSM\SSM-SECONDS-KILL\SSM-SECONDS-KILL-WEB\src\test\com\crossoverjie\seconds\kill\util\HttpToolsTest.java,com.crossoverjie.seconds.kill.util.HttpToolsTest,class,4,5,1,4,1,1,0,4,0,0.0,NaN,NaN,1,0,1,0,0,0,1,0,0,0,1,1,0,1,0,0,0,0,1,8,0,0,0,0,0,2,0,3,0,3,0,0,0,0,26,1,1
c:\Users\arthur.menezes_evolu\Desktop\Pes\SSM\SSM-WEB\src\main\java\com\crossoverJie\util\PropertyUtil.java,com.crossoverJie.util.PropertyUtil,class,2,3,1,2,3,2,0,6,0,0.0,0.0,0.0,2,0,1,0,1,0,2,0,0,0,1,1,1,0,0,0,0,0,0,15,1,1,0,0,0,0,0,3,0,3,1,0,0,0,21,1,0
c:\Users\arthur.menezes_evolu\Desktop\Pes\SSM\SSM-WEB\src\main\java\com\crossoverJie\dao\PriceMapper.java,com.crossoverJie.dao.PriceMapper,interface,3,9,6,3,11,1,0,0,55,0.0,0.0,0.0,11,0,0,0,0,11,11,0,0,0,0,0,0,0,0,0,0,0,0,13,0,0,0,0,0,4,0,0,0,0,0,0,0,0,16,1,0
c:\Users\arthur.menezes_evolu\Desktop\Pes\SSM\SSM-WEB\src\main\java\com\crossoverJie\pojo\ContentExample.java,com.crossoverJie.pojo.ContentExample,class,3,5,2,3,12,2,0,4,13,0.6363637,0.0,0.0,11,0,10,0,1,0,11,0,0,0,3,0,0,0,3,0,0,0,0,368,6,0,1,0,0,0,1,8,0,6,1,0,3,0,21,1,0
c:\Users\arthur.menezes_evolu\Desktop\Pes\SSM\SSM-WEB\src\main\java\com\crossoverJie\pojo\Price.java,com.crossoverJie.pojo.Price,class,0,5,5,0,9,1,0,0,12,0.6666667,0.0,0.0,9,0,9,0,0,0,9,0,0,0,4,0,0,4,0,0,0,0,0,33,5,0,0,0,0,5,0,4,2,4,0,0,0,0,16,1,0
c:\Users\arthur.menezes_evolu\Desktop\Pes\SSM\SSM-WEB\src\main\java\com\crossoverJie\util\Constants.java,com.crossoverJie.util.Constants,class,0,0,0,0,0,1,0,0,0,NaN,-1.0,-1.0,0,0,0,0,0,0,0,0,0,0,2,2,2,0,0,0,2,0,0,4,0,0,0,0,0,2,0,2,0,2,0,0,0,0,15,1,0
c:\Users\arthur.menezes_evolu\Desktop\Pes\SSM\SSM-WEB\src\main\java\com\crossoverJie\service\RediscontentService.java,com.crossoverJie.service.RediscontentService,interface,3,7,4,3,3,1,0,0,3,0.0,0.0,0.0,3,0,0,0,0,3,3,0,0,0,0,0,0,0,0,0,0,0,0,5,0,0,0,0,0,0,0,0,0,0,0,0,0,0,18,1,0
c:\Users\arthur.menezes_evolu\Desktop\Pes\SSM\SSM-WEB\src\main\java\com\crossoverJie\util\PropertyUtilExt.java,com.crossoverJie.util.PropertyUtilExt,class,3,4,1,3,8,1,0,14,4,0.5,0.0,0.0,4,4,4,0,0,0,4,0,0,0,1,1,0,1,0,0,1,0,4,51,4,0,0,2,0,9,1,17,1,12,2,0,0,0,32,1,2
c:\Users\arthur.menezes_evolu\Desktop\Pes\SSM\SSM-WEB\src\main\java\com\crossoverJie\dao\RediscontentMapper.java,com.crossoverJie.dao.RediscontentMapper,interface,3,6,3,3,11,1,0,0,55,0.0,0.0,0.0,11,0,0,0,0,11,11,0,0,0,0,0,0,0,0,0,0,0,0,13,0,0,0,0,0,4,0,0,0,0,0,0,0,0,18,1,0
c:\Users\arthur.menezes_evolu\Desktop\Pes\SSM\SSM-WEB\src\main\java\com\crossoverJie\util\DataSourceExchange.java,com.crossoverJie.util.DataSourceExchange,class,2,2,0,2,3,1,0,7,1,0.0,0.0,0.0,2,0,2,0,0,0,2,0,0,0,0,0,0,0,0,0,0,0,3,15,0,0,0,0,0,2,1,2,0,2,1,0,0,0,15,1,0
c:\Users\arthur.menezes_evolu\Desktop\Pes\SSM\SSM-WEB\src\main\java\com\crossoverJie\util\RedisUtil.java,com.crossoverJie.util.RedisUtil,class,4,7,3,4,13,1,0,12,0,0.4375,0.0,0.0,8,0,8,0,0,0,8,0,0,0,2,0,0,2,0,0,0,0,0,57,4,1,0,2,0,2,1,12,0,9,1,0,0,0,31,1,2
c:\Users\arthur.menezes_evolu\Desktop\Pes\SSM\SSM-WEB\src\main\java\com\crossoverJie\pojo\Datasource.java,com.crossoverJie.pojo.Datasource,class,0,4,4,0,4,1,0,0,2,0.5,0.0,0.0,4,0,4,0,0,0,4,0,0,0,2,0,0,2,0,0,0,0,0,16,2,0,0,0,0,0,0,2,0,2,0,0,0,0,9,1,0
c:\Users\arthur.menezes_evolu\Desktop\Pes\SSM\SSM-SECONDS-KILL\SSM-SECONDS-KILL-SERVICE\src\test\com\crossoverjie\seconds\kill\service\impl\KafkaProductTest.java,com.crossoverjie.seconds.kill.service.impl.KafkaProductTest,class,8,8,0,8,1,1,0,3,0,0.0,NaN,NaN,1,0,1,0,0,0,1,0,0,0,1,0,0,1,0,0,0,0,0,9,0,0,0,0,0,3,1,1,0,2,0,0,0,0,11,1,0
c:\Users\arthur.menezes_evolu\Desktop\Pes\SSM\SSM-WEB\src\test\java\com\crossoverjie\CommonTest.java,com.crossoverjie.CommonTest,class,1,1,0,1,2,1,0,4,1,0.0,0.0,0.0,2,0,2,0,0,0,2,0,0,0,0,0,0,0,0,0,0,0,0,12,0,0,0,0,0,3,2,4,1,4,0,0,0,0,8,1,0
c:\Users\arthur.menezes_evolu\Desktop\Pes\SSM\SSM-SERVICE\src\main\java\com\crossoverJie\api\dubbo\pojo\DatasourceExample.java,com.crossoverJie.api.dubbo.pojo.DatasourceExample$Criterion,innerclass,0,0,0,0,14,1,0,0,22,0.75,0.0,0.0,13,0,8,0,5,0,13,0,0,0,8,0,0,8,0,0,0,0,0,66,8,0,0,0,0,0,0,13,0,8,1,0,0,0,23,9,0
c:\Users\arthur.menezes_evolu\Desktop\Pes\SSM\SSM-API\src\main\java\com\crossoverJie\req\BaseRequest.java,com.crossoverJie.req.BaseRequest,class,1,5,4,1,6,1,1,2,3,0.6666667,0.0,0.0,6,0,6,0,0,0,6,0,0,0,3,1,0,3,0,0,1,0,1,23,3,0,0,0,1,3,2,3,3,3,0,0,0,0,20,1025,0
c:\Users\arthur.menezes_evolu\Desktop\Pes\SSM\SSM-SECONDS-KILL\SSM-SECONDS-KILL-ORDER-CONSUMER\src\main\java\com\crossoverjie\kafka\orderconsumer\pojo\StockExample.java,com.crossoverjie.kafka.orderconsumer.pojo.StockExample$GeneratedCriteria,innerclass,3,3,0,3,74,1,0,5,2304,0.89855075,0.0,0.0,69,0,65,0,4,0,69,0,0,0,1,0,0,0,1,0,0,0,0,282,65,0,4,0,0,119,1,1,2,1,1,0,0,0,41,1036,0
c:\Users\arthur.menezes_evolu\Desktop\Pes\SSM\SSM-WEB\src\main\java\com\crossoverJie\controller\PriceController.java,com.crossoverJie.controller.PriceController,class,15,16,1,15,9,1,0,11,0,0.5833333,0.0,0.0,3,0,3,0,0,0,3,0,0,0,4,1,0,4,0,0,0,0,0,99,3,3,0,3,0,7,6,9,0,12,2,3,0,0,23,1,3
c:\Users\arthur.menezes_evolu\Desktop\Pes\SSM\SSM-WEB\src\main\java\com\crossoverJie\pojo\ContentLog.java,com.crossoverJie.pojo.ContentLog,class,0,4,4,0,10,1,0,0,35,0.8,0.0,0.0,10,0,10,0,0,0,10,0,0,0,5,0,0,5,0,0,0,0,0,37,5,0,0,0,0,0,0,5,0,5,0,0,0,0,14,1,0
c:\Users\arthur.menezes_evolu\Desktop\Pes\SSM\SSM-WEB\src\main\java\com\crossoverJie\kafka\official\KafkaOfficialConsumer.java,com.crossoverJie.kafka.official.KafkaOfficialConsumer,class,5,6,1,5,10,1,0,15,0,0.33333334,NaN,NaN,3,3,1,2,0,0,1,0,0,0,4,4,0,4,0,0,1,0,10,58,4,1,0,1,1,9,7,20,4,14,2,0,0,0,46,1,6
c:\Users\arthur.menezes_evolu\Desktop\Pes\SSM\SSM-WEB\src\main\java\com\crossoverJie\service\ssmtwo\DataSourceServiceImpl.java,com.crossoverJie.service.ssmtwo.DataSourceServiceImpl,class,6,6,0,6,2,1,0,2,0,0.0,0.0,0.0,2,0,2,0,0,0,2,0,0,0,1,0,0,1,0,0,0,0,0,9,2,0,0,0,0,0,0,0,0,1,0,0,0,0,18,1,0
c:\Users\arthur.menezes_evolu\Desktop\Pes\SSM\SSM-WEB\src\main\java\com\crossoverJie\dao\DatasourceMapper.java,com.crossoverJie.dao.DatasourceMapper,interface,3,4,1,3,11,1,0,0,55,0.0,0.0,0.0,11,0,0,0,0,11,11,0,0,0,0,0,0,0,0,0,0,0,0,13,0,0,0,0,0,4,0,0,0,0,0,0,0,0,16,1,0
c:\Users\arthur.menezes_evolu\Desktop\Pes\SSM\SSM-WEB\src\main\java\com\crossoverJie\dao\ContentMapper.java,com.crossoverJie.dao.ContentMapper,interface,3,3,0,3,11,1,0,0,55,0.0,0.0,0.0,11,0,0,0,0,11,11,0,0,0,0,0,0,0,0,0,0,0,0,13,0,0,0,0,0,4,0,0,0,0,0,0,0,0,17,1,0
c:\Users\arthur.menezes_evolu\Desktop\Pes\SSM\SSM-WEB\src\main\java\com\crossoverJie\pojo\PriceExample.java,com.crossoverJie.pojo.PriceExample$GeneratedCriteria,innerclass,3,3,0,3,60,1,0,5,1443,0.8727273,0.0,0.0,55,0,51,0,4,0,55,0,0,0,1,0,0,0,1,0,0,0,0,226,51,0,4,0,0,93,1,1,2,1,1,0,0,0,41,1036,0
c:\Users\arthur.menezes_evolu\Desktop\Pes\SSM\SSM-WEB\src\main\java\com\crossoverJie\dao\PriceVersionMapper.java,com.crossoverJie.dao.PriceVersionMapper,interface,3,5,2,3,12,1,0,0,66,0.0,0.0,0.0,12,0,0,0,0,12,12,0,0,0,0,0,0,0,0,0,0,0,0,14,0,0,0,0,0,4,0,0,0,0,0,0,0,0,17,1,0
c:\Users\arthur.menezes_evolu\Desktop\Pes\SSM\SSM-WEB\src\main\java\com\crossoverJie\dao\ContentLogMapper.java,com.crossoverJie.dao.ContentLogMapper,interface,3,4,1,3,11,1,0,0,55,0.0,0.0,0.0,11,0,0,0,0,11,11,0,0,0,0,0,0,0,0,0,0,0,0,13,0,0,0,0,0,4,0,0,0,0,0,0,0,0,18,1,0
c:\Users\arthur.menezes_evolu\Desktop\Pes\SSM\SSM-SERVICE\src\main\java\com\crossoverJie\api\dubbo\dao\T_userDao.java,com.crossoverJie.api.dubbo.dao.T_userDao,interface,1,2,1,1,4,1,0,0,6,0.0,0.0,0.0,4,0,0,0,0,4,4,0,0,0,0,0,0,0,0,0,0,0,0,6,0,0,0,0,0,0,0,0,0,0,0,0,0,0,22,1,0
c:\Users\arthur.menezes_evolu\Desktop\Pes\SSM\SSM-SECONDS-KILL\SSM-SECONDS-KILL-SERVICE\src\main\java\com\crossoverJie\seconds\kill\pojo\StockExample.java,com.crossoverJie.seconds.kill.pojo.StockExample$GeneratedCriteria,innerclass,3,3,0,3,74,1,0,5,2304,0.89855075,0.0,0.0,69,0,65,0,4,0,69,0,0,0,1,0,0,0,1,0,0,0,0,282,65,0,4,0,0,119,1,1,2,1,1,0,0,0,41,1036,0
c:\Users\arthur.menezes_evolu\Desktop\Pes\SSM\SSM-WEB\src\main\java\com\crossoverJie\controller\ErrorController.java,com.crossoverJie.controller.ErrorController,class,9,9,0,9,2,1,0,8,0,0.0,NaN,NaN,1,0,1,0,0,0,1,0,0,0,1,0,0,1,0,0,0,0,0,15,1,0,0,0,0,1,0,2,0,2,1,0,0,0,19,1,1
c:\Users\arthur.menezes_evolu\Desktop\Pes\SSM\SSM-WEB\src\main\java\com\crossoverJie\service\ContentLogService.java,com.crossoverJie.service.ContentLogService,interface,1,3,2,1,1,1,0,0,0,0.0,NaN,NaN,1,0,0,0,0,1,1,0,0,0,0,0,0,0,0,0,0,0,0,3,0,0,0,0,0,0,0,0,0,0,0,0,0,0,9,1,0
c:\Users\arthur.menezes_evolu\Desktop\Pes\SSM\SSM-SERVICE\src\main\java\com\crossoverJie\api\dubbo\pojo\RediscontentExample.java,com.crossoverJie.api.dubbo.pojo.RediscontentExample,class,3,4,1,3,12,2,0,4,13,0.6363637,0.0,0.0,11,0,10,0,1,0,11,0,0,0,3,0,0,0,3,0,0,0,0,256,6,0,1,0,0,0,1,8,0,6,1,0,3,0,21,1,0
c:\Users\arthur.menezes_evolu\Desktop\Pes\SSM\SSM-SECONDS-KILL\SSM-SECONDS-KILL-ORDER-CONSUMER\src\main\java\com\crossoverjie\kafka\orderconsumer\pojo\Stock.java,com.crossoverjie.kafka.orderconsumer.pojo.Stock,class,2,10,8,2,10,1,0,0,35,0.8,0.0,0.0,10,0,10,0,0,0,10,0,0,0,5,0,0,5,0,0,0,0,0,37,5,0,0,0,0,0,0,5,0,5,0,0,0,0,15,1,0
c:\Users\arthur.menezes_evolu\Desktop\Pes\SSM\SSM-WEB\src\test\java\com\crossoverjie\PriceTestTest.java,com.crossoverjie.PriceTestTest,class,7,7,0,7,7,1,0,15,0,0.25,0.0,0.0,4,0,4,0,0,0,4,0,0,0,1,0,0,1,0,0,0,0,0,44,0,3,0,0,0,1,11,8,0,9,1,1,0,0,26,1,0
c:\Users\arthur.menezes_evolu\Desktop\Pes\SSM\SSM-SERVICE\src\main\java\com\crossoverJie\api\controller\CheckController.java,com.crossoverJie.api.controller.CheckController,class,5,5,0,5,1,1,0,4,0,0.0,NaN,NaN,1,0,1,0,0,0,1,0,0,0,1,0,0,1,0,0,0,0,0,18,1,0,0,0,0,3,0,2,0,2,0,0,1,0,12,1,1
c:\Users\arthur.menezes_evolu\Desktop\Pes\SSM\SSM-WEB\src\main\java\com\crossoverJie\service\ssmone\UserServiceImpl.java,com.crossoverJie.service.ssmone.UserServiceImpl,class,5,5,0,5,3,1,0,3,0,0.0,0.0,0.0,3,0,3,0,0,0,3,0,0,0,1,0,0,1,0,0,0,0,0,13,3,0,0,0,0,1,0,1,0,2,0,0,0,0,21,1,0
c:\Users\arthur.menezes_evolu\Desktop\Pes\SSM\SSM-WEB\src\main\java\com\crossoverJie\service\ssmone\ContentLogServiceImpl.java,com.crossoverJie.service.ssmone.ContentLogServiceImpl,class,5,5,0,5,1,1,0,1,0,0.0,NaN,NaN,1,0,1,0,0,0,1,0,0,0,1,0,0,1,0,0,0,0,0,6,1,0,0,0,0,0,0,0,0,1,0,0,0,0,12,1,0
c:\Users\arthur.menezes_evolu\Desktop\Pes\SSM\SSM-WEB\src\main\java\com\crossoverJie\pojo\RedisContentExample.java,com.crossoverJie.pojo.RedisContentExample$GeneratedCriteria,innerclass,3,3,0,3,38,1,0,5,486,0.7878788,0.0,0.0,33,0,29,0,4,0,33,0,0,0,1,0,0,0,1,0,0,0,0,138,29,0,4,0,0,53,1,1,2,1,1,0,0,0,38,1036,0
c:\Users\arthur.menezes_evolu\Desktop\Pes\SSM\SSM-SERVICE\src\main\java\com\crossoverJie\api\dubbo\pojo\PageEntity.java,com.crossoverJie.api.dubbo.pojo.PageEntity,class,0,0,0,0,8,1,0,0,0,0.5,0.0,0.0,8,0,8,0,0,0,8,0,0,0,3,0,0,3,0,0,0,0,0,30,4,0,0,0,1,4,1,5,4,3,0,0,0,0,19,1,0
c:\Users\arthur.menezes_evolu\Desktop\Pes\SSM\SSM-WEB\src\main\java\com\crossoverJie\controller\PriceController.java,com.crossoverJie.controller.PriceController$Anonymous2,anonymous,2,2,0,2,1,1,0,10,0,0.0,NaN,NaN,1,0,1,0,0,0,1,0,0,0,0,0,0,0,0,0,0,0,0,11,0,0,0,0,0,0,2,2,0,2,0,0,0,0,7,-1,0
c:\Users\arthur.menezes_evolu\Desktop\Pes\SSM\SSM-SERVICE\src\main\java\com\crossoverJie\api\dubbo\service\DataSourceService.java,com.crossoverJie.api.dubbo.service.DataSourceService,interface,2,3,1,2,2,1,0,0,1,0.0,0.0,0.0,2,0,0,0,0,2,2,0,0,0,0,0,0,0,0,0,0,0,0,4,0,0,0,0,0,0,0,0,0,0,0,0,0,0,15,1,0
c:\Users\arthur.menezes_evolu\Desktop\Pes\SSM\SSM-WEB\src\main\java\com\crossoverJie\controller\PriceController.java,com.crossoverJie.controller.PriceController$Anonymous1,anonymous,2,2,0,2,1,1,0,10,0,0.0,NaN,NaN,1,0,1,0,0,0,1,0,0,0,0,0,0,0,0,0,0,0,0,11,0,0,0,0,0,0,2,2,0,2,0,0,0,0,7,-1,0
c:\Users\arthur.menezes_evolu\Desktop\Pes\SSM\SSM-SECONDS-KILL\SSM-SECONDS-KILL-SERVICE\src\main\java\com\crossoverJie\seconds\kill\pojo\StockOrderExample.java,com.crossoverJie.seconds.kill.pojo.StockOrderExample$GeneratedCriteria,innerclass,3,3,0,3,62,1,0,5,1554,0.877193,0.0,0.0,57,0,53,0,4,0,57,0,0,0,1,0,0,0,1,0,0,0,0,234,53,0,4,0,0,97,1,1,2,1,1,0,0,0,42,1036,0
c:\Users\arthur.menezes_evolu\Desktop\Pes\SSM\SSM-WEB\src\main\java\com\crossoverJie\util\AbstractController.java,com.crossoverJie.util.AbstractController,class,1,2,1,1,17,1,0,2,46,0.7820513,0.0,0.0,13,0,13,0,0,0,13,0,0,0,6,0,0,6,0,0,0,0,1,62,6,0,2,0,1,0,5,13,4,7,1,0,0,0,25,1,0
c:\Users\arthur.menezes_evolu\Desktop\Pes\SSM\SSM-WEB\src\main\java\com\crossoverJie\controller\PriceController.java,com.crossoverJie.controller.PriceController$Anonymous3,anonymous,2,2,0,2,2,1,0,6,0,0.0,NaN,NaN,1,0,1,0,0,0,1,0,0,0,0,0,0,0,0,0,0,0,0,15,0,0,1,0,0,3,3,3,1,3,1,0,0,0,9,-1,3
c:\Users\arthur.menezes_evolu\Desktop\Pes\SSM\SSM-SERVICE\src\main\java\com\crossoverJie\api\dubbo\pojo\User.java,com.crossoverJie.api.dubbo.pojo.User,class,0,0,0,0,11,1,0,0,25,0.72727275,0.0,0.0,11,0,11,0,0,0,11,0,0,0,5,0,0,5,0,0,0,0,0,40,6,0,0,0,0,6,0,5,2,5,0,0,0,0,20,1,0
c:\Users\arthur.menezes_evolu\Desktop\Pes\SSM\SSM-SERVICE\src\main\java\com\crossoverJie\api\dubbo\util\DataSourceExchange.java,com.crossoverJie.api.dubbo.util.DataSourceExchange,class,2,2,0,2,3,1,0,7,1,0.0,0.0,0.0,2,0,2,0,0,0,2,0,0,0,0,0,0,0,0,0,0,0,3,15,0,0,0,0,0,2,1,2,0,2,1,0,0,0,15,1,0
c:\Users\arthur.menezes_evolu\Desktop\Pes\SSM\SSM-SECONDS-KILL\SSM-SECONDS-KILL-SERVICE\src\main\java\com\crossoverJie\seconds\kill\api\impl\StockServiceImpl.java,com.crossoverJie.seconds.kill.api.impl.StockServiceImpl,class,9,10,1,9,3,1,0,14,1,0.5,NaN,NaN,2,0,1,1,0,0,1,0,0,0,3,0,0,3,0,0,0,0,1,22,2,0,1,0,0,2,5,6,4,7,1,0,0,0,22,1,1
c:\Users\arthur.menezes_evolu\Desktop\Pes\SSM\SSM-WEB\src\main\java\com\crossoverJie\util\PreconditionUtil.java,com.crossoverJie.util.PreconditionUtil,class,3,4,1,3,15,1,0,4,28,0.875,0.0,0.0,8,7,7,1,0,0,7,0,0,0,1,1,0,1,0,0,1,0,3,28,4,0,5,0,0,1,3,2,0,2,1,0,0,0,38,1,0
c:\Users\arthur.menezes_evolu\Desktop\Pes\SSM\SSM-WEB\src\main\java\com\crossoverJie\lucene\LuceneIndex.java,com.crossoverJie.lucene.LuceneIndex,class,23,25,2,23,11,1,0,30,8,0.6,0.0,0.0,5,0,4,1,0,0,4,0,0,0,1,0,0,1,0,0,0,0,8,90,2,1,2,0,2,20,4,33,0,31,4,0,0,0,75,1,0
c:\Users\arthur.menezes_evolu\Desktop\Pes\SSM\SSM-SECONDS-KILL\SSM-SECONDS-KILL-SERVICE\src\main\java\com\crossoverJie\seconds\kill\pojo\StockOrderExample.java,com.crossoverJie.seconds.kill.pojo.StockOrderExample$Criteria,innerclass,1,1,0,1,1,2,0,0,0,0.0,NaN,NaN,1,0,0,0,1,0,1,0,0,0,0,0,0,0,0,0,0,0,0,5,0,0,0,0,0,0,0,0,0,0,0,0,0,0,2,9,0
c:\Users\arthur.menezes_evolu\Desktop\Pes\SSM\SSM-SERVICE\src\main\java\com\crossoverJie\api\dubbo\util\StringUtil.java,com.crossoverJie.api.dubbo.util.StringUtil,class,1,3,2,1,8,1,0,3,3,0.0,0.0,0.0,3,3,3,0,0,0,3,0,0,0,0,0,0,0,0,0,0,0,1,26,6,0,2,0,1,4,0,0,1,0,1,0,0,0,11,1,0
c:\Users\arthur.menezes_evolu\Desktop\Pes\SSM\SSM-SERVICE\src\main\java\com\crossoverJie\api\dubbo\pojo\DatasourceExample.java,com.crossoverJie.api.dubbo.pojo.DatasourceExample,class,3,7,4,3,12,2,0,4,13,0.6363637,0.0,0.0,11,0,10,0,1,0,11,0,0,0,3,0,0,0,3,0,0,0,0,256,6,0,1,0,0,0,1,8,0,6,1,0,3,0,21,1,0
c:\Users\arthur.menezes_evolu\Desktop\Pes\SSM\SSM-WEB\src\main\java\com\crossoverJie\pojo\PriceExample.java,com.crossoverJie.pojo.PriceExample,class,3,5,2,3,12,2,0,4,13,0.6363637,0.0,0.0,11,0,10,0,1,0,11,0,0,0,3,0,0,0,3,0,0,0,0,344,6,0,1,0,0,0,1,8,0,6,1,0,3,0,21,1,0
c:\Users\arthur.menezes_evolu\Desktop\Pes\SSM\SSM-SECONDS-KILL\SSM-SECONDS-KILL-WEB\src\test\com\crossoverjie\CurrentTest.java,com.crossoverjie.CurrentTest,class,4,5,1,4,5,1,0,9,0,0.5,0.0,0.0,2,2,2,0,0,0,2,0,0,0,3,3,0,3,0,0,0,0,1,35,0,2,0,1,0,5,7,5,0,5,2,0,1,0,44,1,3
c:\Users\arthur.menezes_evolu\Desktop\Pes\SSM\SSM-SERVICE\src\main\java\com\crossoverJie\api\dubbo\pojo\T_user.java,com.crossoverJie.api.dubbo.pojo.T_user,class,0,4,4,0,9,1,0,0,12,0.6666667,0.0,0.0,9,0,9,0,0,0,9,0,0,0,4,0,0,4,0,0,0,0,0,33,5,0,0,0,0,5,0,4,2,4,0,0,0,0,24,1,0
c:\Users\arthur.menezes_evolu\Desktop\Pes\SSM\SSM-SECONDS-KILL\SSM-SECONDS-KILL-ORDER-CONSUMER\src\main\java\com\crossoverjie\kafka\orderconsumer\pojo\StockExample.java,com.crossoverjie.kafka.orderconsumer.pojo.StockExample,class,3,5,2,3,12,2,0,4,13,0.6363637,0.0,0.0,11,0,10,0,1,0,11,0,0,0,3,0,0,0,3,0,0,0,0,400,6,0,1,0,0,0,1,8,0,6,1,0,3,0,21,1,0
c:\Users\arthur.menezes_evolu\Desktop\Pes\SSM\SSM-SERVICE\src\main\java\com\crossoverJie\api\dubbo\pojo\Rediscontent.java,com.crossoverJie.api.dubbo.pojo.Rediscontent,class,0,0,0,0,4,1,0,0,2,0.5,0.0,0.0,4,0,4,0,0,0,4,0,0,0,2,0,0,2,0,0,0,0,0,16,2,0,0,0,0,0,0,2,0,2,0,0,0,0,9,1,0
c:\Users\arthur.menezes_evolu\Desktop\Pes\SSM\SSM-SECONDS-KILL\SSM-SECONDS-KILL-ORDER-CONSUMER\src\main\java\com\crossoverjie\kafka\orderconsumer\service\StockService.java,com.crossoverjie.kafka.orderconsumer.service.StockService,interface,1,3,2,1,4,1,0,0,6,0.0,0.0,0.0,4,0,0,0,0,4,4,0,0,0,0,0,0,0,0,0,0,0,0,6,0,0,0,0,0,0,0,0,0,0,0,0,0,0,14,1,0
c:\Users\arthur.menezes_evolu\Desktop\Pes\SSM\SSM-SECONDS-KILL\SSM-SECONDS-KILL-ORDER-CONSUMER\src\main\java\com\crossoverjie\kafka\orderconsumer\pojo\StockExample.java,com.crossoverjie.kafka.orderconsumer.pojo.StockExample$Criteria,innerclass,1,1,0,1,1,2,0,0,0,0.0,NaN,NaN,1,0,0,0,1,0,1,0,0,0,0,0,0,0,0,0,0,0,0,5,0,0,0,0,0,0,0,0,0,0,0,0,0,0,2,9,0
c:\Users\arthur.menezes_evolu\Desktop\Pes\SSM\SSM-SECONDS-KILL\SSM-SECONDS-KILL-ORDER-CONSUMER\src\main\java\com\crossoverjie\kafka\orderconsumer\mapper\StockMapper.java,com.crossoverjie.kafka.orderconsumer.mapper.StockMapper,interface,4,6,2,4,6,1,0,0,15,0.0,0.0,0.0,6,0,0,0,0,6,6,0,0,0,0,0,0,0,0,0,0,0,0,8,0,0,0,0,0,4,0,0,0,0,0,0,0,0,12,1,0
c:\Users\arthur.menezes_evolu\Desktop\Pes\SSM\SSM-API\src\main\java\com\crossoverJie\api\UserInfoApi.java,com.crossoverJie.api.UserInfoApi,interface,2,3,1,2,1,1,0,0,0,0.0,NaN,NaN,1,0,0,0,0,1,1,0,0,0,0,0,0,0,0,0,0,0,0,3,0,0,0,0,0,0,0,0,0,0,0,0,0,0,11,1,0
c:\Users\arthur.menezes_evolu\Desktop\Pes\SSM\SSM-SECONDS-KILL\SSM-SECONDS-KILL-API\src\main\java\com\crossoverJie\seconds\kill\api\OrderService.java,com.crossoverJie.seconds.kill.api.OrderService,interface,0,2,2,0,4,1,0,0,6,0.0,0.0,0.0,4,0,0,0,0,4,4,0,0,0,0,0,0,0,0,0,0,0,0,6,0,0,0,0,0,0,0,0,0,0,0,0,0,0,15,1,0
c:\Users\arthur.menezes_evolu\Desktop\Pes\SSM\SSM-SERVICE\src\main\java\com\crossoverJie\api\dubbo\pojo\RediscontentExample.java,com.crossoverJie.api.dubbo.pojo.RediscontentExample$Criteria,innerclass,1,1,0,1,1,2,0,0,0,0.0,NaN,NaN,1,0,0,0,1,0,1,0,0,0,0,0,0,0,0,0,0,0,0,5,0,0,0,0,0,0,0,0,0,0,0,0,0,0,2,9,0
c:\Users\arthur.menezes_evolu\Desktop\Pes\SSM\SSM-WEB\src\main\java\com\crossoverJie\util\DataSourceHolder.java,com.crossoverJie.util.DataSourceHolder,class,0,3,3,0,2,1,0,2,0,0.0,0.0,0.0,2,2,2,0,0,0,2,0,0,0,1,1,0,1,0,0,1,0,0,9,1,0,0,0,0,0,0,1,0,1,0,0,0,0,10,1,0
c:\Users\arthur.menezes_evolu\Desktop\Pes\SSM\SSM-WEB\src\main\java\com\crossoverJie\pojo\Content.java,com.crossoverJie.pojo.Content,class,0,8,8,0,9,1,0,0,12,0.6666667,0.0,0.0,9,0,9,0,0,0,9,0,0,0,4,0,0,4,0,0,0,0,0,33,5,0,0,0,0,5,0,4,2,4,0,0,0,0,13,1,0
c:\Users\arthur.menezes_evolu\Desktop\Pes\SSM\SSM-SECONDS-KILL\SSM-SECONDS-KILL-API\src\main\java\com\crossoverJie\seconds\kill\api\dto\JsonSerializer.java,com.crossoverJie.seconds.kill.api.dto.JsonSerializer,class,4,5,1,4,6,1,0,1,6,0.0,0.0,0.0,4,0,4,0,0,0,4,0,0,0,0,0,0,0,0,0,0,0,0,20,1,0,1,1,0,3,0,2,1,1,2,0,0,0,15,1,0
c:\Users\arthur.menezes_evolu\Desktop\Pes\SSM\SSM-SECONDS-KILL\SSM-SECONDS-KILL-ORDER-CONSUMER\src\main\java\com\crossoverjie\kafka\orderconsumer\pojo\StockOrderExample.java,com.crossoverjie.kafka.orderconsumer.pojo.StockOrderExample$GeneratedCriteria,innerclass,3,3,0,3,62,1,0,5,1554,0.877193,0.0,0.0,57,0,53,0,4,0,57,0,0,0,1,0,0,0,1,0,0,0,0,234,53,0,4,0,0,97,1,1,2,1,1,0,0,0,42,1036,0
c:\Users\arthur.menezes_evolu\Desktop\Pes\SSM\SSM-SECONDS-KILL\SSM-SECONDS-KILL-ORDER-CONSUMER\src\main\java\com\crossoverjie\kafka\orderconsumer\pojo\StockOrder.java,com.crossoverjie.kafka.orderconsumer.pojo.StockOrder,class,4,6,2,4,8,1,0,0,20,0.75,0.0,0.0,8,0,8,0,0,0,8,0,0,0,4,0,0,4,0,0,0,0,0,30,4,0,0,0,0,2,0,4,0,4,0,0,0,0,17,1,0
c:\Users\arthur.menezes_evolu\Desktop\Pes\SSM\SSM-WEB\src\main\java\com\crossoverJie\enums\StatusEnum.java,com.crossoverJie.enums.StatusEnum,enum,1,6,5,1,12,1,0,6,2,0.5,0.0,0.0,8,3,7,1,0,0,7,0,0,0,2,0,0,2,0,0,2,0,3,45,7,3,0,0,0,7,0,4,1,4,2,0,0,0,30,1,0
c:\Users\arthur.menezes_evolu\Desktop\Pes\SSM\SSM-SERVICE\src\main\java\com\crossoverJie\api\dubbo\util\PageEntity.java,com.crossoverJie.api.dubbo.util.PageEntity,class,1,1,0,1,4,1,0,0,2,0.5,0.0,0.0,4,0,4,0,0,0,4,0,0,0,2,0,0,2,0,0,0,0,0,16,2,0,0,0,0,0,0,2,0,2,0,0,0,0,9,1,0
c:\Users\arthur.menezes_evolu\Desktop\Pes\SSM\SSM-SERVICE\src\main\java\com\crossoverJie\api\dubbo\util\DataSourceHolder.java,com.crossoverJie.api.dubbo.util.DataSourceHolder,class,0,2,2,0,2,1,0,2,0,0.0,0.0,0.0,2,2,2,0,0,0,2,0,0,0,1,1,0,1,0,0,1,0,0,9,1,0,0,0,0,0,0,1,0,1,0,0,0,0,19,1,0
c:\Users\arthur.menezes_evolu\Desktop\Pes\SSM\SSM-WEB\src\main\java\com\crossoverJie\kafka\optimization\ConsumerGroup.java,com.crossoverJie.kafka.optimization.ConsumerGroup,class,5,7,2,5,5,1,0,9,0,0.16666667,0.0,0.0,2,0,2,0,0,0,2,0,0,0,3,1,0,3,0,0,0,0,2,25,0,2,0,0,0,2,3,9,1,9,1,0,0,0,34,1,1
c:\Users\arthur.menezes_evolu\Desktop\Pes\SSM\SSM-WEB\src\main\java\com\crossoverJie\pojo\ContentExample.java,com.crossoverJie.pojo.ContentExample$Criteria,innerclass,1,1,0,1,1,2,0,0,0,0.0,NaN,NaN,1,0,0,0,1,0,1,0,0,0,0,0,0,0,0,0,0,0,0,5,0,0,0,0,0,0,0,0,0,0,0,0,0,0,2,9,0
c:\Users\arthur.menezes_evolu\Desktop\Pes\SSM\SSM-SECONDS-KILL\SSM-SECONDS-KILL-ORDER-CONSUMER\src\main\java\com\crossoverjie\kafka\orderconsumer\pojo\StockOrderExample.java,com.crossoverjie.kafka.orderconsumer.pojo.StockOrderExample,class,3,5,2,3,12,2,0,4,13,0.6363637,0.0,0.0,11,0,10,0,1,0,11,0,0,0,3,0,0,0,3,0,0,0,0,352,6,0,1,0,0,0,1,8,0,6,1,0,3,0,21,1,0
c:\Users\arthur.menezes_evolu\Desktop\Pes\SSM\SSM-SECONDS-KILL\SSM-SECONDS-KILL-WEB\src\main\java\com\crossoverJie\seconds\kill\config\RedisLimitConfig.java,com.crossoverJie.seconds.kill.config.RedisLimitConfig,class,8,9,1,8,1,1,0,3,0,0.33333334,NaN,NaN,1,0,1,0,0,0,1,0,0,0,3,0,0,3,0,0,0,0,0,9,1,0,0,0,0,1,0,2,0,4,0,0,0,0,15,1,0
c:\Users\arthur.menezes_evolu\Desktop\Pes\SSM\SSM-WEB\src\main\java\com\crossoverJie\shiro\MyRealm.java,com.crossoverJie.shiro.MyRealm,class,10,10,0,10,3,2,0,10,0,0.0,0.0,0.0,2,0,0,0,2,0,2,0,0,0,1,0,0,1,0,0,0,0,0,23,3,0,1,0,0,1,0,7,0,8,1,0,0,0,34,1,0
c:\Users\arthur.menezes_evolu\Desktop\Pes\SSM\SSM-WEB\src\test\java\com\crossoverjie\service\impl\DataSourceServiceImplTest.java,com.crossoverjie.service.impl.DataSourceServiceImplTest,class,8,8,0,8,2,1,0,4,0,0.0,0.0,0.0,2,0,2,0,0,0,2,0,0,0,1,0,0,1,0,0,0,0,1,12,0,0,0,0,0,1,2,2,0,3,0,0,0,0,18,1,0
c:\Users\arthur.menezes_evolu\Desktop\Pes\SSM\SSM-WEB\src\main\java\com\crossoverJie\pojo\PageEntity.java,com.crossoverJie.pojo.PageEntity,class,0,1,1,0,7,1,0,0,0,0.5714286,0.0,0.0,7,0,7,0,0,0,7,0,0,0,3,0,0,3,0,0,0,0,0,27,3,0,0,0,1,0,1,5,2,3,0,0,0,0,17,1,0
c:\Users\arthur.menezes_evolu\Desktop\Pes\SSM\SSM-WEB\src\main\java\com\crossoverJie\kafka\optimization\ConsumerFuture.java,com.crossoverJie.kafka.optimization.ConsumerFuture,class,0,2,2,0,5,1,0,0,0,0.4,0.0,0.0,5,0,5,0,0,0,5,0,0,0,2,0,0,2,0,0,0,0,0,20,2,0,0,0,0,0,0,4,0,2,0,0,0,0,13,1,0
c:\Users\arthur.menezes_evolu\Desktop\Pes\SSM\SSM-SECONDS-KILL\SSM-SECONDS-KILL-ORDER-CONSUMER\src\test\java\com\crossoverjie\kafka\orderconsumer\OrderConsumerApplicationTests.java,com.crossoverjie.kafka.orderconsumer.OrderConsumerApplicationTests,class,7,7,0,7,1,1,0,8,0,0.0,NaN,NaN,1,0,1,0,0,0,1,0,0,0,1,0,0,1,0,0,0,0,0,13,0,0,0,0,0,0,4,3,0,4,0,0,0,0,11,1,0
c:\Users\arthur.menezes_evolu\Desktop\Pes\SSM\SSM-WEB\src\main\java\com\crossoverJie\pojo\ContentExample.java,com.crossoverJie.pojo.ContentExample$GeneratedCriteria,innerclass,3,3,0,3,66,1,0,5,1788,0.8852459,0.0,0.0,61,0,57,0,4,0,61,0,0,0,1,0,0,0,1,0,0,0,0,250,57,0,4,0,0,105,1,1,2,1,1,0,0,0,40,1036,0
c:\Users\arthur.menezes_evolu\Desktop\Pes\SSM\SSM-SECONDS-KILL\SSM-SECONDS-KILL-ORDER-CONSUMER\src\main\java\com\crossoverjie\kafka\orderconsumer\pojo\StockOrderExample.java,com.crossoverjie.kafka.orderconsumer.pojo.StockOrderExample$Criteria,innerclass,1,1,0,1,1,2,0,0,0,0.0,NaN,NaN,1,0,0,0,1,0,1,0,0,0,0,0,0,0,0,0,0,0,0,5,0,0,0,0,0,0,0,0,0,0,0,0,0,0,2,9,0
c:\Users\arthur.menezes_evolu\Desktop\Pes\SSM\SSM-WEB\src\main\java\com\crossoverJie\pojo\RedisContent.java,com.crossoverJie.pojo.RedisContent,class,0,6,6,0,4,1,0,0,2,0.5,0.0,0.0,4,0,4,0,0,0,4,0,0,0,2,0,0,2,0,0,0,0,0,16,2,0,0,0,0,0,0,2,0,2,0,0,0,0,9,1,0
c:\Users\arthur.menezes_evolu\Desktop\Pes\SSM\SSM-SECONDS-KILL\SSM-SECONDS-KILL-WEB\src\test\com\crossoverjie\CurrentTest.java,com.crossoverjie.CurrentTest$Worker,innerclass,1,1,0,1,2,1,0,3,0,0.0,0.0,0.0,2,0,2,0,0,0,2,0,0,0,1,0,0,1,0,0,0,0,1,10,0,0,0,0,0,1,0,2,0,2,0,0,0,0,5,10,1
c:\Users\arthur.menezes_evolu\Desktop\Pes\SSM\SSM-WEB\src\main\java\com\crossoverJie\util\DynamicDataSource.java,com.crossoverJie.util.DynamicDataSource,class,2,2,0,2,1,2,0,1,0,0.0,NaN,NaN,1,0,0,0,1,0,1,0,0,0,0,0,0,0,0,0,0,0,1,5,1,0,0,0,0,0,0,0,0,0,0,0,0,0,13,1,0
c:\Users\arthur.menezes_evolu\Desktop\Pes\SSM\SSM-WEB\src\main\java\com\crossoverJie\pojo\DatasourceExample.java,com.crossoverJie.pojo.DatasourceExample$Criteria,innerclass,1,1,0,1,1,2,0,0,0,0.0,NaN,NaN,1,0,0,0,1,0,1,0,0,0,0,0,0,0,0,0,0,0,0,5,0,0,0,0,0,0,0,0,0,0,0,0,0,0,2,9,0
c:\Users\arthur.menezes_evolu\Desktop\Pes\SSM\SSM-WEB\src\main\java\com\crossoverJie\pojo\ContentLogExample.java,com.crossoverJie.pojo.ContentLogExample$Criteria,innerclass,1,1,0,1,1,2,0,0,0,0.0,NaN,NaN,1,0,0,0,1,0,1,0,0,0,0,0,0,0,0,0,0,0,0,5,0,0,0,0,0,0,0,0,0,0,0,0,0,0,2,9,0
c:\Users\arthur.menezes_evolu\Desktop\Pes\SSM\SSM-WEB\src\main\java\com\crossoverJie\service\DataSourceService.java,com.crossoverJie.service.DataSourceService,interface,2,4,2,2,2,1,0,0,1,0.0,0.0,0.0,2,0,0,0,0,2,2,0,0,0,0,0,0,0,0,0,0,0,0,4,0,0,0,0,0,0,0,0,0,0,0,0,0,0,15,1,0
c:\Users\arthur.menezes_evolu\Desktop\Pes\SSM\SSM-WEB\src\main\java\com\crossoverJie\util\PageUtil.java,com.crossoverJie.util.PageUtil,class,0,1,1,0,11,1,0,2,0,0.0,NaN,NaN,1,1,1,0,0,0,1,0,0,0,0,0,0,0,0,0,0,0,0,47,2,1,5,0,4,36,12,3,18,3,3,0,0,0,19,1,0
c:\Users\arthur.menezes_evolu\Desktop\Pes\SSM\SSM-API\src\main\java\com\crossoverJie\dto\DemoDTO.java,com.crossoverJie.dto.DemoDTO,class,0,0,0,0,0,1,0,0,0,0.0,-1.0,-1.0,0,0,0,0,0,0,0,0,0,0,0,0,0,0,0,0,0,0,0,2,0,0,0,0,0,0,0,0,0,0,0,0,0,0,6,1,0
c:\Users\arthur.menezes_evolu\Desktop\Pes\SSM\SSM-SERVICE\src\main\java\com\crossoverJie\api\dubbo\pojo\Content.java,com.crossoverJie.api.dubbo.pojo.Content,class,0,0,0,0,9,1,0,0,12,0.6666667,0.0,0.0,9,0,9,0,0,0,9,0,0,0,4,0,0,4,0,0,0,0,0,33,5,0,0,0,0,5,0,4,2,4,0,0,0,0,13,1,0
c:\Users\arthur.menezes_evolu\Desktop\Pes\SSM\SSM-SERVICE\src\main\java\com\crossoverJie\api\dubbo\pojo\DatasourceExample.java,com.crossoverJie.api.dubbo.pojo.DatasourceExample$Criteria,innerclass,1,1,0,1,1,2,0,0,0,0.0,NaN,NaN,1,0,0,0,1,0,1,0,0,0,0,0,0,0,0,0,0,0,0,5,0,0,0,0,0,0,0,0,0,0,0,0,0,0,2,9,0
c:\Users\arthur.menezes_evolu\Desktop\Pes\SSM\SSM-SECONDS-KILL\SSM-SECONDS-KILL-API\src\main\java\com\crossoverJie\seconds\kill\api\constant\RedisKeysConstant.java,com.crossoverJie.seconds.kill.api.constant.RedisKeysConstant,class,0,0,0,0,0,1,0,0,0,NaN,-1.0,-1.0,0,0,0,0,0,0,0,0,0,0,3,3,3,0,0,0,3,0,0,5,0,0,0,0,0,3,0,3,0,3,0,0,0,0,19,1,0
c:\Users\arthur.menezes_evolu\Desktop\Pes\SSM\SSM-SERVICE\src\main\java\com\crossoverJie\api\dubbo\service\T_userService.java,com.crossoverJie.api.dubbo.service.T_userService,interface,1,3,2,1,4,1,0,0,6,0.0,0.0,0.0,4,0,4,0,0,0,4,0,0,0,0,0,0,0,0,0,0,0,0,6,0,0,0,0,0,0,0,0,0,0,0,0,0,0,22,1,0
c:\Users\arthur.menezes_evolu\Desktop\Pes\SSM\SSM-SERVICE\src\main\java\com\crossoverJie\api\dubbo\pojo\ContentExample.java,com.crossoverJie.api.dubbo.pojo.ContentExample,class,3,4,1,3,12,2,0,4,13,0.6363637,0.0,0.0,11,0,10,0,1,0,11,0,0,0,3,0,0,0,3,0,0,0,0,368,6,0,1,0,0,0,1,8,0,6,1,0,3,0,21,1,0
c:\Users\arthur.menezes_evolu\Desktop\Pes\SSM\SSM-WEB\src\main\java\com\crossoverJie\intercept\Intercept.java,com.crossoverJie.intercept.Intercept,class,0,0,0,0,0,1,0,0,0,0.0,-1.0,-1.0,0,0,0,0,0,0,0,0,0,0,0,0,0,0,0,0,0,0,0,2,0,0,0,0,0,0,0,0,0,0,0,0,0,0,5,1,0
c:\Users\arthur.menezes_evolu\Desktop\Pes\SSM\SSM-SECONDS-KILL\SSM-SECONDS-KILL-ORDER-CONSUMER\src\main\java\com\crossoverjie\kafka\orderconsumer\kafka\ConsumerGroup.java,com.crossoverjie.kafka.orderconsumer.kafka.ConsumerGroup,class,4,7,3,4,4,1,0,6,0,0.16666667,0.0,0.0,2,0,2,0,0,0,2,0,0,0,3,1,0,3,0,0,0,0,0,20,0,2,0,0,0,2,3,6,0,6,1,0,0,0,30,1,1
c:\Users\arthur.menezes_evolu\Desktop\Pes\SSM\SSM-SECONDS-KILL\SSM-SECONDS-KILL-API\src\main\java\com\crossoverJie\seconds\kill\api\StockService.java,com.crossoverJie.seconds.kill.api.StockService,interface,0,2,2,0,1,1,0,0,0,0.0,NaN,NaN,1,0,0,0,0,1,1,0,0,0,0,0,0,0,0,0,0,0,0,3,0,0,0,0,0,0,0,0,0,0,0,0,0,0,10,1,0
c:\Users\arthur.menezes_evolu\Desktop\Pes\SSM\SSM-SECONDS-KILL\SSM-SECONDS-KILL-ORDER-CONSUMER\src\main\java\com\crossoverjie\kafka\orderconsumer\dto\JsonSerializer.java,com.crossoverjie.kafka.orderconsumer.dto.JsonSerializer,class,4,4,0,4,6,1,0,1,6,0.0,0.0,0.0,4,0,4,0,0,0,4,0,0,0,0,0,0,0,0,0,0,0,0,20,1,0,1,1,0,3,0,2,1,1,2,0,0,0,15,1,0
c:\Users\arthur.menezes_evolu\Desktop\Pes\SSM\SSM-WEB\src\main\java\com\crossoverJie\pojo\DatasourceExample.java,com.crossoverJie.pojo.DatasourceExample,class,3,7,4,3,12,2,0,4,13,0.6363637,0.0,0.0,11,0,10,0,1,0,11,0,0,0,3,0,0,0,3,0,0,0,0,256,6,0,1,0,0,0,1,8,0,6,1,0,3,0,21,1,0
c:\Users\arthur.menezes_evolu\Desktop\Pes\SSM\SSM-WEB\src\main\java\com\crossoverJie\intercept\MethodCacheInterceptor.java,com.crossoverJie.intercept.MethodCacheInterceptor$Anonymous1,anonymous,1,1,0,1,3,1,0,2,0,0.0,NaN,NaN,1,0,1,0,0,0,1,0,0,0,0,0,0,0,0,0,0,0,0,13,0,0,0,0,0,2,0,0,0,0,1,0,0,0,1,-1,0
c:\Users\arthur.menezes_evolu\Desktop\Pes\SSM\SSM-API\src\main\java\com\crossoverJie\dto\UserInfoRsp.java,com.crossoverJie.dto.UserInfoRsp,class,0,2,2,0,9,1,0,0,12,0.6666667,0.0,0.0,9,0,9,0,0,0,9,0,0,0,4,0,0,4,0,0,0,0,0,33,5,0,0,0,0,5,0,4,2,4,0,0,0,0,17,1,0
c:\Users\arthur.menezes_evolu\Desktop\Pes\SSM\SSM-WEB\src\main\java\com\crossoverJie\util\AbstractPojo.java,com.crossoverJie.util.AbstractPojo,class,0,0,0,0,4,1,0,0,2,0.5,0.0,0.0,4,0,4,0,0,0,4,0,0,0,2,0,0,2,0,0,0,0,0,16,2,0,0,0,0,0,0,2,0,2,0,0,0,0,14,1,0
c:\Users\arthur.menezes_evolu\Desktop\Pes\SSM\SSM-SERVICE\src\main\java\com\crossoverJie\api\dubbo\pojo\ContentLogExample.java,com.crossoverJie.api.dubbo.pojo.ContentLogExample,class,3,4,1,3,12,2,0,4,13,0.6363637,0.0,0.0,11,0,10,0,1,0,11,0,0,0,3,0,0,0,3,0,0,0,0,416,6,0,1,0,0,0,1,8,0,6,1,0,3,0,22,1,0
c:\Users\arthur.menezes_evolu\Desktop\Pes\SSM\SSM-WEB\src\main\java\com\crossoverJie\util\PageEntity.java,com.crossoverJie.util.PageEntity,class,1,5,4,1,4,1,0,0,2,0.5,0.0,0.0,4,0,4,0,0,0,4,0,0,0,2,0,0,2,0,0,0,0,0,16,2,0,0,0,0,0,0,2,0,2,0,0,0,0,9,1,0
c:\Users\arthur.menezes_evolu\Desktop\Pes\SSM\SSM-SERVICE\src\main\java\com\crossoverJie\api\dubbo\pojo\ContentExample.java,com.crossoverJie.api.dubbo.pojo.ContentExample$GeneratedCriteria,innerclass,3,3,0,3,66,1,0,5,1788,0.8852459,0.0,0.0,61,0,57,0,4,0,61,0,0,0,1,0,0,0,1,0,0,0,0,250,57,0,4,0,0,105,1,1,2,1,1,0,0,0,40,1036,0
c:\Users\arthur.menezes_evolu\Desktop\Pes\SSM\SSM-WEB\src\main\java\com\crossoverJie\pojo\PriceVersionExample.java,com.crossoverJie.pojo.PriceVersionExample$Criteria,innerclass,1,1,0,1,1,2,0,0,0,0.0,NaN,NaN,1,0,0,0,1,0,1,0,0,0,0,0,0,0,0,0,0,0,0,5,0,0,0,0,0,0,0,0,0,0,0,0,0,0,2,9,0
c:\Users\arthur.menezes_evolu\Desktop\Pes\SSM\SSM-WEB\src\main\java\com\crossoverJie\service\ssmone\RediscontentServiceImpl.java,com.crossoverJie.service.ssmone.RediscontentServiceImpl,class,7,7,0,7,3,1,0,6,0,0.0,0.0,0.0,3,0,3,0,0,0,3,0,0,0,1,0,0,1,0,0,0,0,0,18,3,0,0,0,0,0,0,3,0,4,0,0,0,0,25,1,0
c:\Users\arthur.menezes_evolu\Desktop\Pes\SSM\SSM-WEB\src\main\java\com\crossoverJie\service\ssmone\ContentServiceImpl.java,com.crossoverJie.service.ssmone.ContentServiceImpl,class,5,5,0,5,2,1,0,2,0,0.0,0.0,0.0,2,0,2,0,0,0,2,0,0,0,1,0,1,0,0,0,0,0,0,9,2,0,0,0,0,1,0,0,0,1,0,0,0,0,17,1,0
c:\Users\arthur.menezes_evolu\Desktop\Pes\SSM\SSM-SECONDS-KILL\SSM-SECONDS-KILL-ORDER-CONSUMER\src\main\java\com\crossoverjie\kafka\orderconsumer\constant\RedisKeysConstant.java,com.crossoverjie.kafka.orderconsumer.constant.RedisKeysConstant,class,0,0,0,0,0,1,0,0,0,NaN,-1.0,-1.0,0,0,0,0,0,0,0,0,0,0,3,3,3,0,0,0,3,0,0,5,0,0,0,0,0,3,0,3,0,3,0,0,0,0,19,1,0
c:\Users\arthur.menezes_evolu\Desktop\Pes\SSM\SSM-SERVICE\src\main\java\com\crossoverJie\api\dubbo\dao\DatasourceMapper.java,com.crossoverJie.api.dubbo.dao.DatasourceMapper,interface,3,4,1,3,11,1,0,0,55,0.0,0.0,0.0,11,0,0,0,0,11,11,0,0,0,0,0,0,0,0,0,0,0,0,13,0,0,0,0,0,4,0,0,0,0,0,0,0,0,17,1,0
c:\Users\arthur.menezes_evolu\Desktop\Pes\SSM\SSM-WEB\src\main\java\com\crossoverJie\pojo\DatasourceExample.java,com.crossoverJie.pojo.DatasourceExample$Criterion,innerclass,0,0,0,0,14,1,0,0,22,0.75,0.0,0.0,13,0,8,0,5,0,13,0,0,0,8,0,0,8,0,0,0,0,0,66,8,0,0,0,0,0,0,13,0,8,1,0,0,0,23,9,0
c:\Users\arthur.menezes_evolu\Desktop\Pes\SSM\SSM-SECONDS-KILL\SSM-SECONDS-KILL-SERVICE\src\main\java\com\crossoverJie\seconds\kill\pojo\StockExample.java,com.crossoverJie.seconds.kill.pojo.StockExample,class,3,5,2,3,12,2,0,4,13,0.6363637,0.0,0.0,11,0,10,0,1,0,11,0,0,0,3,0,0,0,3,0,0,0,0,400,6,0,1,0,0,0,1,8,0,6,1,0,3,0,21,1,0
c:\Users\arthur.menezes_evolu\Desktop\Pes\SSM\SSM-SERVICE\src\main\java\com\crossoverJie\api\dubbo\util\DateUtil.java,com.crossoverJie.api.dubbo.util.DateUtil,class,1,1,0,1,5,1,0,3,3,0.0,0.0,0.0,3,3,3,0,0,0,3,0,0,0,0,0,0,0,0,0,0,0,1,22,4,0,1,0,0,2,0,6,0,5,1,0,0,0,15,1,0
c:\Users\arthur.menezes_evolu\Desktop\Pes\SSM\SSM-SERVICE\src\main\java\com\crossoverJie\api\dubbo\pojo\ContentLogExample.java,com.crossoverJie.api.dubbo.pojo.ContentLogExample$Criteria,innerclass,1,1,0,1,1,2,0,0,0,0.0,NaN,NaN,1,0,0,0,1,0,1,0,0,0,0,0,0,0,0,0,0,0,0,5,0,0,0,0,0,0,0,0,0,0,0,0,0,0,2,9,0
c:\Users\arthur.menezes_evolu\Desktop\Pes\SSM\SSM-SECONDS-KILL\SSM-SECONDS-KILL-SERVICE\src\main\java\com\crossoverJie\seconds\kill\pojo\StockExample.java,com.crossoverJie.seconds.kill.pojo.StockExample$Criteria,innerclass,1,1,0,1,1,2,0,0,0,0.0,NaN,NaN,1,0,0,0,1,0,1,0,0,0,0,0,0,0,0,0,0,0,0,5,0,0,0,0,0,0,0,0,0,0,0,0,0,0,2,9,0
c:\Users\arthur.menezes_evolu\Desktop\Pes\SSM\SSM-SERVICE\src\main\java\com\crossoverJie\api\dubbo\util\CommonUtil.java,com.crossoverJie.api.dubbo.util.CommonUtil,class,3,4,1,3,12,1,0,18,3,0.0,0.0,0.0,3,3,3,0,0,0,3,0,0,0,0,0,0,0,0,0,0,0,0,63,1,1,0,3,0,11,1,12,1,10,4,0,0,0,53,1,0
c:\Users\arthur.menezes_evolu\Desktop\Pes\SSM\SSM-SERVICE\src\main\java\com\crossoverJie\api\dubbo\pojo\RediscontentExample.java,com.crossoverJie.api.dubbo.pojo.RediscontentExample$Criterion,innerclass,0,0,0,0,14,1,0,0,22,0.75,0.0,0.0,13,0,8,0,5,0,13,0,0,0,8,0,0,8,0,0,0,0,0,66,8,0,0,0,0,0,0,13,0,8,1,0,0,0,23,9,0
c:\Users\arthur.menezes_evolu\Desktop\Pes\SSM\SSM-WEB\src\main\java\com\crossoverJie\pojo\ContentLogExample.java,com.crossoverJie.pojo.ContentLogExample$Criterion,innerclass,0,0,0,0,14,1,0,0,22,0.75,0.0,0.0,13,0,8,0,5,0,13,0,0,0,8,0,0,8,0,0,0,0,0,66,8,0,0,0,0,0,0,13,0,8,1,0,0,0,23,9,0
c:\Users\arthur.menezes_evolu\Desktop\Pes\SSM\SSM-WEB\src\main\java\com\crossoverJie\cxf\impl\Server.java,com.crossoverJie.cxf.impl.Server,class,3,3,0,3,1,1,0,5,0,0.0,NaN,NaN,1,1,1,0,0,0,1,0,0,0,0,0,0,0,0,0,0,0,0,13,0,0,0,0,0,3,0,3,0,3,0,0,0,0,14,1,0
c:\Users\arthur.menezes_evolu\Desktop\Pes\SSM\SSM-WEB\src\main\java\com\crossoverJie\cxf\HelloWorld.java,com.crossoverJie.cxf.HelloWorld,interface,1,3,2,1,1,1,0,0,0,0.0,NaN,NaN,1,0,1,0,0,0,1,0,0,0,0,0,0,0,0,0,0,0,0,3,0,0,0,0,0,0,0,0,0,0,0,0,0,0,4,1,0
c:\Users\arthur.menezes_evolu\Desktop\Pes\SSM\SSM-WEB\src\test\java\com\crossoverjie\PriceTestTest.java,com.crossoverjie.PriceTestTest$Anonymous1,anonymous,2,2,0,2,1,1,0,11,0,0.0,NaN,NaN,1,0,1,0,0,0,1,0,0,0,0,0,0,0,0,0,0,0,0,11,0,0,0,0,0,0,2,2,0,2,0,0,0,0,8,-1,0
c:\Users\arthur.menezes_evolu\Desktop\Pes\SSM\SSM-WEB\src\main\java\com\crossoverJie\dao\T_userDao.java,com.crossoverJie.dao.T_userDao,interface,1,2,1,1,3,1,0,0,3,0.0,0.0,0.0,3,0,0,0,0,3,3,0,0,0,0,0,0,0,0,0,0,0,0,5,0,0,0,0,0,0,0,0,0,0,0,0,0,0,18,1,0
c:\Users\arthur.menezes_evolu\Desktop\Pes\SSM\SSM-WEB\src\main\java\com\crossoverJie\vo\NULLBody.java,com.crossoverJie.vo.NULLBody,class,1,5,4,1,2,1,0,0,1,0.0,0.0,0.0,2,1,2,0,0,0,2,0,0,0,0,0,0,0,0,0,0,0,0,7,1,0,0,0,0,0,0,0,0,0,0,0,0,0,5,1,0
c:\Users\arthur.menezes_evolu\Desktop\Pes\SSM\SSM-SECONDS-KILL\SSM-SECONDS-KILL-ORDER-CONSUMER\src\main\java\com\crossoverjie\kafka\orderconsumer\dto\Stock.java,com.crossoverjie.kafka.orderconsumer.dto.Stock,class,0,0,0,0,10,1,0,0,35,0.8333333,0.0,0.0,10,0,10,0,0,0,10,0,0,0,6,1,0,6,0,0,1,0,0,38,5,0,0,0,0,0,1,6,0,6,0,0,0,0,24,1,0
c:\Users\arthur.menezes_evolu\Desktop\Pes\SSM\SSM-SECONDS-KILL\SSM-SECONDS-KILL-SERVICE\src\main\java\com\crossoverJie\seconds\kill\pojo\StockExample.java,com.crossoverJie.seconds.kill.pojo.StockExample$Criterion,innerclass,0,0,0,0,14,1,0,0,22,0.75,0.0,0.0,13,0,8,0,5,0,13,0,0,0,8,0,0,8,0,0,0,0,0,66,8,0,0,0,0,0,0,13,0,8,1,0,0,0,23,9,0
c:\Users\arthur.menezes_evolu\Desktop\Pes\SSM\SSM-SECONDS-KILL\SSM-SECONDS-KILL-SERVICE\src\main\java\com\crossoverJie\seconds\kill\service\StockService.java,com.crossoverJie.seconds.kill.service.StockService,interface,1,5,4,1,4,1,0,0,6,0.0,0.0,0.0,4,0,0,0,0,4,4,0,0,0,0,0,0,0,0,0,0,0,0,6,0,0,0,0,0,0,0,0,0,0,0,0,0,0,14,1,0
c:\Users\arthur.menezes_evolu\Desktop\Pes\SSM\SSM-WEB\src\main\java\com\crossoverJie\util\StringUtil.java,com.crossoverJie.util.StringUtil,class,1,6,5,1,11,1,0,4,6,0.0,0.0,0.0,4,4,4,0,0,0,4,0,0,0,0,0,0,0,0,0,0,0,1,29,7,0,4,0,1,4,1,0,1,0,1,0,0,0,13,1,0
c:\Users\arthur.menezes_evolu\Desktop\Pes\SSM\SSM-WEB\src\main\java\com\crossoverJie\pojo\PriceVersionExample.java,com.crossoverJie.pojo.PriceVersionExample$Criterion,innerclass,0,0,0,0,14,1,0,0,22,0.75,0.0,0.0,13,0,8,0,5,0,13,0,0,0,8,0,0,8,0,0,0,0,0,66,8,0,0,0,0,0,0,13,0,8,1,0,0,0,23,9,0
c:\Users\arthur.menezes_evolu\Desktop\Pes\SSM\SSM-SECONDS-KILL\SSM-SECONDS-KILL-API\src\main\java\com\crossoverJie\seconds\kill\api\dto\Stock.java,com.crossoverJie.seconds.kill.api.dto.Stock,class,0,2,2,0,11,1,0,0,25,0.7727273,0.0,0.0,11,0,11,0,0,0,11,0,0,0,6,1,0,6,0,0,1,0,0,41,6,0,0,0,0,6,1,6,2,6,0,0,0,0,25,1,0
c:\Users\arthur.menezes_evolu\Desktop\Pes\SSM\SSM-WEB\src\main\java\com\crossoverJie\util\DateUtil.java,com.crossoverJie.util.DateUtil,class,1,1,0,1,6,1,0,4,6,0.0,0.0,0.0,4,4,4,0,0,0,4,0,0,0,0,0,0,0,0,0,0,0,2,25,5,0,1,0,0,2,1,6,1,5,1,0,0,0,17,1,0
c:\Users\arthur.menezes_evolu\Desktop\Pes\SSM\SSM-WEB\src\main\java\com\crossoverJie\service\ssmone\IUserServiceImpl.java,com.crossoverJie.service.ssmone.IUserServiceImpl,class,7,7,0,7,13,1,0,19,0,0.0,0.0,0.0,12,0,12,0,0,0,12,0,0,0,1,0,0,1,0,0,0,0,0,51,12,0,0,0,0,1,0,5,0,6,1,0,0,0,46,1,0
c:\Users\arthur.menezes_evolu\Desktop\Pes\SSM\SSM-SERVICE\src\main\java\com\crossoverJie\api\dubbo\pojo\ContentLogExample.java,com.crossoverJie.api.dubbo.pojo.ContentLogExample$Criterion,innerclass,0,0,0,0,14,1,0,0,22,0.75,0.0,0.0,13,0,8,0,5,0,13,0,0,0,8,0,0,8,0,0,0,0,0,66,8,0,0,0,0,0,0,13,0,8,1,0,0,0,23,9,0
c:\Users\arthur.menezes_evolu\Desktop\Pes\SSM\SSM-WEB\src\main\java\com\crossoverJie\pojo\User.java,com.crossoverJie.pojo.User,class,0,6,6,0,11,1,0,0,25,0.72727275,0.0,0.0,11,0,11,0,0,0,11,0,0,0,5,0,0,5,0,0,0,0,0,40,6,0,0,0,0,6,0,5,2,5,0,0,0,0,20,1,0
c:\Users\arthur.menezes_evolu\Desktop\Pes\SSM\SSM-WEB\src\main\java\com\crossoverJie\res\BaseResponse.java,com.crossoverJie.res.BaseResponse,class,4,8,4,4,21,1,0,3,47,0.6710527,0.0,0.0,19,5,19,0,0,0,19,0,0,0,4,0,0,4,0,0,0,0,2,68,10,0,0,0,0,5,0,14,2,4,0,0,0,0,23,1,0
c:\Users\arthur.menezes_evolu\Desktop\Pes\SSM\SSM-WEB\src\main\java\com\crossoverJie\pojo\ContentLogExample.java,com.crossoverJie.pojo.ContentLogExample$GeneratedCriteria,innerclass,3,3,0,3,78,1,0,5,2586,0.9041096,0.0,0.0,73,0,69,0,4,0,73,0,0,0,1,0,0,0,1,0,0,0,0,298,69,0,4,0,0,127,1,1,2,1,1,0,0,0,42,1036,0
c:\Users\arthur.menezes_evolu\Desktop\Pes\SSM\SSM-SERVICE\src\main\java\com\crossoverJie\api\dubbo\pojo\ContentLogExample.java,com.crossoverJie.api.dubbo.pojo.ContentLogExample$GeneratedCriteria,innerclass,3,3,0,3,78,1,0,5,2586,0.9041096,0.0,0.0,73,0,69,0,4,0,73,0,0,0,1,0,0,0,1,0,0,0,0,298,69,0,4,0,0,127,1,1,2,1,1,0,0,0,42,1036,0
c:\Users\arthur.menezes_evolu\Desktop\Pes\SSM\SSM-WEB\src\main\java\com\crossoverJie\controller\IndexController.java,com.crossoverJie.controller.IndexController,class,20,21,1,20,16,1,0,25,13,0.7142857,0.0,0.0,7,0,6,1,0,0,6,0,0,0,3,0,0,3,0,0,0,0,11,101,6,2,2,2,3,58,13,28,15,27,2,0,0,0,75,1,2
c:\Users\arthur.menezes_evolu\Desktop\Pes\SSM\SSM-WEB\src\main\java\com\crossoverJie\shiro\MD5Util.java,com.crossoverJie.shiro.MD5Util,class,2,3,1,2,2,1,0,3,1,0.0,0.0,0.0,2,2,2,0,0,0,2,0,0,0,0,0,0,0,0,0,0,0,1,9,1,0,0,0,0,2,0,1,0,1,0,0,0,0,17,1,0
c:\Users\arthur.menezes_evolu\Desktop\Pes\SSM\SSM-SERVICE\src\main\java\com\crossoverJie\api\controller\CheckController.java,com.crossoverJie.api.controller.CheckController$checkJSON,innerclass,0,0,0,0,2,1,0,0,0,0.0,0.0,0.0,2,0,2,0,0,0,2,0,0,0,1,0,0,1,0,0,0,0,0,9,1,0,0,0,0,0,0,1,0,1,0,0,0,0,9,1,0
c:\Users\arthur.menezes_evolu\Desktop\Pes\SSM\SSM-WEB\src\test\java\com\crossoverjie\RedisTest.java,com.crossoverjie.RedisTest,class,13,13,0,13,7,1,0,13,8,0.8,0.0,0.0,5,0,5,0,0,0,5,0,0,0,4,0,0,4,0,0,0,0,0,33,0,1,1,0,0,4,8,7,2,11,1,0,0,0,26,1,0
c:\Users\arthur.menezes_evolu\Desktop\Pes\SSM\SSM-WEB\src\test\java\com\crossoverjie\service\ssmone\ContentLogServiceImplTest.java,com.crossoverjie.service.ssmone.ContentLogServiceImplTest,class,10,10,0,10,2,1,0,10,0,0.0,0.0,0.0,2,0,2,0,0,0,2,0,0,0,2,0,0,2,0,0,0,0,1,25,0,0,0,0,0,8,0,4,0,6,0,0,0,0,15,1,0
c:\Users\arthur.menezes_evolu\Desktop\Pes\SSM\SSM-WEB\src\main\java\com\crossoverJie\service\UserService.java,com.crossoverJie.service.UserService,interface,1,4,3,1,3,1,0,0,3,0.0,0.0,0.0,3,0,0,0,0,3,3,0,0,0,0,0,0,0,0,0,0,0,0,5,0,0,0,0,0,0,0,0,0,0,0,0,0,0,19,1,0
c:\Users\arthur.menezes_evolu\Desktop\Pes\SSM\SSM-WEB\src\main\java\com\crossoverJie\dao\IUserDao.java,com.crossoverJie.dao.IUserDao,interface,2,3,1,2,14,1,0,0,91,0.0,0.0,0.0,14,0,0,0,0,14,14,0,0,0,0,0,0,0,0,0,0,0,0,16,0,0,0,0,0,0,0,0,0,0,0,0,0,0,38,1,0
c:\Users\arthur.menezes_evolu\Desktop\Pes\SSM\SSM-WEB\src\main\java\com\crossoverJie\pojo\ContentLogExample.java,com.crossoverJie.pojo.ContentLogExample,class,3,5,2,3,12,2,0,4,13,0.6363637,0.0,0.0,11,0,10,0,1,0,11,0,0,0,3,0,0,0,3,0,0,0,0,416,6,0,1,0,0,0,1,8,0,6,1,0,3,0,22,1,0
c:\Users\arthur.menezes_evolu\Desktop\Pes\SSM\SSM-WEB\src\main\java\com\crossoverJie\controller\RedisController.java,com.crossoverJie.controller.RedisController,class,24,25,1,24,5,1,0,20,0,0.6,0.0,0.0,2,0,2,0,0,0,2,0,0,0,5,1,0,5,0,0,0,0,4,47,1,1,0,2,0,16,2,10,0,12,2,0,0,0,41,1,2
c:\Users\arthur.menezes_evolu\Desktop\Pes\SSM\SSM-SERVICE\src\main\java\com\crossoverJie\api\dubbo\util\Constants.java,com.crossoverJie.api.dubbo.util.Constants,class,0,0,0,0,0,1,0,0,0,NaN,-1.0,-1.0,0,0,0,0,0,0,0,0,0,0,2,2,2,0,0,0,2,0,0,4,0,0,0,0,0,2,0,2,0,2,0,0,0,0,15,1,0
c:\Users\arthur.menezes_evolu\Desktop\Pes\SSM\SSM-WEB\src\main\java\com\crossoverJie\kafka\Producer.java,com.crossoverJie.kafka.Producer,class,4,5,1,4,4,1,0,8,0,0.0,NaN,NaN,1,1,1,0,0,0,1,0,0,0,2,2,0,2,0,0,1,0,1,28,0,1,0,2,0,6,2,7,2,6,2,0,0,0,29,1,1
c:\Users\arthur.menezes_evolu\Desktop\Pes\SSM\SSM-SECONDS-KILL\SSM-SECONDS-KILL-ORDER-CONSUMER\src\main\java\com\crossoverjie\kafka\orderconsumer\util\SpringBeanFactory.java,com.crossoverjie.kafka.orderconsumer.util.SpringBeanFactory,class,4,6,2,4,3,1,0,1,0,0.0,0.0,0.0,3,2,3,0,0,0,3,0,0,0,1,1,1,0,0,0,0,0,0,12,2,0,0,0,0,0,0,1,0,1,0,0,0,0,15,17,0
c:\Users\arthur.menezes_evolu\Desktop\Pes\SSM\SSM-WEB\src\main\java\com\crossoverJie\service\ContentService.java,com.crossoverJie.service.ContentService,interface,1,6,5,1,2,1,0,0,1,0.0,0.0,0.0,2,0,0,0,0,2,2,0,0,0,0,0,0,0,0,0,0,0,0,4,0,0,0,0,0,0,0,0,0,0,0,0,0,0,15,1,0
c:\Users\arthur.menezes_evolu\Desktop\Pes\SSM\SSM-SERVICE\src\main\java\com\crossoverJie\api\impl\UserInfoApiImpl.java,com.crossoverJie.api.impl.UserInfoApiImpl,class,10,11,1,10,3,1,0,6,1,0.5,NaN,NaN,2,0,1,1,0,0,1,0,0,0,2,1,0,2,0,0,0,0,1,17,1,0,1,0,0,1,0,4,1,4,1,0,0,0,19,1,1
c:\Users\arthur.menezes_evolu\Desktop\Pes\SSM\SSM-SECONDS-KILL\SSM-SECONDS-KILL-SERVICE\src\test\com\crossoverjie\seconds\kill\service\impl\StockServiceImplTest.java,com.crossoverjie.seconds.kill.service.impl.StockServiceImplTest,class,6,6,0,6,1,1,0,2,0,0.0,NaN,NaN,1,0,1,0,0,0,1,0,0,0,1,0,0,1,0,0,0,0,0,7,0,0,0,0,0,2,1,1,0,2,0,0,0,0,11,1,0
c:\Users\arthur.menezes_evolu\Desktop\Pes\SSM\SSM-WEB\src\main\java\com\crossoverJie\service\IUserService.java,com.crossoverJie.service.IUserService,interface,2,6,4,2,12,1,0,0,66,0.0,0.0,0.0,12,0,0,0,0,12,12,0,0,0,0,0,0,0,0,0,0,0,0,14,0,0,0,0,0,0,0,0,0,0,0,0,0,0,35,1,0
c:\Users\arthur.menezes_evolu\Desktop\Pes\SSM\SSM-SERVICE\src\main\java\com\crossoverJie\api\dubbo\pojo\Datasource.java,com.crossoverJie.api.dubbo.pojo.Datasource,class,0,3,3,0,5,1,0,0,0,0.4,0.0,0.0,5,0,5,0,0,0,5,0,0,0,2,0,0,2,0,0,0,0,0,19,3,0,0,0,0,3,0,2,2,2,0,0,0,0,11,1,0
c:\Users\arthur.menezes_evolu\Desktop\Pes\SSM\SSM-WEB\src\main\java\com\crossoverJie\controller\UserController.java,com.crossoverJie.controller.UserController,class,14,15,1,14,15,1,0,31,15,0.55,0.0,0.0,10,0,10,0,0,0,10,0,0,0,2,0,0,2,0,0,0,0,3,84,7,2,0,3,0,33,0,17,0,17,1,0,0,0,52,1,3
c:\Users\arthur.menezes_evolu\Desktop\Pes\SSM\SSM-WEB\src\main\java\com\crossoverJie\pojo\RedisContentExample.java,com.crossoverJie.pojo.RedisContentExample$Criterion,innerclass,0,0,0,0,14,1,0,0,22,0.75,0.0,0.0,13,0,8,0,5,0,13,0,0,0,8,0,0,8,0,0,0,0,0,66,8,0,0,0,0,0,0,13,0,8,1,0,0,0,23,9,0
c:\Users\arthur.menezes_evolu\Desktop\Pes\SSM\SSM-SECONDS-KILL\SSM-SECONDS-KILL-ORDER-CONSUMER\src\main\java\com\crossoverjie\kafka\orderconsumer\mapper\StockOrderMapper.java,com.crossoverjie.kafka.orderconsumer.mapper.StockOrderMapper,interface,4,5,1,4,5,1,0,0,10,0.0,0.0,0.0,5,0,0,0,0,5,5,0,0,0,0,0,0,0,0,0,0,0,0,7,0,0,0,0,0,4,0,0,0,0,0,0,0,0,11,1,0
c:\Users\arthur.menezes_evolu\Desktop\Pes\SSM\SSM-SECONDS-KILL\SSM-SECONDS-KILL-ORDER-CONSUMER\src\main\java\com\crossoverjie\kafka\orderconsumer\pojo\StockOrderExample.java,com.crossoverjie.kafka.orderconsumer.pojo.StockOrderExample$Criterion,innerclass,0,0,0,0,14,1,0,0,22,0.75,0.0,0.0,13,0,8,0,5,0,13,0,0,0,8,0,0,8,0,0,0,0,0,66,8,0,0,0,0,0,0,13,0,8,1,0,0,0,23,9,0
c:\Users\arthur.menezes_evolu\Desktop\Pes\SSM\SSM-SECONDS-KILL\SSM-SECONDS-KILL-SERVICE\src\main\java\com\crossoverJie\seconds\kill\dao\StockOrderMapper.java,com.crossoverJie.seconds.kill.dao.StockOrderMapper,interface,3,4,1,3,11,1,0,0,55,0.0,0.0,0.0,11,0,0,0,0,11,11,0,0,0,0,0,0,0,0,0,0,0,0,13,0,0,0,0,0,4,0,0,0,0,0,0,0,0,17,1,0
c:\Users\arthur.menezes_evolu\Desktop\Pes\SSM\SSM-WEB\src\main\java\com\crossoverJie\pojo\T_user.java,com.crossoverJie.pojo.T_user,class,0,5,5,0,9,1,0,0,12,0.6666667,0.0,0.0,9,0,9,0,0,0,9,0,0,0,4,0,0,4,0,0,0,0,0,33,5,0,0,0,0,5,0,4,2,4,0,0,0,0,27,1,0
c:\Users\arthur.menezes_evolu\Desktop\Pes\SSM\SSM-SERVICE\src\main\java\com\crossoverJie\api\impl\DemoApiImpl.java,com.crossoverJie.api.impl.DemoApiImpl,class,2,2,0,2,1,1,0,0,0,0.0,NaN,NaN,1,0,1,0,0,0,1,0,0,0,0,0,0,0,0,0,0,0,0,5,1,0,0,0,0,0,0,0,0,0,0,0,0,0,13,1,0
c:\Users\arthur.menezes_evolu\Desktop\Pes\SSM\SSM-SECONDS-KILL\SSM-SECONDS-KILL-ORDER-CONSUMER\src\main\java\com\crossoverjie\kafka\orderconsumer\service\OrderService.java,com.crossoverjie.kafka.orderconsumer.service.OrderService,interface,1,3,2,1,1,1,0,0,0,0.0,NaN,NaN,1,0,0,0,0,1,1,0,0,0,0,0,0,0,0,0,0,0,0,3,0,0,0,0,0,0,0,0,0,0,0,0,0,0,15,1,0
c:\Users\arthur.menezes_evolu\Desktop\Pes\SSM\SSM-WEB\src\main\java\com\crossoverJie\pojo\PriceExample.java,com.crossoverJie.pojo.PriceExample$Criterion,innerclass,0,0,0,0,14,1,0,0,22,0.75,0.0,0.0,13,0,8,0,5,0,13,0,0,0,8,0,0,8,0,0,0,0,0,66,8,0,0,0,0,0,0,13,0,8,1,0,0,0,23,9,0
c:\Users\arthur.menezes_evolu\Desktop\Pes\SSM\SSM-SECONDS-KILL\SSM-SECONDS-KILL-ORDER-CONSUMER\src\test\java\com\crossoverjie\kafka\orderconsumer\JsonTest.java,com.crossoverjie.kafka.orderconsumer.JsonTest,class,5,5,0,5,1,1,0,4,0,0.0,NaN,NaN,1,0,1,0,0,0,1,0,0,0,1,1,0,1,0,0,0,0,0,9,0,0,0,0,0,2,0,4,0,4,0,0,0,0,17,1,1
c:\Users\arthur.menezes_evolu\Desktop\Pes\SSM\SSM-WEB\src\main\java\com\crossoverJie\util\ThreadPoolConfig.java,com.crossoverJie.util.ThreadPoolConfig,class,1,3,2,1,2,1,0,1,0,0.375,0.0,0.0,2,0,2,0,0,0,2,0,0,0,4,3,0,4,0,0,3,0,0,12,0,0,0,0,0,0,3,4,0,4,0,0,0,0,22,1,0
c:\Users\arthur.menezes_evolu\Desktop\Pes\SSM\SSM-SECONDS-KILL\SSM-SECONDS-KILL-SERVICE\src\main\java\com\crossoverJie\seconds\kill\api\impl\OrderServiceImpl.java,com.crossoverJie.seconds.kill.api.impl.OrderServiceImpl,class,4,4,0,4,4,1,0,4,0,0.0,0.0,0.0,4,0,4,0,0,0,4,0,0,0,1,0,0,1,0,0,0,0,0,15,3,0,0,0,0,1,0,0,0,1,0,0,0,0,17,1,0
c:\Users\arthur.menezes_evolu\Desktop\Pes\SSM\SSM-SECONDS-KILL\SSM-SECONDS-KILL-ORDER-CONSUMER\src\main\java\com\crossoverjie\kafka\orderconsumer\OrderConsumerApplication.java,com.crossoverjie.kafka.orderconsumer.OrderConsumerApplication,class,11,12,1,11,1,1,0,7,0,0.0,NaN,NaN,1,1,1,0,0,0,1,0,0,0,1,1,0,1,0,0,0,0,1,9,0,0,0,0,0,3,0,2,0,2,0,0,0,0,22,1,1
c:\Users\arthur.menezes_evolu\Desktop\Pes\SSM\SSM-WEB\src\main\java\com\crossoverJie\util\TreeGridUtil.java,com.crossoverJie.util.TreeGridUtil,class,1,2,1,1,20,1,0,0,166,0.895,0.0,0.0,20,0,20,0,0,0,20,0,0,0,10,0,0,10,0,0,0,0,0,73,10,0,0,0,0,0,0,13,0,10,0,0,0,0,33,1,0
c:\Users\arthur.menezes_evolu\Desktop\Pes\SSM\SSM-SERVICE\src\main\java\com\crossoverJie\api\dubbo\pojo\ContentExample.java,com.crossoverJie.api.dubbo.pojo.ContentExample$Criterion,innerclass,0,0,0,0,14,1,0,0,22,0.75,0.0,0.0,13,0,8,0,5,0,13,0,0,0,8,0,0,8,0,0,0,0,0,66,8,0,0,0,0,0,0,13,0,8,1,0,0,0,23,9,0
c:\Users\arthur.menezes_evolu\Desktop\Pes\SSM\SSM-WEB\src\main\java\com\crossoverJie\shiro\HelloWorld.java,com.crossoverJie.shiro.HelloWorld,class,4,4,0,4,2,1,0,7,0,0.0,NaN,NaN,1,1,1,0,0,0,1,0,0,0,0,0,0,0,0,0,0,0,0,18,0,0,0,1,0,5,0,4,0,4,1,0,0,0,26,1,0
c:\Users\arthur.menezes_evolu\Desktop\Pes\SSM\SSM-SECONDS-KILL\SSM-SECONDS-KILL-ORDER-CONSUMER\src\main\java\com\crossoverjie\kafka\orderconsumer\kafka\ConsumerTask.java,com.crossoverjie.kafka.orderconsumer.kafka.ConsumerTask,class,9,12,3,9,7,1,0,16,0,0.33333334,0.0,0.0,3,0,2,1,0,0,2,0,0,0,4,1,0,4,0,0,1,0,3,43,0,2,0,1,0,18,1,8,2,8,2,0,0,0,38,1,4
c:\Users\arthur.menezes_evolu\Desktop\Pes\SSM\SSM-SERVICE\src\main\java\com\crossoverJie\api\dubbo\pojo\DatasourceExample.java,com.crossoverJie.api.dubbo.pojo.DatasourceExample$GeneratedCriteria,innerclass,3,3,0,3,38,1,0,5,486,0.7878788,0.0,0.0,33,0,29,0,4,0,33,0,0,0,1,0,0,0,1,0,0,0,0,138,29,0,4,0,0,53,1,1,2,1,1,0,0,0,38,1036,0
c:\Users\arthur.menezes_evolu\Desktop\Pes\SSM\SSM-WEB\src\main\java\com\crossoverJie\pojo\DatasourceExample.java,com.crossoverJie.pojo.DatasourceExample$GeneratedCriteria,innerclass,3,3,0,3,38,1,0,5,486,0.7878788,0.0,0.0,33,0,29,0,4,0,33,0,0,0,1,0,0,0,1,0,0,0,0,138,29,0,4,0,0,53,1,1,2,1,1,0,0,0,38,1036,0
c:\Users\arthur.menezes_evolu\Desktop\Pes\SSM\SSM-SECONDS-KILL\SSM-SECONDS-KILL-WEB\src\main\java\com\crossoverJie\seconds\kill\util\HttpTools.java,com.crossoverJie.seconds.kill.util.HttpTools,class,7,10,3,7,15,1,0,14,8,0.6,0.0,0.0,5,5,3,2,0,0,3,0,0,0,1,1,0,1,0,0,0,0,2,93,5,0,2,7,0,22,0,15,3,13,2,0,0,0,45,1,3
c:\Users\arthur.menezes_evolu\Desktop\Pes\SSM\SSM-SECONDS-KILL\SSM-SECONDS-KILL-ORDER-CONSUMER\src\main\java\com\crossoverjie\kafka\orderconsumer\service\impl\StockServiceImpl.java,com.crossoverjie.kafka.orderconsumer.service.impl.StockServiceImpl,class,5,5,0,5,4,1,0,4,0,0.0,0.0,0.0,4,0,4,0,0,0,4,0,0,0,1,0,0,1,0,0,0,0,0,16,4,0,0,0,0,1,0,1,0,2,0,0,0,0,16,1,0
c:\Users\arthur.menezes_evolu\Desktop\Pes\SSM\SSM-SECONDS-KILL\SSM-SECONDS-KILL-ORDER-CONSUMER\src\main\java\com\crossoverjie\kafka\orderconsumer\util\IOPMapper.java,com.crossoverjie.kafka.orderconsumer.util.IOPMapper,interface,1,3,2,1,0,1,0,0,0,0.0,-1.0,-1.0,0,0,0,0,0,0,0,0,0,0,0,0,0,0,0,0,0,0,0,2,0,0,0,0,0,0,0,0,0,0,0,0,0,0,1,1,0
c:\Users\arthur.menezes_evolu\Desktop\Pes\SSM\SSM-SERVICE\src\main\java\com\crossoverJie\api\dubbo\util\DynamicDataSource.java,com.crossoverJie.api.dubbo.util.DynamicDataSource,class,2,2,0,2,2,2,0,2,1,0.0,0.0,0.0,2,0,1,0,1,0,2,0,0,0,0,0,0,0,0,0,0,0,2,8,2,0,0,0,0,0,0,0,0,0,0,0,0,0,16,1,0
c:\Users\arthur.menezes_evolu\Desktop\Pes\SSM\SSM-API\src\main\java\com\crossoverJie\dto\UserInfoReq.java,com.crossoverJie.dto.UserInfoReq,class,0,2,2,0,3,1,0,0,0,0.0,0.0,0.0,3,0,3,0,0,0,3,0,0,0,1,0,0,1,0,0,0,0,0,12,2,0,0,0,0,2,0,1,2,1,0,0,0,0,11,1,0
c:\Users\arthur.menezes_evolu\Desktop\Pes\SSM\SSM-WEB\src\main\java\com\crossoverJie\pojo\PriceExample.java,com.crossoverJie.pojo.PriceExample$Criteria,innerclass,1,1,0,1,1,2,0,0,0,0.0,NaN,NaN,1,0,0,0,1,0,1,0,0,0,0,0,0,0,0,0,0,0,0,5,0,0,0,0,0,0,0,0,0,0,0,0,0,0,2,9,0
