file,class,type,cbo,cboModified,fanin,fanout,wmc,dit,noc,rfc,lcom,lcom*,tcc,lcc,totalMethodsQty,staticMethodsQty,publicMethodsQty,privateMethodsQty,protectedMethodsQty,defaultMethodsQty,visibleMethodsQty,abstractMethodsQty,finalMethodsQty,synchronizedMethodsQty,totalFieldsQty,staticFieldsQty,publicFieldsQty,privateFieldsQty,protectedFieldsQty,defaultFieldsQty,finalFieldsQty,synchronizedFieldsQty,nosi,loc,returnQty,loopQty,comparisonsQty,tryCatchQty,parenthesizedExpsQty,stringLiteralsQty,numbersQty,assignmentsQty,mathOperationsQty,variablesQty,maxNestedBlocksQty,anonymousClassesQty,innerClassesQty,lambdasQty,uniqueWordsQty,modifiers,logStatementsQty
c:\Users\arthur.menezes_evolu\Desktop\Pes\animation-samples\OurStreets\app\src\main\java\com\google\samples\apps\ourstreets\data\DataView.java,com.google.samples.apps.ourstreets.data.DataView,interface,1,7,6,1,2,1,0,0,1,0.0,0.0,0.0,2,0,0,0,0,2,2,0,0,0,0,0,0,0,0,0,0,0,0,4,0,0,0,0,0,0,0,0,0,0,0,0,0,0,16,1,0
c:\Users\arthur.menezes_evolu\Desktop\Pes\animation-samples\Unsplash\app\src\main\java\com\example\android\unsplash\MainActivity.java,com.example.android.unsplash.MainActivity,class,26,29,3,26,13,2,0,48,6,0.75,0.0,0.0,8,1,1,5,2,0,3,0,0,0,6,2,0,6,0,0,3,0,0,133,4,0,5,0,0,2,2,21,0,20,1,5,0,0,89,1,0
c:\Users\arthur.menezes_evolu\Desktop\Pes\animation-samples\OurStreets\app\src\main\java\com\google\samples\apps\ourstreets\data\DataPresenter.java,com.google.samples.apps.ourstreets.data.DataPresenter$Anonymous1,anonymous,4,4,0,4,3,1,0,8,1,0.0,0.0,0.0,2,0,2,0,0,0,2,0,0,0,0,0,0,0,0,0,0,0,0,13,0,1,0,0,0,1,0,0,1,0,1,0,0,0,11,-1,0
c:\Users\arthur.menezes_evolu\Desktop\Pes\animation-samples\OurStreets\app\src\main\java\com\google\samples\apps\ourstreets\view\RecyclerItemClickListener.java,com.google.samples.apps.ourstreets.view.RecyclerItemClickListener$Anonymous1,anonymous,1,1,0,1,1,1,0,0,0,0.0,NaN,NaN,1,0,1,0,0,0,1,0,0,0,0,0,0,0,0,0,0,0,0,5,1,0,0,0,0,0,0,0,0,0,0,0,0,0,8,-1,0
c:\Users\arthur.menezes_evolu\Desktop\Pes\animation-samples\RevealEffectBasic\Application\src\main\java\com\example\android\common\logger\LogView.java,LogView$Anonymous1,anonymous,1,1,0,1,1,1,0,2,0,0.0,NaN,NaN,1,0,1,0,0,0,1,0,0,0,0,0,0,0,0,0,0,0,0,5,0,0,0,0,0,0,0,0,0,0,0,0,0,0,4,-1,0
c:\Users\arthur.menezes_evolu\Desktop\Pes\animation-samples\Unsplash\app\src\main\java\com\example\android\unsplash\ui\ThreeTwoImageView.java,com.example.android.unsplash.ui.ThreeTwoImageView,class,3,3,0,3,2,3,0,3,1,0.0,0.0,0.0,2,0,1,0,1,0,2,0,0,0,0,0,0,0,0,0,0,0,0,10,0,0,0,0,0,0,2,2,2,2,0,0,0,0,16,1,0
c:\Users\arthur.menezes_evolu\Desktop\Pes\animation-samples\OurStreets\app\src\main\java\com\google\samples\apps\ourstreets\model\Gallery.java,com.google.samples.apps.ourstreets.model.Gallery$Anonymous1,anonymous,2,2,0,2,2,1,0,0,1,0.0,0.0,0.0,2,0,2,0,0,0,2,0,0,0,0,0,0,0,0,0,0,0,0,8,2,0,0,0,0,0,0,0,0,0,0,0,0,0,8,-1,0
c:\Users\arthur.menezes_evolu\Desktop\Pes\animation-samples\Unsplash\app\src\main\java\com\example\android\unsplash\transition\TextResize.java,com.example.android.unsplash.transition.TextResize$Anonymous1,anonymous,3,3,0,3,3,1,0,15,3,0.0,0.0,0.0,3,0,3,0,0,0,3,0,0,0,0,0,0,0,0,0,0,0,6,24,0,0,0,0,0,0,0,5,0,5,0,0,0,0,21,-1,0
c:\Users\arthur.menezes_evolu\Desktop\Pes\animation-samples\OurStreets\app\src\main\java\com\google\samples\apps\ourstreets\data\JsonKeys.java,com.google.samples.apps.ourstreets.data.JsonKeys,interface,0,0,0,0,0,1,0,0,0,NaN,-1.0,-1.0,0,0,0,0,0,0,0,0,0,0,10,0,0,0,0,10,0,0,0,12,0,0,0,0,0,10,0,10,0,10,0,0,0,0,24,1,0
c:\Users\arthur.menezes_evolu\Desktop\Pes\animation-samples\GridToPager\app\src\main\java\com\google\samples\gridtopager\fragment\ImagePagerFragment.java,com.google.samples.gridtopager.fragment.ImagePagerFragment$Anonymous1,anonymous,0,0,0,0,1,1,0,0,0,0.0,NaN,NaN,1,0,1,0,0,0,1,0,0,0,0,0,0,0,0,0,0,0,0,5,0,0,0,0,0,0,0,1,0,0,0,0,0,0,4,-1,0
c:\Users\arthur.menezes_evolu\Desktop\Pes\animation-samples\Unsplash\app\src\main\java\com\example\android\unsplash\MainActivity.java,com.example.android.unsplash.MainActivity$Anonymous1,anonymous,1,1,0,1,1,1,0,1,0,0.0,NaN,NaN,1,0,1,0,0,0,1,0,0,0,0,0,0,0,0,0,0,0,0,5,0,0,0,0,0,0,0,0,0,0,0,0,0,0,10,-1,0
c:\Users\arthur.menezes_evolu\Desktop\Pes\animation-samples\Unsplash\app\src\main\java\com\example\android\unsplash\MainActivity.java,com.example.android.unsplash.MainActivity$Anonymous2,anonymous,4,4,0,4,2,1,0,4,1,0.0,0.0,0.0,2,0,2,0,0,0,2,0,0,0,0,0,0,0,0,0,0,0,0,9,0,0,0,0,0,1,0,1,1,0,0,0,0,0,13,-1,0
c:\Users\arthur.menezes_evolu\Desktop\Pes\animation-samples\OurStreets\app\src\main\java\com\google\samples\apps\ourstreets\fragment\BackPressAware.java,com.google.samples.apps.ourstreets.fragment.BackPressAware,interface,0,2,2,0,1,1,0,0,0,0.0,NaN,NaN,1,0,0,0,0,1,1,0,0,0,0,0,0,0,0,0,0,0,0,3,0,0,0,0,0,0,0,0,0,0,0,0,0,0,26,1,0
c:\Users\arthur.menezes_evolu\Desktop\Pes\animation-samples\Unsplash\app\src\main\java\com\example\android\unsplash\MainActivity.java,com.example.android.unsplash.MainActivity$Anonymous3,anonymous,6,6,0,6,2,1,0,5,0,0.0,NaN,NaN,1,0,1,0,0,0,1,0,0,0,0,0,0,0,0,0,0,0,1,11,1,0,0,0,2,0,0,3,0,3,1,0,0,0,18,-1,0
c:\Users\arthur.menezes_evolu\Desktop\Pes\animation-samples\RevealEffectBasic\Application\src\main\java\com\example\android\common\logger\Log.java,Log,class,1,1,0,1,19,1,0,7,147,0.9375,0.0,0.0,18,18,18,0,0,0,18,0,0,0,8,8,7,1,0,0,7,0,0,66,1,0,1,0,0,0,1,8,0,8,1,0,0,0,99,1,0
c:\Users\arthur.menezes_evolu\Desktop\Pes\animation-samples\GridToPager\app\src\main\java\com\google\samples\gridtopager\fragment\ImagePagerFragment.java,com.google.samples.gridtopager.fragment.ImagePagerFragment$Anonymous2,anonymous,2,2,0,2,2,1,0,6,0,0.0,NaN,NaN,1,0,1,0,0,0,1,0,0,0,0,0,0,0,0,0,0,0,0,10,1,0,1,0,0,0,1,2,0,2,1,0,0,0,10,-1,0
c:\Users\arthur.menezes_evolu\Desktop\Pes\animation-samples\Unsplash\app\src\main\java\com\example\android\unsplash\MainActivity.java,com.example.android.unsplash.MainActivity$Anonymous4,anonymous,0,0,0,0,1,1,0,3,0,0.0,NaN,NaN,1,0,1,0,0,0,1,0,0,0,0,0,0,0,0,0,0,0,0,7,1,0,0,0,0,0,0,0,0,0,0,0,0,0,8,-1,0
c:\Users\arthur.menezes_evolu\Desktop\Pes\animation-samples\Unsplash\app\src\main\java\com\example\android\unsplash\MainActivity.java,com.example.android.unsplash.MainActivity$Anonymous5,anonymous,0,0,0,0,3,1,0,0,0,0.0,NaN,NaN,1,0,1,0,0,0,1,0,0,0,0,0,0,0,0,0,0,0,0,12,3,0,0,0,0,0,6,0,1,0,1,0,0,0,4,-1,0
c:\Users\arthur.menezes_evolu\Desktop\Pes\animation-samples\Unsplash\app\src\main\java\com\example\android\unsplash\transition\TextResize.java,com.example.android.unsplash.transition.TextResize$SwitchBitmapDrawable,innerclass,8,8,0,8,26,2,0,15,133,0.87828946,0.0,0.0,19,0,18,1,0,0,18,0,0,0,16,0,0,16,0,0,10,0,1,122,10,0,0,0,7,0,5,27,13,27,1,0,0,0,82,10,0
c:\Users\arthur.menezes_evolu\Desktop\Pes\animation-samples\RevealEffectBasic\Application\src\main\java\com\example\android\common\logger\MessageOnlyLogFilter.java,MessageOnlyLogFilter,class,2,2,0,2,6,1,0,2,0,0.2,0.0,0.0,5,0,5,0,0,0,5,0,0,0,1,0,0,0,0,1,0,0,0,19,1,0,1,0,0,0,0,2,0,1,1,0,0,0,50,1,0
c:\Users\arthur.menezes_evolu\Desktop\Pes\animation-samples\BasicTransition\Application\src\main\java\com\example\android\common\logger\MessageOnlyLogFilter.java,com.example.android.common.logger.MessageOnlyLogFilter,class,2,7,5,2,6,1,0,2,0,0.2,0.0,0.0,5,0,5,0,0,0,5,0,0,0,1,0,0,0,0,1,0,0,0,19,1,0,1,0,0,0,0,2,0,1,1,0,0,0,50,1,0
c:\Users\arthur.menezes_evolu\Desktop\Pes\animation-samples\GridToPager\app\src\main\java\com\google\samples\gridtopager\adapter\GridAdapter.java,com.google.samples.gridtopager.adapter.GridAdapter$ViewHolderListenerImpl,innerclass,6,6,0,6,5,1,0,14,0,0.16666667,0.0,0.0,3,0,2,0,0,1,3,0,0,0,2,0,0,2,0,0,0,0,0,23,2,0,1,0,1,0,0,4,0,3,1,0,0,0,50,10,0
c:\Users\arthur.menezes_evolu\Desktop\Pes\animation-samples\Interpolator\Application\src\main\java\com\example\android\interpolator\InterpolatorFragment.java,com.example.android.interpolator.InterpolatorFragment,class,14,18,4,14,12,2,0,22,50,0.87878793,0.0,0.0,12,0,8,4,0,0,8,0,0,0,11,2,1,10,0,0,2,0,0,90,5,0,0,0,0,1,9,14,0,14,0,2,0,0,131,1,0
c:\Users\arthur.menezes_evolu\Desktop\Pes\animation-samples\GridToPager\app\src\main\java\com\google\samples\gridtopager\adapter\ImagePagerAdapter.java,com.google.samples.gridtopager.adapter.ImagePagerAdapter,class,4,5,1,4,3,2,0,2,3,0.0,0.0,0.0,3,0,3,0,0,0,3,0,0,0,0,0,0,0,0,0,0,0,1,11,2,0,0,0,0,0,0,0,0,0,0,0,0,0,10,1,0
c:\Users\arthur.menezes_evolu\Desktop\Pes\animation-samples\OurStreets\app\src\main\java\com\google\samples\apps\ourstreets\map\DetailClusterManager.java,com.google.samples.apps.ourstreets.map.DetailClusterManager,class,10,11,1,10,3,2,0,7,0,0.0,0.0,0.0,2,0,2,0,0,0,2,0,0,0,1,0,0,1,0,0,1,0,0,18,0,0,1,0,0,0,0,1,0,1,1,0,0,0,28,17,0
c:\Users\arthur.menezes_evolu\Desktop\Pes\animation-samples\OurStreets\app\src\main\java\com\google\samples\apps\ourstreets\view\GalleryDivider.java,com.google.samples.apps.ourstreets.view.GalleryDivider,class,5,6,1,5,2,2,0,0,0,0.0,0.0,0.0,2,0,2,0,0,0,2,0,0,0,1,0,0,1,0,0,1,0,0,12,0,0,0,0,0,0,0,5,0,1,0,0,0,0,15,1,0
c:\Users\arthur.menezes_evolu\Desktop\Pes\animation-samples\ActivitySceneTransitionBasic\app\src\main\java\com\example\android\activityscenetransitionbasic\Item.java,com.example.android.activityscenetransitionbasic.Item,class,1,5,4,1,9,1,0,2,0,0.6428572,0.0,0.0,7,1,6,0,0,1,7,0,0,0,6,3,1,5,0,0,5,0,0,36,7,1,1,0,0,26,0,6,3,6,2,0,0,0,53,1,0
c:\Users\arthur.menezes_evolu\Desktop\Pes\animation-samples\BasicTransition\Application\src\main\java\com\example\android\common\logger\LogNode.java,com.example.android.common.logger.LogNode,interface,0,4,4,0,1,1,0,0,0,0.0,NaN,NaN,1,0,1,0,0,0,1,0,0,0,0,0,0,0,0,0,0,0,0,3,0,0,0,0,0,0,0,0,0,0,0,0,0,0,84,1,0
c:\Users\arthur.menezes_evolu\Desktop\Pes\animation-samples\BasicTransition\Application\src\main\java\com\example\android\common\view\SlidingTabLayout.java,com.example.android.common.view.SlidingTabLayout$TabClickListener,innerclass,2,2,0,2,3,1,0,3,0,0.0,NaN,NaN,1,0,1,0,0,0,1,0,0,0,0,0,0,0,0,0,0,0,0,10,1,1,1,0,0,0,1,1,0,1,2,0,0,0,7,2,0
c:\Users\arthur.menezes_evolu\Desktop\Pes\animation-samples\OurStreets\app\src\main\java\com\google\samples\apps\ourstreets\fragment\GalleryFragment.java,com.google.samples.apps.ourstreets.fragment.GalleryFragment,class,36,42,6,36,32,2,0,61,140,0.84375,0.0,0.0,20,1,7,13,0,0,7,0,0,0,8,2,1,7,0,0,2,0,4,200,8,0,8,0,2,4,4,26,0,22,1,6,0,0,146,1,0
c:\Users\arthur.menezes_evolu\Desktop\Pes\animation-samples\BasicTransition\Application\src\main\java\com\example\android\common\logger\LogWrapper.java,com.example.android.common.logger.LogWrapper,class,2,7,5,2,6,1,0,3,0,0.0,0.0,0.0,3,0,3,0,0,0,3,0,0,0,1,0,0,1,0,0,0,0,1,22,1,0,3,0,0,2,0,4,1,2,1,0,0,0,73,1,0
c:\Users\arthur.menezes_evolu\Desktop\Pes\animation-samples\GridToPager\app\src\main\java\com\google\samples\gridtopager\adapter\GridAdapter.java,com.google.samples.gridtopager.adapter.GridAdapter$ViewHolderListener,interface,2,2,0,2,2,1,0,0,1,0.0,0.0,0.0,2,0,0,0,0,2,2,0,0,0,0,0,0,0,0,0,0,0,0,4,0,0,0,0,0,0,0,0,0,0,0,0,0,0,24,2,0
c:\Users\arthur.menezes_evolu\Desktop\Pes\animation-samples\Unsplash\app\src\main\java\com\example\android\unsplash\transition\TextResize.java,com.example.android.unsplash.transition.TextResize$TextResizeData,innerclass,1,1,0,1,1,1,0,8,0,0.0,NaN,NaN,1,0,1,0,0,0,1,0,0,0,8,0,8,0,0,0,8,0,0,20,0,0,0,0,0,0,0,8,0,8,0,0,0,0,43,8,0
c:\Users\arthur.menezes_evolu\Desktop\Pes\animation-samples\BasicTransition\Application\src\main\java\com\example\android\basictransition\MainActivity.java,com.example.android.basictransition.MainActivity,class,11,11,0,11,9,3,0,23,8,0.70000005,0.0,0.0,5,0,4,0,1,0,5,0,0,0,2,1,1,1,0,0,1,0,2,49,4,0,1,0,0,2,2,9,0,9,2,0,0,0,89,1,0
c:\Users\arthur.menezes_evolu\Desktop\Pes\animation-samples\OurStreets\app\src\main\java\com\google\samples\apps\ourstreets\data\DataPresenter.java,com.google.samples.apps.ourstreets.data.DataPresenter,class,6,12,6,6,3,1,0,2,1,0.6,0.0,0.0,3,0,1,0,1,1,3,1,1,0,5,1,0,5,0,0,5,0,0,31,0,0,0,0,0,1,0,5,0,5,0,1,0,0,39,1024,0
c:\Users\arthur.menezes_evolu\Desktop\Pes\animation-samples\RevealEffectBasic\Application\src\main\java\com\example\android\common\logger\LogFragment.java,LogFragment,class,7,7,0,7,4,1,0,14,0,0.5,0.0,0.0,4,0,4,0,0,0,4,0,0,0,2,0,0,2,0,0,0,0,0,44,3,0,0,0,3,0,2,9,2,8,0,1,0,0,46,1,0
c:\Users\arthur.menezes_evolu\Desktop\Pes\animation-samples\OurStreets\app\src\main\java\com\google\samples\apps\ourstreets\view\GalleryAdapter.java,com.google.samples.apps.ourstreets.view.GalleryAdapter,class,10,12,2,10,7,1,0,17,9,0.7321429,0.0,0.0,7,0,6,1,0,0,6,0,0,0,8,1,0,8,0,0,8,0,0,64,3,0,0,0,0,0,1,13,5,13,0,2,0,0,47,1,0
c:\Users\arthur.menezes_evolu\Desktop\Pes\animation-samples\BasicTransition\Application\src\main\java\com\example\android\basictransition\BasicTransitionFragment.java,com.example.android.basictransition.BasicTransitionFragment,class,10,12,2,10,9,2,0,14,4,0.5,0.0,0.0,4,1,4,0,0,0,4,0,0,0,5,0,0,5,0,0,0,0,0,54,2,0,1,0,0,0,0,12,0,10,1,0,0,0,49,1,0
c:\Users\arthur.menezes_evolu\Desktop\Pes\animation-samples\Unsplash\app\src\main\java\com\example\android\unsplash\ui\grid\PhotoAdapter.java,com.example.android.unsplash.ui.grid.PhotoAdapter,class,8,9,1,8,5,1,0,17,0,0.4,0.0,0.0,5,0,5,0,0,0,5,0,0,0,3,0,0,3,0,0,3,0,0,26,3,0,0,0,0,0,2,5,0,5,0,0,0,0,26,1,0
c:\Users\arthur.menezes_evolu\Desktop\Pes\animation-samples\ActivitySceneTransitionBasic\app\src\main\java\com\example\android\activityscenetransitionbasic\DetailActivity.java,com.example.android.activityscenetransitionbasic.DetailActivity,class,8,11,3,8,8,2,0,26,0,0.59999996,NaN,NaN,5,0,0,4,1,0,1,0,0,0,6,3,3,3,0,0,3,0,1,56,2,0,1,0,0,3,2,7,0,7,1,1,0,0,96,1,0
c:\Users\arthur.menezes_evolu\Desktop\Pes\animation-samples\OurStreets\app\src\main\java\com\google\samples\apps\ourstreets\activity\MainActivity.java,com.google.samples.apps.ourstreets.activity.MainActivity,class,9,10,1,9,11,2,0,24,0,0.25,0.0,0.0,4,0,1,2,1,0,2,0,0,0,1,0,0,1,0,0,0,0,1,39,2,1,3,0,1,0,1,4,0,3,2,0,0,0,39,1,0
c:\Users\arthur.menezes_evolu\Desktop\Pes\animation-samples\OurStreets\app\src\main\java\com\google\samples\apps\ourstreets\fragment\StreetViewFragment.java,com.google.samples.apps.ourstreets.fragment.StreetViewFragment,class,23,26,3,23,14,2,0,31,29,0.7888889,0.0,0.0,10,1,7,3,0,0,7,0,0,0,9,4,1,8,0,0,4,0,4,99,2,0,3,0,2,3,0,18,0,17,1,3,0,0,112,1,0
c:\Users\arthur.menezes_evolu\Desktop\Pes\animation-samples\Unsplash\app\src\main\java\com\example\android\unsplash\data\model\Photo.java,com.example.android.unsplash.data.model.Photo,class,5,13,8,5,5,1,0,8,0,0.44000006,0.0,0.0,5,0,4,0,1,0,5,0,0,0,10,2,9,1,0,0,10,0,2,56,2,0,0,0,0,1,1,18,0,10,0,1,0,0,39,1,0
c:\Users\arthur.menezes_evolu\Desktop\Pes\animation-samples\BasicTransition\Application\src\main\java\com\example\android\common\logger\LogFragment.java,com.example.android.common.logger.LogFragment,class,9,14,5,9,4,2,0,14,0,0.5,0.0,0.0,4,0,4,0,0,0,4,0,0,0,2,0,0,2,0,0,0,0,0,44,3,0,0,0,3,0,2,9,2,8,0,1,0,0,46,1,0
c:\Users\arthur.menezes_evolu\Desktop\Pes\animation-samples\CustomTransition\Application\src\main\java\com\example\android\customtransition\ChangeColor.java,com.example.android.customtransition.ChangeColor$Anonymous1,anonymous,1,1,0,1,2,1,0,2,0,0.0,NaN,NaN,1,0,1,0,0,0,1,0,0,0,0,0,0,0,0,0,0,0,0,8,0,0,1,0,0,0,0,1,0,1,1,0,0,0,10,-1,0
c:\Users\arthur.menezes_evolu\Desktop\Pes\animation-samples\OurStreets\app\src\test\java\com\google\samples\apps\ourstreets\model\GalleryTest.java,com.google.samples.apps.ourstreets.model.GalleryTest,class,7,7,0,7,11,1,0,13,0,0.47272724,0.0,0.0,11,0,11,0,0,0,11,0,0,0,5,0,0,5,0,0,0,0,0,57,0,0,0,0,0,3,9,10,0,8,0,0,0,0,28,1,0
c:\Users\arthur.menezes_evolu\Desktop\Pes\animation-samples\OurStreets\app\src\main\java\com\google\samples\apps\ourstreets\model\Gallery.java,com.google.samples.apps.ourstreets.model.Gallery,class,8,17,9,8,31,1,0,20,0,0.66071427,0.0,0.0,16,0,14,1,1,0,15,0,0,0,7,1,1,6,0,0,6,0,0,116,19,1,12,0,5,0,10,20,10,10,1,1,0,0,48,1,0
c:\Users\arthur.menezes_evolu\Desktop\Pes\animation-samples\OurStreets\app\src\main\java\com\google\samples\apps\ourstreets\data\GalleryPresenter.java,com.google.samples.apps.ourstreets.data.GalleryPresenter,class,7,9,2,7,2,2,0,3,1,0.0,0.0,0.0,2,0,1,0,1,0,2,0,0,0,0,0,0,0,0,0,0,0,1,12,1,0,0,0,0,0,0,4,0,4,0,0,0,0,20,17,0
c:\Users\arthur.menezes_evolu\Desktop\Pes\animation-samples\OurStreets\app\src\main\java\com\google\samples\apps\ourstreets\map\NoEmptyInfoWindowMarkerManager.java,com.google.samples.apps.ourstreets.map.NoEmptyInfoWindowMarkerManager,class,8,9,1,8,3,2,0,5,0,0.0,0.0,0.0,2,0,2,0,0,0,2,0,0,0,1,0,0,1,0,0,1,0,0,15,2,0,0,0,0,1,0,2,0,2,1,0,0,0,30,17,0
c:\Users\arthur.menezes_evolu\Desktop\Pes\animation-samples\OurStreets\app\src\main\java\com\google\samples\apps\ourstreets\view\RecyclerItemClickListener.java,com.google.samples.apps.ourstreets.view.RecyclerItemClickListener,class,8,10,2,8,5,2,0,7,1,0.33333334,0.0,0.0,3,0,3,0,0,0,3,1,0,0,1,0,0,1,0,0,0,0,0,19,1,0,1,0,0,0,0,2,0,2,1,1,0,0,35,1025,0
c:\Users\arthur.menezes_evolu\Desktop\Pes\animation-samples\OurStreets\app\src\main\java\com\google\samples\apps\ourstreets\data\DataUtils.java,com.google.samples.apps.ourstreets.data.DataUtils,class,3,5,2,3,1,1,0,2,0,0.0,NaN,NaN,1,1,1,0,0,0,1,0,0,0,0,0,0,0,0,0,0,0,0,8,1,0,0,0,0,0,0,3,0,3,0,0,0,0,21,17,0
c:\Users\arthur.menezes_evolu\Desktop\Pes\animation-samples\GridToPager\app\src\main\java\com\google\samples\gridtopager\fragment\ImagePagerFragment.java,com.google.samples.gridtopager.fragment.ImagePagerFragment,class,11,13,2,11,3,2,0,11,1,0.5,NaN,NaN,2,0,1,1,0,0,1,0,0,0,1,0,0,1,0,0,0,0,0,34,1,0,1,0,0,0,0,2,0,2,1,2,0,0,42,1,0
c:\Users\arthur.menezes_evolu\Desktop\Pes\animation-samples\Unsplash\app\src\main\java\com\example\android\unsplash\ui\TransitionCallback.java,com.example.android.unsplash.ui.TransitionCallback,class,2,3,1,2,5,1,0,0,10,0.0,0.0,0.0,5,0,5,0,0,0,5,0,0,0,0,0,0,0,0,0,0,0,0,12,0,0,0,0,0,0,0,0,0,0,0,0,0,0,13,1025,0
c:\Users\arthur.menezes_evolu\Desktop\Pes\animation-samples\RevealEffectBasic\Application\src\main\java\com\example\android\common\logger\LogView.java,LogView,class,8,9,1,8,18,1,0,7,28,0.875,0.0,0.0,8,0,7,1,0,0,7,0,0,0,1,0,0,0,0,1,0,0,0,74,3,0,4,0,2,9,1,13,1,5,2,1,0,0,115,1,0
c:\Users\arthur.menezes_evolu\Desktop\Pes\animation-samples\OurStreets\app\src\main\java\com\google\samples\apps\ourstreets\view\ViewUtils.java,com.google.samples.apps.ourstreets.view.ViewUtils,class,20,25,5,20,17,1,0,39,55,0.90909094,0.0,0.0,11,11,11,0,0,0,11,0,0,0,1,1,1,0,0,0,1,0,5,102,9,0,3,0,2,2,5,21,4,20,2,2,0,0,155,1,0
c:\Users\arthur.menezes_evolu\Desktop\Pes\animation-samples\Unsplash\app\src\main\java\com\example\android\unsplash\ui\ForegroundImageView.java,com.example.android.unsplash.ui.ForegroundImageView,class,7,9,2,7,22,2,1,23,0,0.2,0.0,0.0,10,0,7,0,3,0,10,0,0,0,1,0,0,1,0,0,0,0,0,71,3,0,10,0,1,0,4,3,0,3,3,0,0,0,66,1,0
c:\Users\arthur.menezes_evolu\Desktop\Pes\animation-samples\ActivitySceneTransitionBasic\app\src\main\java\com\example\android\activityscenetransitionbasic\SquareFrameLayout.java,com.example.android.activityscenetransitionbasic.SquareFrameLayout,class,3,3,0,3,8,2,0,8,6,0.0,0.0,0.0,4,0,3,0,1,0,4,0,0,0,0,0,0,0,0,0,0,0,3,30,1,0,4,0,0,0,5,6,0,5,1,0,0,0,33,1,0
c:\Users\arthur.menezes_evolu\Desktop\Pes\animation-samples\RevealEffectBasic\Application\src\main\java\com\example\android\common\logger\LogFragment.java,LogFragment$Anonymous1,anonymous,1,1,0,1,3,1,0,1,3,0.0,0.0,0.0,3,0,3,0,0,0,3,0,0,0,0,0,0,0,0,0,0,0,0,9,0,0,0,0,0,0,0,0,0,0,0,0,0,0,10,-1,0
c:\Users\arthur.menezes_evolu\Desktop\Pes\animation-samples\GridToPager\app\src\main\java\com\google\samples\gridtopager\fragment\ImageFragment.java,com.google.samples.gridtopager.fragment.ImageFragment,class,11,13,2,11,2,2,0,12,0,0.0,0.0,0.0,2,1,2,0,0,0,2,0,0,0,1,1,0,1,0,0,1,0,1,28,2,0,0,0,0,1,0,6,0,6,0,1,0,0,34,1,0
c:\Users\arthur.menezes_evolu\Desktop\Pes\animation-samples\Unsplash\app\src\main\java\com\example\android\unsplash\ui\DetailSharedElementEnterCallback.java,com.example.android.unsplash.ui.DetailSharedElementEnterCallback,class,12,16,4,12,24,2,0,35,42,0.7638889,0.0,0.0,12,0,6,6,0,0,6,0,0,0,6,0,0,6,0,0,1,0,1,99,5,2,7,0,0,3,1,16,0,14,2,0,0,0,76,1,0
c:\Users\arthur.menezes_evolu\Desktop\Pes\animation-samples\Unsplash\app\src\main\java\com\example\android\unsplash\ui\grid\GridMarginDecoration.java,com.example.android.unsplash.ui.grid.GridMarginDecoration,class,5,6,1,5,2,2,0,0,0,0.0,0.0,0.0,2,0,2,0,0,0,2,0,0,0,1,0,0,1,0,0,0,0,0,12,0,0,0,0,0,0,0,5,0,1,0,0,0,0,11,1,0
c:\Users\arthur.menezes_evolu\Desktop\Pes\animation-samples\BasicTransition\Application\src\main\java\com\example\android\common\view\SlidingTabLayout.java,com.example.android.common.view.SlidingTabLayout,class,16,18,2,16,28,2,0,37,30,0.82905984,0.0,0.0,13,0,9,2,2,0,11,0,0,0,9,3,0,9,0,0,4,0,0,152,2,1,7,0,2,0,12,25,3,20,2,0,3,0,185,1,0
c:\Users\arthur.menezes_evolu\Desktop\Pes\animation-samples\OurStreets\app\src\main\java\com\google\samples\apps\ourstreets\fragment\DetailFragment.java,com.google.samples.apps.ourstreets.fragment.DetailFragment$Anonymous1,anonymous,2,2,0,2,2,1,0,1,0,0.0,NaN,NaN,1,0,1,0,0,0,1,0,0,0,0,0,0,0,0,0,0,0,0,8,1,0,1,0,0,0,0,0,0,0,1,0,0,0,11,-1,0
c:\Users\arthur.menezes_evolu\Desktop\Pes\animation-samples\CustomTransition\Application\src\main\java\com\example\android\customtransition\ChangeColor.java,com.example.android.customtransition.ChangeColor,class,10,12,2,10,9,2,0,7,4,0.5,0.0,0.0,4,0,3,1,0,0,3,0,0,0,1,1,0,1,0,0,1,0,0,38,3,0,3,0,0,1,0,7,0,7,2,1,0,0,51,1,0
c:\Users\arthur.menezes_evolu\Desktop\Pes\animation-samples\OurStreets\app\src\main\java\com\google\samples\apps\ourstreets\fragment\DetailFragment.java,com.google.samples.apps.ourstreets.fragment.DetailFragment$Anonymous2,anonymous,2,2,0,2,5,1,0,1,10,0.0,0.0,0.0,5,0,5,0,0,0,5,0,0,0,0,0,0,0,0,0,0,0,0,13,0,0,0,0,0,0,0,0,0,0,0,0,0,0,11,-1,0
c:\Users\arthur.menezes_evolu\Desktop\Pes\animation-samples\OurStreets\app\src\main\java\com\google\samples\apps\ourstreets\fragment\DetailFragment.java,com.google.samples.apps.ourstreets.fragment.DetailFragment$Anonymous3,anonymous,2,2,0,2,1,1,0,4,0,0.0,NaN,NaN,1,0,1,0,0,0,1,0,0,0,0,0,0,0,0,0,0,0,0,6,0,0,0,0,0,0,3,1,0,1,0,0,0,0,9,-1,0
c:\Users\arthur.menezes_evolu\Desktop\Pes\animation-samples\GridToPager\app\src\main\java\com\google\samples\gridtopager\MainActivity.java,com.google.samples.gridtopager.MainActivity,class,5,5,0,5,3,2,0,10,0,0.0,0.0,0.0,2,0,0,0,2,0,2,0,0,0,2,2,1,1,0,0,1,0,0,18,1,0,1,0,0,1,1,3,0,3,1,0,0,0,64,1,0
c:\Users\arthur.menezes_evolu\Desktop\Pes\animation-samples\OurStreets\app\src\main\java\com\google\samples\apps\ourstreets\fragment\DetailFragment.java,com.google.samples.apps.ourstreets.fragment.DetailFragment$Anonymous4,anonymous,2,2,0,2,1,1,0,1,0,0.0,NaN,NaN,1,0,1,0,0,0,1,0,0,0,0,0,0,0,0,0,0,0,0,5,0,0,0,0,0,0,0,0,0,0,0,0,0,0,6,-1,0
c:\Users\arthur.menezes_evolu\Desktop\Pes\animation-samples\GridToPager\app\src\main\java\com\google\samples\gridtopager\adapter\GridAdapter.java,com.google.samples.gridtopager.adapter.GridAdapter,class,11,12,1,11,4,2,0,5,4,0.5,0.0,0.0,4,0,4,0,0,0,4,0,0,0,2,0,0,2,0,0,2,0,0,78,2,0,0,0,0,0,0,3,0,3,0,0,3,0,31,1,0
c:\Users\arthur.menezes_evolu\Desktop\Pes\animation-samples\OurStreets\app\src\main\java\com\google\samples\apps\ourstreets\fragment\DetailFragment.java,com.google.samples.apps.ourstreets.fragment.DetailFragment$Anonymous5,anonymous,2,2,0,2,1,1,0,1,0,0.0,NaN,NaN,1,0,1,0,0,0,1,0,0,0,0,0,0,0,0,0,0,0,0,5,0,0,0,0,0,0,0,0,0,0,0,0,0,0,11,-1,0
c:\Users\arthur.menezes_evolu\Desktop\Pes\animation-samples\OurStreets\app\src\main\java\com\google\samples\apps\ourstreets\fragment\DetailFragment.java,com.google.samples.apps.ourstreets.fragment.DetailFragment$Anonymous6,anonymous,1,1,0,1,1,1,0,1,0,0.0,NaN,NaN,1,0,1,0,0,0,1,0,0,0,0,0,0,0,0,0,0,0,0,6,1,0,0,0,0,0,0,0,0,0,0,0,0,0,10,-1,0
c:\Users\arthur.menezes_evolu\Desktop\Pes\animation-samples\OurStreets\app\src\main\java\com\google\samples\apps\ourstreets\fragment\DetailFragment.java,com.google.samples.apps.ourstreets.fragment.DetailFragment$Anonymous7,anonymous,1,1,0,1,1,1,0,0,0,0.0,NaN,NaN,1,0,1,0,0,0,1,0,0,0,0,0,0,0,0,0,0,0,0,5,0,0,0,0,0,0,0,1,0,0,0,0,0,0,6,-1,0
c:\Users\arthur.menezes_evolu\Desktop\Pes\animation-samples\OurStreets\app\src\main\java\com\google\samples\apps\ourstreets\fragment\DetailFragment.java,com.google.samples.apps.ourstreets.fragment.DetailFragment$Anonymous8,anonymous,1,1,0,1,2,1,0,7,0,0.0,NaN,NaN,1,0,1,0,0,0,1,0,0,0,0,0,0,0,0,0,0,0,0,9,0,0,0,0,0,0,0,0,0,0,1,0,0,0,4,-1,0
c:\Users\arthur.menezes_evolu\Desktop\Pes\animation-samples\Unsplash\app\src\main\java\com\example\android\unsplash\ui\ImageSize.java,com.example.android.unsplash.ui.ImageSize,class,1,1,0,1,0,1,0,0,0,NaN,-1.0,-1.0,0,0,0,0,0,0,0,0,0,0,2,2,2,0,0,0,2,0,0,4,0,0,0,0,0,0,4,2,0,2,0,0,0,0,10,1,0
c:\Users\arthur.menezes_evolu\Desktop\Pes\animation-samples\OurStreets\app\src\main\java\com\google\samples\apps\ourstreets\view\ViewUtils.java,com.google.samples.apps.ourstreets.view.ViewUtils$Anonymous2,anonymous,2,2,0,2,1,1,0,6,0,0.0,NaN,NaN,1,0,1,0,0,0,1,0,0,0,0,0,0,0,0,0,0,0,0,6,1,0,0,0,0,0,0,0,1,0,0,0,0,0,6,-1,0
c:\Users\arthur.menezes_evolu\Desktop\Pes\animation-samples\OurStreets\app\src\main\java\com\google\samples\apps\ourstreets\view\ViewUtils.java,com.google.samples.apps.ourstreets.view.ViewUtils$Anonymous1,anonymous,2,2,0,2,4,1,0,5,1,0.0,0.0,0.0,2,0,2,0,0,0,2,0,0,0,0,0,0,0,0,0,0,0,0,18,2,0,0,0,2,0,0,0,0,0,1,0,0,0,9,-1,0
c:\Users\arthur.menezes_evolu\Desktop\Pes\animation-samples\RevealEffectBasic\Application\src\main\java\com\example\android\revealeffectbasic\RevealEffectBasicFragment.java,com.example.android.revealeffectbasic.RevealEffectBasicFragment$Anonymous1,anonymous,4,4,0,4,1,1,0,7,0,0.0,NaN,NaN,1,0,1,0,0,0,1,0,0,0,0,0,0,0,0,0,0,0,2,8,0,0,0,0,0,1,3,1,0,1,0,0,0,0,10,-1,0
c:\Users\arthur.menezes_evolu\Desktop\Pes\animation-samples\BasicTransition\Application\src\main\java\com\example\android\common\view\SlidingTabLayout.java,com.example.android.common.view.SlidingTabLayout$InternalViewPagerListener,innerclass,4,4,0,4,11,1,0,8,1,0.33333334,0.0,0.0,3,0,3,0,0,0,3,0,0,0,1,0,0,1,0,0,0,0,0,31,1,0,6,0,5,0,5,4,1,4,1,0,0,0,28,2,0
c:\Users\arthur.menezes_evolu\Desktop\Pes\animation-samples\OurStreets\app\src\main\java\com\google\samples\apps\ourstreets\fragment\StreetViewFragment.java,com.google.samples.apps.ourstreets.fragment.StreetViewFragment$Anonymous1,anonymous,1,1,0,1,1,1,0,3,0,0.0,NaN,NaN,1,0,1,0,0,0,1,0,0,0,0,0,0,0,0,0,0,0,0,6,0,0,0,0,0,0,0,0,0,0,0,0,0,0,8,-1,0
c:\Users\arthur.menezes_evolu\Desktop\Pes\animation-samples\OurStreets\app\src\main\java\com\google\samples\apps\ourstreets\map\OnCameraPositionUpdateListener.java,com.google.samples.apps.ourstreets.map.OnCameraPositionUpdateListener,interface,1,3,2,1,1,1,0,0,0,0.0,NaN,NaN,1,0,0,0,0,1,1,0,0,0,0,0,0,0,0,0,0,0,0,3,0,0,0,0,0,0,0,0,0,0,0,0,0,0,13,1,0
c:\Users\arthur.menezes_evolu\Desktop\Pes\animation-samples\OurStreets\app\src\main\java\com\google\samples\apps\ourstreets\fragment\StreetViewFragment.java,com.google.samples.apps.ourstreets.fragment.StreetViewFragment$Anonymous2,anonymous,3,3,0,3,1,1,0,2,0,0.0,NaN,NaN,1,0,1,0,0,0,1,0,0,0,0,0,0,0,0,0,0,0,0,5,0,0,0,0,0,0,0,0,0,0,0,0,0,0,10,-1,0
c:\Users\arthur.menezes_evolu\Desktop\Pes\animation-samples\BasicTransition\Application\src\main\java\com\example\android\common\logger\LogView.java,com.example.android.common.logger.LogView,class,6,9,3,6,18,2,0,8,28,0.875,0.0,0.0,8,0,7,1,0,0,7,0,0,0,1,0,0,0,0,1,0,0,0,74,3,0,4,0,2,9,1,13,1,5,2,1,0,0,115,1,0
c:\Users\arthur.menezes_evolu\Desktop\Pes\animation-samples\OurStreets\app\src\main\java\com\google\samples\apps\ourstreets\fragment\StreetViewFragment.java,com.google.samples.apps.ourstreets.fragment.StreetViewFragment$Anonymous3,anonymous,3,3,0,3,2,1,0,13,0,0.0,NaN,NaN,1,0,1,0,0,0,1,0,0,0,0,0,0,0,0,0,0,0,0,12,0,0,1,0,0,0,1,1,0,1,1,0,0,0,12,-1,0
c:\Users\arthur.menezes_evolu\Desktop\Pes\animation-samples\OurStreets\app\src\main\java\com\google\samples\apps\ourstreets\transition\Elevation.java,com.google.samples.apps.ourstreets.transition.Elevation,class,8,10,2,8,13,2,0,6,19,0.78571427,0.0,0.0,7,0,6,1,0,0,6,0,0,0,2,2,0,2,0,0,2,0,0,35,3,0,3,0,0,1,2,8,0,8,1,0,0,0,79,1,0
c:\Users\arthur.menezes_evolu\Desktop\Pes\animation-samples\GridToPager\app\src\main\java\com\google\samples\gridtopager\adapter\GridAdapter.java,com.google.samples.gridtopager.adapter.GridAdapter$ImageViewHolder,innerclass,8,8,0,8,4,2,0,10,0,0.41666666,0.0,0.0,4,0,1,0,0,3,4,0,0,0,3,0,0,3,0,0,3,0,1,33,0,0,0,0,0,0,0,4,0,4,0,1,0,0,33,8,0
c:\Users\arthur.menezes_evolu\Desktop\Pes\animation-samples\OurStreets\app\src\main\java\com\google\samples\apps\ourstreets\view\GalleryAdapter.java,com.google.samples.apps.ourstreets.view.GalleryAdapter$Anonymous2,anonymous,2,2,0,2,1,1,0,5,0,0.0,NaN,NaN,1,0,1,0,0,0,1,0,0,0,0,0,0,0,0,0,0,0,0,7,0,0,0,0,0,0,0,0,0,0,0,0,0,0,5,-1,0
c:\Users\arthur.menezes_evolu\Desktop\Pes\animation-samples\OurStreets\app\src\main\java\com\google\samples\apps\ourstreets\view\GalleryAdapter.java,com.google.samples.apps.ourstreets.view.GalleryAdapter$Anonymous1,anonymous,1,1,0,1,1,1,0,3,0,0.0,NaN,NaN,1,0,1,0,0,0,1,0,0,0,0,0,0,0,0,0,0,0,0,6,0,0,0,0,0,0,0,0,0,0,0,0,0,0,6,-1,0
c:\Users\arthur.menezes_evolu\Desktop\Pes\animation-samples\ActivitySceneTransitionBasic\app\src\main\java\com\example\android\activityscenetransitionbasic\MainActivity.java,com.example.android.activityscenetransitionbasic.MainActivity,class,7,7,0,7,1,3,0,5,0,0.0,NaN,NaN,1,0,1,0,0,0,1,0,0,0,1,0,0,1,0,0,1,0,0,42,0,0,0,0,0,0,0,3,0,3,0,1,1,0,47,1,0
c:\Users\arthur.menezes_evolu\Desktop\Pes\animation-samples\BasicTransition\Application\src\main\java\com\example\android\common\view\SlidingTabLayout.java,com.example.android.common.view.SlidingTabLayout$TabColorizer,interface,0,0,0,0,2,1,0,0,1,0.0,0.0,0.0,2,0,0,0,0,2,2,0,0,0,0,0,0,0,0,0,0,0,0,4,0,0,0,0,0,0,0,0,0,0,0,0,0,0,27,1,0
c:\Users\arthur.menezes_evolu\Desktop\Pes\animation-samples\OurStreets\app\src\main\java\com\google\samples\apps\ourstreets\model\Detail.java,com.google.samples.apps.ourstreets.model.Detail$Anonymous1,anonymous,2,2,0,2,2,1,0,0,1,0.0,0.0,0.0,2,0,2,0,0,0,2,0,0,0,0,0,0,0,0,0,0,0,0,8,2,0,0,0,0,0,0,0,0,0,0,0,0,0,8,-1,0
c:\Users\arthur.menezes_evolu\Desktop\Pes\animation-samples\Unsplash\app\src\main\java\com\example\android\unsplash\DetailActivity.java,com.example.android.unsplash.DetailActivity,class,14,17,3,14,8,2,0,34,1,0.6571428,0.0,0.0,7,0,2,2,3,0,5,0,0,0,5,1,0,5,0,0,2,0,0,72,1,0,1,0,0,1,2,11,0,10,1,2,0,0,69,1,0
c:\Users\arthur.menezes_evolu\Desktop\Pes\animation-samples\RevealEffectBasic\Application\src\main\java\com\example\android\common\logger\LogWrapper.java,LogWrapper,class,3,4,1,3,6,1,0,2,0,0.0,0.0,0.0,3,0,3,0,0,0,3,0,0,0,1,0,0,1,0,0,0,0,0,22,1,0,3,0,0,2,0,4,1,2,1,0,0,0,73,1,0
c:\Users\arthur.menezes_evolu\Desktop\Pes\animation-samples\OurStreets\app\src\main\java\com\google\samples\apps\ourstreets\fragment\DetailFragment.java,com.google.samples.apps.ourstreets.fragment.DetailFragment,class,32,38,6,32,43,2,0,72,268,0.8840126,0.0,0.0,29,1,14,15,0,0,14,0,0,0,11,1,1,10,0,0,1,0,7,254,12,0,12,0,2,3,0,30,0,24,2,8,0,0,113,1,0
c:\Users\arthur.menezes_evolu\Desktop\Pes\animation-samples\OurStreets\app\src\test\java\com\google\samples\apps\ourstreets\model\DetailTest.java,com.google.samples.apps.ourstreets.model.DetailTest,class,6,6,0,6,9,1,0,8,0,0.5918368,0.0,0.0,7,0,7,0,0,0,7,0,0,0,7,1,0,7,0,0,1,0,2,36,0,0,0,0,0,2,5,9,2,7,0,0,0,0,31,1,0
c:\Users\arthur.menezes_evolu\Desktop\Pes\animation-samples\Interpolator\Application\tests\src\com\example\android\interpolator\tests\SampleTests.java,com.example.android.interpolatorplayground.tests.SampleTests,class,9,9,0,9,7,2,0,23,0,0.4,0.0,0.0,5,0,4,0,1,0,5,0,0,0,2,0,0,2,0,0,0,0,0,41,0,2,0,0,0,3,3,10,0,10,1,0,0,0,59,1,0
c:\Users\arthur.menezes_evolu\Desktop\Pes\animation-samples\OurStreets\app\src\main\java\com\google\samples\apps\ourstreets\fragment\GalleryFragment.java,com.google.samples.apps.ourstreets.fragment.GalleryFragment$Anonymous1,anonymous,3,3,0,3,1,1,0,2,0,0.0,NaN,NaN,1,0,1,0,0,0,1,0,0,0,0,0,0,0,0,0,0,0,0,5,0,0,0,0,0,0,0,0,0,0,0,0,0,0,10,-1,0
c:\Users\arthur.menezes_evolu\Desktop\Pes\animation-samples\Unsplash\app\src\main\java\com\example\android\unsplash\DetailActivity.java,com.example.android.unsplash.DetailActivity$Anonymous2,anonymous,1,1,0,1,2,1,0,3,0,0.0,NaN,NaN,1,0,1,0,0,0,1,0,0,0,0,0,0,0,0,0,0,0,0,8,0,0,0,0,0,0,1,0,0,0,1,0,0,0,10,-1,0
c:\Users\arthur.menezes_evolu\Desktop\Pes\animation-samples\Unsplash\app\src\main\java\com\example\android\unsplash\data\model\Photo.java,com.example.android.unsplash.data.model.Photo$Anonymous1,anonymous,2,2,0,2,2,1,0,0,1,0.0,0.0,0.0,2,0,2,0,0,0,2,0,0,0,0,0,0,0,0,0,0,0,0,8,2,0,0,0,0,0,0,0,0,0,0,0,0,0,8,-1,0
c:\Users\arthur.menezes_evolu\Desktop\Pes\animation-samples\Unsplash\app\src\main\java\com\example\android\unsplash\DetailActivity.java,com.example.android.unsplash.DetailActivity$Anonymous1,anonymous,2,2,0,2,1,1,0,1,0,0.0,NaN,NaN,1,0,1,0,0,0,1,0,0,0,0,0,0,0,0,0,0,0,0,5,0,0,0,0,0,0,0,0,0,0,0,0,0,0,7,-1,0
c:\Users\arthur.menezes_evolu\Desktop\Pes\animation-samples\OurStreets\app\src\main\java\com\google\samples\apps\ourstreets\fragment\GalleryFragment.java,com.google.samples.apps.ourstreets.fragment.GalleryFragment$Anonymous3,anonymous,2,2,0,2,2,1,0,2,1,0.0,0.0,0.0,2,0,2,0,0,0,2,0,0,0,0,0,0,0,0,0,0,0,0,9,0,0,0,0,0,0,0,0,0,0,0,0,0,0,11,-1,0
c:\Users\arthur.menezes_evolu\Desktop\Pes\animation-samples\OurStreets\app\src\main\java\com\google\samples\apps\ourstreets\fragment\GalleryFragment.java,com.google.samples.apps.ourstreets.fragment.GalleryFragment$Anonymous2,anonymous,3,3,0,3,1,1,0,2,0,0.0,NaN,NaN,1,0,1,0,0,0,1,0,0,0,0,0,0,0,0,0,0,0,0,6,0,0,0,0,0,0,0,1,0,1,0,0,0,0,11,-1,0
c:\Users\arthur.menezes_evolu\Desktop\Pes\animation-samples\RevealEffectBasic\Application\src\main\java\com\example\android\common\activities\SampleActivityBase.java,SampleActivityBase,class,4,4,0,4,3,1,0,5,3,0.6666667,0.0,0.0,3,0,1,0,2,0,3,0,0,0,1,1,1,0,0,0,1,0,0,15,0,0,0,0,0,2,0,2,0,2,0,0,0,0,32,1,0
c:\Users\arthur.menezes_evolu\Desktop\Pes\animation-samples\Interpolator\Application\src\main\java\com\example\android\interpolator\MainActivity.java,com.example.android.interpolator.MainActivity,class,11,12,1,11,9,3,0,23,8,0.70000005,0.0,0.0,5,0,4,0,1,0,5,0,0,0,2,1,1,1,0,0,1,0,2,49,4,0,1,0,0,2,2,9,0,9,2,0,0,0,88,1,0
c:\Users\arthur.menezes_evolu\Desktop\Pes\animation-samples\OurStreets\app\src\main\java\com\google\samples\apps\ourstreets\fragment\GalleryFragment.java,com.google.samples.apps.ourstreets.fragment.GalleryFragment$Anonymous5,anonymous,0,0,0,0,1,1,0,1,0,0.0,NaN,NaN,1,0,1,0,0,0,1,0,0,0,0,0,0,0,0,0,0,0,0,5,0,0,0,0,0,0,0,0,0,0,0,0,0,0,1,-1,0
c:\Users\arthur.menezes_evolu\Desktop\Pes\animation-samples\OurStreets\app\src\main\java\com\google\samples\apps\ourstreets\fragment\GalleryFragment.java,com.google.samples.apps.ourstreets.fragment.GalleryFragment$Anonymous4,anonymous,2,2,0,2,1,1,0,1,0,0.0,NaN,NaN,1,0,1,0,0,0,1,0,0,0,0,0,0,0,0,0,0,0,0,5,0,0,0,0,0,0,0,0,0,0,0,0,0,0,11,-1,0
c:\Users\arthur.menezes_evolu\Desktop\Pes\animation-samples\OurStreets\app\src\main\java\com\google\samples\apps\ourstreets\fragment\GalleryFragment.java,com.google.samples.apps.ourstreets.fragment.GalleryFragment$Anonymous6,anonymous,2,2,0,2,1,1,0,2,0,0.0,NaN,NaN,1,0,1,0,0,0,1,0,0,0,0,0,0,0,0,0,0,0,0,12,0,0,0,0,0,0,0,0,0,0,0,1,0,0,5,-1,0
c:\Users\arthur.menezes_evolu\Desktop\Pes\animation-samples\OurStreets\app\src\main\java\com\google\samples\apps\ourstreets\data\IntentKeys.java,com.google.samples.apps.ourstreets.data.IntentKeys,interface,0,0,0,0,0,1,0,0,0,NaN,-1.0,-1.0,0,0,0,0,0,0,0,0,0,0,3,0,0,0,0,3,0,0,0,5,0,0,0,0,0,3,0,3,0,3,0,0,0,0,23,1,0
c:\Users\arthur.menezes_evolu\Desktop\Pes\animation-samples\Interpolator\Application\src\main\java\com\example\android\interpolator\InterpolatorFragment.java,com.example.android.interpolator.InterpolatorFragment$Anonymous1,anonymous,6,6,0,6,3,1,0,6,0,0.0,NaN,NaN,1,0,1,0,0,0,1,0,0,0,0,0,0,0,0,0,0,0,2,11,0,0,0,0,2,4,0,5,0,4,0,0,0,0,20,-1,0
c:\Users\arthur.menezes_evolu\Desktop\Pes\animation-samples\RevealEffectBasic\Application\src\main\java\com\example\android\revealeffectbasic\RevealEffectBasicFragment.java,com.example.android.revealeffectbasic.RevealEffectBasicFragment,class,6,8,2,6,3,2,0,6,3,1.0,0.0,0.0,3,0,3,0,0,0,3,0,0,0,1,1,0,1,0,0,1,0,0,24,1,0,0,0,0,1,0,3,0,3,0,1,0,0,34,1,0
c:\Users\arthur.menezes_evolu\Desktop\Pes\animation-samples\Interpolator\Application\src\main\java\com\example\android\interpolator\InterpolatorFragment.java,com.example.android.interpolator.InterpolatorFragment$Anonymous2,anonymous,1,1,0,1,3,1,0,3,3,0.0,0.0,0.0,3,0,3,0,0,0,3,0,0,0,0,0,0,0,0,0,0,0,0,9,0,0,0,0,0,0,0,0,0,0,0,0,0,0,13,-1,0
c:\Users\arthur.menezes_evolu\Desktop\Pes\animation-samples\RevealEffectBasic\Application\src\main\java\com\example\android\revealeffectbasic\MainActivity.java,com.example.android.revealeffectbasic.MainActivity,class,11,12,1,11,9,3,0,23,8,0.70000005,0.0,0.0,5,0,4,0,1,0,5,0,0,0,2,1,1,1,0,0,1,0,2,48,4,0,2,0,0,2,2,9,0,9,2,0,0,0,89,1,0
c:\Users\arthur.menezes_evolu\Desktop\Pes\animation-samples\GridToPager\app\src\main\java\com\google\samples\gridtopager\fragment\ImageFragment.java,com.google.samples.gridtopager.fragment.ImageFragment$Anonymous1,anonymous,5,5,0,5,2,1,0,2,1,0.0,0.0,0.0,2,0,2,0,0,0,2,0,0,0,0,0,0,0,0,0,0,0,0,10,2,0,0,0,0,0,0,0,0,0,0,0,0,0,17,-1,0
c:\Users\arthur.menezes_evolu\Desktop\Pes\animation-samples\Unsplash\app\src\main\java\com\example\android\unsplash\transition\TextResize.java,com.example.android.unsplash.transition.TextResize,class,18,21,3,18,21,3,0,48,43,0.8333333,0.0,0.0,10,3,6,4,0,0,6,0,0,0,3,3,0,3,0,0,3,0,4,282,9,0,10,0,3,8,6,39,11,36,1,1,2,0,157,1,0
c:\Users\arthur.menezes_evolu\Desktop\Pes\animation-samples\OurStreets\app\src\main\java\com\google\samples\apps\ourstreets\data\DetailPresenter.java,com.google.samples.apps.ourstreets.data.DetailPresenter,class,7,8,1,7,2,2,0,3,1,0.0,0.0,0.0,2,0,1,0,1,0,2,0,0,0,0,0,0,0,0,0,0,0,1,14,1,0,0,0,0,1,0,6,1,6,0,0,0,0,24,17,0
c:\Users\arthur.menezes_evolu\Desktop\Pes\animation-samples\BasicTransition\Application\src\main\java\com\example\android\common\activities\SampleActivityBase.java,com.example.android.common.activities.SampleActivityBase,class,5,10,5,5,3,2,4,5,3,0.6666667,0.0,0.0,3,0,1,0,2,0,3,0,0,0,1,1,1,0,0,0,1,0,2,15,0,0,0,0,0,2,0,2,0,2,0,0,0,0,32,1,0
c:\Users\arthur.menezes_evolu\Desktop\Pes\animation-samples\GridToPager\app\src\main\java\com\google\samples\gridtopager\adapter\GridAdapter.java,com.google.samples.gridtopager.adapter.GridAdapter$ImageViewHolder$Anonymous1,anonymous,6,6,0,6,2,1,0,1,1,0.0,0.0,0.0,2,0,2,0,0,0,2,0,0,0,0,0,0,0,0,0,0,0,0,10,2,0,0,0,0,0,0,0,0,0,0,0,0,0,14,-1,0
c:\Users\arthur.menezes_evolu\Desktop\Pes\animation-samples\BasicTransition\Application\src\main\java\com\example\android\common\view\SlidingTabStrip.java,com.example.android.common.view.SlidingTabStrip$SimpleTabColorizer,innerclass,2,2,0,2,4,1,0,0,2,0.5,0.0,0.0,4,0,2,0,0,2,4,0,2,0,2,0,0,2,0,0,0,0,0,16,2,0,0,0,0,0,0,2,2,2,0,0,0,0,12,10,0
c:\Users\arthur.menezes_evolu\Desktop\Pes\animation-samples\ActivitySceneTransitionBasic\app\src\main\java\com\example\android\activityscenetransitionbasic\DetailActivity.java,com.example.android.activityscenetransitionbasic.DetailActivity$Anonymous1,anonymous,2,2,0,2,5,1,0,2,10,0.0,0.0,0.0,5,0,5,0,0,0,5,0,0,0,0,0,0,0,0,0,0,0,0,15,0,0,0,0,0,0,0,0,0,0,0,0,0,0,12,-1,0
c:\Users\arthur.menezes_evolu\Desktop\Pes\animation-samples\RevealEffectBasic\Application\src\main\java\com\example\android\common\logger\LogNode.java,LogNode,interface,0,4,4,0,1,1,9,0,0,0.0,NaN,NaN,1,0,1,0,0,0,1,0,0,0,0,0,0,0,0,0,0,0,0,3,0,0,0,0,0,0,0,0,0,0,0,0,0,0,84,1,0
c:\Users\arthur.menezes_evolu\Desktop\Pes\animation-samples\Unsplash\app\src\main\java\com\example\android\unsplash\ui\grid\OnItemSelectedListener.java,com.example.android.unsplash.ui.grid.OnItemSelectedListener$Anonymous1,anonymous,1,1,0,1,1,1,0,0,0,0.0,NaN,NaN,1,0,1,0,0,0,1,0,0,0,0,0,0,0,0,0,0,0,0,5,1,0,0,0,0,0,0,0,0,0,0,0,0,0,8,-1,0
c:\Users\arthur.menezes_evolu\Desktop\Pes\animation-samples\BasicTransition\Application\src\main\java\com\example\android\common\logger\Log.java,com.example.android.common.logger.Log,class,2,12,10,2,19,1,0,8,147,0.9375,0.0,0.0,18,18,18,0,0,0,18,0,0,0,8,8,7,1,0,0,7,0,15,66,1,0,1,0,0,0,1,8,0,8,1,0,0,0,99,1,0
c:\Users\arthur.menezes_evolu\Desktop\Pes\animation-samples\CustomTransition\Application\src\main\java\com\example\android\customtransition\MainActivity.java,com.example.android.customtransition.MainActivity,class,11,11,0,11,9,3,0,23,8,0.70000005,0.0,0.0,5,0,4,0,1,0,5,0,0,0,2,1,1,1,0,0,1,0,2,43,4,0,2,0,0,2,2,9,0,9,1,0,0,0,88,1,0
c:\Users\arthur.menezes_evolu\Desktop\Pes\animation-samples\GridToPager\app\src\main\java\com\google\samples\gridtopager\fragment\GridFragment.java,com.google.samples.gridtopager.fragment.GridFragment$Anonymous2,anonymous,2,2,0,2,2,1,0,4,0,0.0,NaN,NaN,1,0,1,0,0,0,1,0,0,0,0,0,0,0,0,0,0,0,0,9,1,0,1,0,0,0,1,1,0,1,1,0,0,0,9,-1,0
c:\Users\arthur.menezes_evolu\Desktop\Pes\animation-samples\Unsplash\app\src\main\java\com\example\android\unsplash\ui\grid\PhotoViewHolder.java,com.example.android.unsplash.ui.grid.PhotoViewHolder,class,2,5,3,2,2,2,0,1,0,0.0,0.0,0.0,2,0,2,0,0,0,2,0,0,0,1,0,0,1,0,0,1,0,0,10,1,0,0,0,0,0,0,1,0,1,0,0,0,0,8,1,0
c:\Users\arthur.menezes_evolu\Desktop\Pes\animation-samples\GridToPager\app\src\main\java\com\google\samples\gridtopager\fragment\GridFragment.java,com.google.samples.gridtopager.fragment.GridFragment$Anonymous1,anonymous,2,2,0,2,3,1,0,6,0,0.0,NaN,NaN,1,0,1,0,0,0,1,0,0,0,0,0,0,0,0,0,0,0,0,10,0,0,1,0,0,0,0,2,0,2,1,0,0,1,12,-1,0
c:\Users\arthur.menezes_evolu\Desktop\Pes\animation-samples\GridToPager\app\src\main\java\com\google\samples\gridtopager\adapter\ImageData.java,com.google.samples.gridtopager.adapter.ImageData,class,2,2,0,2,0,1,0,0,0,NaN,-1.0,-1.0,0,0,0,0,0,0,0,0,0,0,1,1,0,0,0,1,1,0,0,3,0,0,0,0,0,0,0,1,0,1,0,0,0,0,24,1024,0
c:\Users\arthur.menezes_evolu\Desktop\Pes\animation-samples\OurStreets\app\src\main\java\com\google\samples\apps\ourstreets\model\Detail.java,com.google.samples.apps.ourstreets.model.Detail,class,7,18,11,7,9,1,0,7,0,0.6111111,0.0,0.0,9,0,8,0,1,0,9,0,0,0,6,1,1,5,0,0,6,0,0,55,6,0,0,0,0,0,1,11,0,6,0,1,0,0,36,1,0
c:\Users\arthur.menezes_evolu\Desktop\Pes\animation-samples\BasicTransition\Application\src\main\java\com\example\android\common\logger\LogView.java,com.example.android.common.logger.LogView$Anonymous1,anonymous,1,1,0,1,1,1,0,2,0,0.0,NaN,NaN,1,0,1,0,0,0,1,0,0,0,0,0,0,0,0,0,0,0,0,5,0,0,0,0,0,0,0,0,0,0,0,0,0,0,4,-1,0
c:\Users\arthur.menezes_evolu\Desktop\Pes\animation-samples\Unsplash\app\src\main\java\com\example\android\unsplash\ui\pager\DetailViewPagerAdapter.java,com.example.android.unsplash.ui.pager.DetailViewPagerAdapter,class,10,12,2,10,8,2,0,21,11,0.68571436,0.0,0.0,7,0,6,1,0,0,6,0,0,0,5,0,0,5,0,0,4,0,0,39,3,0,0,0,2,0,2,6,0,6,1,0,0,0,40,1,0
c:\Users\arthur.menezes_evolu\Desktop\Pes\animation-samples\OurStreets\app\src\main\java\com\google\samples\apps\ourstreets\fragment\GalleryFragment.java,com.google.samples.apps.ourstreets.fragment.GalleryFragment$Anonymous6$Anonymous7,anonymous,3,3,0,3,1,1,0,2,0,0.0,NaN,NaN,1,0,1,0,0,0,1,0,0,0,0,0,0,0,0,0,0,0,0,7,0,0,0,0,0,0,0,0,0,0,0,0,0,0,6,-1,0
c:\Users\arthur.menezes_evolu\Desktop\Pes\animation-samples\BasicTransition\Application\src\main\java\com\example\android\common\logger\LogFragment.java,com.example.android.common.logger.LogFragment$Anonymous1,anonymous,1,1,0,1,3,1,0,1,3,0.0,0.0,0.0,3,0,3,0,0,0,3,0,0,0,0,0,0,0,0,0,0,0,0,9,0,0,0,0,0,0,0,0,0,0,0,0,0,0,10,-1,0
c:\Users\arthur.menezes_evolu\Desktop\Pes\animation-samples\OurStreets\app\src\main\java\com\google\samples\apps\ourstreets\map\DetailMarkerRenderer.java,com.google.samples.apps.ourstreets.map.DetailMarkerRenderer,class,12,14,2,12,6,2,0,7,4,0.6666667,0.0,0.0,4,0,1,1,2,0,3,0,0,0,3,1,0,3,0,0,1,0,1,22,2,0,1,0,0,0,1,3,0,3,1,0,0,0,43,17,0
c:\Users\arthur.menezes_evolu\Desktop\Pes\animation-samples\OurStreets\app\src\main\java\com\google\samples\apps\ourstreets\view\GalleryViewHolder.java,com.google.samples.apps.ourstreets.view.GalleryViewHolder,class,5,8,3,5,1,2,0,2,0,0.0,NaN,NaN,1,0,0,0,0,1,1,0,0,0,5,0,5,0,0,0,5,0,0,15,0,0,0,0,0,0,0,5,0,5,0,0,0,0,16,1,0
c:\Users\arthur.menezes_evolu\Desktop\Pes\animation-samples\CustomTransition\Application\src\main\java\com\example\android\customtransition\CustomTransitionFragment.java,com.example.android.customtransition.CustomTransitionFragment,class,13,14,1,13,7,2,0,11,4,0.6,0.0,0.0,5,0,5,0,0,0,5,0,0,0,5,2,0,5,0,0,2,0,1,34,1,0,2,0,1,3,1,8,4,7,1,0,0,0,57,1,0
c:\Users\arthur.menezes_evolu\Desktop\Pes\animation-samples\Unsplash\app\src\main\java\com\example\android\unsplash\IntentUtil.java,com.example.android.unsplash.IntentUtil,class,1,2,1,1,6,1,0,1,1,1.0,0.0,0.0,2,2,2,0,0,0,2,0,0,0,7,7,7,0,0,0,7,0,0,25,4,2,0,0,0,6,0,7,0,7,2,0,0,0,50,1,0
c:\Users\arthur.menezes_evolu\Desktop\Pes\animation-samples\ActivitySceneTransitionBasic\app\src\main\java\com\example\android\activityscenetransitionbasic\MainActivity.java,com.example.android.activityscenetransitionbasic.MainActivity$Anonymous1,anonymous,7,7,0,7,1,1,0,7,0,0.0,NaN,NaN,1,0,1,0,0,0,1,0,0,0,0,0,0,0,0,0,0,0,0,9,0,0,0,0,0,1,0,3,0,3,0,0,0,0,27,-1,0
c:\Users\arthur.menezes_evolu\Desktop\Pes\animation-samples\ActivitySceneTransitionBasic\app\src\main\java\com\example\android\activityscenetransitionbasic\MainActivity.java,com.example.android.activityscenetransitionbasic.MainActivity$GridAdapter,innerclass,7,7,0,7,5,2,0,12,6,0.0,0.0,0.0,4,0,4,0,0,0,4,0,0,0,0,0,0,0,0,0,0,0,0,22,4,0,1,0,0,0,0,4,0,3,1,0,0,0,21,2,0
c:\Users\arthur.menezes_evolu\Desktop\Pes\animation-samples\BasicTransition\Application\src\main\java\com\example\android\common\view\SlidingTabStrip.java,com.example.android.common.view.SlidingTabStrip,class,11,14,3,11,15,2,0,29,16,0.8024692,0.0,0.0,9,2,0,2,1,6,7,0,0,0,18,7,0,18,0,0,15,0,5,118,2,1,2,0,16,0,21,43,31,38,3,0,1,0,124,0,0
c:\Users\arthur.menezes_evolu\Desktop\Pes\animation-samples\Unsplash\app\src\main\java\com\example\android\unsplash\ui\grid\OnItemSelectedListener.java,com.example.android.unsplash.ui.grid.OnItemSelectedListener,class,8,10,2,8,6,1,0,7,8,0.6,0.0,0.0,5,0,5,0,0,0,5,1,3,0,1,0,0,1,0,0,1,0,0,25,1,0,0,0,0,2,0,2,0,2,1,1,0,0,26,1025,0
c:\Users\arthur.menezes_evolu\Desktop\Pes\animation-samples\GridToPager\app\src\main\java\com\google\samples\gridtopager\fragment\GridFragment.java,com.google.samples.gridtopager.fragment.GridFragment,class,12,14,2,12,4,2,0,12,4,0.5,0.0,0.0,4,0,2,2,0,0,2,0,0,0,1,0,0,1,0,0,0,0,0,40,1,0,0,0,0,0,0,1,0,1,0,2,0,0,67,1,0
c:\Users\arthur.menezes_evolu\Desktop\Pes\animation-samples\RevealEffectBasic\Application\tests\src\com\example\android\revealeffectbasic\tests\SampleTests.java,com.example.android.revealeffectbasic.tests.SampleTests,class,3,3,0,3,3,2,0,7,1,0.33333334,0.0,0.0,3,0,2,0,1,0,3,0,0,0,2,0,0,2,0,0,0,0,0,17,0,0,0,0,0,3,1,2,0,2,0,0,0,0,26,1,0
c:\Users\arthur.menezes_evolu\Desktop\Pes\animation-samples\Unsplash\app\src\main\java\com\example\android\unsplash\data\UnsplashService.java,com.example.android.unsplash.data.UnsplashService,interface,3,4,1,3,1,1,0,0,0,1.0,NaN,NaN,1,0,0,0,0,1,1,0,0,0,1,0,0,0,0,1,0,0,0,4,0,0,0,0,0,2,0,1,0,1,0,0,0,0,14,1,0
