file,class,type,cbo,cboModified,fanin,fanout,wmc,dit,noc,rfc,lcom,lcom*,tcc,lcc,totalMethodsQty,staticMethodsQty,publicMethodsQty,privateMethodsQty,protectedMethodsQty,defaultMethodsQty,visibleMethodsQty,abstractMethodsQty,finalMethodsQty,synchronizedMethodsQty,totalFieldsQty,staticFieldsQty,publicFieldsQty,privateFieldsQty,protectedFieldsQty,defaultFieldsQty,finalFieldsQty,synchronizedFieldsQty,nosi,loc,returnQty,loopQty,comparisonsQty,tryCatchQty,parenthesizedExpsQty,stringLiteralsQty,numbersQty,assignmentsQty,mathOperationsQty,variablesQty,maxNestedBlocksQty,anonymousClassesQty,innerClassesQty,lambdasQty,uniqueWordsQty,modifiers,logStatementsQty
c:\Users\arthur.menezes_evolu\Desktop\Pes\QLExpress\src\main\java\com\ql\util\express\instruction\detail\InstructionNewVirClass.java,com.ql.util.express.instruction.detail.InstructionNewVirClass,class,5,7,2,5,5,2,0,7,0,0.125,0.0,0.0,4,0,4,0,0,0,4,0,0,0,2,0,0,2,0,0,2,0,0,25,2,1,0,0,0,3,1,7,1,6,1,0,0,0,26,1,0
c:\Users\arthur.menezes_evolu\Desktop\Pes\QLExpress\src\main\java\com\ql\util\express\instruction\op\OperatorSelfDefineClassFunction.java,com.ql.util.express.instruction.op.OperatorSelfDefineClassFunction,class,10,13,3,10,12,2,0,15,0,0.275,0.0,0.0,5,0,5,0,0,0,5,0,0,0,8,0,0,8,0,0,6,0,13,82,4,3,2,0,0,2,3,42,0,13,2,0,0,0,46,1,0
c:\Users\arthur.menezes_evolu\Desktop\Pes\QLExpress\src\test\java\com\ql\util\express\test\AddMethodInvokeTest.java,com.ql.util.express.test.AddMethodInvokeTest$Anonymous4,anonymous,0,0,0,0,2,1,0,6,0,0.0,NaN,NaN,1,0,1,0,0,0,1,0,0,0,0,0,0,0,0,0,0,0,0,10,1,1,0,0,0,1,4,2,1,2,1,0,0,0,11,-1,0
c:\Users\arthur.menezes_evolu\Desktop\Pes\QLExpress\src\test\java\com\ql\util\express\test\AddMethodInvokeTest.java,com.ql.util.express.test.AddMethodInvokeTest$Anonymous3,anonymous,0,0,0,0,1,1,0,1,0,0.0,NaN,NaN,1,0,1,0,0,0,1,0,0,0,0,0,0,0,0,0,0,0,0,6,1,0,0,0,0,0,2,1,0,1,0,0,0,0,7,-1,0
c:\Users\arthur.menezes_evolu\Desktop\Pes\QLExpress\src\main\java\com\ql\util\express\instruction\detail\InstructionReturn.java,com.ql.util.express.instruction.detail.InstructionReturn,class,3,4,1,3,5,2,0,6,0,0.0,0.0,0.0,3,0,3,0,0,0,3,0,0,0,1,0,0,1,0,0,1,0,0,23,2,0,0,0,0,2,0,1,0,1,1,0,0,0,12,1,0
c:\Users\arthur.menezes_evolu\Desktop\Pes\QLExpress\src\test\java\com\ql\util\express\bugfix\ErrorColumnTest.java,com.ql.util.express.bugfix.ErrorColumnTest,class,2,2,0,2,2,1,0,2,0,0.0,NaN,NaN,1,0,1,0,0,0,1,0,0,0,0,0,0,0,0,0,0,0,0,12,0,0,0,1,0,1,0,2,0,2,1,0,0,0,12,1,0
c:\Users\arthur.menezes_evolu\Desktop\Pes\QLExpress\src\test\java\com\ql\util\express\test\AddMethodInvokeTest.java,com.ql.util.express.test.AddMethodInvokeTest$Anonymous2,anonymous,0,0,0,0,2,1,0,2,0,0.0,NaN,NaN,1,0,1,0,0,0,1,0,0,0,0,0,0,0,0,0,0,0,0,6,1,0,0,0,0,0,2,1,0,1,0,0,0,0,5,-1,0
c:\Users\arthur.menezes_evolu\Desktop\Pes\QLExpress\src\test\java\com\ql\util\express\test\AddMethodInvokeTest.java,com.ql.util.express.test.AddMethodInvokeTest$Anonymous1,anonymous,0,0,0,0,2,1,0,2,0,0.0,NaN,NaN,1,0,1,0,0,0,1,0,0,0,0,0,0,0,0,0,0,0,0,6,1,0,1,0,0,0,2,1,0,1,0,0,0,0,5,-1,0
c:\Users\arthur.menezes_evolu\Desktop\Pes\QLExpress\src\test\java\com\ql\util\express\test\rating\SubjectManager.java,com.ql.util.express.test.rating.SubjectManager,class,2,3,1,2,6,3,0,9,3,0.0,0.0,0.0,3,0,3,0,0,0,3,0,0,0,0,0,0,0,0,0,0,0,0,28,2,2,1,0,1,4,0,9,0,5,2,0,0,0,22,1,0
c:\Users\arthur.menezes_evolu\Desktop\Pes\QLExpress\src\main\java\com\ql\util\express\parse\AppendingClassFieldManager.java,com.ql.util.express.parse.AppendingClassFieldManager,class,2,4,2,2,7,1,0,5,1,0.33333334,0.0,0.0,3,0,3,0,0,0,3,0,0,0,1,0,0,1,0,0,1,0,0,33,3,1,1,0,1,0,0,2,0,2,2,0,1,0,20,1,0
c:\Users\arthur.menezes_evolu\Desktop\Pes\QLExpress\src\test\java\com\ql\util\express\test\spring\SpringDemoTest.java,com.ql.util.express.test.spring.SpringDemoTest,class,5,5,0,5,2,2,0,2,0,0.0,0.0,0.0,2,0,2,0,0,0,2,0,0,0,1,0,0,1,0,0,0,0,0,23,0,0,0,0,0,34,0,4,2,5,0,0,0,0,21,1,0
c:\Users\arthur.menezes_evolu\Desktop\Pes\QLExpress\src\main\java\com\ql\util\express\instruction\op\OperatorMethod.java,com.ql.util.express.instruction.op.OperatorMethod,class,13,14,1,13,22,2,0,23,0,0.5,0.0,0.0,4,0,4,0,0,0,4,0,0,0,2,1,0,2,0,0,1,0,11,110,5,3,7,0,0,11,12,36,10,21,4,0,0,0,51,1,0
c:\Users\arthur.menezes_evolu\Desktop\Pes\QLExpress\src\test\java\com\ql\util\express\bugfix\CrashTest.java,com.ql.util.express.bugfix.CrashTest$Worker,innerclass,1,1,0,1,3,1,0,3,0,0.0,0.0,0.0,2,0,2,0,0,0,2,0,0,0,1,0,0,1,0,0,1,0,1,15,0,0,0,1,0,0,0,1,0,1,1,0,0,0,13,8,0
c:\Users\arthur.menezes_evolu\Desktop\Pes\QLExpress\src\main\java\com\ql\util\express\IExpressResourceLoader.java,com.ql.util.express.IExpressResourceLoader,interface,0,4,4,0,1,1,0,0,0,0.0,NaN,NaN,1,0,0,0,0,1,1,0,0,0,0,0,0,0,0,0,0,0,0,3,0,0,0,0,0,0,0,0,0,0,0,0,0,0,9,1,0
c:\Users\arthur.menezes_evolu\Desktop\Pes\QLExpress\src\test\java\com\ql\util\express\test\AddMethodInvokeTest.java,com.ql.util.express.test.AddMethodInvokeTest$Anonymous6,anonymous,0,0,0,0,1,1,0,2,0,0.0,NaN,NaN,1,0,1,0,0,0,1,0,0,0,0,0,0,0,0,0,0,0,0,7,1,0,0,0,0,1,1,1,0,1,0,0,0,0,7,-1,0
c:\Users\arthur.menezes_evolu\Desktop\Pes\QLExpress\src\test\java\com\ql\util\express\test\DateTest.java,com.ql.util.express.test.DateTest,class,3,3,0,3,3,1,0,2,3,0.0,0.0,0.0,3,0,3,0,0,0,3,0,0,0,0,0,0,0,0,0,0,0,0,23,0,0,0,0,0,6,0,12,0,12,0,0,0,0,23,1,0
c:\Users\arthur.menezes_evolu\Desktop\Pes\QLExpress\src\test\java\com\ql\util\express\test\AddMethodInvokeTest.java,com.ql.util.express.test.AddMethodInvokeTest$Anonymous5,anonymous,0,0,0,0,1,1,0,2,0,0.0,NaN,NaN,1,0,1,0,0,0,1,0,0,0,0,0,0,0,0,0,0,0,0,7,1,0,0,0,0,1,1,1,0,1,0,0,0,0,7,-1,0
c:\Users\arthur.menezes_evolu\Desktop\Pes\QLExpress\src\main\java\com\ql\util\express\exception\QLSecurityRiskException.java,com.ql.util.express.exception.QLSecurityRiskException,class,1,4,3,1,2,4,0,0,1,1.0,0.0,0.0,2,0,2,0,0,0,2,0,0,0,1,1,0,1,0,0,1,0,0,8,0,0,0,0,0,0,1,1,0,1,0,0,0,0,14,1,0
c:\Users\arthur.menezes_evolu\Desktop\Pes\QLExpress\src\main\java\com\ql\util\express\instruction\op\OperatorReduce.java,com.ql.util.express.instruction.op.OperatorReduce,class,2,3,1,2,3,3,0,1,3,0.0,0.0,0.0,3,0,3,0,0,0,3,0,0,0,0,0,0,0,0,0,0,0,1,13,1,0,0,0,0,0,2,4,0,0,0,0,0,0,12,1,0
c:\Users\arthur.menezes_evolu\Desktop\Pes\QLExpress\src\main\java\com\ql\util\express\instruction\op\OperatorOr.java,com.ql.util.express.instruction.op.OperatorOr,class,3,5,2,3,8,3,0,1,6,0.0,0.0,0.0,4,0,4,0,0,0,4,0,0,0,0,0,0,0,0,0,0,0,0,38,2,0,2,0,0,8,2,10,2,4,1,0,0,0,22,1,0
c:\Users\arthur.menezes_evolu\Desktop\Pes\QLExpress\src\main\java\com\ql\util\express\match\QLPattern.java,com.ql.util.express.match.QLPattern$ArrayListCache,innerclass,1,1,0,1,6,1,0,1,0,0.33333334,0.0,0.0,3,0,3,0,0,0,3,0,0,0,5,0,2,3,0,0,2,0,0,36,1,1,0,0,0,0,8,13,4,7,1,0,0,0,15,9,0
c:\Users\arthur.menezes_evolu\Desktop\Pes\QLExpress\src\main\java\com\ql\util\express\config\whitelist\AssignableChecker.java,com.ql.util.express.config.whitelist.AssignableChecker,class,1,2,1,1,2,1,0,1,0,0.0,0.0,0.0,2,0,2,0,0,0,2,0,0,0,1,0,0,1,0,0,1,0,0,9,1,0,0,0,0,0,0,1,0,1,0,0,0,0,7,1,0
c:\Users\arthur.menezes_evolu\Desktop\Pes\QLExpress\src\main\java\com\ql\util\express\instruction\OperatorInstructionFactory.java,com.ql.util.express.instruction.OperatorInstructionFactory,class,14,14,0,14,14,2,0,13,0,0.0,NaN,NaN,1,0,1,0,0,0,1,0,0,0,0,0,0,0,0,0,0,0,0,39,1,1,0,0,0,10,16,10,9,7,2,0,0,0,33,0,0
c:\Users\arthur.menezes_evolu\Desktop\Pes\QLExpress\src\main\java\com\ql\util\express\InstructionSet.java,com.ql.util.express.InstructionSet,class,19,62,43,19,62,1,0,48,242,0.89968646,0.0,0.0,29,0,27,2,0,0,27,0,0,0,11,3,3,8,0,0,7,0,5,218,17,10,4,2,7,19,27,37,10,31,5,0,0,0,105,1,0
c:\Users\arthur.menezes_evolu\Desktop\Pes\QLExpress\src\main\java\com\ql\util\express\OperatorOfNumber.java,com.ql.util.express.PreciseNumberOperator,class,1,3,2,1,23,1,0,10,15,0.8333333,0.0,0.0,6,5,4,1,1,0,5,0,0,0,1,1,1,0,0,0,1,0,4,97,7,0,1,0,8,1,2,17,0,5,2,0,0,0,31,0,0
c:\Users\arthur.menezes_evolu\Desktop\Pes\QLExpress\src\test\java\com\ql\util\express\test\MethodInvokeTest.java,com.ql.util.express.test.MethodInvokeTest,class,6,7,1,6,10,1,0,5,28,0.0,0.0,0.0,8,0,8,0,0,0,8,0,0,0,0,0,0,0,0,0,0,0,0,58,3,0,1,1,0,25,0,19,5,19,1,0,0,0,42,1,0
c:\Users\arthur.menezes_evolu\Desktop\Pes\QLExpress\src\test\java\com\ql\util\express\test\logic\ShortCircuitLogicTest.java,com.ql.util.express.test.logic.ShortCircuitLogicTest,class,5,6,1,5,8,1,0,7,0,0.0,0.0,0.0,4,0,4,0,0,0,4,0,0,0,1,0,0,1,0,0,1,0,0,50,1,2,0,0,0,18,4,9,0,9,2,0,0,0,27,1,0
c:\Users\arthur.menezes_evolu\Desktop\Pes\QLExpress\src\main\java\com\ql\util\express\config\QLExpressRunStrategy.java,com.ql.util.express.config.QLExpressRunStrategy,class,3,19,16,3,32,1,0,16,145,0.8830409,0.0,0.0,19,18,18,1,0,0,19,0,0,0,9,9,0,9,0,0,1,0,1,108,11,2,4,0,0,23,2,18,15,10,2,0,0,0,75,1,0
c:\Users\arthur.menezes_evolu\Desktop\Pes\QLExpress\src\test\java\com\ql\util\express\bugfix\RecursivelyTest.java,com.ql.util.express.bugfix.RecursivelyTest$Anonymous1,anonymous,3,3,0,3,1,1,0,3,0,0.0,NaN,NaN,1,0,1,0,0,0,1,0,0,0,0,0,0,0,0,0,0,0,0,9,1,0,0,0,0,2,1,1,0,1,0,0,0,0,7,-1,0
c:\Users\arthur.menezes_evolu\Desktop\Pes\QLExpress\src\test\java\com\ql\util\express\example\RiskBean.java,com.ql.util.express.example.RiskBean,class,0,1,1,0,2,1,0,0,1,0.0,0.0,0.0,2,2,2,0,0,0,2,0,0,0,0,0,0,0,0,0,0,0,0,6,0,0,0,0,0,0,0,0,0,0,0,0,0,0,5,1,0
c:\Users\arthur.menezes_evolu\Desktop\Pes\QLExpress\src\test\java\com\ql\util\express\console\ConsoleFrame.java,com.ql.util.express.console.ConsoleFrame_jMenuFileExit_ActionAdapter,class,1,2,1,1,2,1,0,1,0,0.0,0.0,0.0,2,0,1,0,0,1,2,0,0,0,1,0,0,0,0,1,1,0,0,9,0,0,0,0,0,0,0,1,0,1,0,0,0,0,14,0,0
c:\Users\arthur.menezes_evolu\Desktop\Pes\QLExpress\src\test\java\com\ql\util\express\test\DynamicFieldTest.java,com.ql.util.express.test.DynamicFieldTest,class,6,6,0,6,2,1,0,11,1,0.0,0.0,0.0,2,0,2,0,0,0,2,0,0,0,0,0,0,0,0,0,0,0,1,24,0,0,0,0,0,16,0,8,1,8,0,0,0,0,21,1,0
c:\Users\arthur.menezes_evolu\Desktop\Pes\QLExpress\src\main\java\com\ql\util\express\instruction\op\OperatorAnonymousNewArray.java,com.ql.util.express.instruction.op.OperatorAnonymousNewArray,class,8,10,2,8,12,2,0,10,6,0.0,0.0,0.0,4,0,3,1,0,0,3,0,0,0,0,0,0,0,0,0,0,0,4,44,2,2,4,0,0,0,4,17,0,7,2,0,0,0,32,1,0
c:\Users\arthur.menezes_evolu\Desktop\Pes\QLExpress\src\test\java\com\ql\util\express\bugfix\AdjustTypesTest.java,com.ql.util.express.bugfix.AdjustTypesTest,class,5,6,1,5,6,1,0,5,9,0.5,0.0,0.0,6,0,6,0,0,0,6,0,0,0,1,1,1,0,0,0,1,0,0,40,3,0,0,0,0,13,1,13,2,13,0,0,0,0,24,1,0
c:\Users\arthur.menezes_evolu\Desktop\Pes\QLExpress\src\main\java\com\ql\util\express\instruction\IOperateDataCache.java,com.ql.util.express.instruction.IOperateDataCache,interface,13,17,4,13,11,1,0,0,55,0.0,0.0,0.0,11,0,0,0,0,11,11,0,0,0,0,0,0,0,0,0,0,0,0,13,0,0,0,0,0,0,0,0,0,0,0,0,0,0,39,1,0
c:\Users\arthur.menezes_evolu\Desktop\Pes\QLExpress\src\test\java\com\ql\util\express\test\rating\SubjectManager.java,com.ql.util.express.test.rating.UserSubject,class,0,1,1,0,5,3,0,2,4,0.5,0.0,0.0,4,0,4,0,0,0,4,0,0,0,1,0,0,0,0,1,1,0,0,20,4,0,1,0,0,3,1,2,0,2,1,0,0,0,14,0,0
c:\Users\arthur.menezes_evolu\Desktop\Pes\QLExpress\src\test\java\com\ql\util\express\console\ConsoleFrame2.java,com.ql.util.express.console.ConsoleFrame_jButton1_actionAdapter2,class,1,2,1,1,3,1,0,2,0,0.0,0.0,0.0,2,0,1,0,0,1,2,0,0,0,1,0,0,1,0,0,1,0,0,14,0,0,0,1,0,0,0,1,0,1,1,0,0,0,15,0,0
c:\Users\arthur.menezes_evolu\Desktop\Pes\QLExpress\src\test\java\com\ql\util\express\annotation\Patient.java,com.ql.util.express.annotation.Patient,class,2,3,1,2,5,2,0,3,6,0.6,0.0,0.0,5,0,5,0,0,0,5,0,0,0,2,0,0,2,0,0,0,0,1,19,3,0,0,0,0,5,3,3,1,2,0,0,0,0,9,1,0
c:\Users\arthur.menezes_evolu\Desktop\Pes\QLExpress\src\main\java\com\ql\util\express\match\IDataNode.java,com.ql.util.express.match.IDataNode,interface,2,6,4,2,8,1,0,0,28,0.0,0.0,0.0,8,0,0,0,0,8,8,0,0,0,0,0,0,0,0,0,0,0,0,10,0,0,0,0,0,0,0,0,0,0,0,0,0,0,17,1,0
c:\Users\arthur.menezes_evolu\Desktop\Pes\QLExpress\src\test\java\com\ql\util\express\test\ReplaceOperatorTest.java,com.ql.util.express.test.ReplaceOperatorTest,class,4,4,0,4,1,1,0,6,0,0.0,NaN,NaN,1,0,1,0,0,0,1,0,0,0,0,0,0,0,0,0,0,0,0,19,0,0,0,0,0,11,0,6,0,3,0,0,0,0,14,1,0
c:\Users\arthur.menezes_evolu\Desktop\Pes\QLExpress\src\test\java\com\ql\util\express\console\FileTree.java,com.ql.util.express.console.FileTree$FileTreeRenderer,innerclass,1,1,0,1,5,1,0,3,0,0.0,NaN,NaN,1,0,1,0,0,0,1,0,0,0,3,0,0,3,0,0,3,0,0,26,2,0,1,0,0,3,0,8,0,5,4,0,0,0,27,0,0
c:\Users\arthur.menezes_evolu\Desktop\Pes\QLExpress\src\test\java\com\ql\util\express\test\DemoShowTest.java,com.ql.util.express.test.DemoShowTest$JoinOperator,innerclass,1,1,0,1,2,3,0,1,0,0.0,NaN,NaN,1,0,1,0,0,0,1,0,0,0,0,0,0,0,0,0,0,0,0,16,2,0,0,0,1,3,2,3,0,3,1,0,0,0,11,1,0
c:\Users\arthur.menezes_evolu\Desktop\Pes\QLExpress\src\main\java\com\ql\util\express\match\QLMatchResult.java,com.ql.util.express.match.QLMatchResult,class,2,6,4,2,9,1,0,6,0,0.4375,0.0,0.0,8,0,8,0,0,0,8,0,0,0,2,0,0,2,0,0,1,0,0,36,7,1,0,0,0,0,2,4,0,3,1,0,0,0,24,1,0
c:\Users\arthur.menezes_evolu\Desktop\Pes\QLExpress\src\main\java\com\ql\util\express\instruction\op\OperatorRound.java,com.ql.util.express.instruction.op.OperatorRound,class,3,5,2,3,3,3,0,4,3,0.0,0.0,0.0,3,0,3,0,0,0,3,0,0,0,0,0,0,0,0,0,0,0,1,11,2,0,0,0,2,0,2,1,0,0,0,0,0,0,11,1,0
c:\Users\arthur.menezes_evolu\Desktop\Pes\QLExpress\src\main\java\com\ql\util\express\instruction\detail\InstructionClearDataStack.java,com.ql.util.express.instruction.detail.InstructionClearDataStack,class,2,3,1,2,2,2,0,2,1,0.0,0.0,0.0,2,0,2,0,0,0,2,0,0,0,0,0,0,0,0,0,0,0,0,9,1,0,0,0,0,1,0,0,0,0,0,0,0,0,11,1,0
c:\Users\arthur.menezes_evolu\Desktop\Pes\QLExpress\src\test\java\com\ql\util\express\annotation\QLAliasContext.java,com.ql.util.express.annotation.QLAliasContext,class,2,3,1,2,5,4,0,5,0,0.0,NaN,NaN,1,0,1,0,0,0,1,0,0,0,0,0,0,0,0,0,0,0,0,15,0,3,0,0,0,0,2,4,0,4,4,0,0,0,15,1,0
c:\Users\arthur.menezes_evolu\Desktop\Pes\QLExpress\src\test\java\com\ql\util\express\bugfix\StringTest.java,com.ql.util.express.bugfix.StringTest,class,4,4,0,4,1,1,0,3,0,0.0,NaN,NaN,1,0,1,0,0,0,1,0,0,0,0,0,0,0,0,0,0,0,0,10,0,0,0,0,0,1,0,4,0,4,0,0,0,0,17,1,0
c:\Users\arthur.menezes_evolu\Desktop\Pes\QLExpress\src\main\java\com\ql\util\express\config\whitelist\MustChecker.java,com.ql.util.express.config.whitelist.MustChecker,class,1,2,1,1,3,1,0,0,0,0.0,0.0,0.0,2,0,2,0,0,0,2,0,0,0,1,0,0,1,0,0,1,0,0,9,1,0,1,0,0,0,0,1,0,1,0,0,0,0,7,1,0
c:\Users\arthur.menezes_evolu\Desktop\Pes\QLExpress\src\main\java\com\ql\util\express\instruction\CallFunctionInstructionFactory.java,com.ql.util.express.instruction.CallFunctionInstructionFactory,class,10,10,0,10,3,2,0,8,0,0.0,NaN,NaN,1,0,1,0,0,0,1,0,0,0,0,0,0,0,0,0,0,0,0,21,1,1,1,0,0,0,4,9,1,7,1,0,0,0,28,1,0
c:\Users\arthur.menezes_evolu\Desktop\Pes\QLExpress\src\test\java\com\ql\util\express\bugfix\ImportClassPathTest.java,com.ql.util.express.bugfix.ImportClassPathTest,class,4,4,0,4,4,1,0,5,3,0.0,0.0,0.0,3,0,3,0,0,0,3,0,0,0,0,0,0,0,0,0,0,0,0,34,1,0,0,1,0,6,0,12,1,12,1,0,0,0,26,1,0
c:\Users\arthur.menezes_evolu\Desktop\Pes\QLExpress\src\test\java\com\ql\util\express\bugfix\ContextMessagePutTest.java,com.ql.util.express.bugfix.ContextMessagePutTest$OperatorContextPut,innerclass,4,4,0,4,2,2,0,3,1,0.0,0.0,0.0,2,0,2,0,0,0,2,0,0,0,0,0,0,0,0,0,0,0,0,11,1,0,0,0,0,0,2,3,0,2,0,0,0,0,18,0,0
c:\Users\arthur.menezes_evolu\Desktop\Pes\QLExpress\src\main\java\com\ql\util\express\DefaultContext.java,com.ql.util.express.DefaultContext,class,3,92,89,3,0,3,1,0,0,0.0,-1.0,-1.0,0,0,0,0,0,0,0,0,0,0,0,0,0,0,0,0,0,0,0,2,0,0,0,0,0,1,0,0,0,0,0,0,0,0,0,1,0
c:\Users\arthur.menezes_evolu\Desktop\Pes\QLExpress\src\main\java\com\ql\util\express\parse\NodeType.java,com.ql.util.express.parse.NodeTypeKind,enum,0,2,2,0,0,1,0,0,0,0.0,-1.0,-1.0,0,0,0,0,0,0,0,0,0,0,0,0,0,0,0,0,0,0,0,1,0,0,0,0,0,0,0,0,0,0,0,0,0,0,10,0,0
c:\Users\arthur.menezes_evolu\Desktop\Pes\QLExpress\src\test\java\com\ql\util\express\test\LoadExpressFromFileTest.java,com.ql.util.express.test.LoadExpressFromFileTest,class,4,4,0,4,3,1,0,7,1,0.0,0.0,0.0,2,0,2,0,0,0,2,0,0,0,0,0,0,0,0,0,0,0,0,27,0,1,0,0,0,10,0,9,4,7,1,0,0,0,18,1,0
c:\Users\arthur.menezes_evolu\Desktop\Pes\QLExpress\src\test\java\com\ql\util\express\bugfix\OverFlowTest.java,com.ql.util.express.bugfix.OverFlowTest,class,3,4,1,3,22,1,0,15,0,0.125,0.0,0.0,16,0,16,0,0,0,16,0,0,0,1,0,0,1,0,0,0,0,0,120,2,0,0,6,0,6,23,9,13,3,1,0,1,0,17,1,0
c:\Users\arthur.menezes_evolu\Desktop\Pes\QLExpress\src\test\java\com\ql\util\express\bugfix\ThrowExceptionTest.java,com.ql.util.express.bugfix.ThrowExceptionTest,class,5,6,1,5,14,1,0,11,10,0.0,0.0,0.0,5,0,5,0,0,0,5,0,0,0,0,0,0,0,0,0,0,0,1,69,1,3,0,3,0,14,0,12,0,8,2,0,0,0,32,1,0
c:\Users\arthur.menezes_evolu\Desktop\Pes\QLExpress\src\main\java\com\ql\util\express\parse\AppendingClassMethodManager.java,com.ql.util.express.parse.AppendingClassMethodManager,class,5,7,2,5,7,1,0,5,1,0.33333334,0.0,0.0,3,0,3,0,0,0,3,0,0,0,1,0,0,1,0,0,1,0,0,28,3,1,1,0,1,0,0,2,0,2,2,0,1,0,29,1,0
c:\Users\arthur.menezes_evolu\Desktop\Pes\QLExpress\src\test\java\com\ql\util\express\test\IfTest.java,com.ql.util.express.test.IfTest,class,5,5,0,5,3,1,0,6,0,0.0,NaN,NaN,1,0,1,0,0,0,1,0,0,0,0,0,0,0,0,0,0,0,0,15,0,1,1,0,0,43,5,5,3,5,1,0,0,0,17,1,0
c:\Users\arthur.menezes_evolu\Desktop\Pes\QLExpress\src\main\java\com\ql\util\express\InstructionSetContext.java,com.ql.util.express.InstructionSetContext,class,6,61,55,6,35,1,0,14,2,0.66964287,0.0,0.0,16,0,16,0,0,0,16,0,0,0,7,0,0,7,0,0,1,0,1,112,13,0,10,0,3,4,0,23,2,9,2,0,0,0,46,1,0
c:\Users\arthur.menezes_evolu\Desktop\Pes\QLExpress\src\main\java\com\ql\util\express\instruction\OperateDataCacheManager.java,com.ql.util.express.instruction.OperateDataCacheManager,class,16,41,25,16,14,1,0,17,85,0.78571427,0.0,0.0,14,13,13,1,0,0,13,0,0,0,1,1,0,1,0,0,1,0,12,46,11,0,0,0,0,1,0,1,0,1,0,0,0,0,57,1,0
c:\Users\arthur.menezes_evolu\Desktop\Pes\QLExpress\src\main\java\com\ql\util\express\match\INodeTypeManager.java,com.ql.util.express.match.INodeTypeManager,interface,1,7,6,1,1,1,0,0,0,0.0,NaN,NaN,1,0,0,0,0,1,1,0,0,0,0,0,0,0,0,0,0,0,0,3,0,0,0,0,0,0,0,0,0,0,0,0,0,0,6,1,0
c:\Users\arthur.menezes_evolu\Desktop\Pes\QLExpress\src\test\java\com\ql\util\express\test\spring\BizLogicBean.java,com.ql.util.express.test.spring.BizLogicBean,class,1,1,0,1,3,1,0,6,0,0.0,NaN,NaN,1,0,1,0,0,0,1,0,0,0,0,0,0,0,0,0,0,0,0,23,3,0,0,0,0,4,4,2,0,2,1,0,0,0,19,1,0
c:\Users\arthur.menezes_evolu\Desktop\Pes\QLExpress\src\test\java\com\ql\util\express\test\MapTest.java,com.ql.util.express.test.MapTest$Anonymous1,anonymous,0,0,0,0,2,1,0,2,0,0.0,0.0,0.0,2,0,2,0,0,0,2,0,0,0,1,0,0,0,0,1,1,0,0,9,2,0,0,0,0,0,0,1,0,1,0,0,0,0,6,-1,0
c:\Users\arthur.menezes_evolu\Desktop\Pes\QLExpress\src\main\java\com\ql\util\express\instruction\MacroInstructionFactory.java,com.ql.util.express.instruction.MacroInstructionFactory,class,7,8,1,7,2,2,0,7,0,0.0,NaN,NaN,1,0,1,0,0,0,1,0,0,0,0,0,0,0,0,0,0,0,0,13,1,1,0,0,0,3,2,4,1,4,1,0,0,0,17,1,0
c:\Users\arthur.menezes_evolu\Desktop\Pes\QLExpress\src\main\java\com\ql\util\express\instruction\op\OperatorSelfDefineServiceFunction.java,com.ql.util.express.instruction.op.OperatorSelfDefineServiceFunction,class,10,12,2,10,8,2,0,12,0,0.25,0.0,0.0,4,0,4,0,0,0,4,0,0,0,7,0,0,7,0,0,6,0,8,58,4,2,1,0,0,2,2,29,0,13,1,0,0,0,46,1,0
c:\Users\arthur.menezes_evolu\Desktop\Pes\QLExpress\src\main\java\com\ql\util\express\instruction\OperateDataCacheManager.java,com.ql.util.express.instruction.RunnerDataCache,class,2,3,1,2,4,1,0,5,0,0.16666667,0.0,0.0,3,0,3,0,0,0,3,0,0,0,2,0,0,2,0,0,1,0,0,20,1,0,0,0,0,0,0,4,0,2,1,0,0,0,13,0,0
c:\Users\arthur.menezes_evolu\Desktop\Pes\QLExpress\src\main\java\com\ql\util\express\ExpressRemoteCacheRunner.java,com.ql.util.express.ExpressRemoteCacheRunner,class,5,9,4,5,8,1,1,9,10,0.0,0.0,0.0,5,0,5,0,0,0,5,3,0,0,0,0,0,0,0,0,0,0,0,32,1,0,1,2,0,3,0,4,0,4,2,0,0,0,26,1025,0
c:\Users\arthur.menezes_evolu\Desktop\Pes\QLExpress\src\test\java\com\ql\util\express\test\spring\QLExpressContext.java,com.ql.util.express.test.spring.QLExpressContext,class,2,3,1,2,8,3,0,4,0,0.25,0.0,0.0,4,0,4,0,0,0,4,0,0,0,1,0,0,1,0,0,1,0,0,26,2,0,2,1,0,1,0,4,0,2,2,0,0,0,17,1,0
c:\Users\arthur.menezes_evolu\Desktop\Pes\QLExpress\src\test\java\com\ql\util\express\test\custom\CustomClassLoaderTest.java,com.ql.util.express.test.custom.CustomClassLoaderTest,class,6,7,1,6,3,1,0,9,3,0.0,0.0,0.0,3,0,2,1,0,0,2,0,0,0,0,0,0,0,0,0,0,0,4,34,0,0,0,1,0,13,0,14,6,14,1,0,0,0,32,1,0
c:\Users\arthur.menezes_evolu\Desktop\Pes\QLExpress\src\main\java\com\ql\util\express\parse\AppendingClassFieldManager.java,com.ql.util.express.parse.AppendingClassFieldManager$AppendingField,innerclass,1,1,0,1,2,1,0,0,0,0.375,0.0,0.0,2,0,2,0,0,0,2,0,0,0,4,0,0,4,0,0,4,0,0,15,1,0,0,0,0,0,0,4,0,4,0,0,0,0,11,9,0
c:\Users\arthur.menezes_evolu\Desktop\Pes\QLExpress\src\main\java\com\ql\util\express\instruction\op\OperatorBase.java,com.ql.util.express.instruction.op.OperatorBase,class,6,56,50,6,25,1,26,8,67,0.8333333,0.0,0.0,14,0,14,0,0,0,14,1,0,0,6,0,0,0,6,0,0,0,1,83,12,1,6,0,1,1,2,13,1,12,3,0,0,0,43,1025,0
c:\Users\arthur.menezes_evolu\Desktop\Pes\QLExpress\src\test\java\com\ql\util\express\test\ImportTest.java,com.ql.util.express.test.ImportTest,class,3,3,0,3,1,1,0,4,0,0.0,NaN,NaN,1,0,1,0,0,0,1,0,0,0,0,0,0,0,0,0,0,0,0,11,0,0,0,0,0,7,0,4,1,4,0,0,0,0,15,1,0
c:\Users\arthur.menezes_evolu\Desktop\Pes\QLExpress\src\test\java\com\ql\util\express\test\spring\QlExpressUtil.java,com.ql.util.express.test.spring.QlExpressUtil,class,6,8,2,6,7,1,0,5,0,0.33333334,0.0,0.0,3,0,2,1,0,0,3,0,0,0,3,2,0,3,0,0,1,0,0,34,3,0,0,1,0,7,0,5,0,4,2,0,0,0,27,1,0
c:\Users\arthur.menezes_evolu\Desktop\Pes\QLExpress\src\test\java\com\ql\util\express\test\rating\RatingWithPropertyTest.java,com.ql.util.express.test.rating.RatingWithPropertyTest,class,5,5,0,5,2,1,0,8,0,0.0,NaN,NaN,1,0,1,0,0,0,1,0,0,0,0,0,0,0,0,0,0,0,0,25,0,1,0,0,0,18,1,6,0,6,1,0,0,0,23,1,0
c:\Users\arthur.menezes_evolu\Desktop\Pes\QLExpress\src\test\java\com\ql\util\express\test\rating\SubjectValue.java,com.ql.util.express.test.rating.SubjectValue,class,0,2,2,0,1,1,0,0,0,0.0,NaN,NaN,1,0,1,0,0,0,1,0,0,0,3,0,3,0,0,0,0,0,0,8,1,0,0,0,0,3,0,0,1,3,0,0,0,0,10,1,0
c:\Users\arthur.menezes_evolu\Desktop\Pes\QLExpress\src\main\java\com\ql\util\express\ArraySwap.java,com.ql.util.express.ArraySwap,class,1,36,35,1,2,1,0,0,0,0.16666667,0.0,0.0,2,0,2,0,0,0,2,0,0,0,3,0,1,2,0,0,0,0,0,13,1,0,0,0,0,0,0,3,1,3,0,0,0,0,10,17,0
c:\Users\arthur.menezes_evolu\Desktop\Pes\QLExpress\src\main\java\com\ql\util\express\instruction\op\OperatorNew.java,com.ql.util.express.instruction.op.OperatorNew,class,9,10,1,9,11,2,0,14,1,0.0,0.0,0.0,2,0,2,0,0,0,2,0,0,0,0,0,0,0,0,0,0,0,5,49,2,4,1,0,2,6,14,19,6,12,3,0,0,0,35,1,0
c:\Users\arthur.menezes_evolu\Desktop\Pes\QLExpress\src\main\java\com\ql\util\express\instruction\op\OperatorAnonymousNewMap.java,com.ql.util.express.instruction.op.OperatorAnonymousNewMap,class,6,7,1,6,4,2,0,6,3,0.0,0.0,0.0,3,0,3,0,0,0,3,0,0,0,0,0,0,0,0,0,0,0,1,19,1,1,0,0,2,0,1,8,0,4,1,0,0,0,29,1,0
c:\Users\arthur.menezes_evolu\Desktop\Pes\QLExpress\src\test\java\com\ql\util\express\test\NumberComputerTest.java,com.ql.util.express.test.NumberComputerTest,class,4,4,0,4,5,1,0,9,10,0.0,0.0,0.0,5,1,5,0,0,0,5,0,0,0,0,0,0,0,0,0,0,0,0,47,0,0,0,0,0,23,10,19,6,15,0,0,0,0,23,1,0
c:\Users\arthur.menezes_evolu\Desktop\Pes\QLExpress\src\test\java\com\ql\util\express\test\rating\SubjectOperator.java,com.ql.util.express.test.rating.OperateDataSubject,class,3,4,1,3,6,2,0,3,0,0.25,0.0,0.0,4,0,4,0,0,0,4,0,0,0,3,0,0,0,0,3,3,0,0,35,3,0,2,0,1,4,1,11,2,7,1,0,0,0,24,0,0
c:\Users\arthur.menezes_evolu\Desktop\Pes\QLExpress\src\main\java\com\ql\util\express\ExpressLoader.java,com.ql.util.express.ExpressLoader,class,6,13,7,6,13,1,0,25,0,0.42857146,0.0,0.0,7,0,7,0,0,0,7,0,0,0,2,0,0,1,0,1,2,0,0,58,4,3,0,0,0,4,1,7,4,7,2,0,0,0,31,1,0
c:\Users\arthur.menezes_evolu\Desktop\Pes\QLExpress\src\main\java\com\ql\util\express\instruction\KeyValueInstructionFactory.java,com.ql.util.express.instruction.KeyValueInstructionFactory,class,11,11,0,11,10,2,0,17,0,0.0,NaN,NaN,1,0,1,0,0,0,1,0,0,0,0,0,0,0,0,0,0,0,0,32,1,2,3,0,0,7,5,10,0,6,2,0,0,0,25,0,0
c:\Users\arthur.menezes_evolu\Desktop\Pes\QLExpress\src\main\java\com\ql\util\express\instruction\op\OperatorExportDef.java,com.ql.util.express.instruction.op.OperatorExportDef,class,5,6,1,5,3,2,0,4,3,0.0,0.0,0.0,3,0,3,0,0,0,3,0,0,0,0,0,0,0,0,0,0,0,0,17,1,0,0,0,0,0,2,7,0,3,0,0,0,0,26,1,0
c:\Users\arthur.menezes_evolu\Desktop\Pes\QLExpress\src\test\java\com\ql\util\express\test\DemoShowTest.java,com.ql.util.express.test.DemoShowTest,class,6,7,1,6,16,3,0,17,78,0.0,0.0,0.0,13,0,12,1,0,0,12,0,0,0,0,0,0,0,0,0,0,0,0,115,1,1,1,0,0,50,6,24,3,22,2,0,1,0,52,1,0
c:\Users\arthur.menezes_evolu\Desktop\Pes\QLExpress\src\main\java\com\ql\util\express\config\whitelist\CheckerFactory.java,com.ql.util.express.config.whitelist.CheckerFactory,class,3,4,1,3,2,1,0,0,1,0.0,0.0,0.0,2,2,2,0,0,0,2,0,0,0,0,0,0,0,0,0,0,0,0,8,2,0,0,0,0,0,0,0,0,0,0,0,0,0,8,1,0
c:\Users\arthur.menezes_evolu\Desktop\Pes\QLExpress\src\main\java\com\ql\util\express\instruction\op\OperatorMacro.java,com.ql.util.express.instruction.op.OperatorMacro,class,6,7,1,6,3,2,0,3,3,0.0,0.0,0.0,3,0,3,0,0,0,3,0,0,0,0,0,0,0,0,0,0,0,0,17,1,0,0,0,0,0,2,7,0,3,0,0,0,0,25,1,0
c:\Users\arthur.menezes_evolu\Desktop\Pes\QLExpress\src\test\java\com\ql\util\express\bugfix\CheckSyntaxTest.java,com.ql.util.express.bugfix.CheckSyntaxTest,class,2,2,0,2,5,1,0,4,1,0.0,0.0,0.0,2,0,2,0,0,0,2,0,0,0,0,0,0,0,0,0,0,0,0,23,0,3,0,0,0,8,0,6,2,6,1,0,0,0,24,1,0
c:\Users\arthur.menezes_evolu\Desktop\Pes\QLExpress\src\main\java\com\ql\util\express\util\QLAliasUtils.java,com.ql.util.express.util.QLAliasUtils,class,3,5,2,3,22,1,0,17,15,0.8333333,0.0,0.0,6,5,4,2,0,0,4,0,0,0,1,1,0,1,0,0,1,0,6,82,9,3,7,3,0,2,2,16,1,11,5,0,0,0,43,1,0
c:\Users\arthur.menezes_evolu\Desktop\Pes\QLExpress\src\test\java\com\ql\util\express\example\ArgumentTypeMismatchTest.java,com.ql.util.express.example.ArgumentTypeMismatchTest,class,8,11,3,8,4,1,0,11,6,0.75,0.0,0.0,4,0,4,0,0,0,4,0,0,0,1,1,0,1,0,0,1,0,0,68,0,0,0,0,0,32,2,17,7,14,0,2,0,0,35,1,0
c:\Users\arthur.menezes_evolu\Desktop\Pes\QLExpress\src\main\java\com\ql\util\express\instruction\CastInstructionFactory.java,com.ql.util.express.instruction.CastInstructionFactory,class,11,11,0,11,5,2,0,10,0,0.0,NaN,NaN,1,0,1,0,0,0,1,0,0,0,0,0,0,0,0,0,0,0,0,22,1,1,1,0,0,4,4,5,1,4,1,0,0,0,24,1,0
c:\Users\arthur.menezes_evolu\Desktop\Pes\QLExpress\src\test\java\com\ql\util\express\annotation\Person.java,com.ql.util.express.annotation.Person,class,1,3,2,1,7,1,1,2,11,0.6666667,0.0,0.0,7,0,7,0,0,0,7,0,0,0,3,0,0,3,0,0,0,0,1,26,4,0,0,0,0,7,3,3,1,3,0,0,0,0,10,1,0
c:\Users\arthur.menezes_evolu\Desktop\Pes\QLExpress\src\test\java\com\ql\util\express\test\ArrayTest.java,com.ql.util.express.test.ArrayTest$Args,innerclass,1,1,0,1,4,1,0,0,2,0.5,0.0,0.0,4,0,4,0,0,0,4,0,0,0,2,0,0,2,0,0,0,0,0,16,2,0,0,0,0,0,0,2,0,2,0,0,0,0,7,1,0
c:\Users\arthur.menezes_evolu\Desktop\Pes\QLExpress\src\main\java\com\ql\util\express\config\QLExpressTimer.java,com.ql.util.express.config.QLExpressTimer$Anonymous2,anonymous,0,0,0,0,0,1,0,0,0,0.0,-1.0,-1.0,0,0,0,0,0,0,0,0,0,0,0,0,0,0,0,0,0,0,0,2,0,0,0,0,0,0,0,0,0,0,0,0,0,0,0,-1,0
c:\Users\arthur.menezes_evolu\Desktop\Pes\QLExpress\src\main\java\com\ql\util\express\config\QLExpressTimer.java,com.ql.util.express.config.QLExpressTimer$Anonymous1,anonymous,0,0,0,0,0,1,0,0,0,0.0,-1.0,-1.0,0,0,0,0,0,0,0,0,0,0,0,0,0,0,0,0,0,0,0,2,0,0,0,0,0,0,0,0,0,0,0,0,0,0,0,-1,0
c:\Users\arthur.menezes_evolu\Desktop\Pes\QLExpress\src\test\java\com\ql\util\express\test\ExpressCacheTest.java,com.ql.util.express.test.ExpressCacheTest,class,7,8,1,7,10,1,0,10,0,0.2,0.0,0.0,5,0,3,2,0,0,3,0,0,0,1,0,0,1,0,0,1,0,0,63,0,2,0,2,0,30,13,12,4,10,1,0,0,0,29,1,0
c:\Users\arthur.menezes_evolu\Desktop\Pes\QLExpress\src\main\java\com\ql\util\express\instruction\detail\InstructionCloseNewArea.java,com.ql.util.express.instruction.detail.InstructionCloseNewArea,class,3,5,2,3,2,2,0,4,1,0.0,0.0,0.0,2,0,2,0,0,0,2,0,0,0,0,0,0,0,0,0,0,0,0,9,1,0,0,0,0,1,0,0,0,0,0,0,0,0,13,1,0
c:\Users\arthur.menezes_evolu\Desktop\Pes\QLExpress\src\main\java\com\ql\util\express\config\QLExpressTimer.java,com.ql.util.express.config.QLExpressTimer$Anonymous3,anonymous,0,0,0,0,0,1,0,0,0,0.0,-1.0,-1.0,0,0,0,0,0,0,0,0,0,0,0,0,0,0,0,0,0,0,0,2,0,0,0,0,0,0,0,0,0,0,0,0,0,0,0,-1,0
c:\Users\arthur.menezes_evolu\Desktop\Pes\QLExpress\src\test\java\com\ql\util\express\example\operator\AddNOperator.java,com.ql.util.express.example.operator.AddNOperator,class,1,2,1,1,2,3,0,0,0,0.0,NaN,NaN,1,0,1,0,0,0,1,0,0,0,0,0,0,0,0,0,0,0,0,9,1,1,0,0,0,0,1,2,1,1,1,0,0,0,10,1,0
c:\Users\arthur.menezes_evolu\Desktop\Pes\QLExpress\src\main\java\com\ql\util\express\instruction\op\OperatorMinMax.java,com.ql.util.express.instruction.op.OperatorMinMax,class,3,5,2,3,9,3,0,3,3,0.0,0.0,0.0,3,0,3,0,0,0,3,0,0,0,0,0,0,0,0,0,0,0,1,36,2,1,1,0,0,3,5,10,0,4,2,0,0,0,18,1,0
c:\Users\arthur.menezes_evolu\Desktop\Pes\QLExpress\src\main\java\com\ql\util\express\parse\NodeType.java,com.ql.util.express.parse.NodeType,class,6,17,11,6,36,1,0,30,50,0.78125,0.0,0.0,16,1,15,0,1,0,16,0,0,0,8,1,0,8,0,0,4,0,5,126,16,3,5,1,2,15,22,22,8,15,3,0,0,0,62,1,0
c:\Users\arthur.menezes_evolu\Desktop\Pes\QLExpress\src\main\java\com\ql\util\express\parse\WordSplit.java,com.ql.util.express.parse.WordSplit,class,3,7,4,3,37,1,0,18,10,0.0,0.0,0.0,5,4,3,1,1,0,4,0,0,0,0,0,0,0,0,0,0,0,3,106,5,5,13,0,0,9,31,30,30,18,5,0,0,1,44,1,0
c:\Users\arthur.menezes_evolu\Desktop\Pes\QLExpress\src\test\java\com\ql\util\express\test\MethodParamsTest.java,com.ql.util.express.test.MethodParamsTest,class,5,6,1,5,19,1,0,11,55,0.0,0.0,0.0,11,1,10,0,0,1,11,0,0,0,0,0,0,0,0,0,0,0,0,122,8,4,4,0,4,78,2,30,5,21,2,0,0,0,40,1,0
c:\Users\arthur.menezes_evolu\Desktop\Pes\QLExpress\src\test\java\com\ql\util\express\example\operator\ApproveOperator.java,com.ql.util.express.example.operator.ApproveOperator,class,1,2,1,1,4,3,0,1,0,0.0,0.0,0.0,2,0,2,0,0,0,2,0,0,0,1,0,0,1,0,0,1,0,0,19,2,0,2,0,1,3,8,1,3,1,1,0,0,0,10,1,0
c:\Users\arthur.menezes_evolu\Desktop\Pes\QLExpress\src\test\java\com\ql\util\express\test\FunctionDescTest.java,com.ql.util.express.test.FunctionDescTest,class,6,6,0,6,1,1,0,8,0,0.0,NaN,NaN,1,0,1,0,0,0,1,0,0,0,0,0,0,0,0,0,0,0,0,16,0,0,0,0,0,12,0,6,0,6,0,0,0,0,19,1,0
c:\Users\arthur.menezes_evolu\Desktop\Pes\QLExpress\src\main\java\com\ql\util\express\CacheObject.java,com.ql.util.express.CacheObject,class,1,2,1,1,6,1,0,0,9,0.6666667,0.0,0.0,6,0,6,0,0,0,6,0,0,0,3,0,0,3,0,0,0,0,0,23,3,0,0,0,0,0,0,3,0,3,0,0,0,0,14,1,0
c:\Users\arthur.menezes_evolu\Desktop\Pes\QLExpress\src\main\java\com\ql\util\express\instruction\opdata\OperateDataVirClass.java,com.ql.util.express.instruction.opdata.OperateDataVirClass,class,9,14,5,9,20,3,0,21,3,0.6333333,0.0,0.0,10,0,10,0,0,0,10,0,0,0,3,0,0,3,0,0,0,0,9,92,9,2,1,0,6,11,2,19,6,19,2,0,0,0,46,1,0
c:\Users\arthur.menezes_evolu\Desktop\Pes\QLExpress\src\main\java\com\ql\util\express\instruction\op\OperatorAnd.java,com.ql.util.express.instruction.op.OperatorAnd,class,3,5,2,3,8,3,0,1,6,0.0,0.0,0.0,4,0,4,0,0,0,4,0,0,0,0,0,0,0,0,0,0,0,0,38,2,0,2,0,0,8,2,10,2,4,1,0,0,0,22,1,0
c:\Users\arthur.menezes_evolu\Desktop\Pes\QLExpress\src\test\java\com\ql\util\express\test\DateFormatTest.java,com.ql.util.express.test.DateFormatTest$Anonymous1,anonymous,0,0,0,0,2,1,0,4,0,0.0,NaN,NaN,1,0,1,0,0,0,1,0,0,0,1,0,0,1,0,0,1,0,0,12,1,0,1,0,0,1,1,4,0,3,1,0,0,0,13,-1,0
c:\Users\arthur.menezes_evolu\Desktop\Pes\QLExpress\src\main\java\com\ql\util\express\LocalExpressCacheRunner.java,com.ql.util.express.LocalExpressCacheRunner,class,2,4,2,2,4,2,0,2,2,0.5,0.0,0.0,4,0,4,0,0,0,4,0,3,0,2,1,0,2,0,0,2,0,0,16,2,0,0,0,0,0,0,2,0,2,0,0,0,0,20,1,0
c:\Users\arthur.menezes_evolu\Desktop\Pes\QLExpress\src\test\java\com\ql\util\express\test\ArrayTest.java,com.ql.util.express.test.ArrayTest,class,8,9,1,8,14,1,0,10,15,0.0,0.0,0.0,6,0,6,0,0,0,6,0,0,0,0,0,0,0,0,0,0,0,0,71,0,2,3,0,0,50,15,21,5,20,2,0,1,0,39,1,0
c:\Users\arthur.menezes_evolu\Desktop\Pes\QLExpress\src\main\java\com\ql\util\express\instruction\ContinueInstructionFactory.java,com.ql.util.express.instruction.ContinueInstructionFactory,class,7,7,0,7,1,2,0,7,0,0.0,NaN,NaN,1,0,1,0,0,0,1,0,0,0,0,0,0,0,0,0,0,0,0,9,1,0,0,0,0,1,1,1,1,1,0,0,0,0,14,1,0
c:\Users\arthur.menezes_evolu\Desktop\Pes\QLExpress\src\test\java\com\ql\util\express\test\AddMethodInvokeTest.java,com.ql.util.express.test.AddMethodInvokeTest,class,5,5,0,5,3,1,0,5,3,0.0,0.0,0.0,3,0,3,0,0,0,3,0,0,0,0,0,0,0,0,0,0,0,0,87,0,0,0,0,4,16,0,21,0,12,0,6,0,0,29,1,0
c:\Users\arthur.menezes_evolu\Desktop\Pes\QLExpress\src\test\java\com\ql\util\express\cfuture\LambdaTest.java,com.ql.util.express.cfuture.LambdaTest$Anonymous1,anonymous,1,1,0,1,2,1,0,4,0,0.0,NaN,NaN,1,0,1,0,0,0,1,0,0,0,0,0,0,0,0,0,0,0,0,11,1,1,0,0,0,0,3,4,0,4,1,0,0,0,13,-1,0
c:\Users\arthur.menezes_evolu\Desktop\Pes\QLExpress\src\test\java\com\ql\util\express\console\ConsoleFrame.java,com.ql.util.express.console.StringBufferOutputStream,class,0,1,1,0,4,2,0,4,0,0.25,0.0,0.0,4,0,4,0,0,0,4,0,0,0,2,0,0,0,1,1,2,0,0,17,0,0,0,0,0,0,0,2,0,2,0,0,0,0,15,0,0
c:\Users\arthur.menezes_evolu\Desktop\Pes\QLExpress\src\main\java\com\ql\util\express\match\QLPattern.java,com.ql.util.express.match.QLPattern$MatchParamsPack,innerclass,3,3,0,3,1,1,0,0,0,0.0,NaN,NaN,1,0,1,0,0,0,1,0,0,0,6,0,0,0,0,6,6,0,0,16,0,0,0,0,0,0,0,6,0,6,0,0,0,0,24,9,0
c:\Users\arthur.menezes_evolu\Desktop\Pes\QLExpress\src\test\java\com\ql\util\express\test\GetExpressFunctionNamesTest.java,com.ql.util.express.test.GetExpressFunctionNamesTest,class,5,5,0,5,5,1,0,8,1,0.0,0.0,0.0,2,0,2,0,0,0,2,0,0,0,0,0,0,0,0,0,0,0,0,44,1,3,0,0,0,23,4,11,7,5,1,1,0,0,24,1,0
c:\Users\arthur.menezes_evolu\Desktop\Pes\QLExpress\src\main\java\com\ql\util\express\exception\QLCompileException.java,com.ql.util.express.exception.QLCompileException,class,0,11,11,0,3,3,0,0,3,1.0,0.0,0.0,3,0,3,0,0,0,3,0,0,0,1,1,0,1,0,0,1,0,0,11,0,0,0,0,0,0,1,1,0,1,0,0,0,0,15,1,0
c:\Users\arthur.menezes_evolu\Desktop\Pes\QLExpress\src\main\java\com\ql\util\express\instruction\NewVClassInstructionFactory.java,com.ql.util.express.instruction.NewVClassInstructionFactory,class,7,7,0,7,2,2,0,6,0,0.0,NaN,NaN,1,0,1,0,0,0,1,0,0,0,0,0,0,0,0,0,0,0,0,13,1,1,0,0,0,0,3,6,1,5,1,0,0,0,23,1,0
c:\Users\arthur.menezes_evolu\Desktop\Pes\QLExpress\src\main\java\com\ql\util\express\instruction\opdata\OperateClass.java,com.ql.util.express.instruction.opdata.OperateClass,class,2,4,2,2,5,2,0,1,0,0.4,0.0,0.0,5,0,5,0,0,0,5,0,0,0,2,0,0,2,0,0,2,0,0,21,3,0,0,0,0,1,0,2,1,2,0,0,0,0,18,1,0
c:\Users\arthur.menezes_evolu\Desktop\Pes\QLExpress\src\test\java\com\ql\util\express\console\FileTree.java,com.ql.util.express.console.FileTree$Anonymous1,anonymous,1,1,0,1,1,1,0,1,0,0.0,NaN,NaN,1,0,1,0,0,0,1,0,0,0,0,0,0,0,0,0,0,0,0,5,0,0,0,0,0,0,0,0,0,0,0,0,0,0,7,-1,0
c:\Users\arthur.menezes_evolu\Desktop\Pes\QLExpress\src\main\java\com\ql\util\express\OperateData.java,com.ql.util.express.OperateData,class,4,59,55,4,22,1,4,11,0,0.375,0.0,0.0,12,0,12,0,0,0,12,0,1,0,2,0,0,0,2,0,0,0,1,85,10,0,5,0,0,18,0,13,9,4,2,0,0,0,34,1,0
c:\Users\arthur.menezes_evolu\Desktop\Pes\QLExpress\src\test\java\com\ql\util\express\bugfix\ContextMessagePutTest.java,com.ql.util.express.bugfix.ContextMessagePutTest,class,6,6,0,6,1,2,0,4,0,0.0,NaN,NaN,1,0,1,0,0,0,1,0,0,0,0,0,0,0,0,0,0,0,0,24,0,0,0,0,0,5,0,5,0,5,0,0,1,0,20,1,0
c:\Users\arthur.menezes_evolu\Desktop\Pes\QLExpress\src\main\java\com\ql\util\express\instruction\detail\InstructionLoadLambda.java,com.ql.util.express.instruction.detail.InstructionLoadLambda,class,5,6,1,5,3,2,0,4,0,0.0,0.0,0.0,3,0,3,0,0,0,3,0,0,0,1,0,0,1,0,0,1,0,1,13,1,0,0,0,0,2,0,1,1,1,0,0,0,0,13,1,0
c:\Users\arthur.menezes_evolu\Desktop\Pes\QLExpress\src\main\java\com\ql\util\express\ExpressRunner.java,com.ql.util.express.ExpressRunner,class,33,167,134,33,90,1,0,70,1340,0.92748547,0.0,0.0,57,0,55,2,0,0,55,0,0,0,15,1,0,14,0,1,12,0,10,347,27,2,13,6,1,28,7,50,6,42,3,0,0,3,176,1,0
c:\Users\arthur.menezes_evolu\Desktop\Pes\QLExpress\src\main\java\com\ql\util\express\instruction\detail\InstructionOperator.java,com.ql.util.express.instruction.detail.InstructionOperator,class,8,18,10,8,6,2,0,7,0,0.125,0.0,0.0,4,0,4,0,0,0,4,0,0,0,2,0,0,2,0,0,2,0,0,29,2,0,0,1,0,3,0,5,1,5,1,0,0,0,31,1,0
c:\Users\arthur.menezes_evolu\Desktop\Pes\QLExpress\src\main\java\com\ql\util\express\instruction\ForRelBreakContinue.java,com.ql.util.express.instruction.ForRelBreakContinue,class,1,24,23,1,0,1,0,0,0,NaN,-1.0,-1.0,0,0,0,0,0,0,0,0,0,0,2,0,0,0,0,2,2,0,0,4,0,0,0,0,0,0,0,2,0,2,0,0,0,0,7,1,0
c:\Users\arthur.menezes_evolu\Desktop\Pes\QLExpress\src\test\java\com\ql\util\express\test\PrintLineExceptionTest.java,com.ql.util.express.test.PrintLineExceptionTest,class,5,6,1,5,5,1,0,14,1,0.0,0.0,0.0,2,1,2,0,0,0,2,0,0,0,0,0,0,0,0,0,0,0,2,29,1,1,2,1,1,4,0,8,1,8,1,0,0,0,35,1,0
c:\Users\arthur.menezes_evolu\Desktop\Pes\QLExpress\src\main\java\com\ql\util\express\Operator.java,com.ql.util.express.Operator,class,10,50,40,10,38,2,28,15,6,0.0,0.0,0.0,4,2,4,0,0,0,4,1,0,0,0,0,0,0,0,0,0,0,10,95,11,1,12,0,9,5,7,17,3,6,2,0,0,0,34,1025,0
c:\Users\arthur.menezes_evolu\Desktop\Pes\QLExpress\src\test\java\com\ql\util\express\test\InstanceOfTest.java,com.ql.util.express.test.InstanceOfTest,class,3,3,0,3,1,1,0,4,0,0.0,NaN,NaN,1,0,1,0,0,0,1,0,0,0,0,0,0,0,0,0,0,0,0,14,0,0,0,0,0,6,0,6,0,4,0,0,0,0,17,1,0
c:\Users\arthur.menezes_evolu\Desktop\Pes\QLExpress\src\test\java\com\ql\util\express\test\SetTest.java,com.ql.util.express.test.SetTest,class,3,3,0,3,1,1,0,2,0,0.0,NaN,NaN,1,0,1,0,0,0,1,0,0,0,0,0,0,0,0,0,0,0,0,18,0,0,0,0,0,4,0,10,0,4,0,0,0,0,18,1,0
c:\Users\arthur.menezes_evolu\Desktop\Pes\QLExpress\src\test\java\com\ql\util\express\test\InTest.java,com.ql.util.express.test.InTest,class,4,4,0,4,1,1,0,4,0,0.0,NaN,NaN,1,0,1,0,0,0,1,0,0,0,0,0,0,0,0,0,0,0,0,18,0,0,0,0,0,5,5,7,0,7,0,0,0,0,15,1,0
c:\Users\arthur.menezes_evolu\Desktop\Pes\QLExpress\src\main\java\com\ql\util\express\instruction\LambdaInstructionFactory.java,com.ql.util.express.instruction.LambdaInstructionFactory,class,10,10,0,10,6,2,0,11,0,0.0,NaN,NaN,1,0,1,0,0,0,1,0,0,0,1,1,0,1,0,0,1,0,0,32,1,2,1,0,0,5,4,6,0,6,2,0,0,0,34,1,0
c:\Users\arthur.menezes_evolu\Desktop\Pes\QLExpress\src\main\java\com\ql\util\express\instruction\op\OperatorAlias.java,com.ql.util.express.instruction.op.OperatorAlias,class,6,7,1,6,3,2,0,3,3,0.0,0.0,0.0,3,0,3,0,0,0,3,0,0,0,0,0,0,0,0,0,0,0,0,17,1,0,0,0,0,0,2,7,0,3,0,0,0,0,24,1,0
c:\Users\arthur.menezes_evolu\Desktop\Pes\QLExpress\src\main\java\com\ql\util\express\parse\Word.java,com.ql.util.express.parse.Word,class,0,3,3,0,2,1,0,0,0,0.5,0.0,0.0,2,0,2,0,0,0,2,0,0,0,4,0,4,0,0,0,3,0,0,14,1,0,0,0,0,0,0,3,0,4,0,0,0,0,7,1,0
c:\Users\arthur.menezes_evolu\Desktop\Pes\QLExpress\src\test\java\com\ql\util\express\bugfix\ArrayMapTest.java,com.ql.util.express.bugfix.ArrayMapTest,class,4,4,0,4,1,1,0,2,0,0.0,NaN,NaN,1,0,1,0,0,0,1,0,0,0,0,0,0,0,0,0,0,0,0,9,0,0,0,0,0,1,0,4,0,4,0,0,0,0,19,1,0
c:\Users\arthur.menezes_evolu\Desktop\Pes\QLExpress\src\main\java\com\ql\util\express\instruction\op\OperatorBase.java,com.ql.util.express.instruction.op.OperatorContinue,class,5,6,1,5,3,2,0,0,3,0.0,0.0,0.0,3,0,3,0,0,0,3,0,0,0,0,0,0,0,0,0,0,0,0,13,0,0,0,0,0,1,0,4,0,0,0,0,0,0,21,0,0
c:\Users\arthur.menezes_evolu\Desktop\Pes\QLExpress\src\main\java\com\ql\util\express\instruction\op\OperatorBase.java,com.ql.util.express.instruction.op.OperatorReturn,class,6,8,2,6,4,2,0,1,6,0.0,0.0,0.0,4,0,4,0,0,0,4,0,0,0,0,0,0,0,0,0,0,0,0,16,1,0,0,0,0,1,0,4,0,0,0,0,0,0,22,0,0
c:\Users\arthur.menezes_evolu\Desktop\Pes\QLExpress\src\main\java\com\ql\util\express\parse\ExpressNode.java,com.ql.util.express.parse.ExpressNode,class,5,31,26,5,46,1,0,12,272,0.8544061,0.0,0.0,29,0,29,0,0,0,29,0,0,0,9,0,0,9,0,0,0,0,0,136,19,0,14,0,4,6,5,18,5,10,1,0,0,0,47,1,0
c:\Users\arthur.menezes_evolu\Desktop\Pes\QLExpress\src\test\java\com\ql\util\express\example\ArgumentTypeMismatchTest.java,com.ql.util.express.example.ArgumentTypeMismatchTest$Anonymous2,anonymous,1,1,0,1,1,1,0,4,0,0.0,NaN,NaN,1,0,1,0,0,0,1,0,0,0,0,0,0,0,0,0,0,0,2,9,1,0,0,0,0,0,3,3,0,3,0,0,0,0,11,-1,0
c:\Users\arthur.menezes_evolu\Desktop\Pes\QLExpress\src\test\java\com\ql\util\express\example\ArgumentTypeMismatchTest.java,com.ql.util.express.example.ArgumentTypeMismatchTest$Anonymous1,anonymous,1,1,0,1,1,1,0,4,0,0.0,NaN,NaN,1,0,1,0,0,0,1,0,0,0,0,0,0,0,0,0,0,0,2,9,1,0,0,0,0,0,3,3,0,3,0,0,0,0,11,-1,0
c:\Users\arthur.menezes_evolu\Desktop\Pes\QLExpress\src\test\java\com\ql\util\express\bugfix\LoopFunctionTest.java,com.ql.util.express.bugfix.LoopFunctionTest$Anonymous2,anonymous,3,3,0,3,8,1,0,3,0,0.0,NaN,NaN,1,0,1,0,0,0,1,0,0,0,1,0,0,1,0,0,1,0,0,32,5,1,2,1,2,2,7,6,0,6,3,0,0,0,20,-1,0
c:\Users\arthur.menezes_evolu\Desktop\Pes\QLExpress\src\main\java\com\ql\util\express\instruction\op\OperatorDef.java,com.ql.util.express.instruction.op.OperatorDef,class,7,8,1,7,4,2,0,4,3,0.0,0.0,0.0,3,0,3,0,0,0,3,0,0,0,0,0,0,0,0,0,0,0,1,24,1,0,0,0,0,0,2,9,0,4,1,0,0,0,28,1,0
c:\Users\arthur.menezes_evolu\Desktop\Pes\QLExpress\src\test\java\com\ql\util\express\bugfix\LoopFunctionTest.java,com.ql.util.express.bugfix.LoopFunctionTest$Anonymous3,anonymous,3,3,0,3,6,1,0,3,0,0.0,NaN,NaN,1,0,1,0,0,0,1,0,0,0,1,0,0,1,0,0,1,0,0,26,4,1,2,1,2,2,7,5,0,5,2,0,0,0,17,-1,0
c:\Users\arthur.menezes_evolu\Desktop\Pes\QLExpress\src\main\java\com\ql\util\express\ExportItem.java,com.ql.util.express.ExportItem,class,0,5,5,0,9,1,0,0,0,0.75,0.0,0.0,9,0,9,0,0,0,9,0,0,0,8,4,4,3,0,1,4,0,0,43,4,0,0,0,0,8,0,15,1,8,0,0,0,0,32,1,0
c:\Users\arthur.menezes_evolu\Desktop\Pes\QLExpress\src\test\java\com\ql\util\express\bugfix\LoopFunctionTest.java,com.ql.util.express.bugfix.LoopFunctionTest$Anonymous1,anonymous,3,3,0,3,8,1,0,3,0,0.0,NaN,NaN,1,0,1,0,0,0,1,0,0,0,1,0,0,1,0,0,1,0,0,32,5,1,2,1,2,2,7,6,0,6,3,0,0,0,20,-1,0
c:\Users\arthur.menezes_evolu\Desktop\Pes\QLExpress\src\main\java\com\ql\util\express\instruction\op\OperatorArray.java,com.ql.util.express.instruction.op.OperatorArray,class,8,9,1,8,10,2,0,8,3,0.0,0.0,0.0,3,0,3,0,0,0,3,0,0,0,0,0,0,0,0,0,0,0,4,29,3,0,2,0,2,1,3,9,0,5,2,0,0,0,30,1,0
c:\Users\arthur.menezes_evolu\Desktop\Pes\QLExpress\src\test\java\com\ql\util\express\console\ConsoleFrame2.java,com.ql.util.express.console.ConsoleFrame_jMenuFileExit_ActionAdapter2,class,1,2,1,1,2,1,0,1,0,0.0,0.0,0.0,2,0,1,0,0,1,2,0,0,0,1,0,0,0,0,1,1,0,0,9,0,0,0,0,0,0,0,1,0,1,0,0,0,0,15,0,0
c:\Users\arthur.menezes_evolu\Desktop\Pes\QLExpress\src\test\java\com\ql\util\express\cfuture\DebugQlScriptTest.java,com.ql.util.express.cfuture.DebugQlScriptTest,class,5,5,0,5,2,1,0,4,0,0.0,NaN,NaN,1,0,1,0,0,0,1,0,0,0,0,0,0,0,0,0,0,0,0,19,0,1,0,0,0,4,1,4,0,4,1,1,0,0,21,1,0
c:\Users\arthur.menezes_evolu\Desktop\Pes\QLExpress\src\main\java\com\ql\util\express\config\whitelist\WhiteChecker.java,com.ql.util.express.config.whitelist.WhiteChecker,interface,0,4,4,0,1,1,0,0,0,0.0,NaN,NaN,1,0,0,0,0,1,1,0,0,0,0,0,0,0,0,0,0,0,0,3,0,0,0,0,0,0,0,0,0,0,0,0,0,0,5,1,0
c:\Users\arthur.menezes_evolu\Desktop\Pes\QLExpress\src\test\java\com\ql\util\express\test\GetExpressFunctionNamesTest.java,com.ql.util.express.test.GetExpressFunctionNamesTest$Anonymous1,anonymous,0,0,0,0,2,1,0,0,0,0.0,NaN,NaN,1,0,1,0,0,0,1,0,0,0,0,0,0,0,0,0,0,0,0,9,1,1,0,0,0,1,0,2,1,1,1,0,0,0,6,-1,0
c:\Users\arthur.menezes_evolu\Desktop\Pes\QLExpress\src\test\java\com\ql\util\express\test\ExpressContextExample.java,com.ql.util.express.test.ExpressContextExample,class,2,5,3,2,11,3,0,5,0,0.25,0.0,0.0,4,0,4,0,0,0,4,0,0,0,1,0,0,1,0,0,1,0,0,37,2,0,2,1,2,5,0,6,0,2,2,0,0,0,16,1,0
c:\Users\arthur.menezes_evolu\Desktop\Pes\QLExpress\src\main\java\com\ql\util\express\parse\ExpressPackage.java,com.ql.util.express.parse.NullClass,class,0,1,1,0,0,1,0,0,0,0.0,-1.0,-1.0,0,0,0,0,0,0,0,0,0,0,0,0,0,0,0,0,0,0,0,2,0,0,0,0,0,0,0,0,0,0,0,0,0,0,2,0,0
c:\Users\arthur.menezes_evolu\Desktop\Pes\QLExpress\src\main\java\com\ql\util\express\instruction\detail\InstructionOpenNewArea.java,com.ql.util.express.instruction.detail.InstructionOpenNewArea,class,4,6,2,4,2,2,0,7,1,0.0,0.0,0.0,2,0,2,0,0,0,2,0,0,0,0,0,0,0,0,0,0,0,1,10,1,0,0,0,0,1,0,1,0,1,0,0,0,0,14,1,0
c:\Users\arthur.menezes_evolu\Desktop\Pes\QLExpress\src\main\java\com\ql\util\express\instruction\MethodCallInstructionFactory.java,com.ql.util.express.instruction.MethodCallInstructionFactory,class,11,11,0,11,3,2,0,9,0,0.0,NaN,NaN,1,0,1,0,0,0,1,0,0,0,0,0,0,0,0,0,0,0,0,18,1,1,0,0,0,2,6,8,2,6,1,0,0,0,25,1,0
c:\Users\arthur.menezes_evolu\Desktop\Pes\QLExpress\src\main\java\com\ql\util\express\instruction\opdata\OperateDataAttr.java,com.ql.util.express.instruction.opdata.OperateDataAttr,class,3,23,20,3,19,2,5,9,0,0.18181819,0.0,0.0,11,0,11,0,0,0,11,0,0,0,1,0,0,0,1,0,0,0,1,76,9,0,4,3,0,5,0,7,2,3,2,0,0,0,32,1,0
c:\Users\arthur.menezes_evolu\Desktop\Pes\QLExpress\src\main\java\com\ql\util\express\instruction\opdata\OperateDataLocalVar.java,com.ql.util.express.instruction.opdata.OperateDataLocalVar,class,2,12,10,2,9,3,0,3,21,0.0,0.0,0.0,7,0,7,0,0,0,7,0,0,0,0,0,0,0,0,0,0,0,0,33,4,0,0,2,0,1,0,1,1,0,1,0,0,0,24,1,0
c:\Users\arthur.menezes_evolu\Desktop\Pes\QLExpress\src\main\java\com\ql\util\express\instruction\op\CanClone.java,com.ql.util.express.instruction.op.CanClone,interface,1,4,3,1,1,1,0,0,0,0.0,NaN,NaN,1,0,0,0,0,1,1,0,0,0,0,0,0,0,0,0,0,0,0,3,0,0,0,0,0,0,0,0,0,0,0,0,0,0,9,1,0
c:\Users\arthur.menezes_evolu\Desktop\Pes\QLExpress\src\main\java\com\ql\util\express\instruction\detail\InstructionGoToWithCondition.java,com.ql.util.express.instruction.detail.InstructionGoToWithCondition,class,5,8,3,5,10,2,0,9,0,0.16666667,0.0,0.0,4,0,4,0,0,0,4,0,0,0,3,0,0,3,0,0,2,0,1,50,1,0,3,0,0,6,1,11,4,6,2,0,0,0,32,1,0
c:\Users\arthur.menezes_evolu\Desktop\Pes\QLExpress\src\test\java\com\ql\util\express\bugfix\CompareObjectTest.java,com.ql.util.express.bugfix.CompareObjectTest,class,4,4,0,4,3,1,0,4,0,0.0,NaN,NaN,1,0,1,0,0,0,1,0,0,0,0,0,0,0,0,0,0,0,0,14,0,1,0,0,1,7,2,4,1,4,1,0,0,0,14,1,0
c:\Users\arthur.menezes_evolu\Desktop\Pes\QLExpress\src\test\java\com\ql\util\express\test\ObjectTest.java,com.ql.util.express.test.ObjectTest,class,4,4,0,4,2,1,0,4,1,0.0,0.0,0.0,2,0,2,0,0,0,2,0,0,0,0,0,0,0,0,0,0,0,0,21,0,0,0,0,0,5,5,10,0,10,0,0,0,0,16,1,0
c:\Users\arthur.menezes_evolu\Desktop\Pes\QLExpress\src\main\java\com\ql\util\express\parse\ExpressParse.java,com.ql.util.express.parse.ExpressParse,class,15,17,2,15,101,1,0,72,79,0.8,0.0,0.0,15,5,13,0,2,0,15,0,0,0,4,0,0,2,0,2,3,0,23,361,9,13,19,0,1,66,69,123,51,51,7,0,0,0,96,1,0
c:\Users\arthur.menezes_evolu\Desktop\Pes\QLExpress\src\test\java\com\ql\util\express\bugfix\StackOverFlowTest.java,com.ql.util.express.bugfix.StackOverFlowTest,class,4,4,0,4,2,1,0,2,0,0.0,NaN,NaN,1,0,1,0,0,0,1,0,0,0,0,0,0,0,0,0,0,0,0,15,0,1,0,0,0,11,0,6,2,6,1,0,0,0,16,1,0
c:\Users\arthur.menezes_evolu\Desktop\Pes\QLExpress\src\test\java\com\ql\util\express\bugfix\IgnoreConstCharTest.java,com.ql.util.express.bugfix.IgnoreConstCharTest,class,4,4,0,4,1,1,0,2,0,0.0,NaN,NaN,1,0,1,0,0,0,1,0,0,0,0,0,0,0,0,0,0,0,0,10,0,0,0,0,1,1,0,4,0,4,0,0,0,0,20,1,0
c:\Users\arthur.menezes_evolu\Desktop\Pes\QLExpress\src\test\java\com\ql\util\express\example\WorkflowTest.java,com.ql.util.express.example.WorkflowTest,class,6,7,1,6,6,1,0,9,15,0.0,0.0,0.0,6,0,6,0,0,0,6,0,0,0,0,0,0,0,0,0,0,0,0,76,0,0,0,0,0,109,10,9,2,9,0,0,0,0,18,1,0
c:\Users\arthur.menezes_evolu\Desktop\Pes\QLExpress\src\test\java\com\ql\util\express\test\logic\SimpleShortCircuitLogicTest.java,com.ql.util.express.test.logic.SimpleShortCircuitLogicTest,class,7,8,1,7,8,1,0,9,0,0.0,0.0,0.0,4,0,4,0,0,0,4,0,0,0,1,0,0,1,0,0,1,0,0,50,1,2,0,0,0,16,4,9,4,9,2,0,0,0,26,1,0
c:\Users\arthur.menezes_evolu\Desktop\Pes\QLExpress\src\test\java\com\ql\util\express\bugfix\CrashTest.java,com.ql.util.express.bugfix.CrashTest,class,3,3,0,3,4,1,0,6,0,0.0,NaN,NaN,1,0,1,0,0,0,1,0,0,0,1,1,1,0,0,0,1,0,5,35,0,3,0,0,0,37,9,5,1,5,2,0,1,0,20,1,0
c:\Users\arthur.menezes_evolu\Desktop\Pes\QLExpress\src\test\java\com\ql\util\express\bugfix\ExecuteReentrantTest.java,com.ql.util.express.bugfix.ExecuteReentrantTest$Anonymous1,anonymous,4,4,0,4,1,1,0,4,0,0.0,NaN,NaN,1,0,1,0,0,0,1,0,0,0,0,0,0,0,0,0,0,0,0,6,1,0,0,0,0,0,1,1,0,1,0,0,0,0,13,-1,0
c:\Users\arthur.menezes_evolu\Desktop\Pes\QLExpress\src\test\java\com\ql\util\express\console\FileTree.java,com.ql.util.express.console.FileTree,class,3,7,4,3,13,6,0,21,6,0.75,0.0,0.0,4,0,2,2,0,0,2,0,0,0,1,0,0,1,0,0,0,0,0,96,1,2,2,0,0,2,4,15,0,15,2,1,2,0,29,1,0
c:\Users\arthur.menezes_evolu\Desktop\Pes\QLExpress\src\test\java\com\ql\util\express\test\StaticMethodTest.java,com.ql.util.express.test.StaticMethodTest$StaticUtils,innerclass,0,0,0,0,3,1,0,0,0,0.5,NaN,NaN,1,1,1,0,0,0,1,0,0,0,2,2,2,0,0,0,1,0,0,7,1,0,2,0,1,0,3,2,0,2,0,0,0,0,25,9,0
c:\Users\arthur.menezes_evolu\Desktop\Pes\QLExpress\src\main\java\com\ql\util\express\instruction\op\OperatorDoubleAddReduce.java,com.ql.util.express.instruction.op.OperatorDoubleAddReduce,class,7,8,1,7,5,2,0,10,1,0.0,0.0,0.0,2,0,2,0,0,0,2,0,0,0,0,0,0,0,0,0,0,0,5,22,2,0,1,0,0,2,4,5,0,2,1,0,0,0,22,1,0
c:\Users\arthur.menezes_evolu\Desktop\Pes\QLExpress\src\test\java\com\ql\util\express\test\rating\RatingTest.java,com.ql.util.express.test.rating.RatingTest,class,4,4,0,4,2,1,0,8,0,0.0,NaN,NaN,1,0,1,0,0,0,1,0,0,0,0,0,0,0,0,0,0,0,0,25,0,1,0,0,0,18,1,6,0,6,1,0,0,0,21,1,0
c:\Users\arthur.menezes_evolu\Desktop\Pes\QLExpress\src\main\java\com\ql\util\express\instruction\FunctionInstructionFactory.java,com.ql.util.express.instruction.FunctionInstructionFactory,class,9,9,0,9,6,2,0,10,0,0.0,NaN,NaN,1,0,1,0,0,0,1,0,0,0,0,0,0,0,0,0,0,0,0,36,1,2,1,0,0,7,8,12,3,10,2,0,0,0,29,1,0
c:\Users\arthur.menezes_evolu\Desktop\Pes\QLExpress\src\test\java\com\ql\util\express\test\ExportDefineTest.java,com.ql.util.express.test.ExportDefineTest,class,4,4,0,4,1,1,0,7,0,0.0,NaN,NaN,1,0,1,0,0,0,1,0,0,0,0,0,0,0,0,0,0,0,0,12,0,0,0,0,1,20,0,4,1,4,0,0,0,0,25,1,0
c:\Users\arthur.menezes_evolu\Desktop\Pes\QLExpress\src\main\java\com\ql\util\express\instruction\op\OperatorCast.java,com.ql.util.express.instruction.op.OperatorCast,class,6,7,1,6,2,2,0,4,1,0.0,0.0,0.0,2,0,2,0,0,0,2,0,0,0,0,0,0,0,0,0,0,0,2,10,1,0,0,0,0,0,2,3,0,2,0,0,0,0,21,1,0
c:\Users\arthur.menezes_evolu\Desktop\Pes\QLExpress\src\test\java\com\ql\util\express\bugfix\NullCompareTest.java,com.ql.util.express.bugfix.NullCompareTest,class,6,6,0,6,5,1,0,6,3,0.0,0.0,0.0,3,0,3,0,0,0,3,0,0,0,0,0,0,0,0,0,0,0,2,29,0,2,0,0,0,8,2,7,0,6,1,0,0,0,18,1,0
c:\Users\arthur.menezes_evolu\Desktop\Pes\QLExpress\src\main\java\com\ql\util\express\instruction\op\OperatorMultiplyDivide.java,com.ql.util.express.instruction.op.OperatorMultiplyDivide,class,4,6,2,4,7,3,0,5,3,0.0,0.0,0.0,3,0,3,0,0,0,3,0,0,0,0,0,0,0,0,0,0,0,3,26,2,0,0,0,0,4,2,5,0,1,1,0,0,0,12,1,0
c:\Users\arthur.menezes_evolu\Desktop\Pes\QLExpress\src\test\java\com\ql\util\express\test\NullableOperatorEqualsLessMore.java,com.ql.util.express.test.NullableOperatorEqualsLessMore,class,2,4,2,2,6,4,0,2,6,0.0,0.0,0.0,4,1,4,0,0,0,4,0,0,0,0,0,0,0,0,0,0,0,2,17,3,0,2,0,0,0,0,0,0,0,1,0,0,0,21,1,0
c:\Users\arthur.menezes_evolu\Desktop\Pes\QLExpress\src\test\java\com\ql\util\express\bugfix\RecursivelyRunnerTest.java,com.ql.util.express.bugfix.RecursivelyRunnerTest$EvalOperator,innerclass,3,3,0,3,1,3,0,1,0,0.0,NaN,NaN,1,0,1,0,0,0,1,0,0,0,0,0,0,0,0,0,0,0,0,5,1,0,0,0,0,0,1,0,0,0,0,0,0,0,9,9,0
c:\Users\arthur.menezes_evolu\Desktop\Pes\QLExpress\src\test\java\com\ql\util\express\test\BeanExampleChild.java,com.ql.util.express.test.BeanExampleChild,class,0,1,1,0,2,1,0,0,0,0.0,0.0,0.0,2,0,2,0,0,0,2,0,0,0,1,0,1,0,0,0,0,0,0,9,1,0,0,0,0,1,0,2,0,1,0,0,0,0,7,1,0
c:\Users\arthur.menezes_evolu\Desktop\Pes\QLExpress\src\test\java\com\ql\util\express\test\OpCallTest.java,com.ql.util.express.test.OpCallTest,class,6,6,0,6,9,1,0,10,0,0.0,NaN,NaN,1,0,1,0,0,0,1,0,0,0,0,0,0,0,0,0,0,0,0,24,0,1,3,0,0,32,7,7,3,7,2,0,0,0,23,1,0
c:\Users\arthur.menezes_evolu\Desktop\Pes\QLExpress\src\test\java\com\ql\util\express\example\TypicalDemo.java,com.ql.util.express.example.UserInfo,class,0,1,1,0,4,1,0,0,0,0.5,0.0,0.0,4,0,4,0,0,0,4,0,0,0,3,0,0,0,0,3,3,0,0,19,3,0,0,0,0,0,0,3,0,3,0,0,0,0,10,0,0
c:\Users\arthur.menezes_evolu\Desktop\Pes\QLExpress\src\main\java\com\ql\util\express\instruction\opdata\OperateDataField.java,com.ql.util.express.instruction.opdata.OperateDataField,class,10,16,6,10,24,3,0,23,6,0.33333334,0.0,0.0,9,0,9,0,0,0,9,0,0,0,2,0,0,2,0,0,0,0,4,103,13,0,8,2,3,4,0,16,3,7,3,0,0,0,35,1,0
c:\Users\arthur.menezes_evolu\Desktop\Pes\QLExpress\src\main\java\com\ql\util\express\InstructionSetRunner.java,com.ql.util.express.InstructionSetRunner,class,10,17,7,10,7,1,0,10,6,0.0,0.0,0.0,4,3,3,1,0,0,3,0,0,0,0,0,0,0,0,0,0,0,7,36,3,0,0,2,0,1,0,5,0,4,2,0,0,0,38,1,0
c:\Users\arthur.menezes_evolu\Desktop\Pes\QLExpress\src\test\java\com\ql\util\express\bugfix\AvoidNullPointMockTest.java,com.ql.util.express.bugfix.AvoidNullPointMockTest,class,7,7,0,7,4,1,0,5,3,0.0,0.0,0.0,3,0,3,0,0,0,3,0,0,0,0,0,0,0,0,0,0,0,2,35,0,1,0,0,0,7,0,4,0,4,1,0,1,0,21,1,0
c:\Users\arthur.menezes_evolu\Desktop\Pes\QLExpress\src\test\java\com\ql\util\express\test\BeanExample.java,com.ql.util.express.test.BeanExample,class,1,10,9,1,22,1,0,2,203,0.8818182,0.0,0.0,22,5,22,0,0,0,22,0,0,0,5,0,5,0,0,0,0,0,0,72,15,0,0,0,0,8,0,7,7,5,0,0,0,0,37,1,0
c:\Users\arthur.menezes_evolu\Desktop\Pes\QLExpress\src\main\java\com\ql\util\express\instruction\op\OperatorLike.java,com.ql.util.express.instruction.op.OperatorLike,class,2,7,5,2,17,3,2,5,6,0.0,0.0,0.0,4,1,3,0,1,0,4,0,0,0,0,0,0,0,0,0,0,0,1,46,6,2,8,0,1,0,8,13,1,8,2,0,0,0,21,1,0
c:\Users\arthur.menezes_evolu\Desktop\Pes\QLExpress\src\main\java\com\ql\util\express\RunEnvironment.java,com.ql.util.express.RunEnvironment,class,5,27,22,5,28,1,0,4,109,0.8130435,0.0,0.0,23,0,23,0,0,0,23,0,0,0,10,1,0,9,0,1,2,0,1,118,10,0,0,0,1,2,16,38,9,15,2,0,0,0,70,17,0
c:\Users\arthur.menezes_evolu\Desktop\Pes\QLExpress\src\test\java\com\ql\util\express\bugfix\OverFlowTest.java,com.ql.util.express.bugfix.OverFlowTest$Result,innerclass,0,0,0,0,4,1,0,0,2,0.5,0.0,0.0,4,0,4,0,0,0,4,0,0,0,2,0,0,2,0,0,0,0,0,16,2,0,0,0,0,1,1,4,0,2,0,0,0,0,7,1,0
c:\Users\arthur.menezes_evolu\Desktop\Pes\QLExpress\src\main\java\com\ql\util\express\QLambda.java,com.ql.util.express.QLambda,class,8,13,5,8,10,1,0,14,13,0.6666667,0.0,0.0,6,0,6,0,0,0,6,0,0,0,3,0,0,3,0,0,3,0,3,32,3,1,1,0,0,0,1,7,0,7,1,0,0,0,34,1,0
c:\Users\arthur.menezes_evolu\Desktop\Pes\QLExpress\src\test\java\com\ql\util\express\test\DefineTest.java,com.ql.util.express.test.DefineTest,class,4,4,0,4,8,1,0,15,21,0.0,0.0,0.0,7,0,7,0,0,0,7,0,0,0,0,0,0,0,0,0,0,0,3,85,0,1,0,0,4,105,4,32,9,31,1,0,0,0,33,1,0
c:\Users\arthur.menezes_evolu\Desktop\Pes\QLExpress\src\test\java\com\ql\util\express\test\DateFormatTest.java,com.ql.util.express.test.DateFormatTest,class,6,7,1,6,3,1,0,7,1,0.0,NaN,NaN,2,1,1,1,0,0,1,0,0,0,0,0,0,0,0,0,0,0,5,37,0,1,0,0,0,12,2,9,4,9,1,1,0,0,26,1,0
c:\Users\arthur.menezes_evolu\Desktop\Pes\QLExpress\src\main\java\com\ql\util\express\instruction\detail\Instruction.java,com.ql.util.express.instruction.detail.Instruction,class,2,35,33,2,4,1,14,0,0,0.25,0.0,0.0,4,0,4,0,0,0,4,1,0,0,1,0,0,1,0,0,0,0,0,14,3,0,0,0,0,2,1,2,1,1,0,0,0,0,16,1025,0
c:\Users\arthur.menezes_evolu\Desktop\Pes\QLExpress\src\main\java\com\ql\util\express\instruction\NullInstructionFactory.java,com.ql.util.express.instruction.NullInstructionFactory,class,5,5,0,5,1,2,0,0,0,0.0,NaN,NaN,1,0,1,0,0,0,1,0,0,0,0,0,0,0,0,0,0,0,0,5,1,0,0,0,0,0,0,0,0,0,0,0,0,0,11,1,0
c:\Users\arthur.menezes_evolu\Desktop\Pes\QLExpress\src\main\java\com\ql\util\express\exception\QLTimeoutException.java,com.ql.util.express.exception.QLTimeoutException,class,1,2,1,1,2,4,0,0,1,1.0,0.0,0.0,2,0,2,0,0,0,2,0,0,0,1,1,0,1,0,0,1,0,0,8,0,0,0,0,0,0,1,1,0,1,0,0,0,0,13,1,0
c:\Users\arthur.menezes_evolu\Desktop\Pes\QLExpress\src\main\java\com\ql\util\express\IExpressContext.java,com.ql.util.express.IExpressContext,interface,2,59,57,2,2,1,0,0,1,0.0,0.0,0.0,2,0,0,0,0,2,2,0,0,0,0,0,0,0,0,0,0,0,0,4,0,0,0,0,0,0,0,0,0,0,0,0,0,0,10,1,0
c:\Users\arthur.menezes_evolu\Desktop\Pes\QLExpress\src\test\java\com\ql\util\express\instruction\op\OperatorLikeTest.java,com.ql.util.express.instruction.op.OperatorLikeTest,class,2,2,0,2,1,1,0,3,0,0.0,NaN,NaN,1,0,1,0,0,0,1,0,0,0,0,0,0,0,0,0,0,0,29,33,0,0,0,0,0,58,0,0,0,0,0,0,0,0,11,1,0
c:\Users\arthur.menezes_evolu\Desktop\Pes\QLExpress\src\main\java\com\ql\util\express\exception\QLException.java,com.ql.util.express.exception.QLException,class,0,40,40,0,3,3,2,0,3,1.0,0.0,0.0,3,0,3,0,0,0,3,0,0,0,1,1,0,1,0,0,1,0,0,11,0,0,0,0,0,0,1,1,0,1,0,0,0,0,14,1,0
c:\Users\arthur.menezes_evolu\Desktop\Pes\QLExpress\src\test\java\com\ql\util\express\example\MultiLevelSecurityTest.java,com.ql.util.express.example.MultiLevelSecurityTest,class,9,9,0,9,9,1,0,20,3,0.0,0.0,0.0,3,0,3,0,0,0,3,0,0,0,0,0,0,0,0,0,0,0,12,98,0,0,0,9,0,31,3,9,2,9,2,1,0,0,42,1,0
c:\Users\arthur.menezes_evolu\Desktop\Pes\QLExpress\src\main\java\com\ql\util\express\instruction\detail\InstructionCallMacro.java,com.ql.util.express.instruction.detail.InstructionCallMacro,class,7,9,2,7,4,2,0,10,0,0.0,0.0,0.0,3,0,3,0,0,0,3,0,0,0,1,0,0,1,0,0,1,0,2,21,1,0,0,0,0,1,0,4,1,4,1,0,0,0,21,1,0
c:\Users\arthur.menezes_evolu\Desktop\Pes\QLExpress\src\test\java\com\ql\util\express\test\ATempTest.java,com.ql.util.express.test.ATempTest,class,3,3,0,3,1,1,0,2,0,0.0,NaN,NaN,1,0,1,0,0,0,1,0,0,0,0,0,0,0,0,0,0,0,0,9,0,0,0,0,0,1,0,4,0,4,0,0,0,0,15,1,0
c:\Users\arthur.menezes_evolu\Desktop\Pes\QLExpress\src\main\java\com\ql\util\express\instruction\detail\InstructionGoToWithNotNull.java,com.ql.util.express.instruction.detail.InstructionGoToWithNotNull,class,3,4,1,3,6,2,0,6,0,0.0,0.0,0.0,3,0,3,0,0,0,3,0,0,0,2,0,0,2,0,0,2,0,0,31,1,0,1,0,0,3,1,7,3,4,1,0,0,0,23,1,0
c:\Users\arthur.menezes_evolu\Desktop\Pes\QLExpress\src\main\java\com\ql\util\express\OperatorOfNumber.java,com.ql.util.express.NormalNumberOperator,class,2,3,1,2,38,1,0,14,15,0.0,0.0,0.0,6,5,5,1,0,0,5,0,0,0,0,0,0,0,0,0,0,0,15,131,32,0,32,0,0,6,0,15,28,15,1,0,0,0,20,0,0
c:\Users\arthur.menezes_evolu\Desktop\Pes\QLExpress\src\test\java\com\ql\util\express\bugfix\AvoidNullPointMockTest.java,com.ql.util.express.bugfix.AvoidNullPointMockTest$DemoObject,innerclass,1,1,0,1,4,1,0,0,2,0.5,0.0,0.0,4,0,4,0,0,0,4,0,0,0,2,0,0,2,0,0,0,0,0,16,2,0,0,0,0,0,0,2,0,2,0,0,0,0,8,1,0
c:\Users\arthur.menezes_evolu\Desktop\Pes\QLExpress\src\main\java\com\ql\util\express\instruction\FieldCallInstructionFactory.java,com.ql.util.express.instruction.FieldCallInstructionFactory,class,11,11,0,11,2,2,0,9,0,0.0,NaN,NaN,1,0,1,0,0,0,1,0,0,0,0,0,0,0,0,0,0,0,0,13,1,0,0,0,0,2,5,4,1,4,1,0,0,0,23,1,0
c:\Users\arthur.menezes_evolu\Desktop\Pes\QLExpress\src\test\java\com\ql\util\express\test\MapTest.java,com.ql.util.express.test.MapTest,class,4,4,0,4,2,1,0,6,1,0.0,0.0,0.0,2,0,2,0,0,0,2,0,0,0,0,0,0,0,0,0,0,0,0,28,0,0,0,0,0,8,1,9,0,9,0,1,0,0,18,1,0
c:\Users\arthur.menezes_evolu\Desktop\Pes\QLExpress\src\test\java\com\ql\util\express\bugfix\ExecuteReentrantTest.java,com.ql.util.express.bugfix.ExecuteReentrantTest,class,4,4,0,4,1,1,0,3,0,0.0,NaN,NaN,1,0,1,0,0,0,1,0,0,0,0,0,0,0,0,0,0,0,0,17,0,0,0,0,0,4,1,4,0,4,0,1,0,0,15,1,0
c:\Users\arthur.menezes_evolu\Desktop\Pes\QLExpress\src\test\java\com\ql\util\express\test\CallWithNullParameterTest.java,com.ql.util.express.test.CallWithNullParameterTest,class,3,3,0,3,1,1,0,5,0,0.0,NaN,NaN,1,0,1,0,0,0,1,0,0,0,0,0,0,0,0,0,0,0,0,10,0,0,0,0,0,3,0,4,0,4,0,0,0,0,18,1,0
c:\Users\arthur.menezes_evolu\Desktop\Pes\QLExpress\src\main\java\com\ql\util\express\config\QLExpressTimer.java,com.ql.util.express.config.QLExpressTimer,class,1,4,3,1,11,1,0,8,0,0.375,0.0,0.0,6,5,5,1,0,0,5,0,0,0,4,4,0,4,0,0,4,0,4,42,1,0,0,0,0,3,0,5,2,5,1,3,0,1,34,1,0
c:\Users\arthur.menezes_evolu\Desktop\Pes\QLExpress\src\main\java\com\ql\util\express\instruction\DefineInstructionFactory.java,com.ql.util.express.instruction.DefineInstructionFactory,class,11,11,0,11,6,2,0,21,0,0.0,NaN,NaN,1,0,1,0,0,0,1,0,0,0,0,0,0,0,0,0,0,0,2,38,1,2,0,0,0,3,13,11,6,9,2,0,0,0,35,0,0
c:\Users\arthur.menezes_evolu\Desktop\Pes\QLExpress\src\main\java\com\ql\util\express\parse\AppendingClassMethodManager.java,com.ql.util.express.parse.AppendingClassMethodManager$AppendingMethod,innerclass,1,1,0,1,1,1,0,0,0,0.0,NaN,NaN,1,0,1,0,0,0,1,0,0,0,3,0,3,0,0,0,3,0,0,10,0,0,0,0,0,0,0,3,0,3,0,0,0,0,9,9,0
c:\Users\arthur.menezes_evolu\Desktop\Pes\QLExpress\src\test\java\com\ql\util\express\test\rating\SubjectOperator.java,com.ql.util.express.test.rating.SubjectOperator,class,5,7,2,5,7,3,0,4,6,0.0,0.0,0.0,4,0,4,0,0,0,4,0,0,0,0,0,0,0,0,0,0,0,0,25,1,0,3,0,0,6,3,6,0,2,1,0,0,0,26,0,0
c:\Users\arthur.menezes_evolu\Desktop\Pes\QLExpress\src\test\java\com\ql\util\express\test\ReplaceCompareOperatorTest.java,com.ql.util.express.test.ReplaceCompareOperatorTest$NullableOperatorLike,innerclass,1,1,0,1,4,4,0,1,1,0.0,0.0,0.0,2,0,2,0,0,0,2,0,0,0,0,0,0,0,0,0,0,0,0,11,2,0,2,0,0,0,0,0,0,0,1,0,0,0,12,1,0
c:\Users\arthur.menezes_evolu\Desktop\Pes\QLExpress\src\main\java\com\ql\util\express\DynamicParamsUtil.java,com.ql.util.express.DynamicParamsUtil,class,5,8,3,5,17,1,0,7,6,0.75,0.0,0.0,4,3,2,2,0,0,2,0,0,0,1,1,1,0,0,0,0,0,2,52,5,2,3,0,0,3,9,17,6,12,3,0,0,0,39,1,0
c:\Users\arthur.menezes_evolu\Desktop\Pes\QLExpress\src\main\java\com\ql\util\express\instruction\BlockInstructionFactory.java,com.ql.util.express.instruction.BlockInstructionFactory,class,10,10,0,10,7,2,0,11,0,0.0,NaN,NaN,1,0,1,0,0,0,1,0,0,0,0,0,0,0,0,0,0,0,0,25,1,1,0,0,1,2,1,6,0,4,1,0,0,0,26,1,0
c:\Users\arthur.menezes_evolu\Desktop\Pes\QLExpress\src\main\java\com\ql\util\express\instruction\op\OperatorPrint.java,com.ql.util.express.instruction.op.OperatorPrint,class,2,3,1,2,4,3,0,1,3,0.0,0.0,0.0,3,0,3,0,0,0,3,0,0,0,0,0,0,0,0,0,0,0,0,17,1,0,1,0,0,1,2,4,0,0,1,0,0,0,15,1,0
c:\Users\arthur.menezes_evolu\Desktop\Pes\QLExpress\src\test\java\com\ql\util\express\test\GroupOperator.java,com.ql.util.express.test.GroupOperator,class,2,3,1,2,3,3,0,1,1,0.0,0.0,0.0,2,0,2,0,0,0,2,0,0,0,0,0,0,0,0,0,0,0,1,12,1,1,0,0,0,0,2,4,0,2,1,0,0,0,10,0,0
c:\Users\arthur.menezes_evolu\Desktop\Pes\QLExpress\src\test\java\com\ql\util\express\bugfix\RecursivelyRunnerTest.java,com.ql.util.express.bugfix.RecursivelyRunnerTest,class,5,5,0,5,3,3,0,7,0,0.0,0.0,0.0,2,0,2,0,0,0,2,0,0,0,1,1,0,1,0,0,1,0,0,30,0,1,0,0,0,3,0,8,0,8,1,0,2,0,20,1,0
c:\Users\arthur.menezes_evolu\Desktop\Pes\QLExpress\src\test\java\com\ql\util\express\example\OperatorTest.java,com.ql.util.express.example.OperatorTest,class,6,6,0,6,4,1,0,7,6,0.0,0.0,0.0,4,0,4,0,0,0,4,0,0,0,0,0,0,0,0,0,0,0,0,38,0,0,0,0,0,16,7,13,0,13,0,0,0,0,23,1,0
c:\Users\arthur.menezes_evolu\Desktop\Pes\QLExpress\src\test\java\com\ql\util\express\test\GetExpressAttrNamesTest.java,com.ql.util.express.test.GetExpressAttrNamesTest,class,3,3,0,3,4,1,0,6,1,0.0,0.0,0.0,2,0,2,0,0,0,2,0,0,0,0,0,0,0,0,0,0,0,0,24,0,2,0,0,0,20,5,6,3,6,1,0,0,0,21,1,0
c:\Users\arthur.menezes_evolu\Desktop\Pes\QLExpress\src\main\java\com\ql\util\express\match\QLPatternNode.java,com.ql.util.express.match.MatchMode,enum,0,1,1,0,0,1,0,0,0,0.0,-1.0,-1.0,0,0,0,0,0,0,0,0,0,0,0,0,0,0,0,0,0,0,0,1,0,0,0,0,0,0,0,0,0,0,0,0,0,0,6,0,0
c:\Users\arthur.menezes_evolu\Desktop\Pes\QLExpress\src\test\java\com\ql\util\express\test\StaticMethodTest.java,com.ql.util.express.test.StaticMethodTest,class,4,4,0,4,2,1,0,4,0,0.0,NaN,NaN,1,0,1,0,0,0,1,0,0,0,0,0,0,0,0,0,0,0,0,19,0,1,0,0,0,5,0,4,2,4,1,0,1,0,15,1,0
c:\Users\arthur.menezes_evolu\Desktop\Pes\QLExpress\src\main\java\com\ql\util\express\instruction\op\OperatorIf.java,com.ql.util.express.instruction.op.OperatorIf,class,5,5,0,5,8,2,0,4,3,0.0,0.0,0.0,3,0,3,0,0,0,3,0,0,0,0,0,0,0,0,0,0,0,0,35,3,0,2,0,1,6,5,7,4,3,3,0,0,0,27,1,0
c:\Users\arthur.menezes_evolu\Desktop\Pes\QLExpress\src\main\java\com\ql\util\express\OperatorOfNumber.java,com.ql.util.express.OperatorOfNumber,class,3,14,11,3,70,1,0,32,45,1.0,0.0,0.0,10,9,9,1,0,0,9,0,0,0,6,6,6,0,0,0,6,0,19,191,38,0,22,0,5,14,14,27,9,25,3,0,0,0,61,1,0
c:\Users\arthur.menezes_evolu\Desktop\Pes\QLExpress\src\test\java\com\ql\util\express\example\MultiLevelSecurityTest.java,com.ql.util.express.example.MultiLevelSecurityTest$Anonymous1,anonymous,0,0,0,0,1,1,0,0,0,0.0,NaN,NaN,1,0,1,0,0,0,1,0,0,0,0,0,0,0,0,0,0,0,0,5,1,0,0,0,0,0,2,0,1,0,0,0,0,0,6,-1,0
c:\Users\arthur.menezes_evolu\Desktop\Pes\QLExpress\src\main\java\com\ql\util\express\instruction\FunctionInstructionSet.java,com.ql.util.express.instruction.FunctionInstructionSet,class,1,5,4,1,1,1,0,0,0,0.0,NaN,NaN,1,0,1,0,0,0,1,0,0,0,3,0,3,0,0,0,3,0,0,10,0,0,0,0,0,0,0,3,0,3,0,0,0,0,10,1,0
c:\Users\arthur.menezes_evolu\Desktop\Pes\QLExpress\src\test\java\com\ql\util\express\bugfix\BreakContinueTest.java,com.ql.util.express.bugfix.BreakContinueTest,class,3,3,0,3,2,1,0,3,1,0.0,0.0,0.0,2,0,2,0,0,0,2,0,0,0,0,0,0,0,0,0,0,0,0,15,0,0,0,0,0,13,4,5,1,5,0,0,0,0,22,1,0
c:\Users\arthur.menezes_evolu\Desktop\Pes\QLExpress\src\main\java\com\ql\util\express\instruction\op\OperatorIn.java,com.ql.util.express.instruction.op.OperatorIn,class,4,6,2,4,18,3,0,7,3,0.0,0.0,0.0,3,0,3,0,0,0,3,0,0,0,0,0,0,0,0,0,0,0,6,54,6,3,2,0,4,6,11,14,2,10,4,0,0,0,26,1,0
c:\Users\arthur.menezes_evolu\Desktop\Pes\QLExpress\src\main\java\com\ql\util\express\instruction\BreakInstructionFactory.java,com.ql.util.express.instruction.BreakInstructionFactory,class,7,7,0,7,1,2,0,7,0,0.0,NaN,NaN,1,0,1,0,0,0,1,0,0,0,0,0,0,0,0,0,0,0,0,9,1,0,0,0,0,1,1,1,1,1,0,0,0,0,14,1,0
c:\Users\arthur.menezes_evolu\Desktop\Pes\QLExpress\src\main\java\com\ql\util\express\instruction\ForInstructionFactory.java,com.ql.util.express.instruction.ForInstructionFactory,class,11,11,0,11,18,2,0,12,0,0.0,NaN,NaN,1,0,1,0,0,0,1,0,0,0,0,0,0,0,0,0,0,0,0,52,1,2,11,0,3,3,25,12,13,9,2,0,0,0,39,1,0
c:\Users\arthur.menezes_evolu\Desktop\Pes\QLExpress\src\main\java\com\ql\util\express\instruction\opdata\OperateDataAlias.java,com.ql.util.express.instruction.opdata.OperateDataAlias,class,3,6,3,3,8,3,0,4,0,0.0,0.0,0.0,5,0,5,0,0,0,5,0,0,0,1,0,0,1,0,0,1,0,0,34,4,0,0,3,0,2,0,1,1,1,1,0,0,0,20,1,0
c:\Users\arthur.menezes_evolu\Desktop\Pes\QLExpress\src\test\java\com\ql\util\express\test\ForFlowFunctionTest.java,com.ql.util.express.test.ForFlowFunctionTest,class,3,3,0,3,1,1,0,4,0,0.0,NaN,NaN,1,0,1,0,0,0,1,0,0,0,0,0,0,0,0,0,0,0,0,10,0,0,0,0,0,11,0,4,1,4,0,0,0,0,17,1,0
c:\Users\arthur.menezes_evolu\Desktop\Pes\QLExpress\src\test\java\com\ql\util\express\test\NumberOperatorCalculatorTest.java,com.ql.util.express.test.NumberOperatorCalculatorTest,class,4,4,0,4,7,1,0,16,15,0.0,0.0,0.0,6,0,6,0,0,0,6,0,0,0,0,0,0,0,0,0,0,0,32,98,0,1,0,0,0,32,178,51,1,21,1,0,0,0,41,1,0
c:\Users\arthur.menezes_evolu\Desktop\Pes\QLExpress\src\main\java\com\ql\util\express\instruction\op\OperatorBase.java,com.ql.util.express.instruction.op.OperatorFunction,class,5,6,1,5,3,2,0,0,3,0.0,0.0,0.0,3,0,3,0,0,0,3,0,0,0,0,0,0,0,0,0,0,0,0,13,0,0,0,0,0,1,0,4,0,0,0,0,0,0,21,0,0
c:\Users\arthur.menezes_evolu\Desktop\Pes\QLExpress\src\test\java\com\ql\util\express\test\AClassDefineTest.java,com.ql.util.express.test.AClassDefineTest,class,3,3,0,3,2,1,0,5,1,0.0,0.0,0.0,2,0,2,0,0,0,2,0,0,0,0,0,0,0,0,0,0,0,0,20,0,0,0,0,0,44,0,9,3,9,0,0,0,0,30,1,0
c:\Users\arthur.menezes_evolu\Desktop\Pes\QLExpress\src\test\java\com\ql\util\express\annotation\QLAliasTest.java,com.ql.util.express.annotation.QLAliasTest,class,7,7,0,7,3,1,0,8,0,0.0,NaN,NaN,1,0,1,0,0,0,1,0,0,0,0,0,0,0,0,0,0,0,0,24,0,2,0,0,2,22,6,11,4,9,1,0,0,0,21,1,0
c:\Users\arthur.menezes_evolu\Desktop\Pes\QLExpress\src\test\java\com\ql\util\express\console\ConsoleFrame.java,com.ql.util.express.console.ConsoleFrame,class,10,14,4,10,11,6,0,49,2,0.76666653,0.0,0.0,5,0,3,1,0,1,4,0,0,0,30,0,0,0,0,30,29,0,3,141,0,1,0,3,1,29,18,48,6,45,3,0,0,0,105,1,0
c:\Users\arthur.menezes_evolu\Desktop\Pes\QLExpress\src\main\java\com\ql\util\express\match\INodeType.java,com.ql.util.express.match.INodeType,interface,2,9,7,2,3,1,0,0,3,0.0,0.0,0.0,3,0,0,0,0,3,3,0,0,0,0,0,0,0,0,0,0,0,0,5,0,0,0,0,0,0,0,0,0,0,0,0,0,0,10,1,0
c:\Users\arthur.menezes_evolu\Desktop\Pes\QLExpress\src\test\java\com\ql\util\express\bugfix\LoopFunctionTest.java,com.ql.util.express.bugfix.LoopFunctionTest$SkuDO,innerclass,0,0,0,0,6,1,0,0,9,0.6666667,0.0,0.0,6,0,6,0,0,0,6,0,0,0,3,0,0,3,0,0,0,0,0,23,3,0,0,0,0,0,0,3,0,3,0,0,0,0,13,1,0
c:\Users\arthur.menezes_evolu\Desktop\Pes\QLExpress\src\main\java\com\ql\util\express\instruction\detail\InstructionConstData.java,com.ql.util.express.instruction.detail.InstructionConstData,class,4,6,2,4,5,2,0,3,0,0.0,0.0,0.0,4,0,4,0,0,0,4,0,0,0,1,0,0,1,0,0,1,0,0,21,3,0,0,0,0,2,0,1,2,1,1,0,0,0,15,1,0
c:\Users\arthur.menezes_evolu\Desktop\Pes\QLExpress\src\test\java\com\ql\util\express\test\MethodInvokeTest.java,com.ql.util.express.test.PersonalShopInfo,class,0,1,1,0,0,1,0,0,0,0.0,-1.0,-1.0,0,0,0,0,0,0,0,0,0,0,0,0,0,0,0,0,0,0,0,2,0,0,0,0,0,0,0,0,0,0,0,0,0,0,3,0,0
c:\Users\arthur.menezes_evolu\Desktop\Pes\QLExpress\src\test\java\com\ql\util\express\test\ReplaceCompareOperatorTest.java,com.ql.util.express.test.ReplaceCompareOperatorTest,class,5,5,0,5,1,4,0,3,0,0.0,NaN,NaN,1,0,1,0,0,0,1,0,0,0,0,0,0,0,0,0,0,0,0,27,0,0,0,0,0,17,0,3,0,3,0,0,1,0,23,1,0
c:\Users\arthur.menezes_evolu\Desktop\Pes\QLExpress\src\test\java\com\ql\util\express\test\IsAssignableTest.java,com.ql.util.express.test.IsAssignableTest,class,5,5,0,5,1,1,0,11,0,0.0,NaN,NaN,1,0,1,0,0,0,1,0,0,0,0,0,0,0,0,0,0,0,11,28,0,0,0,0,0,18,2,8,0,5,0,0,0,0,21,1,0
c:\Users\arthur.menezes_evolu\Desktop\Pes\QLExpress\src\main\java\com\ql\util\express\instruction\op\OperatorAdd.java,com.ql.util.express.instruction.op.OperatorAdd,class,2,3,1,2,3,3,0,1,3,0.0,0.0,0.0,3,0,3,0,0,0,3,0,0,0,0,0,0,0,0,0,0,0,1,13,1,0,0,0,0,0,2,4,0,0,0,0,0,0,12,1,0
c:\Users\arthur.menezes_evolu\Desktop\Pes\QLExpress\src\main\java\com\ql\util\express\parse\KeyWordDefine4Java.java,com.ql.util.express.parse.KeyWordDefine4Java,class,0,1,1,0,0,1,0,0,0,NaN,-1.0,-1.0,0,0,0,0,0,0,0,0,0,0,4,0,4,0,0,0,4,0,0,6,0,0,0,0,0,209,0,4,13,4,0,0,0,0,50,1,0
c:\Users\arthur.menezes_evolu\Desktop\Pes\QLExpress\src\test\java\com\ql\util\express\test\MinusOperatorTest.java,com.ql.util.express.test.MinusOperatorTest,class,4,4,0,4,2,1,0,2,1,0.0,0.0,0.0,2,0,2,0,0,0,2,0,0,0,0,0,0,0,0,0,0,0,0,14,0,0,0,0,0,2,0,6,0,6,0,0,0,0,17,1,0
c:\Users\arthur.menezes_evolu\Desktop\Pes\QLExpress\src\main\java\com\ql\util\express\OperatorOfNumber.java,com.ql.util.express.NumberType,interface,0,0,0,0,0,1,0,0,0,NaN,-1.0,-1.0,0,0,0,0,0,0,0,0,0,0,7,0,0,0,0,7,0,0,0,9,0,0,0,0,0,0,7,7,0,7,0,0,0,0,22,0,0
c:\Users\arthur.menezes_evolu\Desktop\Pes\QLExpress\src\test\java\com\ql\util\express\test\spring\UserDO.java,com.ql.util.express.test.spring.UserDO,class,0,1,1,0,10,1,0,0,35,0.8,0.0,0.0,10,0,10,0,0,0,10,0,0,0,5,0,0,5,0,0,0,0,0,37,5,0,0,0,0,0,0,5,0,5,0,0,0,0,23,1,0
c:\Users\arthur.menezes_evolu\Desktop\Pes\QLExpress\src\main\java\com\ql\util\express\DefaultExpressResourceLoader.java,com.ql.util.express.DefaultExpressResourceLoader,class,2,3,1,2,3,1,0,9,0,0.0,NaN,NaN,1,0,1,0,0,0,1,0,0,0,0,0,0,0,0,0,0,0,1,18,1,1,2,0,1,3,0,5,2,4,1,0,0,0,23,1,0
c:\Users\arthur.menezes_evolu\Desktop\Pes\QLExpress\src\main\java\com\ql\util\express\ExpressUtil.java,com.ql.util.express.ExpressUtil,class,9,29,20,9,233,1,0,93,463,0.96645135,0.0,0.0,31,30,24,7,0,0,24,0,0,0,25,25,21,4,0,0,25,0,49,652,103,15,90,5,30,70,33,113,16,72,5,0,0,0,158,1,0
c:\Users\arthur.menezes_evolu\Desktop\Pes\QLExpress\src\main\java\com\ql\util\express\instruction\OperateDataCacheImpl.java,com.ql.util.express.instruction.OperateDataCacheImpl,class,14,15,1,14,40,1,0,18,0,0.7543859,0.0,0.0,12,0,12,0,0,0,12,0,0,0,19,0,0,19,0,0,10,0,0,193,10,10,0,0,0,0,39,74,9,38,1,0,0,0,54,1,0
c:\Users\arthur.menezes_evolu\Desktop\Pes\QLExpress\src\test\java\com\ql\util\express\test\ExpressTest.java,com.ql.util.express.test.ExpressTest,class,7,7,0,7,9,1,0,15,3,0.0,0.0,0.0,3,0,3,0,0,0,3,0,0,0,0,0,0,0,0,0,0,0,2,53,0,2,2,0,1,138,12,14,6,14,2,0,0,0,45,1,0
c:\Users\arthur.menezes_evolu\Desktop\Pes\QLExpress\src\main\java\com\ql\util\express\instruction\NewInstructionFactory.java,com.ql.util.express.instruction.NewInstructionFactory,class,10,10,0,10,5,2,0,15,0,0.0,NaN,NaN,1,0,1,0,0,0,1,0,0,0,0,0,0,0,0,0,0,0,1,26,1,2,0,0,0,5,6,9,1,6,2,0,0,0,26,1,0
c:\Users\arthur.menezes_evolu\Desktop\Pes\QLExpress\src\main\java\com\ql\util\express\instruction\op\OperatorAnonymousNewList.java,com.ql.util.express.instruction.op.OperatorAnonymousNewList,class,5,6,1,5,4,2,0,4,3,0.0,0.0,0.0,3,0,3,0,0,0,3,0,0,0,0,0,0,0,0,0,0,0,1,17,1,1,0,0,0,0,1,6,0,2,1,0,0,0,24,1,0
c:\Users\arthur.menezes_evolu\Desktop\Pes\QLExpress\src\main\java\com\ql\util\express\instruction\op\OperatorEvaluate.java,com.ql.util.express.instruction.op.OperatorEvaluate,class,7,9,2,7,7,2,0,9,6,0.0,0.0,0.0,4,0,4,0,0,0,4,0,0,0,0,0,0,0,0,0,0,0,4,28,2,0,2,0,0,2,2,8,1,3,2,0,0,0,30,1,0
c:\Users\arthur.menezes_evolu\Desktop\Pes\QLExpress\src\test\java\com\ql\util\express\bugfix\InOperatorTest.java,com.ql.util.express.bugfix.InOperatorTest$Anonymous1,anonymous,0,0,0,0,2,1,0,1,0,0.0,NaN,NaN,1,0,1,0,0,0,1,0,0,0,0,0,0,0,0,0,0,0,0,8,2,0,1,0,0,0,1,0,0,0,1,0,0,0,7,-1,0
c:\Users\arthur.menezes_evolu\Desktop\Pes\QLExpress\src\main\java\com\ql\util\express\instruction\LoadAttrInstructionFactory.java,com.ql.util.express.instruction.LoadAttrInstructionFactory,class,10,10,0,10,3,2,0,8,0,0.0,NaN,NaN,1,0,1,0,0,0,1,0,0,0,0,0,0,0,0,0,0,0,0,15,1,0,1,0,0,1,2,1,1,1,2,0,0,0,20,1,0
c:\Users\arthur.menezes_evolu\Desktop\Pes\QLExpress\src\test\java\com\ql\util\express\example\operator\AddTwiceOperator.java,com.ql.util.express.example.operator.AddTwiceOperator,class,1,2,1,1,1,3,0,0,0,0.0,NaN,NaN,1,0,1,0,0,0,1,0,0,0,0,0,0,0,0,0,0,0,0,7,1,0,0,0,0,0,2,2,1,2,0,0,0,0,10,1,0
c:\Users\arthur.menezes_evolu\Desktop\Pes\QLExpress\src\test\java\com\ql\util\express\console\ConsoleFrame2.java,com.ql.util.express.console.ConsoleFrame_jTreeFileSelect_mouseAdapter2,class,1,2,1,1,2,2,0,1,0,0.0,0.0,0.0,2,0,1,0,0,1,2,0,0,0,1,0,0,1,0,0,1,0,0,9,0,0,0,0,0,0,0,1,0,1,0,0,0,0,15,0,0
c:\Users\arthur.menezes_evolu\Desktop\Pes\QLExpress\src\test\java\com\ql\util\express\issue\Issue284LikeTest.java,com.ql.util.express.issue.Issue284LikeTest,class,3,3,0,3,1,1,0,3,0,0.0,NaN,NaN,1,0,1,0,0,0,1,0,0,0,0,0,0,0,0,0,0,0,0,15,0,0,0,0,0,3,0,8,0,4,0,0,0,0,14,1,0
c:\Users\arthur.menezes_evolu\Desktop\Pes\QLExpress\src\test\java\com\ql\util\express\test\HTMLTest.java,com.ql.util.express.test.HTMLTest,class,2,2,0,2,1,1,0,4,0,0.0,NaN,NaN,1,0,1,0,0,0,1,0,0,0,0,0,0,0,0,0,0,0,0,10,0,0,0,0,0,4,0,3,0,3,0,0,0,0,16,1,0
c:\Users\arthur.menezes_evolu\Desktop\Pes\QLExpress\src\main\java\com\ql\util\express\instruction\op\OperatorExportAlias.java,com.ql.util.express.instruction.op.OperatorExportAlias,class,6,7,1,6,3,2,0,3,3,0.0,0.0,0.0,3,0,3,0,0,0,3,0,0,0,0,0,0,0,0,0,0,0,0,17,1,0,0,0,0,0,2,7,0,3,0,0,0,0,25,1,0
c:\Users\arthur.menezes_evolu\Desktop\Pes\QLExpress\src\test\java\com\ql\util\express\test\ReplaceOperatorTest.java,com.ql.util.express.test.ReplaceOperatorAddReduce2,class,2,4,2,2,4,3,0,1,6,0.0,0.0,0.0,4,0,4,0,0,0,4,0,0,0,0,0,0,0,0,0,0,0,0,16,2,0,0,0,0,3,2,4,1,0,0,0,0,0,16,0,0
c:\Users\arthur.menezes_evolu\Desktop\Pes\QLExpress\src\main\java\com\ql\util\express\QLambdaInvocationHandler.java,com.ql.util.express.QLambdaInvocationHandler,class,1,2,1,1,4,1,0,4,0,0.0,0.0,0.0,2,0,2,0,0,0,2,0,0,0,1,0,0,1,0,0,1,0,1,9,1,0,1,0,0,1,0,1,0,1,0,0,0,0,11,1,0
c:\Users\arthur.menezes_evolu\Desktop\Pes\QLExpress\src\main\java\com\ql\util\express\instruction\opdata\OperateDataKeyValue.java,com.ql.util.express.instruction.opdata.OperateDataKeyValue,class,2,7,5,2,9,2,0,2,8,0.44444445,0.0,0.0,9,0,9,0,0,0,9,0,0,0,2,0,0,2,0,0,0,0,0,37,3,0,0,0,0,4,0,6,1,2,0,0,0,0,23,1,0
c:\Users\arthur.menezes_evolu\Desktop\Pes\QLExpress\src\test\java\com\ql\util\express\bugfix\RecursivelyTest.java,com.ql.util.express.bugfix.RecursivelyTest,class,5,5,0,5,2,1,0,2,0,0.5,0.0,0.0,1,0,1,0,0,0,2,0,0,0,2,2,0,2,0,0,2,0,0,23,0,0,0,0,0,3,0,5,0,5,0,1,0,0,19,1,0
c:\Users\arthur.menezes_evolu\Desktop\Pes\QLExpress\src\main\java\com\ql\util\express\match\QLPatternNode.java,com.ql.util.express.match.QLPatternNode,class,5,9,4,5,74,1,0,30,0,0.6866666,0.0,0.0,10,0,8,0,2,0,10,0,0,0,15,0,0,5,8,2,5,0,4,203,8,3,26,0,0,33,50,68,29,28,3,0,0,0,56,1,0
c:\Users\arthur.menezes_evolu\Desktop\Pes\QLExpress\src\test\java\com\ql\util\express\test\BitTest.java,com.ql.util.express.test.BitTest,class,5,6,1,5,6,1,0,8,6,0.0,0.0,0.0,4,0,4,0,0,0,4,0,0,0,0,0,0,0,0,0,0,0,0,37,0,0,2,0,2,15,14,7,5,7,0,0,0,0,24,1,0
c:\Users\arthur.menezes_evolu\Desktop\Pes\QLExpress\src\test\java\com\ql\util\express\bugfix\LuofanTest.java,com.ql.util.express.bugfix.LuofanTest$Response,innerclass,0,0,0,0,0,1,0,0,0,0.0,-1.0,-1.0,0,0,0,0,0,0,0,0,0,0,0,0,0,0,0,0,0,0,0,2,0,0,0,0,0,0,0,0,0,0,0,0,0,0,1,1,0
c:\Users\arthur.menezes_evolu\Desktop\Pes\QLExpress\src\test\java\com\ql\util\express\test\NewExpressTest.java,com.ql.util.express.test.NewExpressTest,class,5,5,0,5,3,1,0,6,0,0.0,NaN,NaN,1,0,1,0,0,0,1,0,0,0,0,0,0,0,0,0,0,0,0,15,0,1,1,0,0,127,5,5,3,5,1,0,0,0,31,1,0
c:\Users\arthur.menezes_evolu\Desktop\Pes\QLExpress\src\main\java\com\ql\util\express\instruction\IfInstructionFactory.java,com.ql.util.express.instruction.IfInstructionFactory,class,10,10,0,10,9,2,0,11,0,0.0,NaN,NaN,1,0,1,0,0,0,1,0,0,0,0,0,0,0,0,0,0,0,0,37,1,1,1,0,0,7,14,13,5,10,2,0,0,0,33,1,0
c:\Users\arthur.menezes_evolu\Desktop\Pes\QLExpress\src\main\java\com\ql\util\express\instruction\op\OperatorNor.java,com.ql.util.express.instruction.op.OperatorNor,class,2,4,2,2,5,3,0,1,6,0.0,0.0,0.0,4,0,4,0,0,0,4,0,0,0,0,0,0,0,0,0,0,0,0,21,3,0,1,0,0,0,2,4,0,0,1,0,0,0,15,1,0
c:\Users\arthur.menezes_evolu\Desktop\Pes\QLExpress\src\main\java\com\ql\util\express\instruction\op\OperatorNot.java,com.ql.util.express.instruction.op.OperatorNot,class,4,6,2,4,6,3,0,5,6,0.0,0.0,0.0,4,0,4,0,0,0,4,0,0,0,0,0,0,0,0,0,0,0,0,27,2,0,1,0,0,4,1,6,2,2,1,0,0,0,19,1,0
c:\Users\arthur.menezes_evolu\Desktop\Pes\QLExpress\src\test\java\com\ql\util\express\test\VarAreaTest.java,com.ql.util.express.test.VarAreaTest,class,3,3,0,3,2,1,0,6,1,0.0,0.0,0.0,2,0,2,0,0,0,2,0,0,0,0,0,0,0,0,0,0,0,0,26,0,0,0,0,0,36,0,8,2,8,0,0,0,0,16,1,0
c:\Users\arthur.menezes_evolu\Desktop\Pes\QLExpress\src\main\java\com\ql\util\express\instruction\op\OperatorBase.java,com.ql.util.express.instruction.op.OperatorBreak,class,5,6,1,5,3,2,0,0,3,0.0,0.0,0.0,3,0,3,0,0,0,3,0,0,0,0,0,0,0,0,0,0,0,0,13,0,0,0,0,0,1,0,4,0,0,0,0,0,0,21,0,0
c:\Users\arthur.menezes_evolu\Desktop\Pes\QLExpress\src\test\java\com\ql\util\express\test\AddMacroDefineTest.java,com.ql.util.express.test.AddMacroDefineTest,class,4,4,0,4,1,1,0,5,0,0.0,NaN,NaN,1,0,1,0,0,0,1,0,0,0,0,0,0,0,0,0,0,0,0,11,0,0,0,0,0,6,0,4,0,4,0,0,0,0,14,1,0
c:\Users\arthur.menezes_evolu\Desktop\Pes\QLExpress\src\main\java\com\ql\util\express\instruction\op\OperatorPrintln.java,com.ql.util.express.instruction.op.OperatorPrintln,class,2,3,1,2,4,3,0,1,3,0.0,0.0,0.0,3,0,3,0,0,0,3,0,0,0,0,0,0,0,0,0,0,0,0,17,1,0,1,0,0,1,2,4,0,0,1,0,0,0,15,1,0
c:\Users\arthur.menezes_evolu\Desktop\Pes\QLExpress\src\test\java\com\ql\util\express\bugfix\RecursivelyRunnerTest.java,com.ql.util.express.bugfix.RecursivelyRunnerTest$SubRunner,innerclass,2,2,0,2,1,1,0,1,0,0.0,NaN,NaN,1,0,1,0,0,0,1,0,0,0,0,0,0,0,0,0,0,0,0,5,1,0,0,0,0,0,0,0,0,0,0,0,0,0,8,9,0
c:\Users\arthur.menezes_evolu\Desktop\Pes\QLExpress\src\main\java\com\ql\util\express\instruction\opdata\OperateDataArrayItem.java,com.ql.util.express.instruction.opdata.OperateDataArrayItem,class,3,7,4,3,11,3,0,10,0,0.14285715,0.0,0.0,7,0,7,0,0,0,7,0,0,0,2,0,0,2,0,0,0,0,2,51,3,0,0,2,2,6,1,6,2,2,2,0,0,0,29,1,0
c:\Users\arthur.menezes_evolu\Desktop\Pes\QLExpress\src\test\java\com\ql\util\express\bugfix\ArrCallBugFixTest.java,com.ql.util.express.bugfix.ArrCallBugFixTest,class,3,3,0,3,2,1,0,6,1,0.0,0.0,0.0,2,0,2,0,0,0,2,0,0,0,0,0,0,0,0,0,0,0,0,24,0,0,0,0,0,11,0,11,0,11,0,0,0,0,22,1,0
c:\Users\arthur.menezes_evolu\Desktop\Pes\QLExpress\src\test\java\com\ql\util\express\bugfix\InvokeSecurityRiskMethodsTest.java,com.ql.util.express.bugfix.InvokeSecurityRiskMethodsTest,class,7,8,1,7,6,1,0,6,2,0.5,0.0,0.0,4,0,4,0,0,0,4,0,0,0,2,1,0,2,0,0,1,0,4,29,1,1,0,1,0,5,1,5,0,5,2,0,0,0,25,1,0
c:\Users\arthur.menezes_evolu\Desktop\Pes\QLExpress\src\test\java\com\ql\util\express\example\CustBean.java,com.ql.util.express.example.CustBean,class,0,2,2,0,10,1,0,5,18,0.7083333,0.0,0.0,8,1,8,0,0,0,8,0,0,0,3,0,0,3,0,0,0,0,0,38,5,0,0,0,0,2,4,8,1,5,1,0,0,0,16,1,0
c:\Users\arthur.menezes_evolu\Desktop\Pes\QLExpress\src\main\java\com\ql\util\express\instruction\InInstructionFactory.java,com.ql.util.express.instruction.InInstructionFactory,class,9,9,0,9,4,2,0,11,0,0.0,NaN,NaN,1,0,1,0,0,0,1,0,0,0,0,0,0,0,0,0,0,0,0,21,1,2,0,0,0,1,3,7,0,5,2,0,0,0,25,1,0
c:\Users\arthur.menezes_evolu\Desktop\Pes\QLExpress\src\main\java\com\ql\util\express\parse\ExpressPackage.java,com.ql.util.express.parse.ExpressPackage,class,3,6,3,3,30,1,0,19,0,0.5625,0.0,0.0,4,0,3,1,0,0,3,0,0,0,4,1,0,4,0,0,2,0,2,106,14,1,12,2,0,4,2,17,2,8,3,0,0,0,33,1,0
c:\Users\arthur.menezes_evolu\Desktop\Pes\QLExpress\src\test\java\com\ql\util\express\test\AClassDefineSingleTest.java,com.ql.util.express.test.AClassDefineSingleTest,class,3,3,0,3,1,1,0,3,0,0.0,NaN,NaN,1,0,1,0,0,0,1,0,0,0,0,0,0,0,0,0,0,0,0,12,0,0,0,0,0,12,0,5,3,5,0,0,0,0,17,1,0
c:\Users\arthur.menezes_evolu\Desktop\Pes\QLExpress\src\test\java\com\ql\util\express\example\BeanTest.java,com.ql.util.express.example.BeanTest,class,5,5,0,5,5,1,0,7,10,0.0,0.0,0.0,5,0,5,0,0,0,5,0,0,0,0,0,0,0,0,0,0,0,0,46,0,0,0,0,0,37,3,18,4,18,0,0,0,0,19,1,0
c:\Users\arthur.menezes_evolu\Desktop\Pes\QLExpress\src\main\java\com\ql\util\express\instruction\detail\InstructionCallSelfDefineFunction.java,com.ql.util.express.instruction.detail.InstructionCallSelfDefineFunction,class,12,15,3,12,8,2,0,22,0,0.33333334,0.0,0.0,6,1,6,0,0,0,6,0,0,0,2,0,0,2,0,0,2,0,5,39,4,1,0,0,1,5,1,11,2,11,1,0,0,0,38,1,0
c:\Users\arthur.menezes_evolu\Desktop\Pes\QLExpress\src\main\java\com\ql\util\express\match\QLPattern.java,com.ql.util.express.match.QLPattern$QLMatchResultCache,innerclass,1,1,0,1,6,1,0,1,0,0.33333334,0.0,0.0,3,0,3,0,0,0,3,0,0,0,5,0,2,3,0,0,2,0,0,36,1,1,0,0,0,0,8,13,4,7,1,0,0,0,16,9,0
c:\Users\arthur.menezes_evolu\Desktop\Pes\QLExpress\src\main\java\com\ql\util\express\instruction\detail\InstructionLoadAttr.java,com.ql.util.express.instruction.detail.InstructionLoadAttr,class,6,8,2,6,5,2,0,5,0,0.0,0.0,0.0,4,0,4,0,0,0,4,0,0,0,1,0,0,1,0,0,1,0,0,23,2,0,0,0,0,1,0,3,1,3,1,0,0,0,23,1,0
c:\Users\arthur.menezes_evolu\Desktop\Pes\QLExpress\src\test\java\com\ql\util\express\test\ObjectBean.java,com.ql.util.express.test.ObjectBean,class,0,1,1,0,6,1,0,0,0,0.4166667,0.0,0.0,6,0,6,0,0,0,6,0,0,0,2,0,0,2,0,0,0,0,0,23,3,0,0,0,0,0,0,4,0,2,0,0,0,0,9,1,0
c:\Users\arthur.menezes_evolu\Desktop\Pes\QLExpress\src\main\java\com\ql\util\express\instruction\op\OperatorInstanceOf.java,com.ql.util.express.instruction.op.OperatorInstanceOf,class,1,2,1,1,4,3,0,2,1,0.0,0.0,0.0,2,0,2,0,0,0,2,0,0,0,0,0,0,0,0,0,0,0,0,15,2,0,1,0,0,0,2,5,0,4,1,0,0,0,20,1,0
c:\Users\arthur.menezes_evolu\Desktop\Pes\QLExpress\src\test\java\com\ql\util\express\test\LoveOperator.java,com.ql.util.express.test.LoveOperator,class,1,5,4,1,2,3,0,1,1,0.0,0.0,0.0,2,0,2,0,0,0,2,0,0,0,0,0,0,0,0,0,0,0,0,10,1,0,0,0,0,2,2,3,1,2,0,0,0,0,9,0,0
c:\Users\arthur.menezes_evolu\Desktop\Pes\QLExpress\src\test\java\com\ql\util\express\test\PreloadExpressTest.java,com.ql.util.express.test.PreloadExpressTest,class,3,3,0,3,1,1,0,5,0,0.0,NaN,NaN,1,0,1,0,0,0,1,0,0,0,0,0,0,0,0,0,0,0,0,13,0,0,0,0,0,10,3,4,1,4,0,0,0,0,17,1,0
c:\Users\arthur.menezes_evolu\Desktop\Pes\QLExpress\src\test\java\com\ql\util\express\bugfix\InOperatorTest.java,com.ql.util.express.bugfix.InOperatorTest,class,5,5,0,5,1,1,0,4,0,0.0,NaN,NaN,1,0,1,0,0,0,1,0,0,0,0,0,0,0,0,0,0,0,0,19,0,0,0,0,0,4,1,4,0,4,0,1,0,0,20,1,0
c:\Users\arthur.menezes_evolu\Desktop\Pes\QLExpress\src\test\java\com\ql\util\express\test\TimeoutExceptionTest.java,com.ql.util.express.test.TimeoutExceptionTest,class,3,3,0,3,3,1,0,3,0,0.0,NaN,NaN,1,0,1,0,0,0,1,0,0,0,1,1,0,1,0,0,1,0,0,17,0,1,0,1,0,3,1,4,0,4,2,0,0,0,19,1,0
c:\Users\arthur.menezes_evolu\Desktop\Pes\QLExpress\src\main\java\com\ql\util\express\instruction\op\OperatorFactory.java,com.ql.util.express.instruction.op.OperatorFactory,class,36,46,10,36,19,1,0,16,0,0.4375,0.0,0.0,8,0,8,0,0,0,8,0,0,0,2,0,0,2,0,0,2,0,0,124,5,0,7,1,1,102,0,13,8,10,3,0,0,0,69,1,0
c:\Users\arthur.menezes_evolu\Desktop\Pes\QLExpress\src\test\java\com\ql\util\express\example\TypicalDemo.java,com.ql.util.express.example.TypicalDemo,class,5,6,1,5,10,1,0,16,8,0.6,0.0,0.0,5,1,5,0,0,0,5,0,0,0,1,0,0,1,0,0,1,0,1,44,3,1,1,0,2,29,14,11,5,7,3,0,0,0,34,1,0
c:\Users\arthur.menezes_evolu\Desktop\Pes\QLExpress\src\main\java\com\ql\util\express\instruction\op\OperatorEqualsLessMore.java,com.ql.util.express.instruction.op.OperatorEqualsLessMore,class,4,8,4,4,14,3,1,6,10,0.0,0.0,0.0,5,1,5,0,0,0,5,0,0,0,0,0,0,0,0,0,0,0,5,42,6,0,3,0,0,17,5,9,1,2,2,0,0,0,30,1,0
c:\Users\arthur.menezes_evolu\Desktop\Pes\QLExpress\src\main\java\com\ql\util\express\match\QLMatchResultTree.java,com.ql.util.express.match.QLMatchResultTree,class,4,8,4,4,26,1,0,16,20,0.7,0.0,0.0,12,0,12,0,0,0,12,0,0,0,5,0,0,5,0,0,2,0,0,89,4,5,9,0,0,6,4,9,2,7,2,0,0,0,37,1,0
c:\Users\arthur.menezes_evolu\Desktop\Pes\QLExpress\src\test\java\com\ql\util\express\bugfix\CompileMemoryTest.java,com.ql.util.express.bugfix.CompileMemoryTest,class,3,3,0,3,2,1,0,3,0,0.0,NaN,NaN,1,0,1,0,0,0,1,0,0,0,0,0,0,0,0,0,0,0,0,16,0,1,0,0,0,98,0,6,2,4,1,0,0,0,42,1,0
c:\Users\arthur.menezes_evolu\Desktop\Pes\QLExpress\src\test\java\com\ql\util\express\bugfix\LoopFunctionTest.java,com.ql.util.express.bugfix.LoopFunctionTest,class,7,8,1,7,6,1,0,8,1,0.0,NaN,NaN,2,0,1,1,0,0,1,0,0,0,0,0,0,0,0,0,0,0,0,144,1,1,3,0,5,7,9,11,0,8,1,3,1,0,27,1,0
c:\Users\arthur.menezes_evolu\Desktop\Pes\QLExpress\src\test\java\com\ql\util\express\cfuture\LambdaTest.java,com.ql.util.express.cfuture.LambdaTest,class,4,4,0,4,5,1,0,17,6,0.0,0.0,0.0,4,0,4,0,0,0,4,0,0,0,0,0,0,0,0,0,0,0,8,61,0,0,0,0,0,40,13,18,4,22,1,1,0,3,28,1,0
c:\Users\arthur.menezes_evolu\Desktop\Pes\QLExpress\src\test\java\com\ql\util\express\test\ReplaceOperatorTest.java,com.ql.util.express.test.ReplaceOperatorAddReduce,class,2,4,2,2,4,3,0,1,6,0.0,0.0,0.0,4,0,4,0,0,0,4,0,0,0,0,0,0,0,0,0,0,0,0,16,2,0,0,0,0,3,2,4,1,0,0,0,0,0,16,0,0
c:\Users\arthur.menezes_evolu\Desktop\Pes\QLExpress\src\main\java\com\ql\util\express\instruction\op\OperatorKeyValue.java,com.ql.util.express.instruction.op.OperatorKeyValue,class,6,7,1,6,3,2,0,2,3,0.0,0.0,0.0,3,0,3,0,0,0,3,0,0,0,0,0,0,0,0,0,0,0,1,13,1,0,0,0,0,0,2,4,0,0,0,0,0,0,19,1,0
c:\Users\arthur.menezes_evolu\Desktop\Pes\QLExpress\src\test\java\com\ql\util\express\console\ReadExample.java,com.ql.util.express.console.ReadExample,class,4,7,3,4,3,1,0,9,3,0.0,0.0,0.0,3,3,3,0,0,0,3,0,0,0,0,0,0,0,0,0,0,0,4,23,2,0,0,0,0,3,0,12,0,12,0,0,0,0,26,1,0
c:\Users\arthur.menezes_evolu\Desktop\Pes\QLExpress\src\test\java\com\ql\util\express\console\ExampleDefine.java,com.ql.util.express.console.ExampleDefine,class,0,3,3,0,3,1,0,0,0,0.33333334,0.0,0.0,3,0,3,0,0,0,3,0,0,0,2,0,0,2,0,0,2,0,0,14,2,0,0,0,0,0,0,2,0,2,0,0,0,0,7,1,0
c:\Users\arthur.menezes_evolu\Desktop\Pes\QLExpress\src\test\java\com\ql\util\express\bugfix\Issue179LikeTest.java,com.ql.util.express.bugfix.Issue179LikeTest,class,3,3,0,3,1,1,0,2,0,0.0,NaN,NaN,1,0,1,0,0,0,1,0,0,0,0,0,0,0,0,0,0,0,0,9,0,0,0,0,0,1,0,4,0,4,0,0,0,0,17,1,0
c:\Users\arthur.menezes_evolu\Desktop\Pes\QLExpress\src\test\java\com\ql\util\express\bugfix\FunctionTest.java,com.ql.util.express.bugfix.FunctionTest,class,4,4,0,4,3,1,0,3,3,0.0,0.0,0.0,3,0,3,0,0,0,3,0,0,0,0,0,0,0,0,0,0,0,0,29,0,0,0,0,0,19,0,16,3,16,0,0,0,0,36,1,0
c:\Users\arthur.menezes_evolu\Desktop\Pes\QLExpress\src\test\java\com\ql\util\express\cfuture\DebugQlScriptTest.java,com.ql.util.express.cfuture.DebugQlScriptTest$Anonymous1,anonymous,3,3,0,3,1,1,0,3,0,0.0,NaN,NaN,1,0,1,0,0,0,1,0,0,0,0,0,0,0,0,0,0,0,0,6,1,0,0,0,0,0,0,0,0,0,0,0,0,0,10,-1,0
c:\Users\arthur.menezes_evolu\Desktop\Pes\QLExpress\src\main\java\com\ql\util\express\parse\NodeTypeManager.java,com.ql.util.express.parse.NodeTypeManager,class,6,15,9,6,28,1,0,25,31,0.77272725,0.0,0.0,11,0,11,0,0,0,11,0,0,0,6,0,1,2,3,0,6,0,1,107,6,10,7,0,0,14,8,27,8,21,3,0,0,0,53,1,0
c:\Users\arthur.menezes_evolu\Desktop\Pes\QLExpress\src\test\java\com\ql\util\express\console\FileTree.java,com.ql.util.express.console.FileTree$PathNode,innerclass,0,0,0,0,4,2,0,1,0,0.25,0.0,0.0,4,0,4,0,0,0,4,0,0,0,2,0,0,0,0,2,2,0,0,18,3,0,0,0,0,1,0,2,1,2,0,0,0,0,14,0,0
c:\Users\arthur.menezes_evolu\Desktop\Pes\QLExpress\src\test\java\com\ql\util\express\test\SubtractTest.java,com.ql.util.express.test.SubtractTest,class,3,3,0,3,1,1,0,4,0,0.0,NaN,NaN,1,0,1,0,0,0,1,0,0,0,0,0,0,0,0,0,0,0,0,10,0,0,0,0,0,3,0,4,0,4,0,0,0,0,12,1,0
c:\Users\arthur.menezes_evolu\Desktop\Pes\QLExpress\src\test\java\com\ql\util\express\cfuture\ArrayMisTypeTest.java,com.ql.util.express.cfuture.ArrayMisTypeTest,class,5,6,1,5,8,1,0,10,21,0.0,0.0,0.0,7,0,7,0,0,0,7,0,0,0,0,0,0,0,0,0,0,0,0,36,6,1,0,0,0,20,10,7,0,7,1,0,0,0,20,1,0
c:\Users\arthur.menezes_evolu\Desktop\Pes\QLExpress\src\main\java\com\ql\util\express\instruction\op\OperatorBit.java,com.ql.util.express.instruction.op.OperatorBit,class,2,3,1,2,38,3,0,4,1,0.0,0.0,0.0,2,0,2,0,0,0,2,0,0,0,0,0,0,0,0,0,0,0,7,76,12,0,6,0,24,13,50,1,11,0,3,0,0,0,16,1,0
c:\Users\arthur.menezes_evolu\Desktop\Pes\QLExpress\src\test\java\com\ql\util\express\bugfix\LuofanTest.java,com.ql.util.express.bugfix.LuofanTest,class,6,7,1,6,2,1,0,6,1,0.0,0.0,0.0,2,1,2,0,0,0,2,0,0,0,0,0,0,0,0,0,0,0,0,16,1,0,0,0,0,4,1,4,0,4,0,0,1,0,22,1,0
c:\Users\arthur.menezes_evolu\Desktop\Pes\QLExpress\src\test\java\com\ql\util\express\test\custom\SelfDefineObject2.java,com.ql.util.express.test.custom.SelfDefineObject2,class,0,0,0,0,1,1,0,0,0,0.0,NaN,NaN,1,1,1,0,0,0,1,0,0,0,0,0,0,0,0,0,0,0,0,5,1,0,0,0,0,1,0,0,0,0,0,0,0,0,6,1,0
c:\Users\arthur.menezes_evolu\Desktop\Pes\QLExpress\src\main\java\com\ql\util\express\exception\QLBizException.java,com.ql.util.express.exception.QLBizException,class,0,1,1,0,3,3,0,0,3,1.0,0.0,0.0,3,0,3,0,0,0,3,0,0,0,1,1,0,1,0,0,1,0,0,11,0,0,0,0,0,0,1,1,0,1,0,0,0,0,15,1,0
c:\Users\arthur.menezes_evolu\Desktop\Pes\QLExpress\src\test\java\com\ql\util\express\test\SerializableTest.java,com.ql.util.express.test.SerializableTest,class,4,4,0,4,1,1,0,6,0,0.0,NaN,NaN,1,0,1,0,0,0,1,0,0,0,0,0,0,0,0,0,0,0,0,13,0,0,0,0,0,4,0,5,0,5,0,0,0,0,17,1,0
c:\Users\arthur.menezes_evolu\Desktop\Pes\QLExpress\src\test\java\com\ql\util\express\console\ConsoleFrame2.java,com.ql.util.express.console.ConsoleFrame2,class,10,14,4,10,11,6,0,49,4,0.77058804,0.0,0.0,5,0,3,1,0,1,4,0,0,0,34,0,0,0,0,34,33,0,3,154,0,1,0,3,1,32,19,52,6,49,3,0,0,0,104,1,0
c:\Users\arthur.menezes_evolu\Desktop\Pes\QLExpress\src\test\java\com\ql\util\express\cfuture\ArrayPropertyMixTest.java,com.ql.util.express.cfuture.ArrayPropertyMixTest,class,4,4,0,4,2,1,0,7,0,0.0,NaN,NaN,1,0,1,0,0,0,1,0,0,0,0,0,0,0,0,0,0,0,0,21,0,1,0,0,0,24,3,10,1,9,1,0,0,0,22,1,0
c:\Users\arthur.menezes_evolu\Desktop\Pes\QLExpress\src\test\java\com\ql\util\express\console\ConsoleFrame.java,com.ql.util.express.console.ConsoleFrame_jButton1_actionAdapter,class,1,2,1,1,3,1,0,2,0,0.0,0.0,0.0,2,0,1,0,0,1,2,0,0,0,1,0,0,1,0,0,1,0,0,14,0,0,0,1,0,0,0,1,0,1,1,0,0,0,14,0,0
c:\Users\arthur.menezes_evolu\Desktop\Pes\QLExpress\src\main\java\com\ql\util\express\match\QLPattern.java,com.ql.util.express.match.QLPattern,class,11,14,3,11,67,1,0,35,6,0.0,0.0,0.0,4,3,2,2,0,0,2,0,0,0,0,0,0,0,0,0,0,0,5,317,3,4,36,0,2,13,29,54,10,26,7,0,3,0,54,1,0
c:\Users\arthur.menezes_evolu\Desktop\Pes\QLExpress\src\test\java\com\ql\util\express\console\Console.java,com.ql.util.express.console.Console,class,2,3,1,2,4,1,0,11,1,0.5,0.0,0.0,2,1,2,0,0,0,2,0,0,0,1,0,0,0,0,1,1,0,4,30,0,0,0,1,0,0,2,6,0,4,2,0,0,1,19,1,0
c:\Users\arthur.menezes_evolu\Desktop\Pes\QLExpress\src\main\java\com\ql\util\express\instruction\detail\InstructionGoTo.java,com.ql.util.express.instruction.detail.InstructionGoTo,class,2,7,5,2,9,2,0,1,0,0.42857146,0.0,0.0,7,0,7,0,0,0,7,0,0,0,2,0,0,2,0,0,0,0,0,30,3,0,1,0,1,5,1,6,4,3,1,0,0,0,18,1,0
c:\Users\arthur.menezes_evolu\Desktop\Pes\QLExpress\src\main\java\com\ql\util\express\instruction\InstructionFactory.java,com.ql.util.express.instruction.InstructionFactory,class,5,28,23,5,4,1,21,4,1,0.5,0.0,0.0,2,1,2,0,0,0,2,1,0,0,1,1,0,1,0,0,1,0,1,17,1,0,1,1,0,0,0,3,0,2,2,0,0,0,30,1025,0
c:\Users\arthur.menezes_evolu\Desktop\Pes\QLExpress\src\main\java\com\ql\util\express\instruction\ConstDataInstructionFactory.java,com.ql.util.express.instruction.ConstDataInstructionFactory,class,10,11,1,10,3,2,0,8,1,0.0,0.0,0.0,2,0,2,0,0,0,2,0,0,0,0,0,0,0,0,0,0,0,0,14,3,0,0,0,0,1,0,0,0,0,1,0,0,0,16,1,0
c:\Users\arthur.menezes_evolu\Desktop\Pes\QLExpress\src\main\java\com\ql\util\express\CallResult.java,com.ql.util.express.CallResult,class,1,7,6,1,5,1,0,1,0,0.2,0.0,0.0,5,0,5,0,0,0,5,0,0,0,2,0,0,2,0,0,0,0,0,21,2,0,0,0,0,0,0,4,0,2,0,0,0,0,13,1,0
c:\Users\arthur.menezes_evolu\Desktop\Pes\QLExpress\src\test\java\com\ql\util\express\test\ArrayLenCheckTest.java,com.ql.util.express.test.ArrayLenCheckTest,class,4,4,0,4,2,1,0,3,0,0.0,NaN,NaN,1,0,1,0,0,0,1,0,0,0,0,0,0,0,0,0,0,0,2,15,0,0,0,1,0,1,4,2,0,2,1,0,0,0,17,1,0
c:\Users\arthur.menezes_evolu\Desktop\Pes\QLExpress\src\main\java\com\ql\util\express\instruction\op\OperatorField.java,com.ql.util.express.instruction.op.OperatorField,class,7,8,1,7,6,2,0,4,0,0.25,0.0,0.0,4,0,4,0,0,0,4,0,0,0,1,0,0,1,0,0,0,0,2,21,3,0,1,0,0,3,1,5,1,3,1,0,0,0,24,1,0
c:\Users\arthur.menezes_evolu\Desktop\Pes\QLExpress\src\test\java\com\ql\util\express\test\ExpressRemoteCacheTest.java,com.ql.util.express.test.ExpressRemoteCacheTest,class,6,6,0,6,4,1,0,9,0,0.0,NaN,NaN,1,0,1,0,0,0,1,0,0,0,0,0,0,0,0,0,0,0,0,29,0,0,3,0,0,19,2,6,0,6,1,0,0,0,13,1,0
