file,class,type,cbo,cboModified,fanin,fanout,wmc,dit,noc,rfc,lcom,lcom*,tcc,lcc,totalMethodsQty,staticMethodsQty,publicMethodsQty,privateMethodsQty,protectedMethodsQty,defaultMethodsQty,visibleMethodsQty,abstractMethodsQty,finalMethodsQty,synchronizedMethodsQty,totalFieldsQty,staticFieldsQty,publicFieldsQty,privateFieldsQty,protectedFieldsQty,defaultFieldsQty,finalFieldsQty,synchronizedFieldsQty,nosi,loc,returnQty,loopQty,comparisonsQty,tryCatchQty,parenthesizedExpsQty,stringLiteralsQty,numbersQty,assignmentsQty,mathOperationsQty,variablesQty,maxNestedBlocksQty,anonymousClassesQty,innerClassesQty,lambdasQty,uniqueWordsQty,modifiers,logStatementsQty
c:\Users\arthur.menezes_evolu\Desktop\Pes\SystemBarTint\library\src\com\readystatesoftware\systembartint\SystemBarTintManager.java,com.readystatesoftware.systembartint.SystemBarTintManager$SystemBarConfig,innerclass,8,8,0,8,36,1,0,24,88,0.87053573,0.0,0.0,16,0,9,7,0,0,9,0,0,0,14,5,0,14,0,0,14,0,1,138,20,0,2,0,5,12,16,35,3,30,3,0,0,0,130,9,0
c:\Users\arthur.menezes_evolu\Desktop\Pes\SystemBarTint\sample\src\com\readystatesoftware\systembartint\sample\DefaultActivity.java,com.readystatesoftware.systembartint.sample.DefaultActivity,class,3,3,0,3,1,2,0,4,0,0.0,NaN,NaN,1,0,0,0,1,0,1,0,0,0,0,0,0,0,0,0,0,0,0,9,0,0,0,0,0,0,0,1,0,1,0,0,0,0,17,1,0
c:\Users\arthur.menezes_evolu\Desktop\Pes\SystemBarTint\sample\src\com\readystatesoftware\systembartint\sample\SamplesListActivity.java,com.readystatesoftware.systembartint.sample.SamplesListActivity,class,6,6,0,6,2,3,0,5,0,0.0,0.0,0.0,2,0,0,0,2,0,2,0,0,0,1,0,0,1,0,0,1,0,0,52,0,0,0,0,0,0,0,1,0,1,0,0,1,0,19,1,0
c:\Users\arthur.menezes_evolu\Desktop\Pes\SystemBarTint\sample\src\com\chiralcode\colorpicker\ColorPicker.java,com.chiralcode.colorpicker.ColorPicker,class,19,21,2,19,22,2,0,52,29,0.8434067,0.0,0.0,14,0,6,3,5,0,11,0,0,0,26,0,0,26,0,0,4,0,20,207,5,1,0,0,17,5,89,80,102,73,2,0,0,0,110,1,0
c:\Users\arthur.menezes_evolu\Desktop\Pes\SystemBarTint\sample\src\com\readystatesoftware\systembartint\sample\ColorActivity.java,com.readystatesoftware.systembartint.sample.ColorActivity$Anonymous1,anonymous,2,2,0,2,1,1,0,1,0,0.0,NaN,NaN,1,0,1,0,0,0,1,0,0,0,0,0,0,0,0,0,0,0,0,5,0,0,0,0,0,0,0,0,0,0,0,0,0,0,7,-1,0
c:\Users\arthur.menezes_evolu\Desktop\Pes\SystemBarTint\library\src\com\readystatesoftware\systembartint\SystemBarTintManager.java,com.readystatesoftware.systembartint.SystemBarTintManager,class,13,17,4,13,48,1,0,32,84,0.8055555,0.0,0.0,20,0,18,2,0,0,19,0,0,0,9,2,1,8,0,0,2,0,1,301,3,0,2,2,2,5,8,29,0,19,2,0,1,0,136,1,0
c:\Users\arthur.menezes_evolu\Desktop\Pes\SystemBarTint\sample\src\com\readystatesoftware\systembartint\sample\MatchActionBarActivity.java,com.readystatesoftware.systembartint.sample.MatchActionBarActivity,class,7,8,1,7,4,2,0,8,1,0.0,NaN,NaN,2,0,0,1,1,0,1,0,0,0,0,0,0,0,0,0,0,0,0,24,0,0,0,0,0,0,1,6,0,4,1,0,0,0,25,1,0
c:\Users\arthur.menezes_evolu\Desktop\Pes\SystemBarTint\sample\src\com\readystatesoftware\systembartint\sample\SamplesListActivity.java,com.readystatesoftware.systembartint.sample.SamplesListActivity$IntentAdapter,innerclass,7,7,0,7,8,2,0,16,0,0.33333334,0.0,0.0,6,0,4,0,0,2,6,0,0,0,2,0,0,2,0,0,2,0,0,41,4,1,1,0,0,1,1,9,0,8,1,0,0,0,35,2,0
c:\Users\arthur.menezes_evolu\Desktop\Pes\SystemBarTint\sample\src\com\readystatesoftware\systembartint\sample\ColorActivity.java,com.readystatesoftware.systembartint.sample.ColorActivity,class,7,9,2,7,3,2,0,14,1,0.44444445,0.0,0.0,3,0,0,1,2,0,2,0,0,0,3,0,0,3,0,0,0,0,0,30,0,0,0,0,0,0,1,5,0,5,0,1,0,0,30,1,0
