file,class,method,constructor,line,cbo,cboModified,fanin,fanout,wmc,rfc,loc,returnsQty,variablesQty,parametersQty,methodsInvokedQty,methodsInvokedLocalQty,methodsInvokedIndirectLocalQty,loopQty,comparisonsQty,tryCatchQty,parenthesizedExpsQty,stringLiteralsQty,numbersQty,assignmentsQty,mathOperationsQty,maxNestedBlocksQty,anonymousClassesQty,innerClassesQty,lambdasQty,uniqueWordsQty,modifiers,logStatementsQty,hasJavaDoc
c:\Users\arthur.menezes_evolu\Desktop\Pes\PhotoView\sample\src\main\java\com\github\chrisbanes\photoview\sample\LauncherActivity.java,com.github.chrisbanes.photoview.sample.LauncherActivity,onCreate/1[com.github.chrisbanes.photoview.sample.Bundle],false,44,5,1,0,1,1,6,9,0,2,1,6,0,0,0,0,0,0,0,0,2,0,0,0,0,0,21,4,0,false
c:\Users\arthur.menezes_evolu\Desktop\Pes\PhotoView\sample\src\main\java\com\github\chrisbanes\photoview\sample\ImmersiveActivity.java,com.github.chrisbanes.photoview.sample.ImmersiveActivity,fullScreen/0,false,41,1,2,1,1,5,6,21,0,3,0,6,1,1,0,0,0,0,4,3,6,0,1,0,0,0,14,1,0,false
c:\Users\arthur.menezes_evolu\Desktop\Pes\PhotoView\sample\src\main\java\com\github\chrisbanes\photoview\sample\ImmersiveActivity.java,com.github.chrisbanes.photoview.sample.ImmersiveActivity,isImmersiveModeEnabled/0,false,83,0,1,1,0,2,0,3,1,0,0,0,0,0,0,1,0,2,0,0,0,0,0,0,0,0,6,2,0,false
c:\Users\arthur.menezes_evolu\Desktop\Pes\PhotoView\sample\src\main\java\com\github\chrisbanes\photoview\sample\ImmersiveActivity.java,com.github.chrisbanes.photoview.sample.ImmersiveActivity,onCreate/1[com.github.chrisbanes.photoview.sample.Bundle],false,24,5,3,0,3,1,8,12,0,1,1,8,1,2,0,0,0,0,1,0,1,0,0,1,0,0,22,4,0,false
c:\Users\arthur.menezes_evolu\Desktop\Pes\PhotoView\sample\src\main\java\com\github\chrisbanes\photoview\sample\ImageAdapter.java,com.github.chrisbanes.photoview.sample.ImageAdapter,"onBindViewHolder/2[com.github.chrisbanes.photoview.sample.ImageViewHolder,int]",false,32,1,0,0,0,1,0,2,0,0,2,0,0,0,0,0,0,0,0,0,0,0,0,0,0,0,6,1,0,false
c:\Users\arthur.menezes_evolu\Desktop\Pes\PhotoView\sample\src\main\java\com\github\chrisbanes\photoview\sample\ImageAdapter.java,com.github.chrisbanes.photoview.sample.ImageAdapter,ImageAdapter/1[com.github.chrisbanes.photoview.sample.ImageAdapter.Listener],true,15,1,1,1,0,1,0,3,0,0,1,0,0,0,0,0,0,0,0,0,1,0,0,0,0,0,5,1,0,false
c:\Users\arthur.menezes_evolu\Desktop\Pes\PhotoView\sample\src\main\java\com\github\chrisbanes\photoview\sample\ImageAdapter.java,com.github.chrisbanes.photoview.sample.ImageAdapter,getItemCount/0,false,37,0,0,0,0,1,0,3,1,0,0,0,0,0,0,0,0,0,0,1,0,0,0,0,0,0,3,1,0,false
c:\Users\arthur.menezes_evolu\Desktop\Pes\PhotoView\sample\src\main\java\com\github\chrisbanes\photoview\sample\ImageAdapter.java,com.github.chrisbanes.photoview.sample.ImageAdapter,"onCreateViewHolder/2[com.github.chrisbanes.photoview.sample.ViewGroup,int]",false,20,3,1,0,1,1,2,10,1,1,2,2,0,0,0,0,0,0,0,0,1,0,0,1,0,0,11,1,0,false
c:\Users\arthur.menezes_evolu\Desktop\Pes\PhotoView\sample\src\main\java\com\github\chrisbanes\photoview\sample\ImmersiveActivity.java,com.github.chrisbanes.photoview.sample.ImmersiveActivity$Anonymous1,"onPhotoTap/3[com.github.chrisbanes.photoview.sample.ImageView,float,float]",false,34,1,0,0,0,1,0,2,0,0,3,0,0,0,0,0,0,0,0,0,0,0,0,0,0,0,6,1,0,false
c:\Users\arthur.menezes_evolu\Desktop\Pes\PhotoView\photoview\src\main\java\com\github\chrisbanes\photoview\OnViewDragListener.java,com.github.chrisbanes.photoview.OnViewDragListener,"onDrag/2[float,float]",false,8,0,1,1,0,1,0,1,0,0,2,0,0,0,0,0,0,0,0,0,0,0,0,0,0,0,25,0,0,true
c:\Users\arthur.menezes_evolu\Desktop\Pes\PhotoView\sample\src\main\java\com\github\chrisbanes\photoview\sample\SimpleSampleActivity.java,com.github.chrisbanes.photoview.sample.SimpleSampleActivity$MatrixChangeListener,onMatrixChanged/1[com.github.chrisbanes.photoview.sample.RectF],false,167,1,0,0,0,1,2,3,0,0,1,2,0,0,0,0,0,0,0,0,0,0,0,0,0,0,6,1,0,false
c:\Users\arthur.menezes_evolu\Desktop\Pes\PhotoView\photoview\src\main\java\com\github\chrisbanes\photoview\Util.java,com.github.chrisbanes.photoview.Util,hasDrawable/1[com.github.chrisbanes.photoview.ImageView],false,19,1,1,1,0,2,1,3,1,0,1,1,0,0,0,1,0,0,0,0,0,0,0,0,0,0,6,8,0,false
c:\Users\arthur.menezes_evolu\Desktop\Pes\PhotoView\photoview\src\main\java\com\github\chrisbanes\photoview\Util.java,com.github.chrisbanes.photoview.Util,isSupportedScaleType/1[ImageView.ScaleType],false,23,1,1,1,0,3,0,10,2,0,1,0,0,0,0,1,0,0,1,0,0,0,1,0,0,0,13,8,0,false
c:\Users\arthur.menezes_evolu\Desktop\Pes\PhotoView\photoview\src\main\java\com\github\chrisbanes\photoview\Util.java,com.github.chrisbanes.photoview.Util,"checkZoomLevels/3[float,float,float]",false,9,0,4,4,0,3,0,8,0,0,3,0,0,0,0,0,0,0,2,0,0,0,1,0,0,0,24,8,0,false
c:\Users\arthur.menezes_evolu\Desktop\Pes\PhotoView\photoview\src\main\java\com\github\chrisbanes\photoview\Util.java,com.github.chrisbanes.photoview.Util,getPointerIndex/1[int],false,34,0,1,1,0,1,0,3,1,0,1,0,0,0,0,0,0,1,0,0,0,1,0,0,0,0,4,8,0,false
c:\Users\arthur.menezes_evolu\Desktop\Pes\PhotoView\photoview\src\main\java\com\github\chrisbanes\photoview\CustomGestureDetector.java,com.github.chrisbanes.photoview.CustomGestureDetector,getActiveX/1[com.github.chrisbanes.photoview.MotionEvent],false,88,1,1,1,0,2,1,8,2,0,1,1,0,0,0,0,1,0,0,0,0,0,1,0,0,0,11,2,0,false
c:\Users\arthur.menezes_evolu\Desktop\Pes\PhotoView\photoview\src\main\java\com\github\chrisbanes\photoview\CustomGestureDetector.java,com.github.chrisbanes.photoview.CustomGestureDetector,isDragging/0,false,108,0,1,1,0,1,0,3,1,0,0,0,0,0,0,0,0,0,0,0,0,0,0,0,0,0,4,1,0,false
c:\Users\arthur.menezes_evolu\Desktop\Pes\PhotoView\photoview\src\main\java\com\github\chrisbanes\photoview\CustomGestureDetector.java,com.github.chrisbanes.photoview.CustomGestureDetector,onTouchEvent/1[com.github.chrisbanes.photoview.MotionEvent],false,112,2,2,1,1,2,2,9,2,0,1,2,1,2,0,0,1,0,0,0,0,0,1,0,0,0,11,1,0,false
c:\Users\arthur.menezes_evolu\Desktop\Pes\PhotoView\photoview\src\main\java\com\github\chrisbanes\photoview\CustomGestureDetector.java,com.github.chrisbanes.photoview.CustomGestureDetector,"CustomGestureDetector/2[com.github.chrisbanes.photoview.Context,com.github.chrisbanes.photoview.OnGestureListener]",true,43,4,1,1,0,1,3,28,0,2,2,3,0,0,0,0,0,0,0,0,6,0,0,1,0,0,28,0,0,false
c:\Users\arthur.menezes_evolu\Desktop\Pes\PhotoView\photoview\src\main\java\com\github\chrisbanes\photoview\CustomGestureDetector.java,com.github.chrisbanes.photoview.CustomGestureDetector,getActiveY/1[com.github.chrisbanes.photoview.MotionEvent],false,96,1,1,1,0,2,1,8,2,0,1,1,0,0,0,0,1,0,0,0,0,0,1,0,0,0,11,2,0,false
c:\Users\arthur.menezes_evolu\Desktop\Pes\PhotoView\photoview\src\main\java\com\github\chrisbanes\photoview\CustomGestureDetector.java,com.github.chrisbanes.photoview.CustomGestureDetector,isScaling/0,false,104,0,2,2,0,1,1,3,1,0,0,1,0,0,0,0,0,0,0,0,0,0,0,0,0,0,2,1,0,false
c:\Users\arthur.menezes_evolu\Desktop\Pes\PhotoView\photoview\src\main\java\com\github\chrisbanes\photoview\CustomGestureDetector.java,com.github.chrisbanes.photoview.CustomGestureDetector,processTouchEvent/1[com.github.chrisbanes.photoview.MotionEvent],false,122,4,6,1,5,18,19,69,1,10,1,19,2,1,0,8,0,2,0,6,28,5,4,0,0,0,43,2,0,false
c:\Users\arthur.menezes_evolu\Desktop\Pes\PhotoView\sample\src\main\java\com\github\chrisbanes\photoview\sample\SimpleSampleActivity.java,com.github.chrisbanes.photoview.sample.SimpleSampleActivity$SingleFlingListener,"onFling/4[com.github.chrisbanes.photoview.sample.MotionEvent,com.github.chrisbanes.photoview.sample.MotionEvent,float,float]",false,175,1,0,0,0,1,2,4,1,0,4,2,0,0,0,0,0,0,1,0,0,0,0,0,0,0,7,1,0,false
c:\Users\arthur.menezes_evolu\Desktop\Pes\PhotoView\sample\src\main\java\com\github\chrisbanes\photoview\sample\HackyDrawerLayout.java,com.github.chrisbanes.photoview.sample.HackyDrawerLayout,HackyDrawerLayout/1[com.github.chrisbanes.photoview.sample.Context],true,21,1,0,0,0,1,0,3,0,0,1,0,0,0,0,0,0,0,0,0,0,0,0,0,0,0,5,1,0,false
c:\Users\arthur.menezes_evolu\Desktop\Pes\PhotoView\sample\src\main\java\com\github\chrisbanes\photoview\sample\HackyDrawerLayout.java,com.github.chrisbanes.photoview.sample.HackyDrawerLayout,onInterceptTouchEvent/1[com.github.chrisbanes.photoview.sample.MotionEvent],false,26,1,0,0,0,2,2,9,2,0,1,2,0,0,0,0,1,0,0,0,0,0,1,0,0,0,11,1,0,false
c:\Users\arthur.menezes_evolu\Desktop\Pes\PhotoView\photoview\src\main\java\com\github\chrisbanes\photoview\Compat.java,com.github.chrisbanes.photoview.Compat,"postOnAnimationJellyBean/2[com.github.chrisbanes.photoview.View,java.lang.Runnable]",false,36,2,1,1,0,1,1,3,0,0,2,1,0,0,0,0,0,0,0,1,0,0,0,0,0,0,7,10,0,false
c:\Users\arthur.menezes_evolu\Desktop\Pes\PhotoView\photoview\src\main\java\com\github\chrisbanes\photoview\Compat.java,com.github.chrisbanes.photoview.Compat,"postOnAnimation/2[com.github.chrisbanes.photoview.View,java.lang.Runnable]",false,27,2,3,2,1,2,2,8,0,0,2,2,1,1,0,0,0,0,0,0,0,0,1,0,0,0,7,9,0,false
c:\Users\arthur.menezes_evolu\Desktop\Pes\PhotoView\sample\src\main\java\com\github\chrisbanes\photoview\sample\ImageAdapter.java,com.github.chrisbanes.photoview.sample.ImageAdapter$Listener,onImageClicked/1[com.github.chrisbanes.photoview.sample.View],false,42,1,1,1,0,1,0,1,0,0,1,0,0,0,0,0,0,0,0,0,0,0,0,0,0,0,5,0,0,false
c:\Users\arthur.menezes_evolu\Desktop\Pes\PhotoView\sample\src\main\java\com\github\chrisbanes\photoview\sample\ImageViewHolder.java,com.github.chrisbanes.photoview.sample.ImageViewHolder,ImageViewHolder/1[com.github.chrisbanes.photoview.sample.View],true,23,1,1,1,0,1,1,4,0,0,1,1,0,0,0,0,0,0,0,0,1,0,0,0,0,0,7,1,0,false
c:\Users\arthur.menezes_evolu\Desktop\Pes\PhotoView\sample\src\main\java\com\github\chrisbanes\photoview\sample\ImageViewHolder.java,com.github.chrisbanes.photoview.sample.ImageViewHolder,bind/1[java.lang.String],false,28,0,0,0,0,1,1,3,0,0,1,1,0,0,0,0,0,0,0,0,0,0,0,0,0,0,2,2,0,false
c:\Users\arthur.menezes_evolu\Desktop\Pes\PhotoView\sample\src\main\java\com\github\chrisbanes\photoview\sample\ImageViewHolder.java,com.github.chrisbanes.photoview.sample.ImageViewHolder,inflate/1[com.github.chrisbanes.photoview.sample.ViewGroup],false,15,3,2,1,1,1,3,4,1,1,1,3,0,0,0,0,0,0,0,0,1,0,0,0,0,0,7,9,0,false
c:\Users\arthur.menezes_evolu\Desktop\Pes\PhotoView\photoview\src\main\java\com\github\chrisbanes\photoview\OnOutsidePhotoTapListener.java,com.github.chrisbanes.photoview.OnOutsidePhotoTapListener,onOutsidePhotoTap/1[com.github.chrisbanes.photoview.ImageView],false,10,1,1,1,0,1,0,1,0,0,1,0,0,0,0,0,0,0,0,0,0,0,0,0,0,0,15,0,0,true
c:\Users\arthur.menezes_evolu\Desktop\Pes\PhotoView\photoview\src\main\java\com\github\chrisbanes\photoview\PhotoViewAttacher.java,com.github.chrisbanes.photoview.PhotoViewAttacher$AnimatedZoomRunnable,run/0,false,744,4,4,0,4,2,4,9,0,3,0,4,1,1,0,0,0,1,0,1,3,4,1,0,0,0,12,1,0,false
c:\Users\arthur.menezes_evolu\Desktop\Pes\PhotoView\photoview\src\main\java\com\github\chrisbanes\photoview\PhotoViewAttacher.java,com.github.chrisbanes.photoview.PhotoViewAttacher$AnimatedZoomRunnable,"AnimatedZoomRunnable/4[float,float,float,float]",true,735,0,2,2,0,1,1,7,0,0,4,1,0,0,0,0,0,0,0,0,5,0,0,0,0,0,13,1,0,false
c:\Users\arthur.menezes_evolu\Desktop\Pes\PhotoView\photoview\src\main\java\com\github\chrisbanes\photoview\PhotoViewAttacher.java,com.github.chrisbanes.photoview.PhotoViewAttacher$AnimatedZoomRunnable,interpolate/0,false,755,0,1,1,0,1,3,6,1,1,0,3,0,0,0,0,0,1,0,2,3,3,0,0,0,0,8,2,0,false
c:\Users\arthur.menezes_evolu\Desktop\Pes\PhotoView\sample\src\main\java\com\github\chrisbanes\photoview\sample\LauncherActivity.java,com.github.chrisbanes.photoview.sample.LauncherActivity$ItemAdapter,"onCreateViewHolder/2[com.github.chrisbanes.photoview.sample.ViewGroup,int]",false,57,12,1,0,1,8,5,33,1,4,2,5,0,0,0,0,0,0,0,7,9,0,2,0,0,1,16,1,0,false
c:\Users\arthur.menezes_evolu\Desktop\Pes\PhotoView\sample\src\main\java\com\github\chrisbanes\photoview\sample\LauncherActivity.java,com.github.chrisbanes.photoview.sample.LauncherActivity$ItemAdapter,getItemCount/0,false,98,0,0,0,0,1,0,3,1,0,0,0,0,0,0,0,0,0,0,0,0,0,0,0,0,0,3,1,0,false
c:\Users\arthur.menezes_evolu\Desktop\Pes\PhotoView\sample\src\main\java\com\github\chrisbanes\photoview\sample\LauncherActivity.java,com.github.chrisbanes.photoview.sample.LauncherActivity$ItemAdapter,"onBindViewHolder/2[com.github.chrisbanes.photoview.sample.LauncherActivity.ItemViewHolder,int]",false,93,1,1,0,1,1,1,3,0,0,2,1,0,0,0,0,0,0,0,0,0,0,0,0,0,0,6,1,0,false
c:\Users\arthur.menezes_evolu\Desktop\Pes\PhotoView\photoview\src\main\java\com\github\chrisbanes\photoview\PhotoViewAttacher.java,com.github.chrisbanes.photoview.PhotoViewAttacher,setRotationBy/1[float],false,303,1,4,3,1,1,2,4,0,0,1,2,1,4,0,0,0,0,0,1,0,1,0,0,0,0,8,1,0,false
c:\Users\arthur.menezes_evolu\Desktop\Pes\PhotoView\photoview\src\main\java\com\github\chrisbanes\photoview\PhotoViewAttacher.java,com.github.chrisbanes.photoview.PhotoViewAttacher,getScaleType/0,false,325,1,1,1,0,1,0,3,1,0,0,0,0,0,0,0,0,0,0,0,0,0,0,0,0,0,4,1,0,false
c:\Users\arthur.menezes_evolu\Desktop\Pes\PhotoView\photoview\src\main\java\com\github\chrisbanes\photoview\PhotoViewAttacher.java,com.github.chrisbanes.photoview.PhotoViewAttacher,"setScaleLevels/3[float,float,float]",false,412,1,2,1,1,1,1,6,0,0,3,1,0,0,0,0,0,0,0,0,3,0,0,0,0,0,10,1,0,false
c:\Users\arthur.menezes_evolu\Desktop\Pes\PhotoView\photoview\src\main\java\com\github\chrisbanes\photoview\PhotoViewAttacher.java,com.github.chrisbanes.photoview.PhotoViewAttacher,"getValue/2[com.github.chrisbanes.photoview.Matrix,int]",false,545,1,1,1,0,1,1,4,1,0,2,1,0,0,0,0,0,0,0,0,0,0,0,0,0,0,21,2,0,true
c:\Users\arthur.menezes_evolu\Desktop\Pes\PhotoView\photoview\src\main\java\com\github\chrisbanes\photoview\PhotoViewAttacher.java,com.github.chrisbanes.photoview.PhotoViewAttacher,getMinimumScale/0,false,308,0,2,2,0,1,0,3,1,0,0,0,0,0,0,0,0,0,0,0,0,0,0,0,0,0,5,1,0,false
c:\Users\arthur.menezes_evolu\Desktop\Pes\PhotoView\photoview\src\main\java\com\github\chrisbanes\photoview\PhotoViewAttacher.java,com.github.chrisbanes.photoview.PhotoViewAttacher,setMaximumScale/1[float],false,407,1,2,1,1,1,1,4,0,0,1,1,0,0,0,0,0,0,0,0,1,0,0,0,0,0,6,1,0,false
c:\Users\arthur.menezes_evolu\Desktop\Pes\PhotoView\photoview\src\main\java\com\github\chrisbanes\photoview\PhotoViewAttacher.java,com.github.chrisbanes.photoview.PhotoViewAttacher,setOnMatrixChangeListener/1[com.github.chrisbanes.photoview.OnMatrixChangedListener],false,427,1,1,1,0,1,0,3,0,0,1,0,0,0,0,0,0,0,0,0,1,0,0,0,0,0,8,1,0,false
c:\Users\arthur.menezes_evolu\Desktop\Pes\PhotoView\photoview\src\main\java\com\github\chrisbanes\photoview\PhotoViewAttacher.java,com.github.chrisbanes.photoview.PhotoViewAttacher,getImageViewHeight/1[com.github.chrisbanes.photoview.ImageView],false,717,1,3,3,0,1,3,3,1,0,1,3,0,0,0,0,0,0,0,0,0,1,0,0,0,0,5,2,0,false
c:\Users\arthur.menezes_evolu\Desktop\Pes\PhotoView\photoview\src\main\java\com\github\chrisbanes\photoview\PhotoViewAttacher.java,com.github.chrisbanes.photoview.PhotoViewAttacher,getScale/0,false,320,1,8,7,1,1,3,3,1,0,0,3,1,1,0,0,0,0,0,2,0,1,0,0,0,0,3,1,0,false
c:\Users\arthur.menezes_evolu\Desktop\Pes\PhotoView\photoview\src\main\java\com\github\chrisbanes\photoview\PhotoViewAttacher.java,com.github.chrisbanes.photoview.PhotoViewAttacher,"setScale/4[float,float,float,boolean]",false,459,2,6,3,3,4,4,12,0,0,4,4,2,5,0,0,0,0,1,0,0,0,1,0,0,0,26,1,0,false
c:\Users\arthur.menezes_evolu\Desktop\Pes\PhotoView\photoview\src\main\java\com\github\chrisbanes\photoview\PhotoViewAttacher.java,com.github.chrisbanes.photoview.PhotoViewAttacher,setScale/1[float],false,447,1,2,1,1,1,1,3,0,0,1,1,1,7,0,0,0,0,0,0,0,0,0,0,0,0,3,1,0,false
c:\Users\arthur.menezes_evolu\Desktop\Pes\PhotoView\photoview\src\main\java\com\github\chrisbanes\photoview\PhotoViewAttacher.java,com.github.chrisbanes.photoview.PhotoViewAttacher,setOnSingleFlingListener/1[com.github.chrisbanes.photoview.OnSingleFlingListener],false,265,1,1,1,0,1,0,3,0,0,1,0,0,0,0,0,0,0,0,0,1,0,0,0,0,0,6,1,0,false
c:\Users\arthur.menezes_evolu\Desktop\Pes\PhotoView\photoview\src\main\java\com\github\chrisbanes\photoview\PhotoViewAttacher.java,com.github.chrisbanes.photoview.PhotoViewAttacher,getDrawMatrix/0,false,524,1,5,5,0,1,2,5,1,0,0,2,0,0,0,0,0,0,0,0,0,0,0,0,0,0,6,2,0,false
c:\Users\arthur.menezes_evolu\Desktop\Pes\PhotoView\photoview\src\main\java\com\github\chrisbanes\photoview\PhotoViewAttacher.java,com.github.chrisbanes.photoview.PhotoViewAttacher,setImageViewMatrix/1[com.github.chrisbanes.photoview.Matrix],false,560,4,4,2,2,3,3,9,0,1,1,3,1,1,0,2,0,0,0,0,1,0,2,0,0,0,14,2,0,false
c:\Users\arthur.menezes_evolu\Desktop\Pes\PhotoView\photoview\src\main\java\com\github\chrisbanes\photoview\PhotoViewAttacher.java,com.github.chrisbanes.photoview.PhotoViewAttacher,cancelFling/0,false,721,1,2,1,1,2,1,6,0,0,0,1,0,0,0,1,0,0,0,0,1,0,1,0,0,0,6,2,0,false
c:\Users\arthur.menezes_evolu\Desktop\Pes\PhotoView\photoview\src\main\java\com\github\chrisbanes\photoview\PhotoViewAttacher.java,com.github.chrisbanes.photoview.PhotoViewAttacher,getImageViewWidth/1[com.github.chrisbanes.photoview.ImageView],false,713,1,3,3,0,1,3,3,1,0,1,3,0,0,0,0,0,0,0,0,0,1,0,0,0,0,5,2,0,false
c:\Users\arthur.menezes_evolu\Desktop\Pes\PhotoView\photoview\src\main\java\com\github\chrisbanes\photoview\PhotoViewAttacher.java,com.github.chrisbanes.photoview.PhotoViewAttacher,setOnPhotoTapListener/1[com.github.chrisbanes.photoview.OnPhotoTapListener],false,431,1,1,1,0,1,0,3,0,0,1,0,0,0,0,0,0,0,0,0,1,0,0,0,0,0,7,1,0,false
c:\Users\arthur.menezes_evolu\Desktop\Pes\PhotoView\photoview\src\main\java\com\github\chrisbanes\photoview\PhotoViewAttacher.java,com.github.chrisbanes.photoview.PhotoViewAttacher,updateBaseMatrix/1[com.github.chrisbanes.photoview.Drawable],false,602,3,5,2,3,10,11,49,1,10,1,11,3,6,0,5,0,6,0,15,11,19,2,0,0,0,36,2,0,true
c:\Users\arthur.menezes_evolu\Desktop\Pes\PhotoView\photoview\src\main\java\com\github\chrisbanes\photoview\PhotoViewAttacher.java,com.github.chrisbanes.photoview.PhotoViewAttacher,setScaleType/1[com.github.chrisbanes.photoview.ScaleType],false,482,3,3,1,2,3,2,6,0,0,1,2,1,8,0,1,0,0,0,0,1,0,1,0,0,0,6,1,0,false
c:\Users\arthur.menezes_evolu\Desktop\Pes\PhotoView\photoview\src\main\java\com\github\chrisbanes\photoview\PhotoViewAttacher.java,com.github.chrisbanes.photoview.PhotoViewAttacher,getDisplayMatrix/1[com.github.chrisbanes.photoview.Matrix],false,513,2,2,1,1,1,2,3,0,0,1,2,1,1,0,0,0,0,0,0,0,0,0,0,0,0,11,1,0,true
c:\Users\arthur.menezes_evolu\Desktop\Pes\PhotoView\photoview\src\main\java\com\github\chrisbanes\photoview\PhotoViewAttacher.java,com.github.chrisbanes.photoview.PhotoViewAttacher,setOnDoubleTapListener/1[GestureDetector.OnDoubleTapListener],false,257,1,1,1,0,1,1,3,0,0,1,1,0,0,0,0,0,0,0,0,0,0,0,0,0,0,6,1,0,false
c:\Users\arthur.menezes_evolu\Desktop\Pes\PhotoView\photoview\src\main\java\com\github\chrisbanes\photoview\PhotoViewAttacher.java,com.github.chrisbanes.photoview.PhotoViewAttacher,getDisplayRect/1[com.github.chrisbanes.photoview.Matrix],false,586,3,3,3,0,2,5,9,2,1,1,5,0,0,0,1,0,0,0,2,1,0,1,0,0,0,22,2,0,true
c:\Users\arthur.menezes_evolu\Desktop\Pes\PhotoView\photoview\src\main\java\com\github\chrisbanes\photoview\PhotoViewAttacher.java,com.github.chrisbanes.photoview.PhotoViewAttacher,resetMatrix/0,false,553,1,6,2,4,1,5,6,0,0,0,5,4,5,0,0,0,0,0,0,0,0,0,0,0,0,22,2,0,true
c:\Users\arthur.menezes_evolu\Desktop\Pes\PhotoView\photoview\src\main\java\com\github\chrisbanes\photoview\PhotoViewAttacher.java,com.github.chrisbanes.photoview.PhotoViewAttacher,setMinimumScale/1[float],false,397,1,2,1,1,1,1,4,0,0,1,1,0,0,0,0,0,0,0,0,1,0,0,0,0,0,6,1,0,false
c:\Users\arthur.menezes_evolu\Desktop\Pes\PhotoView\photoview\src\main\java\com\github\chrisbanes\photoview\PhotoViewAttacher.java,com.github.chrisbanes.photoview.PhotoViewAttacher,setDisplayMatrix/1[com.github.chrisbanes.photoview.Matrix],false,279,2,3,2,1,3,3,11,2,0,1,3,1,4,0,2,0,0,1,0,0,0,1,0,0,0,14,1,0,false
c:\Users\arthur.menezes_evolu\Desktop\Pes\PhotoView\photoview\src\main\java\com\github\chrisbanes\photoview\PhotoViewAttacher.java,com.github.chrisbanes.photoview.PhotoViewAttacher,setZoomable/1[boolean],false,493,1,2,1,1,1,1,4,0,0,1,1,1,8,0,0,0,0,0,0,1,0,0,0,0,0,7,1,0,false
c:\Users\arthur.menezes_evolu\Desktop\Pes\PhotoView\photoview\src\main\java\com\github\chrisbanes\photoview\PhotoViewAttacher.java,com.github.chrisbanes.photoview.PhotoViewAttacher,setOnLongClickListener/1[com.github.chrisbanes.photoview.OnLongClickListener],false,419,1,1,1,0,1,0,3,0,0,1,0,0,0,0,0,0,0,0,0,1,0,0,0,0,0,7,1,0,false
c:\Users\arthur.menezes_evolu\Desktop\Pes\PhotoView\photoview\src\main\java\com\github\chrisbanes\photoview\PhotoViewAttacher.java,com.github.chrisbanes.photoview.PhotoViewAttacher,"onTouch/2[com.github.chrisbanes.photoview.View,com.github.chrisbanes.photoview.MotionEvent]",false,339,9,8,0,8,14,14,43,1,8,2,14,3,4,0,5,0,0,0,0,13,0,4,0,0,0,36,1,0,false
c:\Users\arthur.menezes_evolu\Desktop\Pes\PhotoView\photoview\src\main\java\com\github\chrisbanes\photoview\PhotoViewAttacher.java,com.github.chrisbanes.photoview.PhotoViewAttacher,getSuppMatrix/1[com.github.chrisbanes.photoview.Matrix],false,520,1,1,1,0,1,1,3,0,0,1,1,0,0,0,0,0,0,0,0,0,0,0,0,0,0,9,1,0,true
c:\Users\arthur.menezes_evolu\Desktop\Pes\PhotoView\photoview\src\main\java\com\github\chrisbanes\photoview\PhotoViewAttacher.java,com.github.chrisbanes.photoview.PhotoViewAttacher,"setScale/2[float,boolean]",false,451,1,3,2,1,1,3,3,0,0,2,3,1,6,0,0,0,2,0,2,0,2,0,0,0,0,3,1,0,false
c:\Users\arthur.menezes_evolu\Desktop\Pes\PhotoView\photoview\src\main\java\com\github\chrisbanes\photoview\PhotoViewAttacher.java,com.github.chrisbanes.photoview.PhotoViewAttacher,setAllowParentInterceptOnEdge/1[boolean],false,393,0,1,1,0,1,0,3,0,0,1,0,0,0,0,0,0,0,0,0,1,0,0,0,0,0,8,1,0,false
c:\Users\arthur.menezes_evolu\Desktop\Pes\PhotoView\photoview\src\main\java\com\github\chrisbanes\photoview\PhotoViewAttacher.java,com.github.chrisbanes.photoview.PhotoViewAttacher,checkAndDisplayMatrix/0,false,574,1,11,8,3,2,3,5,0,0,0,3,3,3,0,0,0,0,0,0,0,0,1,0,0,0,20,2,0,true
c:\Users\arthur.menezes_evolu\Desktop\Pes\PhotoView\photoview\src\main\java\com\github\chrisbanes\photoview\PhotoViewAttacher.java,com.github.chrisbanes.photoview.PhotoViewAttacher,getMaximumScale/0,false,316,0,2,2,0,1,0,3,1,0,0,0,0,0,0,0,0,0,0,0,0,0,0,0,0,0,5,1,0,false
c:\Users\arthur.menezes_evolu\Desktop\Pes\PhotoView\photoview\src\main\java\com\github\chrisbanes\photoview\PhotoViewAttacher.java,com.github.chrisbanes.photoview.PhotoViewAttacher,update/0,false,498,1,9,7,2,2,3,8,0,0,0,3,2,7,0,0,0,0,0,0,0,0,1,0,0,0,7,1,0,false
c:\Users\arthur.menezes_evolu\Desktop\Pes\PhotoView\photoview\src\main\java\com\github\chrisbanes\photoview\PhotoViewAttacher.java,com.github.chrisbanes.photoview.PhotoViewAttacher,setOnScaleChangeListener/1[com.github.chrisbanes.photoview.OnScaleChangedListener],false,261,1,1,1,0,1,0,3,0,0,1,0,0,0,0,0,0,0,0,0,1,0,0,0,0,0,7,1,0,false
c:\Users\arthur.menezes_evolu\Desktop\Pes\PhotoView\photoview\src\main\java\com\github\chrisbanes\photoview\PhotoViewAttacher.java,com.github.chrisbanes.photoview.PhotoViewAttacher,setBaseRotation/1[float],false,291,1,3,0,3,1,3,6,0,0,1,3,3,8,0,0,0,0,0,1,1,1,0,0,0,0,11,1,0,false
c:\Users\arthur.menezes_evolu\Desktop\Pes\PhotoView\photoview\src\main\java\com\github\chrisbanes\photoview\PhotoViewAttacher.java,com.github.chrisbanes.photoview.PhotoViewAttacher,PhotoViewAttacher/1[com.github.chrisbanes.photoview.ImageView],true,163,3,2,1,1,2,5,81,1,0,1,5,0,0,0,0,0,0,0,1,4,0,1,2,0,0,68,1,0,false
c:\Users\arthur.menezes_evolu\Desktop\Pes\PhotoView\photoview\src\main\java\com\github\chrisbanes\photoview\PhotoViewAttacher.java,com.github.chrisbanes.photoview.PhotoViewAttacher,getImageMatrix/0,false,530,1,1,1,0,1,0,3,1,0,0,0,0,0,0,0,0,0,0,0,0,0,0,0,0,0,5,1,0,false
c:\Users\arthur.menezes_evolu\Desktop\Pes\PhotoView\photoview\src\main\java\com\github\chrisbanes\photoview\PhotoViewAttacher.java,com.github.chrisbanes.photoview.PhotoViewAttacher,setMediumScale/1[float],false,402,1,2,1,1,1,1,4,0,0,1,1,0,0,0,0,0,0,0,0,1,0,0,0,0,0,6,1,0,false
c:\Users\arthur.menezes_evolu\Desktop\Pes\PhotoView\photoview\src\main\java\com\github\chrisbanes\photoview\PhotoViewAttacher.java,com.github.chrisbanes.photoview.PhotoViewAttacher,setOnViewTapListener/1[com.github.chrisbanes.photoview.OnViewTapListener],false,439,1,1,1,0,1,0,3,0,0,1,0,0,0,0,0,0,0,0,0,1,0,0,0,0,0,7,1,0,false
c:\Users\arthur.menezes_evolu\Desktop\Pes\PhotoView\photoview\src\main\java\com\github\chrisbanes\photoview\PhotoViewAttacher.java,com.github.chrisbanes.photoview.PhotoViewAttacher,isZoomEnabled/0,false,270,0,0,0,0,1,0,3,1,0,0,0,0,0,0,0,0,0,0,0,0,0,0,0,0,0,4,1,0,false
c:\Users\arthur.menezes_evolu\Desktop\Pes\PhotoView\photoview\src\main\java\com\github\chrisbanes\photoview\PhotoViewAttacher.java,com.github.chrisbanes.photoview.PhotoViewAttacher,getDisplayRect/0,false,274,2,7,4,3,1,3,4,1,0,0,3,3,2,0,0,0,0,0,0,0,0,0,0,0,0,8,1,0,false
c:\Users\arthur.menezes_evolu\Desktop\Pes\PhotoView\photoview\src\main\java\com\github\chrisbanes\photoview\PhotoViewAttacher.java,com.github.chrisbanes.photoview.PhotoViewAttacher,setOnViewDragListener/1[com.github.chrisbanes.photoview.OnViewDragListener],false,443,1,1,1,0,1,0,3,0,0,1,0,0,0,0,0,0,0,0,0,1,0,0,0,0,0,7,1,0,false
c:\Users\arthur.menezes_evolu\Desktop\Pes\PhotoView\photoview\src\main\java\com\github\chrisbanes\photoview\PhotoViewAttacher.java,com.github.chrisbanes.photoview.PhotoViewAttacher,setOnOutsidePhotoTapListener/1[com.github.chrisbanes.photoview.OnOutsidePhotoTapListener],false,435,1,1,1,0,1,0,3,0,0,1,0,0,0,0,0,0,0,0,0,1,0,0,0,0,0,7,1,0,false
c:\Users\arthur.menezes_evolu\Desktop\Pes\PhotoView\photoview\src\main\java\com\github\chrisbanes\photoview\PhotoViewAttacher.java,com.github.chrisbanes.photoview.PhotoViewAttacher,getMediumScale/0,false,312,0,2,2,0,1,0,3,1,0,0,0,0,0,0,0,0,0,0,0,0,0,0,0,0,0,5,1,0,false
c:\Users\arthur.menezes_evolu\Desktop\Pes\PhotoView\photoview\src\main\java\com\github\chrisbanes\photoview\PhotoViewAttacher.java,com.github.chrisbanes.photoview.PhotoViewAttacher,setRotationTo/1[float],false,298,1,2,1,1,1,2,4,0,0,1,2,1,4,0,0,0,0,0,1,0,1,0,0,0,0,8,1,0,false
c:\Users\arthur.menezes_evolu\Desktop\Pes\PhotoView\photoview\src\main\java\com\github\chrisbanes\photoview\PhotoViewAttacher.java,com.github.chrisbanes.photoview.PhotoViewAttacher,setZoomInterpolator/1[com.github.chrisbanes.photoview.Interpolator],false,478,1,0,0,0,1,0,3,0,0,1,0,0,0,0,0,0,0,0,0,1,0,0,0,0,0,8,1,0,true
c:\Users\arthur.menezes_evolu\Desktop\Pes\PhotoView\photoview\src\main\java\com\github\chrisbanes\photoview\PhotoViewAttacher.java,com.github.chrisbanes.photoview.PhotoViewAttacher,setOnClickListener/1[View.OnClickListener],false,423,1,1,1,0,1,0,3,0,0,1,0,0,0,0,0,0,0,0,0,1,0,0,0,0,0,6,1,0,false
c:\Users\arthur.menezes_evolu\Desktop\Pes\PhotoView\photoview\src\main\java\com\github\chrisbanes\photoview\PhotoViewAttacher.java,com.github.chrisbanes.photoview.PhotoViewAttacher,isZoomable/0,false,489,0,1,1,0,1,0,3,1,0,0,0,0,0,0,0,0,0,0,0,0,0,0,0,0,0,5,1,0,false
c:\Users\arthur.menezes_evolu\Desktop\Pes\PhotoView\photoview\src\main\java\com\github\chrisbanes\photoview\PhotoViewAttacher.java,com.github.chrisbanes.photoview.PhotoViewAttacher,setZoomTransitionDuration/1[int],false,534,0,1,1,0,1,0,3,0,0,1,0,0,0,0,0,0,0,0,0,1,0,0,0,0,0,5,1,0,false
c:\Users\arthur.menezes_evolu\Desktop\Pes\PhotoView\photoview\src\main\java\com\github\chrisbanes\photoview\PhotoViewAttacher.java,com.github.chrisbanes.photoview.PhotoViewAttacher,checkMatrixBounds/0,false,655,2,7,3,4,12,7,62,2,7,0,7,4,1,0,1,0,2,0,6,25,10,2,0,0,0,47,2,0,false
c:\Users\arthur.menezes_evolu\Desktop\Pes\PhotoView\photoview\src\main\java\com\github\chrisbanes\photoview\PhotoViewAttacher.java,com.github.chrisbanes.photoview.PhotoViewAttacher,"onLayoutChange/9[com.github.chrisbanes.photoview.View,int,int,int,int,int,int,int,int]",false,331,2,1,0,1,5,2,5,0,0,9,2,1,7,0,4,0,0,0,0,0,0,1,0,0,0,16,1,0,false
c:\Users\arthur.menezes_evolu\Desktop\Pes\PhotoView\sample\src\main\java\com\github\chrisbanes\photoview\sample\RotationSampleActivity.java,com.github.chrisbanes.photoview.sample.RotationSampleActivity$Anonymous2,run/0,false,90,2,2,0,2,1,2,4,0,0,0,2,0,0,0,0,0,0,0,1,0,0,0,0,0,0,3,1,0,false
c:\Users\arthur.menezes_evolu\Desktop\Pes\PhotoView\sample\src\main\java\com\github\chrisbanes\photoview\sample\RotationSampleActivity.java,com.github.chrisbanes.photoview.sample.RotationSampleActivity,onCreate/1[com.github.chrisbanes.photoview.sample.Bundle],false,34,3,1,0,1,1,6,37,0,1,1,6,0,0,0,0,0,0,0,0,2,0,0,1,0,0,23,1,0,false
c:\Users\arthur.menezes_evolu\Desktop\Pes\PhotoView\sample\src\main\java\com\github\chrisbanes\photoview\sample\RotationSampleActivity.java,com.github.chrisbanes.photoview.sample.RotationSampleActivity,onPause/0,false,73,0,0,0,0,1,2,4,0,0,0,2,0,0,0,0,0,0,0,0,0,0,0,0,0,0,3,4,0,false
c:\Users\arthur.menezes_evolu\Desktop\Pes\PhotoView\sample\src\main\java\com\github\chrisbanes\photoview\sample\RotationSampleActivity.java,com.github.chrisbanes.photoview.sample.RotationSampleActivity,toggleRotation/0,false,78,1,2,1,1,2,2,9,0,0,0,2,1,1,0,0,0,0,0,0,1,0,1,0,0,0,6,2,0,false
c:\Users\arthur.menezes_evolu\Desktop\Pes\PhotoView\sample\src\main\java\com\github\chrisbanes\photoview\sample\RotationSampleActivity.java,com.github.chrisbanes.photoview.sample.RotationSampleActivity,rotateLoop/0,false,87,0,3,2,1,1,1,9,0,0,0,1,0,0,0,0,0,0,0,1,0,0,0,1,0,0,4,2,0,false
c:\Users\arthur.menezes_evolu\Desktop\Pes\PhotoView\sample\src\main\java\com\github\chrisbanes\photoview\sample\RotationSampleActivity.java,com.github.chrisbanes.photoview.sample.RotationSampleActivity$Anonymous1,onMenuItemClick/1[com.github.chrisbanes.photoview.sample.MenuItem],false,41,3,12,0,12,8,4,26,8,0,1,4,0,0,0,0,0,0,0,6,0,0,1,0,0,0,9,1,0,false
c:\Users\arthur.menezes_evolu\Desktop\Pes\PhotoView\photoview\src\main\java\com\github\chrisbanes\photoview\OnScaleChangedListener.java,com.github.chrisbanes.photoview.OnScaleChangedListener,"onScaleChange/3[float,float,float]",false,9,0,1,1,0,1,0,1,0,0,3,0,0,0,0,0,0,0,0,0,0,0,0,0,0,0,21,0,0,true
c:\Users\arthur.menezes_evolu\Desktop\Pes\PhotoView\photoview\src\main\java\com\github\chrisbanes\photoview\PhotoView.java,com.github.chrisbanes.photoview.PhotoView,getAttacher/0,false,70,1,0,0,0,1,0,3,1,0,0,0,0,0,0,0,0,0,0,0,0,0,0,0,0,0,27,1,0,true
c:\Users\arthur.menezes_evolu\Desktop\Pes\PhotoView\photoview\src\main\java\com\github\chrisbanes\photoview\PhotoView.java,com.github.chrisbanes.photoview.PhotoView,"setScaleLevels/3[float,float,float]",false,205,1,1,0,1,1,1,3,0,0,3,1,0,0,0,0,0,0,0,0,0,0,0,0,0,0,4,1,0,false
c:\Users\arthur.menezes_evolu\Desktop\Pes\PhotoView\photoview\src\main\java\com\github\chrisbanes\photoview\PhotoView.java,com.github.chrisbanes.photoview.PhotoView,setOnClickListener/1[com.github.chrisbanes.photoview.OnClickListener],false,90,2,1,0,1,1,1,3,0,0,1,1,0,0,0,0,0,0,0,0,0,0,0,0,0,0,5,1,0,false
c:\Users\arthur.menezes_evolu\Desktop\Pes\PhotoView\photoview\src\main\java\com\github\chrisbanes\photoview\PhotoView.java,com.github.chrisbanes.photoview.PhotoView,init/0,false,51,2,3,1,2,2,2,8,0,0,0,2,1,1,0,1,0,0,0,0,2,0,1,0,0,0,10,2,0,false
c:\Users\arthur.menezes_evolu\Desktop\Pes\PhotoView\photoview\src\main\java\com\github\chrisbanes\photoview\PhotoView.java,com.github.chrisbanes.photoview.PhotoView,setOnViewTapListener/1[com.github.chrisbanes.photoview.OnViewTapListener],false,221,2,1,0,1,1,1,3,0,0,1,1,0,0,0,0,0,0,0,0,0,0,0,0,0,0,6,1,0,false
c:\Users\arthur.menezes_evolu\Desktop\Pes\PhotoView\photoview\src\main\java\com\github\chrisbanes\photoview\PhotoView.java,com.github.chrisbanes.photoview.PhotoView,getScaleType/0,false,75,2,1,0,1,1,1,3,1,0,0,1,0,0,0,0,0,0,0,0,0,0,0,0,0,0,3,1,0,false
c:\Users\arthur.menezes_evolu\Desktop\Pes\PhotoView\photoview\src\main\java\com\github\chrisbanes\photoview\PhotoView.java,com.github.chrisbanes.photoview.PhotoView,getDisplayMatrix/1[com.github.chrisbanes.photoview.Matrix],false,157,2,2,1,1,1,1,3,0,0,1,1,0,0,0,0,0,0,0,0,0,0,0,0,0,0,4,1,0,false
c:\Users\arthur.menezes_evolu\Desktop\Pes\PhotoView\photoview\src\main\java\com\github\chrisbanes\photoview\PhotoView.java,com.github.chrisbanes.photoview.PhotoView,setOnPhotoTapListener/1[com.github.chrisbanes.photoview.OnPhotoTapListener],false,213,2,3,2,1,1,1,3,0,0,1,1,0,0,0,0,0,0,0,0,0,0,0,0,0,0,6,1,0,false
c:\Users\arthur.menezes_evolu\Desktop\Pes\PhotoView\photoview\src\main\java\com\github\chrisbanes\photoview\PhotoView.java,com.github.chrisbanes.photoview.PhotoView,setDisplayMatrix/1[com.github.chrisbanes.photoview.Matrix],false,161,2,2,1,1,1,1,3,1,0,1,1,0,0,0,0,0,0,1,0,0,0,0,0,0,0,5,1,0,false
c:\Users\arthur.menezes_evolu\Desktop\Pes\PhotoView\photoview\src\main\java\com\github\chrisbanes\photoview\PhotoView.java,com.github.chrisbanes.photoview.PhotoView,PhotoView/1[com.github.chrisbanes.photoview.Context],true,38,1,1,1,0,1,0,3,0,0,1,0,0,0,0,0,0,0,0,0,0,0,0,0,0,0,4,1,0,false
c:\Users\arthur.menezes_evolu\Desktop\Pes\PhotoView\photoview\src\main\java\com\github\chrisbanes\photoview\PhotoView.java,com.github.chrisbanes.photoview.PhotoView,setRotationTo/1[float],false,137,1,2,1,1,1,1,3,0,0,1,1,0,0,0,0,0,0,0,0,0,0,0,0,0,0,5,1,0,false
c:\Users\arthur.menezes_evolu\Desktop\Pes\PhotoView\photoview\src\main\java\com\github\chrisbanes\photoview\PhotoView.java,com.github.chrisbanes.photoview.PhotoView,getMaximumScale/0,false,181,1,2,1,1,1,1,3,1,0,0,1,0,0,0,0,0,0,0,0,0,0,0,0,0,0,3,1,0,false
c:\Users\arthur.menezes_evolu\Desktop\Pes\PhotoView\photoview\src\main\java\com\github\chrisbanes\photoview\PhotoView.java,com.github.chrisbanes.photoview.PhotoView,setImageResource/1[int],false,113,1,3,2,1,2,2,6,0,0,1,2,0,0,0,1,0,0,0,0,0,0,1,0,0,0,7,1,0,false
c:\Users\arthur.menezes_evolu\Desktop\Pes\PhotoView\photoview\src\main\java\com\github\chrisbanes\photoview\PhotoView.java,com.github.chrisbanes.photoview.PhotoView,isZoomable/0,false,145,1,2,1,1,1,1,3,1,0,0,1,0,0,0,0,0,0,0,0,0,0,0,0,0,0,2,1,0,false
c:\Users\arthur.menezes_evolu\Desktop\Pes\PhotoView\photoview\src\main\java\com\github\chrisbanes\photoview\PhotoView.java,com.github.chrisbanes.photoview.PhotoView,getScale/0,false,185,1,1,0,1,1,1,3,1,0,0,1,0,0,0,0,0,0,0,0,0,0,0,0,0,0,2,1,0,false
c:\Users\arthur.menezes_evolu\Desktop\Pes\PhotoView\photoview\src\main\java\com\github\chrisbanes\photoview\PhotoView.java,com.github.chrisbanes.photoview.PhotoView,setOnOutsidePhotoTapListener/1[com.github.chrisbanes.photoview.OnOutsidePhotoTapListener],false,217,2,1,0,1,1,1,3,0,0,1,1,0,0,0,0,0,0,0,0,0,0,0,0,0,0,7,1,0,false
c:\Users\arthur.menezes_evolu\Desktop\Pes\PhotoView\photoview\src\main\java\com\github\chrisbanes\photoview\PhotoView.java,com.github.chrisbanes.photoview.PhotoView,setMinimumScale/1[float],false,193,1,1,0,1,1,1,3,0,0,1,1,0,0,0,0,0,0,0,0,0,0,0,0,0,0,4,1,0,false
c:\Users\arthur.menezes_evolu\Desktop\Pes\PhotoView\photoview\src\main\java\com\github\chrisbanes\photoview\PhotoView.java,com.github.chrisbanes.photoview.PhotoView,setOnSingleFlingListener/1[com.github.chrisbanes.photoview.OnSingleFlingListener],false,253,2,2,1,1,1,1,3,0,0,1,1,0,0,0,0,0,0,0,0,0,0,0,0,0,0,6,1,0,false
c:\Users\arthur.menezes_evolu\Desktop\Pes\PhotoView\photoview\src\main\java\com\github\chrisbanes\photoview\PhotoView.java,com.github.chrisbanes.photoview.PhotoView,setMediumScale/1[float],false,197,1,1,0,1,1,1,3,0,0,1,1,0,0,0,0,0,0,0,0,0,0,0,0,0,0,4,1,0,false
c:\Users\arthur.menezes_evolu\Desktop\Pes\PhotoView\photoview\src\main\java\com\github\chrisbanes\photoview\PhotoView.java,com.github.chrisbanes.photoview.PhotoView,setOnViewDragListener/1[com.github.chrisbanes.photoview.OnViewDragListener],false,225,2,1,0,1,1,1,3,0,0,1,1,0,0,0,0,0,0,0,0,0,0,0,0,0,0,6,1,0,false
c:\Users\arthur.menezes_evolu\Desktop\Pes\PhotoView\photoview\src\main\java\com\github\chrisbanes\photoview\PhotoView.java,com.github.chrisbanes.photoview.PhotoView,setZoomTransitionDuration/1[int],false,241,1,1,0,1,1,1,3,0,0,1,1,0,0,0,0,0,0,0,0,0,0,0,0,0,0,5,1,0,false
c:\Users\arthur.menezes_evolu\Desktop\Pes\PhotoView\photoview\src\main\java\com\github\chrisbanes\photoview\PhotoView.java,com.github.chrisbanes.photoview.PhotoView,setMaximumScale/1[float],false,201,1,1,0,1,1,1,3,0,0,1,1,0,0,0,0,0,0,0,0,0,0,0,0,0,0,4,1,0,false
c:\Users\arthur.menezes_evolu\Desktop\Pes\PhotoView\photoview\src\main\java\com\github\chrisbanes\photoview\PhotoView.java,com.github.chrisbanes.photoview.PhotoView,getImageMatrix/0,false,80,2,1,0,1,1,1,3,1,0,0,1,0,0,0,0,0,0,0,0,0,0,0,0,0,0,3,1,0,false
c:\Users\arthur.menezes_evolu\Desktop\Pes\PhotoView\photoview\src\main\java\com\github\chrisbanes\photoview\PhotoView.java,com.github.chrisbanes.photoview.PhotoView,"setFrame/4[int,int,int,int]",false,129,1,1,0,1,2,2,7,1,1,4,2,0,0,0,0,0,0,0,0,1,0,1,0,0,0,4,4,0,false
c:\Users\arthur.menezes_evolu\Desktop\Pes\PhotoView\photoview\src\main\java\com\github\chrisbanes\photoview\PhotoView.java,com.github.chrisbanes.photoview.PhotoView,setScale/1[float],false,229,1,1,0,1,1,1,3,0,0,1,1,0,0,0,0,0,0,0,0,0,0,0,0,0,0,3,1,0,false
c:\Users\arthur.menezes_evolu\Desktop\Pes\PhotoView\photoview\src\main\java\com\github\chrisbanes\photoview\PhotoView.java,com.github.chrisbanes.photoview.PhotoView,getDisplayRect/0,false,153,2,1,0,1,1,1,3,1,0,0,1,0,0,0,0,0,0,0,0,0,0,0,0,0,0,4,1,0,false
c:\Users\arthur.menezes_evolu\Desktop\Pes\PhotoView\photoview\src\main\java\com\github\chrisbanes\photoview\PhotoView.java,com.github.chrisbanes.photoview.PhotoView,setImageDrawable/1[com.github.chrisbanes.photoview.Drawable],false,104,2,2,1,1,2,2,6,0,0,1,2,0,0,0,1,0,0,0,0,0,0,1,0,0,0,6,1,0,false
c:\Users\arthur.menezes_evolu\Desktop\Pes\PhotoView\photoview\src\main\java\com\github\chrisbanes\photoview\PhotoView.java,com.github.chrisbanes.photoview.PhotoView,setRotationBy/1[float],false,141,1,3,2,1,1,1,3,0,0,1,1,0,0,0,0,0,0,0,0,0,0,0,0,0,0,5,1,0,false
c:\Users\arthur.menezes_evolu\Desktop\Pes\PhotoView\photoview\src\main\java\com\github\chrisbanes\photoview\PhotoView.java,com.github.chrisbanes.photoview.PhotoView,setAllowParentInterceptOnEdge/1[boolean],false,189,1,1,0,1,1,1,3,0,0,1,1,0,0,0,0,0,0,0,0,0,0,0,0,0,0,7,1,0,false
c:\Users\arthur.menezes_evolu\Desktop\Pes\PhotoView\photoview\src\main\java\com\github\chrisbanes\photoview\PhotoView.java,com.github.chrisbanes.photoview.PhotoView,setScaleType/1[com.github.chrisbanes.photoview.ScaleType],false,95,2,3,2,1,2,1,8,0,0,1,1,0,0,0,1,0,0,0,0,1,0,1,0,0,0,7,1,0,false
c:\Users\arthur.menezes_evolu\Desktop\Pes\PhotoView\photoview\src\main\java\com\github\chrisbanes\photoview\PhotoView.java,com.github.chrisbanes.photoview.PhotoView,getSuppMatrix/1[com.github.chrisbanes.photoview.Matrix],false,165,2,1,0,1,1,1,3,0,0,1,1,0,0,0,0,0,0,0,0,0,0,0,0,0,0,4,1,0,false
c:\Users\arthur.menezes_evolu\Desktop\Pes\PhotoView\photoview\src\main\java\com\github\chrisbanes\photoview\PhotoView.java,com.github.chrisbanes.photoview.PhotoView,setOnDoubleTapListener/1[GestureDetector.OnDoubleTapListener],false,245,2,1,0,1,1,1,3,0,0,1,1,0,0,0,0,0,0,0,0,0,0,0,0,0,0,6,1,0,false
c:\Users\arthur.menezes_evolu\Desktop\Pes\PhotoView\photoview\src\main\java\com\github\chrisbanes\photoview\PhotoView.java,com.github.chrisbanes.photoview.PhotoView,"PhotoView/3[com.github.chrisbanes.photoview.Context,com.github.chrisbanes.photoview.AttributeSet,int]",true,46,3,1,0,1,1,1,4,0,0,3,1,1,2,0,0,0,0,0,0,0,0,0,0,0,0,6,1,0,false
c:\Users\arthur.menezes_evolu\Desktop\Pes\PhotoView\photoview\src\main\java\com\github\chrisbanes\photoview\PhotoView.java,com.github.chrisbanes.photoview.PhotoView,getMinimumScale/0,false,173,1,2,1,1,1,1,3,1,0,0,1,0,0,0,0,0,0,0,0,0,0,0,0,0,0,3,1,0,false
c:\Users\arthur.menezes_evolu\Desktop\Pes\PhotoView\photoview\src\main\java\com\github\chrisbanes\photoview\PhotoView.java,com.github.chrisbanes.photoview.PhotoView,setSuppMatrix/1[com.github.chrisbanes.photoview.Matrix],false,169,2,1,0,1,1,1,3,1,0,1,1,0,0,0,0,0,0,0,0,0,0,0,0,0,0,4,1,0,false
c:\Users\arthur.menezes_evolu\Desktop\Pes\PhotoView\photoview\src\main\java\com\github\chrisbanes\photoview\PhotoView.java,com.github.chrisbanes.photoview.PhotoView,setOnLongClickListener/1[com.github.chrisbanes.photoview.OnLongClickListener],false,85,2,1,0,1,1,1,3,0,0,1,1,0,0,0,0,0,0,0,0,0,0,0,0,0,0,6,1,0,false
c:\Users\arthur.menezes_evolu\Desktop\Pes\PhotoView\photoview\src\main\java\com\github\chrisbanes\photoview\PhotoView.java,com.github.chrisbanes.photoview.PhotoView,"setScale/2[float,boolean]",false,233,1,2,1,1,1,1,3,0,0,2,1,0,0,0,0,0,0,0,0,0,0,0,0,0,0,3,1,0,false
c:\Users\arthur.menezes_evolu\Desktop\Pes\PhotoView\photoview\src\main\java\com\github\chrisbanes\photoview\PhotoView.java,com.github.chrisbanes.photoview.PhotoView,setOnScaleChangeListener/1[com.github.chrisbanes.photoview.OnScaleChangedListener],false,249,2,1,0,1,1,1,3,0,0,1,1,0,0,0,0,0,0,0,0,0,0,0,0,0,0,7,1,0,false
c:\Users\arthur.menezes_evolu\Desktop\Pes\PhotoView\photoview\src\main\java\com\github\chrisbanes\photoview\PhotoView.java,com.github.chrisbanes.photoview.PhotoView,"PhotoView/2[com.github.chrisbanes.photoview.Context,com.github.chrisbanes.photoview.AttributeSet]",true,42,2,0,0,0,1,0,3,0,0,2,0,0,0,0,0,0,0,0,1,0,0,0,0,0,0,4,1,0,false
c:\Users\arthur.menezes_evolu\Desktop\Pes\PhotoView\photoview\src\main\java\com\github\chrisbanes\photoview\PhotoView.java,com.github.chrisbanes.photoview.PhotoView,setImageURI/1[com.github.chrisbanes.photoview.Uri],false,121,2,1,0,1,2,2,6,0,0,1,2,0,0,0,1,0,0,0,0,0,0,1,0,0,0,9,1,0,false
c:\Users\arthur.menezes_evolu\Desktop\Pes\PhotoView\photoview\src\main\java\com\github\chrisbanes\photoview\PhotoView.java,com.github.chrisbanes.photoview.PhotoView,setOnMatrixChangeListener/1[com.github.chrisbanes.photoview.OnMatrixChangedListener],false,209,2,2,1,1,1,1,3,0,0,1,1,0,0,0,0,0,0,0,0,0,0,0,0,0,0,7,1,0,false
c:\Users\arthur.menezes_evolu\Desktop\Pes\PhotoView\photoview\src\main\java\com\github\chrisbanes\photoview\PhotoView.java,com.github.chrisbanes.photoview.PhotoView,setZoomable/1[boolean],false,149,1,2,1,1,1,1,3,0,0,1,1,0,0,0,0,0,0,0,0,0,0,0,0,0,0,3,1,0,false
c:\Users\arthur.menezes_evolu\Desktop\Pes\PhotoView\photoview\src\main\java\com\github\chrisbanes\photoview\PhotoView.java,com.github.chrisbanes.photoview.PhotoView,getMediumScale/0,false,177,1,1,0,1,1,1,3,1,0,0,1,0,0,0,0,0,0,0,0,0,0,0,0,0,0,3,1,0,false
c:\Users\arthur.menezes_evolu\Desktop\Pes\PhotoView\photoview\src\main\java\com\github\chrisbanes\photoview\PhotoView.java,com.github.chrisbanes.photoview.PhotoView,"setScale/4[float,float,float,boolean]",false,237,1,1,0,1,1,1,3,0,0,4,1,0,0,0,0,0,0,0,0,0,0,0,0,0,0,3,1,0,false
c:\Users\arthur.menezes_evolu\Desktop\Pes\PhotoView\sample\src\main\java\com\github\chrisbanes\photoview\sample\ActivityTransitionActivity.java,com.github.chrisbanes.photoview.sample.ActivityTransitionActivity,onCreate/1[com.github.chrisbanes.photoview.sample.Bundle],false,32,5,2,0,2,1,5,13,0,2,1,5,0,0,0,0,0,0,0,1,2,0,0,1,0,0,23,1,0,false
c:\Users\arthur.menezes_evolu\Desktop\Pes\PhotoView\sample\src\main\java\com\github\chrisbanes\photoview\sample\ActivityTransitionActivity.java,com.github.chrisbanes.photoview.sample.ActivityTransitionActivity,transition/1[com.github.chrisbanes.photoview.sample.View],false,47,4,1,1,0,2,6,10,0,2,1,6,0,0,0,0,0,0,1,1,2,0,1,0,0,0,11,2,0,false
c:\Users\arthur.menezes_evolu\Desktop\Pes\PhotoView\photoview\src\main\java\com\github\chrisbanes\photoview\OnMatrixChangedListener.java,com.github.chrisbanes.photoview.OnMatrixChangedListener,onMatrixChanged/1[com.github.chrisbanes.photoview.RectF],false,11,1,1,1,0,1,0,1,0,0,1,0,0,0,0,0,0,0,0,0,0,0,0,0,0,0,21,0,0,true
c:\Users\arthur.menezes_evolu\Desktop\Pes\PhotoView\photoview\src\main\java\com\github\chrisbanes\photoview\OnViewTapListener.java,com.github.chrisbanes.photoview.OnViewTapListener,"onViewTap/3[com.github.chrisbanes.photoview.View,float,float]",false,7,1,1,1,0,1,0,1,0,0,3,0,0,0,0,0,0,0,0,0,0,0,0,0,0,0,26,0,0,true
c:\Users\arthur.menezes_evolu\Desktop\Pes\PhotoView\sample\src\main\java\com\github\chrisbanes\photoview\sample\HackyViewPager.java,com.github.chrisbanes.photoview.sample.HackyViewPager,onInterceptTouchEvent/1[com.github.chrisbanes.photoview.sample.MotionEvent],false,33,1,0,0,0,2,1,8,2,0,1,1,0,0,0,0,1,0,0,0,0,0,1,0,0,0,11,1,0,false
c:\Users\arthur.menezes_evolu\Desktop\Pes\PhotoView\sample\src\main\java\com\github\chrisbanes\photoview\sample\HackyViewPager.java,com.github.chrisbanes.photoview.sample.HackyViewPager,"HackyViewPager/2[com.github.chrisbanes.photoview.sample.Context,com.github.chrisbanes.photoview.sample.AttributeSet]",true,28,2,0,0,0,1,0,3,0,0,2,0,0,0,0,0,0,0,0,0,0,0,0,0,0,0,5,1,0,false
c:\Users\arthur.menezes_evolu\Desktop\Pes\PhotoView\sample\src\main\java\com\github\chrisbanes\photoview\sample\HackyViewPager.java,com.github.chrisbanes.photoview.sample.HackyViewPager,HackyViewPager/1[com.github.chrisbanes.photoview.sample.Context],true,24,1,0,0,0,1,0,3,0,0,1,0,0,0,0,0,0,0,0,0,0,0,0,0,0,0,5,1,0,false
c:\Users\arthur.menezes_evolu\Desktop\Pes\PhotoView\sample\src\main\java\com\github\chrisbanes\photoview\sample\ImageAdapter.java,com.github.chrisbanes.photoview.sample.ImageAdapter$Anonymous1,onClick/1[com.github.chrisbanes.photoview.sample.View],false,24,2,1,0,1,1,1,3,0,0,1,1,0,0,0,0,0,0,0,0,0,0,0,0,0,0,4,1,0,false
c:\Users\arthur.menezes_evolu\Desktop\Pes\PhotoView\sample\src\main\java\com\github\chrisbanes\photoview\sample\SimpleSampleActivity.java,com.github.chrisbanes.photoview.sample.SimpleSampleActivity,onCreate/1[com.github.chrisbanes.photoview.sample.Bundle],false,55,8,7,0,7,1,13,71,0,2,1,13,0,0,0,0,0,0,1,0,4,0,0,2,0,0,51,1,0,false
c:\Users\arthur.menezes_evolu\Desktop\Pes\PhotoView\sample\src\main\java\com\github\chrisbanes\photoview\sample\SimpleSampleActivity.java,com.github.chrisbanes.photoview.sample.SimpleSampleActivity,showToast/1[java.lang.CharSequence],false,155,0,2,2,0,2,3,7,0,0,1,3,0,0,0,1,0,0,0,0,1,0,1,0,0,0,8,2,0,false
c:\Users\arthur.menezes_evolu\Desktop\Pes\PhotoView\sample\src\main\java\com\github\chrisbanes\photoview\sample\ViewPagerActivity.java,com.github.chrisbanes.photoview.sample.ViewPagerActivity,onCreate/1[com.github.chrisbanes.photoview.sample.Bundle],false,33,3,1,0,1,1,4,6,0,1,1,4,0,0,0,0,0,0,0,0,1,0,0,0,0,0,16,1,0,false
c:\Users\arthur.menezes_evolu\Desktop\Pes\PhotoView\sample\src\main\java\com\github\chrisbanes\photoview\sample\ActivityTransitionActivity.java,com.github.chrisbanes.photoview.sample.ActivityTransitionActivity$Anonymous1,onImageClicked/1[com.github.chrisbanes.photoview.sample.View],false,40,2,1,0,1,1,1,3,0,0,1,1,0,0,0,0,0,0,0,0,0,0,0,0,0,0,6,1,0,false
c:\Users\arthur.menezes_evolu\Desktop\Pes\PhotoView\sample\src\main\java\com\github\chrisbanes\photoview\sample\PicassoSampleActivity.java,com.github.chrisbanes.photoview.sample.PicassoSampleActivity,onCreate/1[com.github.chrisbanes.photoview.sample.Bundle],false,13,2,0,0,0,1,6,6,0,1,1,6,0,0,0,0,0,0,1,0,1,0,0,0,0,0,21,4,0,false
c:\Users\arthur.menezes_evolu\Desktop\Pes\PhotoView\photoview\src\main\java\com\github\chrisbanes\photoview\PhotoViewAttacher.java,com.github.chrisbanes.photoview.PhotoViewAttacher$Anonymous3,onDoubleTap/1[com.github.chrisbanes.photoview.MotionEvent],false,231,2,5,0,5,5,7,19,1,3,1,7,0,0,0,0,1,0,0,0,3,0,2,0,0,0,23,1,0,false
c:\Users\arthur.menezes_evolu\Desktop\Pes\PhotoView\photoview\src\main\java\com\github\chrisbanes\photoview\PhotoViewAttacher.java,com.github.chrisbanes.photoview.PhotoViewAttacher$Anonymous3,onSingleTapConfirmed/1[com.github.chrisbanes.photoview.MotionEvent],false,201,6,4,0,4,7,10,26,2,5,1,10,0,0,0,5,0,2,0,0,5,4,3,0,0,0,26,1,0,false
c:\Users\arthur.menezes_evolu\Desktop\Pes\PhotoView\photoview\src\main\java\com\github\chrisbanes\photoview\PhotoViewAttacher.java,com.github.chrisbanes.photoview.PhotoViewAttacher$Anonymous3,onDoubleTapEvent/1[com.github.chrisbanes.photoview.MotionEvent],false,250,1,0,0,0,1,0,3,1,0,1,0,0,0,0,0,0,0,0,0,0,0,0,0,0,0,7,1,0,false
c:\Users\arthur.menezes_evolu\Desktop\Pes\PhotoView\photoview\src\main\java\com\github\chrisbanes\photoview\OnPhotoTapListener.java,com.github.chrisbanes.photoview.OnPhotoTapListener,"onPhotoTap/3[com.github.chrisbanes.photoview.ImageView,float,float]",false,11,1,1,1,0,1,0,1,0,0,3,0,0,0,0,0,0,0,0,0,0,0,0,0,0,0,30,0,0,true
c:\Users\arthur.menezes_evolu\Desktop\Pes\PhotoView\photoview\src\main\java\com\github\chrisbanes\photoview\PhotoViewAttacher.java,com.github.chrisbanes.photoview.PhotoViewAttacher$Anonymous2,"onFling/4[com.github.chrisbanes.photoview.MotionEvent,com.github.chrisbanes.photoview.MotionEvent,float,float]",false,185,3,2,0,2,5,3,12,4,0,4,3,0,0,0,1,0,0,0,0,0,0,2,0,0,0,29,1,0,false
c:\Users\arthur.menezes_evolu\Desktop\Pes\PhotoView\photoview\src\main\java\com\github\chrisbanes\photoview\PhotoViewAttacher.java,com.github.chrisbanes.photoview.PhotoViewAttacher$Anonymous2,onLongPress/1[com.github.chrisbanes.photoview.MotionEvent],false,177,1,0,0,0,2,1,5,0,0,1,1,0,0,0,1,0,0,0,0,0,0,1,0,0,0,12,1,0,false
c:\Users\arthur.menezes_evolu\Desktop\Pes\PhotoView\sample\src\main\java\com\github\chrisbanes\photoview\sample\ActivityTransitionToActivity.java,com.github.chrisbanes.photoview.sample.ActivityTransitionToActivity,onCreate/1[com.github.chrisbanes.photoview.sample.Bundle],false,14,2,0,0,0,1,2,4,0,0,1,2,0,0,0,0,0,0,0,0,0,0,0,0,0,0,9,4,0,false
c:\Users\arthur.menezes_evolu\Desktop\Pes\PhotoView\photoview\src\main\java\com\github\chrisbanes\photoview\PhotoViewAttacher.java,com.github.chrisbanes.photoview.PhotoViewAttacher$Anonymous1,"onScale/5[float,float,float,float,float]",false,151,2,4,1,3,4,5,10,0,0,5,5,0,0,0,1,0,0,0,1,0,0,2,0,0,0,16,1,0,false
c:\Users\arthur.menezes_evolu\Desktop\Pes\PhotoView\photoview\src\main\java\com\github\chrisbanes\photoview\PhotoViewAttacher.java,com.github.chrisbanes.photoview.PhotoViewAttacher$Anonymous1,"onFling/4[float,float,float,float]",false,138,2,4,0,4,1,5,5,0,0,4,5,0,0,0,0,0,0,0,0,1,0,0,0,0,0,11,1,0,false
c:\Users\arthur.menezes_evolu\Desktop\Pes\PhotoView\photoview\src\main\java\com\github\chrisbanes\photoview\PhotoViewAttacher.java,com.github.chrisbanes.photoview.PhotoViewAttacher$Anonymous1,"onDrag/2[float,float]",false,100,4,3,0,3,17,6,23,1,1,2,6,0,0,0,8,0,4,0,4,1,0,3,0,0,0,44,1,0,false
c:\Users\arthur.menezes_evolu\Desktop\Pes\PhotoView\photoview\src\main\java\com\github\chrisbanes\photoview\PhotoViewAttacher.java,com.github.chrisbanes.photoview.PhotoViewAttacher$Anonymous1,"onScale/3[float,float,float]",false,146,1,1,0,1,1,1,3,0,0,3,1,1,1,0,0,0,0,0,2,0,0,0,0,0,0,4,1,0,false
c:\Users\arthur.menezes_evolu\Desktop\Pes\PhotoView\photoview\src\main\java\com\github\chrisbanes\photoview\CustomGestureDetector.java,com.github.chrisbanes.photoview.CustomGestureDetector$Anonymous1,onScaleEnd/1[com.github.chrisbanes.photoview.ScaleGestureDetector],false,81,1,0,0,0,1,0,2,0,0,1,0,0,0,0,0,0,0,0,0,0,0,0,0,0,0,6,1,0,false
c:\Users\arthur.menezes_evolu\Desktop\Pes\PhotoView\photoview\src\main\java\com\github\chrisbanes\photoview\CustomGestureDetector.java,com.github.chrisbanes.photoview.CustomGestureDetector$Anonymous1,onScale/1[com.github.chrisbanes.photoview.ScaleGestureDetector],false,54,2,1,0,1,4,6,10,2,1,1,6,0,0,0,0,0,0,0,1,3,2,1,0,0,0,13,1,0,false
c:\Users\arthur.menezes_evolu\Desktop\Pes\PhotoView\photoview\src\main\java\com\github\chrisbanes\photoview\CustomGestureDetector.java,com.github.chrisbanes.photoview.CustomGestureDetector$Anonymous1,onScaleBegin/1[com.github.chrisbanes.photoview.ScaleGestureDetector],false,74,1,0,0,0,1,2,5,1,0,1,2,0,0,0,0,0,0,0,0,2,0,0,0,0,0,11,1,0,false
c:\Users\arthur.menezes_evolu\Desktop\Pes\PhotoView\photoview\src\main\java\com\github\chrisbanes\photoview\PhotoViewAttacher.java,com.github.chrisbanes.photoview.PhotoViewAttacher$FlingRunnable,"fling/4[int,int,int,int]",false,777,2,2,1,1,6,5,28,1,7,4,5,0,0,0,3,0,0,0,4,13,2,1,0,0,0,18,1,0,false
c:\Users\arthur.menezes_evolu\Desktop\Pes\PhotoView\photoview\src\main\java\com\github\chrisbanes\photoview\PhotoViewAttacher.java,com.github.chrisbanes.photoview.PhotoViewAttacher$FlingRunnable,FlingRunnable/1[com.github.chrisbanes.photoview.Context],true,768,2,1,1,0,1,0,3,0,0,1,0,0,0,0,0,0,0,0,0,1,0,0,0,0,0,7,1,0,false
c:\Users\arthur.menezes_evolu\Desktop\Pes\PhotoView\photoview\src\main\java\com\github\chrisbanes\photoview\PhotoViewAttacher.java,com.github.chrisbanes.photoview.PhotoViewAttacher$FlingRunnable,cancelFling/0,false,772,0,1,1,0,1,1,3,0,0,0,1,0,0,0,0,0,0,0,0,0,0,0,0,0,0,3,1,0,false
c:\Users\arthur.menezes_evolu\Desktop\Pes\PhotoView\photoview\src\main\java\com\github\chrisbanes\photoview\PhotoViewAttacher.java,com.github.chrisbanes.photoview.PhotoViewAttacher$FlingRunnable,run/0,false,807,2,2,0,2,3,7,14,1,2,0,7,0,0,0,0,0,0,0,0,4,2,1,0,0,0,10,1,0,false
c:\Users\arthur.menezes_evolu\Desktop\Pes\PhotoView\photoview\src\main\java\com\github\chrisbanes\photoview\OnGestureListener.java,com.github.chrisbanes.photoview.OnGestureListener,"onScale/3[float,float,float]",false,25,0,1,1,0,1,0,1,0,0,3,0,0,0,0,0,0,0,0,0,0,0,0,0,0,0,4,0,0,false
c:\Users\arthur.menezes_evolu\Desktop\Pes\PhotoView\photoview\src\main\java\com\github\chrisbanes\photoview\OnGestureListener.java,com.github.chrisbanes.photoview.OnGestureListener,"onScale/5[float,float,float,float,float]",false,27,0,1,1,0,1,0,1,0,0,5,0,0,0,0,0,0,0,0,0,0,0,0,0,0,0,3,0,0,false
c:\Users\arthur.menezes_evolu\Desktop\Pes\PhotoView\photoview\src\main\java\com\github\chrisbanes\photoview\OnGestureListener.java,com.github.chrisbanes.photoview.OnGestureListener,"onFling/4[float,float,float,float]",false,22,0,1,1,0,1,0,1,0,0,4,0,0,0,0,0,0,0,0,0,0,0,0,0,0,0,4,0,0,false
c:\Users\arthur.menezes_evolu\Desktop\Pes\PhotoView\photoview\src\main\java\com\github\chrisbanes\photoview\OnGestureListener.java,com.github.chrisbanes.photoview.OnGestureListener,"onDrag/2[float,float]",false,20,0,1,1,0,1,0,1,0,0,2,0,0,0,0,0,0,0,0,0,0,0,0,0,0,0,3,0,0,false
c:\Users\arthur.menezes_evolu\Desktop\Pes\PhotoView\photoview\src\main\java\com\github\chrisbanes\photoview\OnSingleFlingListener.java,com.github.chrisbanes.photoview.OnSingleFlingListener,"onFling/4[com.github.chrisbanes.photoview.MotionEvent,com.github.chrisbanes.photoview.MotionEvent,float,float]",false,11,1,1,1,0,1,0,1,0,0,4,0,0,0,0,0,0,0,0,0,0,0,0,0,0,0,27,0,0,true
c:\Users\arthur.menezes_evolu\Desktop\Pes\PhotoView\sample\src\main\java\com\github\chrisbanes\photoview\sample\LauncherActivity.java,com.github.chrisbanes.photoview.sample.LauncherActivity$ItemViewHolder,ItemViewHolder/1[com.github.chrisbanes.photoview.sample.View],true,113,1,1,1,0,1,1,4,0,0,1,1,0,0,0,0,0,0,0,0,1,0,0,0,0,0,7,1,0,false
c:\Users\arthur.menezes_evolu\Desktop\Pes\PhotoView\sample\src\main\java\com\github\chrisbanes\photoview\sample\LauncherActivity.java,com.github.chrisbanes.photoview.sample.LauncherActivity$ItemViewHolder,newInstance/1[com.github.chrisbanes.photoview.sample.ViewGroup],false,105,3,2,1,1,1,3,4,1,1,1,3,0,0,0,0,0,0,0,0,1,0,0,0,0,0,8,9,0,false
c:\Users\arthur.menezes_evolu\Desktop\Pes\PhotoView\sample\src\main\java\com\github\chrisbanes\photoview\sample\LauncherActivity.java,com.github.chrisbanes.photoview.sample.LauncherActivity$ItemViewHolder,bind/1[java.lang.String],false,118,0,1,1,0,1,1,3,0,0,1,1,0,0,0,0,0,0,0,0,0,0,0,0,0,0,2,2,0,false
c:\Users\arthur.menezes_evolu\Desktop\Pes\PhotoView\sample\src\main\java\com\github\chrisbanes\photoview\sample\ViewPagerActivity.java,com.github.chrisbanes.photoview.sample.ViewPagerActivity$SamplePagerAdapter,"isViewFromObject/2[com.github.chrisbanes.photoview.sample.View,java.lang.Object]",false,65,1,0,0,0,2,0,3,1,0,2,0,0,0,0,1,0,0,0,0,0,0,0,0,0,0,6,1,0,false
c:\Users\arthur.menezes_evolu\Desktop\Pes\PhotoView\sample\src\main\java\com\github\chrisbanes\photoview\sample\ViewPagerActivity.java,com.github.chrisbanes.photoview.sample.ViewPagerActivity$SamplePagerAdapter,"instantiateItem/2[com.github.chrisbanes.photoview.sample.ViewGroup,int]",false,51,3,2,0,2,1,3,6,1,1,2,3,0,0,0,0,0,0,0,0,1,0,0,0,0,0,7,1,0,false
c:\Users\arthur.menezes_evolu\Desktop\Pes\PhotoView\sample\src\main\java\com\github\chrisbanes\photoview\sample\ViewPagerActivity.java,com.github.chrisbanes.photoview.sample.ViewPagerActivity$SamplePagerAdapter,"destroyItem/3[com.github.chrisbanes.photoview.sample.ViewGroup,int,java.lang.Object]",false,60,2,0,0,0,1,1,3,0,0,3,1,0,0,0,0,0,0,0,0,0,0,0,0,0,0,5,1,0,false
c:\Users\arthur.menezes_evolu\Desktop\Pes\PhotoView\sample\src\main\java\com\github\chrisbanes\photoview\sample\ViewPagerActivity.java,com.github.chrisbanes.photoview.sample.ViewPagerActivity$SamplePagerAdapter,getCount/0,false,46,0,0,0,0,1,0,3,1,0,0,0,0,0,0,0,0,0,0,0,0,0,0,0,0,0,2,1,0,false
c:\Users\arthur.menezes_evolu\Desktop\Pes\PhotoView\sample\src\main\java\com\github\chrisbanes\photoview\sample\SimpleSampleActivity.java,com.github.chrisbanes.photoview.sample.SimpleSampleActivity$Anonymous1,onClick/1[com.github.chrisbanes.photoview.sample.View],false,64,1,1,0,1,1,1,3,0,0,1,1,0,0,0,0,0,0,0,0,0,0,0,0,0,0,6,1,0,false
c:\Users\arthur.menezes_evolu\Desktop\Pes\PhotoView\sample\src\main\java\com\github\chrisbanes\photoview\sample\SimpleSampleActivity.java,com.github.chrisbanes.photoview.sample.SimpleSampleActivity$PhotoTapListener,"onPhotoTap/3[com.github.chrisbanes.photoview.sample.ImageView,float,float]",false,147,2,1,0,1,2,3,5,0,2,3,3,0,0,0,1,0,0,0,3,2,2,0,0,0,0,12,1,0,false
c:\Users\arthur.menezes_evolu\Desktop\Pes\PhotoView\sample\src\main\java\com\github\chrisbanes\photoview\sample\SimpleSampleActivity.java,com.github.chrisbanes.photoview.sample.SimpleSampleActivity$Anonymous2,onMenuItemClick/1[com.github.chrisbanes.photoview.sample.MenuItem],false,71,4,12,0,12,16,13,47,12,4,1,13,0,0,0,2,0,2,1,0,5,3,2,0,0,0,25,1,0,false
