file,class,type,cbo,cboModified,fanin,fanout,wmc,dit,noc,rfc,lcom,lcom*,tcc,lcc,totalMethodsQty,staticMethodsQty,publicMethodsQty,privateMethodsQty,protectedMethodsQty,defaultMethodsQty,visibleMethodsQty,abstractMethodsQty,finalMethodsQty,synchronizedMethodsQty,totalFieldsQty,staticFieldsQty,publicFieldsQty,privateFieldsQty,protectedFieldsQty,defaultFieldsQty,finalFieldsQty,synchronizedFieldsQty,nosi,loc,returnQty,loopQty,comparisonsQty,tryCatchQty,parenthesizedExpsQty,stringLiteralsQty,numbersQty,assignmentsQty,mathOperationsQty,variablesQty,maxNestedBlocksQty,anonymousClassesQty,innerClassesQty,lambdasQty,uniqueWordsQty,modifiers,logStatementsQty
c:\Users\arthur.menezes_evolu\Desktop\Pes\eladmin\eladmin-generator\src\main\java\me\zhengjie\repository\ColumnInfoRepository.java,me.zhengjie.repository.ColumnInfoRepository,interface,2,3,1,2,1,1,0,0,0,0.0,NaN,NaN,1,0,0,0,0,1,1,0,0,0,0,0,0,0,0,0,0,0,0,3,0,0,0,0,0,0,0,0,0,0,0,0,0,0,13,1,0
c:\Users\arthur.menezes_evolu\Desktop\Pes\eladmin\eladmin-system\src\main\java\me\zhengjie\modules\mnt\util\ScpClientUtil.java,me.zhengjie.modules.mnt.util.ScpClientUtil,class,3,5,2,3,14,1,0,16,15,0.8333333,0.0,0.0,6,1,6,0,0,0,6,0,0,1,5,1,0,5,0,0,0,0,2,69,1,0,4,2,2,3,1,12,0,11,2,0,0,0,34,1,0
c:\Users\arthur.menezes_evolu\Desktop\Pes\eladmin\eladmin-common\src\main\java\me\zhengjie\config\SwaggerConfig.java,me.zhengjie.config.SwaggerDataConfig$Anonymous1,anonymous,3,3,0,3,2,1,0,3,1,0.0,0.0,0.0,2,0,2,0,0,0,2,0,0,0,0,0,0,0,0,0,0,0,0,8,2,0,0,0,0,0,0,0,0,0,0,0,0,0,5,-1,0
c:\Users\arthur.menezes_evolu\Desktop\Pes\eladmin\eladmin-system\src\main\java\me\zhengjie\modules\mnt\util\SqlUtils.java,me.zhengjie.modules.mnt.util.SqlUtils,class,5,8,3,5,27,1,0,44,21,0.0,0.0,0.0,7,7,3,4,0,0,3,0,0,0,0,0,0,0,0,0,0,0,11,144,7,2,5,9,1,14,8,18,6,13,3,0,0,0,60,1,8
c:\Users\arthur.menezes_evolu\Desktop\Pes\eladmin\eladmin-system\src\main\java\me\zhengjie\modules\security\security\JwtAccessDeniedHandler.java,me.zhengjie.modules.security.security.JwtAccessDeniedHandler,class,5,6,1,5,1,1,0,2,0,0.0,NaN,NaN,1,0,1,0,0,0,1,0,0,0,0,0,0,0,0,0,0,0,0,5,0,0,0,0,0,0,0,0,0,0,0,0,0,0,15,1,0
c:\Users\arthur.menezes_evolu\Desktop\Pes\eladmin\eladmin-common\src\main\java\me\zhengjie\base\BaseDTO.java,me.zhengjie.base.BaseDTO,class,3,15,12,3,3,1,12,7,0,1.0,NaN,NaN,1,0,1,0,0,0,1,0,0,0,4,0,0,4,0,0,0,0,0,20,1,1,0,1,0,2,0,2,0,6,2,0,0,0,25,1,0
c:\Users\arthur.menezes_evolu\Desktop\Pes\eladmin\eladmin-system\src\main\java\me\zhengjie\modules\system\service\dto\MenuDto.java,me.zhengjie.modules.system.service.dto.MenuDto,class,4,10,6,4,10,2,0,3,6,0.93333334,0.0,0.0,5,0,5,0,0,0,5,0,0,0,15,0,0,15,0,0,0,0,2,39,7,0,3,0,0,0,2,1,0,16,1,0,0,0,44,1,0
c:\Users\arthur.menezes_evolu\Desktop\Pes\eladmin\eladmin-system\src\main\java\me\zhengjie\modules\system\service\dto\UserQueryCriteria.java,me.zhengjie.modules.system.service.dto.UserQueryCriteria,class,2,5,3,2,0,1,0,0,0,NaN,-1.0,-1.0,0,0,0,0,0,0,0,0,0,0,6,0,0,6,0,0,0,0,0,8,0,0,0,0,0,3,0,1,0,6,0,0,0,0,19,1,0
c:\Users\arthur.menezes_evolu\Desktop\Pes\eladmin\eladmin-system\src\main\java\me\zhengjie\modules\mnt\websocket\WebSocketServer.java,me.zhengjie.modules.mnt.websocket.WebSocketServer,class,11,13,2,11,17,1,0,15,0,0.375,0.0,0.0,8,1,7,1,0,0,7,0,0,0,3,1,0,3,0,0,1,0,3,61,4,2,4,2,0,9,0,6,2,6,3,0,0,1,40,1,4
c:\Users\arthur.menezes_evolu\Desktop\Pes\eladmin\eladmin-system\src\main\java\me\zhengjie\modules\system\domain\vo\UserPassVo.java,me.zhengjie.modules.system.domain.vo.UserPassVo,class,1,2,1,1,0,1,0,0,0,NaN,-1.0,-1.0,0,0,0,0,0,0,0,0,0,0,2,0,0,2,0,0,0,0,0,4,0,0,0,0,0,0,0,0,0,2,0,0,0,0,7,1,0
c:\Users\arthur.menezes_evolu\Desktop\Pes\eladmin\eladmin-system\src\main\java\me\zhengjie\modules\security\service\dto\JwtUserDto.java,me.zhengjie.modules.security.service.dto.JwtUserDto,class,6,10,4,6,7,1,0,7,15,0.8095238,0.0,0.0,7,0,7,0,0,0,7,0,0,0,3,0,0,3,0,0,3,0,1,26,7,0,0,0,0,0,0,0,0,3,0,0,0,0,25,1,0
c:\Users\arthur.menezes_evolu\Desktop\Pes\eladmin\eladmin-system\src\main\java\me\zhengjie\modules\system\service\mapstruct\DictSmallMapper.java,me.zhengjie.modules.system.service.mapstruct.DictSmallMapper,interface,4,5,1,4,0,1,0,0,0,0.0,-1.0,-1.0,0,0,0,0,0,0,0,0,0,0,0,0,0,0,0,0,0,0,0,2,0,0,0,0,0,1,0,0,0,0,0,0,0,0,7,1,0
c:\Users\arthur.menezes_evolu\Desktop\Pes\eladmin\eladmin-system\src\main\java\me\zhengjie\modules\mnt\service\ServerDeployService.java,me.zhengjie.modules.mnt.service.ServerDeployService,interface,6,9,3,6,9,1,0,0,36,0.0,0.0,0.0,9,0,0,0,0,9,9,0,0,0,0,0,0,0,0,0,0,0,0,11,0,0,0,0,0,0,0,0,0,0,0,0,0,0,35,1,0
c:\Users\arthur.menezes_evolu\Desktop\Pes\eladmin\eladmin-system\src\main\java\me\zhengjie\modules\system\service\dto\MenuQueryCriteria.java,me.zhengjie.modules.system.service.dto.MenuQueryCriteria,class,2,5,3,2,0,1,0,0,0,NaN,-1.0,-1.0,0,0,0,0,0,0,0,0,0,0,4,0,0,4,0,0,0,0,0,6,0,0,0,0,0,2,0,0,0,4,0,0,0,0,13,1,0
c:\Users\arthur.menezes_evolu\Desktop\Pes\eladmin\eladmin-system\src\main\java\me\zhengjie\modules\system\service\impl\MonitorServiceImpl.java,me.zhengjie.modules.system.service.impl.MonitorServiceImpl,class,14,15,1,14,14,1,0,43,3,0.33333334,NaN,NaN,6,0,1,5,0,0,1,0,0,0,1,0,0,1,0,0,1,0,8,113,6,2,2,1,1,37,18,40,29,34,2,0,0,0,66,1,0
c:\Users\arthur.menezes_evolu\Desktop\Pes\eladmin\eladmin-system\src\main\java\me\zhengjie\modules\mnt\service\dto\DatabaseDto.java,me.zhengjie.modules.mnt.service.dto.DatabaseDto,class,3,7,4,3,0,2,0,0,0,NaN,-1.0,-1.0,0,0,0,0,0,0,0,0,0,0,5,0,0,5,0,0,0,0,0,7,0,0,0,0,0,0,0,0,0,5,0,0,0,0,15,1,0
c:\Users\arthur.menezes_evolu\Desktop\Pes\eladmin\eladmin-tools\src\main\java\me\zhengjie\domain\vo\EmailVo.java,me.zhengjie.domain.vo.EmailVo,class,5,12,7,5,0,1,0,0,0,NaN,-1.0,-1.0,0,0,0,0,0,0,0,0,0,0,3,0,0,3,0,0,0,0,0,5,0,0,0,0,0,0,0,0,0,3,0,0,0,0,5,1,0
c:\Users\arthur.menezes_evolu\Desktop\Pes\eladmin\eladmin-system\src\main\java\me\zhengjie\modules\mnt\service\mapstruct\DatabaseMapper.java,me.zhengjie.modules.mnt.service.mapstruct.DatabaseMapper,interface,4,5,1,4,0,1,0,0,0,0.0,-1.0,-1.0,0,0,0,0,0,0,0,0,0,0,0,0,0,0,0,0,0,0,0,2,0,0,0,0,0,1,0,0,0,0,0,0,0,0,5,1,0
c:\Users\arthur.menezes_evolu\Desktop\Pes\eladmin\eladmin-logging\src\main\java\me\zhengjie\service\mapstruct\LogSmallMapper.java,me.zhengjie.service.mapstruct.LogSmallMapper,interface,4,5,1,4,0,1,0,0,0,0.0,-1.0,-1.0,0,0,0,0,0,0,0,0,0,0,0,0,0,0,0,0,0,0,0,2,0,0,0,0,0,1,0,0,0,0,0,0,0,0,7,1,0
c:\Users\arthur.menezes_evolu\Desktop\Pes\eladmin\eladmin-system\src\main\java\me\zhengjie\modules\system\service\dto\DictDto.java,me.zhengjie.modules.system.service.dto.DictDto,class,4,8,4,4,0,2,0,0,0,NaN,-1.0,-1.0,0,0,0,0,0,0,0,0,0,0,4,0,0,4,0,0,0,0,0,6,0,0,0,0,0,0,0,0,0,4,0,0,0,0,15,1,0
c:\Users\arthur.menezes_evolu\Desktop\Pes\eladmin\eladmin-system\src\main\java\me\zhengjie\modules\mnt\service\dto\DatabaseQueryCriteria.java,me.zhengjie.modules.mnt.service.dto.DatabaseQueryCriteria,class,2,5,3,2,0,1,0,0,0,NaN,-1.0,-1.0,0,0,0,0,0,0,0,0,0,0,3,0,0,3,0,0,0,0,0,5,0,0,0,0,0,0,0,0,0,3,0,0,0,0,10,1,0
c:\Users\arthur.menezes_evolu\Desktop\Pes\eladmin\eladmin-system\src\main\java\me\zhengjie\modules\system\service\DataService.java,me.zhengjie.modules.system.service.DataService,interface,1,4,3,1,1,1,0,0,0,0.0,NaN,NaN,1,0,0,0,0,1,1,0,0,0,0,0,0,0,0,0,0,0,0,3,0,0,0,0,0,0,0,0,0,0,0,0,0,0,10,1,0
c:\Users\arthur.menezes_evolu\Desktop\Pes\eladmin\eladmin-system\src\main\java\me\zhengjie\modules\security\service\dto\AuthorityDto.java,me.zhengjie.modules.security.service.dto.AuthorityDto,class,4,7,3,4,0,1,0,0,0,NaN,-1.0,-1.0,0,0,0,0,0,0,0,0,0,0,1,0,0,1,0,0,0,0,0,3,0,0,0,0,0,0,0,0,0,1,0,0,0,0,6,1,0
c:\Users\arthur.menezes_evolu\Desktop\Pes\eladmin\eladmin-tools\src\main\java\me\zhengjie\repository\EmailRepository.java,me.zhengjie.repository.EmailRepository,interface,1,2,1,1,0,1,0,0,0,0.0,-1.0,-1.0,0,0,0,0,0,0,0,0,0,0,0,0,0,0,0,0,0,0,0,2,0,0,0,0,0,0,0,0,0,0,0,0,0,0,4,1,0
c:\Users\arthur.menezes_evolu\Desktop\Pes\eladmin\eladmin-generator\src\main\java\me\zhengjie\service\GenConfigService.java,me.zhengjie.service.GenConfigService,interface,1,4,3,1,2,1,0,0,1,0.0,0.0,0.0,2,0,0,0,0,2,2,0,0,0,0,0,0,0,0,0,0,0,0,4,0,0,0,0,0,0,0,0,0,0,0,0,0,0,10,1,0
c:\Users\arthur.menezes_evolu\Desktop\Pes\eladmin\eladmin-system\src\main\java\me\zhengjie\modules\system\service\dto\RoleDto.java,me.zhengjie.modules.system.service.dto.RoleDto,class,6,11,5,6,5,2,0,3,0,0.85714287,0.0,0.0,2,0,2,0,0,0,2,0,0,0,7,0,0,7,0,0,0,0,2,22,4,0,3,0,0,0,0,1,0,8,1,0,0,0,30,1,0
c:\Users\arthur.menezes_evolu\Desktop\Pes\eladmin\eladmin-system\src\main\java\me\zhengjie\modules\system\rest\DictController.java,me.zhengjie.modules.system.rest.DictController,class,23,23,0,23,7,1,0,7,0,0.41666666,0.0,0.0,6,0,6,0,0,0,6,0,0,0,2,1,0,2,0,0,2,0,0,28,5,0,1,0,0,22,0,1,1,2,1,0,0,0,42,1,0
c:\Users\arthur.menezes_evolu\Desktop\Pes\eladmin\eladmin-tools\src\main\java\me\zhengjie\service\impl\LocalStorageServiceImpl.java,me.zhengjie.service.impl.LocalStorageServiceImpl,class,20,20,0,20,12,1,0,36,0,0.5238095,0.0,0.0,7,0,7,0,0,0,7,0,0,0,3,0,0,3,0,0,3,0,10,62,4,2,0,1,0,11,0,11,1,19,1,0,0,2,55,1,0
c:\Users\arthur.menezes_evolu\Desktop\Pes\eladmin\eladmin-tools\src\main\java\me\zhengjie\service\dto\QiniuQueryCriteria.java,me.zhengjie.service.dto.QiniuQueryCriteria,class,2,5,3,2,0,1,0,0,0,NaN,-1.0,-1.0,0,0,0,0,0,0,0,0,0,0,2,0,0,2,0,0,0,0,0,4,0,0,0,0,0,0,0,0,0,2,0,0,0,0,9,1,0
c:\Users\arthur.menezes_evolu\Desktop\Pes\eladmin\eladmin-system\src\main\java\me\zhengjie\modules\system\rest\VerifyController.java,me.zhengjie.modules.system.rest.VerifyController,class,13,13,0,13,5,1,0,7,0,0.16666667,0.0,0.0,3,0,3,0,0,0,3,0,0,0,2,0,0,2,0,0,2,0,2,28,3,0,0,0,0,8,0,3,2,5,1,0,0,0,21,1,0
c:\Users\arthur.menezes_evolu\Desktop\Pes\eladmin\eladmin-tools\src\main\java\me\zhengjie\domain\AlipayConfig.java,me.zhengjie.domain.AlipayConfig,class,7,11,4,7,0,1,0,0,0,NaN,-1.0,-1.0,0,0,0,0,0,0,0,0,0,0,11,0,0,11,0,0,0,0,0,13,0,0,0,0,0,18,0,4,0,11,0,0,0,0,26,1,0
c:\Users\arthur.menezes_evolu\Desktop\Pes\eladmin\eladmin-common\src\main\java\me\zhengjie\config\SwaggerConfig.java,me.zhengjie.config.SwaggerDataConfig,class,5,5,0,5,1,1,0,0,0,0.0,NaN,NaN,1,0,1,0,0,0,1,0,0,0,0,0,0,0,0,0,0,0,0,18,1,0,0,0,0,0,0,0,0,0,0,1,1,0,10,0,0
c:\Users\arthur.menezes_evolu\Desktop\Pes\eladmin\eladmin-common\src\main\java\me\zhengjie\utils\RsaUtils.java,me.zhengjie.utils.RsaUtils,class,3,6,3,3,13,1,0,33,34,0.7777778,0.0,0.0,9,9,6,3,0,0,6,0,0,0,1,1,0,1,0,0,1,0,21,121,6,1,1,0,0,30,5,37,11,36,2,0,1,0,63,1,0
c:\Users\arthur.menezes_evolu\Desktop\Pes\eladmin\eladmin-system\src\main\java\me\zhengjie\modules\system\service\VerifyService.java,me.zhengjie.modules.system.service.VerifyService,interface,1,4,3,1,2,1,0,0,1,0.0,0.0,0.0,2,0,0,0,0,2,2,0,0,0,0,0,0,0,0,0,0,0,0,4,0,0,0,0,0,0,0,0,0,0,0,0,0,0,11,1,0
c:\Users\arthur.menezes_evolu\Desktop\Pes\eladmin\eladmin-system\src\main\java\me\zhengjie\modules\system\service\dto\DeptSmallDto.java,me.zhengjie.modules.system.service.dto.DeptSmallDto,class,1,3,2,1,0,1,0,0,0,NaN,-1.0,-1.0,0,0,0,0,0,0,0,0,0,0,2,0,0,2,0,0,0,0,0,4,0,0,0,0,0,0,0,0,0,2,0,0,0,0,9,1,0
c:\Users\arthur.menezes_evolu\Desktop\Pes\eladmin\eladmin-system\src\main\java\me\zhengjie\modules\security\security\TokenConfigurer.java,me.zhengjie.modules.security.security.TokenConfigurer,class,9,10,1,9,1,2,0,1,0,0.0,NaN,NaN,1,0,1,0,0,0,1,0,0,0,4,0,0,4,0,0,4,0,0,10,0,0,0,0,0,0,0,1,0,5,0,0,0,0,19,1,0
c:\Users\arthur.menezes_evolu\Desktop\Pes\eladmin\eladmin-system\src\main\java\me\zhengjie\modules\security\config\bean\LoginProperties.java,me.zhengjie.modules.security.config.bean.LoginProperties,class,11,14,3,11,11,2,0,12,1,0.6666667,0.0,0.0,3,0,2,1,0,0,2,0,0,0,3,1,1,2,0,0,1,0,2,62,3,0,0,0,0,2,0,8,0,4,2,0,1,0,33,1,0
c:\Users\arthur.menezes_evolu\Desktop\Pes\eladmin\eladmin-common\src\main\java\me\zhengjie\utils\SpringContextHolder.java,me.zhengjie.utils.SpringContextHolder,class,9,16,7,9,17,1,0,15,23,0.6969697,0.0,0.0,11,9,9,2,0,0,9,0,0,1,3,3,0,3,0,0,1,0,7,65,6,1,2,1,0,6,0,8,3,4,2,0,0,0,48,1,3
c:\Users\arthur.menezes_evolu\Desktop\Pes\eladmin\eladmin-system\src\main\java\me\zhengjie\modules\system\rest\DictDetailController.java,me.zhengjie.modules.system.rest.DictDetailController,class,25,25,0,25,7,1,0,8,0,0.4,0.0,0.0,5,0,5,0,0,0,5,0,0,0,2,1,0,2,0,0,2,0,0,30,5,1,1,0,0,20,1,3,1,4,1,0,0,0,44,1,0
c:\Users\arthur.menezes_evolu\Desktop\Pes\eladmin\eladmin-generator\src\main\java\me\zhengjie\utils\GenUtil.java,me.zhengjie.utils.GenUtil,class,9,11,2,9,51,1,0,54,36,0.8888889,0.0,0.0,9,9,3,6,0,0,3,0,0,0,4,4,2,2,0,0,4,0,26,257,17,7,5,1,0,131,4,60,24,52,3,0,0,0,77,1,0
c:\Users\arthur.menezes_evolu\Desktop\Pes\eladmin\eladmin-system\src\main\java\me\zhengjie\AppRun.java,me.zhengjie.AppRun,class,12,13,1,12,3,1,0,2,3,0.0,0.0,0.0,3,1,3,0,0,0,3,0,0,0,0,0,0,0,0,0,0,0,0,13,2,0,0,0,0,3,0,1,0,1,0,0,0,0,22,1,0
c:\Users\arthur.menezes_evolu\Desktop\Pes\eladmin\eladmin-generator\src\main\java\me\zhengjie\rest\GenConfigController.java,me.zhengjie.rest.GenConfigController,class,13,13,0,13,2,1,0,3,0,0.0,0.0,0.0,2,0,2,0,0,0,2,0,0,0,1,0,0,1,0,0,1,0,0,9,2,0,0,0,0,5,0,0,0,1,0,0,0,0,14,1,0
c:\Users\arthur.menezes_evolu\Desktop\Pes\eladmin\eladmin-generator\src\main\java\me\zhengjie\domain\ColumnInfo.java,me.zhengjie.domain.ColumnInfo,class,9,14,5,9,3,1,0,1,0,0.35714287,NaN,NaN,1,0,1,0,0,0,1,0,0,0,14,0,0,14,0,0,0,0,0,30,0,0,0,0,0,16,0,10,0,14,1,0,0,0,29,1,0
c:\Users\arthur.menezes_evolu\Desktop\Pes\eladmin\eladmin-system\src\main\java\me\zhengjie\modules\system\service\RoleService.java,me.zhengjie.modules.system.service.RoleService,interface,9,15,6,9,15,1,0,0,105,0.0,0.0,0.0,15,0,0,0,0,15,15,0,0,0,0,0,0,0,0,0,0,0,0,17,0,0,0,0,0,0,0,0,0,0,0,0,0,0,49,1,0
c:\Users\arthur.menezes_evolu\Desktop\Pes\eladmin\eladmin-common\src\main\java\me\zhengjie\utils\ThrowableUtil.java,me.zhengjie.utils.ThrowableUtil,class,0,3,3,0,1,1,0,2,0,0.0,NaN,NaN,1,1,1,0,0,0,1,0,0,0,0,0,0,0,0,0,0,0,0,9,1,0,0,1,0,0,0,2,0,2,1,0,0,0,13,1,0
c:\Users\arthur.menezes_evolu\Desktop\Pes\eladmin\eladmin-tools\src\main\java\me\zhengjie\service\impl\EmailServiceImpl.java,me.zhengjie.service.impl.EmailServiceImpl,class,13,13,0,13,7,1,0,37,1,0.33333334,0.0,0.0,3,0,3,0,0,0,3,0,0,0,1,0,0,1,0,0,1,0,3,43,2,0,1,2,0,8,3,5,1,6,1,0,0,0,33,1,0
c:\Users\arthur.menezes_evolu\Desktop\Pes\eladmin\eladmin-system\src\main\java\me\zhengjie\modules\system\service\impl\DeptServiceImpl.java,me.zhengjie.modules.system.service.impl.DeptServiceImpl$Anonymous1,anonymous,0,0,0,0,1,1,0,1,0,0.0,NaN,NaN,0,0,0,0,0,0,1,0,0,0,0,0,0,0,0,0,0,0,0,6,0,0,0,0,0,2,0,0,0,0,0,0,0,0,1,-1,0
c:\Users\arthur.menezes_evolu\Desktop\Pes\eladmin\eladmin-system\src\main\java\me\zhengjie\modules\system\service\dto\RoleSmallDto.java,me.zhengjie.modules.system.service.dto.RoleSmallDto,class,1,7,6,1,0,1,0,0,0,NaN,-1.0,-1.0,0,0,0,0,0,0,0,0,0,0,4,0,0,4,0,0,0,0,0,6,0,0,0,0,0,0,0,0,0,4,0,0,0,0,13,1,0
c:\Users\arthur.menezes_evolu\Desktop\Pes\eladmin\eladmin-system\src\main\java\me\zhengjie\modules\mnt\service\AppService.java,me.zhengjie.modules.mnt.service.AppService,interface,6,8,2,6,7,1,0,0,21,0.0,0.0,0.0,7,0,0,0,0,7,7,0,0,0,0,0,0,0,0,0,0,0,0,9,0,0,0,0,0,0,0,0,0,0,0,0,0,0,29,1,0
c:\Users\arthur.menezes_evolu\Desktop\Pes\eladmin\eladmin-system\src\main\java\me\zhengjie\modules\system\rest\MenuController.java,me.zhengjie.modules.system.rest.MenuController,class,28,28,0,28,15,1,0,33,0,0.5555556,0.0,0.0,9,0,9,0,0,0,9,0,0,0,3,1,0,3,0,0,3,0,4,67,9,3,1,0,0,30,1,15,2,15,4,0,0,1,54,1,0
c:\Users\arthur.menezes_evolu\Desktop\Pes\eladmin\eladmin-common\src\main\java\me\zhengjie\config\RedisConfig.java,me.zhengjie.config.FastJsonRedisSerializer,class,3,4,1,3,6,1,0,3,1,0.33333334,0.0,0.0,3,0,2,0,0,1,3,0,0,0,1,0,0,1,0,0,1,0,0,20,4,0,3,0,0,0,2,2,0,2,1,0,0,0,13,0,0
c:\Users\arthur.menezes_evolu\Desktop\Pes\eladmin\eladmin-generator\src\main\java\me\zhengjie\domain\vo\TableInfo.java,me.zhengjie.domain.vo.TableInfo,class,3,6,3,3,0,1,0,0,0,NaN,-1.0,-1.0,0,0,0,0,0,0,0,0,0,0,5,0,0,5,0,0,0,0,0,7,0,0,0,0,0,0,0,0,0,5,0,0,0,0,12,1,0
c:\Users\arthur.menezes_evolu\Desktop\Pes\eladmin\eladmin-common\src\main\java\me\zhengjie\exception\handler\GlobalExceptionHandler.java,me.zhengjie.exception.handler.GlobalExceptionHandler,class,14,15,1,14,9,1,0,16,21,0.0,0.0,0.0,7,0,6,1,0,0,6,0,0,0,0,0,0,0,0,0,0,0,11,35,7,0,0,0,1,3,1,4,1,3,1,0,0,0,30,1,6
c:\Users\arthur.menezes_evolu\Desktop\Pes\eladmin\eladmin-system\src\main\java\me\zhengjie\modules\mnt\service\impl\DatabaseServiceImpl.java,me.zhengjie.modules.mnt.service.impl.DatabaseServiceImpl,class,19,19,0,19,11,1,0,25,0,0.4375,0.0,0.0,8,0,8,0,0,0,8,0,0,0,2,0,0,2,0,0,2,0,5,52,5,2,0,1,0,8,0,5,0,13,1,0,0,2,41,1,1
c:\Users\arthur.menezes_evolu\Desktop\Pes\eladmin\eladmin-common\src\main\java\me\zhengjie\config\SwaggerConfig.java,me.zhengjie.config.SwaggerDataConfig$Page,innerclass,3,3,0,3,0,1,0,0,0,NaN,-1.0,-1.0,0,0,0,0,0,0,0,0,0,0,3,0,0,3,0,0,0,0,0,5,0,0,0,0,0,3,0,0,0,3,0,0,0,0,5,10,0
c:\Users\arthur.menezes_evolu\Desktop\Pes\eladmin\eladmin-logging\src\main\java\me\zhengjie\service\mapstruct\LogErrorMapper.java,me.zhengjie.service.mapstruct.LogErrorMapper,interface,4,5,1,4,0,1,0,0,0,0.0,-1.0,-1.0,0,0,0,0,0,0,0,0,0,0,0,0,0,0,0,0,0,0,0,2,0,0,0,0,0,1,0,0,0,0,0,0,0,0,7,1,0
c:\Users\arthur.menezes_evolu\Desktop\Pes\eladmin\eladmin-system\src\main\java\me\zhengjie\modules\quartz\utils\QuartzManage.java,me.zhengjie.modules.quartz.utils.QuartzManage,class,16,19,3,16,17,1,0,26,0,0.0,0.0,0.0,6,0,6,0,0,0,6,0,0,0,2,1,0,2,0,0,1,0,0,95,0,0,3,6,2,13,0,17,9,16,2,0,0,0,44,1,6
c:\Users\arthur.menezes_evolu\Desktop\Pes\eladmin\eladmin-system\src\main\java\me\zhengjie\modules\security\security\JwtAuthenticationEntryPoint.java,me.zhengjie.modules.security.security.JwtAuthenticationEntryPoint,class,5,6,1,5,2,1,0,2,0,0.0,NaN,NaN,1,0,1,0,0,0,1,0,0,0,0,0,0,0,0,0,0,0,0,5,0,0,1,0,0,1,0,0,0,0,0,0,0,0,16,1,0
c:\Users\arthur.menezes_evolu\Desktop\Pes\eladmin\eladmin-system\src\main\java\me\zhengjie\modules\system\rest\RoleController.java,me.zhengjie.modules.system.rest.RoleController,class,26,27,1,26,14,1,0,22,0,0.5,0.0,0.0,10,0,9,1,0,0,9,0,0,0,2,1,0,2,0,0,2,0,3,57,9,1,2,0,0,34,0,5,2,6,2,0,0,0,56,1,0
c:\Users\arthur.menezes_evolu\Desktop\Pes\eladmin\eladmin-common\src\main\java\me\zhengjie\utils\DateUtil.java,me.zhengjie.utils.DateUtil,class,1,3,2,1,12,1,0,17,64,0.875,0.0,0.0,12,11,12,0,0,0,12,0,0,0,2,2,2,0,0,0,2,0,17,42,12,0,0,0,0,2,1,4,0,4,0,0,0,0,34,1,0
c:\Users\arthur.menezes_evolu\Desktop\Pes\eladmin\eladmin-logging\src\main\java\me\zhengjie\service\dto\SysLogErrorDto.java,me.zhengjie.service.dto.SysLogErrorDto,class,1,2,1,1,0,1,0,0,0,NaN,-1.0,-1.0,0,0,0,0,0,0,0,0,0,0,9,0,0,9,0,0,0,0,0,11,0,0,0,0,0,0,0,0,0,9,0,0,0,0,20,1,0
c:\Users\arthur.menezes_evolu\Desktop\Pes\eladmin\eladmin-system\src\main\java\me\zhengjie\modules\system\rest\JobController.java,me.zhengjie.modules.system.rest.JobController,class,23,23,0,23,6,1,0,8,0,0.4,0.0,0.0,5,0,5,0,0,0,5,0,0,0,2,1,0,2,0,0,2,0,0,26,4,0,1,0,0,19,0,1,1,2,1,0,0,0,41,1,0
c:\Users\arthur.menezes_evolu\Desktop\Pes\eladmin\eladmin-system\src\main\java\me\zhengjie\modules\quartz\repository\QuartzLogRepository.java,me.zhengjie.modules.quartz.repository.QuartzLogRepository,interface,2,4,2,2,0,1,0,0,0,0.0,-1.0,-1.0,0,0,0,0,0,0,0,0,0,0,0,0,0,0,0,0,0,0,0,2,0,0,0,0,0,0,0,0,0,0,0,0,0,0,5,1,0
c:\Users\arthur.menezes_evolu\Desktop\Pes\eladmin\eladmin-system\src\main\java\me\zhengjie\config\RelaxedQueryCharsConnectorCustomizer.java,me.zhengjie.config.RelaxedQueryCharsConnectorCustomizer,class,3,3,0,3,1,1,0,1,0,0.0,NaN,NaN,1,0,1,0,0,0,1,0,0,0,0,0,0,0,0,0,0,0,0,5,0,0,0,0,0,2,0,0,0,0,0,0,0,0,14,1,0
c:\Users\arthur.menezes_evolu\Desktop\Pes\eladmin\eladmin-system\src\main\java\me\zhengjie\modules\security\service\UserDetailsServiceImpl.java,me.zhengjie.modules.security.service.UserDetailsServiceImpl,class,12,12,0,12,5,1,0,6,0,0.0,NaN,NaN,1,0,1,0,0,0,1,0,0,0,4,0,0,4,0,0,4,0,0,29,1,0,2,1,0,3,0,3,0,6,3,0,0,0,29,1,0
c:\Users\arthur.menezes_evolu\Desktop\Pes\eladmin\eladmin-system\src\main\java\me\zhengjie\modules\system\domain\Menu.java,me.zhengjie.modules.system.domain.Menu,class,15,22,7,15,5,2,0,3,0,0.93333334,0.0,0.0,2,0,2,0,0,0,2,0,0,0,15,0,0,15,0,0,0,0,2,30,4,0,3,0,0,21,2,3,0,16,1,0,0,0,46,1,0
c:\Users\arthur.menezes_evolu\Desktop\Pes\eladmin\eladmin-system\src\main\java\me\zhengjie\modules\system\rest\DeptController.java,me.zhengjie.modules.system.rest.DeptController,class,24,24,0,24,13,1,0,26,0,0.41666666,0.0,0.0,6,0,6,0,0,0,6,0,0,0,2,1,0,2,0,0,2,0,2,52,5,3,1,0,0,23,1,9,2,9,4,0,0,1,52,1,0
c:\Users\arthur.menezes_evolu\Desktop\Pes\eladmin\eladmin-tools\src\main\java\me\zhengjie\domain\vo\TradeVo.java,me.zhengjie.domain.vo.TradeVo,class,3,6,3,3,0,1,0,0,0,NaN,-1.0,-1.0,0,0,0,0,0,0,0,0,0,0,8,0,0,8,0,0,0,0,0,10,0,0,0,0,0,0,0,0,0,8,0,0,0,0,19,1,0
c:\Users\arthur.menezes_evolu\Desktop\Pes\eladmin\eladmin-system\src\main\java\me\zhengjie\modules\security\rest\AuthorizationController.java,me.zhengjie.modules.security.rest.AuthorizationController$Anonymous1,anonymous,1,1,0,1,1,1,0,2,0,0.0,NaN,NaN,0,0,0,0,0,0,1,0,0,0,0,0,0,0,0,0,0,0,0,6,0,0,0,0,0,2,0,0,1,0,0,0,0,0,2,-1,0
c:\Users\arthur.menezes_evolu\Desktop\Pes\eladmin\eladmin-system\src\main\java\me\zhengjie\modules\quartz\task\TestTask.java,me.zhengjie.modules.quartz.task.TestTask,class,2,2,0,2,3,1,0,1,3,0.0,0.0,0.0,3,0,3,0,0,0,3,0,0,0,0,0,0,0,0,0,0,0,0,11,0,0,0,0,0,3,0,0,1,0,0,0,0,0,8,1,3
c:\Users\arthur.menezes_evolu\Desktop\Pes\eladmin\eladmin-system\src\main\java\me\zhengjie\modules\security\rest\AuthorizationController.java,me.zhengjie.modules.security.rest.AuthorizationController$Anonymous2,anonymous,0,0,0,0,1,1,0,2,0,0.0,NaN,NaN,0,0,0,0,0,0,1,0,0,0,0,0,0,0,0,0,0,0,0,6,0,0,0,0,0,2,0,0,0,0,0,0,0,0,1,-1,0
c:\Users\arthur.menezes_evolu\Desktop\Pes\eladmin\eladmin-generator\src\main\java\me\zhengjie\service\impl\GeneratorServiceImpl.java,me.zhengjie.service.impl.GeneratorServiceImpl,class,21,22,1,21,28,1,0,47,18,0.72222227,0.0,0.0,9,0,9,0,0,0,9,0,0,0,4,1,0,4,0,0,3,0,7,111,6,4,3,2,2,24,20,25,8,28,3,0,0,2,85,1,1
c:\Users\arthur.menezes_evolu\Desktop\Pes\eladmin\eladmin-system\src\main\java\me\zhengjie\modules\system\service\mapstruct\MenuMapper.java,me.zhengjie.modules.system.service.mapstruct.MenuMapper,interface,4,7,3,4,0,1,0,0,0,0.0,-1.0,-1.0,0,0,0,0,0,0,0,0,0,0,0,0,0,0,0,0,0,0,0,2,0,0,0,0,0,1,0,0,0,0,0,0,0,0,6,1,0
c:\Users\arthur.menezes_evolu\Desktop\Pes\eladmin\eladmin-system\src\main\java\me\zhengjie\modules\system\service\JobService.java,me.zhengjie.modules.system.service.JobService,interface,6,8,2,6,8,1,0,0,28,0.0,0.0,0.0,8,0,0,0,0,8,8,0,0,0,0,0,0,0,0,0,0,0,0,10,0,0,0,0,0,0,0,0,0,0,0,0,0,0,31,1,0
c:\Users\arthur.menezes_evolu\Desktop\Pes\eladmin\eladmin-system\src\main\java\me\zhengjie\modules\mnt\service\impl\AppServiceImpl.java,me.zhengjie.modules.mnt.service.impl.AppServiceImpl,class,19,20,1,19,16,1,0,25,0,0.4375,0.0,0.0,8,0,7,1,0,0,7,0,0,0,2,0,0,2,0,0,2,0,4,61,3,2,0,0,3,17,0,7,0,15,1,0,0,2,43,1,0
c:\Users\arthur.menezes_evolu\Desktop\Pes\eladmin\eladmin-system\src\main\java\me\zhengjie\modules\system\service\dto\DictDetailQueryCriteria.java,me.zhengjie.modules.system.service.dto.DictDetailQueryCriteria,class,2,5,3,2,0,1,0,0,0,NaN,-1.0,-1.0,0,0,0,0,0,0,0,0,0,0,2,0,0,2,0,0,0,0,0,4,0,0,0,0,0,2,0,0,0,2,0,0,0,0,11,1,0
c:\Users\arthur.menezes_evolu\Desktop\Pes\eladmin\eladmin-system\src\main\java\me\zhengjie\modules\system\service\mapstruct\UserMapper.java,me.zhengjie.modules.system.service.mapstruct.UserMapper,interface,7,8,1,7,0,1,0,0,0,0.0,-1.0,-1.0,0,0,0,0,0,0,0,0,0,0,0,0,0,0,0,0,0,0,0,2,0,0,0,0,0,1,0,0,0,0,0,0,0,0,6,1,0
c:\Users\arthur.menezes_evolu\Desktop\Pes\eladmin\eladmin-system\src\main\java\me\zhengjie\modules\system\service\dto\JobDto.java,me.zhengjie.modules.system.service.dto.JobDto,class,4,8,4,4,1,2,0,0,0,0.5,NaN,NaN,1,0,1,0,0,0,1,0,0,0,4,0,0,4,0,0,0,0,0,10,0,0,0,0,0,0,0,2,0,4,0,0,0,0,17,1,0
c:\Users\arthur.menezes_evolu\Desktop\Pes\eladmin\eladmin-system\src\main\java\me\zhengjie\modules\system\service\impl\UserServiceImpl.java,me.zhengjie.modules.system.service.impl.UserServiceImpl,class,33,34,1,33,38,1,0,72,0,0.79464287,0.0,0.0,16,0,15,1,0,0,15,0,0,0,7,0,0,7,0,0,7,0,12,170,6,2,10,0,0,29,1,21,6,34,1,1,0,2,93,1,0
c:\Users\arthur.menezes_evolu\Desktop\Pes\eladmin\eladmin-common\src\main\java\me\zhengjie\utils\enums\DataScopeEnum.java,me.zhengjie.utils.enums.DataScopeEnum,enum,3,5,2,3,3,1,0,3,0,1.0,NaN,NaN,1,1,1,0,0,0,1,0,0,0,2,0,0,2,0,0,2,0,1,11,2,1,0,0,0,6,0,0,0,2,2,0,0,0,27,1,0
c:\Users\arthur.menezes_evolu\Desktop\Pes\eladmin\eladmin-logging\src\main\java\me\zhengjie\domain\SysLog.java,me.zhengjie.domain.SysLog,class,10,15,5,10,1,1,0,0,0,0.8333333,NaN,NaN,1,0,1,0,0,0,1,0,0,0,12,0,0,12,0,0,0,0,0,18,0,0,0,0,0,2,0,2,0,12,0,0,0,0,25,1,0
c:\Users\arthur.menezes_evolu\Desktop\Pes\eladmin\eladmin-system\src\main\java\me\zhengjie\modules\security\service\UserCacheManager.java,me.zhengjie.modules.security.service.UserCacheManager,class,6,12,6,6,7,1,0,5,0,0.33333334,0.0,0.0,3,0,3,0,0,0,3,0,0,0,2,0,0,2,0,0,0,0,0,24,2,0,1,0,0,1,2,2,4,4,2,0,0,0,21,1,0
c:\Users\arthur.menezes_evolu\Desktop\Pes\eladmin\eladmin-system\src\main\java\me\zhengjie\modules\system\service\impl\MenuServiceImpl.java,me.zhengjie.modules.system.service.impl.MenuServiceImpl$Anonymous1,anonymous,0,0,0,0,1,1,0,1,0,0.0,NaN,NaN,0,0,0,0,0,0,1,0,0,0,0,0,0,0,0,0,0,0,0,5,0,0,0,0,0,0,0,0,0,0,0,0,0,0,2,-1,0
c:\Users\arthur.menezes_evolu\Desktop\Pes\eladmin\eladmin-common\src\main\java\me\zhengjie\utils\CallBack.java,me.zhengjie.utils.CallBack,interface,0,1,1,0,2,1,0,4,1,0.0,0.0,0.0,2,0,0,0,0,2,2,0,0,0,0,0,0,0,0,0,0,0,1,6,1,0,0,0,0,1,0,0,1,0,0,0,0,0,9,1,0
c:\Users\arthur.menezes_evolu\Desktop\Pes\eladmin\eladmin-system\src\main\java\me\zhengjie\modules\security\rest\AuthorizationController.java,me.zhengjie.modules.security.rest.AuthorizationController,class,31,31,0,31,10,1,0,33,2,0.5833333,0.0,0.0,4,0,4,0,0,0,4,0,0,0,6,0,0,6,0,0,5,0,2,60,4,0,1,0,0,15,4,12,2,17,1,2,0,0,50,1,0
c:\Users\arthur.menezes_evolu\Desktop\Pes\eladmin\eladmin-system\src\main\java\me\zhengjie\modules\system\service\mapstruct\RoleMapper.java,me.zhengjie.modules.system.service.mapstruct.RoleMapper,interface,6,9,3,6,0,1,0,0,0,0.0,-1.0,-1.0,0,0,0,0,0,0,0,0,0,0,0,0,0,0,0,0,0,0,0,2,0,0,0,0,0,1,0,0,0,0,0,0,0,0,6,1,0
c:\Users\arthur.menezes_evolu\Desktop\Pes\eladmin\eladmin-logging\src\main\java\me\zhengjie\rest\SysLogController.java,me.zhengjie.rest.SysLogController,class,18,18,0,18,8,1,0,10,0,0.0,0.0,0.0,8,0,8,0,0,0,8,0,0,0,1,0,0,1,0,0,1,0,1,35,6,0,0,0,0,33,0,0,0,1,0,0,0,0,32,1,0
c:\Users\arthur.menezes_evolu\Desktop\Pes\eladmin\eladmin-system\src\main\java\me\zhengjie\modules\security\config\SpringSecurityConfig.java,me.zhengjie.modules.security.config.SpringSecurityConfig,class,27,28,1,27,13,2,0,39,10,0.8000001,0.0,0.0,5,0,1,2,1,1,3,0,0,0,8,0,0,8,0,0,8,0,2,69,4,1,2,0,0,15,9,14,0,22,3,0,0,0,83,1,0
c:\Users\arthur.menezes_evolu\Desktop\Pes\eladmin\eladmin-system\src\main\java\me\zhengjie\modules\system\service\impl\DataServiceImpl.java,me.zhengjie.modules.system.service.impl.DataServiceImpl,class,12,13,1,12,8,1,0,13,1,0.5,0.0,0.0,2,0,2,0,0,0,2,0,0,0,2,0,0,2,0,0,2,0,2,33,3,2,2,0,0,2,1,5,0,7,2,0,0,0,26,1,0
c:\Users\arthur.menezes_evolu\Desktop\Pes\eladmin\eladmin-system\src\main\java\me\zhengjie\modules\system\service\dto\JobSmallDto.java,me.zhengjie.modules.system.service.dto.JobSmallDto,class,2,4,2,2,0,1,0,0,0,NaN,-1.0,-1.0,0,0,0,0,0,0,0,0,0,0,2,0,0,2,0,0,0,0,0,4,0,0,0,0,0,0,0,0,0,2,0,0,0,0,9,1,0
c:\Users\arthur.menezes_evolu\Desktop\Pes\eladmin\eladmin-system\src\main\java\me\zhengjie\modules\mnt\repository\ServerDeployRepository.java,me.zhengjie.modules.mnt.repository.ServerDeployRepository,interface,3,4,1,3,1,1,0,0,0,0.0,NaN,NaN,1,0,0,0,0,1,1,0,0,0,0,0,0,0,0,0,0,0,0,3,0,0,0,0,0,0,0,0,0,0,0,0,0,0,8,1,0
c:\Users\arthur.menezes_evolu\Desktop\Pes\eladmin\eladmin-system\src\main\java\me\zhengjie\modules\system\domain\Dept.java,me.zhengjie.modules.system.domain.Dept,class,16,27,11,16,5,2,0,3,0,0.71428573,0.0,0.0,2,0,2,0,0,0,2,0,0,0,7,0,0,7,0,0,0,0,3,22,4,0,3,0,0,10,1,2,0,8,1,0,0,0,34,1,0
c:\Users\arthur.menezes_evolu\Desktop\Pes\eladmin\eladmin-common\src\test\java\me\zhengjie\utils\DateUtilsTest.java,me.zhengjie.utils.DateUtilsTest,class,2,2,0,2,2,1,0,9,1,0.0,0.0,0.0,2,0,2,0,0,0,2,0,0,0,0,0,0,0,0,0,0,0,10,16,0,0,0,0,0,0,2,6,2,6,0,0,0,0,12,1,0
c:\Users\arthur.menezes_evolu\Desktop\Pes\eladmin\eladmin-system\src\main\java\me\zhengjie\modules\mnt\service\impl\DeployServiceImpl.java,me.zhengjie.modules.mnt.service.impl.DeployServiceImpl,class,33,34,1,33,47,1,0,67,177,0.8560607,0.0,0.0,22,0,12,10,0,0,12,0,0,0,6,0,0,6,0,0,6,0,13,286,11,9,5,2,0,70,13,62,19,66,3,0,0,2,116,1,8
c:\Users\arthur.menezes_evolu\Desktop\Pes\eladmin\eladmin-common\src\main\java\me\zhengjie\utils\ValidationUtil.java,me.zhengjie.utils.ValidationUtil,class,1,17,16,1,3,1,0,2,1,0.0,0.0,0.0,2,2,2,0,0,0,2,0,0,0,0,0,0,0,0,0,0,0,0,11,1,0,0,0,0,2,0,1,1,1,1,0,0,0,17,1,0
c:\Users\arthur.menezes_evolu\Desktop\Pes\eladmin\eladmin-common\src\main\java\me\zhengjie\utils\SecurityUtils.java,me.zhengjie.utils.SecurityUtils,class,9,22,13,9,8,1,0,17,10,0.0,0.0,0.0,5,5,5,0,0,0,5,0,0,0,0,0,0,0,0,0,0,0,5,35,6,0,2,0,0,6,1,9,0,9,1,0,0,0,31,1,0
c:\Users\arthur.menezes_evolu\Desktop\Pes\eladmin\eladmin-tools\src\main\java\me\zhengjie\service\impl\QiNiuServiceImpl.java,me.zhengjie.service.impl.QiNiuServiceImpl,class,30,31,1,30,26,1,0,58,30,0.72222227,0.0,0.0,12,0,12,0,0,0,12,0,0,0,3,0,0,3,0,0,2,0,20,136,8,4,5,2,1,23,4,33,3,40,3,0,0,2,89,1,0
c:\Users\arthur.menezes_evolu\Desktop\Pes\eladmin\eladmin-common\src\main\java\me\zhengjie\utils\PageUtil.java,me.zhengjie.utils.PageUtil,class,4,24,20,4,6,2,0,5,6,0.0,0.0,0.0,4,4,4,0,0,0,4,0,0,0,0,0,0,0,0,0,0,0,1,24,6,0,0,0,0,0,1,2,3,2,1,0,0,0,16,1,0
c:\Users\arthur.menezes_evolu\Desktop\Pes\eladmin\eladmin-system\src\main\java\me\zhengjie\modules\mnt\service\DeployHistoryService.java,me.zhengjie.modules.mnt.service.DeployHistoryService,interface,6,9,3,6,6,1,0,0,15,0.0,0.0,0.0,6,0,0,0,0,6,6,0,0,0,0,0,0,0,0,0,0,0,0,8,0,0,0,0,0,0,0,0,0,0,0,0,0,0,28,1,0
c:\Users\arthur.menezes_evolu\Desktop\Pes\eladmin\eladmin-system\src\main\java\me\zhengjie\modules\system\repository\DictDetailRepository.java,me.zhengjie.modules.system.repository.DictDetailRepository,interface,3,4,1,3,1,1,0,0,0,0.0,NaN,NaN,1,0,0,0,0,1,1,0,0,0,0,0,0,0,0,0,0,0,0,3,0,0,0,0,0,0,0,0,0,0,0,0,0,0,9,1,0
c:\Users\arthur.menezes_evolu\Desktop\Pes\eladmin\eladmin-system\src\main\java\me\zhengjie\modules\system\service\impl\MenuServiceImpl.java,me.zhengjie.modules.system.service.impl.MenuServiceImpl,class,28,29,1,28,68,1,0,109,0,0.8066667,0.0,0.0,15,0,14,1,0,0,14,0,0,0,10,5,0,10,0,0,10,0,11,252,10,6,19,0,2,37,9,34,2,41,4,1,0,3,109,1,0
c:\Users\arthur.menezes_evolu\Desktop\Pes\eladmin\eladmin-common\src\main\java\me\zhengjie\utils\enums\RequestMethodEnum.java,me.zhengjie.utils.enums.RequestMethodEnum,enum,3,5,2,3,3,1,0,3,0,0.0,NaN,NaN,1,1,1,0,0,0,1,0,0,0,1,0,0,1,0,0,1,0,1,17,2,1,0,0,0,6,0,0,0,1,2,0,0,0,21,1,0
c:\Users\arthur.menezes_evolu\Desktop\Pes\eladmin\eladmin-system\src\main\java\me\zhengjie\modules\security\security\TokenFilter.java,me.zhengjie.modules.security.security.TokenFilter,class,13,15,2,13,11,2,0,23,0,0.33333334,0.0,0.0,3,0,2,1,0,0,2,0,0,0,5,1,0,5,0,0,5,0,2,50,2,0,1,1,0,2,0,14,0,12,3,0,0,0,46,1,2
c:\Users\arthur.menezes_evolu\Desktop\Pes\eladmin\eladmin-system\src\main\java\me\zhengjie\modules\mnt\rest\AppController.java,me.zhengjie.modules.mnt.rest.AppController,class,21,21,0,21,5,1,0,6,0,0.0,0.0,0.0,5,0,5,0,0,0,5,0,0,0,1,0,0,1,0,0,1,0,0,21,4,0,0,0,0,16,0,0,0,1,0,0,0,0,26,1,0
c:\Users\arthur.menezes_evolu\Desktop\Pes\eladmin\eladmin-system\src\main\java\me\zhengjie\modules\system\service\impl\DeptServiceImpl.java,me.zhengjie.modules.system.service.impl.DeptServiceImpl,class,24,25,1,24,52,1,0,69,8,0.7625,0.0,0.0,16,0,14,2,0,0,14,0,0,0,5,0,0,5,0,0,5,0,8,191,11,8,11,0,0,17,6,28,1,34,4,1,0,2,93,1,0
c:\Users\arthur.menezes_evolu\Desktop\Pes\eladmin\eladmin-system\src\main\java\me\zhengjie\modules\mnt\rest\DatabaseController.java,me.zhengjie.modules.mnt.rest.DatabaseController,class,25,25,0,25,8,1,0,17,0,0.42857143,0.0,0.0,7,0,7,0,0,0,7,0,0,0,2,0,0,2,0,0,2,0,1,41,6,0,1,0,0,27,0,6,2,7,1,0,0,0,44,1,0
c:\Users\arthur.menezes_evolu\Desktop\Pes\eladmin\eladmin-tools\src\main\java\me\zhengjie\service\LocalStorageService.java,me.zhengjie.service.LocalStorageService,interface,7,9,2,7,7,1,0,0,21,0.0,0.0,0.0,7,0,0,0,0,7,7,0,0,0,0,0,0,0,0,0,0,0,0,9,0,0,0,0,0,0,0,0,0,0,0,0,0,0,37,1,0
c:\Users\arthur.menezes_evolu\Desktop\Pes\eladmin\eladmin-system\src\main\java\me\zhengjie\modules\mnt\service\impl\ServerDeployServiceImpl.java,me.zhengjie.modules.mnt.service.impl.ServerDeployServiceImpl,class,18,18,0,18,14,1,0,24,0,0.3888889,0.0,0.0,9,0,9,0,0,0,9,0,0,0,2,0,0,2,0,0,2,0,4,62,6,2,2,1,0,10,1,8,0,15,2,0,0,2,52,1,0
c:\Users\arthur.menezes_evolu\Desktop\Pes\eladmin\eladmin-system\src\main\java\me\zhengjie\modules\mnt\domain\Database.java,me.zhengjie.modules.mnt.domain.Database,class,9,14,5,9,1,2,0,3,0,1.0,NaN,NaN,1,0,1,0,0,0,1,0,0,0,5,0,0,5,0,0,0,0,0,10,0,0,0,0,0,7,0,0,0,5,0,0,0,0,16,1,0
c:\Users\arthur.menezes_evolu\Desktop\Pes\eladmin\eladmin-system\src\main\java\me\zhengjie\modules\mnt\websocket\SocketMsg.java,me.zhengjie.modules.mnt.websocket.SocketMsg,class,2,4,2,2,1,1,0,0,0,0.0,NaN,NaN,1,0,1,0,0,0,1,0,0,0,2,0,0,2,0,0,0,0,0,8,0,0,0,0,0,0,0,2,0,2,0,0,0,0,7,1,0
c:\Users\arthur.menezes_evolu\Desktop\Pes\eladmin\eladmin-system\src\main\java\me\zhengjie\modules\system\service\impl\DictDetailServiceImpl.java,me.zhengjie.modules.system.service.impl.DictDetailServiceImpl,class,21,22,1,21,6,1,0,17,0,0.625,0.0,0.0,6,0,6,0,0,0,6,0,0,0,4,0,0,4,0,0,4,0,2,33,2,0,0,0,0,4,0,4,1,11,0,0,0,1,36,1,0
c:\Users\arthur.menezes_evolu\Desktop\Pes\eladmin\eladmin-common\src\main\java\me\zhengjie\utils\ElConstant.java,me.zhengjie.utils.ElConstant,class,0,0,0,0,0,1,0,0,0,NaN,-1.0,-1.0,0,0,0,0,0,0,0,0,0,0,2,2,2,0,0,0,2,0,0,4,0,0,0,0,0,2,0,2,0,2,0,0,0,0,12,1,0
c:\Users\arthur.menezes_evolu\Desktop\Pes\eladmin\eladmin-generator\src\main\java\me\zhengjie\domain\GenConfig.java,me.zhengjie.domain.GenConfig,class,10,17,7,10,1,1,0,0,0,0.0,NaN,NaN,1,0,1,0,0,0,1,0,0,0,10,0,0,10,0,0,0,0,0,15,0,0,0,0,0,12,0,2,0,10,0,0,0,0,24,1,0
c:\Users\arthur.menezes_evolu\Desktop\Pes\eladmin\eladmin-system\src\main\java\me\zhengjie\modules\system\domain\Job.java,me.zhengjie.modules.system.domain.Job,class,13,21,8,13,5,2,0,3,0,0.75,0.0,0.0,2,0,2,0,0,0,2,0,0,0,4,0,0,4,0,0,0,0,2,19,4,0,3,0,0,6,0,1,0,5,1,0,0,0,26,1,0
c:\Users\arthur.menezes_evolu\Desktop\Pes\eladmin\eladmin-tools\src\main\java\me\zhengjie\service\EmailService.java,me.zhengjie.service.EmailService,interface,2,6,4,2,3,1,0,0,3,0.0,0.0,0.0,3,0,0,0,0,3,3,0,0,0,0,0,0,0,0,0,0,0,0,5,0,0,0,0,0,0,0,0,0,0,0,0,0,0,12,1,0
c:\Users\arthur.menezes_evolu\Desktop\Pes\eladmin\eladmin-tools\src\main\java\me\zhengjie\service\dto\LocalStorageDto.java,me.zhengjie.service.dto.LocalStorageDto,class,3,7,4,3,0,2,0,0,0,NaN,-1.0,-1.0,0,0,0,0,0,0,0,0,0,0,6,0,0,6,0,0,0,0,0,8,0,0,0,0,0,0,0,0,0,6,0,0,0,0,18,1,0
c:\Users\arthur.menezes_evolu\Desktop\Pes\eladmin\eladmin-system\src\main\java\me\zhengjie\modules\quartz\config\JobRunner.java,me.zhengjie.modules.quartz.config.JobRunner,class,9,10,1,9,1,1,0,4,0,0.0,NaN,NaN,1,0,1,0,0,0,1,0,0,0,3,1,0,3,0,0,3,0,0,10,0,0,0,0,0,1,0,2,0,4,0,0,0,0,17,1,1
c:\Users\arthur.menezes_evolu\Desktop\Pes\eladmin\eladmin-common\src\main\java\me\zhengjie\utils\enums\CodeBiEnum.java,me.zhengjie.utils.enums.CodeBiEnum,enum,3,5,2,3,3,1,0,3,0,0.5,NaN,NaN,1,1,1,0,0,0,1,0,0,0,2,0,0,2,0,0,2,0,1,11,2,1,0,0,0,2,2,0,0,2,2,0,0,0,18,1,0
c:\Users\arthur.menezes_evolu\Desktop\Pes\eladmin\eladmin-system\src\main\java\me\zhengjie\modules\system\service\mapstruct\DictMapper.java,me.zhengjie.modules.system.service.mapstruct.DictMapper,interface,4,5,1,4,0,1,0,0,0,0.0,-1.0,-1.0,0,0,0,0,0,0,0,0,0,0,0,0,0,0,0,0,0,0,0,2,0,0,0,0,0,1,0,0,0,0,0,0,0,0,6,1,0
c:\Users\arthur.menezes_evolu\Desktop\Pes\eladmin\eladmin-system\src\main\java\me\zhengjie\modules\mnt\service\mapstruct\AppMapper.java,me.zhengjie.modules.mnt.service.mapstruct.AppMapper,interface,4,6,2,4,0,1,0,0,0,0.0,-1.0,-1.0,0,0,0,0,0,0,0,0,0,0,0,0,0,0,0,0,0,0,0,2,0,0,0,0,0,1,0,0,0,0,0,0,0,0,5,1,0
c:\Users\arthur.menezes_evolu\Desktop\Pes\eladmin\eladmin-system\src\main\java\me\zhengjie\modules\system\service\mapstruct\JobMapper.java,me.zhengjie.modules.system.service.mapstruct.JobMapper,interface,5,8,3,5,0,1,0,0,0,0.0,-1.0,-1.0,0,0,0,0,0,0,0,0,0,0,0,0,0,0,0,0,0,0,0,2,0,0,0,0,0,1,0,0,0,0,0,0,0,0,6,1,0
c:\Users\arthur.menezes_evolu\Desktop\Pes\eladmin\eladmin-common\src\main\java\me\zhengjie\base\BaseEntity.java,me.zhengjie.base.BaseEntity,class,12,25,13,12,3,1,13,7,0,1.0,NaN,NaN,1,0,1,0,0,0,1,0,0,0,4,0,0,4,0,0,0,0,0,22,1,1,0,1,0,10,0,2,0,6,2,0,0,0,30,1,0
c:\Users\arthur.menezes_evolu\Desktop\Pes\eladmin\eladmin-system\src\main\java\me\zhengjie\modules\mnt\repository\AppRepository.java,me.zhengjie.modules.mnt.repository.AppRepository,interface,2,3,1,2,0,1,0,0,0,0.0,-1.0,-1.0,0,0,0,0,0,0,0,0,0,0,0,0,0,0,0,0,0,0,0,2,0,0,0,0,0,0,0,0,0,0,0,0,0,0,3,1,0
c:\Users\arthur.menezes_evolu\Desktop\Pes\eladmin\eladmin-system\src\main\java\me\zhengjie\modules\system\rest\MonitorController.java,me.zhengjie.modules.system.rest.MonitorController,class,9,9,0,9,1,1,0,1,0,0.0,NaN,NaN,1,0,1,0,0,0,1,0,0,0,1,0,0,1,0,0,1,0,0,6,1,0,0,0,0,4,0,0,0,1,0,0,0,0,9,1,0
c:\Users\arthur.menezes_evolu\Desktop\Pes\eladmin\eladmin-tools\src\main\java\me\zhengjie\service\impl\AliPayServiceImpl.java,me.zhengjie.service.impl.AliPayServiceImpl,class,15,15,0,15,8,1,0,24,4,0.5,0.0,0.0,4,0,4,0,0,0,4,0,0,0,1,0,0,1,0,0,1,0,1,38,4,0,2,0,0,38,4,7,4,8,1,0,0,0,38,1,0
c:\Users\arthur.menezes_evolu\Desktop\Pes\eladmin\eladmin-system\src\main\java\me\zhengjie\modules\system\domain\User.java,me.zhengjie.modules.system.domain.User,class,21,32,11,21,5,2,0,3,0,0.8666667,0.0,0.0,2,0,2,0,0,0,2,0,0,0,15,0,0,15,0,0,0,0,3,30,4,0,3,0,0,29,0,2,0,16,1,0,0,0,46,1,0
c:\Users\arthur.menezes_evolu\Desktop\Pes\eladmin\eladmin-system\src\main\java\me\zhengjie\modules\security\config\bean\SecurityProperties.java,me.zhengjie.modules.security.config.bean.SecurityProperties,class,1,9,8,1,1,1,0,0,0,0.875,NaN,NaN,1,0,1,0,0,0,1,0,0,0,8,0,0,8,0,0,0,0,0,13,1,0,0,0,0,1,0,0,1,8,0,0,0,0,27,1,0
c:\Users\arthur.menezes_evolu\Desktop\Pes\eladmin\eladmin-common\src\main\java\me\zhengjie\aspect\LimitType.java,me.zhengjie.aspect.LimitType,enum,0,1,1,0,0,1,0,0,0,0.0,-1.0,-1.0,0,0,0,0,0,0,0,0,0,0,0,0,0,0,0,0,0,0,0,1,0,0,0,0,0,0,0,0,0,0,0,0,0,0,5,1,0
c:\Users\arthur.menezes_evolu\Desktop\Pes\eladmin\eladmin-system\src\main\java\me\zhengjie\modules\system\service\UserService.java,me.zhengjie.modules.system.service.UserService,interface,8,11,3,8,14,1,0,0,91,0.0,0.0,0.0,14,0,0,0,0,14,14,0,0,0,0,0,0,0,0,0,0,0,0,16,0,0,0,0,0,0,0,0,0,0,0,0,0,0,49,1,0
c:\Users\arthur.menezes_evolu\Desktop\Pes\eladmin\eladmin-system\src\main\java\me\zhengjie\modules\system\service\dto\JobQueryCriteria.java,me.zhengjie.modules.system.service.dto.JobQueryCriteria,class,3,6,3,3,0,1,0,0,0,NaN,-1.0,-1.0,0,0,0,0,0,0,0,0,0,0,3,0,0,3,0,0,0,0,0,5,0,0,0,0,0,0,0,0,0,3,0,0,0,0,11,1,0
c:\Users\arthur.menezes_evolu\Desktop\Pes\eladmin\eladmin-tools\src\main\java\me\zhengjie\service\mapstruct\LocalStorageMapper.java,me.zhengjie.service.mapstruct.LocalStorageMapper,interface,4,5,1,4,0,1,0,0,0,0.0,-1.0,-1.0,0,0,0,0,0,0,0,0,0,0,0,0,0,0,0,0,0,0,0,2,0,0,0,0,0,1,0,0,0,0,0,0,0,0,7,1,0
c:\Users\arthur.menezes_evolu\Desktop\Pes\eladmin\eladmin-common\src\main\java\me\zhengjie\utils\QueryHelp.java,me.zhengjie.utils.QueryHelp,class,12,15,3,12,54,1,0,59,6,0.0,0.0,0.0,4,4,2,2,0,0,2,0,0,0,0,0,0,0,0,0,0,0,21,175,8,4,8,1,1,13,8,30,4,23,8,0,0,0,60,1,1
c:\Users\arthur.menezes_evolu\Desktop\Pes\eladmin\eladmin-common\src\main\java\me\zhengjie\config\AuditorConfig.java,me.zhengjie.config.AuditorConfig,class,3,3,0,3,2,1,0,2,0,0.0,NaN,NaN,1,0,1,0,0,0,1,0,0,0,0,0,0,0,0,0,0,0,3,10,2,0,0,1,0,2,0,0,0,0,1,0,0,0,9,1,0
c:\Users\arthur.menezes_evolu\Desktop\Pes\eladmin\eladmin-tools\src\main\java\me\zhengjie\rest\LocalStorageController.java,me.zhengjie.rest.LocalStorageController,class,25,25,0,25,7,1,0,10,0,0.0,0.0,0.0,6,0,6,0,0,0,6,0,0,0,1,0,0,1,0,0,1,0,2,29,5,0,0,0,0,18,0,2,0,3,1,0,0,0,36,1,0
c:\Users\arthur.menezes_evolu\Desktop\Pes\eladmin\eladmin-tools\src\main\java\me\zhengjie\domain\EmailConfig.java,me.zhengjie.domain.EmailConfig,class,7,10,3,7,0,1,0,0,0,NaN,-1.0,-1.0,0,0,0,0,0,0,0,0,0,0,6,0,0,6,0,0,0,0,0,8,0,0,0,0,0,8,0,0,0,6,0,0,0,0,20,1,0
c:\Users\arthur.menezes_evolu\Desktop\Pes\eladmin\eladmin-tools\src\main\java\me\zhengjie\domain\QiniuConfig.java,me.zhengjie.domain.QiniuConfig,class,7,10,3,7,0,1,0,0,0,NaN,-1.0,-1.0,0,0,0,0,0,0,0,0,0,0,7,0,0,7,0,0,0,0,0,9,0,0,0,0,0,10,0,1,0,7,0,0,0,0,17,1,0
c:\Users\arthur.menezes_evolu\Desktop\Pes\eladmin\eladmin-system\src\main\java\me\zhengjie\config\WebSocketConfig.java,me.zhengjie.config.WebSocketConfig,class,3,3,0,3,1,1,0,0,0,0.0,NaN,NaN,1,0,1,0,0,0,1,0,0,0,0,0,0,0,0,0,0,0,0,5,1,0,0,0,0,0,0,0,0,0,0,0,0,0,10,1,0
c:\Users\arthur.menezes_evolu\Desktop\Pes\eladmin\eladmin-system\src\main\java\me\zhengjie\modules\mnt\repository\DeployRepository.java,me.zhengjie.modules.mnt.repository.DeployRepository,interface,2,3,1,2,0,1,0,0,0,0.0,-1.0,-1.0,0,0,0,0,0,0,0,0,0,0,0,0,0,0,0,0,0,0,0,2,0,0,0,0,0,0,0,0,0,0,0,0,0,0,3,1,0
c:\Users\arthur.menezes_evolu\Desktop\Pes\eladmin\eladmin-tools\src\main\java\me\zhengjie\repository\AliPayRepository.java,me.zhengjie.repository.AliPayRepository,interface,1,2,1,1,0,1,0,0,0,0.0,-1.0,-1.0,0,0,0,0,0,0,0,0,0,0,0,0,0,0,0,0,0,0,0,2,0,0,0,0,0,0,0,0,0,0,0,0,0,0,5,1,0
c:\Users\arthur.menezes_evolu\Desktop\Pes\eladmin\eladmin-common\src\test\java\me\zhengjie\utils\StringUtilsTest.java,me.zhengjie.utils.StringUtilsTest,class,3,3,0,3,5,1,0,8,10,0.0,0.0,0.0,5,0,5,0,0,0,5,0,0,0,0,0,0,0,0,0,0,0,9,22,0,0,0,0,0,10,0,1,0,1,0,0,0,0,29,1,0
c:\Users\arthur.menezes_evolu\Desktop\Pes\eladmin\eladmin-tools\src\main\java\me\zhengjie\utils\AliPayStatusEnum.java,me.zhengjie.utils.AliPayStatusEnum,enum,0,1,1,0,2,1,0,0,0,0.0,0.0,0.0,2,0,1,0,0,1,2,0,0,0,1,0,0,1,0,0,1,0,0,12,1,0,0,0,0,4,0,1,0,1,0,0,0,0,26,1,0
c:\Users\arthur.menezes_evolu\Desktop\Pes\eladmin\eladmin-common\src\main\java\me\zhengjie\utils\RedisUtils.java,me.zhengjie.utils.RedisUtils,class,11,26,15,11,89,1,0,62,0,0.1375,0.0,0.0,40,0,40,0,0,0,40,0,0,0,2,1,0,2,0,0,1,0,4,396,60,5,3,28,0,16,20,26,7,29,4,0,0,3,87,1,38
c:\Users\arthur.menezes_evolu\Desktop\Pes\eladmin\eladmin-system\src\main\java\me\zhengjie\modules\system\service\dto\UserDto.java,me.zhengjie.modules.system.service.dto.UserDto,class,7,16,9,7,0,2,1,0,0,NaN,-1.0,-1.0,0,0,0,0,0,0,0,0,0,0,16,0,0,16,0,0,0,0,0,18,0,0,0,0,0,0,0,1,0,16,0,0,0,0,36,1,0
c:\Users\arthur.menezes_evolu\Desktop\Pes\eladmin\eladmin-system\src\main\java\me\zhengjie\modules\mnt\domain\ServerDeploy.java,me.zhengjie.modules.mnt.domain.ServerDeploy,class,10,18,8,10,6,2,0,6,1,0.77777773,0.0,0.0,3,0,3,0,0,0,3,0,0,0,6,0,0,6,0,0,0,0,3,24,4,0,3,0,0,8,0,1,0,7,1,0,0,0,29,1,0
c:\Users\arthur.menezes_evolu\Desktop\Pes\eladmin\eladmin-system\src\main\java\me\zhengjie\modules\mnt\service\mapstruct\DeployHistoryMapper.java,me.zhengjie.modules.mnt.service.mapstruct.DeployHistoryMapper,interface,4,5,1,4,0,1,0,0,0,0.0,-1.0,-1.0,0,0,0,0,0,0,0,0,0,0,0,0,0,0,0,0,0,0,0,2,0,0,0,0,0,1,0,0,0,0,0,0,0,0,6,1,0
c:\Users\arthur.menezes_evolu\Desktop\Pes\eladmin\eladmin-logging\src\main\java\me\zhengjie\service\dto\SysLogQueryCriteria.java,me.zhengjie.service.dto.SysLogQueryCriteria,class,2,5,3,2,0,1,0,0,0,NaN,-1.0,-1.0,0,0,0,0,0,0,0,0,0,0,4,0,0,4,0,0,0,0,0,6,0,0,0,0,0,1,0,0,0,4,0,0,0,0,13,1,0
c:\Users\arthur.menezes_evolu\Desktop\Pes\eladmin\eladmin-system\src\main\java\me\zhengjie\config\thread\AsyncTaskProperties.java,me.zhengjie.config.thread.AsyncTaskProperties,class,3,3,0,3,4,1,0,0,6,0.75,0.0,0.0,4,0,4,0,0,0,4,0,0,0,4,4,4,0,0,0,0,0,0,18,0,0,0,0,0,4,0,4,0,4,0,0,0,0,24,1,0
c:\Users\arthur.menezes_evolu\Desktop\Pes\eladmin\eladmin-system\src\main\java\me\zhengjie\modules\system\rest\UserController.java,me.zhengjie.modules.system.rest.UserController,class,37,38,1,37,22,1,0,47,0,0.71212125,0.0,0.0,11,0,10,1,0,0,10,0,0,0,6,0,0,6,0,0,6,0,16,97,11,1,0,0,0,36,0,12,2,18,2,0,0,0,65,1,0
c:\Users\arthur.menezes_evolu\Desktop\Pes\eladmin\eladmin-system\src\main\java\me\zhengjie\modules\security\service\dto\OnlineUserDto.java,me.zhengjie.modules.security.service.dto.OnlineUserDto,class,3,6,3,3,0,1,0,0,0,NaN,-1.0,-1.0,0,0,0,0,0,0,0,0,0,0,8,0,0,8,0,0,0,0,0,10,0,0,0,0,0,0,0,0,0,8,0,0,0,0,19,1,0
c:\Users\arthur.menezes_evolu\Desktop\Pes\eladmin\eladmin-system\src\main\java\me\zhengjie\modules\mnt\repository\DatabaseRepository.java,me.zhengjie.modules.mnt.repository.DatabaseRepository,interface,2,3,1,2,0,1,0,0,0,0.0,-1.0,-1.0,0,0,0,0,0,0,0,0,0,0,0,0,0,0,0,0,0,0,0,2,0,0,0,0,0,0,0,0,0,0,0,0,0,0,3,1,0
c:\Users\arthur.menezes_evolu\Desktop\Pes\eladmin\eladmin-logging\src\main\java\me\zhengjie\repository\LogRepository.java,me.zhengjie.repository.LogRepository,interface,5,6,1,5,1,1,0,0,0,0.0,NaN,NaN,1,0,0,0,0,1,1,0,0,0,0,0,0,0,0,0,0,0,0,3,0,0,0,0,0,1,0,0,0,0,0,0,0,0,14,1,0
c:\Users\arthur.menezes_evolu\Desktop\Pes\eladmin\eladmin-tools\src\main\java\me\zhengjie\config\MultipartConfig.java,me.zhengjie.config.MultipartConfig,class,4,4,0,4,3,1,0,6,0,0.0,NaN,NaN,1,0,0,0,0,1,1,0,0,0,0,0,0,0,0,0,0,0,1,14,1,0,0,0,0,3,0,3,1,3,2,0,0,0,15,1,0
c:\Users\arthur.menezes_evolu\Desktop\Pes\eladmin\eladmin-system\src\main\java\me\zhengjie\modules\security\config\bean\LoginCode.java,me.zhengjie.modules.security.config.bean.LoginCode,class,2,3,1,2,1,1,0,0,0,0.85714287,NaN,NaN,1,0,1,0,0,0,1,0,0,0,7,0,0,7,0,0,0,0,0,12,1,0,0,0,0,0,5,5,0,7,0,0,0,0,17,1,0
c:\Users\arthur.menezes_evolu\Desktop\Pes\eladmin\eladmin-common\src\main\java\me\zhengjie\utils\CacheKey.java,me.zhengjie.utils.CacheKey,interface,0,0,0,0,0,1,0,0,0,NaN,-1.0,-1.0,0,0,0,0,0,0,0,0,0,0,9,0,0,0,0,9,0,0,0,11,0,0,0,0,0,9,0,9,0,9,0,0,0,0,21,1,0
c:\Users\arthur.menezes_evolu\Desktop\Pes\eladmin\eladmin-common\src\main\java\me\zhengjie\utils\EncryptUtils.java,me.zhengjie.utils.EncryptUtils,class,2,7,5,2,11,1,0,15,4,0.6666667,0.0,0.0,5,5,2,3,0,0,2,0,0,0,3,3,0,3,0,0,2,0,9,55,6,2,4,0,1,7,11,20,4,18,2,0,0,0,55,1,0
c:\Users\arthur.menezes_evolu\Desktop\Pes\eladmin\eladmin-system\src\main\java\me\zhengjie\modules\system\service\dto\DictQueryCriteria.java,me.zhengjie.modules.system.service.dto.DictQueryCriteria,class,2,5,3,2,0,1,0,0,0,NaN,-1.0,-1.0,0,0,0,0,0,0,0,0,0,0,1,0,0,1,0,0,0,0,0,3,0,0,0,0,0,1,0,0,0,1,0,0,0,0,5,1,0
c:\Users\arthur.menezes_evolu\Desktop\Pes\eladmin\eladmin-system\src\main\java\me\zhengjie\modules\system\repository\JobRepository.java,me.zhengjie.modules.system.repository.JobRepository,interface,3,4,1,3,2,1,0,0,1,0.0,0.0,0.0,2,0,0,0,0,2,2,0,0,0,0,0,0,0,0,0,0,0,0,4,0,0,0,0,0,0,0,0,0,0,0,0,0,0,13,1,0
c:\Users\arthur.menezes_evolu\Desktop\Pes\eladmin\eladmin-system\src\main\java\me\zhengjie\modules\mnt\service\dto\ServerDeployQueryCriteria.java,me.zhengjie.modules.mnt.service.dto.ServerDeployQueryCriteria,class,2,5,3,2,0,1,0,0,0,NaN,-1.0,-1.0,0,0,0,0,0,0,0,0,0,0,2,0,0,2,0,0,0,0,0,4,0,0,0,0,0,1,0,0,0,2,0,0,0,0,9,1,0
c:\Users\arthur.menezes_evolu\Desktop\Pes\eladmin\eladmin-system\src\main\java\me\zhengjie\modules\system\service\dto\DeptQueryCriteria.java,me.zhengjie.modules.system.service.dto.DeptQueryCriteria,class,3,6,3,3,0,1,0,0,0,NaN,-1.0,-1.0,0,0,0,0,0,0,0,0,0,0,5,0,0,5,0,0,0,0,0,7,0,0,0,0,0,2,0,0,0,5,0,0,0,0,17,1,0
c:\Users\arthur.menezes_evolu\Desktop\Pes\eladmin\eladmin-tools\src\main\java\me\zhengjie\domain\QiniuContent.java,me.zhengjie.domain.QiniuContent,class,8,12,4,8,0,1,0,0,0,NaN,-1.0,-1.0,0,0,0,0,0,0,0,0,0,0,8,0,0,8,0,0,0,0,0,10,0,0,0,0,0,13,0,1,0,8,0,0,0,0,20,1,0
c:\Users\arthur.menezes_evolu\Desktop\Pes\eladmin\eladmin-common\src\main\java\me\zhengjie\exception\EntityNotFoundException.java,me.zhengjie.exception.EntityNotFoundException,class,1,4,3,1,2,4,0,3,1,0.0,NaN,NaN,2,1,1,1,0,0,1,0,0,0,0,0,0,0,0,0,0,0,1,8,1,0,0,0,0,3,0,0,1,0,0,0,0,0,16,1,0
c:\Users\arthur.menezes_evolu\Desktop\Pes\eladmin\eladmin-system\src\main\java\me\zhengjie\modules\mnt\service\dto\ServerDeployDto.java,me.zhengjie.modules.mnt.service.dto.ServerDeployDto,class,4,11,7,4,5,2,0,3,0,0.6666667,0.0,0.0,2,0,2,0,0,0,2,0,0,0,6,0,0,6,0,0,0,0,3,21,4,0,3,0,0,0,0,1,0,7,1,0,0,0,28,1,0
c:\Users\arthur.menezes_evolu\Desktop\Pes\eladmin\eladmin-system\src\main\java\me\zhengjie\modules\system\repository\DictRepository.java,me.zhengjie.modules.system.repository.DictRepository,interface,3,5,2,3,2,1,0,0,1,0.0,0.0,0.0,2,0,0,0,0,2,2,0,0,0,0,0,0,0,0,0,0,0,0,4,0,0,0,0,0,0,0,0,0,0,0,0,0,0,10,1,0
c:\Users\arthur.menezes_evolu\Desktop\Pes\eladmin\eladmin-system\src\main\java\me\zhengjie\modules\mnt\repository\DeployHistoryRepository.java,me.zhengjie.modules.mnt.repository.DeployHistoryRepository,interface,2,3,1,2,0,1,0,0,0,0.0,-1.0,-1.0,0,0,0,0,0,0,0,0,0,0,0,0,0,0,0,0,0,0,0,2,0,0,0,0,0,0,0,0,0,0,0,0,0,0,4,1,0
c:\Users\arthur.menezes_evolu\Desktop\Pes\eladmin\eladmin-system\src\main\java\me\zhengjie\modules\system\repository\MenuRepository.java,me.zhengjie.modules.system.repository.MenuRepository,interface,5,6,1,5,7,1,0,0,21,0.0,0.0,0.0,7,0,0,0,0,7,7,0,0,0,0,0,0,0,0,0,0,0,0,9,0,0,0,0,0,3,0,0,1,0,0,0,0,0,56,1,0
c:\Users\arthur.menezes_evolu\Desktop\Pes\eladmin\eladmin-system\src\main\java\me\zhengjie\modules\mnt\service\dto\DeployDto.java,me.zhengjie.modules.mnt.service.dto.DeployDto,class,6,11,5,6,7,2,0,8,1,0.73333335,0.0,0.0,3,0,3,0,0,0,3,0,0,0,5,0,0,5,0,0,0,0,3,26,6,0,3,0,0,1,0,1,0,6,1,0,0,0,26,1,0
c:\Users\arthur.menezes_evolu\Desktop\Pes\eladmin\eladmin-tools\src\main\java\me\zhengjie\service\QiNiuService.java,me.zhengjie.service.QiNiuService,interface,7,9,2,7,12,1,0,0,66,0.0,0.0,0.0,12,0,0,0,0,12,12,0,0,0,0,0,0,0,0,0,0,0,0,14,0,0,0,0,0,0,0,0,0,0,0,0,0,0,41,1,0
c:\Users\arthur.menezes_evolu\Desktop\Pes\eladmin\eladmin-system\src\main\java\me\zhengjie\modules\mnt\service\dto\AppQueryCriteria.java,me.zhengjie.modules.mnt.service.dto.AppQueryCriteria,class,2,5,3,2,0,1,0,0,0,NaN,-1.0,-1.0,0,0,0,0,0,0,0,0,0,0,2,0,0,2,0,0,0,0,0,4,0,0,0,0,0,0,0,0,0,2,0,0,0,0,8,1,0
c:\Users\arthur.menezes_evolu\Desktop\Pes\eladmin\eladmin-common\src\main\java\me\zhengjie\exception\handler\ApiError.java,me.zhengjie.exception.handler.ApiError,class,2,4,2,2,3,1,0,3,1,0.5555556,0.0,0.0,3,2,2,1,0,0,2,0,0,0,3,0,0,3,0,0,0,0,1,19,2,0,0,0,0,0,1,4,0,5,0,0,0,0,11,0,0
c:\Users\arthur.menezes_evolu\Desktop\Pes\eladmin\eladmin-system\src\main\java\me\zhengjie\modules\system\service\dto\DictDetailDto.java,me.zhengjie.modules.system.service.dto.DictDetailDto,class,4,9,5,4,0,2,0,0,0,NaN,-1.0,-1.0,0,0,0,0,0,0,0,0,0,0,5,0,0,5,0,0,0,0,0,7,0,0,0,0,0,0,0,0,0,5,0,0,0,0,18,1,0
c:\Users\arthur.menezes_evolu\Desktop\Pes\eladmin\eladmin-system\src\main\java\me\zhengjie\modules\security\config\ConfigBeanConfiguration.java,me.zhengjie.modules.security.config.ConfigBeanConfiguration,class,5,5,0,5,2,1,0,0,1,0.0,0.0,0.0,2,0,2,0,0,0,2,0,0,0,0,0,0,0,0,0,0,0,0,8,2,0,0,0,0,2,0,0,0,0,0,0,0,0,10,1,0
c:\Users\arthur.menezes_evolu\Desktop\Pes\eladmin\eladmin-system\src\main\java\me\zhengjie\modules\system\service\impl\UserServiceImpl.java,me.zhengjie.modules.system.service.impl.UserServiceImpl$Anonymous1,anonymous,0,0,0,0,1,1,0,2,0,0.0,NaN,NaN,0,0,0,0,0,0,1,0,0,0,0,0,0,0,0,0,0,0,0,5,0,0,0,0,0,1,0,0,0,0,0,0,0,0,1,-1,0
c:\Users\arthur.menezes_evolu\Desktop\Pes\eladmin\eladmin-system\src\main\java\me\zhengjie\modules\mnt\rest\DeployController.java,me.zhengjie.modules.mnt.rest.DeployController,class,24,24,0,24,11,1,0,21,0,0.45,0.0,0.0,10,0,10,0,0,0,10,0,0,0,2,0,0,2,0,0,2,0,2,57,9,0,1,0,0,43,2,10,4,10,1,0,0,0,48,1,0
c:\Users\arthur.menezes_evolu\Desktop\Pes\eladmin\eladmin-system\src\main\java\me\zhengjie\modules\quartz\repository\QuartzJobRepository.java,me.zhengjie.modules.quartz.repository.QuartzJobRepository,interface,3,5,2,3,1,1,0,0,0,0.0,NaN,NaN,1,0,0,0,0,1,1,0,0,0,0,0,0,0,0,0,0,0,0,3,0,0,0,0,0,0,0,0,0,0,0,0,0,0,11,1,0
c:\Users\arthur.menezes_evolu\Desktop\Pes\eladmin\eladmin-system\src\main\java\me\zhengjie\modules\quartz\config\QuartzConfig.java,me.zhengjie.modules.quartz.config.QuartzConfig,class,2,2,0,2,0,2,0,0,0,0.0,-1.0,-1.0,0,0,0,0,0,0,0,0,0,0,0,0,0,0,0,0,0,0,0,13,0,0,0,0,0,0,0,0,0,0,0,0,1,0,2,1,0
c:\Users\arthur.menezes_evolu\Desktop\Pes\eladmin\eladmin-tools\src\main\java\me\zhengjie\domain\LocalStorage.java,me.zhengjie.domain.LocalStorage,class,11,16,5,11,2,2,0,3,1,0.5714286,0.0,0.0,2,0,2,0,0,0,2,0,0,0,7,0,0,7,0,0,0,0,0,20,0,0,0,0,0,9,0,6,0,7,0,0,0,0,21,1,0
c:\Users\arthur.menezes_evolu\Desktop\Pes\eladmin\eladmin-system\src\main\java\me\zhengjie\modules\system\domain\vo\MenuMetaVo.java,me.zhengjie.modules.system.domain.vo.MenuMetaVo,class,2,4,2,2,0,1,0,0,0,NaN,-1.0,-1.0,0,0,0,0,0,0,0,0,0,0,3,0,0,3,0,0,0,0,0,5,0,0,0,0,0,0,0,0,0,3,0,0,0,0,11,1,0
c:\Users\arthur.menezes_evolu\Desktop\Pes\eladmin\eladmin-system\src\main\java\me\zhengjie\modules\quartz\config\QuartzConfig.java,me.zhengjie.modules.quartz.config.QuartzConfig$QuartzJobFactory,innerclass,4,4,0,4,2,2,0,2,0,0.0,0.0,0.0,2,0,1,0,1,0,2,0,0,0,1,0,0,1,0,0,1,0,0,11,1,0,0,0,0,1,0,2,0,2,0,0,0,0,17,9,0
c:\Users\arthur.menezes_evolu\Desktop\Pes\eladmin\eladmin-system\src\main\java\me\zhengjie\modules\system\service\mapstruct\RoleSmallMapper.java,me.zhengjie.modules.system.service.mapstruct.RoleSmallMapper,interface,4,5,1,4,0,1,0,0,0,0.0,-1.0,-1.0,0,0,0,0,0,0,0,0,0,0,0,0,0,0,0,0,0,0,0,2,0,0,0,0,0,1,0,0,0,0,0,0,0,0,7,1,0
c:\Users\arthur.menezes_evolu\Desktop\Pes\eladmin\eladmin-system\src\main\java\me\zhengjie\modules\quartz\service\impl\QuartzJobServiceImpl.java,me.zhengjie.modules.quartz.service.impl.QuartzJobServiceImpl,class,20,21,1,20,27,1,0,46,26,0.71153843,0.0,0.0,13,0,13,0,0,0,13,0,0,0,4,0,0,4,0,0,4,0,8,117,5,5,1,0,0,28,1,13,0,26,2,0,0,4,58,1,0
c:\Users\arthur.menezes_evolu\Desktop\Pes\eladmin\eladmin-system\src\main\java\me\zhengjie\modules\system\domain\Dict.java,me.zhengjie.modules.system.domain.Dict,class,14,22,8,14,0,2,0,0,0,NaN,-1.0,-1.0,0,0,0,0,0,0,0,0,0,0,4,0,0,4,0,0,0,0,0,6,0,0,0,0,0,6,0,0,0,4,0,0,0,0,18,1,0
c:\Users\arthur.menezes_evolu\Desktop\Pes\eladmin\eladmin-system\src\main\java\me\zhengjie\modules\mnt\service\dto\DeployQueryCriteria.java,me.zhengjie.modules.mnt.service.dto.DeployQueryCriteria,class,2,5,3,2,0,1,0,0,0,NaN,-1.0,-1.0,0,0,0,0,0,0,0,0,0,0,2,0,0,2,0,0,0,0,0,4,0,0,0,0,0,2,0,0,0,2,0,0,0,0,9,1,0
c:\Users\arthur.menezes_evolu\Desktop\Pes\eladmin\eladmin-system\src\main\java\me\zhengjie\modules\security\service\dto\AuthUserDto.java,me.zhengjie.modules.security.service.dto.AuthUserDto,class,3,4,1,3,0,1,0,0,0,NaN,-1.0,-1.0,0,0,0,0,0,0,0,0,0,0,4,0,0,4,0,0,0,0,0,6,0,0,0,0,0,1,0,1,0,4,0,0,0,0,9,1,0
c:\Users\arthur.menezes_evolu\Desktop\Pes\eladmin\eladmin-common\src\main\java\me\zhengjie\exception\BadRequestException.java,me.zhengjie.exception.BadRequestException,class,2,35,33,2,2,4,0,1,1,0.5,0.0,0.0,2,0,2,0,0,0,2,0,0,0,1,0,0,1,0,0,0,0,0,10,0,0,0,0,0,0,0,2,0,1,0,0,0,0,11,1,0
c:\Users\arthur.menezes_evolu\Desktop\Pes\eladmin\eladmin-system\src\main\java\me\zhengjie\modules\system\service\DictService.java,me.zhengjie.modules.system.service.DictService,interface,6,8,2,6,6,1,0,0,15,0.0,0.0,0.0,6,0,0,0,0,6,6,0,0,0,0,0,0,0,0,0,0,0,0,8,0,0,0,0,0,0,0,0,0,0,0,0,0,0,25,1,0
c:\Users\arthur.menezes_evolu\Desktop\Pes\eladmin\eladmin-system\src\main\java\me\zhengjie\modules\mnt\domain\Deploy.java,me.zhengjie.modules.mnt.domain.Deploy,class,16,21,5,16,1,2,0,3,0,1.0,NaN,NaN,1,0,1,0,0,0,1,0,0,0,3,0,0,3,0,0,0,0,0,8,0,0,0,0,0,11,0,0,0,3,0,0,0,0,16,1,0
c:\Users\arthur.menezes_evolu\Desktop\Pes\eladmin\eladmin-generator\src\main\java\me\zhengjie\rest\GeneratorController.java,me.zhengjie.rest.GeneratorController,class,25,25,0,25,12,1,0,13,0,0.5555555,0.0,0.0,6,0,6,0,0,0,6,0,0,0,3,0,0,3,0,0,2,0,1,44,7,1,1,0,0,19,4,2,0,5,1,0,0,0,41,1,0
c:\Users\arthur.menezes_evolu\Desktop\Pes\eladmin\eladmin-system\src\main\java\me\zhengjie\modules\system\domain\DictDetail.java,me.zhengjie.modules.system.domain.DictDetail,class,14,20,6,14,0,2,0,0,0,NaN,-1.0,-1.0,0,0,0,0,0,0,0,0,0,0,5,0,0,5,0,0,0,0,0,7,0,0,0,0,0,8,1,1,0,5,0,0,0,0,19,1,0
c:\Users\arthur.menezes_evolu\Desktop\Pes\eladmin\eladmin-common\src\main\java\me\zhengjie\config\FileProperties.java,me.zhengjie.config.FileProperties,class,4,7,3,4,3,1,0,3,0,0.4,NaN,NaN,1,0,1,0,0,0,1,0,0,0,5,0,0,5,0,0,0,0,1,21,3,0,0,0,0,2,0,1,0,6,1,0,1,0,17,1,0
c:\Users\arthur.menezes_evolu\Desktop\Pes\eladmin\eladmin-system\src\main\java\me\zhengjie\modules\quartz\service\dto\JobQueryCriteria.java,me.zhengjie.modules.quartz.service.dto.JobQueryCriteria,class,2,5,3,2,0,1,0,0,0,NaN,-1.0,-1.0,0,0,0,0,0,0,0,0,0,0,3,0,0,3,0,0,0,0,0,5,0,0,0,0,0,0,0,0,0,3,0,0,0,0,13,1,0
c:\Users\arthur.menezes_evolu\Desktop\Pes\eladmin\eladmin-system\src\main\java\me\zhengjie\modules\system\repository\DeptRepository.java,me.zhengjie.modules.system.repository.DeptRepository,interface,5,6,1,5,5,1,0,0,10,0.0,0.0,0.0,5,0,0,0,0,5,5,0,0,0,0,0,0,0,0,0,0,0,0,7,0,0,0,0,0,3,0,0,1,0,0,0,0,0,35,1,0
c:\Users\arthur.menezes_evolu\Desktop\Pes\eladmin\eladmin-tools\src\main\java\me\zhengjie\repository\QiNiuConfigRepository.java,me.zhengjie.repository.QiNiuConfigRepository,interface,3,4,1,3,1,1,0,0,0,0.0,NaN,NaN,1,0,0,0,0,1,1,0,0,0,0,0,0,0,0,0,0,0,0,3,0,0,0,0,0,1,0,0,0,0,0,0,0,0,11,1,0
c:\Users\arthur.menezes_evolu\Desktop\Pes\eladmin\eladmin-generator\src\main\java\me\zhengjie\service\impl\GenConfigServiceImpl.java,me.zhengjie.service.impl.GenConfigServiceImpl,class,5,5,0,5,6,1,0,8,0,0.0,0.0,0.0,2,0,2,0,0,0,2,0,0,0,1,0,0,1,0,0,1,0,0,32,3,1,1,0,0,4,0,6,0,6,2,0,0,0,20,1,0
c:\Users\arthur.menezes_evolu\Desktop\Pes\eladmin\eladmin-system\src\main\java\me\zhengjie\modules\system\service\dto\DeptDto.java,me.zhengjie.modules.system.service.dto.DeptDto,class,4,10,6,4,10,2,0,3,2,0.8,0.0,0.0,5,0,5,0,0,0,5,0,0,0,7,0,0,7,0,0,0,0,3,31,7,0,3,0,0,0,2,1,0,8,1,0,0,0,35,1,0
c:\Users\arthur.menezes_evolu\Desktop\Pes\eladmin\eladmin-system\src\test\java\me\zhengjie\EladminSystemApplicationTests.java,me.zhengjie.EladminSystemApplicationTests,class,2,2,0,2,2,1,0,0,1,0.0,0.0,0.0,2,1,2,0,0,0,2,0,0,0,0,0,0,0,0,0,0,0,0,6,0,0,0,0,0,0,0,0,0,0,0,0,0,0,10,1,0
c:\Users\arthur.menezes_evolu\Desktop\Pes\eladmin\eladmin-system\src\main\java\me\zhengjie\modules\system\service\dto\RoleQueryCriteria.java,me.zhengjie.modules.system.service.dto.RoleQueryCriteria,class,2,5,3,2,0,1,0,0,0,NaN,-1.0,-1.0,0,0,0,0,0,0,0,0,0,0,2,0,0,2,0,0,0,0,0,4,0,0,0,0,0,1,0,0,0,2,0,0,0,0,8,1,0
c:\Users\arthur.menezes_evolu\Desktop\Pes\eladmin\eladmin-tools\src\main\java\me\zhengjie\rest\QiniuController.java,me.zhengjie.rest.QiniuController,class,24,24,0,24,9,1,0,16,0,0.0,0.0,0.0,9,0,9,0,0,0,9,0,0,0,1,0,0,1,0,0,1,0,0,42,8,0,0,0,0,25,3,3,0,4,0,0,0,0,38,1,0
c:\Users\arthur.menezes_evolu\Desktop\Pes\eladmin\eladmin-system\src\main\java\me\zhengjie\config\thread\CustomExecutorConfig.java,me.zhengjie.config.thread.CustomExecutorConfig,class,4,4,0,4,2,1,0,7,1,0.0,0.0,0.0,2,0,2,0,0,0,2,0,0,0,0,0,0,0,0,0,0,0,0,23,2,0,0,0,0,2,2,2,0,2,0,0,0,0,14,1,0
c:\Users\arthur.menezes_evolu\Desktop\Pes\eladmin\eladmin-common\src\test\java\me\zhengjie\utils\EncryptUtilsTest.java,me.zhengjie.utils.EncryptUtilsTest,class,2,2,0,2,4,1,0,4,1,0.0,0.0,0.0,2,0,2,0,0,0,2,0,0,0,0,0,0,0,0,0,0,0,2,18,0,0,0,2,0,4,0,0,0,0,1,0,0,0,10,1,0
c:\Users\arthur.menezes_evolu\Desktop\Pes\eladmin\eladmin-system\src\main\java\me\zhengjie\modules\system\service\DeptService.java,me.zhengjie.modules.system.service.DeptService,interface,4,8,4,4,13,1,0,0,78,0.0,0.0,0.0,13,0,0,0,0,13,13,0,0,0,0,0,0,0,0,0,0,0,0,15,0,0,0,0,0,0,0,0,0,0,0,0,0,0,45,1,0
c:\Users\arthur.menezes_evolu\Desktop\Pes\eladmin\eladmin-system\src\main\java\me\zhengjie\modules\security\security\TokenProvider.java,me.zhengjie.modules.security.security.TokenProvider,class,14,20,6,14,11,1,0,32,4,0.7,0.0,0.0,8,0,7,0,0,1,8,0,0,0,5,1,1,4,0,0,3,0,1,50,6,0,1,0,0,3,2,17,4,17,1,0,0,0,57,1,0
c:\Users\arthur.menezes_evolu\Desktop\Pes\eladmin\eladmin-system\src\main\java\me\zhengjie\modules\mnt\domain\DeployHistory.java,me.zhengjie.modules.mnt.domain.DeployHistory,class,9,16,7,9,1,1,0,3,0,1.0,NaN,NaN,1,0,1,0,0,0,1,0,0,0,6,0,0,6,0,0,0,0,0,11,0,0,0,0,0,8,0,0,0,6,0,0,0,0,19,1,0
c:\Users\arthur.menezes_evolu\Desktop\Pes\eladmin\eladmin-system\src\main\java\me\zhengjie\modules\mnt\websocket\MsgType.java,me.zhengjie.modules.mnt.websocket.MsgType,enum,0,2,2,0,0,1,0,0,0,0.0,-1.0,-1.0,0,0,0,0,0,0,0,0,0,0,0,0,0,0,0,0,0,0,0,5,0,0,0,0,0,0,0,0,0,0,0,0,0,0,9,1,0
c:\Users\arthur.menezes_evolu\Desktop\Pes\eladmin\eladmin-common\src\main\java\me\zhengjie\utils\FileUtil.java,me.zhengjie.utils.FileUtil,class,13,35,22,13,50,2,0,57,94,0.90340906,0.0,0.0,16,16,13,2,0,1,14,0,0,0,11,11,6,5,0,0,11,0,14,247,24,2,5,8,12,48,30,69,29,52,4,0,0,0,168,1,7
c:\Users\arthur.menezes_evolu\Desktop\Pes\eladmin\eladmin-common\src\main\java\me\zhengjie\base\BaseMapper.java,me.zhengjie.base.BaseMapper,interface,2,36,34,2,4,1,0,0,6,0.0,0.0,0.0,4,0,0,0,0,4,4,0,0,0,0,0,0,0,0,0,0,0,0,6,0,0,0,0,0,0,0,0,0,0,0,0,0,0,10,1,0
c:\Users\arthur.menezes_evolu\Desktop\Pes\eladmin\eladmin-system\src\main\java\me\zhengjie\modules\system\rest\LimitController.java,me.zhengjie.modules.system.rest.LimitController,class,6,6,0,6,1,1,0,1,0,0.0,NaN,NaN,1,0,1,0,0,0,1,0,0,0,1,1,0,1,0,0,1,0,0,6,1,0,0,0,0,6,2,1,0,1,0,0,0,0,19,1,0
c:\Users\arthur.menezes_evolu\Desktop\Pes\eladmin\eladmin-system\src\main\java\me\zhengjie\modules\system\service\mapstruct\DictDetailMapper.java,me.zhengjie.modules.system.service.mapstruct.DictDetailMapper,interface,5,6,1,5,0,1,0,0,0,0.0,-1.0,-1.0,0,0,0,0,0,0,0,0,0,0,0,0,0,0,0,0,0,0,0,2,0,0,0,0,0,1,0,0,0,0,0,0,0,0,7,1,0
c:\Users\arthur.menezes_evolu\Desktop\Pes\eladmin\eladmin-system\src\main\java\me\zhengjie\modules\system\service\mapstruct\JobSmallMapper.java,me.zhengjie.modules.system.service.mapstruct.JobSmallMapper,interface,4,4,0,4,0,1,0,0,0,0.0,-1.0,-1.0,0,0,0,0,0,0,0,0,0,0,0,0,0,0,0,0,0,0,0,2,0,0,0,0,0,1,0,0,0,0,0,0,0,0,7,1,0
c:\Users\arthur.menezes_evolu\Desktop\Pes\eladmin\eladmin-system\src\main\java\me\zhengjie\modules\system\service\DictDetailService.java,me.zhengjie.modules.system.service.DictDetailService,interface,5,7,2,5,5,1,0,0,10,0.0,0.0,0.0,5,0,0,0,0,5,5,0,0,0,0,0,0,0,0,0,0,0,0,7,0,0,0,0,0,0,0,0,0,0,0,0,0,0,22,1,0
c:\Users\arthur.menezes_evolu\Desktop\Pes\eladmin\eladmin-system\src\main\java\me\zhengjie\modules\quartz\domain\QuartzLog.java,me.zhengjie.modules.quartz.domain.QuartzLog,class,8,12,4,8,0,1,0,0,0,NaN,-1.0,-1.0,0,0,0,0,0,0,0,0,0,0,10,0,0,10,0,0,0,0,0,12,0,0,0,0,0,12,0,0,0,10,0,0,0,0,27,1,0
c:\Users\arthur.menezes_evolu\Desktop\Pes\eladmin\eladmin-common\src\main\java\me\zhengjie\utils\PageResult.java,me.zhengjie.utils.PageResult,class,3,53,50,3,0,1,0,0,0,NaN,-1.0,-1.0,0,0,0,0,0,0,0,0,0,0,2,0,0,2,0,0,2,0,0,4,0,0,0,0,0,0,0,0,0,2,0,0,0,0,4,1,0
c:\Users\arthur.menezes_evolu\Desktop\Pes\eladmin\eladmin-logging\src\main\java\me\zhengjie\service\SysLogService.java,me.zhengjie.service.SysLogService,interface,8,11,3,8,8,1,0,0,28,0.0,0.0,0.0,8,0,0,0,0,8,8,0,0,0,0,0,0,0,0,0,0,0,0,10,0,0,0,0,0,0,0,0,0,0,0,0,0,0,41,1,0
c:\Users\arthur.menezes_evolu\Desktop\Pes\eladmin\eladmin-common\src\main\java\me\zhengjie\config\RedisConfig.java,me.zhengjie.config.StringRedisSerializer,class,3,4,1,3,6,1,0,5,0,0.25,0.0,0.0,4,0,2,1,0,1,3,0,0,0,1,0,0,1,0,0,1,0,0,21,3,0,1,0,1,3,0,3,0,2,1,0,0,0,15,0,0
c:\Users\arthur.menezes_evolu\Desktop\Pes\eladmin\eladmin-generator\src\main\java\me\zhengjie\service\GeneratorService.java,me.zhengjie.service.GeneratorService,interface,8,10,2,8,9,1,0,0,36,0.0,0.0,0.0,9,0,0,0,0,9,9,0,0,0,0,0,0,0,0,0,0,0,0,11,0,0,0,0,0,0,0,0,0,0,0,0,0,0,32,1,0
c:\Users\arthur.menezes_evolu\Desktop\Pes\eladmin\eladmin-system\src\main\java\me\zhengjie\modules\mnt\service\DeployService.java,me.zhengjie.modules.mnt.service.DeployService,interface,7,9,2,7,12,1,0,0,66,0.0,0.0,0.0,12,0,0,0,0,12,12,0,0,0,0,0,0,0,0,0,0,0,0,14,0,0,0,0,0,0,0,0,0,0,0,0,0,0,41,1,0
c:\Users\arthur.menezes_evolu\Desktop\Pes\eladmin\eladmin-system\src\main\java\me\zhengjie\modules\quartz\utils\ExecutionJob.java,me.zhengjie.modules.quartz.utils.ExecutionJob,class,19,21,2,19,10,2,0,51,1,0.5,NaN,NaN,2,0,1,1,0,0,1,0,0,0,2,0,0,2,0,0,2,0,11,71,1,0,2,1,0,13,1,21,5,21,3,0,0,0,52,1,2
c:\Users\arthur.menezes_evolu\Desktop\Pes\eladmin\eladmin-system\src\main\java\me\zhengjie\modules\mnt\service\dto\AppDto.java,me.zhengjie.modules.mnt.service.dto.AppDto,class,3,9,6,3,0,2,0,0,0,NaN,-1.0,-1.0,0,0,0,0,0,0,0,0,0,0,8,0,0,8,0,0,0,0,0,10,0,0,0,0,0,0,0,0,0,8,0,0,0,0,19,1,0
c:\Users\arthur.menezes_evolu\Desktop\Pes\eladmin\eladmin-tools\src\main\java\me\zhengjie\utils\AlipayUtils.java,me.zhengjie.utils.AlipayUtils,class,3,4,1,3,6,1,0,12,1,0.0,0.0,0.0,2,0,2,0,0,0,2,0,0,0,0,0,0,0,0,0,0,0,1,34,3,2,1,1,2,6,13,16,8,15,2,0,0,0,41,1,0
c:\Users\arthur.menezes_evolu\Desktop\Pes\eladmin\eladmin-common\src\main\java\me\zhengjie\utils\StringUtils.java,me.zhengjie.utils.StringUtils,class,8,16,8,8,42,2,0,41,26,0.8333333,0.0,0.0,8,8,7,0,0,1,8,0,0,0,3,3,0,3,0,0,3,0,10,137,16,4,14,2,2,20,15,41,5,27,5,0,0,0,83,1,1
c:\Users\arthur.menezes_evolu\Desktop\Pes\eladmin\eladmin-common\src\main\java\me\zhengjie\config\AuthorityConfig.java,me.zhengjie.config.AuthorityConfig,class,2,2,0,2,1,1,0,9,0,0.0,NaN,NaN,1,0,1,0,0,0,1,0,0,0,0,0,0,0,0,0,0,0,3,6,1,0,0,0,0,2,0,1,0,1,0,0,0,0,10,1,0
c:\Users\arthur.menezes_evolu\Desktop\Pes\eladmin\eladmin-system\src\main\java\me\zhengjie\modules\system\service\dto\UserLoginDto.java,me.zhengjie.modules.system.service.dto.UserLoginDto,class,1,6,5,1,0,3,0,0,0,NaN,-1.0,-1.0,0,0,0,0,0,0,0,0,0,0,2,0,0,2,0,0,0,0,0,4,0,0,0,0,0,0,0,0,0,2,0,0,0,0,9,1,0
c:\Users\arthur.menezes_evolu\Desktop\Pes\eladmin\eladmin-common\src\main\java\me\zhengjie\config\RsaProperties.java,me.zhengjie.config.RsaProperties,class,3,3,0,3,1,1,0,0,0,0.0,NaN,NaN,1,0,1,0,0,0,1,0,0,0,1,1,1,0,0,0,0,0,0,6,0,0,0,0,0,1,0,1,0,1,0,0,0,0,8,1,0
c:\Users\arthur.menezes_evolu\Desktop\Pes\eladmin\eladmin-system\src\main\java\me\zhengjie\modules\system\domain\Role.java,me.zhengjie.modules.system.domain.Role,class,20,31,11,20,5,2,0,4,0,0.875,0.0,0.0,2,0,2,0,0,0,2,0,0,0,8,0,0,8,0,0,0,0,2,23,4,0,3,0,0,22,1,3,0,9,1,0,0,0,35,1,0
c:\Users\arthur.menezes_evolu\Desktop\Pes\eladmin\eladmin-system\src\main\java\me\zhengjie\modules\mnt\util\DataTypeEnum.java,me.zhengjie.modules.mnt.util.DataTypeEnum,enum,2,4,2,2,13,1,0,6,18,0.77777773,0.0,0.0,9,1,8,0,0,1,9,0,0,0,8,1,0,8,0,0,1,0,2,72,9,1,1,1,0,110,0,10,3,10,4,0,0,0,76,1,0
c:\Users\arthur.menezes_evolu\Desktop\Pes\eladmin\eladmin-tools\src\main\java\me\zhengjie\repository\QiniuContentRepository.java,me.zhengjie.repository.QiniuContentRepository,interface,3,4,1,3,1,1,0,0,0,0.0,NaN,NaN,1,0,0,0,0,1,1,0,0,0,0,0,0,0,0,0,0,0,0,3,0,0,0,0,0,0,0,0,0,0,0,0,0,0,9,1,0
c:\Users\arthur.menezes_evolu\Desktop\Pes\eladmin\eladmin-system\src\main\java\me\zhengjie\modules\mnt\rest\DeployHistoryController.java,me.zhengjie.modules.mnt.rest.DeployHistoryController,class,17,17,0,17,3,1,0,4,0,0.0,0.0,0.0,3,0,3,0,0,0,3,0,0,0,1,0,0,1,0,0,1,0,0,13,2,0,0,0,0,10,0,0,0,1,0,0,0,0,24,1,0
c:\Users\arthur.menezes_evolu\Desktop\Pes\eladmin\eladmin-tools\src\main\java\me\zhengjie\service\dto\LocalStorageQueryCriteria.java,me.zhengjie.service.dto.LocalStorageQueryCriteria,class,2,5,3,2,0,1,0,0,0,NaN,-1.0,-1.0,0,0,0,0,0,0,0,0,0,0,2,0,0,2,0,0,0,0,0,4,0,0,0,0,0,1,0,0,0,2,0,0,0,0,10,1,0
c:\Users\arthur.menezes_evolu\Desktop\Pes\eladmin\eladmin-logging\src\main\java\me\zhengjie\service\impl\SysLogServiceImpl.java,me.zhengjie.service.impl.SysLogServiceImpl,class,27,28,1,27,23,1,0,59,0,0.6666667,0.0,0.0,9,0,8,1,0,0,8,0,0,0,3,0,0,3,0,0,3,0,6,97,7,2,4,0,3,23,4,20,1,31,3,0,0,3,79,1,0
c:\Users\arthur.menezes_evolu\Desktop\Pes\eladmin\eladmin-common\src\main\java\me\zhengjie\annotation\Query.java,me.zhengjie.annotation.Query$Join,enum,0,0,0,0,0,1,0,0,0,0.0,-1.0,-1.0,0,0,0,0,0,0,0,0,0,0,0,0,0,0,0,0,0,0,0,2,0,0,0,0,0,0,0,0,0,0,0,0,0,0,8,0,0
c:\Users\arthur.menezes_evolu\Desktop\Pes\eladmin\eladmin-system\src\main\java\me\zhengjie\modules\system\service\impl\RoleServiceImpl.java,me.zhengjie.modules.system.service.impl.RoleServiceImpl,class,31,32,1,31,27,1,0,64,0,0.7604167,0.0,0.0,16,0,16,0,0,0,16,0,0,0,6,0,0,6,0,0,6,0,10,115,10,3,3,0,0,16,2,15,1,27,1,0,0,4,79,1,0
c:\Users\arthur.menezes_evolu\Desktop\Pes\eladmin\eladmin-common\src\main\java\me\zhengjie\config\SwaggerConfig.java,me.zhengjie.config.SwaggerConfig,class,13,14,1,13,6,1,0,24,13,0.75,NaN,NaN,6,0,1,5,0,0,1,0,0,0,2,0,0,2,0,0,0,0,0,32,6,0,0,0,0,12,2,7,0,9,0,0,0,1,39,1,0
c:\Users\arthur.menezes_evolu\Desktop\Pes\eladmin\eladmin-common\src\main\java\me\zhengjie\utils\CloseUtil.java,me.zhengjie.utils.CloseUtil,class,0,2,2,0,6,1,0,2,1,0.0,0.0,0.0,2,2,2,0,0,0,2,0,0,0,0,0,0,0,0,0,0,0,0,20,0,0,2,2,0,0,0,0,0,0,2,0,0,0,11,1,0
c:\Users\arthur.menezes_evolu\Desktop\Pes\eladmin\eladmin-common\src\main\java\me\zhengjie\utils\enums\CodeEnum.java,me.zhengjie.utils.enums.CodeEnum,enum,2,2,0,2,0,1,0,0,0,NaN,-1.0,-1.0,0,0,0,0,0,0,0,0,0,0,2,0,0,2,0,0,2,0,0,3,0,0,0,0,0,8,0,0,0,2,0,0,0,0,25,1,0
c:\Users\arthur.menezes_evolu\Desktop\Pes\eladmin\eladmin-system\src\main\java\me\zhengjie\modules\security\service\OnlineUserService.java,me.zhengjie.modules.security.service.OnlineUserService,class,18,25,7,18,11,1,0,38,1,0.52380955,0.0,0.0,7,0,7,0,0,0,7,0,0,0,3,0,0,3,0,0,3,0,8,60,3,2,0,1,1,10,0,15,4,19,1,0,0,1,56,1,1
c:\Users\arthur.menezes_evolu\Desktop\Pes\eladmin\eladmin-system\src\main\java\me\zhengjie\modules\system\service\MenuService.java,me.zhengjie.modules.system.service.MenuService,interface,5,7,2,5,13,1,0,0,78,0.0,0.0,0.0,13,0,0,0,0,13,13,0,0,0,0,0,0,0,0,0,0,0,0,15,0,0,0,0,0,0,0,0,0,0,0,0,0,0,44,1,0
c:\Users\arthur.menezes_evolu\Desktop\Pes\eladmin\eladmin-common\src\main\java\me\zhengjie\aspect\LimitAspect.java,me.zhengjie.aspect.LimitAspect,class,18,19,1,18,8,1,0,23,4,0.625,0.0,0.0,4,0,3,1,0,0,3,0,0,0,2,1,0,2,0,0,2,0,2,39,2,0,2,0,0,18,0,14,1,12,2,0,0,0,37,1,1
c:\Users\arthur.menezes_evolu\Desktop\Pes\eladmin\eladmin-system\src\main\java\me\zhengjie\modules\system\repository\RoleRepository.java,me.zhengjie.modules.system.repository.RoleRepository,interface,5,7,2,5,6,1,0,0,15,0.0,0.0,0.0,6,0,0,0,0,6,6,0,0,0,0,0,0,0,0,0,0,0,0,8,0,0,0,0,0,7,0,0,3,0,0,0,0,0,48,1,0
c:\Users\arthur.menezes_evolu\Desktop\Pes\eladmin\eladmin-system\src\main\java\me\zhengjie\modules\system\service\MonitorService.java,me.zhengjie.modules.system.service.MonitorService,interface,0,2,2,0,1,1,0,0,0,0.0,NaN,NaN,1,0,0,0,0,1,1,0,0,0,0,0,0,0,0,0,0,0,0,3,0,0,0,0,0,0,0,0,0,0,0,0,0,0,6,1,0
c:\Users\arthur.menezes_evolu\Desktop\Pes\eladmin\eladmin-logging\src\main\java\me\zhengjie\service\dto\SysLogSmallDto.java,me.zhengjie.service.dto.SysLogSmallDto,class,1,5,4,1,0,1,0,0,0,NaN,-1.0,-1.0,0,0,0,0,0,0,0,0,0,0,6,0,0,6,0,0,0,0,0,8,0,0,0,0,0,0,0,0,0,6,0,0,0,0,17,1,0
c:\Users\arthur.menezes_evolu\Desktop\Pes\eladmin\eladmin-generator\src\main\java\me\zhengjie\repository\GenConfigRepository.java,me.zhengjie.repository.GenConfigRepository,interface,2,3,1,2,1,1,0,0,0,0.0,NaN,NaN,1,0,0,0,0,1,1,0,0,0,0,0,0,0,0,0,0,0,0,3,0,0,0,0,0,0,0,0,0,0,0,0,0,0,10,1,0
c:\Users\arthur.menezes_evolu\Desktop\Pes\eladmin\eladmin-system\src\main\java\me\zhengjie\modules\system\repository\UserRepository.java,me.zhengjie.modules.system.repository.UserRepository,interface,5,10,5,5,13,1,0,0,78,0.0,0.0,0.0,13,0,0,0,0,13,13,0,0,0,0,0,0,0,0,0,0,0,0,15,0,0,0,0,0,13,0,0,4,0,0,0,0,0,72,1,0
c:\Users\arthur.menezes_evolu\Desktop\Pes\eladmin\eladmin-system\src\main\java\me\zhengjie\modules\security\config\bean\LoginProperties.java,me.zhengjie.modules.security.config.bean.LoginProperties$FixedArithmeticCaptcha,innerclass,3,3,0,3,2,2,0,6,1,0.0,0.0,0.0,2,0,1,0,1,0,2,0,0,0,0,0,0,0,0,0,0,0,2,14,1,0,0,0,0,2,5,6,3,5,0,0,0,0,11,8,0
c:\Users\arthur.menezes_evolu\Desktop\Pes\eladmin\eladmin-system\src\main\java\me\zhengjie\modules\quartz\rest\QuartzJobController.java,me.zhengjie.modules.quartz.rest.QuartzJobController,class,27,28,1,27,12,1,0,17,0,0.5,0.0,0.0,10,0,9,1,0,0,9,0,0,0,2,1,0,2,0,0,2,0,1,46,7,0,1,0,0,34,0,1,1,2,1,0,0,0,53,1,0
c:\Users\arthur.menezes_evolu\Desktop\Pes\eladmin\eladmin-system\src\main\java\me\zhengjie\modules\system\service\impl\VerifyServiceImpl.java,me.zhengjie.modules.system.service.impl.VerifyServiceImpl,class,11,11,0,11,6,1,0,12,0,0.25,0.0,0.0,2,0,2,0,0,0,2,0,0,0,2,0,0,2,0,0,1,0,2,34,1,0,2,0,0,9,1,10,1,10,2,0,0,0,34,1,0
c:\Users\arthur.menezes_evolu\Desktop\Pes\eladmin\eladmin-common\src\main\java\me\zhengjie\exception\BadConfigurationException.java,me.zhengjie.exception.BadConfigurationException,class,0,1,1,0,5,4,0,0,10,0.0,0.0,0.0,5,0,4,0,1,0,5,0,0,0,0,0,0,0,0,0,0,0,0,17,0,0,0,0,0,0,0,0,0,0,0,0,0,0,75,1,0
c:\Users\arthur.menezes_evolu\Desktop\Pes\eladmin\eladmin-system\src\main\java\me\zhengjie\modules\system\service\mapstruct\UserLoginMapper.java,me.zhengjie.modules.system.service.mapstruct.UserLoginMapper,interface,7,8,1,7,0,1,0,0,0,0.0,-1.0,-1.0,0,0,0,0,0,0,0,0,0,0,0,0,0,0,0,0,0,0,0,2,0,0,0,0,0,1,0,0,0,0,0,0,0,0,7,1,0
c:\Users\arthur.menezes_evolu\Desktop\Pes\eladmin\eladmin-common\src\test\java\me\zhengjie\utils\FileUtilTest.java,me.zhengjie.utils.FileUtilTest,class,4,4,0,4,4,1,0,6,6,0.0,0.0,0.0,4,0,4,0,0,0,4,0,0,0,0,0,0,0,0,0,0,0,9,20,0,0,0,0,0,13,5,1,0,1,0,0,0,0,18,1,0
c:\Users\arthur.menezes_evolu\Desktop\Pes\eladmin\eladmin-system\src\main\java\me\zhengjie\modules\mnt\rest\ServerDeployController.java,me.zhengjie.modules.mnt.rest.ServerDeployController,class,21,21,0,21,6,1,0,7,0,0.0,0.0,0.0,6,0,6,0,0,0,6,0,0,0,1,0,0,1,0,0,1,0,0,24,5,0,0,0,0,20,0,0,0,1,0,0,0,0,29,1,0
c:\Users\arthur.menezes_evolu\Desktop\Pes\eladmin\eladmin-system\src\main\java\me\zhengjie\modules\mnt\service\dto\DeployHistoryQueryCriteria.java,me.zhengjie.modules.mnt.service.dto.DeployHistoryQueryCriteria,class,2,5,3,2,0,1,0,0,0,NaN,-1.0,-1.0,0,0,0,0,0,0,0,0,0,0,3,0,0,3,0,0,0,0,0,5,0,0,0,0,0,1,0,0,0,3,0,0,0,0,11,1,0
c:\Users\arthur.menezes_evolu\Desktop\Pes\eladmin\eladmin-common\src\main\java\me\zhengjie\config\RedisConfig.java,me.zhengjie.config.RedisConfig,class,22,22,0,22,5,2,0,21,6,0.0,0.0,0.0,4,0,4,0,0,0,4,0,0,0,0,0,0,0,0,0,0,0,1,60,5,1,0,0,0,18,3,9,0,11,2,1,0,1,31,1,1
c:\Users\arthur.menezes_evolu\Desktop\Pes\eladmin\eladmin-common\src\main\java\me\zhengjie\utils\RsaUtils.java,me.zhengjie.utils.RsaUtils$RsaKeyPair,innerclass,0,0,0,0,3,1,0,0,0,0.33333334,0.0,0.0,3,0,3,0,0,0,3,0,0,0,2,0,0,2,0,0,2,0,0,14,2,0,0,0,0,0,0,2,0,2,0,0,0,0,8,9,0
c:\Users\arthur.menezes_evolu\Desktop\Pes\eladmin\eladmin-system\src\main\java\me\zhengjie\modules\system\service\mapstruct\DeptMapper.java,me.zhengjie.modules.system.service.mapstruct.DeptMapper,interface,4,9,5,4,0,1,0,0,0,0.0,-1.0,-1.0,0,0,0,0,0,0,0,0,0,0,0,0,0,0,0,0,0,0,0,2,0,0,0,0,0,1,0,0,0,0,0,0,0,0,6,1,0
c:\Users\arthur.menezes_evolu\Desktop\Pes\eladmin\eladmin-common\src\main\java\me\zhengjie\config\FileProperties.java,me.zhengjie.config.FileProperties$ElPath,innerclass,1,1,0,1,0,1,0,0,0,NaN,-1.0,-1.0,0,0,0,0,0,0,0,0,0,0,2,0,0,2,0,0,0,0,0,4,0,0,0,0,0,0,0,0,0,2,0,0,0,0,4,9,0
c:\Users\arthur.menezes_evolu\Desktop\Pes\eladmin\eladmin-tools\src\main\java\me\zhengjie\service\AliPayService.java,me.zhengjie.service.AliPayService,interface,2,4,2,2,4,1,0,0,6,0.0,0.0,0.0,4,0,0,0,0,4,4,0,0,0,0,0,0,0,0,0,0,0,0,6,0,0,0,0,0,0,0,0,0,0,0,0,0,0,18,1,0
c:\Users\arthur.menezes_evolu\Desktop\Pes\eladmin\eladmin-system\src\main\java\me\zhengjie\modules\mnt\service\impl\DeployHistoryServiceImpl.java,me.zhengjie.modules.mnt.service.impl.DeployHistoryServiceImpl,class,17,17,0,17,8,1,0,21,0,0.33333334,0.0,0.0,6,0,6,0,0,0,6,0,0,0,2,0,0,2,0,0,2,0,3,38,3,2,0,0,0,7,0,4,0,12,1,0,0,2,38,1,0
c:\Users\arthur.menezes_evolu\Desktop\Pes\eladmin\eladmin-tools\src\main\java\me\zhengjie\service\dto\PictureQueryCriteria.java,me.zhengjie.service.dto.PictureQueryCriteria,class,2,2,0,2,0,1,0,0,0,NaN,-1.0,-1.0,0,0,0,0,0,0,0,0,0,0,3,0,0,3,0,0,0,0,0,5,0,0,0,0,0,0,0,0,0,3,0,0,0,0,10,1,0
c:\Users\arthur.menezes_evolu\Desktop\Pes\eladmin\eladmin-common\src\main\java\me\zhengjie\config\RedisConfig.java,me.zhengjie.config.RedisConfig$Anonymous1,anonymous,1,1,0,1,4,1,0,1,6,0.0,0.0,0.0,4,0,4,0,0,0,4,0,0,0,0,0,0,0,0,0,0,0,0,14,0,0,0,0,0,4,0,0,0,0,0,0,0,0,14,-1,4
c:\Users\arthur.menezes_evolu\Desktop\Pes\eladmin\eladmin-system\src\main\java\me\zhengjie\modules\mnt\service\dto\DeployHistoryDto.java,me.zhengjie.modules.mnt.service.dto.DeployHistoryDto,class,1,5,4,1,0,1,0,0,0,NaN,-1.0,-1.0,0,0,0,0,0,0,0,0,0,0,6,0,0,6,0,0,0,0,0,8,0,0,0,0,0,0,0,0,0,6,0,0,0,0,15,1,0
c:\Users\arthur.menezes_evolu\Desktop\Pes\eladmin\eladmin-common\src\main\java\me\zhengjie\exception\EntityExistException.java,me.zhengjie.exception.EntityExistException,class,1,7,6,1,2,4,0,3,1,0.0,NaN,NaN,2,1,1,1,0,0,1,0,0,0,0,0,0,0,0,0,0,0,1,8,1,0,0,0,0,3,0,0,1,0,0,0,0,0,13,1,0
c:\Users\arthur.menezes_evolu\Desktop\Pes\eladmin\eladmin-system\src\main\java\me\zhengjie\config\ConfigurerAdapter.java,me.zhengjie.config.ConfigurerAdapter,class,14,14,0,14,4,1,0,18,4,0.5,0.0,0.0,4,0,4,0,0,0,4,0,0,0,1,0,0,1,0,0,1,0,0,36,1,0,0,0,0,15,3,9,2,9,0,0,0,0,52,1,0
c:\Users\arthur.menezes_evolu\Desktop\Pes\eladmin\eladmin-system\src\main\java\me\zhengjie\modules\system\domain\vo\MenuVo.java,me.zhengjie.modules.system.domain.vo.MenuVo,class,3,7,4,3,0,1,0,0,0,NaN,-1.0,-1.0,0,0,0,0,0,0,0,0,0,0,8,0,0,8,0,0,0,0,0,10,0,0,0,0,0,0,0,0,0,8,0,0,0,0,16,1,0
c:\Users\arthur.menezes_evolu\Desktop\Pes\eladmin\eladmin-tools\src\main\java\me\zhengjie\rest\AliPayController.java,me.zhengjie.rest.AliPayController,class,23,23,0,23,10,1,0,16,0,0.16666667,0.0,0.0,6,0,6,0,0,0,6,0,0,0,2,0,0,2,0,0,2,0,0,50,8,0,0,0,0,25,0,13,2,15,2,0,0,0,44,1,0
c:\Users\arthur.menezes_evolu\Desktop\Pes\eladmin\eladmin-logging\src\main\java\me\zhengjie\aspect\LogAspect.java,me.zhengjie.aspect.LogAspect,class,16,17,1,16,6,1,0,14,4,0.5,0.0,0.0,5,0,5,0,0,0,5,0,0,0,2,0,0,1,0,1,1,0,11,34,3,0,0,1,0,7,0,7,2,7,1,0,0,0,33,1,0
c:\Users\arthur.menezes_evolu\Desktop\Pes\eladmin\eladmin-tools\src\main\java\me\zhengjie\repository\LocalStorageRepository.java,me.zhengjie.repository.LocalStorageRepository,interface,2,3,1,2,0,1,0,0,0,0.0,-1.0,-1.0,0,0,0,0,0,0,0,0,0,0,0,0,0,0,0,0,0,0,0,2,0,0,0,0,0,0,0,0,0,0,0,0,0,0,5,1,0
c:\Users\arthur.menezes_evolu\Desktop\Pes\eladmin\eladmin-system\src\main\java\me\zhengjie\modules\mnt\service\DatabaseService.java,me.zhengjie.modules.mnt.service.DatabaseService,interface,6,8,2,6,8,1,0,0,28,0.0,0.0,0.0,8,0,0,0,0,8,8,0,0,0,0,0,0,0,0,0,0,0,0,10,0,0,0,0,0,0,0,0,0,0,0,0,0,0,33,1,0
c:\Users\arthur.menezes_evolu\Desktop\Pes\eladmin\eladmin-system\src\main\java\me\zhengjie\modules\security\rest\OnlineController.java,me.zhengjie.modules.security.rest.OnlineController,class,16,16,0,16,4,1,0,5,0,0.0,0.0,0.0,3,0,3,0,0,0,3,0,0,0,1,0,0,1,0,0,1,0,1,16,2,1,0,0,0,9,0,1,0,1,1,0,0,0,24,1,0
c:\Users\arthur.menezes_evolu\Desktop\Pes\eladmin\eladmin-system\src\main\java\me\zhengjie\modules\system\service\mapstruct\DeptSmallMapper.java,me.zhengjie.modules.system.service.mapstruct.DeptSmallMapper,interface,4,4,0,4,0,1,0,0,0,0.0,-1.0,-1.0,0,0,0,0,0,0,0,0,0,0,0,0,0,0,0,0,0,0,0,2,0,0,0,0,0,1,0,0,0,0,0,0,0,0,7,1,0
c:\Users\arthur.menezes_evolu\Desktop\Pes\eladmin\eladmin-common\src\main\java\me\zhengjie\utils\RequestHolder.java,me.zhengjie.utils.RequestHolder,class,2,4,2,2,1,1,0,3,0,0.0,NaN,NaN,1,1,1,0,0,0,1,0,0,0,0,0,0,0,0,0,0,0,1,5,1,0,0,0,1,0,0,0,0,0,0,0,0,0,8,1,0
c:\Users\arthur.menezes_evolu\Desktop\Pes\eladmin\eladmin-system\src\main\java\me\zhengjie\modules\system\service\impl\JobServiceImpl.java,me.zhengjie.modules.system.service.impl.JobServiceImpl,class,24,24,0,24,14,1,0,25,0,0.65625,0.0,0.0,8,0,8,0,0,0,8,0,0,0,4,0,0,4,0,0,4,0,4,56,3,1,2,0,0,15,1,8,0,18,1,0,0,2,57,1,0
c:\Users\arthur.menezes_evolu\Desktop\Pes\eladmin\eladmin-system\src\main\java\me\zhengjie\modules\mnt\service\mapstruct\ServerDeployMapper.java,me.zhengjie.modules.mnt.service.mapstruct.ServerDeployMapper,interface,4,6,2,4,0,1,0,0,0,0.0,-1.0,-1.0,0,0,0,0,0,0,0,0,0,0,0,0,0,0,0,0,0,0,0,2,0,0,0,0,0,1,0,0,0,0,0,0,0,0,6,1,0
c:\Users\arthur.menezes_evolu\Desktop\Pes\eladmin\eladmin-system\src\main\java\me\zhengjie\modules\quartz\service\QuartzJobService.java,me.zhengjie.modules.quartz.service.QuartzJobService,interface,6,9,3,6,13,1,0,0,78,0.0,0.0,0.0,13,0,0,0,0,13,13,0,0,0,0,0,0,0,0,0,0,0,0,15,0,0,0,0,0,0,0,0,0,0,0,0,0,0,39,1,0
c:\Users\arthur.menezes_evolu\Desktop\Pes\eladmin\eladmin-system\src\main\java\me\zhengjie\modules\mnt\util\ExecuteShellUtil.java,me.zhengjie.modules.mnt.util.ExecuteShellUtil,class,5,8,3,5,10,1,0,20,0,0.375,0.0,0.0,4,0,4,0,0,0,4,0,0,0,2,0,0,1,0,1,0,0,0,63,3,2,3,2,1,5,3,12,0,9,2,0,0,0,40,1,3
c:\Users\arthur.menezes_evolu\Desktop\Pes\eladmin\eladmin-system\src\main\java\me\zhengjie\modules\mnt\domain\App.java,me.zhengjie.modules.mnt.domain.App,class,10,17,7,10,1,2,0,3,0,1.0,NaN,NaN,1,0,1,0,0,0,1,0,0,0,8,0,0,8,0,0,0,0,0,13,0,0,0,0,0,10,0,0,0,8,0,0,0,0,20,1,0
c:\Users\arthur.menezes_evolu\Desktop\Pes\eladmin\eladmin-common\src\main\java\me\zhengjie\annotation\Query.java,me.zhengjie.annotation.Query$Type,enum,0,0,0,0,0,1,0,0,0,0.0,-1.0,-1.0,0,0,0,0,0,0,0,0,0,0,0,0,0,0,0,0,0,0,0,1,0,0,0,0,0,0,0,0,0,0,0,0,0,0,10,0,0
c:\Users\arthur.menezes_evolu\Desktop\Pes\eladmin\eladmin-tools\src\main\java\me\zhengjie\rest\EmailController.java,me.zhengjie.rest.EmailController,class,15,15,0,15,3,1,0,3,0,0.0,0.0,0.0,3,0,3,0,0,0,3,0,0,0,1,0,0,1,0,0,1,0,0,14,3,0,0,0,0,6,0,0,0,1,0,0,0,0,11,1,0
c:\Users\arthur.menezes_evolu\Desktop\Pes\eladmin\eladmin-system\src\main\java\me\zhengjie\modules\quartz\domain\QuartzJob.java,me.zhengjie.modules.quartz.domain.QuartzJob,class,13,20,7,13,0,2,0,0,0,NaN,-1.0,-1.0,0,0,0,0,0,0,0,0,0,0,14,1,1,13,0,0,1,0,0,16,0,0,0,0,0,15,0,2,0,14,0,0,0,0,43,1,0
c:\Users\arthur.menezes_evolu\Desktop\Pes\eladmin\eladmin-system\src\main\java\me\zhengjie\modules\quartz\utils\QuartzRunnable.java,me.zhengjie.modules.quartz.utils.QuartzRunnable,class,2,3,1,2,4,1,0,6,0,0.0,0.0,0.0,2,0,1,0,0,1,2,0,0,0,3,0,0,3,0,0,3,0,1,25,1,0,0,0,0,1,0,4,0,3,1,0,0,0,13,1,0
c:\Users\arthur.menezes_evolu\Desktop\Pes\eladmin\eladmin-generator\src\main\java\me\zhengjie\utils\ColUtil.java,me.zhengjie.utils.ColUtil,class,4,6,2,4,4,1,0,5,1,0.5,0.0,0.0,2,2,1,0,0,1,2,0,0,0,1,1,0,1,0,0,1,0,1,17,3,0,1,1,0,2,0,2,0,2,1,0,0,0,19,1,1
c:\Users\arthur.menezes_evolu\Desktop\Pes\eladmin\eladmin-system\src\main\java\me\zhengjie\modules\mnt\service\mapstruct\DeployMapper.java,me.zhengjie.modules.mnt.service.mapstruct.DeployMapper,interface,6,7,1,6,0,1,0,0,0,0.0,-1.0,-1.0,0,0,0,0,0,0,0,0,0,0,0,0,0,0,0,0,0,0,0,2,0,0,0,0,0,1,0,0,0,0,0,0,0,0,5,1,0
c:\Users\arthur.menezes_evolu\Desktop\Pes\eladmin\eladmin-system\src\main\java\me\zhengjie\modules\system\service\dto\DictSmallDto.java,me.zhengjie.modules.system.service.dto.DictSmallDto,class,2,4,2,2,0,1,0,0,0,NaN,-1.0,-1.0,0,0,0,0,0,0,0,0,0,0,1,0,0,1,0,0,0,0,0,3,0,0,0,0,0,0,0,0,0,1,0,0,0,0,8,1,0
c:\Users\arthur.menezes_evolu\Desktop\Pes\eladmin\eladmin-tools\src\main\java\me\zhengjie\utils\QiNiuUtil.java,me.zhengjie.utils.QiNiuUtil,class,2,3,1,2,6,1,0,9,1,0.5,0.0,0.0,2,2,2,0,0,0,2,0,0,0,4,4,0,4,0,0,4,0,2,28,6,0,0,0,0,7,0,6,1,6,1,0,0,0,24,1,0
c:\Users\arthur.menezes_evolu\Desktop\Pes\eladmin\eladmin-system\src\main\java\me\zhengjie\modules\security\config\bean\LoginCodeEnum.java,me.zhengjie.modules.security.config.bean.LoginCodeEnum,enum,0,1,1,0,0,1,0,0,0,0.0,-1.0,-1.0,0,0,0,0,0,0,0,0,0,0,0,0,0,0,0,0,0,0,0,5,0,0,0,0,0,0,0,0,0,0,0,0,0,0,9,1,0
c:\Users\arthur.menezes_evolu\Desktop\Pes\eladmin\eladmin-system\src\main\java\me\zhengjie\modules\system\service\impl\DictServiceImpl.java,me.zhengjie.modules.system.service.impl.DictServiceImpl,class,20,21,1,20,11,1,0,26,1,0.61904764,0.0,0.0,7,0,7,0,0,0,7,0,0,0,3,0,0,3,0,0,3,0,3,60,2,3,0,0,0,13,0,7,1,16,3,0,0,2,45,1,0
