file,class,type,cbo,cboModified,fanin,fanout,wmc,dit,noc,rfc,lcom,lcom*,tcc,lcc,totalMethodsQty,staticMethodsQty,publicMethodsQty,privateMethodsQty,protectedMethodsQty,defaultMethodsQty,visibleMethodsQty,abstractMethodsQty,finalMethodsQty,synchronizedMethodsQty,totalFieldsQty,staticFieldsQty,publicFieldsQty,privateFieldsQty,protectedFieldsQty,defaultFieldsQty,finalFieldsQty,synchronizedFieldsQty,nosi,loc,returnQty,loopQty,comparisonsQty,tryCatchQty,parenthesizedExpsQty,stringLiteralsQty,numbersQty,assignmentsQty,mathOperationsQty,variablesQty,maxNestedBlocksQty,anonymousClassesQty,innerClassesQty,lambdasQty,uniqueWordsQty,modifiers,logStatementsQty
c:\Users\arthur.menezes_evolu\Desktop\Pes\PatternLockView\patternlockview\src\main\java\com\andrognito\patternlockview\PatternLockView.java,com.andrognito.patternlockview.PatternLockView,class,28,40,12,28,180,3,0,131,2206,0.949048,0.0,0.0,76,0,41,30,5,0,46,0,0,0,47,7,0,41,0,6,9,0,35,915,43,22,27,1,21,6,75,232,82,160,3,5,3,0,426,1,0
c:\Users\arthur.menezes_evolu\Desktop\Pes\PatternLockView\patternlockview-reactive\src\main\java\com\andrognito\rxpatternlockview\utils\Preconditions.java,com.andrognito.rxpatternlockview.utils.Preconditions,class,1,2,1,1,5,1,0,5,3,0.0,0.0,0.0,3,2,2,1,0,0,2,0,0,0,0,0,0,0,0,0,0,0,1,17,2,0,2,0,0,3,0,0,2,0,1,0,0,0,37,17,0
c:\Users\arthur.menezes_evolu\Desktop\Pes\PatternLockView\patternlockview-reactive\src\main\java\com\andrognito\rxpatternlockview\observables\PatternLockViewProgressObservable.java,com.andrognito.rxpatternlockview.observables.PatternLockViewProgressObservable,class,8,10,2,8,4,4,0,5,3,0.0,0.0,0.0,3,0,1,0,2,0,3,0,0,0,0,0,0,0,0,0,0,0,0,38,0,0,0,0,0,0,0,1,0,1,1,0,1,0,21,1,0
c:\Users\arthur.menezes_evolu\Desktop\Pes\PatternLockView\patternlockview\src\main\java\com\andrognito\patternlockview\listener\PatternLockViewListener.java,com.andrognito.patternlockview.listener.PatternLockViewListener,interface,1,9,8,1,4,1,0,0,6,0.0,0.0,0.0,4,0,0,0,0,4,4,0,0,0,0,0,0,0,0,0,0,0,0,6,0,0,0,0,0,0,0,0,0,0,0,0,0,0,44,1,0
c:\Users\arthur.menezes_evolu\Desktop\Pes\PatternLockView\patternlockview\src\main\java\com\andrognito\patternlockview\PatternLockView.java,com.andrognito.patternlockview.PatternLockView$DotState,innerclass,1,1,0,1,0,1,0,0,0,NaN,-1.0,-1.0,0,0,0,0,0,0,0,0,0,0,7,0,0,0,0,7,0,0,0,9,0,0,0,0,0,0,3,5,0,7,0,0,0,0,13,9,0
c:\Users\arthur.menezes_evolu\Desktop\Pes\PatternLockView\app\src\main\java\com\andrognito\patternlockdemo\MainActivity.java,com.andrognito.patternlockdemo.MainActivity$Anonymous3,anonymous,3,3,0,3,5,1,0,6,0,0.0,NaN,NaN,1,0,1,0,0,0,1,0,0,0,0,0,0,0,0,0,0,0,2,16,0,0,4,0,0,4,0,0,2,0,1,0,0,0,12,-1,0
c:\Users\arthur.menezes_evolu\Desktop\Pes\PatternLockView\patternlockview-reactive\src\main\java\com\andrognito\rxpatternlockview\observables\BasePatternLockViewObservable.java,com.andrognito.rxpatternlockview.observables.BasePatternLockViewObservable,class,3,6,3,3,2,2,0,0,1,0.5,0.0,0.0,2,0,0,0,2,0,2,1,0,0,2,0,0,0,2,0,0,0,0,9,0,0,0,0,0,0,0,2,0,2,0,0,0,0,19,1025,0
c:\Users\arthur.menezes_evolu\Desktop\Pes\PatternLockView\app\src\main\java\com\andrognito\patternlockdemo\MainActivity.java,com.andrognito.patternlockdemo.MainActivity$Anonymous2,anonymous,2,2,0,2,1,1,0,5,0,0.0,NaN,NaN,1,0,1,0,0,0,1,0,0,0,0,0,0,0,0,0,0,0,0,5,0,0,0,0,0,1,0,0,1,0,0,0,0,0,9,-1,0
c:\Users\arthur.menezes_evolu\Desktop\Pes\PatternLockView\app\src\main\java\com\andrognito\patternlockdemo\MainActivity.java,com.andrognito.patternlockdemo.MainActivity$Anonymous1,anonymous,2,2,0,2,4,1,0,4,6,0.0,0.0,0.0,4,0,4,0,0,0,4,0,0,0,0,0,0,0,0,0,0,0,2,14,0,0,0,0,0,4,0,0,2,0,0,0,0,0,13,-1,0
c:\Users\arthur.menezes_evolu\Desktop\Pes\PatternLockView\patternlockview\src\main\java\com\andrognito\patternlockview\PatternLockView.java,com.andrognito.patternlockview.PatternLockView$Anonymous2,anonymous,1,1,0,1,1,1,0,2,0,0.0,NaN,NaN,1,0,1,0,0,0,1,0,0,0,0,0,0,0,0,0,0,0,0,8,0,0,0,0,2,0,2,3,8,1,0,0,0,0,13,-1,0
c:\Users\arthur.menezes_evolu\Desktop\Pes\PatternLockView\patternlockview\src\main\java\com\andrognito\patternlockview\PatternLockView.java,com.andrognito.patternlockview.PatternLockView$Anonymous1,anonymous,1,1,0,1,1,1,0,1,0,0.0,NaN,NaN,1,0,1,0,0,0,1,0,0,0,0,0,0,0,0,0,0,0,0,5,0,0,0,0,0,0,0,0,0,0,0,0,0,0,4,-1,0
c:\Users\arthur.menezes_evolu\Desktop\Pes\PatternLockView\patternlockview\src\main\java\com\andrognito\patternlockview\PatternLockView.java,com.andrognito.patternlockview.PatternLockView$Dot$Anonymous6,anonymous,2,2,0,2,2,1,0,0,1,0.0,0.0,0.0,2,0,2,0,0,0,2,0,0,0,0,0,0,0,0,0,0,0,0,8,2,0,0,0,0,0,0,0,0,0,0,0,0,0,8,-1,0
c:\Users\arthur.menezes_evolu\Desktop\Pes\PatternLockView\patternlockview\src\main\java\com\andrognito\patternlockview\utils\PatternLockUtils.java,com.andrognito.patternlockview.utils.PatternLockUtils,class,6,10,4,6,38,1,0,29,13,0.77777773,0.0,0.0,6,5,5,1,0,0,5,0,0,0,3,3,0,3,0,0,3,0,26,143,10,10,2,2,3,13,30,41,30,29,7,0,0,0,128,1,0
c:\Users\arthur.menezes_evolu\Desktop\Pes\PatternLockView\patternlockview\src\main\java\com\andrognito\patternlockview\PatternLockView.java,com.andrognito.patternlockview.PatternLockView$Anonymous5,anonymous,1,1,0,1,2,1,0,1,0,0.0,NaN,NaN,1,0,1,0,0,0,1,0,0,0,0,0,0,0,0,0,0,0,0,7,0,0,1,0,0,0,0,0,0,0,1,0,0,0,8,-1,0
c:\Users\arthur.menezes_evolu\Desktop\Pes\PatternLockView\patternlockview\src\main\java\com\andrognito\patternlockview\PatternLockView.java,com.andrognito.patternlockview.PatternLockView$Dot,innerclass,4,4,0,4,21,1,0,5,8,0.65384614,0.0,0.0,13,3,10,3,0,0,11,0,0,2,4,2,1,3,0,0,1,0,3,74,10,2,2,0,4,5,10,11,13,7,2,1,0,0,67,9,0
c:\Users\arthur.menezes_evolu\Desktop\Pes\PatternLockView\patternlockview\src\main\java\com\andrognito\patternlockview\PatternLockView.java,com.andrognito.patternlockview.PatternLockView$Anonymous4,anonymous,1,1,0,1,1,1,0,2,0,0.0,NaN,NaN,1,0,1,0,0,0,1,0,0,0,0,0,0,0,0,0,0,0,0,6,0,0,0,0,0,0,0,1,0,0,0,0,0,0,8,-1,0
c:\Users\arthur.menezes_evolu\Desktop\Pes\PatternLockView\patternlockview\src\main\java\com\andrognito\patternlockview\PatternLockView.java,com.andrognito.patternlockview.PatternLockView$Anonymous3,anonymous,1,1,0,1,1,1,0,0,0,0.0,NaN,NaN,1,0,1,0,0,0,1,0,0,0,0,0,0,0,0,0,0,0,0,5,0,0,0,0,0,0,0,1,0,0,0,0,0,0,6,-1,0
c:\Users\arthur.menezes_evolu\Desktop\Pes\PatternLockView\patternlockview\src\main\java\com\andrognito\patternlockview\PatternLockView.java,com.andrognito.patternlockview.PatternLockView$SavedState$Anonymous7,anonymous,2,2,0,2,2,1,0,0,1,0.0,0.0,0.0,2,0,2,0,0,0,2,0,0,0,0,0,0,0,0,0,0,0,0,8,2,0,0,0,0,0,0,0,0,0,0,0,0,0,9,-1,0
c:\Users\arthur.menezes_evolu\Desktop\Pes\PatternLockView\patternlockview-reactive\src\main\java\com\andrognito\rxpatternlockview\observables\PatternLockViewProgressObservable.java,com.andrognito.rxpatternlockview.observables.PatternLockViewProgressObservable$InternalListener,innerclass,6,6,0,6,7,2,0,3,11,0.6666667,0.0,0.0,6,0,4,0,1,1,6,0,0,0,2,0,0,2,0,0,2,0,0,22,0,0,0,0,0,0,0,2,0,2,1,0,0,0,21,26,0
c:\Users\arthur.menezes_evolu\Desktop\Pes\PatternLockView\app\src\androidTest\java\com\andrognito\patternlockdemo\ExampleInstrumentedTest.java,com.andrognito.patternlockdemo.ExampleInstrumentedTest,class,4,4,0,4,1,1,0,3,0,0.0,NaN,NaN,1,0,1,0,0,0,1,0,0,0,0,0,0,0,0,0,0,0,0,6,0,0,0,0,0,1,0,1,0,1,0,0,0,0,21,1,0
c:\Users\arthur.menezes_evolu\Desktop\Pes\PatternLockView\patternlockview-reactive\src\main\java\com\andrognito\rxpatternlockview\events\PatternLockProgressEvent.java,com.andrognito.rxpatternlockview.events.PatternLockProgressEvent,class,2,5,3,2,1,2,0,0,0,0.0,NaN,NaN,1,0,1,0,0,0,1,0,0,0,0,0,0,0,0,0,0,0,0,5,0,0,0,0,0,0,0,0,0,0,0,0,0,0,10,1,0
c:\Users\arthur.menezes_evolu\Desktop\Pes\PatternLockView\patternlockview-reactive\src\main\java\com\andrognito\rxpatternlockview\observables\PatternLockViewCompleteObservable.java,com.andrognito.rxpatternlockview.observables.PatternLockViewCompleteObservable$InternalListener,innerclass,6,6,0,6,7,2,0,3,11,0.6666667,0.0,0.0,6,0,4,0,1,1,6,0,0,0,2,0,0,2,0,0,2,0,0,22,0,0,0,0,0,0,0,2,0,2,1,0,0,0,21,26,0
c:\Users\arthur.menezes_evolu\Desktop\Pes\PatternLockView\patternlockview-reactive\src\main\java\com\andrognito\rxpatternlockview\events\PatternLockCompoundEvent.java,com.andrognito.rxpatternlockview.events.PatternLockCompoundEvent,class,4,8,4,4,2,2,0,0,0,0.8,0.0,0.0,2,0,2,0,0,0,2,0,0,0,5,0,0,1,0,4,1,0,0,15,1,0,0,0,0,0,4,5,0,5,0,0,0,0,28,17,0
c:\Users\arthur.menezes_evolu\Desktop\Pes\PatternLockView\patternlockview-reactive\src\main\java\com\andrognito\rxpatternlockview\observables\PatternLockViewCompoundObservable.java,com.andrognito.rxpatternlockview.observables.PatternLockViewCompoundObservable$InternalListener,innerclass,6,6,0,6,10,2,0,3,0,0.4166667,0.0,0.0,6,0,4,0,1,1,6,0,0,0,2,0,0,2,0,0,2,0,0,31,0,0,0,0,0,0,0,2,0,2,1,0,0,0,22,26,0
c:\Users\arthur.menezes_evolu\Desktop\Pes\PatternLockView\app\src\main\java\com\andrognito\patternlockdemo\MainActivity.java,com.andrognito.patternlockdemo.MainActivity,class,7,7,0,7,1,2,0,25,0,0.0,NaN,NaN,1,0,0,0,1,0,1,0,0,0,2,0,0,2,0,0,0,0,6,62,0,0,0,0,0,0,3,2,0,2,0,3,0,0,26,1,0
c:\Users\arthur.menezes_evolu\Desktop\Pes\PatternLockView\patternlockview\src\main\java\com\andrognito\patternlockview\utils\ResourceUtils.java,com.andrognito.patternlockview.utils.ResourceUtils,class,5,7,2,5,4,1,0,4,6,0.0,0.0,0.0,4,3,3,1,0,0,3,0,0,0,0,0,0,0,0,0,0,0,0,14,3,0,0,0,0,2,0,0,1,0,0,0,0,0,36,1,0
c:\Users\arthur.menezes_evolu\Desktop\Pes\PatternLockView\patternlockview-reactive\src\main\java\com\andrognito\rxpatternlockview\observables\PatternLockViewCompoundObservable.java,com.andrognito.rxpatternlockview.observables.PatternLockViewCompoundObservable,class,8,10,2,8,4,4,0,5,3,0.0,0.0,0.0,3,0,1,0,2,0,3,0,0,0,0,0,0,0,0,0,0,0,0,47,0,0,0,0,0,0,0,1,0,1,1,0,1,0,21,1,0
c:\Users\arthur.menezes_evolu\Desktop\Pes\PatternLockView\patternlockview\src\main\java\com\andrognito\patternlockview\PatternLockView.java,com.andrognito.patternlockview.PatternLockView$SavedState,innerclass,5,5,0,5,8,2,0,7,0,0.5625,0.0,0.0,8,0,6,2,0,0,6,0,0,0,6,1,1,5,0,0,6,0,0,55,5,0,0,0,0,1,0,11,0,6,0,1,0,0,47,10,0
c:\Users\arthur.menezes_evolu\Desktop\Pes\PatternLockView\patternlockview\src\main\java\com\andrognito\patternlockview\utils\RandomUtils.java,com.andrognito.patternlockview.utils.RandomUtils,class,2,4,2,2,9,1,0,9,10,0.8,0.0,0.0,5,4,4,1,0,0,4,0,0,0,1,1,0,1,0,0,1,0,4,31,5,2,0,0,1,2,5,7,3,6,1,0,0,0,55,1,0
c:\Users\arthur.menezes_evolu\Desktop\Pes\PatternLockView\patternlockview-reactive\src\main\java\com\andrognito\rxpatternlockview\RxPatternLockView.java,com.andrognito.rxpatternlockview.RxPatternLockView,class,9,10,1,9,6,1,0,1,15,0.0,0.0,0.0,6,6,6,0,0,0,6,0,0,0,0,0,0,0,0,0,0,0,6,26,6,0,0,0,0,6,0,0,0,0,0,0,0,0,49,1,0
c:\Users\arthur.menezes_evolu\Desktop\Pes\PatternLockView\patternlockview-reactive\src\main\java\com\andrognito\rxpatternlockview\observables\PatternLockViewCompleteObservable.java,com.andrognito.rxpatternlockview.observables.PatternLockViewCompleteObservable,class,8,10,2,8,4,4,0,5,3,0.0,0.0,0.0,3,0,1,0,2,0,3,0,0,0,0,0,0,0,0,0,0,0,0,38,0,0,0,0,0,0,0,1,0,1,1,0,1,0,22,1,0
c:\Users\arthur.menezes_evolu\Desktop\Pes\PatternLockView\patternlockview-reactive\src\main\java\com\andrognito\rxpatternlockview\events\BasePatternLockEvent.java,com.andrognito.rxpatternlockview.events.BasePatternLockEvent,class,2,7,5,2,3,1,3,0,0,0.0,0.0,0.0,2,0,1,0,1,0,2,0,0,0,1,0,0,0,1,0,0,0,0,12,2,0,1,0,0,0,0,1,0,1,1,0,0,0,12,1025,0
c:\Users\arthur.menezes_evolu\Desktop\Pes\PatternLockView\patternlockview-reactive\src\main\java\com\andrognito\rxpatternlockview\events\PatternLockCompleteEvent.java,com.andrognito.rxpatternlockview.events.PatternLockCompleteEvent,class,2,6,4,2,1,2,0,0,0,0.0,NaN,NaN,1,0,1,0,0,0,1,0,0,0,0,0,0,0,0,0,0,0,0,5,0,0,0,0,0,0,0,0,0,0,0,0,0,0,10,1,0
