file,class,method,constructor,line,cbo,cboModified,fanin,fanout,wmc,rfc,loc,returnsQty,variablesQty,parametersQty,methodsInvokedQty,methodsInvokedLocalQty,methodsInvokedIndirectLocalQty,loopQty,comparisonsQty,tryCatchQty,parenthesizedExpsQty,stringLiteralsQty,numbersQty,assignmentsQty,mathOperationsQty,maxNestedBlocksQty,anonymousClassesQty,innerClassesQty,lambdasQty,uniqueWordsQty,modifiers,logStatementsQty,hasJavaDoc
c:\Users\arthur.menezes_evolu\Desktop\Pes\BGABadgeView-Android\api\src\main\java\cn\bingoogolapple\badgeview\BGABadgeable.java,cn.bingoogolapple.badgeview.BGABadgeable,getGlobalVisibleRect/1[cn.bingoogolapple.badgeview.Rect],false,104,1,1,1,0,1,0,1,0,0,1,0,0,0,0,0,0,0,0,0,0,0,0,0,0,0,5,0,0,false
c:\Users\arthur.menezes_evolu\Desktop\Pes\BGABadgeView-Android\api\src\main\java\cn\bingoogolapple\badgeview\BGABadgeable.java,cn.bingoogolapple.badgeview.BGABadgeable,getContext/0,false,106,1,5,5,0,1,0,1,0,0,0,0,0,0,0,0,0,0,0,0,0,0,0,0,0,0,2,0,0,false
c:\Users\arthur.menezes_evolu\Desktop\Pes\BGABadgeView-Android\api\src\main\java\cn\bingoogolapple\badgeview\BGABadgeable.java,cn.bingoogolapple.badgeview.BGABadgeable,isDraggable/0,false,78,0,0,0,0,1,0,1,0,0,0,0,0,0,0,0,0,0,0,0,0,0,0,0,0,0,2,0,0,true
c:\Users\arthur.menezes_evolu\Desktop\Pes\BGABadgeView-Android\api\src\main\java\cn\bingoogolapple\badgeview\BGABadgeable.java,cn.bingoogolapple.badgeview.BGABadgeable,getWidth/0,false,94,0,2,2,0,1,0,1,0,0,0,0,0,0,0,0,0,0,0,0,0,0,0,0,0,0,2,0,0,false
c:\Users\arthur.menezes_evolu\Desktop\Pes\BGABadgeView-Android\api\src\main\java\cn\bingoogolapple\badgeview\BGABadgeable.java,cn.bingoogolapple.badgeview.BGABadgeable,getId/0,false,102,0,0,0,0,1,0,1,0,0,0,0,0,0,0,0,0,0,0,0,0,0,0,0,0,0,2,0,0,false
c:\Users\arthur.menezes_evolu\Desktop\Pes\BGABadgeView-Android\api\src\main\java\cn\bingoogolapple\badgeview\BGABadgeable.java,cn.bingoogolapple.badgeview.BGABadgeable,callSuperOnTouchEvent/1[cn.bingoogolapple.badgeview.MotionEvent],false,56,1,1,1,0,1,0,1,0,0,1,0,0,0,0,0,0,0,0,0,0,0,0,0,0,0,7,0,0,true
c:\Users\arthur.menezes_evolu\Desktop\Pes\BGABadgeView-Android\api\src\main\java\cn\bingoogolapple\badgeview\BGABadgeable.java,cn.bingoogolapple.badgeview.BGABadgeable,getRootView/0,false,108,1,1,1,0,1,0,1,0,0,0,0,0,0,0,0,0,0,0,0,0,0,0,0,0,0,3,0,0,false
c:\Users\arthur.menezes_evolu\Desktop\Pes\BGABadgeView-Android\api\src\main\java\cn\bingoogolapple\badgeview\BGABadgeable.java,cn.bingoogolapple.badgeview.BGABadgeable,showTextBadge/1[java.lang.String],false,37,0,0,0,0,1,0,1,0,0,1,0,0,0,0,0,0,0,0,0,0,0,0,0,0,0,4,0,0,true
c:\Users\arthur.menezes_evolu\Desktop\Pes\BGABadgeView-Android\api\src\main\java\cn\bingoogolapple\badgeview\BGABadgeable.java,cn.bingoogolapple.badgeview.BGABadgeable,isShowBadge/0,false,71,0,0,0,0,1,0,1,0,0,0,0,0,0,0,0,0,0,0,0,0,0,0,0,0,0,3,0,0,true
c:\Users\arthur.menezes_evolu\Desktop\Pes\BGABadgeView-Android\api\src\main\java\cn\bingoogolapple\badgeview\BGABadgeable.java,cn.bingoogolapple.badgeview.BGABadgeable,isDragging/0,false,85,0,0,0,0,1,0,1,0,0,0,0,0,0,0,0,0,0,0,0,0,0,0,0,0,0,2,0,0,true
c:\Users\arthur.menezes_evolu\Desktop\Pes\BGABadgeView-Android\api\src\main\java\cn\bingoogolapple\badgeview\BGABadgeable.java,cn.bingoogolapple.badgeview.BGABadgeable,hiddenBadge/0,false,44,0,0,0,0,1,0,1,0,0,0,0,0,0,0,0,0,0,0,0,0,0,0,0,0,0,2,0,0,true
c:\Users\arthur.menezes_evolu\Desktop\Pes\BGABadgeView-Android\api\src\main\java\cn\bingoogolapple\badgeview\BGABadgeable.java,cn.bingoogolapple.badgeview.BGABadgeable,showDrawableBadge/1[cn.bingoogolapple.badgeview.Bitmap],false,49,1,0,0,0,1,0,1,0,0,1,0,0,0,0,0,0,0,0,0,0,0,0,0,0,0,5,0,0,true
c:\Users\arthur.menezes_evolu\Desktop\Pes\BGABadgeView-Android\api\src\main\java\cn\bingoogolapple\badgeview\BGABadgeable.java,cn.bingoogolapple.badgeview.BGABadgeable,getBadgeViewHelper/0,false,92,1,0,0,0,1,0,1,0,0,0,0,0,0,0,0,0,0,0,0,0,0,0,0,0,0,7,0,0,false
c:\Users\arthur.menezes_evolu\Desktop\Pes\BGABadgeView-Android\api\src\main\java\cn\bingoogolapple\badgeview\BGABadgeable.java,cn.bingoogolapple.badgeview.BGABadgeable,getHeight/0,false,96,0,2,2,0,1,0,1,0,0,0,0,0,0,0,0,0,0,0,0,0,0,0,0,0,0,2,0,0,false
c:\Users\arthur.menezes_evolu\Desktop\Pes\BGABadgeView-Android\api\src\main\java\cn\bingoogolapple\badgeview\BGABadgeable.java,cn.bingoogolapple.badgeview.BGABadgeable,showCirclePointBadge/0,false,32,0,0,0,0,1,0,1,0,0,0,0,0,0,0,0,0,0,0,0,0,0,0,0,0,0,4,0,0,true
c:\Users\arthur.menezes_evolu\Desktop\Pes\BGABadgeView-Android\api\src\main\java\cn\bingoogolapple\badgeview\BGABadgeable.java,cn.bingoogolapple.badgeview.BGABadgeable,postInvalidate/0,false,98,0,16,16,0,1,0,1,0,0,0,0,0,0,0,0,0,0,0,0,0,0,0,0,0,0,2,0,0,false
c:\Users\arthur.menezes_evolu\Desktop\Pes\BGABadgeView-Android\api\src\main\java\cn\bingoogolapple\badgeview\BGABadgeable.java,cn.bingoogolapple.badgeview.BGABadgeable,getParent/0,false,100,1,1,1,0,1,0,1,0,0,0,0,0,0,0,0,0,0,0,0,0,0,0,0,0,0,3,0,0,false
c:\Users\arthur.menezes_evolu\Desktop\Pes\BGABadgeView-Android\api\src\main\java\cn\bingoogolapple\badgeview\BGABadgeable.java,cn.bingoogolapple.badgeview.BGABadgeable,setDragDismissDelegate/1[cn.bingoogolapple.badgeview.BGADragDismissDelegate],false,64,1,0,0,0,1,0,1,0,0,1,0,0,0,0,0,0,0,0,0,0,0,0,0,0,0,8,0,0,true
c:\Users\arthur.menezes_evolu\Desktop\Pes\BGABadgeView-Android\demo\src\main\java\cn\bingoogolapple\badgeview\demo\util\ToastUtil.java,cn.bingoogolapple.badgeview.demo.util.ToastUtil,init/1[cn.bingoogolapple.badgeview.demo.util.Context],false,24,4,2,1,1,1,7,7,0,0,1,7,0,0,0,0,0,0,0,2,2,0,0,0,0,0,9,9,0,false
c:\Users\arthur.menezes_evolu\Desktop\Pes\BGABadgeView-Android\demo\src\main\java\cn\bingoogolapple\badgeview\demo\util\ToastUtil.java,cn.bingoogolapple.badgeview.demo.util.ToastUtil,show/1[java.lang.CharSequence],false,32,0,3,3,0,1,2,4,0,0,1,2,0,0,0,0,0,0,0,0,0,0,0,0,0,0,4,9,0,false
c:\Users\arthur.menezes_evolu\Desktop\Pes\BGABadgeView-Android\demo\src\main\java\cn\bingoogolapple\badgeview\demo\util\ToastUtil.java,cn.bingoogolapple.badgeview.demo.util.ToastUtil,ToastUtil/0,true,21,0,0,0,0,1,0,2,0,0,0,0,0,0,0,0,0,0,0,0,0,0,0,0,0,0,2,2,0,false
c:\Users\arthur.menezes_evolu\Desktop\Pes\BGABadgeView-Android\demo\src\main\java\cn\bingoogolapple\badgeview\demo\model\MessageModel.java,cn.bingoogolapple.badgeview.demo.model.MessageModel,"MessageModel/3[java.lang.String,java.lang.String,int]",true,17,0,1,1,0,1,0,5,0,0,3,0,0,0,0,0,0,0,0,0,3,0,0,0,0,0,7,1,0,false
c:\Users\arthur.menezes_evolu\Desktop\Pes\BGABadgeView-Android\demo\src\main\java\cn\bingoogolapple\badgeview\demo\model\MessageModel.java,cn.bingoogolapple.badgeview.demo.model.MessageModel,getTestData/0,false,23,1,2,1,1,2,2,8,1,3,0,2,0,0,1,0,0,0,2,3,3,2,1,0,0,0,9,9,0,false
c:\Users\arthur.menezes_evolu\Desktop\Pes\BGABadgeView-Android\api\src\main\java\cn\bingoogolapple\badgeview\BGABadgeViewHelper.java,cn.bingoogolapple.badgeview.BGABadgeViewHelper,setBadgeGravity/1[cn.bingoogolapple.badgeview.BGABadgeViewHelper.BadgeGravity],false,246,2,1,0,1,2,1,6,0,0,1,1,0,0,0,1,0,0,0,0,1,0,1,0,0,0,6,1,0,false
c:\Users\arthur.menezes_evolu\Desktop\Pes\BGABadgeView-Android\api\src\main\java\cn\bingoogolapple\badgeview\BGABadgeViewHelper.java,cn.bingoogolapple.badgeview.BGABadgeViewHelper,showTextBadge/1[java.lang.String],false,441,1,2,1,1,1,1,6,0,0,1,1,0,0,0,0,0,0,0,0,3,0,0,0,0,0,10,1,0,false
c:\Users\arthur.menezes_evolu\Desktop\Pes\BGABadgeView-Android\api\src\main\java\cn\bingoogolapple\badgeview\BGABadgeViewHelper.java,cn.bingoogolapple.badgeview.BGABadgeViewHelper,getBadgeText/0,false,476,0,1,1,0,1,0,3,1,0,0,0,0,0,0,0,0,0,0,0,0,0,0,0,0,0,4,1,0,false
c:\Users\arthur.menezes_evolu\Desktop\Pes\BGABadgeView-Android\api\src\main\java\cn\bingoogolapple\badgeview\BGABadgeViewHelper.java,cn.bingoogolapple.badgeview.BGABadgeViewHelper,setDraggable/1[boolean],false,253,1,1,0,1,1,1,4,0,0,1,1,0,0,0,0,0,0,0,0,1,0,0,0,0,0,4,1,0,false
c:\Users\arthur.menezes_evolu\Desktop\Pes\BGABadgeView-Android\api\src\main\java\cn\bingoogolapple\badgeview\BGABadgeViewHelper.java,cn.bingoogolapple.badgeview.BGABadgeViewHelper,endDragWithDismiss/0,false,316,2,7,5,2,2,2,6,0,0,0,2,1,1,0,1,0,0,0,0,0,0,1,0,0,0,10,1,0,false
c:\Users\arthur.menezes_evolu\Desktop\Pes\BGABadgeView-Android\api\src\main\java\cn\bingoogolapple\badgeview\BGABadgeViewHelper.java,cn.bingoogolapple.badgeview.BGABadgeViewHelper,getBadgePadding/0,false,472,0,1,1,0,1,0,3,1,0,0,0,0,0,0,0,0,0,0,0,0,0,0,0,0,0,4,1,0,false
c:\Users\arthur.menezes_evolu\Desktop\Pes\BGABadgeView-Android\api\src\main\java\cn\bingoogolapple\badgeview\BGABadgeViewHelper.java,cn.bingoogolapple.badgeview.BGABadgeViewHelper,setBadgeBorderWidthDp/1[int],false,263,2,3,0,3,2,3,6,0,0,1,3,0,0,0,0,0,0,0,1,1,0,1,0,0,0,7,1,0,false
c:\Users\arthur.menezes_evolu\Desktop\Pes\BGABadgeView-Android\api\src\main\java\cn\bingoogolapple\badgeview\BGABadgeViewHelper.java,cn.bingoogolapple.badgeview.BGABadgeViewHelper,afterInitDefaultAndCustomAttrs/0,false,203,0,1,1,0,1,1,3,0,0,0,1,0,0,0,0,0,0,0,0,0,0,0,0,0,0,10,2,0,false
c:\Users\arthur.menezes_evolu\Desktop\Pes\BGABadgeView-Android\api\src\main\java\cn\bingoogolapple\badgeview\BGABadgeViewHelper.java,cn.bingoogolapple.badgeview.BGABadgeViewHelper,setBadgeVerticalMarginDp/1[int],false,225,2,3,0,3,2,3,6,0,0,1,3,0,0,0,0,0,0,0,1,1,0,1,0,0,0,7,1,0,false
c:\Users\arthur.menezes_evolu\Desktop\Pes\BGABadgeView-Android\api\src\main\java\cn\bingoogolapple\badgeview\BGABadgeViewHelper.java,cn.bingoogolapple.badgeview.BGABadgeViewHelper,getBadgeTextColor/0,false,484,0,1,1,0,1,0,3,1,0,0,0,0,0,0,0,0,0,0,0,0,0,0,0,0,0,5,1,0,false
c:\Users\arthur.menezes_evolu\Desktop\Pes\BGABadgeView-Android\api\src\main\java\cn\bingoogolapple\badgeview\BGABadgeViewHelper.java,cn.bingoogolapple.badgeview.BGABadgeViewHelper,setDragDismissDelegate/1[cn.bingoogolapple.badgeview.BGADragDismissDelegate],false,496,1,0,0,0,1,0,3,0,0,1,0,0,0,0,0,0,0,0,0,1,0,0,0,0,0,9,1,0,false
c:\Users\arthur.menezes_evolu\Desktop\Pes\BGABadgeView-Android\api\src\main\java\cn\bingoogolapple\badgeview\BGABadgeViewHelper.java,cn.bingoogolapple.badgeview.BGABadgeViewHelper,setBadgePaddingDp/1[int],false,239,2,3,0,3,2,3,6,0,0,1,3,0,0,0,0,0,0,0,1,1,0,1,0,0,0,6,1,0,false
c:\Users\arthur.menezes_evolu\Desktop\Pes\BGABadgeView-Android\api\src\main\java\cn\bingoogolapple\badgeview\BGABadgeViewHelper.java,cn.bingoogolapple.badgeview.BGABadgeViewHelper,isDragging/0,false,508,0,0,0,0,1,0,3,1,0,0,0,0,0,0,0,0,0,0,0,0,0,0,0,0,0,4,1,0,false
c:\Users\arthur.menezes_evolu\Desktop\Pes\BGABadgeView-Android\api\src\main\java\cn\bingoogolapple\badgeview\BGABadgeViewHelper.java,cn.bingoogolapple.badgeview.BGABadgeViewHelper,showDrawable/1[cn.bingoogolapple.badgeview.Bitmap],false,457,2,1,0,1,1,1,6,0,0,1,1,0,0,0,0,0,0,0,0,3,0,0,0,0,0,9,1,0,false
c:\Users\arthur.menezes_evolu\Desktop\Pes\BGABadgeView-Android\api\src\main\java\cn\bingoogolapple\badgeview\BGABadgeViewHelper.java,cn.bingoogolapple.badgeview.BGABadgeViewHelper,isShowDrawable/0,false,464,0,1,1,0,1,0,3,1,0,0,0,0,0,0,0,0,0,0,0,0,0,0,0,0,0,5,1,0,false
c:\Users\arthur.menezes_evolu\Desktop\Pes\BGABadgeView-Android\api\src\main\java\cn\bingoogolapple\badgeview\BGABadgeViewHelper.java,cn.bingoogolapple.badgeview.BGABadgeViewHelper,isResumeTravel/0,false,504,0,1,1,0,1,0,3,1,0,0,0,0,0,0,0,0,0,0,0,0,0,0,0,0,0,5,1,0,false
c:\Users\arthur.menezes_evolu\Desktop\Pes\BGABadgeView-Android\api\src\main\java\cn\bingoogolapple\badgeview\BGABadgeViewHelper.java,cn.bingoogolapple.badgeview.BGABadgeViewHelper,setBadgeTextColorInt/1[int],false,212,1,1,0,1,1,1,4,0,0,1,1,0,0,0,0,0,0,0,0,1,0,0,0,0,0,7,1,0,false
c:\Users\arthur.menezes_evolu\Desktop\Pes\BGABadgeView-Android\api\src\main\java\cn\bingoogolapple\badgeview\BGABadgeViewHelper.java,cn.bingoogolapple.badgeview.BGABadgeViewHelper,setIsResumeTravel/1[boolean],false,258,1,1,0,1,1,1,4,0,0,1,1,0,0,0,0,0,0,0,0,1,0,0,0,0,0,6,1,0,false
c:\Users\arthur.menezes_evolu\Desktop\Pes\BGABadgeView-Android\api\src\main\java\cn\bingoogolapple\badgeview\BGABadgeViewHelper.java,cn.bingoogolapple.badgeview.BGABadgeViewHelper,"initCustomAttr/2[int,cn.bingoogolapple.badgeview.TypedArray]",false,174,2,2,1,1,13,6,39,0,1,2,6,0,0,0,12,0,0,0,0,13,0,1,0,0,0,26,2,0,false
c:\Users\arthur.menezes_evolu\Desktop\Pes\BGABadgeView-Android\api\src\main\java\cn\bingoogolapple\badgeview\BGABadgeViewHelper.java,cn.bingoogolapple.badgeview.BGABadgeViewHelper,getBadgeRectF/0,false,468,1,5,5,0,1,0,3,1,0,0,0,0,0,0,0,0,0,0,0,0,0,0,0,0,0,5,1,0,false
c:\Users\arthur.menezes_evolu\Desktop\Pes\BGABadgeView-Android\api\src\main\java\cn\bingoogolapple\badgeview\BGABadgeViewHelper.java,cn.bingoogolapple.badgeview.BGABadgeViewHelper,"initCustomAttrs/2[cn.bingoogolapple.badgeview.Context,cn.bingoogolapple.badgeview.AttributeSet]",false,165,4,2,1,1,2,5,8,0,3,2,5,1,1,1,0,0,0,0,1,3,0,1,0,0,0,11,2,0,false
c:\Users\arthur.menezes_evolu\Desktop\Pes\BGABadgeView-Android\api\src\main\java\cn\bingoogolapple\badgeview\BGABadgeViewHelper.java,cn.bingoogolapple.badgeview.BGABadgeViewHelper,drawBadge/1[cn.bingoogolapple.badgeview.Canvas],false,327,2,2,0,2,4,2,10,0,0,1,2,2,1,0,0,0,0,0,0,0,0,2,0,0,0,10,1,0,false
c:\Users\arthur.menezes_evolu\Desktop\Pes\BGABadgeView-Android\api\src\main\java\cn\bingoogolapple\badgeview\BGABadgeViewHelper.java,cn.bingoogolapple.badgeview.BGABadgeViewHelper,drawTextBadge/1[cn.bingoogolapple.badgeview.Canvas],false,368,3,3,1,2,9,10,49,0,5,1,10,0,0,0,2,0,3,1,16,15,29,1,0,0,0,21,2,0,true
c:\Users\arthur.menezes_evolu\Desktop\Pes\BGABadgeView-Android\api\src\main\java\cn\bingoogolapple\badgeview\BGABadgeViewHelper.java,cn.bingoogolapple.badgeview.BGABadgeViewHelper,showCirclePointBadge/0,false,437,1,1,0,1,1,1,3,0,0,0,1,1,1,0,0,0,0,0,0,0,0,0,0,0,0,6,1,0,false
c:\Users\arthur.menezes_evolu\Desktop\Pes\BGABadgeView-Android\api\src\main\java\cn\bingoogolapple\badgeview\BGABadgeViewHelper.java,cn.bingoogolapple.badgeview.BGABadgeViewHelper,"initDefaultAttrs/2[cn.bingoogolapple.badgeview.Context,cn.bingoogolapple.badgeview.BGABadgeViewHelper.BadgeGravity]",false,131,6,3,1,2,1,5,23,0,0,2,5,0,0,0,0,0,0,0,5,18,0,0,0,0,0,31,2,0,false
c:\Users\arthur.menezes_evolu\Desktop\Pes\BGABadgeView-Android\api\src\main\java\cn\bingoogolapple\badgeview\BGABadgeViewHelper.java,cn.bingoogolapple.badgeview.BGABadgeViewHelper,onTouchEvent/1[cn.bingoogolapple.badgeview.MotionEvent],false,275,4,6,0,6,12,13,37,4,1,1,13,0,0,0,1,0,1,0,3,7,8,2,0,0,0,20,1,0,false
c:\Users\arthur.menezes_evolu\Desktop\Pes\BGABadgeView-Android\api\src\main\java\cn\bingoogolapple\badgeview\BGABadgeViewHelper.java,cn.bingoogolapple.badgeview.BGABadgeViewHelper,drawDrawableBadge/1[cn.bingoogolapple.badgeview.Canvas],false,342,2,3,1,2,4,5,20,0,0,1,5,0,0,0,0,0,1,0,1,7,6,1,0,0,0,10,2,0,true
c:\Users\arthur.menezes_evolu\Desktop\Pes\BGABadgeView-Android\api\src\main\java\cn\bingoogolapple\badgeview\BGABadgeViewHelper.java,cn.bingoogolapple.badgeview.BGABadgeViewHelper,setBadgeTextSizeSp/1[int],false,217,2,3,0,3,2,4,7,0,0,1,4,0,0,0,0,0,0,0,1,1,0,1,0,0,0,7,1,0,false
c:\Users\arthur.menezes_evolu\Desktop\Pes\BGABadgeView-Android\api\src\main\java\cn\bingoogolapple\badgeview\BGABadgeViewHelper.java,cn.bingoogolapple.badgeview.BGABadgeViewHelper,isShowBadge/0,false,453,0,0,0,0,1,0,3,1,0,0,0,0,0,0,0,0,0,0,0,0,0,0,0,0,0,5,1,0,false
c:\Users\arthur.menezes_evolu\Desktop\Pes\BGABadgeView-Android\api\src\main\java\cn\bingoogolapple\badgeview\BGABadgeViewHelper.java,cn.bingoogolapple.badgeview.BGABadgeViewHelper,getBadgeBgColor/0,false,480,0,2,2,0,1,0,3,1,0,0,0,0,0,0,0,0,0,0,0,0,0,0,0,0,0,5,1,0,false
c:\Users\arthur.menezes_evolu\Desktop\Pes\BGABadgeView-Android\api\src\main\java\cn\bingoogolapple\badgeview\BGABadgeViewHelper.java,cn.bingoogolapple.badgeview.BGABadgeViewHelper,setBadgeHorizontalMarginDp/1[int],false,232,2,3,0,3,2,3,6,0,0,1,3,0,0,0,0,0,0,0,1,1,0,1,0,0,0,7,1,0,false
c:\Users\arthur.menezes_evolu\Desktop\Pes\BGABadgeView-Android\api\src\main\java\cn\bingoogolapple\badgeview\BGABadgeViewHelper.java,cn.bingoogolapple.badgeview.BGABadgeViewHelper,getRootView/0,false,500,2,1,0,1,1,1,3,1,0,0,1,0,0,0,0,0,0,0,0,0,0,0,0,0,0,3,1,0,false
c:\Users\arthur.menezes_evolu\Desktop\Pes\BGABadgeView-Android\api\src\main\java\cn\bingoogolapple\badgeview\BGABadgeViewHelper.java,cn.bingoogolapple.badgeview.BGABadgeViewHelper,isDraggable/0,false,512,0,0,0,0,1,0,3,1,0,0,0,0,0,0,0,0,0,0,0,0,0,0,0,0,0,3,1,0,false
c:\Users\arthur.menezes_evolu\Desktop\Pes\BGABadgeView-Android\api\src\main\java\cn\bingoogolapple\badgeview\BGABadgeViewHelper.java,cn.bingoogolapple.badgeview.BGABadgeViewHelper,getBadgeTextSize/0,false,488,0,1,1,0,1,0,3,1,0,0,0,0,0,0,0,0,0,0,0,0,0,0,0,0,0,5,1,0,false
c:\Users\arthur.menezes_evolu\Desktop\Pes\BGABadgeView-Android\api\src\main\java\cn\bingoogolapple\badgeview\BGABadgeViewHelper.java,cn.bingoogolapple.badgeview.BGABadgeViewHelper,"BGABadgeViewHelper/4[cn.bingoogolapple.badgeview.BGABadgeable,cn.bingoogolapple.badgeview.Context,cn.bingoogolapple.badgeview.AttributeSet,cn.bingoogolapple.badgeview.BGABadgeViewHelper.BadgeGravity]",true,123,6,4,0,4,1,3,7,0,0,4,3,3,2,0,0,0,0,0,0,2,0,0,0,0,0,20,1,0,false
c:\Users\arthur.menezes_evolu\Desktop\Pes\BGABadgeView-Android\api\src\main\java\cn\bingoogolapple\badgeview\BGABadgeViewHelper.java,cn.bingoogolapple.badgeview.BGABadgeViewHelper,hiddenBadge/0,false,448,1,2,1,1,1,1,4,0,0,0,1,0,0,0,0,0,0,0,0,1,0,0,0,0,0,6,1,0,false
c:\Users\arthur.menezes_evolu\Desktop\Pes\BGABadgeView-Android\api\src\main\java\cn\bingoogolapple\badgeview\BGABadgeViewHelper.java,cn.bingoogolapple.badgeview.BGABadgeViewHelper,setBadgeBorderColorInt/1[int],false,270,1,1,0,1,1,1,4,0,0,1,1,0,0,0,0,0,0,0,0,1,0,0,0,0,0,7,1,0,false
c:\Users\arthur.menezes_evolu\Desktop\Pes\BGABadgeView-Android\api\src\main\java\cn\bingoogolapple\badgeview\BGABadgeViewHelper.java,cn.bingoogolapple.badgeview.BGABadgeViewHelper,endDragWithoutDismiss/0,false,323,1,5,4,1,1,1,3,0,0,0,1,0,0,0,0,0,0,0,0,0,0,0,0,0,0,4,1,0,false
c:\Users\arthur.menezes_evolu\Desktop\Pes\BGABadgeView-Android\api\src\main\java\cn\bingoogolapple\badgeview\BGABadgeViewHelper.java,cn.bingoogolapple.badgeview.BGABadgeViewHelper,setBadgeBgColorInt/1[int],false,207,1,1,0,1,1,1,4,0,0,1,1,0,0,0,0,0,0,0,0,1,0,0,0,0,0,7,1,0,false
c:\Users\arthur.menezes_evolu\Desktop\Pes\BGABadgeView-Android\api\src\main\java\cn\bingoogolapple\badgeview\BGABadgeViewHelper.java,cn.bingoogolapple.badgeview.BGABadgeViewHelper,getBitmap/0,false,492,1,2,2,0,1,0,3,1,0,0,0,0,0,0,0,0,0,0,0,0,0,0,0,0,0,3,1,0,false
c:\Users\arthur.menezes_evolu\Desktop\Pes\BGABadgeView-Android\api\src\main\java\cn\bingoogolapple\badgeview\BGADragBadgeView.java,cn.bingoogolapple.badgeview.BGADragBadgeView$Anonymous1,onAnimationUpdate/1[cn.bingoogolapple.badgeview.ValueAnimator],false,341,4,2,0,2,1,3,5,0,2,1,3,0,0,0,0,0,0,0,0,2,0,0,0,0,0,14,1,0,false
c:\Users\arthur.menezes_evolu\Desktop\Pes\BGABadgeView-Android\api\src\main\java\cn\bingoogolapple\badgeview\BGADragBadgeView.java,cn.bingoogolapple.badgeview.BGADragBadgeView$Anonymous2,onAnimationEnd/1[cn.bingoogolapple.badgeview.Animator],false,350,3,3,0,3,1,2,4,0,0,1,2,0,0,0,0,0,0,0,0,0,0,0,0,0,0,7,1,0,false
c:\Users\arthur.menezes_evolu\Desktop\Pes\BGABadgeView-Android\api\src\main\java\cn\bingoogolapple\badgeview\BGADragBadgeView.java,cn.bingoogolapple.badgeview.BGADragBadgeView$Anonymous2,onAnimationCancel/1[cn.bingoogolapple.badgeview.Animator],false,356,3,3,0,3,1,2,4,0,0,1,2,0,0,0,0,0,0,0,0,0,0,0,0,0,0,7,1,0,false
c:\Users\arthur.menezes_evolu\Desktop\Pes\BGABadgeView-Android\api\src\main\java\cn\bingoogolapple\badgeview\BGADragBadgeView.java,cn.bingoogolapple.badgeview.BGADragBadgeView$Anonymous3,onAnimationEnd/1[cn.bingoogolapple.badgeview.Animator],false,390,3,3,0,3,1,2,4,0,0,1,2,0,0,0,0,0,0,0,0,0,0,0,0,0,0,7,1,0,false
c:\Users\arthur.menezes_evolu\Desktop\Pes\BGABadgeView-Android\api\src\main\java\cn\bingoogolapple\badgeview\BGADragBadgeView.java,cn.bingoogolapple.badgeview.BGADragBadgeView$Anonymous3,onAnimationCancel/1[cn.bingoogolapple.badgeview.Animator],false,396,3,3,0,3,1,2,4,0,0,1,2,0,0,0,0,0,0,0,0,0,0,0,0,0,0,7,1,0,false
c:\Users\arthur.menezes_evolu\Desktop\Pes\BGABadgeView-Android\demo\src\main\java\cn\bingoogolapple\badgeview\demo\activity\MainActivity.java,cn.bingoogolapple.badgeview.demo.activity.MainActivity$Anonymous3,run/0,false,146,0,0,0,0,1,1,3,0,0,0,1,0,0,0,0,0,0,0,0,0,0,0,0,0,0,1,1,0,false
c:\Users\arthur.menezes_evolu\Desktop\Pes\BGABadgeView-Android\demo\src\main\java\cn\bingoogolapple\badgeview\demo\activity\MainActivity.java,cn.bingoogolapple.badgeview.demo.activity.MainActivity$Anonymous2,run/0,false,139,0,0,0,0,1,1,3,0,0,0,1,0,0,0,0,0,0,0,0,0,0,0,0,0,0,1,1,0,false
c:\Users\arthur.menezes_evolu\Desktop\Pes\BGABadgeView-Android\demo\src\main\java\cn\bingoogolapple\badgeview\demo\activity\MainActivity.java,cn.bingoogolapple.badgeview.demo.activity.MainActivity$Anonymous1,onDismiss/1[cn.bingoogolapple.badgeview.BGABadgeable],false,132,2,1,0,1,1,1,3,0,0,1,1,0,0,0,0,0,0,1,0,0,0,0,0,0,0,7,1,0,false
c:\Users\arthur.menezes_evolu\Desktop\Pes\BGABadgeView-Android\demo\src\main\java\cn\bingoogolapple\badgeview\demo\activity\MainActivity.java,cn.bingoogolapple.badgeview.demo.activity.MainActivity$Anonymous7,"onCheckedChanged/2[cn.bingoogolapple.badgeview.demo.activity.RadioGroup,int]",false,180,2,1,0,1,5,1,16,0,0,2,1,0,0,0,0,0,0,4,0,0,0,1,0,0,0,7,1,0,false
c:\Users\arthur.menezes_evolu\Desktop\Pes\BGABadgeView-Android\demo\src\main\java\cn\bingoogolapple\badgeview\demo\adapter\MessageAdapter.java,cn.bingoogolapple.badgeview.demo.adapter.MessageAdapter,MessageAdapter/1[cn.bingoogolapple.badgeview.demo.adapter.RecyclerView],true,20,1,1,1,0,1,0,3,0,0,1,0,0,0,0,0,0,0,0,0,0,0,0,0,0,0,5,1,0,false
c:\Users\arthur.menezes_evolu\Desktop\Pes\BGABadgeView-Android\demo\src\main\java\cn\bingoogolapple\badgeview\demo\adapter\MessageAdapter.java,cn.bingoogolapple.badgeview.demo.adapter.MessageAdapter,"fillData/3[cn.bingoogolapple.badgeview.demo.adapter.BGAViewHolderHelper,int,cn.bingoogolapple.badgeview.demo.model.MessageModel]",false,25,4,1,0,1,2,5,18,0,1,3,5,0,0,0,0,0,0,1,1,1,1,1,1,0,0,21,4,0,false
c:\Users\arthur.menezes_evolu\Desktop\Pes\BGABadgeView-Android\demo\src\main\java\cn\bingoogolapple\badgeview\demo\activity\MainActivity.java,cn.bingoogolapple.badgeview.demo.activity.MainActivity$Anonymous6,onDismiss/1[cn.bingoogolapple.badgeview.BGABadgeable],false,173,2,1,0,1,1,1,3,0,0,1,1,0,0,0,0,0,0,1,0,0,0,0,0,0,0,7,1,0,false
c:\Users\arthur.menezes_evolu\Desktop\Pes\BGABadgeView-Android\demo\src\main\java\cn\bingoogolapple\badgeview\demo\adapter\MessageAdapter.java,cn.bingoogolapple.badgeview.demo.adapter.MessageAdapter$Anonymous1,onDismiss/1[cn.bingoogolapple.badgeview.BGABadgeable],false,34,2,1,0,1,1,1,4,0,0,1,1,0,0,0,0,0,0,1,1,1,1,0,0,0,0,7,1,0,false
c:\Users\arthur.menezes_evolu\Desktop\Pes\BGABadgeView-Android\demo\src\main\java\cn\bingoogolapple\badgeview\demo\activity\MainActivity.java,cn.bingoogolapple.badgeview.demo.activity.MainActivity$Anonymous5,run/0,false,166,0,0,0,0,1,1,3,0,0,0,1,0,0,0,0,0,0,1,0,0,0,0,0,0,0,1,1,0,false
c:\Users\arthur.menezes_evolu\Desktop\Pes\BGABadgeView-Android\demo\src\main\java\cn\bingoogolapple\badgeview\demo\activity\MainActivity.java,cn.bingoogolapple.badgeview.demo.activity.MainActivity$Anonymous4,run/0,false,153,0,0,0,0,1,3,3,0,0,0,3,0,0,0,0,0,0,0,0,0,0,0,0,0,0,3,1,0,false
c:\Users\arthur.menezes_evolu\Desktop\Pes\BGABadgeView-Android\api\src\main\java\cn\bingoogolapple\badgeview\BGABadgeViewUtil.java,cn.bingoogolapple.badgeview.BGABadgeViewUtil,"sp2px/2[cn.bingoogolapple.badgeview.Context,float]",false,39,1,2,2,0,1,3,3,1,0,2,3,0,0,0,0,0,0,0,0,0,0,0,0,0,0,4,9,0,false
c:\Users\arthur.menezes_evolu\Desktop\Pes\BGABadgeView-Android\api\src\main\java\cn\bingoogolapple\badgeview\BGABadgeViewUtil.java,cn.bingoogolapple.badgeview.BGABadgeViewUtil,"getPointByPercent/3[cn.bingoogolapple.badgeview.PointF,cn.bingoogolapple.badgeview.PointF,float]",false,66,2,2,1,1,1,1,3,1,0,3,1,1,1,0,0,0,0,0,0,0,0,0,0,0,0,7,9,0,false
c:\Users\arthur.menezes_evolu\Desktop\Pes\BGABadgeView-Android\api\src\main\java\cn\bingoogolapple\badgeview\BGABadgeViewUtil.java,cn.bingoogolapple.badgeview.BGABadgeViewUtil,"createBitmapSafely/3[cn.bingoogolapple.badgeview.BGADragBadgeView,cn.bingoogolapple.badgeview.Rect,int]",false,43,4,3,2,1,5,7,13,3,0,3,7,1,0,0,0,1,0,0,6,0,1,2,0,0,0,18,9,0,false
c:\Users\arthur.menezes_evolu\Desktop\Pes\BGABadgeView-Android\api\src\main\java\cn\bingoogolapple\badgeview\BGABadgeViewUtil.java,cn.bingoogolapple.badgeview.BGABadgeViewUtil,"getMiddlePoint/2[cn.bingoogolapple.badgeview.PointF,cn.bingoogolapple.badgeview.PointF]",false,62,1,1,1,0,1,0,3,1,0,2,0,0,0,0,0,0,2,0,2,0,4,0,0,0,0,5,9,0,false
c:\Users\arthur.menezes_evolu\Desktop\Pes\BGABadgeView-Android\api\src\main\java\cn\bingoogolapple\badgeview\BGABadgeViewUtil.java,cn.bingoogolapple.badgeview.BGABadgeViewUtil,"evaluate/3[float,java.lang.Number,java.lang.Number]",false,71,0,2,2,0,1,1,4,1,1,3,1,0,0,0,0,0,1,0,0,1,3,0,0,0,0,6,9,0,false
c:\Users\arthur.menezes_evolu\Desktop\Pes\BGABadgeView-Android\api\src\main\java\cn\bingoogolapple\badgeview\BGABadgeViewUtil.java,cn.bingoogolapple.badgeview.BGABadgeViewUtil,"dp2px/2[cn.bingoogolapple.badgeview.Context,float]",false,35,1,8,8,0,1,3,3,1,0,2,3,0,0,0,0,0,0,0,0,0,0,0,0,0,0,4,9,0,false
c:\Users\arthur.menezes_evolu\Desktop\Pes\BGABadgeView-Android\api\src\main\java\cn\bingoogolapple\badgeview\BGABadgeViewUtil.java,cn.bingoogolapple.badgeview.BGABadgeViewUtil,BGABadgeViewUtil/0,true,32,0,0,0,0,1,0,2,0,0,0,0,0,0,0,0,0,0,0,0,0,0,0,0,0,0,6,2,0,false
c:\Users\arthur.menezes_evolu\Desktop\Pes\BGABadgeView-Android\api\src\main\java\cn\bingoogolapple\badgeview\BGABadgeViewUtil.java,cn.bingoogolapple.badgeview.BGABadgeViewUtil,"getDistanceBetween2Points/2[cn.bingoogolapple.badgeview.PointF,cn.bingoogolapple.badgeview.PointF]",false,57,1,4,4,0,1,2,4,1,1,2,2,0,0,0,0,0,0,0,2,1,3,0,0,0,0,8,9,0,false
c:\Users\arthur.menezes_evolu\Desktop\Pes\BGABadgeView-Android\api\src\main\java\cn\bingoogolapple\badgeview\BGABadgeViewUtil.java,cn.bingoogolapple.badgeview.BGABadgeViewUtil,"getIntersectionPoints/3[cn.bingoogolapple.badgeview.PointF,float,java.lang.Double]",false,76,1,1,1,0,2,3,16,1,4,3,3,0,0,0,1,0,2,0,6,10,6,1,0,0,0,14,9,0,false
c:\Users\arthur.menezes_evolu\Desktop\Pes\BGABadgeView-Android\demo\src\main\java\cn\bingoogolapple\badgeview\demo\activity\MainActivity.java,cn.bingoogolapple.badgeview.demo.activity.MainActivity$Anonymous8,"onRVItemClick/3[cn.bingoogolapple.badgeview.demo.activity.ViewGroup,cn.bingoogolapple.badgeview.demo.activity.View,int]",false,204,3,1,0,1,1,2,3,0,0,3,2,0,0,0,0,0,0,1,0,0,1,0,0,0,0,8,1,0,false
c:\Users\arthur.menezes_evolu\Desktop\Pes\BGABadgeView-Android\api\src\main\java\cn\bingoogolapple\badgeview\BGAExplosionAnimator.java,cn.bingoogolapple.badgeview.BGAExplosionAnimator$Particle,advance/1[float],false,151,0,1,1,0,4,1,18,1,3,1,1,0,0,0,0,0,5,0,9,11,18,1,0,0,0,27,1,0,false
c:\Users\arthur.menezes_evolu\Desktop\Pes\BGABadgeView-Android\api\src\main\java\cn\bingoogolapple\badgeview\BGADragBadgeView.java,cn.bingoogolapple.badgeview.BGADragBadgeView,getNewStartX/1[float],false,426,1,3,2,1,3,4,11,1,2,1,4,0,0,0,0,0,0,0,3,4,4,1,0,0,0,8,2,0,false
c:\Users\arthur.menezes_evolu\Desktop\Pes\BGABadgeView-Android\api\src\main\java\cn\bingoogolapple\badgeview\BGADragBadgeView.java,cn.bingoogolapple.badgeview.BGADragBadgeView,initStick/0,false,138,1,2,1,1,1,2,4,0,0,0,2,0,0,0,0,0,0,0,2,2,0,0,0,0,0,9,2,0,false
c:\Users\arthur.menezes_evolu\Desktop\Pes\BGABadgeView-Android\api\src\main\java\cn\bingoogolapple\badgeview\BGADragBadgeView.java,cn.bingoogolapple.badgeview.BGADragBadgeView,"updateDragPosition/2[float,float]",false,418,1,5,3,2,1,4,6,0,0,2,4,2,1,0,0,0,0,0,0,2,0,0,0,0,0,12,2,0,true
c:\Users\arthur.menezes_evolu\Desktop\Pes\BGABadgeView-Android\api\src\main\java\cn\bingoogolapple\badgeview\BGADragBadgeView.java,cn.bingoogolapple.badgeview.BGADragBadgeView,drawStick/1[cn.bingoogolapple.badgeview.Canvas],false,192,4,4,1,3,4,9,25,0,5,1,9,1,1,0,1,0,1,0,9,9,3,2,0,0,0,26,2,0,false
c:\Users\arthur.menezes_evolu\Desktop\Pes\BGABadgeView-Android\api\src\main\java\cn\bingoogolapple\badgeview\BGADragBadgeView.java,cn.bingoogolapple.badgeview.BGADragBadgeView,startSpringAnim/0,false,335,4,1,1,0,1,8,28,0,2,0,8,0,0,0,0,0,0,0,4,2,1,0,2,0,0,28,2,0,false
c:\Users\arthur.menezes_evolu\Desktop\Pes\BGABadgeView-Android\api\src\main\java\cn\bingoogolapple\badgeview\BGADragBadgeView.java,cn.bingoogolapple.badgeview.BGADragBadgeView,removeSelfWithException/0,false,445,3,6,2,4,2,4,9,0,0,0,4,1,1,0,0,0,0,0,0,0,0,1,0,0,0,7,2,0,false
c:\Users\arthur.menezes_evolu\Desktop\Pes\BGABadgeView-Android\api\src\main\java\cn\bingoogolapple\badgeview\BGADragBadgeView.java,cn.bingoogolapple.badgeview.BGADragBadgeView,onTouchEvent/1[cn.bingoogolapple.badgeview.MotionEvent],false,254,2,5,1,4,6,5,20,1,0,1,5,4,6,0,0,1,0,0,0,0,0,2,0,0,0,16,1,0,false
c:\Users\arthur.menezes_evolu\Desktop\Pes\BGABadgeView-Android\api\src\main\java\cn\bingoogolapple\badgeview\BGADragBadgeView.java,cn.bingoogolapple.badgeview.BGADragBadgeView,getCurrentStickRadius/0,false,237,1,3,1,2,1,3,6,1,2,0,3,0,0,0,0,0,0,0,1,3,2,0,0,0,0,9,2,0,true
c:\Users\arthur.menezes_evolu\Desktop\Pes\BGABadgeView-Android\api\src\main\java\cn\bingoogolapple\badgeview\BGADragBadgeView.java,cn.bingoogolapple.badgeview.BGADragBadgeView,getNewStartY/1[float],false,438,1,3,2,1,1,5,6,1,3,1,5,0,0,0,0,0,0,0,2,3,3,0,0,0,0,9,2,0,false
c:\Users\arthur.menezes_evolu\Desktop\Pes\BGABadgeView-Android\api\src\main\java\cn\bingoogolapple\badgeview\BGADragBadgeView.java,cn.bingoogolapple.badgeview.BGADragBadgeView,removeSelf/0,false,404,0,5,5,0,2,3,8,0,0,0,3,0,0,0,1,0,0,0,1,2,0,1,0,0,0,14,2,0,false
c:\Users\arthur.menezes_evolu\Desktop\Pes\BGABadgeView-Android\api\src\main\java\cn\bingoogolapple\badgeview\BGADragBadgeView.java,cn.bingoogolapple.badgeview.BGADragBadgeView,handleActionUp/1[cn.bingoogolapple.badgeview.MotionEvent],false,305,4,10,1,9,5,11,28,0,0,1,11,6,4,0,0,2,0,0,0,1,0,3,0,0,0,26,2,0,false
c:\Users\arthur.menezes_evolu\Desktop\Pes\BGABadgeView-Android\api\src\main\java\cn\bingoogolapple\badgeview\BGADragBadgeView.java,cn.bingoogolapple.badgeview.BGADragBadgeView,"BGADragBadgeView/2[cn.bingoogolapple.badgeview.Context,cn.bingoogolapple.badgeview.BGABadgeViewHelper]",true,108,5,5,1,4,1,4,9,0,0,2,4,3,1,0,0,0,0,0,0,3,0,0,0,0,0,23,1,0,false
c:\Users\arthur.menezes_evolu\Desktop\Pes\BGABadgeView-Android\api\src\main\java\cn\bingoogolapple\badgeview\BGADragBadgeView.java,cn.bingoogolapple.badgeview.BGADragBadgeView,"startDismissAnim/2[int,int]",false,369,7,7,1,6,3,8,29,2,4,2,8,1,1,0,2,0,0,0,5,5,8,1,1,0,0,28,2,0,false
c:\Users\arthur.menezes_evolu\Desktop\Pes\BGABadgeView-Android\api\src\main\java\cn\bingoogolapple\badgeview\BGADragBadgeView.java,cn.bingoogolapple.badgeview.BGADragBadgeView,"setStickCenter/2[float,float]",false,249,1,1,1,0,1,0,3,0,0,2,0,0,0,0,0,0,0,0,0,1,0,0,0,0,0,7,1,0,false
c:\Users\arthur.menezes_evolu\Desktop\Pes\BGABadgeView-Android\api\src\main\java\cn\bingoogolapple\badgeview\BGADragBadgeView.java,cn.bingoogolapple.badgeview.BGADragBadgeView,initBadgePaint/0,false,119,2,2,1,1,1,5,7,0,0,0,5,0,0,0,0,0,0,0,0,1,0,0,0,0,0,5,2,0,false
c:\Users\arthur.menezes_evolu\Desktop\Pes\BGABadgeView-Android\api\src\main\java\cn\bingoogolapple\badgeview\BGADragBadgeView.java,cn.bingoogolapple.badgeview.BGADragBadgeView,drawDrawableBadge/1[cn.bingoogolapple.badgeview.Canvas],false,170,2,2,1,1,1,2,3,0,0,1,2,0,0,0,0,0,0,0,0,0,0,0,0,0,0,5,2,0,false
c:\Users\arthur.menezes_evolu\Desktop\Pes\BGABadgeView-Android\api\src\main\java\cn\bingoogolapple\badgeview\BGADragBadgeView.java,cn.bingoogolapple.badgeview.BGADragBadgeView,initLayoutParams/0,false,128,1,1,1,0,1,0,9,0,0,0,0,0,0,0,0,0,0,0,0,7,1,0,0,0,0,4,2,0,false
c:\Users\arthur.menezes_evolu\Desktop\Pes\BGABadgeView-Android\api\src\main\java\cn\bingoogolapple\badgeview\BGADragBadgeView.java,cn.bingoogolapple.badgeview.BGADragBadgeView,drawTextBadge/1[cn.bingoogolapple.badgeview.Canvas],false,174,3,6,1,5,2,10,9,0,3,1,10,0,0,0,1,0,0,1,3,3,8,0,0,0,0,15,2,0,false
c:\Users\arthur.menezes_evolu\Desktop\Pes\BGABadgeView-Android\api\src\main\java\cn\bingoogolapple\badgeview\BGADragBadgeView.java,cn.bingoogolapple.badgeview.BGADragBadgeView,handleActionDown/1[cn.bingoogolapple.badgeview.MotionEvent],false,275,3,3,1,2,3,8,11,0,0,1,8,1,2,0,2,0,1,0,2,5,3,1,0,0,0,24,2,0,false
c:\Users\arthur.menezes_evolu\Desktop\Pes\BGABadgeView-Android\api\src\main\java\cn\bingoogolapple\badgeview\BGADragBadgeView.java,cn.bingoogolapple.badgeview.BGADragBadgeView,onDraw/1[cn.bingoogolapple.badgeview.Canvas],false,144,4,8,0,8,5,12,27,0,0,1,12,4,3,0,2,1,0,0,2,0,2,4,0,0,0,18,4,0,false
c:\Users\arthur.menezes_evolu\Desktop\Pes\BGABadgeView-Android\api\src\main\java\cn\bingoogolapple\badgeview\BGADragBadgeView.java,cn.bingoogolapple.badgeview.BGADragBadgeView,handleActionMove/1[cn.bingoogolapple.badgeview.MotionEvent],false,290,4,5,2,3,5,7,13,0,0,1,7,1,2,0,2,0,0,0,0,2,0,2,0,0,0,22,2,0,false
c:\Users\arthur.menezes_evolu\Desktop\Pes\BGABadgeView-Android\api\src\main\java\cn\bingoogolapple\badgeview\BGADragBadgeView.java,cn.bingoogolapple.badgeview.BGADragBadgeView$SetExplosionAnimatorNullTask,run/0,false,462,1,0,0,0,2,1,6,0,1,0,1,0,0,0,1,0,0,0,0,2,0,1,0,0,0,9,1,0,false
c:\Users\arthur.menezes_evolu\Desktop\Pes\BGABadgeView-Android\api\src\main\java\cn\bingoogolapple\badgeview\BGADragBadgeView.java,cn.bingoogolapple.badgeview.BGADragBadgeView$SetExplosionAnimatorNullTask,SetExplosionAnimatorNullTask/1[cn.bingoogolapple.badgeview.BGADragBadgeView],true,457,1,1,1,0,1,0,3,0,0,1,0,0,0,0,0,0,0,0,0,1,0,0,0,0,0,13,1,0,false
c:\Users\arthur.menezes_evolu\Desktop\Pes\BGABadgeView-Android\demo\src\main\java\cn\bingoogolapple\badgeview\demo\activity\MainActivity.java,cn.bingoogolapple.badgeview.demo.activity.MainActivity,testBadgeView/0,false,94,4,2,1,1,1,24,53,0,4,0,24,0,0,0,0,0,0,7,9,4,1,0,4,0,0,24,2,0,false
c:\Users\arthur.menezes_evolu\Desktop\Pes\BGABadgeView-Android\demo\src\main\java\cn\bingoogolapple\badgeview\demo\activity\MainActivity.java,cn.bingoogolapple.badgeview.demo.activity.MainActivity,initView/0,false,70,0,1,1,0,1,1,17,0,0,0,1,0,0,0,0,0,0,0,0,15,0,0,0,0,0,26,2,0,false
c:\Users\arthur.menezes_evolu\Desktop\Pes\BGABadgeView-Android\demo\src\main\java\cn\bingoogolapple\badgeview\demo\activity\MainActivity.java,cn.bingoogolapple.badgeview.demo.activity.MainActivity,testRecyclerView/0,false,199,4,3,1,2,1,5,12,0,0,0,5,0,0,0,0,0,0,0,0,1,0,0,1,0,0,21,2,0,false
c:\Users\arthur.menezes_evolu\Desktop\Pes\BGABadgeView-Android\demo\src\main\java\cn\bingoogolapple\badgeview\demo\activity\MainActivity.java,cn.bingoogolapple.badgeview.demo.activity.MainActivity,testRadioButton/0,false,159,3,2,1,1,1,7,37,0,0,0,7,0,0,0,0,0,0,3,1,0,0,0,3,0,0,22,2,0,false
c:\Users\arthur.menezes_evolu\Desktop\Pes\BGABadgeView-Android\demo\src\main\java\cn\bingoogolapple\badgeview\demo\activity\MainActivity.java,cn.bingoogolapple.badgeview.demo.activity.MainActivity,onCreate/1[cn.bingoogolapple.badgeview.demo.activity.Bundle],false,59,3,5,0,5,1,7,9,0,0,1,7,4,1,0,0,0,0,0,0,0,0,0,0,0,0,15,4,0,false
c:\Users\arthur.menezes_evolu\Desktop\Pes\BGABadgeView-Android\compiler\src\main\java\cn\bingoogolapple\badgeview\compiler\BGABadgeProcessor.java,cn.bingoogolapple.badgeview.compiler.BGABadgeProcessor,isDraggable/1[TypeSpec.Builder],false,320,2,1,1,0,1,7,4,0,1,1,7,0,0,0,0,0,0,2,0,1,0,0,0,0,0,7,2,0,false
c:\Users\arthur.menezes_evolu\Desktop\Pes\BGABadgeView-Android\compiler\src\main\java\cn\bingoogolapple\badgeview\compiler\BGABadgeProcessor.java,cn.bingoogolapple.badgeview.compiler.BGABadgeProcessor,"parseParams/2[java.util.Set<? extends javax.lang.model.element.Element>,java.util.Set<java.lang.String>]",false,121,2,3,1,2,4,8,19,0,6,2,8,1,2,2,0,1,0,0,0,6,0,3,0,0,0,28,2,0,false
c:\Users\arthur.menezes_evolu\Desktop\Pes\BGABadgeView-Android\compiler\src\main\java\cn\bingoogolapple\badgeview\compiler\BGABadgeProcessor.java,cn.bingoogolapple.badgeview.compiler.BGABadgeProcessor,dispatchDraw/1[TypeSpec.Builder],false,251,2,1,1,0,1,8,4,0,1,1,8,0,0,0,0,0,0,6,0,1,0,0,0,0,0,8,2,0,false
c:\Users\arthur.menezes_evolu\Desktop\Pes\BGABadgeView-Android\compiler\src\main\java\cn\bingoogolapple\badgeview\compiler\BGABadgeProcessor.java,cn.bingoogolapple.badgeview.compiler.BGABadgeProcessor,getSupportedAnnotationTypes/0,false,85,1,0,0,0,1,2,5,1,1,0,2,0,0,0,0,0,0,0,0,1,0,0,0,0,0,7,1,0,true
c:\Users\arthur.menezes_evolu\Desktop\Pes\BGABadgeView-Android\compiler\src\main\java\cn\bingoogolapple\badgeview\compiler\BGABadgeProcessor.java,cn.bingoogolapple.badgeview.compiler.BGABadgeProcessor,generate/1[java.util.Set<java.lang.String>],false,142,3,2,1,1,2,16,14,0,6,1,16,1,3,1,0,0,0,7,2,6,4,1,0,0,0,36,2,0,false
c:\Users\arthur.menezes_evolu\Desktop\Pes\BGABadgeView-Android\compiler\src\main\java\cn\bingoogolapple\badgeview\compiler\BGABadgeProcessor.java,cn.bingoogolapple.badgeview.compiler.BGABadgeProcessor,getBadgeViewHelper/1[TypeSpec.Builder],false,340,2,1,1,0,1,8,4,0,1,1,8,0,0,0,0,0,0,3,0,1,0,0,0,0,0,9,2,0,false
c:\Users\arthur.menezes_evolu\Desktop\Pes\BGABadgeView-Android\compiler\src\main\java\cn\bingoogolapple\badgeview\compiler\BGABadgeProcessor.java,cn.bingoogolapple.badgeview.compiler.BGABadgeProcessor,isShowBadge/1[TypeSpec.Builder],false,310,2,1,1,0,1,7,4,0,1,1,7,0,0,0,0,0,0,2,0,1,0,0,0,0,0,8,2,0,false
c:\Users\arthur.menezes_evolu\Desktop\Pes\BGABadgeView-Android\compiler\src\main\java\cn\bingoogolapple\badgeview\compiler\BGABadgeProcessor.java,cn.bingoogolapple.badgeview.compiler.BGABadgeProcessor,setDragDismissDelegate/1[TypeSpec.Builder],false,300,2,1,1,0,1,8,4,0,1,1,8,0,0,0,0,0,0,4,0,1,0,0,0,0,0,10,2,0,false
c:\Users\arthur.menezes_evolu\Desktop\Pes\BGABadgeView-Android\compiler\src\main\java\cn\bingoogolapple\badgeview\compiler\BGABadgeProcessor.java,cn.bingoogolapple.badgeview.compiler.BGABadgeProcessor,"checkAnnotationValid/2[javax.lang.model.element.Element,java.lang.Class]",false,350,1,2,1,1,3,6,11,3,0,2,6,1,1,0,1,0,1,2,0,0,0,1,0,0,0,16,2,0,false
c:\Users\arthur.menezes_evolu\Desktop\Pes\BGABadgeView-Android\compiler\src\main\java\cn\bingoogolapple\badgeview\compiler\BGABadgeProcessor.java,cn.bingoogolapple.badgeview.compiler.BGABadgeProcessor,"isAssignable/2[java.lang.String,java.lang.String]",false,370,0,2,2,0,1,5,3,1,0,2,5,0,0,0,0,0,0,0,0,0,0,0,0,0,0,5,2,0,false
c:\Users\arthur.menezes_evolu\Desktop\Pes\BGABadgeView-Android\compiler\src\main\java\cn\bingoogolapple\badgeview\compiler\BGABadgeProcessor.java,cn.bingoogolapple.badgeview.compiler.BGABadgeProcessor,"generateMethod/2[TypeSpec.Builder,java.lang.String]",false,166,2,16,1,15,2,15,20,0,0,2,15,15,2,0,0,0,0,1,0,0,0,1,0,0,0,33,2,0,false
c:\Users\arthur.menezes_evolu\Desktop\Pes\BGABadgeView-Android\compiler\src\main\java\cn\bingoogolapple\badgeview\compiler\BGABadgeProcessor.java,cn.bingoogolapple.badgeview.compiler.BGABadgeProcessor,"process/2[java.util.Set<? extends javax.lang.model.element.TypeElement>,javax.annotation.processing.RoundEnvironment]",false,99,2,2,0,2,5,6,21,2,2,2,6,2,6,0,1,1,0,3,0,2,0,1,0,0,0,37,1,0,true
c:\Users\arthur.menezes_evolu\Desktop\Pes\BGABadgeView-Android\compiler\src\main\java\cn\bingoogolapple\badgeview\compiler\BGABadgeProcessor.java,cn.bingoogolapple.badgeview.compiler.BGABadgeProcessor,getSupportedSourceVersion/0,false,75,0,0,0,0,1,1,3,1,0,0,1,0,0,0,0,0,0,0,0,0,0,0,0,0,0,4,1,0,false
c:\Users\arthur.menezes_evolu\Desktop\Pes\BGABadgeView-Android\compiler\src\main\java\cn\bingoogolapple\badgeview\compiler\BGABadgeProcessor.java,cn.bingoogolapple.badgeview.compiler.BGABadgeProcessor,"constructor/2[TypeSpec.Builder,java.lang.String]",false,186,4,2,1,1,3,8,14,0,5,2,8,1,1,0,0,0,0,17,0,5,0,1,0,0,0,25,2,0,false
c:\Users\arthur.menezes_evolu\Desktop\Pes\BGABadgeView-Android\compiler\src\main\java\cn\bingoogolapple\badgeview\compiler\BGABadgeProcessor.java,cn.bingoogolapple.badgeview.compiler.BGABadgeProcessor,onDraw/1[TypeSpec.Builder],false,240,2,1,1,0,1,8,4,0,1,1,8,0,0,0,0,0,0,6,0,1,0,0,0,0,0,8,2,0,false
c:\Users\arthur.menezes_evolu\Desktop\Pes\BGABadgeView-Android\compiler\src\main\java\cn\bingoogolapple\badgeview\compiler\BGABadgeProcessor.java,cn.bingoogolapple.badgeview.compiler.BGABadgeProcessor,showCirclePointBadge/1[TypeSpec.Builder],false,262,2,1,1,0,1,6,4,0,1,1,6,0,0,0,0,0,0,2,0,1,0,0,0,0,0,9,2,0,false
c:\Users\arthur.menezes_evolu\Desktop\Pes\BGABadgeView-Android\compiler\src\main\java\cn\bingoogolapple\badgeview\compiler\BGABadgeProcessor.java,cn.bingoogolapple.badgeview.compiler.BGABadgeProcessor,hiddenBadge/1[TypeSpec.Builder],false,281,2,1,1,0,1,6,4,0,1,1,6,0,0,0,0,0,0,2,0,1,0,0,0,0,0,7,2,0,false
c:\Users\arthur.menezes_evolu\Desktop\Pes\BGABadgeView-Android\compiler\src\main\java\cn\bingoogolapple\badgeview\compiler\BGABadgeProcessor.java,cn.bingoogolapple.badgeview.compiler.BGABadgeProcessor,showDrawableBadge/1[TypeSpec.Builder],false,290,2,1,1,0,1,8,4,0,1,1,8,0,0,0,0,0,0,5,0,1,0,0,0,0,0,9,2,0,false
c:\Users\arthur.menezes_evolu\Desktop\Pes\BGABadgeView-Android\compiler\src\main\java\cn\bingoogolapple\badgeview\compiler\BGABadgeProcessor.java,cn.bingoogolapple.badgeview.compiler.BGABadgeProcessor,isDragging/1[TypeSpec.Builder],false,330,2,1,1,0,1,7,4,0,1,1,7,0,0,0,0,0,0,2,0,1,0,0,0,0,0,7,2,0,false
c:\Users\arthur.menezes_evolu\Desktop\Pes\BGABadgeView-Android\compiler\src\main\java\cn\bingoogolapple\badgeview\compiler\BGABadgeProcessor.java,cn.bingoogolapple.badgeview.compiler.BGABadgeProcessor,"error/3[javax.lang.model.element.Element,java.lang.String,java.lang.Object[]]",false,363,0,1,1,0,2,2,6,0,0,3,2,0,0,0,0,0,0,0,1,1,0,1,0,0,0,4,2,0,false
c:\Users\arthur.menezes_evolu\Desktop\Pes\BGABadgeView-Android\compiler\src\main\java\cn\bingoogolapple\badgeview\compiler\BGABadgeProcessor.java,cn.bingoogolapple.badgeview.compiler.BGABadgeProcessor,callSuperOnTouchEvent/1[TypeSpec.Builder],false,229,2,1,1,0,1,9,4,0,1,1,9,0,0,0,0,0,0,5,0,1,0,0,0,0,0,11,2,0,false
c:\Users\arthur.menezes_evolu\Desktop\Pes\BGABadgeView-Android\compiler\src\main\java\cn\bingoogolapple\badgeview\compiler\BGABadgeProcessor.java,cn.bingoogolapple.badgeview.compiler.BGABadgeProcessor,showTextBadge/1[TypeSpec.Builder],false,271,2,1,1,0,1,7,4,0,1,1,7,0,0,0,0,0,0,3,0,1,0,0,0,0,0,9,2,0,false
c:\Users\arthur.menezes_evolu\Desktop\Pes\BGABadgeView-Android\compiler\src\main\java\cn\bingoogolapple\badgeview\compiler\BGABadgeProcessor.java,cn.bingoogolapple.badgeview.compiler.BGABadgeProcessor,onTouchEvent/1[TypeSpec.Builder],false,218,2,1,1,0,1,9,4,0,1,1,9,0,0,0,0,0,0,5,0,1,0,0,0,0,0,9,2,0,false
c:\Users\arthur.menezes_evolu\Desktop\Pes\BGABadgeView-Android\compiler\src\main\java\cn\bingoogolapple\badgeview\compiler\BGABadgeProcessor.java,cn.bingoogolapple.badgeview.compiler.BGABadgeProcessor,init/1[javax.annotation.processing.ProcessingEnvironment],false,67,0,0,0,0,1,4,6,0,0,1,4,0,0,0,0,0,0,0,0,3,0,0,0,0,0,9,33,0,false
c:\Users\arthur.menezes_evolu\Desktop\Pes\BGABadgeView-Android\api\src\main\java\cn\bingoogolapple\badgeview\BGADragDismissDelegate.java,cn.bingoogolapple.badgeview.BGADragDismissDelegate,onDismiss/1[cn.bingoogolapple.badgeview.BGABadgeable],false,26,1,1,1,0,1,0,1,0,0,1,0,0,0,0,0,0,0,0,0,0,0,0,0,0,0,7,0,0,true
c:\Users\arthur.menezes_evolu\Desktop\Pes\BGABadgeView-Android\api\src\main\java\cn\bingoogolapple\badgeview\BGAExplosionAnimator.java,cn.bingoogolapple.badgeview.BGAExplosionAnimator,draw/1[cn.bingoogolapple.badgeview.Canvas],false,107,3,3,1,2,4,8,14,1,0,1,8,1,1,1,0,0,1,0,1,0,1,2,0,0,0,15,1,0,false
c:\Users\arthur.menezes_evolu\Desktop\Pes\BGABadgeView-Android\api\src\main\java\cn\bingoogolapple\badgeview\BGAExplosionAnimator.java,cn.bingoogolapple.badgeview.BGAExplosionAnimator,start/0,false,123,1,2,1,1,1,2,4,0,0,0,2,1,1,0,0,0,0,0,0,0,0,0,0,0,0,3,1,0,false
c:\Users\arthur.menezes_evolu\Desktop\Pes\BGABadgeView-Android\api\src\main\java\cn\bingoogolapple\badgeview\BGAExplosionAnimator.java,cn.bingoogolapple.badgeview.BGAExplosionAnimator,postInvalidate/0,false,131,0,2,2,0,1,1,3,0,0,0,1,0,0,0,0,0,0,0,0,0,0,0,0,0,0,2,2,0,true
c:\Users\arthur.menezes_evolu\Desktop\Pes\BGABadgeView-Android\api\src\main\java\cn\bingoogolapple\badgeview\BGAExplosionAnimator.java,cn.bingoogolapple.badgeview.BGAExplosionAnimator,"generateParticle/2[int,java.util.Random]",false,78,1,2,1,1,5,5,29,1,3,2,5,0,0,0,0,0,15,0,18,22,31,1,0,0,0,20,2,0,false
c:\Users\arthur.menezes_evolu\Desktop\Pes\BGABadgeView-Android\api\src\main\java\cn\bingoogolapple\badgeview\BGAExplosionAnimator.java,cn.bingoogolapple.badgeview.BGAExplosionAnimator,"BGAExplosionAnimator/3[cn.bingoogolapple.badgeview.BGADragBadgeView,cn.bingoogolapple.badgeview.Rect,cn.bingoogolapple.badgeview.Bitmap]",true,51,7,3,1,2,3,12,23,0,6,3,12,1,1,2,0,0,5,0,12,16,19,2,0,0,0,50,1,0,false
