file,class,type,cbo,cboModified,fanin,fanout,wmc,dit,noc,rfc,lcom,lcom*,tcc,lcc,totalMethodsQty,staticMethodsQty,publicMethodsQty,privateMethodsQty,protectedMethodsQty,defaultMethodsQty,visibleMethodsQty,abstractMethodsQty,finalMethodsQty,synchronizedMethodsQty,totalFieldsQty,staticFieldsQty,publicFieldsQty,privateFieldsQty,protectedFieldsQty,defaultFieldsQty,finalFieldsQty,synchronizedFieldsQty,nosi,loc,returnQty,loopQty,comparisonsQty,tryCatchQty,parenthesizedExpsQty,stringLiteralsQty,numbersQty,assignmentsQty,mathOperationsQty,variablesQty,maxNestedBlocksQty,anonymousClassesQty,innerClassesQty,lambdasQty,uniqueWordsQty,modifiers,logStatementsQty
c:\Users\arthur.menezes_evolu\Desktop\Pes\Android-BLE\core\src\main\java\cn\com\heaton\blelibrary\ble\scan\BluetoothScannerImplLollipop.java,cn.com.heaton.blelibrary.ble.scan.BluetoothScannerImplLollipop,class,12,14,2,12,9,2,0,20,0,0.4666667,0.0,0.0,3,0,2,1,0,0,2,0,0,0,5,1,0,5,0,0,2,0,5,70,0,0,5,0,0,2,0,10,1,8,2,1,0,0,31,0,0
c:\Users\arthur.menezes_evolu\Desktop\Pes\Android-BLE\java-sample\src\main\java\com\example\admin\mybledemo\BleRssiDevice.java,com.example.admin.mybledemo.BleRssiDevice,class,2,7,5,2,7,2,0,0,15,0.7142857,0.0,0.0,7,0,7,0,0,0,7,0,0,0,3,0,0,3,0,0,0,0,0,26,3,0,0,0,0,0,0,3,0,3,0,0,0,0,12,1,0
c:\Users\arthur.menezes_evolu\Desktop\Pes\Android-BLE\core\src\main\java\cn\com\heaton\blelibrary\ble\model\BleDevice.java,cn.com.heaton.blelibrary.ble.model.BleDevice,class,7,52,45,7,35,1,1,14,163,0.874359,0.0,0.0,26,0,24,0,2,0,26,0,0,0,15,6,5,10,0,0,6,0,1,125,15,0,7,0,2,7,11,29,2,15,1,1,0,0,77,1,0
c:\Users\arthur.menezes_evolu\Desktop\Pes\Android-BLE\core\src\main\java\cn\com\heaton\blelibrary\ble\request\ReadRequest.java,cn.com.heaton.blelibrary.ble.request.ReadRequest,class,11,15,4,11,8,1,0,10,0,0.33333334,0.0,0.0,4,0,4,0,0,0,4,0,0,0,3,0,0,3,0,0,2,0,2,29,2,0,4,0,0,0,0,4,0,3,1,0,0,0,29,1,0
c:\Users\arthur.menezes_evolu\Desktop\Pes\Android-BLE\core\src\main\java\cn\com\heaton\blelibrary\ble\callback\wrapper\BluetoothChangedObserver.java,cn.com.heaton.blelibrary.ble.callback.wrapper.BluetoothChangedObserver,class,5,7,2,5,5,2,0,4,0,0.41666666,0.0,0.0,4,0,4,0,0,0,4,0,0,0,3,0,0,3,0,0,0,0,0,57,0,0,0,1,0,0,0,5,0,4,1,0,1,0,26,1,0
c:\Users\arthur.menezes_evolu\Desktop\Pes\Android-BLE\java-sample\src\main\java\com\example\admin\mybledemo\ui\BaseFrameLayout.java,com.example.admin.mybledemo.ui.BaseFrameLayout,class,7,9,2,7,7,2,1,6,21,0.85714287,0.0,0.0,7,0,3,0,4,0,7,2,0,0,1,0,0,0,1,0,0,0,0,24,0,0,0,0,0,0,2,1,0,1,0,0,0,0,18,1025,0
c:\Users\arthur.menezes_evolu\Desktop\Pes\Android-BLE\core\src\main\java\cn\com\heaton\blelibrary\ble\scan\BluetoothScannerImplJB.java,cn.com.heaton.blelibrary.ble.scan.BluetoothScannerImplJB,class,4,5,1,4,2,2,0,4,1,0.5,0.0,0.0,2,0,2,0,0,0,2,0,0,0,1,0,0,1,0,0,0,0,0,16,0,0,0,0,0,0,0,1,0,1,0,1,0,0,14,0,0
c:\Users\arthur.menezes_evolu\Desktop\Pes\Android-BLE\core\src\main\java\cn\com\heaton\blelibrary\ota\BleOtaUpdater.java,cn.com.heaton.blelibrary.ota.BleOtaUpdater,class,10,14,4,10,124,1,0,50,324,0.91341984,0.0,0.0,33,0,13,20,0,0,13,0,0,0,21,5,4,17,0,0,7,0,9,487,45,6,16,3,25,21,109,90,29,57,4,1,0,0,178,1,0
c:\Users\arthur.menezes_evolu\Desktop\Pes\Android-BLE\java-sample\src\main\java\com\example\admin\mybledemo\adapter\ScanAdapter.java,com.example.admin.mybledemo.adapter.ScanAdapter,class,12,13,1,12,15,2,0,30,1,0.5,0.0,0.0,2,0,2,0,0,0,2,0,0,0,1,0,0,1,0,0,0,0,5,105,0,1,3,0,0,18,8,24,2,20,3,2,0,0,60,1,0
c:\Users\arthur.menezes_evolu\Desktop\Pes\Android-BLE\java-sample\src\main\java\com\example\admin\mybledemo\Constant.java,com.example.admin.mybledemo.Constant$SP,interface,0,0,0,0,0,1,0,0,0,NaN,-1.0,-1.0,0,0,0,0,0,0,0,0,0,0,1,0,0,0,0,1,0,0,0,3,0,0,0,0,0,1,0,1,0,1,0,0,0,0,11,1,0
c:\Users\arthur.menezes_evolu\Desktop\Pes\Android-BLE\core\src\main\java\cn\com\heaton\blelibrary\ble\model\BleDevice.java,cn.com.heaton.blelibrary.ble.model.BleDevice$Anonymous1,anonymous,2,2,0,2,2,1,0,0,1,0.0,0.0,0.0,2,0,2,0,0,0,2,0,0,0,0,0,0,0,0,0,0,0,0,8,2,0,0,0,0,0,0,0,0,0,0,0,0,0,9,-1,0
c:\Users\arthur.menezes_evolu\Desktop\Pes\Android-BLE\core\src\main\java\cn\com\heaton\blelibrary\ble\BleHandler.java,cn.com.heaton.blelibrary.ble.BleHandler,class,4,9,5,4,3,2,0,3,1,0.75,NaN,NaN,2,1,1,1,0,0,1,0,0,0,2,2,0,2,0,0,1,0,0,17,1,0,1,0,0,2,0,3,0,3,2,0,0,0,17,1,0
c:\Users\arthur.menezes_evolu\Desktop\Pes\Android-BLE\core\src\main\java\cn\com\heaton\blelibrary\ble\queue\Queue.java,cn.com.heaton.blelibrary.ble.queue.Queue$Anonymous1,anonymous,3,3,0,3,5,1,0,5,0,0.0,NaN,NaN,1,0,1,0,0,0,1,0,0,0,0,0,0,0,0,0,0,0,0,20,0,1,2,1,0,0,0,3,0,2,4,0,0,0,12,-1,0
c:\Users\arthur.menezes_evolu\Desktop\Pes\Android-BLE\core\src\main\java\cn\com\heaton\blelibrary\ble\callback\wrapper\ReadRssiWrapperCallback.java,cn.com.heaton.blelibrary.ble.callback.wrapper.ReadRssiWrapperCallback,interface,1,4,3,1,1,1,0,0,0,0.0,NaN,NaN,1,0,0,0,0,1,1,0,0,0,0,0,0,0,0,0,0,0,0,3,0,0,0,0,0,0,0,0,0,0,0,0,0,0,10,1,0
c:\Users\arthur.menezes_evolu\Desktop\Pes\Android-BLE\core\src\main\java\cn\com\heaton\blelibrary\ble\exception\BlePermissionException.java,cn.com.heaton.blelibrary.ble.exception.BlePermissionException,class,1,1,0,1,3,5,0,0,3,1.0,0.0,0.0,3,0,3,0,0,0,3,0,0,0,1,1,0,1,0,0,1,0,0,11,0,0,0,0,0,0,1,1,0,1,0,0,0,0,18,1,0
c:\Users\arthur.menezes_evolu\Desktop\Pes\Android-BLE\core\src\main\java\cn\com\heaton\blelibrary\ble\exception\BleServiceException.java,cn.com.heaton.blelibrary.ble.exception.BleServiceException,class,1,1,0,1,3,5,0,0,3,1.0,0.0,0.0,3,0,3,0,0,0,3,0,0,0,1,1,0,1,0,0,1,0,0,11,0,0,0,0,0,0,1,1,0,1,0,0,0,0,18,1,0
c:\Users\arthur.menezes_evolu\Desktop\Pes\Android-BLE\core\src\main\java\cn\com\heaton\blelibrary\ble\queue\WriteQueue.java,cn.com.heaton.blelibrary.ble.queue.WriteQueue,class,6,8,2,6,6,2,0,5,1,0.5,0.0,0.0,3,1,2,1,0,0,2,0,0,0,2,1,0,1,1,0,0,0,1,24,2,1,2,0,0,0,0,3,0,3,2,0,0,0,16,17,0
c:\Users\arthur.menezes_evolu\Desktop\Pes\Android-BLE\core\src\main\java\cn\com\heaton\blelibrary\ble\proxy\RequestListener.java,cn.com.heaton.blelibrary.ble.proxy.RequestListener,interface,11,13,2,11,19,1,0,0,171,0.0,0.0,0.0,19,0,0,0,0,19,19,0,0,0,0,0,0,0,0,0,0,0,0,21,0,0,0,0,0,0,0,0,0,0,0,0,0,0,32,1,0
c:\Users\arthur.menezes_evolu\Desktop\Pes\Android-BLE\core\src\main\java\cn\com\heaton\blelibrary\ble\request\WriteRequest.java,cn.com.heaton.blelibrary.ble.request.WriteRequest,class,16,20,4,16,18,1,0,20,12,0.7407408,0.0,0.0,9,0,7,1,1,0,8,0,0,0,6,0,0,6,0,0,1,0,6,138,2,0,6,0,0,2,2,20,0,17,2,1,0,0,60,1,0
c:\Users\arthur.menezes_evolu\Desktop\Pes\Android-BLE\java-sample\src\main\java\com\example\admin\mybledemo\ui\BleActivity.java,com.example.admin.mybledemo.ui.BleActivity,class,32,37,5,32,34,2,0,58,76,0.859375,0.0,0.0,16,0,7,7,2,0,9,0,0,0,16,3,3,13,0,0,3,0,4,223,2,0,10,0,0,12,9,18,4,20,2,6,0,1,115,1,0
c:\Users\arthur.menezes_evolu\Desktop\Pes\Android-BLE\core\src\main\java\cn\com\heaton\blelibrary\ble\callback\BleReadDescCallback.java,cn.com.heaton.blelibrary.ble.callback.BleReadDescCallback,class,2,5,3,2,2,1,0,0,1,0.0,0.0,0.0,2,0,2,0,0,0,2,0,0,0,0,0,0,0,0,0,0,0,0,6,0,0,0,0,0,0,0,0,0,0,0,0,0,0,16,1025,0
c:\Users\arthur.menezes_evolu\Desktop\Pes\Android-BLE\core\src\main\java\cn\com\heaton\blelibrary\ble\proxy\RequestImpl.java,cn.com.heaton.blelibrary.ble.proxy.RequestImpl,class,21,23,2,21,20,1,0,18,190,0.0,0.0,0.0,20,1,20,0,0,0,20,0,0,0,0,0,0,0,0,0,0,0,19,81,9,0,0,0,0,0,0,19,0,19,0,0,0,0,39,1,0
c:\Users\arthur.menezes_evolu\Desktop\Pes\Android-BLE\core\src\main\java\cn\com\heaton\blelibrary\ble\callback\wrapper\BluetoothChangedObserver.java,cn.com.heaton.blelibrary.ble.callback.wrapper.BluetoothChangedObserver$BleReceiver,innerclass,10,10,0,10,8,2,0,12,0,0.0,0.0,0.0,2,0,2,0,0,0,2,0,0,0,1,0,0,1,0,0,0,0,5,31,0,0,4,0,0,4,1,5,0,5,3,0,0,0,25,8,0
c:\Users\arthur.menezes_evolu\Desktop\Pes\Android-BLE\core\src\main\java\cn\com\heaton\blelibrary\ble\request\ScanRequest.java,cn.com.heaton.blelibrary.ble.request.ScanRequest,class,18,24,6,18,37,1,0,30,0,0.71590906,0.0,0.0,11,0,9,2,0,0,9,0,0,0,8,2,0,8,0,0,6,0,8,130,10,0,17,0,0,3,1,15,0,11,3,1,0,0,62,1,0
c:\Users\arthur.menezes_evolu\Desktop\Pes\Android-BLE\core\src\main\java\cn\com\heaton\blelibrary\ble\model\ScanRecord.java,cn.com.heaton.blelibrary.ble.model.ScanRecord,class,10,19,9,10,51,1,0,35,87,0.8535355,0.0,0.0,18,7,13,3,0,2,15,0,0,0,22,15,1,20,0,1,22,0,18,223,25,5,12,1,8,20,66,70,22,56,3,0,0,0,189,1,0
c:\Users\arthur.menezes_evolu\Desktop\Pes\Android-BLE\java-sample\src\main\java\com\example\admin\mybledemo\adapter\ChildAdapter.java,com.example.admin.mybledemo.adapter.ChildAdapter$Anonymous10$Anonymous11,anonymous,4,4,0,4,3,1,0,7,1,0.0,0.0,0.0,2,0,2,0,0,0,2,0,0,0,0,0,0,0,0,0,0,0,1,22,1,0,0,0,0,1,0,0,1,0,1,1,0,0,15,-1,0
c:\Users\arthur.menezes_evolu\Desktop\Pes\Android-BLE\core\src\main\java\cn\com\heaton\blelibrary\ble\callback\BleReadCallback.java,cn.com.heaton.blelibrary.ble.callback.BleReadCallback,class,2,8,6,2,2,1,0,0,1,0.0,0.0,0.0,2,0,2,0,0,0,2,0,0,0,0,0,0,0,0,0,0,0,0,6,0,0,0,0,0,0,0,0,0,0,0,0,0,0,15,1025,0
c:\Users\arthur.menezes_evolu\Desktop\Pes\Android-BLE\core\src\main\java\cn\com\heaton\blelibrary\ble\queue\RequestTask.java,cn.com.heaton.blelibrary.ble.queue.RequestTask$Builder,innerclass,4,4,0,4,6,1,0,0,5,0.625,0.0,0.0,6,0,6,0,0,0,6,0,0,0,4,0,0,4,0,0,0,0,0,27,5,0,0,0,0,0,1,5,0,4,0,0,0,0,20,25,0
c:\Users\arthur.menezes_evolu\Desktop\Pes\Android-BLE\core\src\main\java\cn\com\heaton\blelibrary\ble\request\AdvertiserRequest.java,cn.com.heaton.blelibrary.ble.request.AdvertiserRequest$Anonymous4,anonymous,2,2,0,2,7,1,0,4,1,0.0,0.0,0.0,2,0,2,0,0,0,2,0,0,0,0,0,0,0,0,0,0,0,6,24,0,0,5,0,0,6,0,0,0,0,1,0,0,0,52,-1,0
c:\Users\arthur.menezes_evolu\Desktop\Pes\Android-BLE\core\src\main\java\cn\com\heaton\blelibrary\ble\BleLog.java,cn.com.heaton.blelibrary.ble.BleLog,class,2,24,22,2,18,1,0,20,8,0.375,0.0,0.0,8,8,5,3,0,0,5,0,0,0,2,2,2,0,0,0,0,0,14,62,3,1,1,0,1,6,3,16,3,9,2,0,0,0,52,1,0
c:\Users\arthur.menezes_evolu\Desktop\Pes\Android-BLE\core\src\main\java\cn\com\heaton\blelibrary\ble\Options.java,cn.com.heaton.blelibrary.ble.Options$Anonymous1,anonymous,1,1,0,1,1,1,0,1,0,0.0,NaN,NaN,1,0,1,0,0,0,1,0,0,0,0,0,0,0,0,0,0,0,0,5,1,0,0,0,0,0,0,0,0,0,0,0,0,0,4,-1,0
c:\Users\arthur.menezes_evolu\Desktop\Pes\Android-BLE\core\src\main\java\cn\com\heaton\blelibrary\ble\request\Rproxy.java,cn.com.heaton.blelibrary.ble.request.Rproxy,class,6,14,8,6,21,1,0,20,0,0.2,0.0,0.0,5,4,3,2,0,0,3,0,0,0,1,1,0,1,0,0,0,0,3,82,4,3,1,5,1,4,0,10,0,9,5,0,0,0,57,1,0
c:\Users\arthur.menezes_evolu\Desktop\Pes\Android-BLE\core\src\main\java\cn\com\heaton\blelibrary\ble\callback\BleWriteCallback.java,cn.com.heaton.blelibrary.ble.callback.BleWriteCallback,class,2,8,6,2,2,1,0,0,1,0.0,0.0,0.0,2,0,2,0,0,0,2,1,0,0,0,0,0,0,0,0,0,0,0,5,0,0,0,0,0,0,0,0,0,0,0,0,0,0,15,1025,0
c:\Users\arthur.menezes_evolu\Desktop\Pes\Android-BLE\core\src\main\java\cn\com\heaton\blelibrary\ble\queue\retry\RetryCallback.java,cn.com.heaton.blelibrary.ble.queue.retry.RetryCallback,interface,1,2,1,1,1,1,0,0,0,0.0,NaN,NaN,1,0,0,0,0,1,1,0,0,0,0,0,0,0,0,0,0,0,0,3,0,0,0,0,0,0,0,0,0,0,0,0,0,0,4,0,0
c:\Users\arthur.menezes_evolu\Desktop\Pes\Android-BLE\core\src\main\java\cn\com\heaton\blelibrary\ble\request\AdvertiserRequest.java,cn.com.heaton.blelibrary.ble.request.AdvertiserRequest$Anonymous1,anonymous,1,1,0,1,1,1,0,5,0,0.0,NaN,NaN,1,0,1,0,0,0,1,0,0,0,0,0,0,0,0,0,0,0,0,7,0,0,0,0,0,0,1,1,0,0,0,0,0,0,7,-1,0
c:\Users\arthur.menezes_evolu\Desktop\Pes\Android-BLE\java-sample\src\main\java\com\example\admin\mybledemo\adapter\ChildAdapter.java,com.example.admin.mybledemo.adapter.ChildAdapter$Anonymous14$Anonymous15,anonymous,3,3,0,3,3,1,0,10,0,0.0,NaN,NaN,1,0,1,0,0,0,1,0,0,0,0,0,0,0,0,0,0,0,1,19,0,0,0,1,0,2,0,0,0,0,2,0,0,0,9,-1,0
c:\Users\arthur.menezes_evolu\Desktop\Pes\Android-BLE\java-sample\src\main\java\com\example\admin\mybledemo\Constant.java,com.example.admin.mybledemo.Constant,class,0,0,0,0,0,1,0,0,0,NaN,-1.0,-1.0,0,0,0,0,0,0,0,0,0,0,7,0,0,0,0,7,0,0,0,14,0,0,0,0,0,1,0,7,0,7,0,0,1,0,27,1,0
c:\Users\arthur.menezes_evolu\Desktop\Pes\Android-BLE\core\src\main\java\cn\com\heaton\blelibrary\ble\request\AdvertiserRequest.java,cn.com.heaton.blelibrary.ble.request.AdvertiserRequest$Anonymous2,anonymous,1,1,0,1,1,1,0,2,0,0.0,NaN,NaN,1,0,1,0,0,0,1,0,0,0,0,0,0,0,0,0,0,0,1,6,0,0,0,0,0,1,0,0,0,0,0,0,0,0,4,-1,0
c:\Users\arthur.menezes_evolu\Desktop\Pes\Android-BLE\core\src\main\java\cn\com\heaton\blelibrary\ble\callback\BleNotifyCallback.java,cn.com.heaton.blelibrary.ble.callback.BleNotifyCallback,class,2,8,6,2,4,1,0,0,6,0.0,0.0,0.0,4,0,4,0,0,0,4,1,0,0,0,0,0,0,0,0,0,0,0,9,0,0,0,0,0,0,0,0,0,0,0,0,0,0,33,1025,0
c:\Users\arthur.menezes_evolu\Desktop\Pes\Android-BLE\core\src\main\java\cn\com\heaton\blelibrary\ble\request\AdvertiserRequest.java,cn.com.heaton.blelibrary.ble.request.AdvertiserRequest$Anonymous3,anonymous,1,1,0,1,1,1,0,1,0,0.0,NaN,NaN,1,0,1,0,0,0,1,0,0,0,0,0,0,0,0,0,0,0,0,5,0,0,0,0,0,0,0,0,0,0,0,0,0,0,3,-1,0
c:\Users\arthur.menezes_evolu\Desktop\Pes\Android-BLE\core\src\main\java\cn\com\heaton\blelibrary\ble\callback\BleWriteEntityCallback.java,cn.com.heaton.blelibrary.ble.callback.BleWriteEntityCallback,class,0,6,6,0,4,1,0,0,6,0.0,0.0,0.0,4,0,4,0,0,0,4,2,0,0,0,0,0,0,0,0,0,0,0,8,0,0,0,0,0,0,0,0,0,0,0,0,0,0,11,1025,0
c:\Users\arthur.menezes_evolu\Desktop\Pes\Android-BLE\core\src\main\java\cn\com\heaton\blelibrary\ble\model\EntityData.java,cn.com.heaton.blelibrary.ble.model.EntityData$Builder,innerclass,3,3,0,3,13,1,0,0,42,0.7692308,0.0,0.0,13,0,13,0,0,0,13,0,0,0,6,0,0,6,0,0,0,0,0,53,13,0,0,0,0,0,0,7,0,6,0,0,0,0,33,9,0
c:\Users\arthur.menezes_evolu\Desktop\Pes\Android-BLE\java-sample\src\main\java\com\example\admin\mybledemo\ui\DeviceInfoActivity.java,com.example.admin.mybledemo.ui.DeviceInfoActivity$Anonymous1$Anonymous3,anonymous,4,4,0,4,2,1,0,8,1,0.0,0.0,0.0,2,0,2,0,0,0,2,0,0,0,0,0,0,0,0,0,0,0,4,17,0,0,0,0,0,3,0,1,3,1,0,1,0,0,20,-1,0
c:\Users\arthur.menezes_evolu\Desktop\Pes\Android-BLE\java-sample\src\main\java\com\example\admin\mybledemo\ui\DeviceInfoActivity.java,com.example.admin.mybledemo.ui.DeviceInfoActivity$Anonymous1$Anonymous2,anonymous,0,0,0,0,1,1,0,3,0,0.0,NaN,NaN,1,0,1,0,0,0,1,0,0,0,0,0,0,0,0,0,0,0,0,6,0,0,0,0,0,0,0,0,0,0,0,0,0,0,1,-1,0
c:\Users\arthur.menezes_evolu\Desktop\Pes\Android-BLE\core\src\main\java\cn\com\heaton\blelibrary\ble\callback\BleScanCallback.java,cn.com.heaton.blelibrary.ble.callback.BleScanCallback,class,4,10,6,4,5,1,0,0,10,0.0,0.0,0.0,5,0,5,0,0,0,5,1,0,0,0,0,0,0,0,0,0,0,0,11,0,0,0,0,0,0,0,0,0,0,0,0,0,0,50,1025,0
c:\Users\arthur.menezes_evolu\Desktop\Pes\Android-BLE\core\src\main\java\cn\com\heaton\blelibrary\ble\callback\wrapper\MtuWrapperCallback.java,cn.com.heaton.blelibrary.ble.callback.wrapper.MtuWrapperCallback,interface,1,5,4,1,1,1,0,0,0,0.0,NaN,NaN,1,0,0,0,0,1,1,0,0,0,0,0,0,0,0,0,0,0,0,3,0,0,0,0,0,0,0,0,0,0,0,0,0,0,9,1,0
c:\Users\arthur.menezes_evolu\Desktop\Pes\Android-BLE\core\src\main\java\cn\com\heaton\blelibrary\ble\exception\BleWriteException.java,cn.com.heaton.blelibrary.ble.exception.BleWriteException,class,1,3,2,1,3,5,0,0,3,1.0,0.0,0.0,3,0,3,0,0,0,3,0,0,0,1,1,0,1,0,0,1,0,0,11,0,0,0,0,0,0,1,1,0,1,0,0,0,0,18,1,0
c:\Users\arthur.menezes_evolu\Desktop\Pes\Android-BLE\core\src\main\java\cn\com\heaton\blelibrary\ble\Ble.java,cn.com.heaton.blelibrary.ble.Ble,class,38,69,31,38,88,1,0,76,486,0.8824562,0.0,0.0,57,4,52,5,0,0,52,0,0,0,10,4,1,9,0,0,3,0,31,303,32,2,21,0,2,9,3,31,0,26,3,0,1,0,160,17,0
c:\Users\arthur.menezes_evolu\Desktop\Pes\Android-BLE\java-sample\src\main\java\com\example\admin\mybledemo\adapter\ChildAdapter.java,com.example.admin.mybledemo.adapter.ChildAdapter$Anonymous10$Anonymous11$Anonymous12,anonymous,0,0,0,0,2,1,0,5,0,0.0,NaN,NaN,1,0,1,0,0,0,1,0,0,0,0,0,0,0,0,0,0,0,1,11,0,0,0,1,0,2,0,0,0,0,1,0,0,0,5,-1,0
c:\Users\arthur.menezes_evolu\Desktop\Pes\Android-BLE\core\src\main\java\cn\com\heaton\blelibrary\ble\BleStates.java,cn.com.heaton.blelibrary.ble.BleStates,class,0,0,0,0,0,1,0,0,0,NaN,-1.0,-1.0,0,0,0,0,0,0,0,0,0,0,22,22,22,0,0,0,22,0,0,24,0,0,0,0,0,0,22,22,0,22,0,0,0,0,43,1,0
c:\Users\arthur.menezes_evolu\Desktop\Pes\Android-BLE\java-sample\src\main\java\com\example\admin\mybledemo\adapter\ChildAdapter.java,com.example.admin.mybledemo.adapter.ChildAdapter$Anonymous5$Anonymous6$Anonymous7,anonymous,1,1,0,1,1,1,0,5,0,0.0,NaN,NaN,1,0,1,0,0,0,1,0,0,0,0,0,0,0,0,0,0,0,2,6,0,0,0,0,0,2,0,0,0,0,0,0,0,0,2,-1,0
c:\Users\arthur.menezes_evolu\Desktop\Pes\Android-BLE\java-sample\src\main\java\com\example\admin\mybledemo\adapter\ChildAdapter.java,com.example.admin.mybledemo.adapter.ChildAdapter$Anonymous1,anonymous,4,4,0,4,2,1,0,7,0,0.0,NaN,NaN,1,0,1,0,0,0,1,0,0,0,0,0,0,0,0,0,0,0,2,26,0,0,0,0,0,0,1,3,0,3,1,1,0,0,12,-1,0
c:\Users\arthur.menezes_evolu\Desktop\Pes\Android-BLE\core\src\main\java\cn\com\heaton\blelibrary\ble\request\WriteRequest.java,cn.com.heaton.blelibrary.ble.request.WriteRequest$Anonymous1,anonymous,3,3,0,3,14,1,0,10,0,0.0,NaN,NaN,1,0,1,0,0,0,1,0,0,0,0,0,0,0,0,0,0,0,1,63,3,2,4,1,1,0,4,18,1,8,3,0,0,0,35,-1,0
c:\Users\arthur.menezes_evolu\Desktop\Pes\Android-BLE\core\src\main\java\cn\com\heaton\blelibrary\ble\queue\reconnect\ReconnectStrategy.java,cn.com.heaton.blelibrary.ble.queue.reconnect.ReconnectStrategy,class,1,3,2,1,1,1,0,0,0,0.0,-1.0,-1.0,1,0,0,1,0,0,0,0,0,0,3,0,3,0,0,0,0,0,0,30,0,0,0,0,0,0,0,3,0,3,0,0,1,0,11,1,0
c:\Users\arthur.menezes_evolu\Desktop\Pes\Android-BLE\core\src\main\java\cn\com\heaton\blelibrary\ble\utils\ByteUtils.java,cn.com.heaton.blelibrary.ble.utils.ByteUtils,class,2,12,10,2,60,1,0,29,630,0.0,0.0,0.0,36,36,34,2,0,0,34,0,0,0,0,0,0,0,0,0,0,0,42,238,45,5,9,1,134,7,241,66,63,24,2,0,0,0,90,1,0
c:\Users\arthur.menezes_evolu\Desktop\Pes\Android-BLE\core\src\main\java\cn\com\heaton\blelibrary\ota\OtaManager.java,cn.com.heaton.blelibrary.ota.OtaManager$MessageHandler,innerclass,9,9,0,9,19,2,0,21,0,0.0,0.0,0.0,2,0,2,0,0,0,2,0,0,0,1,0,0,1,0,0,0,0,0,78,5,0,11,0,0,5,0,9,2,7,3,2,0,0,22,10,0
c:\Users\arthur.menezes_evolu\Desktop\Pes\Android-BLE\java-sample\src\main\java\com\example\admin\mybledemo\adapter\ChildAdapter.java,com.example.admin.mybledemo.adapter.ChildAdapter$Anonymous5,anonymous,4,4,0,4,2,1,0,7,0,0.0,NaN,NaN,1,0,1,0,0,0,1,0,0,0,0,0,0,0,0,0,0,0,2,45,0,0,1,0,0,0,1,5,0,4,1,1,0,0,16,-1,0
c:\Users\arthur.menezes_evolu\Desktop\Pes\Android-BLE\java-sample\src\main\java\com\example\admin\mybledemo\adapter\ChildAdapter.java,com.example.admin.mybledemo.adapter.ChildAdapter$Anonymous4,anonymous,2,2,0,2,1,1,0,1,0,0.0,NaN,NaN,1,0,1,0,0,0,1,0,0,0,0,0,0,0,0,0,0,0,0,5,0,0,0,0,0,0,0,0,0,0,0,0,0,0,7,-1,0
c:\Users\arthur.menezes_evolu\Desktop\Pes\Android-BLE\core\src\main\java\cn\com\heaton\blelibrary\ble\request\ConnectRequest.java,cn.com.heaton.blelibrary.ble.request.ConnectRequest,class,19,28,9,19,48,1,0,51,75,0.78409094,0.0,0.0,22,0,17,3,1,1,19,0,0,1,8,1,0,8,0,0,7,0,20,203,14,4,9,0,0,14,0,15,7,13,3,4,0,0,70,1,0
c:\Users\arthur.menezes_evolu\Desktop\Pes\Android-BLE\core\src\main\java\cn\com\heaton\blelibrary\ble\request\ConnectRequest.java,cn.com.heaton.blelibrary.ble.request.ConnectRequest$Anonymous3,anonymous,2,2,0,2,3,1,0,2,0,0.0,NaN,NaN,1,0,1,0,0,0,1,0,0,0,0,0,0,0,0,0,0,0,0,10,0,0,2,0,0,0,0,0,0,0,1,0,0,0,7,-1,0
c:\Users\arthur.menezes_evolu\Desktop\Pes\Android-BLE\java-sample\src\main\java\com\example\admin\mybledemo\adapter\RecyclerAdapter.java,com.example.admin.mybledemo.adapter.RecyclerAdapter$Anonymous1,anonymous,3,3,0,3,2,1,0,3,0,0.0,NaN,NaN,1,0,1,0,0,0,1,0,0,0,0,0,0,0,0,0,0,0,0,8,0,0,1,0,0,0,0,1,0,1,1,0,0,0,14,-1,0
c:\Users\arthur.menezes_evolu\Desktop\Pes\Android-BLE\core\src\main\java\cn\com\heaton\blelibrary\ble\request\ConnectRequest.java,cn.com.heaton.blelibrary.ble.request.ConnectRequest$Anonymous4,anonymous,2,2,0,2,3,1,0,2,0,0.0,NaN,NaN,1,0,1,0,0,0,1,0,0,0,0,0,0,0,0,0,0,0,0,10,0,0,2,0,0,0,0,0,0,0,1,0,0,0,7,-1,0
c:\Users\arthur.menezes_evolu\Desktop\Pes\Android-BLE\core\src\main\java\cn\com\heaton\blelibrary\ble\callback\wrapper\ConnectWrapperCallback.java,cn.com.heaton.blelibrary.ble.callback.wrapper.ConnectWrapperCallback,interface,2,7,5,2,4,1,0,0,6,0.0,0.0,0.0,4,0,0,0,0,4,4,0,0,0,0,0,0,0,0,0,0,0,0,6,0,0,0,0,0,0,0,0,0,0,0,0,0,0,58,1,0
c:\Users\arthur.menezes_evolu\Desktop\Pes\Android-BLE\core\src\main\java\cn\com\heaton\blelibrary\ble\request\NotifyRequest.java,cn.com.heaton.blelibrary.ble.request.NotifyRequest,class,11,15,4,11,15,1,0,14,0,0.5,0.0,0.0,7,0,7,0,0,0,7,0,0,0,4,1,0,4,0,0,3,0,2,50,0,0,8,0,0,1,0,6,0,4,1,0,0,0,35,1,0
c:\Users\arthur.menezes_evolu\Desktop\Pes\Android-BLE\java-sample\src\main\java\com\example\admin\mybledemo\adapter\ChildAdapter.java,com.example.admin.mybledemo.adapter.ChildAdapter,class,22,31,9,22,24,2,0,46,28,0.0,0.0,0.0,8,0,3,4,0,1,4,0,0,0,0,0,0,0,0,0,0,0,9,267,1,1,6,0,5,16,13,25,2,27,3,9,0,1,66,1,0
c:\Users\arthur.menezes_evolu\Desktop\Pes\Android-BLE\core\src\main\java\cn\com\heaton\blelibrary\ble\request\ConnectRequest.java,cn.com.heaton.blelibrary.ble.request.ConnectRequest$Anonymous1,anonymous,1,1,0,1,2,1,0,1,0,0.0,NaN,NaN,1,0,1,0,0,0,1,0,0,0,0,0,0,0,0,0,0,0,0,7,0,0,1,0,0,0,0,0,0,0,1,0,0,0,4,-1,0
c:\Users\arthur.menezes_evolu\Desktop\Pes\Android-BLE\java-sample\src\main\java\com\example\admin\mybledemo\adapter\ChildAdapter.java,com.example.admin.mybledemo.adapter.ChildAdapter$Anonymous5$Anonymous6$Anonymous8,anonymous,0,0,0,0,1,1,0,3,0,0.0,NaN,NaN,1,0,1,0,0,0,1,0,0,0,0,0,0,0,0,0,0,0,0,7,0,0,0,0,0,1,0,0,0,0,0,0,0,0,2,-1,0
c:\Users\arthur.menezes_evolu\Desktop\Pes\Android-BLE\core\src\main\java\cn\com\heaton\blelibrary\ble\request\ConnectRequest.java,cn.com.heaton.blelibrary.ble.request.ConnectRequest$Anonymous2,anonymous,2,2,0,2,1,1,0,1,0,0.0,NaN,NaN,1,0,1,0,0,0,1,0,0,0,0,0,0,0,0,0,0,0,0,5,0,0,0,0,0,0,0,0,0,0,0,0,0,0,5,-1,0
c:\Users\arthur.menezes_evolu\Desktop\Pes\Android-BLE\java-sample\src\main\java\com\example\admin\mybledemo\adapter\ChildAdapter.java,com.example.admin.mybledemo.adapter.ChildAdapter$Anonymous5$Anonymous6$Anonymous9,anonymous,0,0,0,0,1,1,0,3,0,0.0,NaN,NaN,1,0,1,0,0,0,1,0,0,0,0,0,0,0,0,0,0,0,0,7,0,0,0,0,0,1,0,0,0,0,0,0,0,0,4,-1,0
c:\Users\arthur.menezes_evolu\Desktop\Pes\Android-BLE\java-sample\src\main\java\com\example\admin\mybledemo\adapter\RecyclerAdapter.java,com.example.admin.mybledemo.adapter.RecyclerAdapter$Anonymous2,anonymous,3,3,0,3,2,1,0,3,0,0.0,NaN,NaN,1,0,1,0,0,0,1,0,0,0,0,0,0,0,0,0,0,0,0,9,2,0,1,0,0,0,0,1,0,1,1,0,0,0,16,-1,0
c:\Users\arthur.menezes_evolu\Desktop\Pes\Android-BLE\core\src\main\java\cn\com\heaton\blelibrary\ble\callback\BleConnectCallback.java,cn.com.heaton.blelibrary.ble.callback.BleConnectCallback,class,2,12,10,2,5,1,0,0,10,0.0,0.0,0.0,5,0,5,0,0,0,5,1,0,0,0,0,0,0,0,0,0,0,0,11,0,0,0,0,0,0,0,0,0,0,0,0,0,0,67,1025,0
c:\Users\arthur.menezes_evolu\Desktop\Pes\Android-BLE\core\src\main\java\cn\com\heaton\blelibrary\ota\OtaManager.java,cn.com.heaton.blelibrary.ota.OtaManager$UpdateListener,interface,1,1,0,1,4,1,0,0,6,0.0,0.0,0.0,4,0,0,0,0,4,4,0,0,0,0,0,0,0,0,0,0,0,0,6,0,0,0,0,0,0,0,0,0,0,0,0,0,0,11,1,0
c:\Users\arthur.menezes_evolu\Desktop\Pes\Android-BLE\core\src\main\java\cn\com\heaton\blelibrary\ble\queue\retry\RetryDispatcher.java,cn.com.heaton.blelibrary.ble.queue.retry.RetryDispatcher,class,9,11,2,9,12,2,0,14,0,0.5,0.0,0.0,4,1,4,0,0,0,4,0,0,0,3,2,0,3,0,0,2,0,4,42,3,0,3,0,0,5,3,8,3,7,2,0,0,0,26,1,0
c:\Users\arthur.menezes_evolu\Desktop\Pes\Android-BLE\core\src\main\java\cn\com\heaton\blelibrary\ble\callback\wrapper\ReadWrapperCallback.java,cn.com.heaton.blelibrary.ble.callback.wrapper.ReadWrapperCallback,interface,2,6,4,2,2,1,0,0,1,0.0,0.0,0.0,2,0,0,0,0,2,2,0,0,0,0,0,0,0,0,0,0,0,0,4,0,0,0,0,0,0,0,0,0,0,0,0,0,0,15,1,0
c:\Users\arthur.menezes_evolu\Desktop\Pes\Android-BLE\java-sample\src\main\java\com\example\admin\mybledemo\Utils.java,com.example.admin.mybledemo.Utils$SPUtils$SharedPreferencesCompat,innerclass,3,3,0,3,5,1,0,5,1,0.5,NaN,NaN,2,2,1,1,0,0,1,0,0,0,1,1,0,1,0,0,1,0,1,25,3,0,1,2,0,3,0,2,0,2,2,0,0,0,17,10,0
c:\Users\arthur.menezes_evolu\Desktop\Pes\Android-BLE\java-sample\src\main\java\com\example\admin\mybledemo\ui\FilterView.java,com.example.admin.mybledemo.ui.FilterView$Anonymous1,anonymous,2,2,0,2,1,1,0,1,0,0.0,NaN,NaN,1,0,1,0,0,0,1,0,0,0,0,0,0,0,0,0,0,0,0,5,0,0,0,0,0,0,0,0,0,0,0,0,0,0,5,-1,0
c:\Users\arthur.menezes_evolu\Desktop\Pes\Android-BLE\java-sample\src\main\java\com\example\admin\mybledemo\ui\FilterView.java,com.example.admin.mybledemo.ui.FilterView$Anonymous2,anonymous,2,2,0,2,1,1,0,1,0,0.0,NaN,NaN,1,0,1,0,0,0,1,0,0,0,0,0,0,0,0,0,0,0,0,5,0,0,0,0,0,0,0,0,0,0,0,0,0,0,4,-1,0
c:\Users\arthur.menezes_evolu\Desktop\Pes\Android-BLE\java-sample\src\main\java\com\example\admin\mybledemo\ui\FilterView.java,com.example.admin.mybledemo.ui.FilterView$Anonymous3,anonymous,5,5,0,5,6,1,0,10,3,0.0,0.0,0.0,3,0,3,0,0,0,3,0,0,0,0,0,0,0,0,0,0,0,1,28,0,0,0,0,0,1,0,4,1,4,3,0,0,0,18,-1,0
c:\Users\arthur.menezes_evolu\Desktop\Pes\Android-BLE\core\src\main\java\cn\com\heaton\blelibrary\ble\request\ScanRequest.java,cn.com.heaton.blelibrary.ble.request.ScanRequest$Anonymous1,anonymous,1,1,0,1,2,1,0,1,0,0.0,NaN,NaN,1,0,1,0,0,0,1,0,0,0,0,0,0,0,0,0,0,0,0,7,0,0,0,0,0,0,0,0,0,0,1,0,0,0,4,-1,0
c:\Users\arthur.menezes_evolu\Desktop\Pes\Android-BLE\java-sample\src\main\java\com\example\admin\mybledemo\adapter\RecyclerAdapter.java,com.example.admin.mybledemo.adapter.RecyclerAdapter$OnItemLongClickListener,interface,3,3,0,3,1,1,0,0,0,0.0,NaN,NaN,1,0,0,0,0,1,1,0,0,0,0,0,0,0,0,0,0,0,0,3,0,0,0,0,0,0,0,0,0,0,0,0,0,0,8,1,0
c:\Users\arthur.menezes_evolu\Desktop\Pes\Android-BLE\core\src\main\java\cn\com\heaton\blelibrary\ble\callback\wrapper\BleWrapperCallback.java,cn.com.heaton.blelibrary.ble.callback.wrapper.BleWrapperCallback,class,12,23,11,12,17,2,0,0,136,1.0,0.0,0.0,17,0,17,0,0,0,17,0,0,0,1,1,0,1,0,0,1,0,0,37,0,0,0,0,0,1,0,1,0,1,0,0,0,0,36,1025,0
c:\Users\arthur.menezes_evolu\Desktop\Pes\Android-BLE\core\src\main\java\cn\com\heaton\blelibrary\ble\queue\Queue.java,cn.com.heaton.blelibrary.ble.queue.Queue,class,2,7,5,2,8,1,2,8,7,0.6666667,0.0,0.0,6,0,5,0,1,0,6,1,0,0,4,0,0,3,1,0,1,0,1,49,0,0,1,0,0,0,2,9,0,6,1,1,0,0,24,1024,0
c:\Users\arthur.menezes_evolu\Desktop\Pes\Android-BLE\java-sample\src\main\java\com\example\admin\mybledemo\adapter\RecyclerAdapter.java,com.example.admin.mybledemo.adapter.RecyclerAdapter$OnItemClickListener,interface,3,3,0,3,1,1,0,0,0,0.0,NaN,NaN,1,0,0,0,0,1,1,0,0,0,0,0,0,0,0,0,0,0,0,3,0,0,0,0,0,0,0,0,0,0,0,0,0,0,7,1,0
c:\Users\arthur.menezes_evolu\Desktop\Pes\Android-BLE\java-sample\src\main\java\com\example\admin\mybledemo\ui\BleActivity.java,com.example.admin.mybledemo.ui.BleActivity$Anonymous6,anonymous,6,6,0,6,8,1,0,21,6,0.0,0.0,0.0,4,0,4,0,0,0,4,0,0,0,0,0,0,0,0,0,0,0,3,33,1,1,1,0,0,1,2,2,2,2,4,0,0,0,23,-1,0
c:\Users\arthur.menezes_evolu\Desktop\Pes\Android-BLE\core\src\main\java\cn\com\heaton\blelibrary\ble\callback\wrapper\NotifyWrapperCallback.java,cn.com.heaton.blelibrary.ble.callback.wrapper.NotifyWrapperCallback,interface,2,6,4,2,4,1,0,0,6,0.0,0.0,0.0,4,0,0,0,0,4,4,0,0,0,0,0,0,0,0,0,0,0,0,6,0,0,0,0,0,0,0,0,0,0,0,0,0,0,17,1,0
c:\Users\arthur.menezes_evolu\Desktop\Pes\Android-BLE\java-sample\src\main\java\com\example\admin\mybledemo\ui\BleActivity.java,com.example.admin.mybledemo.ui.BleActivity$Anonymous5,anonymous,3,3,0,3,4,1,0,5,0,0.0,NaN,NaN,1,0,1,0,0,0,1,0,0,0,0,0,0,0,0,0,0,0,1,14,0,0,0,0,0,1,0,0,1,0,2,0,0,0,8,-1,0
c:\Users\arthur.menezes_evolu\Desktop\Pes\Android-BLE\java-sample\src\main\java\com\example\admin\mybledemo\adapter\ChildAdapter.java,com.example.admin.mybledemo.adapter.ChildAdapter$Anonymous17,anonymous,3,3,0,3,2,1,0,3,1,0.0,0.0,0.0,2,0,2,0,0,0,2,0,0,0,0,0,0,0,0,0,0,0,0,10,0,0,0,0,0,2,0,0,1,0,0,0,0,0,14,-1,0
c:\Users\arthur.menezes_evolu\Desktop\Pes\Android-BLE\java-sample\src\main\java\com\example\admin\mybledemo\ui\BleActivity.java,com.example.admin.mybledemo.ui.BleActivity$Anonymous4,anonymous,1,1,0,1,1,1,0,2,0,0.0,NaN,NaN,1,0,1,0,0,0,1,0,0,0,0,0,0,0,0,0,0,0,0,6,0,0,0,0,0,0,0,0,0,0,0,0,0,0,4,-1,0
c:\Users\arthur.menezes_evolu\Desktop\Pes\Android-BLE\core\src\main\java\cn\com\heaton\blelibrary\ble\request\DescriptorRequest.java,cn.com.heaton.blelibrary.ble.request.DescriptorRequest,class,13,17,4,13,14,1,0,14,0,0.5,0.0,0.0,6,0,6,0,0,0,6,0,0,0,4,0,0,4,0,0,2,0,2,46,2,0,8,0,0,0,0,4,0,4,1,0,0,0,31,1,0
c:\Users\arthur.menezes_evolu\Desktop\Pes\Android-BLE\java-sample\src\main\java\com\example\admin\mybledemo\adapter\ChildAdapter.java,com.example.admin.mybledemo.adapter.ChildAdapter$Anonymous16,anonymous,3,3,0,3,2,1,0,2,1,0.0,0.0,0.0,2,0,2,0,0,0,2,0,0,0,0,0,0,0,0,0,0,0,0,9,0,0,0,0,0,2,0,0,1,0,0,0,0,0,13,-1,0
c:\Users\arthur.menezes_evolu\Desktop\Pes\Android-BLE\java-sample\src\main\java\com\example\admin\mybledemo\ui\BleActivity.java,com.example.admin.mybledemo.ui.BleActivity$Anonymous3,anonymous,2,2,0,2,1,1,0,1,0,0.0,NaN,NaN,1,0,1,0,0,0,1,0,0,0,0,0,0,0,0,0,0,0,0,5,0,0,0,0,0,0,0,0,0,0,0,0,0,0,5,-1,0
c:\Users\arthur.menezes_evolu\Desktop\Pes\Android-BLE\java-sample\src\main\java\com\example\admin\mybledemo\adapter\ChildAdapter.java,com.example.admin.mybledemo.adapter.ChildAdapter$Anonymous1$Anonymous2$Anonymous3,anonymous,1,1,0,1,1,1,0,5,0,0.0,NaN,NaN,1,0,1,0,0,0,1,0,0,0,0,0,0,0,0,0,0,0,2,6,0,0,0,0,0,2,0,0,0,0,0,0,0,0,2,-1,0
c:\Users\arthur.menezes_evolu\Desktop\Pes\Android-BLE\java-sample\src\main\java\com\example\admin\mybledemo\ui\BleActivity.java,com.example.admin.mybledemo.ui.BleActivity$Anonymous2,anonymous,2,2,0,2,1,1,0,1,0,0.0,NaN,NaN,1,0,1,0,0,0,1,0,0,0,0,0,0,0,0,0,0,0,0,6,0,0,0,0,0,0,0,1,0,1,0,0,0,0,11,-1,0
c:\Users\arthur.menezes_evolu\Desktop\Pes\Android-BLE\core\src\main\java\cn\com\heaton\blelibrary\ota\OtaStatus.java,cn.com.heaton.blelibrary.ota.OtaStatus,class,0,0,0,0,0,1,0,0,0,0.0,-1.0,-1.0,0,0,0,0,0,0,0,0,0,0,0,0,0,0,0,0,0,0,0,4,0,0,0,0,0,0,0,0,0,0,0,0,2,0,27,1,0
c:\Users\arthur.menezes_evolu\Desktop\Pes\Android-BLE\java-sample\src\main\java\com\example\admin\mybledemo\adapter\ChildAdapter.java,com.example.admin.mybledemo.adapter.ChildAdapter$Anonymous18,anonymous,1,1,0,1,1,1,0,1,0,0.0,NaN,NaN,1,0,1,0,0,0,1,0,0,0,0,0,0,0,0,0,0,0,1,5,0,0,0,0,0,0,0,0,0,0,0,0,0,0,2,-1,0
c:\Users\arthur.menezes_evolu\Desktop\Pes\Android-BLE\java-sample\src\main\java\com\example\admin\mybledemo\ui\BleActivity.java,com.example.admin.mybledemo.ui.BleActivity$Anonymous1,anonymous,0,0,0,0,3,1,0,0,3,0.0,0.0,0.0,3,0,3,0,0,0,3,0,0,0,0,0,0,0,0,0,0,0,0,11,0,0,0,0,0,0,0,3,0,0,0,0,0,0,13,-1,0
c:\Users\arthur.menezes_evolu\Desktop\Pes\Android-BLE\core\src\main\java\cn\com\heaton\blelibrary\ble\request\AdvertiserRequest.java,cn.com.heaton.blelibrary.ble.request.AdvertiserRequest,class,13,15,2,13,11,1,0,15,0,0.7,0.0,0.0,5,0,4,1,0,0,4,0,0,0,8,1,0,8,0,0,1,0,3,86,0,0,3,1,0,2,1,7,0,8,2,4,0,0,42,1,0
c:\Users\arthur.menezes_evolu\Desktop\Pes\Android-BLE\java-sample\src\main\java\com\example\admin\mybledemo\adapter\ChildAdapter.java,com.example.admin.mybledemo.adapter.ChildAdapter$Anonymous13,anonymous,2,2,0,2,1,1,0,1,0,0.0,NaN,NaN,1,0,1,0,0,0,1,0,0,0,0,0,0,0,0,0,0,0,0,5,0,0,0,0,0,0,0,0,0,0,0,0,0,0,7,-1,0
c:\Users\arthur.menezes_evolu\Desktop\Pes\Android-BLE\java-sample\src\main\java\com\example\admin\mybledemo\MyApplication.java,com.example.admin.mybledemo.MyApplication,class,9,11,2,9,3,2,0,22,0,0.0,0.0,0.0,3,1,2,1,0,0,2,0,0,0,1,1,0,1,0,0,0,0,9,28,1,0,0,0,0,5,6,1,2,1,0,2,0,0,26,1,0
c:\Users\arthur.menezes_evolu\Desktop\Pes\Android-BLE\java-sample\src\main\java\com\example\admin\mybledemo\ui\DeviceInfoActivity.java,com.example.admin.mybledemo.ui.DeviceInfoActivity,class,14,16,2,14,10,2,0,27,6,0.75555557,0.0,0.0,5,0,1,2,2,0,3,0,0,0,9,2,1,8,0,0,2,0,1,109,2,0,2,0,0,3,2,9,0,9,1,1,0,0,55,1,0
c:\Users\arthur.menezes_evolu\Desktop\Pes\Android-BLE\java-sample\src\main\java\com\example\admin\mybledemo\adapter\ChildAdapter.java,com.example.admin.mybledemo.adapter.ChildAdapter$Anonymous14,anonymous,3,3,0,3,1,1,0,2,0,0.0,NaN,NaN,1,0,1,0,0,0,1,0,0,0,0,0,0,0,0,0,0,0,0,25,0,0,0,0,0,0,0,1,0,1,0,1,0,0,8,-1,0
c:\Users\arthur.menezes_evolu\Desktop\Pes\Android-BLE\core\src\main\java\cn\com\heaton\blelibrary\ble\scan\BluetoothScannerImplJB.java,cn.com.heaton.blelibrary.ble.scan.BluetoothScannerImplJB$Anonymous1,anonymous,3,3,0,3,1,1,0,1,0,0.0,NaN,NaN,1,0,1,0,0,0,1,0,0,0,0,0,0,0,0,0,0,0,0,5,0,0,0,0,0,0,0,0,0,0,0,0,0,0,7,-1,0
c:\Users\arthur.menezes_evolu\Desktop\Pes\Android-BLE\core\src\main\java\cn\com\heaton\blelibrary\ble\BleRequestImpl.java,cn.com.heaton.blelibrary.ble.BleRequestImpl$Anonymous1,anonymous,18,18,0,18,57,1,0,38,36,0.0,0.0,0.0,9,0,9,0,0,0,9,0,0,0,0,0,0,0,0,0,0,0,17,162,7,0,42,0,1,16,0,12,9,12,4,0,0,0,60,-1,0
c:\Users\arthur.menezes_evolu\Desktop\Pes\Android-BLE\core\src\main\java\cn\com\heaton\blelibrary\ble\BleRequestImpl.java,cn.com.heaton.blelibrary.ble.BleRequestImpl$Anonymous2,anonymous,2,2,0,2,1,1,0,3,0,0.0,NaN,NaN,1,0,1,0,0,0,1,0,0,0,0,0,0,0,0,0,0,0,0,6,0,0,0,0,0,0,0,0,0,0,0,0,0,0,2,-1,0
c:\Users\arthur.menezes_evolu\Desktop\Pes\Android-BLE\java-sample\src\main\java\com\example\admin\mybledemo\adapter\ChildAdapter.java,com.example.admin.mybledemo.adapter.ChildAdapter$Anonymous10,anonymous,4,4,0,4,2,1,0,7,0,0.0,NaN,NaN,1,0,1,0,0,0,1,0,0,0,0,0,0,0,0,0,0,0,2,32,0,0,0,0,0,0,1,3,0,3,1,1,0,0,12,-1,0
c:\Users\arthur.menezes_evolu\Desktop\Pes\Android-BLE\core\src\main\java\cn\com\heaton\blelibrary\ble\utils\CrcUtils.java,cn.com.heaton.blelibrary.ble.utils.CrcUtils$CRC16,innerclass,1,1,0,1,55,1,0,0,66,0.0,0.0,0.0,12,12,12,0,0,0,12,0,0,0,0,0,0,0,0,0,0,0,0,191,12,24,17,0,39,0,135,125,27,70,3,0,0,0,40,9,0
c:\Users\arthur.menezes_evolu\Desktop\Pes\Android-BLE\core\src\main\java\cn\com\heaton\blelibrary\ble\queue\reconnect\DefaultReConnectHandler.java,cn.com.heaton.blelibrary.ble.queue.reconnect.DefaultReConnectHandler,class,12,17,5,12,24,2,0,29,10,0.6944445,0.0,0.0,9,1,6,3,0,0,6,0,0,0,4,3,1,3,0,0,3,0,8,78,6,3,4,0,0,7,1,9,3,9,2,0,0,0,65,1,0
c:\Users\arthur.menezes_evolu\Desktop\Pes\Android-BLE\core\src\main\java\cn\com\heaton\blelibrary\ble\scan\BleScannerCompat.java,cn.com.heaton.blelibrary.ble.scan.BleScannerCompat,class,5,9,4,5,6,1,2,3,1,0.6666667,0.0,0.0,3,1,3,0,0,0,3,0,0,0,3,1,0,1,0,2,0,0,0,19,3,0,2,0,0,0,0,4,0,3,1,0,0,0,20,1025,0
c:\Users\arthur.menezes_evolu\Desktop\Pes\Android-BLE\core\src\main\java\cn\com\heaton\blelibrary\ble\utils\UuidUtils.java,cn.com.heaton.blelibrary.ble.utils.UuidUtils,class,1,4,3,1,8,1,0,8,10,1.0,0.0,0.0,5,5,5,0,0,0,5,0,0,0,1,1,0,1,0,0,1,0,2,35,6,0,1,0,2,8,11,7,2,3,2,0,0,0,20,1,0
c:\Users\arthur.menezes_evolu\Desktop\Pes\Android-BLE\java-sample\src\main\java\com\example\admin\mybledemo\adapter\ScanAdapter.java,com.example.admin.mybledemo.adapter.ScanAdapter$Anonymous1,anonymous,5,5,0,5,2,1,0,5,0,0.0,NaN,NaN,1,0,1,0,0,0,1,0,0,0,0,0,0,0,0,0,0,0,1,9,0,0,0,0,0,0,0,1,0,1,1,0,0,0,6,-1,0
c:\Users\arthur.menezes_evolu\Desktop\Pes\Android-BLE\core\src\main\java\cn\com\heaton\blelibrary\ble\callback\wrapper\WriteWrapperCallback.java,cn.com.heaton.blelibrary.ble.callback.wrapper.WriteWrapperCallback,interface,2,6,4,2,2,1,0,0,1,0.0,0.0,0.0,2,0,0,0,0,2,2,0,0,0,0,0,0,0,0,0,0,0,0,4,0,0,0,0,0,0,0,0,0,0,0,0,0,0,15,1,0
c:\Users\arthur.menezes_evolu\Desktop\Pes\Android-BLE\core\src\main\java\cn\com\heaton\blelibrary\ble\model\BleFactory.java,cn.com.heaton.blelibrary.ble.model.BleFactory,class,2,6,4,2,1,1,0,0,0,0.0,NaN,NaN,1,0,1,0,0,0,1,0,0,0,0,0,0,0,0,0,0,0,0,5,1,0,0,0,0,0,0,0,0,0,0,0,0,0,5,1025,0
c:\Users\arthur.menezes_evolu\Desktop\Pes\Android-BLE\java-sample\src\main\java\com\example\admin\mybledemo\adapter\ScanAdapter.java,com.example.admin.mybledemo.adapter.ScanAdapter$Anonymous2,anonymous,1,1,0,1,2,1,0,2,0,0.0,NaN,NaN,1,0,1,0,0,0,1,0,0,0,0,0,0,0,0,0,0,0,0,14,0,0,1,0,0,0,1,3,0,1,1,0,0,0,10,-1,0
c:\Users\arthur.menezes_evolu\Desktop\Pes\Android-BLE\core\src\main\java\cn\com\heaton\blelibrary\ble\utils\ThreadUtils.java,cn.com.heaton.blelibrary.ble.utils.ThreadUtils,class,3,11,8,3,8,1,0,8,13,0.75,0.0,0.0,6,5,5,1,0,0,5,0,0,0,4,4,0,4,0,0,0,0,3,34,1,0,1,0,0,0,0,6,0,4,1,0,0,0,38,1,0
c:\Users\arthur.menezes_evolu\Desktop\Pes\Android-BLE\core\src\main\java\cn\com\heaton\blelibrary\ble\utils\CrcUtils.java,cn.com.heaton.blelibrary.ble.utils.CrcUtils$CRC32,innerclass,1,1,0,1,27,1,0,0,15,0.0,0.0,0.0,6,6,6,0,0,0,6,0,0,0,0,0,0,0,0,0,0,0,0,101,6,12,9,0,21,0,69,63,15,36,3,0,0,0,40,9,0
c:\Users\arthur.menezes_evolu\Desktop\Pes\Android-BLE\core\src\main\java\cn\com\heaton\blelibrary\ble\exception\AdvertiserUnsupportException.java,cn.com.heaton.blelibrary.ble.exception.AdvertiserUnsupportException,class,1,2,1,1,3,5,0,0,3,1.0,0.0,0.0,3,0,3,0,0,0,3,0,0,0,1,1,0,1,0,0,1,0,0,11,0,0,0,0,0,0,1,1,0,1,0,0,0,0,19,1,0
c:\Users\arthur.menezes_evolu\Desktop\Pes\Android-BLE\java-sample\src\main\java\com\example\admin\mybledemo\Utils.java,com.example.admin.mybledemo.Utils$SPUtils,innerclass,4,4,0,4,13,1,0,18,0,0.0,0.0,0.0,2,2,2,0,0,0,2,0,0,0,1,1,1,0,0,0,1,0,6,72,6,0,1,0,0,1,0,4,0,4,1,0,1,0,29,8,0
c:\Users\arthur.menezes_evolu\Desktop\Pes\Android-BLE\java-sample\src\main\java\com\example\admin\mybledemo\adapter\ChildAdapter.java,com.example.admin.mybledemo.adapter.ChildAdapter$Anonymous1$Anonymous2,anonymous,4,4,0,4,2,1,0,4,1,0.0,0.0,0.0,2,0,2,0,0,0,2,0,0,0,0,0,0,0,0,0,0,0,1,16,0,0,0,0,0,1,0,0,1,0,0,1,0,0,14,-1,0
c:\Users\arthur.menezes_evolu\Desktop\Pes\Android-BLE\java-sample\src\test\java\com\example\admin\mybledemo\ExampleUnitTest.java,com.example.admin.mybledemo.ExampleUnitTest,class,1,1,0,1,1,1,0,1,0,0.0,NaN,NaN,1,0,1,0,0,0,1,0,0,0,0,0,0,0,0,0,0,0,0,5,0,0,0,0,0,0,3,0,1,0,0,0,0,0,23,1,0
c:\Users\arthur.menezes_evolu\Desktop\Pes\Android-BLE\java-sample\src\main\java\com\example\admin\mybledemo\AppFileProvider.java,com.example.admin.mybledemo.AppFileProvider,class,1,1,0,1,0,2,0,0,0,0.0,-1.0,-1.0,0,0,0,0,0,0,0,0,0,0,0,0,0,0,0,0,0,0,0,2,0,0,0,0,0,0,0,0,0,0,0,0,0,0,3,1,0
c:\Users\arthur.menezes_evolu\Desktop\Pes\Android-BLE\java-sample\src\main\java\com\example\admin\mybledemo\adapter\DeviceInfoAdapter.java,com.example.admin.mybledemo.adapter.DeviceInfoAdapter$Anonymous1,anonymous,1,1,0,1,2,1,0,2,0,0.0,NaN,NaN,1,0,1,0,0,0,1,0,0,0,0,0,0,0,0,0,0,0,0,14,0,0,1,0,0,0,1,3,0,1,1,0,0,0,10,-1,0
c:\Users\arthur.menezes_evolu\Desktop\Pes\Android-BLE\java-sample\src\main\java\com\example\admin\mybledemo\MyBleWrapperCallback.java,com.example.admin.mybledemo.MyBleWrapperCallback,class,7,8,1,7,16,3,0,19,30,0.375,0.0,0.0,16,0,16,0,0,0,16,0,0,0,1,1,0,1,0,0,1,0,1,60,0,0,0,0,0,11,0,1,4,1,0,0,0,0,39,1,0
c:\Users\arthur.menezes_evolu\Desktop\Pes\Android-BLE\core\src\main\java\cn\com\heaton\blelibrary\ble\exception\BleException.java,cn.com.heaton.blelibrary.ble.exception.BleException,class,0,6,6,0,6,4,5,0,9,0.75,0.0,0.0,6,0,6,0,0,0,6,0,0,0,2,1,0,2,0,0,1,0,0,23,2,0,0,0,0,0,1,2,0,2,0,0,0,0,22,1,0
c:\Users\arthur.menezes_evolu\Desktop\Pes\Android-BLE\java-sample\src\main\java\com\example\admin\mybledemo\ui\DeviceInfoActivity.java,com.example.admin.mybledemo.ui.DeviceInfoActivity$Anonymous1,anonymous,5,5,0,5,8,1,0,16,10,0.0,0.0,0.0,5,0,5,0,0,0,5,0,0,0,0,0,0,0,0,0,0,0,2,53,0,0,0,0,0,6,0,0,3,0,1,2,0,0,22,-1,0
c:\Users\arthur.menezes_evolu\Desktop\Pes\Android-BLE\core\src\main\java\cn\com\heaton\blelibrary\ota\OtaManager.java,cn.com.heaton.blelibrary.ota.OtaManager,class,11,15,4,11,26,2,0,23,12,0.79545456,0.0,0.0,8,0,6,2,0,0,6,0,0,0,11,1,1,10,0,0,1,0,0,175,9,1,6,1,0,1,4,19,0,17,3,0,2,0,72,1,0
c:\Users\arthur.menezes_evolu\Desktop\Pes\Android-BLE\java-sample\src\main\java\com\example\admin\mybledemo\ui\FilterView.java,com.example.admin.mybledemo.ui.FilterView$Anonymous4,anonymous,1,1,0,1,1,1,0,1,0,0.0,NaN,NaN,1,0,1,0,0,0,1,0,0,0,0,0,0,0,0,0,0,0,0,5,0,0,0,0,0,1,0,0,0,0,0,0,0,0,4,-1,0
c:\Users\arthur.menezes_evolu\Desktop\Pes\Android-BLE\java-sample\src\main\java\com\example\admin\mybledemo\ui\FilterView.java,com.example.admin.mybledemo.ui.FilterView$Anonymous5,anonymous,2,2,0,2,3,1,0,2,3,0.0,0.0,0.0,3,0,3,0,0,0,3,0,0,0,0,0,0,0,0,0,0,0,0,9,0,0,0,0,0,0,0,0,0,0,0,0,0,0,12,-1,0
c:\Users\arthur.menezes_evolu\Desktop\Pes\Android-BLE\core\src\main\java\cn\com\heaton\blelibrary\ble\Options.java,cn.com.heaton.blelibrary.ble.Options,class,10,24,14,10,51,1,0,3,1141,0.9524999,0.0,0.0,50,0,50,0,0,0,50,0,0,0,24,0,13,2,0,9,0,0,9,208,50,0,1,0,0,9,12,46,2,24,1,1,0,0,86,1,0
c:\Users\arthur.menezes_evolu\Desktop\Pes\Android-BLE\java-sample\src\main\java\com\example\admin\mybledemo\Test.java,com.example.admin.mybledemo.Test,class,23,27,4,23,19,2,0,49,0,0.72727275,0.0,0.0,11,0,2,9,0,0,2,0,0,0,6,2,1,4,0,1,2,0,8,150,4,1,5,1,0,16,30,25,6,17,1,6,0,0,87,1,0
c:\Users\arthur.menezes_evolu\Desktop\Pes\Android-BLE\core\src\main\java\cn\com\heaton\blelibrary\ble\queue\reconnect\ReconnectStrategy.java,cn.com.heaton.blelibrary.ble.queue.reconnect.ReconnectStrategy$Builder,innerclass,2,2,0,2,4,1,0,0,6,0.75,0.0,0.0,4,0,4,0,0,0,4,0,0,0,3,0,3,0,0,0,0,0,0,20,4,0,0,0,0,0,1,6,0,3,0,0,0,0,11,25,0
c:\Users\arthur.menezes_evolu\Desktop\Pes\Android-BLE\core\src\main\java\cn\com\heaton\blelibrary\ble\scan\BluetoothScannerImplLollipop.java,cn.com.heaton.blelibrary.ble.scan.BluetoothScannerImplLollipop$Anonymous1,anonymous,7,7,0,7,9,1,0,14,3,0.0,0.0,0.0,3,0,3,0,0,0,3,0,0,0,0,0,0,0,0,0,0,0,5,27,0,1,4,0,0,4,0,3,2,3,2,0,0,0,20,-1,0
c:\Users\arthur.menezes_evolu\Desktop\Pes\Android-BLE\core\src\main\java\cn\com\heaton\blelibrary\ble\request\BleConnectsDispatcher.java,cn.com.heaton.blelibrary.ble.request.BleConnectsDispatcher,class,3,4,1,3,10,1,0,12,0,0.5,0.0,0.0,6,0,1,0,0,5,6,0,0,0,3,1,0,3,0,0,1,0,2,38,3,0,2,0,0,0,3,4,0,3,3,0,1,0,27,1,0
c:\Users\arthur.menezes_evolu\Desktop\Pes\Android-BLE\java-sample\src\main\java\com\example\admin\mybledemo\FileProvider7.java,com.example.admin.mybledemo.FileProvider7,class,5,7,2,5,12,1,0,11,10,0.0,0.0,0.0,5,5,5,0,0,0,5,0,0,0,0,0,0,0,0,0,0,0,3,52,2,1,0,0,0,1,3,8,1,5,2,0,0,0,31,1,0
c:\Users\arthur.menezes_evolu\Desktop\Pes\Android-BLE\core\src\main\java\cn\com\heaton\blelibrary\ble\Ble.java,cn.com.heaton.blelibrary.ble.Ble$InitCallback,interface,0,0,0,0,2,1,0,0,1,0.0,0.0,0.0,2,0,0,0,0,2,2,0,0,0,0,0,0,0,0,0,0,0,0,4,0,0,0,0,0,0,0,0,0,0,0,0,0,0,5,1,0
c:\Users\arthur.menezes_evolu\Desktop\Pes\Android-BLE\core\src\main\java\cn\com\heaton\blelibrary\ota\OtaStatus.java,cn.com.heaton.blelibrary.ota.OtaStatus$OtaResult,enum,0,0,0,0,0,1,0,0,0,0.0,-1.0,-1.0,0,0,0,0,0,0,0,0,0,0,0,0,0,0,0,0,0,0,0,1,0,0,0,0,0,0,0,0,0,0,0,0,0,0,17,1,0
c:\Users\arthur.menezes_evolu\Desktop\Pes\Android-BLE\java-sample\src\main\java\com\example\admin\mybledemo\aop\aspect\CheckConnectAspect.java,com.example.admin.mybledemo.aop.aspect.CheckConnectAspect,class,7,7,0,7,4,1,0,5,1,1.0,0.0,0.0,2,0,2,0,0,0,2,0,0,0,1,1,0,1,0,0,1,0,2,13,1,0,2,0,0,4,1,2,0,2,1,0,0,0,26,1,0
c:\Users\arthur.menezes_evolu\Desktop\Pes\Android-BLE\core\src\main\java\cn\com\heaton\blelibrary\ble\queue\reconnect\IReconnectStrategy.java,cn.com.heaton.blelibrary.ble.queue.reconnect.IReconnectStrategy,interface,1,1,0,1,1,1,0,0,0,0.0,NaN,NaN,1,0,0,0,0,1,1,0,0,0,0,0,0,0,0,0,0,0,0,3,0,0,0,0,0,0,0,0,0,0,0,0,0,0,5,1,0
c:\Users\arthur.menezes_evolu\Desktop\Pes\Android-BLE\core\src\main\java\cn\com\heaton\blelibrary\ble\request\MtuRequest.java,cn.com.heaton.blelibrary.ble.request.MtuRequest,class,9,13,4,9,4,1,0,6,0,0.33333334,0.0,0.0,2,0,2,0,0,0,2,0,0,0,3,0,0,3,0,0,2,0,2,17,1,0,2,0,0,0,0,3,0,3,1,0,0,0,18,1,0
c:\Users\arthur.menezes_evolu\Desktop\Pes\Android-BLE\java-sample\src\main\java\com\example\admin\mybledemo\adapter\RecyclerAdapter.java,com.example.admin.mybledemo.adapter.RecyclerAdapter,class,10,15,5,10,12,1,0,12,37,0.83333343,0.0,0.0,10,0,7,0,3,0,10,1,0,0,6,0,0,2,4,0,0,0,1,67,5,0,1,0,0,0,3,7,0,7,1,2,2,0,35,1025,0
c:\Users\arthur.menezes_evolu\Desktop\Pes\Android-BLE\java-sample\src\main\java\com\example\admin\mybledemo\ui\IntroducedActivity.java,com.example.admin.mybledemo.ui.IntroducedActivity,class,3,4,1,3,1,2,0,7,0,1.0,NaN,NaN,1,0,0,0,1,0,1,0,0,0,1,1,0,1,0,0,1,0,0,12,0,0,0,0,0,14,0,3,1,3,0,0,0,0,38,1,0
c:\Users\arthur.menezes_evolu\Desktop\Pes\Android-BLE\java-sample\src\main\java\com\example\admin\mybledemo\ui\FilterView.java,com.example.admin.mybledemo.ui.FilterView,class,18,20,2,18,13,3,0,19,10,0.8055555,0.0,0.0,9,0,6,0,3,0,9,0,0,0,7,1,0,7,0,0,1,0,0,125,1,0,3,0,0,2,3,15,0,14,1,5,1,0,60,1,0
c:\Users\arthur.menezes_evolu\Desktop\Pes\Android-BLE\core\src\main\java\cn\com\heaton\blelibrary\ble\request\BleConnectsDispatcher.java,cn.com.heaton.blelibrary.ble.request.BleConnectsDispatcher$NextCallback,interface,1,1,0,1,1,1,0,0,0,0.0,NaN,NaN,1,0,0,0,0,1,1,0,0,0,0,0,0,0,0,0,0,0,0,3,0,0,0,0,0,0,0,0,0,0,0,0,0,0,4,0,0
c:\Users\arthur.menezes_evolu\Desktop\Pes\Android-BLE\java-sample\src\main\java\com\example\admin\mybledemo\adapter\DeviceInfoAdapter.java,com.example.admin.mybledemo.adapter.DeviceInfoAdapter$ViewHolder,innerclass,5,5,0,5,1,2,0,1,0,0.0,NaN,NaN,1,0,1,0,0,0,1,0,0,0,3,0,0,0,0,3,0,0,0,11,0,0,0,0,0,0,0,3,0,3,0,0,0,0,10,0,0
c:\Users\arthur.menezes_evolu\Desktop\Pes\Android-BLE\core\src\main\java\cn\com\heaton\blelibrary\ble\callback\BleMtuCallback.java,cn.com.heaton.blelibrary.ble.callback.BleMtuCallback,class,1,6,5,1,1,1,0,0,0,0.0,NaN,NaN,1,0,1,0,0,0,1,0,0,0,0,0,0,0,0,0,0,0,0,4,0,0,0,0,0,0,0,0,0,0,0,0,0,0,10,1025,0
c:\Users\arthur.menezes_evolu\Desktop\Pes\Android-BLE\java-sample\src\main\java\com\example\admin\mybledemo\adapter\ChildAdapter.java,com.example.admin.mybledemo.adapter.ChildAdapter$Anonymous5$Anonymous6,anonymous,3,3,0,3,3,1,0,3,3,0.0,0.0,0.0,3,0,3,0,0,0,3,0,0,0,0,0,0,0,0,0,0,0,3,33,0,0,0,0,0,0,0,0,0,0,0,3,0,0,13,-1,0
c:\Users\arthur.menezes_evolu\Desktop\Pes\Android-BLE\core\src\main\java\cn\com\heaton\blelibrary\ble\callback\wrapper\ScanWrapperCallback.java,cn.com.heaton.blelibrary.ble.callback.wrapper.ScanWrapperCallback,interface,4,10,6,4,5,1,0,0,10,0.0,0.0,0.0,5,0,0,0,0,5,5,0,0,0,0,0,0,0,0,0,0,0,0,7,0,0,0,0,0,0,0,0,0,0,0,0,0,0,52,1,0
c:\Users\arthur.menezes_evolu\Desktop\Pes\Android-BLE\java-sample\src\main\java\com\example\admin\mybledemo\MyApplication.java,com.example.admin.mybledemo.MyApplication$Anonymous2,anonymous,1,1,0,1,2,1,0,1,1,0.0,0.0,0.0,2,0,2,0,0,0,2,0,0,0,0,0,0,0,0,0,0,0,2,8,0,0,0,0,0,4,0,0,1,0,0,0,0,0,3,-1,0
c:\Users\arthur.menezes_evolu\Desktop\Pes\Android-BLE\java-sample\src\main\java\com\example\admin\mybledemo\MyApplication.java,com.example.admin.mybledemo.MyApplication$Anonymous1,anonymous,1,1,0,1,1,1,0,0,0,0.0,NaN,NaN,1,0,1,0,0,0,1,0,0,0,0,0,0,0,0,0,0,0,0,5,1,0,0,0,0,0,0,0,0,0,0,0,0,0,5,-1,0
c:\Users\arthur.menezes_evolu\Desktop\Pes\Android-BLE\java-sample\src\main\java\com\example\admin\mybledemo\ui\DeviceInfoActivity.java,com.example.admin.mybledemo.ui.DeviceInfoActivity$Anonymous1$Anonymous3$Anonymous4,anonymous,2,2,0,2,1,1,0,4,0,0.0,NaN,NaN,1,0,1,0,0,0,1,0,0,0,0,0,0,0,0,0,0,0,3,5,0,0,0,0,0,1,0,0,0,0,0,0,0,0,1,-1,0
c:\Users\arthur.menezes_evolu\Desktop\Pes\Android-BLE\core\src\main\java\cn\com\heaton\blelibrary\ble\callback\BleReadRssiCallback.java,cn.com.heaton.blelibrary.ble.callback.BleReadRssiCallback,class,1,5,4,1,1,1,0,0,0,0.0,NaN,NaN,1,0,1,0,0,0,1,0,0,0,0,0,0,0,0,0,0,0,0,4,0,0,0,0,0,0,0,0,0,0,0,0,0,0,10,1025,0
c:\Users\arthur.menezes_evolu\Desktop\Pes\Android-BLE\core\src\main\java\cn\com\heaton\blelibrary\ble\queue\ConnectQueue.java,cn.com.heaton.blelibrary.ble.queue.ConnectQueue,class,7,9,2,7,5,2,0,5,3,0.6666667,0.0,0.0,3,1,2,1,0,0,2,0,0,0,1,1,0,1,0,0,0,0,2,21,2,0,2,0,0,3,1,3,1,3,2,0,0,0,14,17,0
c:\Users\arthur.menezes_evolu\Desktop\Pes\Android-BLE\core\src\main\java\cn\com\heaton\blelibrary\ota\OtaStatus.java,cn.com.heaton.blelibrary.ota.OtaStatus$OtaCmd,enum,0,0,0,0,0,1,0,0,0,0.0,-1.0,-1.0,0,0,0,0,0,0,0,0,0,0,0,0,0,0,0,0,0,0,0,1,0,0,0,0,0,0,0,0,0,0,0,0,0,0,16,1,0
c:\Users\arthur.menezes_evolu\Desktop\Pes\Android-BLE\java-sample\src\main\java\com\example\admin\mybledemo\ui\FilterView.java,com.example.admin.mybledemo.ui.FilterView$FilterListener,interface,0,0,0,0,3,1,0,0,3,0.0,0.0,0.0,3,0,0,0,0,3,3,0,0,0,0,0,0,0,0,0,0,0,0,5,0,0,0,0,0,0,0,0,0,0,0,0,0,0,11,1,0
c:\Users\arthur.menezes_evolu\Desktop\Pes\Android-BLE\java-sample\src\main\java\com\example\admin\mybledemo\Utils.java,com.example.admin.mybledemo.Utils,class,13,24,11,13,19,1,0,34,34,0.7777778,0.0,0.0,9,9,6,3,0,0,6,0,0,0,1,1,0,1,0,0,0,0,11,169,8,1,3,3,1,2,5,19,4,16,2,0,1,0,54,1,0
c:\Users\arthur.menezes_evolu\Desktop\Pes\Android-BLE\core\src\main\java\cn\com\heaton\blelibrary\ble\callback\BleStatusCallback.java,cn.com.heaton.blelibrary.ble.callback.BleStatusCallback,interface,0,4,4,0,1,1,0,0,0,0.0,NaN,NaN,1,0,0,0,0,1,1,0,0,0,0,0,0,0,0,0,0,0,0,3,0,0,0,0,0,0,0,0,0,0,0,0,0,0,12,1,0
c:\Users\arthur.menezes_evolu\Desktop\Pes\Android-BLE\core\src\main\java\cn\com\heaton\blelibrary\ble\queue\RequestTask.java,cn.com.heaton.blelibrary.ble.queue.RequestTask,class,2,11,9,2,5,1,0,0,2,0.6,0.0,0.0,5,0,4,0,0,1,5,0,0,0,4,0,0,4,0,0,0,0,0,51,4,0,0,0,0,0,0,4,0,4,0,0,1,0,12,1,0
c:\Users\arthur.menezes_evolu\Desktop\Pes\Android-BLE\java-sample\src\androidTest\java\com\example\admin\mybledemo\ExampleInstrumentedTest.java,com.example.admin.mybledemo.ExampleInstrumentedTest,class,4,4,0,4,1,1,0,3,0,0.0,NaN,NaN,1,0,1,0,0,0,1,0,0,0,0,0,0,0,0,0,0,0,0,6,0,0,0,0,0,1,0,1,0,1,0,0,0,0,21,1,0
c:\Users\arthur.menezes_evolu\Desktop\Pes\Android-BLE\core\src\main\java\cn\com\heaton\blelibrary\ble\BleRequestImpl.java,cn.com.heaton.blelibrary.ble.BleRequestImpl,class,35,49,14,35,129,1,0,87,400,0.9095181,0.0,0.0,37,1,28,7,0,2,30,0,0,0,23,2,0,23,0,0,9,0,42,654,53,6,51,3,9,43,14,88,17,75,4,2,0,0,155,17,0
c:\Users\arthur.menezes_evolu\Desktop\Pes\Android-BLE\core\src\main\java\cn\com\heaton\blelibrary\ble\utils\CrcUtils.java,cn.com.heaton.blelibrary.ble.utils.CrcUtils$CRC8,innerclass,1,1,0,1,23,1,0,0,10,0.0,0.0,0.0,5,5,5,0,0,0,5,0,0,0,0,0,0,0,0,0,0,0,0,81,5,10,7,0,16,0,56,52,11,29,3,0,0,0,32,9,0
c:\Users\arthur.menezes_evolu\Desktop\Pes\Android-BLE\java-sample\src\main\java\com\example\admin\mybledemo\adapter\RecyclerViewHolder.java,com.example.admin.mybledemo.adapter.RecyclerViewHolder,class,21,25,4,21,34,2,0,33,390,0.9172414,0.0,0.0,29,1,29,0,0,0,29,0,0,0,5,0,0,5,0,0,0,0,0,172,28,1,2,0,0,1,1,35,0,32,1,0,0,0,71,1,0
c:\Users\arthur.menezes_evolu\Desktop\Pes\Android-BLE\core\src\main\java\cn\com\heaton\blelibrary\ble\utils\Utils.java,cn.com.heaton.blelibrary.ble.utils.Utils,class,3,6,3,3,10,1,0,10,3,0.0,0.0,0.0,3,3,3,0,0,0,3,0,0,0,0,0,0,0,0,0,0,0,0,38,7,1,3,1,0,0,1,5,0,4,3,0,0,0,39,1,0
c:\Users\arthur.menezes_evolu\Desktop\Pes\Android-BLE\core\src\main\java\cn\com\heaton\blelibrary\ble\model\EntityData.java,cn.com.heaton.blelibrary.ble.model.EntityData,class,3,10,7,3,23,1,0,1,37,0.7380953,0.0,0.0,18,1,18,0,0,0,18,0,0,0,7,1,0,7,0,0,1,0,0,135,6,0,2,0,0,4,4,19,0,8,1,0,1,0,50,1,0
c:\Users\arthur.menezes_evolu\Desktop\Pes\Android-BLE\core\src\main\java\cn\com\heaton\blelibrary\ota\OtaListener.java,cn.com.heaton.blelibrary.ota.OtaListener,interface,1,4,3,1,2,1,0,0,1,0.0,0.0,0.0,2,0,0,0,0,2,2,0,0,0,0,0,0,0,0,0,0,0,0,4,0,0,0,0,0,0,0,0,0,0,0,0,0,0,10,1,0
c:\Users\arthur.menezes_evolu\Desktop\Pes\Android-BLE\core\src\main\java\cn\com\heaton\blelibrary\ble\proxy\RequestProxy.java,cn.com.heaton.blelibrary.ble.proxy.RequestProxy,class,12,14,2,12,4,1,0,7,0,0.5,0.0,0.0,4,1,3,1,0,0,3,0,0,0,2,1,0,2,0,0,1,0,3,18,3,0,0,0,0,3,0,2,1,2,0,0,0,0,23,1,0
c:\Users\arthur.menezes_evolu\Desktop\Pes\Android-BLE\core\src\main\java\cn\com\heaton\blelibrary\ble\callback\BleWriteDescCallback.java,cn.com.heaton.blelibrary.ble.callback.BleWriteDescCallback,class,2,5,3,2,2,1,0,0,1,0.0,0.0,0.0,2,0,2,0,0,0,2,0,0,0,0,0,0,0,0,0,0,0,0,6,0,0,0,0,0,0,0,0,0,0,0,0,0,0,16,1025,0
c:\Users\arthur.menezes_evolu\Desktop\Pes\Android-BLE\core\src\main\java\cn\com\heaton\blelibrary\ble\queue\Task.java,cn.com.heaton.blelibrary.ble.queue.Task,class,2,5,3,2,12,1,0,5,0,0.6666667,0.0,0.0,5,0,5,0,0,0,5,0,0,0,6,2,0,6,0,0,6,0,2,36,9,0,2,0,4,1,13,9,4,9,4,0,0,0,27,1,0
c:\Users\arthur.menezes_evolu\Desktop\Pes\Android-BLE\core\src\main\java\cn\com\heaton\blelibrary\ble\callback\wrapper\DescWrapperCallback.java,cn.com.heaton.blelibrary.ble.callback.wrapper.DescWrapperCallback,interface,2,6,4,2,4,1,0,0,6,0.0,0.0,0.0,4,0,0,0,0,4,4,0,0,0,0,0,0,0,0,0,0,0,0,6,0,0,0,0,0,0,0,0,0,0,0,0,0,0,17,1,0
c:\Users\arthur.menezes_evolu\Desktop\Pes\Android-BLE\core\src\main\java\cn\com\heaton\blelibrary\ble\exception\BleNotSupportException.java,cn.com.heaton.blelibrary.ble.exception.BleNotSupportException,class,1,1,0,1,2,5,0,0,1,1.0,0.0,0.0,2,0,2,0,0,0,2,0,0,0,1,1,0,1,0,0,1,0,0,8,0,0,0,0,0,0,1,1,0,1,0,0,0,0,17,1,0
c:\Users\arthur.menezes_evolu\Desktop\Pes\Android-BLE\java-sample\src\main\java\com\example\admin\mybledemo\adapter\DeviceInfoAdapter.java,com.example.admin.mybledemo.adapter.DeviceInfoAdapter,class,11,12,1,11,6,2,0,14,0,0.41666666,0.0,0.0,4,0,4,0,0,0,4,0,0,0,3,0,0,3,0,0,0,0,1,57,2,0,2,0,0,2,1,7,0,7,1,1,1,0,29,1,0
c:\Users\arthur.menezes_evolu\Desktop\Pes\Android-BLE\core\src\main\java\cn\com\heaton\blelibrary\ble\request\ReadRssiRequest.java,cn.com.heaton.blelibrary.ble.request.ReadRssiRequest,class,7,11,4,7,4,1,0,4,0,0.25,0.0,0.0,2,0,2,0,0,0,2,0,0,0,2,0,0,2,0,0,1,0,1,17,1,0,2,0,0,0,0,4,0,3,1,0,0,0,20,1,0
c:\Users\arthur.menezes_evolu\Desktop\Pes\Android-BLE\java-sample\src\main\java\com\example\admin\mybledemo\Test.java,com.example.admin.mybledemo.Test$Anonymous3,anonymous,2,2,0,2,1,1,0,2,0,0.0,NaN,NaN,1,0,1,0,0,0,1,0,0,0,0,0,0,0,0,0,0,0,1,6,0,0,0,0,0,1,0,0,1,0,0,0,0,0,7,-1,0
c:\Users\arthur.menezes_evolu\Desktop\Pes\Android-BLE\java-sample\src\main\java\com\example\admin\mybledemo\Test.java,com.example.admin.mybledemo.Test$Anonymous4,anonymous,2,2,0,2,4,1,0,5,6,0.0,0.0,0.0,4,0,4,0,0,0,4,0,0,0,0,0,0,0,0,0,0,0,2,21,0,0,0,0,1,10,1,0,2,0,0,0,0,0,12,-1,0
c:\Users\arthur.menezes_evolu\Desktop\Pes\Android-BLE\java-sample\src\main\java\com\example\admin\mybledemo\Test.java,com.example.admin.mybledemo.Test$Anonymous5,anonymous,2,2,0,2,1,1,0,1,0,0.0,NaN,NaN,1,0,1,0,0,0,1,0,0,0,0,0,0,0,0,0,0,0,0,5,0,0,0,0,0,0,0,0,0,0,0,0,0,0,5,-1,0
c:\Users\arthur.menezes_evolu\Desktop\Pes\Android-BLE\core\src\main\java\cn\com\heaton\blelibrary\ota\BleOtaUpdater.java,cn.com.heaton.blelibrary.ota.BleOtaUpdater$Anonymous1,anonymous,1,1,0,1,1,1,0,1,0,0.0,NaN,NaN,1,0,1,0,0,0,1,0,0,0,0,0,0,0,0,0,0,0,0,5,0,0,0,0,0,0,0,0,0,0,0,0,0,0,1,-1,0
c:\Users\arthur.menezes_evolu\Desktop\Pes\Android-BLE\core\src\main\java\cn\com\heaton\blelibrary\ota\OtaManager.java,cn.com.heaton.blelibrary.ota.OtaManager$MessageHandler$Anonymous1,anonymous,2,2,0,2,1,1,0,2,0,0.0,NaN,NaN,1,0,1,0,0,0,1,0,0,0,0,0,0,0,0,0,0,0,0,6,0,0,0,0,0,0,0,0,0,0,0,0,0,0,7,-1,0
c:\Users\arthur.menezes_evolu\Desktop\Pes\Android-BLE\java-sample\src\main\java\com\example\admin\mybledemo\Test.java,com.example.admin.mybledemo.Test$Anonymous6,anonymous,1,1,0,1,1,1,0,1,0,0.0,NaN,NaN,1,0,1,0,0,0,1,0,0,0,0,0,0,0,0,0,0,0,1,5,0,0,0,0,0,0,0,0,0,0,0,0,0,0,2,-1,0
c:\Users\arthur.menezes_evolu\Desktop\Pes\Android-BLE\core\src\main\java\cn\com\heaton\blelibrary\ota\OtaManager.java,cn.com.heaton.blelibrary.ota.OtaManager$MessageHandler$Anonymous2,anonymous,1,1,0,1,1,1,0,1,0,0.0,NaN,NaN,1,0,1,0,0,0,1,0,0,0,0,0,0,0,0,0,0,0,0,5,0,0,0,0,0,0,0,0,0,0,0,0,0,0,5,-1,0
c:\Users\arthur.menezes_evolu\Desktop\Pes\Android-BLE\core\src\main\java\cn\com\heaton\blelibrary\ble\utils\CrcUtils.java,cn.com.heaton.blelibrary.ble.utils.CrcUtils,class,0,0,0,0,0,1,0,0,0,0.0,-1.0,-1.0,0,0,0,0,0,0,0,0,0,0,0,0,0,0,0,0,0,0,0,375,0,0,0,0,0,0,0,0,0,0,0,0,3,0,2,1,0
c:\Users\arthur.menezes_evolu\Desktop\Pes\Android-BLE\java-sample\src\main\java\com\example\admin\mybledemo\Test.java,com.example.admin.mybledemo.Test$Anonymous1,anonymous,2,2,0,2,2,1,0,1,1,0.0,0.0,0.0,2,0,2,0,0,0,2,0,0,0,0,0,0,0,0,0,0,0,0,8,0,0,0,0,0,2,0,0,1,0,0,0,0,0,12,-1,0
c:\Users\arthur.menezes_evolu\Desktop\Pes\Android-BLE\java-sample\src\main\java\com\example\admin\mybledemo\Test.java,com.example.admin.mybledemo.Test$Anonymous2,anonymous,4,4,0,4,1,1,0,3,0,0.0,NaN,NaN,1,0,1,0,0,0,1,0,0,0,0,0,0,0,0,0,0,0,2,6,0,0,0,0,0,1,0,1,1,1,0,0,0,0,10,-1,0
