file,class,type,cbo,cboModified,fanin,fanout,wmc,dit,noc,rfc,lcom,lcom*,tcc,lcc,totalMethodsQty,staticMethodsQty,publicMethodsQty,privateMethodsQty,protectedMethodsQty,defaultMethodsQty,visibleMethodsQty,abstractMethodsQty,finalMethodsQty,synchronizedMethodsQty,totalFieldsQty,staticFieldsQty,publicFieldsQty,privateFieldsQty,protectedFieldsQty,defaultFieldsQty,finalFieldsQty,synchronizedFieldsQty,nosi,loc,returnQty,loopQty,comparisonsQty,tryCatchQty,parenthesizedExpsQty,stringLiteralsQty,numbersQty,assignmentsQty,mathOperationsQty,variablesQty,maxNestedBlocksQty,anonymousClassesQty,innerClassesQty,lambdasQty,uniqueWordsQty,modifiers,logStatementsQty
c:\Users\arthur.menezes_evolu\Desktop\Pes\AndroidAutoSize\demo-subunits\src\androidTest\java\me\jessyan\autosize\demo\ExampleInstrumentedTest.java,ExampleInstrumentedTest,class,4,4,0,4,1,1,0,3,0,0.0,NaN,NaN,1,0,1,0,0,0,1,0,0,0,0,0,0,0,0,0,0,0,0,6,0,0,0,0,0,1,0,1,0,1,0,0,0,0,19,1,0
c:\Users\arthur.menezes_evolu\Desktop\Pes\AndroidAutoSize\autosize\src\main\java\me\jessyan\autosize\WrapperAutoAdaptStrategy.java,me.jessyan.autosize.WrapperAutoAdaptStrategy,class,4,5,1,4,5,1,0,5,0,0.0,0.0,0.0,2,0,2,0,0,0,2,0,0,0,1,0,0,1,0,0,1,0,1,18,0,0,3,0,0,0,0,2,0,2,1,0,0,0,21,1,0
c:\Users\arthur.menezes_evolu\Desktop\Pes\AndroidAutoSize\autosize\src\main\java\me\jessyan\autosize\unit\UnitsManager.java,me.jessyan.autosize.unit.UnitsManager,class,3,8,5,3,15,1,0,4,58,0.8205128,0.0,0.0,13,0,13,0,0,0,13,0,0,0,6,0,0,6,0,0,0,0,3,57,13,0,0,0,0,3,2,10,0,6,0,0,0,0,42,1,0
c:\Users\arthur.menezes_evolu\Desktop\Pes\AndroidAutoSize\autosize\src\main\java\me\jessyan\autosize\internal\CancelAdapt.java,me.jessyan.autosize.internal.CancelAdapt,interface,0,1,1,0,0,1,0,0,0,0.0,-1.0,-1.0,0,0,0,0,0,0,0,0,0,0,0,0,0,0,0,0,0,0,0,2,0,0,0,0,0,0,0,0,0,0,0,0,0,0,15,1,0
c:\Users\arthur.menezes_evolu\Desktop\Pes\AndroidAutoSize\demo-subunits\src\main\java\me\jessyan\autosize\demo\subunits\BaseApplication.java,me.jessyan.autosize.demo.subunits.BaseApplication,class,4,5,1,4,2,2,0,6,1,0.0,NaN,NaN,2,0,1,1,0,0,1,0,0,0,0,0,0,0,0,0,0,0,1,9,0,0,0,0,0,0,0,0,0,0,0,0,0,0,33,1,0
c:\Users\arthur.menezes_evolu\Desktop\Pes\AndroidAutoSize\demo-androidx\src\main\java\me\jessyan\autosize\demo\androidx\CustomAdaptActivity.java,me.jessyan.autosize.demo.androidx.CustomAdaptActivity,class,6,7,1,6,4,2,0,4,6,0.0,0.0,0.0,4,0,3,0,1,0,4,0,0,0,0,0,0,0,0,0,0,0,0,15,2,0,0,0,0,0,1,0,0,0,0,0,0,0,50,1,0
c:\Users\arthur.menezes_evolu\Desktop\Pes\AndroidAutoSize\demo\src\main\java\me\jessyan\autosize\demo\CustomFragment3.java,me.jessyan.autosize.demo.CustomFragment3,class,10,11,1,10,3,2,0,3,3,0.0,0.0,0.0,3,0,3,0,0,0,3,0,0,0,0,0,0,0,0,0,0,0,2,12,3,0,0,0,0,1,3,0,0,0,0,0,0,0,33,1,0
c:\Users\arthur.menezes_evolu\Desktop\Pes\AndroidAutoSize\demo\src\main\java\me\jessyan\autosize\demo\CustomFragment1.java,me.jessyan.autosize.demo.CustomFragment1,class,12,16,4,12,4,2,0,11,6,0.0,0.0,0.0,4,1,4,0,0,0,4,0,0,0,0,0,0,0,0,0,0,0,3,23,4,0,0,0,1,1,6,2,0,2,0,0,0,0,42,1,0
c:\Users\arthur.menezes_evolu\Desktop\Pes\AndroidAutoSize\demo\src\main\java\me\jessyan\autosize\demo\CustomFragment2.java,me.jessyan.autosize.demo.CustomFragment2,class,10,11,1,10,3,2,0,3,3,0.0,0.0,0.0,3,0,3,0,0,0,3,0,0,0,0,0,0,0,0,0,0,0,2,12,3,0,0,0,0,1,3,0,0,0,0,0,0,0,33,1,0
c:\Users\arthur.menezes_evolu\Desktop\Pes\AndroidAutoSize\autosize\src\main\java\me\jessyan\autosize\InitProvider.java,me.jessyan.autosize.InitProvider,class,8,8,0,8,7,2,0,7,15,0.0,0.0,0.0,6,0,6,0,0,0,6,0,0,0,0,0,0,0,0,0,0,0,2,25,6,0,1,0,0,0,2,2,0,1,1,0,0,0,33,1,0
c:\Users\arthur.menezes_evolu\Desktop\Pes\AndroidAutoSize\autosize\src\main\java\me\jessyan\autosize\utils\AutoSizeUtils.java,me.jessyan.autosize.utils.AutoSizeUtils,class,3,6,3,3,12,1,0,7,21,0.0,0.0,0.0,7,6,6,1,0,0,6,0,0,0,0,0,0,0,0,0,0,0,1,44,6,0,1,1,5,7,5,3,5,3,2,0,0,0,49,1,0
c:\Users\arthur.menezes_evolu\Desktop\Pes\AndroidAutoSize\autosize\src\main\java\me\jessyan\autosize\FragmentLifecycleCallbacksImpl.java,me.jessyan.autosize.FragmentLifecycleCallbacksImpl,class,5,6,1,5,4,2,0,2,0,0.0,0.0,0.0,3,0,3,0,0,0,3,0,0,0,1,0,0,1,0,0,0,0,0,14,0,0,1,0,0,0,0,2,0,1,1,0,0,0,26,1,0
c:\Users\arthur.menezes_evolu\Desktop\Pes\AndroidAutoSize\demo\src\androidTest\java\me\jessyan\autosize\demo\ExampleInstrumentedTest.java,me.jessyan.autosize.demo.ExampleInstrumentedTest,class,4,4,0,4,1,1,0,3,0,0.0,NaN,NaN,1,0,1,0,0,0,1,0,0,0,0,0,0,0,0,0,0,0,0,6,0,0,0,0,0,1,0,1,0,1,0,0,0,0,19,1,0
c:\Users\arthur.menezes_evolu\Desktop\Pes\AndroidAutoSize\demo\src\test\java\me\jessyan\autosize\demo\ExampleUnitTest.java,me.jessyan.autosize.demo.ExampleUnitTest,class,1,1,0,1,1,1,0,1,0,0.0,NaN,NaN,1,0,1,0,0,0,1,0,0,0,0,0,0,0,0,0,0,0,0,5,0,0,0,0,0,0,3,0,1,0,0,0,0,0,22,1,0
c:\Users\arthur.menezes_evolu\Desktop\Pes\AndroidAutoSize\demo-subunits\src\main\java\me\jessyan\autosize\demo\subunits\MainActivity.java,me.jessyan.autosize.demo.subunits.MainActivity,class,5,5,0,5,2,2,0,4,1,0.0,0.0,0.0,2,0,1,0,1,0,2,0,0,0,0,0,0,0,0,0,0,0,0,9,0,0,0,0,0,0,0,0,0,0,0,0,0,0,31,1,0
c:\Users\arthur.menezes_evolu\Desktop\Pes\AndroidAutoSize\autosize\src\main\java\me\jessyan\autosize\unit\Subunits.java,me.jessyan.autosize.unit.Subunits,enum,0,1,1,0,0,1,0,0,0,0.0,-1.0,-1.0,0,0,0,0,0,0,0,0,0,0,0,0,0,0,0,0,0,0,0,5,0,0,0,0,0,0,0,0,0,0,0,0,0,0,19,1,0
c:\Users\arthur.menezes_evolu\Desktop\Pes\AndroidAutoSize\autosize\src\main\java\me\jessyan\autosize\AutoSizeConfig.java,me.jessyan.autosize.AutoSizeConfig,class,20,32,12,20,67,1,0,32,937,0.9528986,0.0,0.0,46,2,40,3,0,3,44,0,0,0,30,5,2,28,0,0,4,0,25,303,42,0,6,2,0,30,15,49,5,34,3,2,0,0,142,17,0
c:\Users\arthur.menezes_evolu\Desktop\Pes\AndroidAutoSize\demo-androidx\src\main\java\me\jessyan\autosize\demo\androidx\BaseApplication.java,me.jessyan.autosize.demo.androidx.BaseApplication$Anonymous1,anonymous,2,2,0,2,2,1,0,4,1,0.0,0.0,0.0,2,0,2,0,0,0,2,0,0,0,0,0,0,0,0,0,0,0,4,8,0,0,0,0,0,2,0,0,0,0,0,0,0,0,7,-1,0
c:\Users\arthur.menezes_evolu\Desktop\Pes\AndroidAutoSize\demo-subunits\src\main\java\me\jessyan\autosize\demo\subunits\CustomAdaptActivity.java,me.jessyan.autosize.demo.subunits.CustomAdaptActivity,class,3,4,1,3,3,2,0,2,3,0.0,0.0,0.0,3,0,2,0,1,0,3,0,0,0,0,0,0,0,0,0,0,0,0,12,2,0,0,0,0,0,1,0,0,0,0,0,0,0,38,1,0
c:\Users\arthur.menezes_evolu\Desktop\Pes\AndroidAutoSize\autosize\src\main\java\me\jessyan\autosize\ActivityLifecycleCallbacksImpl.java,me.jessyan.autosize.ActivityLifecycleCallbacksImpl,class,9,10,1,9,20,1,0,7,24,0.6296297,0.0,0.0,9,0,9,0,0,0,9,0,0,0,3,0,0,3,0,0,0,0,1,51,0,0,6,0,2,0,0,4,0,3,2,0,0,0,51,1,0
c:\Users\arthur.menezes_evolu\Desktop\Pes\AndroidAutoSize\demo-androidx\src\main\java\me\jessyan\autosize\demo\androidx\CustomFragment3.java,me.jessyan.autosize.demo.androidx.CustomFragment3,class,10,11,1,10,3,2,0,3,3,0.0,0.0,0.0,3,0,3,0,0,0,3,0,0,0,0,0,0,0,0,0,0,0,2,12,3,0,0,0,0,1,3,0,0,0,0,0,0,0,33,1,0
c:\Users\arthur.menezes_evolu\Desktop\Pes\AndroidAutoSize\demo-androidx\src\main\java\me\jessyan\autosize\demo\androidx\CustomFragment2.java,me.jessyan.autosize.demo.androidx.CustomFragment2,class,10,11,1,10,3,2,0,3,3,0.0,0.0,0.0,3,0,3,0,0,0,3,0,0,0,0,0,0,0,0,0,0,0,2,12,3,0,0,0,0,1,3,0,0,0,0,0,0,0,33,1,0
c:\Users\arthur.menezes_evolu\Desktop\Pes\AndroidAutoSize\demo-androidx\src\main\java\me\jessyan\autosize\demo\androidx\CustomFragment1.java,me.jessyan.autosize.demo.androidx.CustomFragment1,class,12,16,4,12,4,2,0,11,6,0.0,0.0,0.0,4,1,4,0,0,0,4,0,0,0,0,0,0,0,0,0,0,0,3,23,4,0,0,0,1,1,6,2,0,2,0,0,0,0,42,1,0
c:\Users\arthur.menezes_evolu\Desktop\Pes\AndroidAutoSize\autosize\src\main\java\me\jessyan\autosize\DisplayMetricsInfo.java,me.jessyan.autosize.DisplayMetricsInfo$Anonymous1,anonymous,2,2,0,2,2,1,0,0,1,0.0,0.0,0.0,2,0,2,0,0,0,2,0,0,0,0,0,0,0,0,0,0,0,0,8,2,0,0,0,0,0,0,0,0,0,0,0,0,0,10,-1,0
c:\Users\arthur.menezes_evolu\Desktop\Pes\AndroidAutoSize\autosize\src\main\java\me\jessyan\autosize\utils\ScreenUtils.java,me.jessyan.autosize.utils.ScreenUtils,class,7,10,3,7,14,1,0,13,10,0.0,0.0,0.0,5,4,4,1,0,0,4,0,0,0,0,0,0,0,0,0,0,0,2,64,5,0,1,3,0,8,16,24,1,15,2,0,0,0,46,1,0
c:\Users\arthur.menezes_evolu\Desktop\Pes\AndroidAutoSize\demo\src\main\java\me\jessyan\autosize\demo\FragmentHost.java,me.jessyan.autosize.demo.FragmentHost,class,7,8,1,7,6,2,0,7,3,0.0,0.0,0.0,3,0,2,0,1,0,3,0,0,0,0,0,0,0,0,0,0,0,0,21,2,0,3,0,0,0,1,0,0,0,1,0,0,0,39,1,0
c:\Users\arthur.menezes_evolu\Desktop\Pes\AndroidAutoSize\autosize\src\main\java\me\jessyan\autosize\utils\AutoSizeLog.java,me.jessyan.autosize.utils.AutoSizeLog,class,0,6,6,0,9,1,0,3,0,0.33333334,0.0,0.0,6,5,5,1,0,0,5,0,0,0,2,2,0,2,0,0,1,0,0,28,1,0,0,0,0,2,0,2,0,2,1,0,0,0,28,1,0
c:\Users\arthur.menezes_evolu\Desktop\Pes\AndroidAutoSize\demo\src\main\java\me\jessyan\autosize\demo\MainActivity.java,me.jessyan.autosize.demo.MainActivity,class,7,7,0,7,5,2,0,13,10,0.0,0.0,0.0,5,0,4,0,1,0,5,0,0,0,0,0,0,0,0,0,0,0,2,24,0,0,0,0,0,3,0,2,0,2,0,0,0,0,48,1,0
c:\Users\arthur.menezes_evolu\Desktop\Pes\AndroidAutoSize\autosize\src\main\java\me\jessyan\autosize\AutoAdaptStrategy.java,me.jessyan.autosize.AutoAdaptStrategy,interface,1,7,6,1,1,1,0,0,0,0.0,NaN,NaN,1,0,0,0,0,1,1,0,0,0,0,0,0,0,0,0,0,0,0,3,0,0,0,0,0,0,0,0,0,0,0,0,0,0,19,1,0
c:\Users\arthur.menezes_evolu\Desktop\Pes\AndroidAutoSize\autosize\src\main\java\me\jessyan\autosize\internal\CustomAdapt.java,me.jessyan.autosize.internal.CustomAdapt,interface,0,14,14,0,2,1,0,0,1,0.0,0.0,0.0,2,0,0,0,0,2,2,0,0,0,0,0,0,0,0,0,0,0,0,4,0,0,0,0,0,0,0,0,0,0,0,0,0,0,26,1,0
c:\Users\arthur.menezes_evolu\Desktop\Pes\AndroidAutoSize\autosize\src\main\java\me\jessyan\autosize\AutoSize.java,me.jessyan.autosize.AutoSize,class,15,26,11,15,50,1,0,65,120,0.95,0.0,0.0,16,15,10,6,0,0,10,0,0,0,5,5,0,5,0,0,4,0,71,189,4,0,5,1,8,11,24,55,25,25,2,0,0,0,134,17,0
c:\Users\arthur.menezes_evolu\Desktop\Pes\AndroidAutoSize\autosize\src\main\java\me\jessyan\autosize\AutoSizeConfig.java,me.jessyan.autosize.AutoSizeConfig$Anonymous2,anonymous,2,2,0,2,6,1,0,6,0,0.0,NaN,NaN,1,0,1,0,0,0,1,0,0,0,0,0,0,0,0,0,0,0,0,20,0,0,2,1,0,0,0,4,0,2,3,0,0,0,28,-1,0
c:\Users\arthur.menezes_evolu\Desktop\Pes\AndroidAutoSize\autosize\src\main\java\me\jessyan\autosize\AutoSizeConfig.java,me.jessyan.autosize.AutoSizeConfig$Anonymous1,anonymous,4,4,0,4,4,1,0,4,1,0.0,0.0,0.0,2,0,2,0,0,0,2,0,0,0,0,0,0,0,0,0,0,0,2,16,0,0,2,0,0,2,3,5,1,1,2,0,0,0,20,-1,0
c:\Users\arthur.menezes_evolu\Desktop\Pes\AndroidAutoSize\demo\src\main\java\me\jessyan\autosize\demo\BaseApplication.java,me.jessyan.autosize.demo.BaseApplication,class,8,9,1,8,2,2,0,8,1,0.0,NaN,NaN,2,0,1,1,0,0,1,0,0,0,0,0,0,0,0,0,0,0,3,19,0,0,0,0,0,0,1,0,0,0,0,1,0,0,38,1,0
c:\Users\arthur.menezes_evolu\Desktop\Pes\AndroidAutoSize\autosize\src\main\java\me\jessyan\autosize\external\ExternalAdaptManager.java,me.jessyan.autosize.external.ExternalAdaptManager,class,3,7,4,3,12,1,0,6,0,0.5555556,0.0,0.0,6,0,6,0,0,0,6,0,0,4,3,0,0,3,0,0,0,0,4,48,8,0,4,0,0,4,1,5,0,3,1,0,0,0,37,1,0
c:\Users\arthur.menezes_evolu\Desktop\Pes\AndroidAutoSize\autosize\src\main\java\me\jessyan\autosize\utils\Preconditions.java,me.jessyan.autosize.utils.Preconditions,class,2,8,6,2,49,1,0,19,190,0.0,0.0,0.0,20,19,15,4,0,1,16,0,0,0,0,0,0,0,0,0,0,0,27,142,13,2,5,0,3,16,16,6,3,4,2,0,0,0,67,17,0
c:\Users\arthur.menezes_evolu\Desktop\Pes\AndroidAutoSize\autosize\src\main\java\me\jessyan\autosize\FragmentLifecycleCallbacksImplToAndroidx.java,me.jessyan.autosize.FragmentLifecycleCallbacksImplToAndroidx,class,5,6,1,5,4,2,0,2,0,0.0,0.0,0.0,3,0,3,0,0,0,3,0,0,0,1,0,0,1,0,0,0,0,0,14,0,0,1,0,0,0,0,2,0,1,1,0,0,0,28,1,0
c:\Users\arthur.menezes_evolu\Desktop\Pes\AndroidAutoSize\demo-androidx\src\main\java\me\jessyan\autosize\demo\androidx\BaseApplication.java,me.jessyan.autosize.demo.androidx.BaseApplication,class,4,4,0,4,1,2,0,5,0,0.0,NaN,NaN,1,0,1,0,0,0,1,0,0,0,0,0,0,0,0,0,0,0,2,15,0,0,0,0,0,0,0,0,0,0,0,1,0,0,31,1,0
c:\Users\arthur.menezes_evolu\Desktop\Pes\AndroidAutoSize\demo-androidx\src\main\java\me\jessyan\autosize\demo\androidx\FragmentHost.java,me.jessyan.autosize.demo.androidx.FragmentHost,class,7,8,1,7,6,2,0,7,3,0.0,0.0,0.0,3,0,2,0,1,0,3,0,0,0,0,0,0,0,0,0,0,0,0,21,2,0,3,0,0,0,1,0,0,0,1,0,0,0,39,1,0
c:\Users\arthur.menezes_evolu\Desktop\Pes\AndroidAutoSize\demo\src\main\java\me\jessyan\autosize\demo\BaseApplication.java,me.jessyan.autosize.demo.BaseApplication$Anonymous1,anonymous,2,2,0,2,2,1,0,4,1,0.0,0.0,0.0,2,0,2,0,0,0,2,0,0,0,0,0,0,0,0,0,0,0,4,8,0,0,0,0,0,2,0,0,0,0,0,0,0,0,7,-1,0
c:\Users\arthur.menezes_evolu\Desktop\Pes\AndroidAutoSize\demo-androidx\src\main\java\me\jessyan\autosize\demo\androidx\MainActivity.java,me.jessyan.autosize.demo.androidx.MainActivity,class,6,6,0,6,4,2,0,9,6,0.0,0.0,0.0,4,0,3,0,1,0,4,0,0,0,0,0,0,0,0,0,0,0,2,17,0,0,0,0,0,2,0,0,0,0,0,0,0,0,44,1,0
c:\Users\arthur.menezes_evolu\Desktop\Pes\AndroidAutoSize\autosize\src\main\java\me\jessyan\autosize\AutoSizeCompat.java,me.jessyan.autosize.AutoSizeCompat,class,11,12,1,11,43,1,0,52,78,0.9384615,0.0,0.0,13,12,7,6,0,0,7,0,0,0,5,5,0,5,0,0,4,0,66,177,3,0,4,1,8,4,23,55,24,25,2,0,0,0,116,17,0
c:\Users\arthur.menezes_evolu\Desktop\Pes\AndroidAutoSize\demo-subunits\src\test\java\me\jessyan\autosize\demo\ExampleUnitTest.java,ExampleUnitTest,class,1,1,0,1,1,1,0,1,0,0.0,NaN,NaN,1,0,1,0,0,0,1,0,0,0,0,0,0,0,0,0,0,0,0,5,0,0,0,0,0,0,3,0,1,0,0,0,0,0,22,1,0
c:\Users\arthur.menezes_evolu\Desktop\Pes\AndroidAutoSize\autosize\src\main\java\me\jessyan\autosize\DisplayMetricsInfo.java,me.jessyan.autosize.DisplayMetricsInfo,class,4,8,4,4,18,1,0,4,9,0.67460316,0.0,0.0,18,0,17,0,1,0,18,0,0,0,7,1,1,6,0,0,1,0,0,89,8,0,0,0,0,7,1,23,2,7,0,1,0,0,42,1,0
c:\Users\arthur.menezes_evolu\Desktop\Pes\AndroidAutoSize\autosize\src\main\java\me\jessyan\autosize\external\ExternalAdaptInfo.java,me.jessyan.autosize.external.ExternalAdaptInfo,class,4,11,7,4,12,1,0,4,0,0.5333333,0.0,0.0,10,0,9,0,1,0,10,0,0,0,3,1,1,2,0,0,1,0,0,46,4,0,1,0,0,3,4,8,2,3,0,1,0,0,46,1,0
c:\Users\arthur.menezes_evolu\Desktop\Pes\AndroidAutoSize\autosize\src\main\java\me\jessyan\autosize\DefaultAutoAdaptStrategy.java,me.jessyan.autosize.DefaultAutoAdaptStrategy,class,9,10,1,9,6,1,0,16,0,0.0,NaN,NaN,1,0,1,0,0,0,1,0,0,0,0,0,0,0,0,0,0,0,18,32,3,0,1,0,0,5,0,1,0,1,3,0,0,0,30,1,0
c:\Users\arthur.menezes_evolu\Desktop\Pes\AndroidAutoSize\autosize\src\main\java\me\jessyan\autosize\external\ExternalAdaptInfo.java,me.jessyan.autosize.external.ExternalAdaptInfo$Anonymous1,anonymous,2,2,0,2,2,1,0,0,1,0.0,0.0,0.0,2,0,2,0,0,0,2,0,0,0,0,0,0,0,0,0,0,0,0,8,2,0,0,0,0,0,0,0,0,0,0,0,0,0,10,-1,0
c:\Users\arthur.menezes_evolu\Desktop\Pes\AndroidAutoSize\demo\src\main\java\me\jessyan\autosize\demo\CustomAdaptActivity.java,me.jessyan.autosize.demo.CustomAdaptActivity,class,6,7,1,6,4,2,0,4,6,0.0,0.0,0.0,4,0,3,0,1,0,4,0,0,0,0,0,0,0,0,0,0,0,0,15,2,0,0,0,0,0,1,0,0,0,0,0,0,0,50,1,0
c:\Users\arthur.menezes_evolu\Desktop\Pes\AndroidAutoSize\autosize\src\main\java\me\jessyan\autosize\onAdaptListener.java,me.jessyan.autosize.onAdaptListener,interface,1,5,4,1,2,1,0,0,1,0.0,0.0,0.0,2,0,0,0,0,2,2,0,0,0,0,0,0,0,0,0,0,0,0,4,0,0,0,0,0,0,0,0,0,0,0,0,0,0,18,1,0
