file,class,method,constructor,line,cbo,cboModified,fanin,fanout,wmc,rfc,loc,returnsQty,variablesQty,parametersQty,methodsInvokedQty,methodsInvokedLocalQty,methodsInvokedIndirectLocalQty,loopQty,comparisonsQty,tryCatchQty,parenthesizedExpsQty,stringLiteralsQty,numbersQty,assignmentsQty,mathOperationsQty,maxNestedBlocksQty,anonymousClassesQty,innerClassesQty,lambdasQty,uniqueWordsQty,modifiers,logStatementsQty,hasJavaDoc
c:\Users\arthur.menezes_evolu\Desktop\Pes\AndroidAutoSize\demo-subunits\src\androidTest\java\me\jessyan\autosize\demo\ExampleInstrumentedTest.java,ExampleInstrumentedTest,useAppContext/0,false,20,2,0,0,0,1,3,4,0,1,0,3,0,0,0,0,0,0,1,0,1,0,0,0,0,0,6,1,0,false
c:\Users\arthur.menezes_evolu\Desktop\Pes\AndroidAutoSize\autosize\src\main\java\me\jessyan\autosize\WrapperAutoAdaptStrategy.java,me.jessyan.autosize.WrapperAutoAdaptStrategy,"applyAdapt/2[java.lang.Object,me.jessyan.autosize.Activity]",false,37,4,5,0,5,4,5,12,0,1,2,5,0,0,0,3,0,0,0,0,1,0,1,0,0,0,10,1,0,false
c:\Users\arthur.menezes_evolu\Desktop\Pes\AndroidAutoSize\autosize\src\main\java\me\jessyan\autosize\WrapperAutoAdaptStrategy.java,me.jessyan.autosize.WrapperAutoAdaptStrategy,WrapperAutoAdaptStrategy/1[me.jessyan.autosize.AutoAdaptStrategy],true,32,1,2,2,0,1,0,3,0,0,1,0,0,0,0,0,0,0,0,0,1,0,0,0,0,0,6,1,0,false
c:\Users\arthur.menezes_evolu\Desktop\Pes\AndroidAutoSize\autosize\src\main\java\me\jessyan\autosize\unit\UnitsManager.java,me.jessyan.autosize.unit.UnitsManager,getDesignHeight/0,false,118,0,2,2,0,1,0,3,1,0,0,0,0,0,0,0,0,0,0,0,0,0,0,0,0,0,4,1,0,true
c:\Users\arthur.menezes_evolu\Desktop\Pes\AndroidAutoSize\autosize\src\main\java\me\jessyan\autosize\unit\UnitsManager.java,me.jessyan.autosize.unit.UnitsManager,getDesignWidth/0,false,96,0,2,2,0,1,0,3,1,0,0,0,0,0,0,0,0,0,0,0,0,0,0,0,0,0,4,1,0,true
c:\Users\arthur.menezes_evolu\Desktop\Pes\AndroidAutoSize\autosize\src\main\java\me\jessyan\autosize\unit\UnitsManager.java,me.jessyan.autosize.unit.UnitsManager,isSupportSP/0,false,159,0,2,2,0,1,0,3,1,0,0,0,0,0,0,0,0,0,0,0,0,0,0,0,0,0,9,1,0,true
c:\Users\arthur.menezes_evolu\Desktop\Pes\AndroidAutoSize\autosize\src\main\java\me\jessyan\autosize\unit\UnitsManager.java,me.jessyan.autosize.unit.UnitsManager,setSupportSubunits/1[me.jessyan.autosize.unit.Subunits],false,208,3,2,1,1,1,1,4,1,0,1,1,0,0,0,0,0,0,1,0,1,0,0,0,0,0,14,1,0,true
c:\Users\arthur.menezes_evolu\Desktop\Pes\AndroidAutoSize\autosize\src\main\java\me\jessyan\autosize\unit\UnitsManager.java,me.jessyan.autosize.unit.UnitsManager,setSupportScreenSizeDP/1[boolean],false,196,1,0,0,0,1,0,4,1,0,1,0,0,0,0,0,0,0,0,0,1,0,0,0,0,0,15,1,0,true
c:\Users\arthur.menezes_evolu\Desktop\Pes\AndroidAutoSize\autosize\src\main\java\me\jessyan\autosize\unit\UnitsManager.java,me.jessyan.autosize.unit.UnitsManager,"setDesignSize/2[float,float]",false,85,1,2,0,2,1,2,5,1,0,2,2,2,1,0,0,0,0,0,0,0,0,0,0,0,0,9,1,0,true
c:\Users\arthur.menezes_evolu\Desktop\Pes\AndroidAutoSize\autosize\src\main\java\me\jessyan\autosize\unit\UnitsManager.java,me.jessyan.autosize.unit.UnitsManager,setDesignWidth/1[float],false,107,2,2,1,1,2,1,5,1,0,1,1,0,0,0,0,0,0,1,1,1,0,0,0,0,0,10,1,0,true
c:\Users\arthur.menezes_evolu\Desktop\Pes\AndroidAutoSize\autosize\src\main\java\me\jessyan\autosize\unit\UnitsManager.java,me.jessyan.autosize.unit.UnitsManager,getSupportSubunits/0,false,178,1,5,5,0,1,0,3,1,0,0,0,0,0,0,0,0,0,0,0,0,0,0,0,0,0,9,1,0,true
c:\Users\arthur.menezes_evolu\Desktop\Pes\AndroidAutoSize\autosize\src\main\java\me\jessyan\autosize\unit\UnitsManager.java,me.jessyan.autosize.unit.UnitsManager,isSupportDP/0,false,140,0,4,4,0,1,0,3,1,0,0,0,0,0,0,0,0,0,0,0,0,0,0,0,0,0,9,1,0,true
c:\Users\arthur.menezes_evolu\Desktop\Pes\AndroidAutoSize\autosize\src\main\java\me\jessyan\autosize\unit\UnitsManager.java,me.jessyan.autosize.unit.UnitsManager,isSupportScreenSizeDP/0,false,187,0,2,2,0,1,0,3,1,0,0,0,0,0,0,0,0,0,0,0,0,0,0,0,0,0,11,1,0,true
c:\Users\arthur.menezes_evolu\Desktop\Pes\AndroidAutoSize\autosize\src\main\java\me\jessyan\autosize\unit\UnitsManager.java,me.jessyan.autosize.unit.UnitsManager,setSupportDP/1[boolean],false,149,1,1,1,0,1,0,4,1,0,1,0,0,0,0,0,0,0,0,0,1,0,0,0,0,0,14,1,0,true
c:\Users\arthur.menezes_evolu\Desktop\Pes\AndroidAutoSize\autosize\src\main\java\me\jessyan\autosize\unit\UnitsManager.java,me.jessyan.autosize.unit.UnitsManager,setSupportSP/1[boolean],false,168,1,0,0,0,1,0,4,1,0,1,0,0,0,0,0,0,0,0,0,1,0,0,0,0,0,14,1,0,true
c:\Users\arthur.menezes_evolu\Desktop\Pes\AndroidAutoSize\autosize\src\main\java\me\jessyan\autosize\unit\UnitsManager.java,me.jessyan.autosize.unit.UnitsManager,setDesignHeight/1[float],false,129,2,2,1,1,2,1,5,1,0,1,1,0,0,0,0,0,0,1,1,1,0,0,0,0,0,10,1,0,true
c:\Users\arthur.menezes_evolu\Desktop\Pes\AndroidAutoSize\demo-subunits\src\main\java\me\jessyan\autosize\demo\subunits\BaseApplication.java,me.jessyan.autosize.demo.subunits.BaseApplication,configUnits/0,false,67,2,5,1,4,1,4,3,0,0,0,4,0,0,0,0,0,0,0,0,0,0,0,0,0,0,23,2,0,true
c:\Users\arthur.menezes_evolu\Desktop\Pes\AndroidAutoSize\demo-subunits\src\main\java\me\jessyan\autosize\demo\subunits\BaseApplication.java,me.jessyan.autosize.demo.subunits.BaseApplication,onCreate/0,false,40,1,1,0,1,1,2,4,0,0,0,2,1,1,0,0,0,0,0,0,0,0,0,0,0,0,4,1,0,false
c:\Users\arthur.menezes_evolu\Desktop\Pes\AndroidAutoSize\demo-androidx\src\main\java\me\jessyan\autosize\demo\androidx\CustomAdaptActivity.java,me.jessyan.autosize.demo.androidx.CustomAdaptActivity,isBaseOnWidth/0,false,64,0,0,0,0,1,0,3,1,0,0,0,0,0,0,0,0,0,0,0,0,0,0,0,0,0,6,1,0,true
c:\Users\arthur.menezes_evolu\Desktop\Pes\AndroidAutoSize\demo-androidx\src\main\java\me\jessyan\autosize\demo\androidx\CustomAdaptActivity.java,me.jessyan.autosize.demo.androidx.CustomAdaptActivity,goCustomAdaptFragment/1[me.jessyan.autosize.demo.androidx.View],false,54,3,0,0,0,1,2,3,0,0,1,2,0,0,0,0,0,0,0,0,0,0,0,0,0,0,13,1,0,true
c:\Users\arthur.menezes_evolu\Desktop\Pes\AndroidAutoSize\demo-androidx\src\main\java\me\jessyan\autosize\demo\androidx\CustomAdaptActivity.java,me.jessyan.autosize.demo.androidx.CustomAdaptActivity,getSizeInDp/0,false,80,0,0,0,0,1,0,3,1,0,0,0,0,0,0,0,0,0,0,1,0,0,0,0,0,0,14,1,0,true
c:\Users\arthur.menezes_evolu\Desktop\Pes\AndroidAutoSize\demo-androidx\src\main\java\me\jessyan\autosize\demo\androidx\CustomAdaptActivity.java,me.jessyan.autosize.demo.androidx.CustomAdaptActivity,onCreate/1[me.jessyan.autosize.demo.androidx.Bundle],false,44,1,0,0,0,1,2,4,0,0,1,2,0,0,0,0,0,0,0,0,0,0,0,0,0,0,9,4,0,false
c:\Users\arthur.menezes_evolu\Desktop\Pes\AndroidAutoSize\demo\src\main\java\me\jessyan\autosize\demo\CustomFragment3.java,me.jessyan.autosize.demo.CustomFragment3,isBaseOnWidth/0,false,49,0,0,0,0,1,0,3,1,0,0,0,0,0,0,0,0,0,0,0,0,0,0,0,0,0,5,1,0,false
c:\Users\arthur.menezes_evolu\Desktop\Pes\AndroidAutoSize\demo\src\main\java\me\jessyan\autosize\demo\CustomFragment3.java,me.jessyan.autosize.demo.CustomFragment3,"onCreateView/3[me.jessyan.autosize.demo.LayoutInflater,me.jessyan.autosize.demo.ViewGroup,me.jessyan.autosize.demo.Bundle]",false,40,8,2,0,2,1,3,4,1,0,3,3,0,0,0,0,0,0,1,2,0,0,0,0,0,0,13,1,0,false
c:\Users\arthur.menezes_evolu\Desktop\Pes\AndroidAutoSize\demo\src\main\java\me\jessyan\autosize\demo\CustomFragment3.java,me.jessyan.autosize.demo.CustomFragment3,getSizeInDp/0,false,54,0,0,0,0,1,0,3,1,0,0,0,0,0,0,0,0,0,0,1,0,0,0,0,0,0,4,1,0,false
c:\Users\arthur.menezes_evolu\Desktop\Pes\AndroidAutoSize\demo\src\main\java\me\jessyan\autosize\demo\CustomFragment1.java,me.jessyan.autosize.demo.CustomFragment1,"createTextView/3[me.jessyan.autosize.demo.LayoutInflater,java.lang.String,int]",false,61,5,4,3,1,1,8,11,1,2,3,8,0,0,0,0,0,1,0,3,2,0,0,0,0,0,12,9,0,false
c:\Users\arthur.menezes_evolu\Desktop\Pes\AndroidAutoSize\demo\src\main\java\me\jessyan\autosize\demo\CustomFragment1.java,me.jessyan.autosize.demo.CustomFragment1,getSizeInDp/0,false,57,0,0,0,0,1,0,3,1,0,0,0,0,0,0,0,0,0,0,1,0,0,0,0,0,0,4,1,0,false
c:\Users\arthur.menezes_evolu\Desktop\Pes\AndroidAutoSize\demo\src\main\java\me\jessyan\autosize\demo\CustomFragment1.java,me.jessyan.autosize.demo.CustomFragment1,isBaseOnWidth/0,false,52,0,0,0,0,1,0,3,1,0,0,0,0,0,0,0,0,0,0,0,0,0,0,0,0,0,5,1,0,false
c:\Users\arthur.menezes_evolu\Desktop\Pes\AndroidAutoSize\demo\src\main\java\me\jessyan\autosize\demo\CustomFragment1.java,me.jessyan.autosize.demo.CustomFragment1,"onCreateView/3[me.jessyan.autosize.demo.LayoutInflater,me.jessyan.autosize.demo.ViewGroup,me.jessyan.autosize.demo.Bundle]",false,43,8,2,0,2,1,3,4,1,0,3,3,1,1,0,0,0,0,1,2,0,0,0,0,0,0,15,1,0,false
c:\Users\arthur.menezes_evolu\Desktop\Pes\AndroidAutoSize\demo\src\main\java\me\jessyan\autosize\demo\CustomFragment2.java,me.jessyan.autosize.demo.CustomFragment2,isBaseOnWidth/0,false,49,0,0,0,0,1,0,3,1,0,0,0,0,0,0,0,0,0,0,0,0,0,0,0,0,0,5,1,0,false
c:\Users\arthur.menezes_evolu\Desktop\Pes\AndroidAutoSize\demo\src\main\java\me\jessyan\autosize\demo\CustomFragment2.java,me.jessyan.autosize.demo.CustomFragment2,"onCreateView/3[me.jessyan.autosize.demo.LayoutInflater,me.jessyan.autosize.demo.ViewGroup,me.jessyan.autosize.demo.Bundle]",false,40,8,2,0,2,1,3,4,1,0,3,3,0,0,0,0,0,0,1,2,0,0,0,0,0,0,13,1,0,false
c:\Users\arthur.menezes_evolu\Desktop\Pes\AndroidAutoSize\demo\src\main\java\me\jessyan\autosize\demo\CustomFragment2.java,me.jessyan.autosize.demo.CustomFragment2,getSizeInDp/0,false,54,0,0,0,0,1,0,3,1,0,0,0,0,0,0,0,0,0,0,1,0,0,0,0,0,0,4,1,0,false
c:\Users\arthur.menezes_evolu\Desktop\Pes\AndroidAutoSize\autosize\src\main\java\me\jessyan\autosize\InitProvider.java,me.jessyan.autosize.InitProvider,"insert/2[me.jessyan.autosize.Uri,me.jessyan.autosize.ContentValues]",false,60,2,0,0,0,1,0,3,1,0,2,0,0,0,0,0,0,0,0,0,0,0,0,0,0,0,4,1,0,false
c:\Users\arthur.menezes_evolu\Desktop\Pes\AndroidAutoSize\autosize\src\main\java\me\jessyan\autosize\InitProvider.java,me.jessyan.autosize.InitProvider,"update/4[me.jessyan.autosize.Uri,me.jessyan.autosize.ContentValues,java.lang.String,java.lang.String[]]",false,70,2,0,0,0,1,0,3,1,0,4,0,0,0,0,0,0,0,0,1,0,0,0,0,0,0,4,1,0,false
c:\Users\arthur.menezes_evolu\Desktop\Pes\AndroidAutoSize\autosize\src\main\java\me\jessyan\autosize\InitProvider.java,me.jessyan.autosize.InitProvider,onCreate/0,false,37,4,4,0,4,2,7,8,1,1,0,7,0,0,0,1,0,0,0,0,2,0,1,0,0,0,9,1,0,false
c:\Users\arthur.menezes_evolu\Desktop\Pes\AndroidAutoSize\autosize\src\main\java\me\jessyan\autosize\InitProvider.java,me.jessyan.autosize.InitProvider,getType/1[me.jessyan.autosize.Uri],false,55,1,0,0,0,1,0,3,1,0,1,0,0,0,0,0,0,0,0,0,0,0,0,0,0,0,5,1,0,false
c:\Users\arthur.menezes_evolu\Desktop\Pes\AndroidAutoSize\autosize\src\main\java\me\jessyan\autosize\InitProvider.java,me.jessyan.autosize.InitProvider,"query/5[me.jessyan.autosize.Uri,java.lang.String[],java.lang.String,java.lang.String[],java.lang.String]",false,50,2,0,0,0,1,0,3,1,0,5,0,0,0,0,0,0,0,0,0,0,0,0,0,0,0,6,1,0,false
c:\Users\arthur.menezes_evolu\Desktop\Pes\AndroidAutoSize\autosize\src\main\java\me\jessyan\autosize\InitProvider.java,me.jessyan.autosize.InitProvider,"delete/3[me.jessyan.autosize.Uri,java.lang.String,java.lang.String[]]",false,65,1,0,0,0,1,0,3,1,0,3,0,0,0,0,0,0,0,0,1,0,0,0,0,0,0,4,1,0,false
c:\Users\arthur.menezes_evolu\Desktop\Pes\AndroidAutoSize\autosize\src\main\java\me\jessyan\autosize\utils\AutoSizeUtils.java,me.jessyan.autosize.utils.AutoSizeUtils,AutoSizeUtils/0,true,36,0,0,0,0,1,0,3,0,0,0,0,0,0,0,0,0,0,1,0,0,0,0,0,0,0,8,2,0,false
c:\Users\arthur.menezes_evolu\Desktop\Pes\AndroidAutoSize\autosize\src\main\java\me\jessyan\autosize\utils\AutoSizeUtils.java,me.jessyan.autosize.utils.AutoSizeUtils,"dp2px/2[me.jessyan.autosize.utils.Context,float]",false,40,1,2,2,0,1,3,3,1,0,2,3,0,0,0,0,0,1,0,1,0,1,0,0,0,0,3,9,0,false
c:\Users\arthur.menezes_evolu\Desktop\Pes\AndroidAutoSize\autosize\src\main\java\me\jessyan\autosize\utils\AutoSizeUtils.java,me.jessyan.autosize.utils.AutoSizeUtils,"pt2px/2[me.jessyan.autosize.utils.Context,float]",false,48,1,0,0,0,1,3,3,1,0,2,3,0,0,0,0,0,1,0,1,0,1,0,0,0,0,3,9,0,false
c:\Users\arthur.menezes_evolu\Desktop\Pes\AndroidAutoSize\autosize\src\main\java\me\jessyan\autosize\utils\AutoSizeUtils.java,me.jessyan.autosize.utils.AutoSizeUtils,"in2px/2[me.jessyan.autosize.utils.Context,float]",false,52,1,0,0,0,1,3,3,1,0,2,3,0,0,0,0,0,1,0,1,0,1,0,0,0,0,3,9,0,false
c:\Users\arthur.menezes_evolu\Desktop\Pes\AndroidAutoSize\autosize\src\main\java\me\jessyan\autosize\utils\AutoSizeUtils.java,me.jessyan.autosize.utils.AutoSizeUtils,"sp2px/2[me.jessyan.autosize.utils.Context,float]",false,44,1,0,0,0,1,3,3,1,0,2,3,0,0,0,0,0,1,0,1,0,1,0,0,0,0,3,9,0,false
c:\Users\arthur.menezes_evolu\Desktop\Pes\AndroidAutoSize\autosize\src\main\java\me\jessyan\autosize\utils\AutoSizeUtils.java,me.jessyan.autosize.utils.AutoSizeUtils,"mm2px/2[me.jessyan.autosize.utils.Context,float]",false,56,1,0,0,0,1,3,3,1,0,2,3,0,0,0,0,0,1,0,1,0,1,0,0,0,0,3,9,0,false
c:\Users\arthur.menezes_evolu\Desktop\Pes\AndroidAutoSize\autosize\src\main\java\me\jessyan\autosize\utils\AutoSizeUtils.java,me.jessyan.autosize.utils.AutoSizeUtils,getApplicationByReflect/0,false,60,2,1,1,0,6,4,24,1,3,0,4,0,0,0,1,1,0,6,0,3,0,2,0,0,0,26,9,0,false
c:\Users\arthur.menezes_evolu\Desktop\Pes\AndroidAutoSize\autosize\src\main\java\me\jessyan\autosize\FragmentLifecycleCallbacksImpl.java,me.jessyan.autosize.FragmentLifecycleCallbacksImpl,"onFragmentCreated/3[me.jessyan.autosize.FragmentManager,me.jessyan.autosize.Fragment,me.jessyan.autosize.Bundle]",false,43,4,1,0,1,2,2,5,0,0,3,2,0,0,0,1,0,0,0,0,0,0,1,0,0,0,12,1,0,false
c:\Users\arthur.menezes_evolu\Desktop\Pes\AndroidAutoSize\autosize\src\main\java\me\jessyan\autosize\FragmentLifecycleCallbacksImpl.java,me.jessyan.autosize.FragmentLifecycleCallbacksImpl,setAutoAdaptStrategy/1[me.jessyan.autosize.AutoAdaptStrategy],false,54,1,1,1,0,1,0,3,0,0,1,0,0,0,0,0,0,0,0,0,1,0,0,0,0,0,6,1,0,true
c:\Users\arthur.menezes_evolu\Desktop\Pes\AndroidAutoSize\autosize\src\main\java\me\jessyan\autosize\FragmentLifecycleCallbacksImpl.java,me.jessyan.autosize.FragmentLifecycleCallbacksImpl,FragmentLifecycleCallbacksImpl/1[me.jessyan.autosize.AutoAdaptStrategy],true,38,1,1,1,0,1,0,3,0,0,1,0,0,0,0,0,0,0,0,0,1,0,0,0,0,0,9,1,0,false
c:\Users\arthur.menezes_evolu\Desktop\Pes\AndroidAutoSize\demo\src\androidTest\java\me\jessyan\autosize\demo\ExampleInstrumentedTest.java,me.jessyan.autosize.demo.ExampleInstrumentedTest,useAppContext/0,false,20,2,0,0,0,1,3,4,0,1,0,3,0,0,0,0,0,0,1,0,1,0,0,0,0,0,6,1,0,false
c:\Users\arthur.menezes_evolu\Desktop\Pes\AndroidAutoSize\demo\src\test\java\me\jessyan\autosize\demo\ExampleUnitTest.java,me.jessyan.autosize.demo.ExampleUnitTest,addition_isCorrect/0,false,14,1,0,0,0,1,1,3,0,0,0,1,0,0,0,0,0,0,0,3,0,1,0,0,0,0,5,1,0,false
c:\Users\arthur.menezes_evolu\Desktop\Pes\AndroidAutoSize\demo-subunits\src\main\java\me\jessyan\autosize\demo\subunits\MainActivity.java,me.jessyan.autosize.demo.subunits.MainActivity,onCreate/1[me.jessyan.autosize.demo.subunits.Bundle],false,36,1,0,0,0,1,2,4,0,0,1,2,0,0,0,0,0,0,0,0,0,0,0,0,0,0,9,4,0,false
c:\Users\arthur.menezes_evolu\Desktop\Pes\AndroidAutoSize\demo-subunits\src\main\java\me\jessyan\autosize\demo\subunits\MainActivity.java,me.jessyan.autosize.demo.subunits.MainActivity,goCustomAdaptActivity/1[me.jessyan.autosize.demo.subunits.View],false,46,3,0,0,0,1,2,3,0,0,1,2,0,0,0,0,0,0,0,0,0,0,0,0,0,0,11,1,0,true
c:\Users\arthur.menezes_evolu\Desktop\Pes\AndroidAutoSize\autosize\src\main\java\me\jessyan\autosize\AutoSizeConfig.java,me.jessyan.autosize.AutoSizeConfig,setStatusBarHeight/1[int],false,672,2,1,0,1,2,1,5,1,0,1,1,0,0,0,0,0,0,1,1,1,0,0,0,0,0,11,1,0,true
c:\Users\arthur.menezes_evolu\Desktop\Pes\AndroidAutoSize\autosize\src\main\java\me\jessyan\autosize\AutoSizeConfig.java,me.jessyan.autosize.AutoSizeConfig,setOnAdaptListener/1[me.jessyan.autosize.onAdaptListener],false,341,3,3,2,1,1,1,5,1,0,1,1,0,0,0,0,0,0,1,0,1,0,0,0,0,0,9,1,0,true
c:\Users\arthur.menezes_evolu\Desktop\Pes\AndroidAutoSize\autosize\src\main\java\me\jessyan\autosize\AutoSizeConfig.java,me.jessyan.autosize.AutoSizeConfig,getInstance/0,false,179,1,34,33,1,3,0,10,1,0,0,0,0,0,0,2,0,0,0,0,1,0,3,0,0,0,7,9,0,false
c:\Users\arthur.menezes_evolu\Desktop\Pes\AndroidAutoSize\autosize\src\main\java\me\jessyan\autosize\AutoSizeConfig.java,me.jessyan.autosize.AutoSizeConfig,AutoSizeConfig/0,true,190,0,1,1,0,1,0,2,0,0,0,0,0,0,0,0,0,0,0,0,0,0,0,0,0,0,3,2,0,false
c:\Users\arthur.menezes_evolu\Desktop\Pes\AndroidAutoSize\autosize\src\main\java\me\jessyan\autosize\AutoSizeConfig.java,me.jessyan.autosize.AutoSizeConfig,setVertical/1[boolean],false,576,1,0,0,0,1,0,4,1,0,1,0,0,0,0,0,0,0,0,0,1,0,0,0,0,0,9,1,0,true
c:\Users\arthur.menezes_evolu\Desktop\Pes\AndroidAutoSize\autosize\src\main\java\me\jessyan\autosize\AutoSizeConfig.java,me.jessyan.autosize.AutoSizeConfig,"init/2[me.jessyan.autosize.Application,boolean]",false,216,2,1,0,1,1,1,3,1,0,2,1,1,2,0,0,0,0,0,0,0,0,0,0,0,0,14,0,0,true
c:\Users\arthur.menezes_evolu\Desktop\Pes\AndroidAutoSize\autosize\src\main\java\me\jessyan\autosize\AutoSizeConfig.java,me.jessyan.autosize.AutoSizeConfig,isCustomFragment/0,false,394,0,1,1,0,1,0,3,1,0,0,0,0,0,0,0,0,0,0,0,0,0,0,0,0,0,4,1,0,true
c:\Users\arthur.menezes_evolu\Desktop\Pes\AndroidAutoSize\autosize\src\main\java\me\jessyan\autosize\AutoSizeConfig.java,me.jessyan.autosize.AutoSizeConfig,getUnitsManager/0,false,421,1,10,10,0,1,0,3,1,0,0,0,0,0,0,0,0,0,0,0,0,0,0,0,0,0,7,1,0,true
c:\Users\arthur.menezes_evolu\Desktop\Pes\AndroidAutoSize\autosize\src\main\java\me\jessyan\autosize\AutoSizeConfig.java,me.jessyan.autosize.AutoSizeConfig,getDesignHeightInDp/0,false,485,1,7,6,1,2,1,4,1,0,0,1,0,0,0,0,0,0,2,1,0,1,0,0,0,0,24,1,0,true
c:\Users\arthur.menezes_evolu\Desktop\Pes\AndroidAutoSize\autosize\src\main\java\me\jessyan\autosize\AutoSizeConfig.java,me.jessyan.autosize.AutoSizeConfig,getDesignWidthInDp/0,false,475,1,7,6,1,2,1,4,1,0,0,1,0,0,0,0,0,0,2,1,0,1,0,0,0,0,25,1,0,true
c:\Users\arthur.menezes_evolu\Desktop\Pes\AndroidAutoSize\autosize\src\main\java\me\jessyan\autosize\AutoSizeConfig.java,me.jessyan.autosize.AutoSizeConfig,setExcludeFontScale/1[boolean],false,597,1,0,0,0,1,0,4,1,0,1,0,0,0,0,0,0,0,0,0,1,0,0,0,0,0,13,1,0,true
c:\Users\arthur.menezes_evolu\Desktop\Pes\AndroidAutoSize\autosize\src\main\java\me\jessyan\autosize\AutoSizeConfig.java,me.jessyan.autosize.AutoSizeConfig,setDesignWidthInDp/1[int],false,650,2,1,0,1,2,1,5,1,0,1,1,0,0,0,0,0,0,1,1,1,0,0,0,0,0,12,1,0,true
c:\Users\arthur.menezes_evolu\Desktop\Pes\AndroidAutoSize\autosize\src\main\java\me\jessyan\autosize\AutoSizeConfig.java,me.jessyan.autosize.AutoSizeConfig,stop/1[me.jessyan.autosize.Activity],false,313,4,4,2,2,2,3,10,0,0,1,3,0,0,0,0,0,0,1,0,1,0,2,0,0,0,11,1,0,true
c:\Users\arthur.menezes_evolu\Desktop\Pes\AndroidAutoSize\autosize\src\main\java\me\jessyan\autosize\AutoSizeConfig.java,me.jessyan.autosize.AutoSizeConfig,restart/0,false,299,2,3,2,1,2,2,9,0,0,0,2,0,0,0,0,0,0,1,0,1,0,2,0,0,0,10,1,0,true
c:\Users\arthur.menezes_evolu\Desktop\Pes\AndroidAutoSize\autosize\src\main\java\me\jessyan\autosize\AutoSizeConfig.java,me.jessyan.autosize.AutoSizeConfig,getInitScreenWidthDp/0,false,531,0,2,2,0,1,0,3,1,0,0,0,0,0,0,0,0,0,0,0,0,0,0,0,0,0,6,1,0,true
c:\Users\arthur.menezes_evolu\Desktop\Pes\AndroidAutoSize\autosize\src\main\java\me\jessyan\autosize\AutoSizeConfig.java,me.jessyan.autosize.AutoSizeConfig,getScreenWidth/0,false,457,0,2,2,0,1,0,3,1,0,0,0,0,0,0,0,0,0,0,0,0,0,0,0,0,0,4,1,0,true
c:\Users\arthur.menezes_evolu\Desktop\Pes\AndroidAutoSize\autosize\src\main\java\me\jessyan\autosize\AutoSizeConfig.java,me.jessyan.autosize.AutoSizeConfig,setLog/1[boolean],false,374,2,3,2,1,1,1,4,1,0,1,1,0,0,0,0,0,0,0,0,0,0,0,0,0,0,7,1,0,true
c:\Users\arthur.menezes_evolu\Desktop\Pes\AndroidAutoSize\autosize\src\main\java\me\jessyan\autosize\AutoSizeConfig.java,me.jessyan.autosize.AutoSizeConfig,getExternalAdaptManager/0,false,412,1,2,2,0,1,0,3,1,0,0,0,0,0,0,0,0,0,0,0,0,0,0,0,0,0,6,1,0,true
c:\Users\arthur.menezes_evolu\Desktop\Pes\AndroidAutoSize\autosize\src\main\java\me\jessyan\autosize\AutoSizeConfig.java,me.jessyan.autosize.AutoSizeConfig,setPrivateFontScale/1[float],false,608,1,0,0,0,1,0,4,1,0,1,0,0,0,0,0,0,0,0,0,1,0,0,0,0,0,13,1,0,true
c:\Users\arthur.menezes_evolu\Desktop\Pes\AndroidAutoSize\autosize\src\main\java\me\jessyan\autosize\AutoSizeConfig.java,me.jessyan.autosize.AutoSizeConfig,setBaseOnWidth/1[boolean],false,353,1,0,0,0,1,0,4,1,0,1,0,0,0,0,0,0,0,0,0,1,0,0,0,0,0,11,1,0,true
c:\Users\arthur.menezes_evolu\Desktop\Pes\AndroidAutoSize\autosize\src\main\java\me\jessyan\autosize\AutoSizeConfig.java,me.jessyan.autosize.AutoSizeConfig,getPrivateFontScale/0,false,619,0,2,2,0,1,0,3,1,0,0,0,0,0,0,0,0,0,0,0,0,0,0,0,0,0,11,1,0,true
c:\Users\arthur.menezes_evolu\Desktop\Pes\AndroidAutoSize\autosize\src\main\java\me\jessyan\autosize\AutoSizeConfig.java,me.jessyan.autosize.AutoSizeConfig,setUseDeviceSize/1[boolean],false,364,1,0,0,0,1,0,4,1,0,1,0,0,0,0,0,0,0,0,0,1,0,0,0,0,0,10,1,0,true
c:\Users\arthur.menezes_evolu\Desktop\Pes\AndroidAutoSize\autosize\src\main\java\me\jessyan\autosize\AutoSizeConfig.java,me.jessyan.autosize.AutoSizeConfig,isBaseOnWidth/0,false,439,0,2,2,0,1,0,3,1,0,0,0,0,0,0,0,0,0,0,0,0,0,0,0,0,0,4,1,0,true
c:\Users\arthur.menezes_evolu\Desktop\Pes\AndroidAutoSize\autosize\src\main\java\me\jessyan\autosize\AutoSizeConfig.java,me.jessyan.autosize.AutoSizeConfig,isStop/0,false,403,0,0,0,0,1,0,3,1,0,0,0,0,0,0,0,0,0,0,0,0,0,0,0,0,0,4,1,0,true
c:\Users\arthur.menezes_evolu\Desktop\Pes\AndroidAutoSize\autosize\src\main\java\me\jessyan\autosize\AutoSizeConfig.java,me.jessyan.autosize.AutoSizeConfig,init/1[me.jessyan.autosize.Application],false,204,2,3,2,1,1,1,3,1,0,1,1,1,2,0,0,0,0,0,0,0,0,0,0,0,0,8,0,0,true
c:\Users\arthur.menezes_evolu\Desktop\Pes\AndroidAutoSize\autosize\src\main\java\me\jessyan\autosize\AutoSizeConfig.java,me.jessyan.autosize.AutoSizeConfig,getInitDensityDpi/0,false,504,0,2,2,0,1,0,3,1,0,0,0,0,0,0,0,0,0,0,0,0,0,0,0,0,0,5,1,0,true
c:\Users\arthur.menezes_evolu\Desktop\Pes\AndroidAutoSize\autosize\src\main\java\me\jessyan\autosize\AutoSizeConfig.java,me.jessyan.autosize.AutoSizeConfig,getOnAdaptListener/0,false,430,1,1,1,0,1,0,3,1,0,0,0,0,0,0,0,0,0,0,0,0,0,0,0,0,0,6,1,0,true
c:\Users\arthur.menezes_evolu\Desktop\Pes\AndroidAutoSize\autosize\src\main\java\me\jessyan\autosize\AutoSizeConfig.java,me.jessyan.autosize.AutoSizeConfig,isVertical/0,false,549,0,0,0,0,1,0,3,1,0,0,0,0,0,0,0,0,0,0,0,0,0,0,0,0,0,4,1,0,true
c:\Users\arthur.menezes_evolu\Desktop\Pes\AndroidAutoSize\autosize\src\main\java\me\jessyan\autosize\AutoSizeConfig.java,me.jessyan.autosize.AutoSizeConfig,getMetaData/1[me.jessyan.autosize.Context],false,691,1,2,1,1,1,1,23,0,0,1,1,0,0,0,0,0,0,0,0,0,0,0,1,0,0,40,2,0,true
c:\Users\arthur.menezes_evolu\Desktop\Pes\AndroidAutoSize\autosize\src\main\java\me\jessyan\autosize\AutoSizeConfig.java,me.jessyan.autosize.AutoSizeConfig,"init/3[me.jessyan.autosize.Application,boolean,me.jessyan.autosize.AutoAdaptStrategy]",false,227,15,14,2,12,8,20,60,1,3,3,20,3,1,0,4,1,0,11,7,23,2,2,1,0,0,62,0,0,true
c:\Users\arthur.menezes_evolu\Desktop\Pes\AndroidAutoSize\autosize\src\main\java\me\jessyan\autosize\AutoSizeConfig.java,me.jessyan.autosize.AutoSizeConfig,setCustomFragment/1[boolean],false,384,1,2,2,0,1,0,4,1,0,1,0,0,0,0,0,0,0,0,0,1,0,0,0,0,0,9,1,0,true
c:\Users\arthur.menezes_evolu\Desktop\Pes\AndroidAutoSize\autosize\src\main\java\me\jessyan\autosize\AutoSizeConfig.java,me.jessyan.autosize.AutoSizeConfig,getScreenHeight/0,false,466,1,3,2,1,2,1,3,1,0,0,1,1,1,0,0,0,0,0,0,0,1,0,0,0,0,10,1,0,true
c:\Users\arthur.menezes_evolu\Desktop\Pes\AndroidAutoSize\autosize\src\main\java\me\jessyan\autosize\AutoSizeConfig.java,me.jessyan.autosize.AutoSizeConfig,getInitScaledDensity/0,false,513,0,4,4,0,1,0,3,1,0,0,0,0,0,0,0,0,0,0,0,0,0,0,0,0,0,5,1,0,true
c:\Users\arthur.menezes_evolu\Desktop\Pes\AndroidAutoSize\autosize\src\main\java\me\jessyan\autosize\AutoSizeConfig.java,me.jessyan.autosize.AutoSizeConfig,getInitXdpi/0,false,522,0,2,2,0,1,0,3,1,0,0,0,0,0,0,0,0,0,0,0,0,0,0,0,0,0,4,1,0,true
c:\Users\arthur.menezes_evolu\Desktop\Pes\AndroidAutoSize\autosize\src\main\java\me\jessyan\autosize\AutoSizeConfig.java,me.jessyan.autosize.AutoSizeConfig,setDesignHeightInDp/1[int],false,661,2,1,0,1,2,1,5,1,0,1,1,0,0,0,0,0,0,1,1,1,0,0,0,0,0,12,1,0,true
c:\Users\arthur.menezes_evolu\Desktop\Pes\AndroidAutoSize\autosize\src\main\java\me\jessyan\autosize\AutoSizeConfig.java,me.jessyan.autosize.AutoSizeConfig,isMiui/0,false,558,0,2,2,0,1,0,3,1,0,0,0,0,0,0,0,0,0,0,0,0,0,0,0,0,0,2,1,0,true
c:\Users\arthur.menezes_evolu\Desktop\Pes\AndroidAutoSize\autosize\src\main\java\me\jessyan\autosize\AutoSizeConfig.java,me.jessyan.autosize.AutoSizeConfig,(initializer 1),false,163,1,1,0,1,1,1,4,0,0,0,1,1,1,0,0,0,0,2,0,2,0,0,0,0,0,19,8,0,false
c:\Users\arthur.menezes_evolu\Desktop\Pes\AndroidAutoSize\autosize\src\main\java\me\jessyan\autosize\AutoSizeConfig.java,me.jessyan.autosize.AutoSizeConfig,isExcludeFontScale/0,false,587,0,2,2,0,1,0,3,1,0,0,0,0,0,0,0,0,0,0,0,0,0,0,0,0,0,10,1,0,true
c:\Users\arthur.menezes_evolu\Desktop\Pes\AndroidAutoSize\autosize\src\main\java\me\jessyan\autosize\AutoSizeConfig.java,me.jessyan.autosize.AutoSizeConfig,setScreenHeight/1[int],false,639,2,1,0,1,2,1,5,1,0,1,1,0,0,0,0,0,0,1,1,1,0,0,0,0,0,10,1,0,true
c:\Users\arthur.menezes_evolu\Desktop\Pes\AndroidAutoSize\autosize\src\main\java\me\jessyan\autosize\AutoSizeConfig.java,me.jessyan.autosize.AutoSizeConfig,setScreenWidth/1[int],false,628,2,1,0,1,2,1,5,1,0,1,1,0,0,0,0,0,0,1,1,1,0,0,0,0,0,10,1,0,true
c:\Users\arthur.menezes_evolu\Desktop\Pes\AndroidAutoSize\autosize\src\main\java\me\jessyan\autosize\AutoSizeConfig.java,me.jessyan.autosize.AutoSizeConfig,findClassByClassName/1[java.lang.String],false,168,0,1,1,0,2,1,11,1,1,1,1,0,0,0,0,1,0,0,0,2,0,1,0,0,0,13,10,0,false
c:\Users\arthur.menezes_evolu\Desktop\Pes\AndroidAutoSize\autosize\src\main\java\me\jessyan\autosize\AutoSizeConfig.java,me.jessyan.autosize.AutoSizeConfig,getApplication/0,false,193,2,5,4,1,1,1,4,1,0,0,1,0,0,0,0,0,0,1,0,0,0,0,0,0,0,5,1,0,false
c:\Users\arthur.menezes_evolu\Desktop\Pes\AndroidAutoSize\autosize\src\main\java\me\jessyan\autosize\AutoSizeConfig.java,me.jessyan.autosize.AutoSizeConfig,isUseDeviceSize/0,false,448,0,3,3,0,1,0,3,1,0,0,0,0,0,0,0,0,0,0,0,0,0,0,0,0,0,4,1,0,true
c:\Users\arthur.menezes_evolu\Desktop\Pes\AndroidAutoSize\autosize\src\main\java\me\jessyan\autosize\AutoSizeConfig.java,me.jessyan.autosize.AutoSizeConfig,setAutoAdaptStrategy/1[me.jessyan.autosize.AutoAdaptStrategy],false,329,5,4,0,4,1,3,6,1,0,1,3,0,0,0,0,0,0,2,0,0,0,0,0,0,0,10,1,0,true
c:\Users\arthur.menezes_evolu\Desktop\Pes\AndroidAutoSize\autosize\src\main\java\me\jessyan\autosize\AutoSizeConfig.java,me.jessyan.autosize.AutoSizeConfig,getInitDensity/0,false,495,0,5,5,0,1,0,3,1,0,0,0,0,0,0,0,0,0,0,0,0,0,0,0,0,0,4,1,0,true
c:\Users\arthur.menezes_evolu\Desktop\Pes\AndroidAutoSize\autosize\src\main\java\me\jessyan\autosize\AutoSizeConfig.java,me.jessyan.autosize.AutoSizeConfig,getInitScreenHeightDp/0,false,540,0,2,2,0,1,0,3,1,0,0,0,0,0,0,0,0,0,0,0,0,0,0,0,0,0,6,1,0,true
c:\Users\arthur.menezes_evolu\Desktop\Pes\AndroidAutoSize\autosize\src\main\java\me\jessyan\autosize\AutoSizeConfig.java,me.jessyan.autosize.AutoSizeConfig,getTmpMetricsField/0,false,567,0,2,2,0,1,0,3,1,0,0,0,0,0,0,0,0,0,0,0,0,0,0,0,0,0,5,1,0,true
c:\Users\arthur.menezes_evolu\Desktop\Pes\AndroidAutoSize\demo-androidx\src\main\java\me\jessyan\autosize\demo\androidx\BaseApplication.java,me.jessyan.autosize.demo.androidx.BaseApplication$Anonymous1,"onAdaptBefore/2[java.lang.Object,me.jessyan.autosize.demo.androidx.Activity]",false,81,2,1,0,1,1,4,3,0,0,2,4,0,0,0,0,0,0,1,0,0,0,0,0,0,0,5,1,0,false
c:\Users\arthur.menezes_evolu\Desktop\Pes\AndroidAutoSize\demo-androidx\src\main\java\me\jessyan\autosize\demo\androidx\BaseApplication.java,me.jessyan.autosize.demo.androidx.BaseApplication$Anonymous1,"onAdaptAfter/2[java.lang.Object,me.jessyan.autosize.demo.androidx.Activity]",false,91,2,1,0,1,1,4,3,0,0,2,4,0,0,0,0,0,0,1,0,0,0,0,0,0,0,5,1,0,false
c:\Users\arthur.menezes_evolu\Desktop\Pes\AndroidAutoSize\demo-subunits\src\main\java\me\jessyan\autosize\demo\subunits\CustomAdaptActivity.java,me.jessyan.autosize.demo.subunits.CustomAdaptActivity,getSizeInDp/0,false,63,0,0,0,0,1,0,3,1,0,0,0,0,0,0,0,0,0,0,1,0,0,0,0,0,0,11,1,0,true
c:\Users\arthur.menezes_evolu\Desktop\Pes\AndroidAutoSize\demo-subunits\src\main\java\me\jessyan\autosize\demo\subunits\CustomAdaptActivity.java,me.jessyan.autosize.demo.subunits.CustomAdaptActivity,onCreate/1[me.jessyan.autosize.demo.subunits.Bundle],false,35,1,0,0,0,1,2,4,0,0,1,2,0,0,0,0,0,0,0,0,0,0,0,0,0,0,9,4,0,false
c:\Users\arthur.menezes_evolu\Desktop\Pes\AndroidAutoSize\demo-subunits\src\main\java\me\jessyan\autosize\demo\subunits\CustomAdaptActivity.java,me.jessyan.autosize.demo.subunits.CustomAdaptActivity,isBaseOnWidth/0,false,46,0,0,0,0,1,0,3,1,0,0,0,0,0,0,0,0,0,0,0,0,0,0,0,0,0,6,1,0,true
c:\Users\arthur.menezes_evolu\Desktop\Pes\AndroidAutoSize\autosize\src\main\java\me\jessyan\autosize\ActivityLifecycleCallbacksImpl.java,me.jessyan.autosize.ActivityLifecycleCallbacksImpl,onActivityPaused/1[me.jessyan.autosize.Activity],false,84,1,0,0,0,1,0,2,0,0,1,0,0,0,0,0,0,0,0,0,0,0,0,0,0,0,4,1,0,false
c:\Users\arthur.menezes_evolu\Desktop\Pes\AndroidAutoSize\autosize\src\main\java\me\jessyan\autosize\ActivityLifecycleCallbacksImpl.java,me.jessyan.autosize.ActivityLifecycleCallbacksImpl,onActivityStopped/1[me.jessyan.autosize.Activity],false,89,1,0,0,0,1,0,2,0,0,1,0,0,0,0,0,0,0,0,0,0,0,0,0,0,0,4,1,0,false
c:\Users\arthur.menezes_evolu\Desktop\Pes\AndroidAutoSize\autosize\src\main\java\me\jessyan\autosize\ActivityLifecycleCallbacksImpl.java,me.jessyan.autosize.ActivityLifecycleCallbacksImpl,onActivityDestroyed/1[me.jessyan.autosize.Activity],false,99,1,0,0,0,1,0,2,0,0,1,0,0,0,0,0,0,0,0,0,0,0,0,0,0,0,4,1,0,false
c:\Users\arthur.menezes_evolu\Desktop\Pes\AndroidAutoSize\autosize\src\main\java\me\jessyan\autosize\ActivityLifecycleCallbacksImpl.java,me.jessyan.autosize.ActivityLifecycleCallbacksImpl,"onActivitySaveInstanceState/2[me.jessyan.autosize.Activity,me.jessyan.autosize.Bundle]",false,94,2,0,0,0,1,0,2,0,0,2,0,0,0,0,0,0,0,0,0,0,0,0,0,0,0,6,1,0,false
c:\Users\arthur.menezes_evolu\Desktop\Pes\AndroidAutoSize\autosize\src\main\java\me\jessyan\autosize\ActivityLifecycleCallbacksImpl.java,me.jessyan.autosize.ActivityLifecycleCallbacksImpl,"onActivityCreated/2[me.jessyan.autosize.Activity,me.jessyan.autosize.Bundle]",false,56,6,3,0,3,7,5,13,0,0,2,5,0,0,0,3,0,2,0,0,0,0,2,0,0,0,17,1,0,false
c:\Users\arthur.menezes_evolu\Desktop\Pes\AndroidAutoSize\autosize\src\main\java\me\jessyan\autosize\ActivityLifecycleCallbacksImpl.java,me.jessyan.autosize.ActivityLifecycleCallbacksImpl,onActivityStarted/1[me.jessyan.autosize.Activity],false,72,2,1,0,1,2,1,5,0,0,1,1,0,0,0,1,0,0,0,0,0,0,1,0,0,0,9,1,0,false
c:\Users\arthur.menezes_evolu\Desktop\Pes\AndroidAutoSize\autosize\src\main\java\me\jessyan\autosize\ActivityLifecycleCallbacksImpl.java,me.jessyan.autosize.ActivityLifecycleCallbacksImpl,onActivityResumed/1[me.jessyan.autosize.Activity],false,79,1,0,0,0,1,0,2,0,0,1,0,0,0,0,0,0,0,0,0,0,0,0,0,0,0,4,1,0,false
c:\Users\arthur.menezes_evolu\Desktop\Pes\AndroidAutoSize\autosize\src\main\java\me\jessyan\autosize\ActivityLifecycleCallbacksImpl.java,me.jessyan.autosize.ActivityLifecycleCallbacksImpl,setAutoAdaptStrategy/1[me.jessyan.autosize.AutoAdaptStrategy],false,108,3,3,1,2,3,2,9,0,0,1,2,0,0,0,2,0,0,0,0,1,0,1,0,0,0,12,1,0,true
c:\Users\arthur.menezes_evolu\Desktop\Pes\AndroidAutoSize\autosize\src\main\java\me\jessyan\autosize\ActivityLifecycleCallbacksImpl.java,me.jessyan.autosize.ActivityLifecycleCallbacksImpl,ActivityLifecycleCallbacksImpl/1[me.jessyan.autosize.AutoAdaptStrategy],true,46,3,3,1,2,3,0,9,0,0,1,0,0,0,0,0,0,0,0,0,3,0,1,0,0,0,27,1,0,false
c:\Users\arthur.menezes_evolu\Desktop\Pes\AndroidAutoSize\demo-androidx\src\main\java\me\jessyan\autosize\demo\androidx\CustomFragment3.java,me.jessyan.autosize.demo.androidx.CustomFragment3,"onCreateView/3[me.jessyan.autosize.demo.androidx.LayoutInflater,me.jessyan.autosize.demo.androidx.ViewGroup,me.jessyan.autosize.demo.androidx.Bundle]",false,40,8,2,0,2,1,3,4,1,0,3,3,0,0,0,0,0,0,1,2,0,0,0,0,0,0,13,1,0,false
c:\Users\arthur.menezes_evolu\Desktop\Pes\AndroidAutoSize\demo-androidx\src\main\java\me\jessyan\autosize\demo\androidx\CustomFragment3.java,me.jessyan.autosize.demo.androidx.CustomFragment3,isBaseOnWidth/0,false,49,0,0,0,0,1,0,3,1,0,0,0,0,0,0,0,0,0,0,0,0,0,0,0,0,0,5,1,0,false
c:\Users\arthur.menezes_evolu\Desktop\Pes\AndroidAutoSize\demo-androidx\src\main\java\me\jessyan\autosize\demo\androidx\CustomFragment3.java,me.jessyan.autosize.demo.androidx.CustomFragment3,getSizeInDp/0,false,54,0,0,0,0,1,0,3,1,0,0,0,0,0,0,0,0,0,0,1,0,0,0,0,0,0,4,1,0,false
c:\Users\arthur.menezes_evolu\Desktop\Pes\AndroidAutoSize\demo-androidx\src\main\java\me\jessyan\autosize\demo\androidx\CustomFragment2.java,me.jessyan.autosize.demo.androidx.CustomFragment2,"onCreateView/3[me.jessyan.autosize.demo.androidx.LayoutInflater,me.jessyan.autosize.demo.androidx.ViewGroup,me.jessyan.autosize.demo.androidx.Bundle]",false,40,8,2,0,2,1,3,4,1,0,3,3,0,0,0,0,0,0,1,2,0,0,0,0,0,0,13,1,0,false
c:\Users\arthur.menezes_evolu\Desktop\Pes\AndroidAutoSize\demo-androidx\src\main\java\me\jessyan\autosize\demo\androidx\CustomFragment2.java,me.jessyan.autosize.demo.androidx.CustomFragment2,isBaseOnWidth/0,false,49,0,0,0,0,1,0,3,1,0,0,0,0,0,0,0,0,0,0,0,0,0,0,0,0,0,5,1,0,false
c:\Users\arthur.menezes_evolu\Desktop\Pes\AndroidAutoSize\demo-androidx\src\main\java\me\jessyan\autosize\demo\androidx\CustomFragment2.java,me.jessyan.autosize.demo.androidx.CustomFragment2,getSizeInDp/0,false,54,0,0,0,0,1,0,3,1,0,0,0,0,0,0,0,0,0,0,1,0,0,0,0,0,0,4,1,0,false
c:\Users\arthur.menezes_evolu\Desktop\Pes\AndroidAutoSize\demo-androidx\src\main\java\me\jessyan\autosize\demo\androidx\CustomFragment1.java,me.jessyan.autosize.demo.androidx.CustomFragment1,getSizeInDp/0,false,57,0,0,0,0,1,0,3,1,0,0,0,0,0,0,0,0,0,0,1,0,0,0,0,0,0,4,1,0,false
c:\Users\arthur.menezes_evolu\Desktop\Pes\AndroidAutoSize\demo-androidx\src\main\java\me\jessyan\autosize\demo\androidx\CustomFragment1.java,me.jessyan.autosize.demo.androidx.CustomFragment1,isBaseOnWidth/0,false,52,0,0,0,0,1,0,3,1,0,0,0,0,0,0,0,0,0,0,0,0,0,0,0,0,0,5,1,0,false
c:\Users\arthur.menezes_evolu\Desktop\Pes\AndroidAutoSize\demo-androidx\src\main\java\me\jessyan\autosize\demo\androidx\CustomFragment1.java,me.jessyan.autosize.demo.androidx.CustomFragment1,"createTextView/3[me.jessyan.autosize.demo.androidx.LayoutInflater,java.lang.String,int]",false,61,5,4,3,1,1,8,11,1,2,3,8,0,0,0,0,0,1,0,3,2,0,0,0,0,0,12,9,0,false
c:\Users\arthur.menezes_evolu\Desktop\Pes\AndroidAutoSize\demo-androidx\src\main\java\me\jessyan\autosize\demo\androidx\CustomFragment1.java,me.jessyan.autosize.demo.androidx.CustomFragment1,"onCreateView/3[me.jessyan.autosize.demo.androidx.LayoutInflater,me.jessyan.autosize.demo.androidx.ViewGroup,me.jessyan.autosize.demo.androidx.Bundle]",false,43,8,2,0,2,1,3,4,1,0,3,3,1,1,0,0,0,0,1,2,0,0,0,0,0,0,15,1,0,false
c:\Users\arthur.menezes_evolu\Desktop\Pes\AndroidAutoSize\autosize\src\main\java\me\jessyan\autosize\DisplayMetricsInfo.java,me.jessyan.autosize.DisplayMetricsInfo$Anonymous1,newArray/1[int],false,134,1,0,0,0,1,0,3,1,0,1,0,0,0,0,0,0,0,0,0,0,0,0,0,0,0,3,1,0,false
c:\Users\arthur.menezes_evolu\Desktop\Pes\AndroidAutoSize\autosize\src\main\java\me\jessyan\autosize\DisplayMetricsInfo.java,me.jessyan.autosize.DisplayMetricsInfo$Anonymous1,createFromParcel/1[me.jessyan.autosize.Parcel],false,129,2,1,0,1,1,0,3,1,0,1,0,0,0,0,0,0,0,0,0,0,0,0,0,0,0,7,1,0,false
c:\Users\arthur.menezes_evolu\Desktop\Pes\AndroidAutoSize\autosize\src\main\java\me\jessyan\autosize\utils\ScreenUtils.java,me.jessyan.autosize.utils.ScreenUtils,getStatusBarHeight/0,false,40,0,1,1,0,3,4,13,1,2,0,4,0,0,0,0,1,0,3,2,3,0,2,0,0,0,8,9,0,false
c:\Users\arthur.menezes_evolu\Desktop\Pes\AndroidAutoSize\autosize\src\main\java\me\jessyan\autosize\utils\ScreenUtils.java,me.jessyan.autosize.utils.ScreenUtils,getHeightOfNavigationBar/1[me.jessyan.autosize.utils.Context],false,110,2,2,0,2,3,4,10,2,2,1,4,2,1,0,1,0,0,1,5,2,1,2,0,0,0,12,9,0,false
c:\Users\arthur.menezes_evolu\Desktop\Pes\AndroidAutoSize\autosize\src\main\java\me\jessyan\autosize\utils\ScreenUtils.java,me.jessyan.autosize.utils.ScreenUtils,getScreenSize/1[me.jessyan.autosize.utils.Context],false,59,5,3,3,0,1,3,10,1,4,1,3,0,0,0,0,0,0,0,3,6,0,0,0,0,0,13,9,0,true
c:\Users\arthur.menezes_evolu\Desktop\Pes\AndroidAutoSize\autosize\src\main\java\me\jessyan\autosize\utils\ScreenUtils.java,me.jessyan.autosize.utils.ScreenUtils,getRawScreenSize/1[me.jessyan.autosize.utils.Context],false,78,6,1,1,0,6,5,26,1,7,1,5,0,0,0,0,2,0,3,6,13,0,2,0,0,0,22,9,0,true
c:\Users\arthur.menezes_evolu\Desktop\Pes\AndroidAutoSize\autosize\src\main\java\me\jessyan\autosize\utils\ScreenUtils.java,me.jessyan.autosize.utils.ScreenUtils,ScreenUtils/0,true,36,0,0,0,0,1,0,3,0,0,0,0,0,0,0,0,0,0,1,0,0,0,0,0,0,0,7,2,0,false
c:\Users\arthur.menezes_evolu\Desktop\Pes\AndroidAutoSize\demo\src\main\java\me\jessyan\autosize\demo\FragmentHost.java,me.jessyan.autosize.demo.FragmentHost,isBaseOnWidth/0,false,48,0,0,0,0,1,0,3,1,0,0,0,0,0,0,0,0,0,0,0,0,0,0,0,0,0,5,1,0,false
c:\Users\arthur.menezes_evolu\Desktop\Pes\AndroidAutoSize\demo\src\main\java\me\jessyan\autosize\demo\FragmentHost.java,me.jessyan.autosize.demo.FragmentHost,onCreate/1[me.jessyan.autosize.demo.Bundle],false,33,5,3,0,3,4,7,13,0,0,1,7,0,0,0,3,0,0,0,0,0,0,1,0,0,0,18,4,0,false
c:\Users\arthur.menezes_evolu\Desktop\Pes\AndroidAutoSize\demo\src\main\java\me\jessyan\autosize\demo\FragmentHost.java,me.jessyan.autosize.demo.FragmentHost,getSizeInDp/0,false,53,0,0,0,0,1,0,3,1,0,0,0,0,0,0,0,0,0,0,1,0,0,0,0,0,0,4,1,0,false
c:\Users\arthur.menezes_evolu\Desktop\Pes\AndroidAutoSize\autosize\src\main\java\me\jessyan\autosize\utils\AutoSizeLog.java,me.jessyan.autosize.utils.AutoSizeLog,AutoSizeLog/0,true,31,0,0,0,0,1,0,3,0,0,0,0,0,0,0,0,0,0,1,0,0,0,0,0,0,0,8,2,0,false
c:\Users\arthur.menezes_evolu\Desktop\Pes\AndroidAutoSize\autosize\src\main\java\me\jessyan\autosize\utils\AutoSizeLog.java,me.jessyan.autosize.utils.AutoSizeLog,isDebug/0,false,35,0,0,0,0,1,0,3,1,0,0,0,0,0,0,0,0,0,0,0,0,0,0,0,0,0,3,9,0,false
c:\Users\arthur.menezes_evolu\Desktop\Pes\AndroidAutoSize\autosize\src\main\java\me\jessyan\autosize\utils\AutoSizeLog.java,me.jessyan.autosize.utils.AutoSizeLog,e/1[java.lang.String],false,55,0,0,0,0,2,1,5,0,0,1,1,0,0,0,0,0,0,0,0,0,0,1,0,0,0,3,9,0,false
c:\Users\arthur.menezes_evolu\Desktop\Pes\AndroidAutoSize\autosize\src\main\java\me\jessyan\autosize\utils\AutoSizeLog.java,me.jessyan.autosize.utils.AutoSizeLog,setDebug/1[boolean],false,39,0,1,1,0,1,0,3,0,0,1,0,0,0,0,0,0,0,0,0,1,0,0,0,0,0,3,9,0,false
c:\Users\arthur.menezes_evolu\Desktop\Pes\AndroidAutoSize\autosize\src\main\java\me\jessyan\autosize\utils\AutoSizeLog.java,me.jessyan.autosize.utils.AutoSizeLog,d/1[java.lang.String],false,43,0,8,8,0,2,1,5,0,0,1,1,0,0,0,0,0,0,0,0,0,0,1,0,0,0,3,9,0,false
c:\Users\arthur.menezes_evolu\Desktop\Pes\AndroidAutoSize\autosize\src\main\java\me\jessyan\autosize\utils\AutoSizeLog.java,me.jessyan.autosize.utils.AutoSizeLog,w/1[java.lang.String],false,49,0,1,1,0,2,1,5,0,0,1,1,0,0,0,0,0,0,0,0,0,0,1,0,0,0,3,9,0,false
c:\Users\arthur.menezes_evolu\Desktop\Pes\AndroidAutoSize\demo\src\main\java\me\jessyan\autosize\demo\MainActivity.java,me.jessyan.autosize.demo.MainActivity,goThirdLibraryActivity/1[me.jessyan.autosize.demo.View],false,95,4,0,0,0,1,6,7,0,2,1,6,0,0,0,0,0,0,1,0,2,0,0,0,0,0,14,1,0,true
c:\Users\arthur.menezes_evolu\Desktop\Pes\AndroidAutoSize\demo\src\main\java\me\jessyan\autosize\demo\MainActivity.java,me.jessyan.autosize.demo.MainActivity,onCreate/1[me.jessyan.autosize.demo.Bundle],false,53,1,0,0,0,1,2,4,0,0,1,2,0,0,0,0,0,0,0,0,0,0,0,0,0,0,9,4,0,false
c:\Users\arthur.menezes_evolu\Desktop\Pes\AndroidAutoSize\demo\src\main\java\me\jessyan\autosize\demo\MainActivity.java,me.jessyan.autosize.demo.MainActivity,stop/1[me.jessyan.autosize.demo.View],false,64,2,2,0,2,1,5,4,0,0,1,5,0,0,0,0,0,0,1,0,0,0,0,0,0,0,12,1,0,true
c:\Users\arthur.menezes_evolu\Desktop\Pes\AndroidAutoSize\demo\src\main\java\me\jessyan\autosize\demo\MainActivity.java,me.jessyan.autosize.demo.MainActivity,goCustomAdaptActivity/1[me.jessyan.autosize.demo.View],false,85,3,0,0,0,1,2,3,0,0,1,2,0,0,0,0,0,0,0,0,0,0,0,0,0,0,11,1,0,true
c:\Users\arthur.menezes_evolu\Desktop\Pes\AndroidAutoSize\demo\src\main\java\me\jessyan\autosize\demo\MainActivity.java,me.jessyan.autosize.demo.MainActivity,restart/1[me.jessyan.autosize.demo.View],false,75,2,2,0,2,1,5,4,0,0,1,5,0,0,0,0,0,0,1,0,0,0,0,0,0,0,13,1,0,true
c:\Users\arthur.menezes_evolu\Desktop\Pes\AndroidAutoSize\autosize\src\main\java\me\jessyan\autosize\AutoAdaptStrategy.java,me.jessyan.autosize.AutoAdaptStrategy,"applyAdapt/2[java.lang.Object,me.jessyan.autosize.Activity]",false,35,1,5,5,0,1,0,1,0,0,2,0,0,0,0,0,0,0,0,0,0,0,0,0,0,0,7,0,0,true
c:\Users\arthur.menezes_evolu\Desktop\Pes\AndroidAutoSize\autosize\src\main\java\me\jessyan\autosize\internal\CustomAdapt.java,me.jessyan.autosize.internal.CustomAdapt,isBaseOnWidth/0,false,32,0,2,2,0,1,0,1,0,0,0,0,0,0,0,0,0,0,0,0,0,0,0,0,0,0,6,0,0,true
c:\Users\arthur.menezes_evolu\Desktop\Pes\AndroidAutoSize\autosize\src\main\java\me\jessyan\autosize\internal\CustomAdapt.java,me.jessyan.autosize.internal.CustomAdapt,getSizeInDp/0,false,39,0,2,2,0,1,0,1,0,0,0,0,0,0,0,0,0,0,0,0,0,0,0,0,0,0,9,0,0,true
c:\Users\arthur.menezes_evolu\Desktop\Pes\AndroidAutoSize\autosize\src\main\java\me\jessyan\autosize\AutoSize.java,me.jessyan.autosize.AutoSize,"setScreenSizeDp/3[me.jessyan.autosize.Activity,int,int]",false,346,5,9,3,6,3,8,8,0,2,3,8,1,0,0,0,0,0,0,0,2,0,1,0,0,0,11,10,0,true
c:\Users\arthur.menezes_evolu\Desktop\Pes\AndroidAutoSize\autosize\src\main\java\me\jessyan\autosize\AutoSize.java,me.jessyan.autosize.AutoSize,"setScreenSizeDp/3[me.jessyan.autosize.Configuration,int,int]",false,363,1,0,0,0,1,0,4,0,0,3,0,0,0,0,0,0,0,0,0,2,0,0,0,0,0,9,10,0,true
c:\Users\arthur.menezes_evolu\Desktop\Pes\AndroidAutoSize\autosize\src\main\java\me\jessyan\autosize\AutoSize.java,me.jessyan.autosize.AutoSize,autoConvertDensityOfGlobal/1[me.jessyan.autosize.Activity],false,94,3,7,1,6,2,6,8,0,0,1,6,2,4,0,0,0,0,0,0,0,0,1,0,0,0,16,9,0,true
c:\Users\arthur.menezes_evolu\Desktop\Pes\AndroidAutoSize\autosize\src\main\java\me\jessyan\autosize\AutoSize.java,me.jessyan.autosize.AutoSize,"autoConvertDensityBaseOnWidth/2[me.jessyan.autosize.Activity,float]",false,150,2,2,1,1,1,1,3,0,0,2,1,1,3,0,0,0,0,0,0,0,0,0,0,0,0,11,9,0,true
c:\Users\arthur.menezes_evolu\Desktop\Pes\AndroidAutoSize\autosize\src\main\java\me\jessyan\autosize\AutoSize.java,me.jessyan.autosize.AutoSize,"autoConvertDensityBaseOnHeight/2[me.jessyan.autosize.Activity,float]",false,160,2,2,1,1,1,1,3,0,0,2,1,1,3,0,0,0,0,0,0,0,0,0,0,0,0,11,9,0,true
c:\Users\arthur.menezes_evolu\Desktop\Pes\AndroidAutoSize\autosize\src\main\java\me\jessyan\autosize\AutoSize.java,me.jessyan.autosize.AutoSize,cancelAdapt/1[me.jessyan.autosize.Activity],false,248,5,14,2,12,3,12,15,0,1,1,12,2,2,0,0,0,0,0,2,3,2,1,0,0,0,12,9,0,true
c:\Users\arthur.menezes_evolu\Desktop\Pes\AndroidAutoSize\autosize\src\main\java\me\jessyan\autosize\AutoSize.java,me.jessyan.autosize.AutoSize,initCompatMultiProcess/1[me.jessyan.autosize.Context],false,275,1,2,2,0,1,4,3,0,0,1,4,0,0,0,0,0,0,2,0,0,1,0,0,0,0,8,9,0,true
c:\Users\arthur.menezes_evolu\Desktop\Pes\AndroidAutoSize\autosize\src\main\java\me\jessyan\autosize\AutoSize.java,me.jessyan.autosize.AutoSize,checkInit/0,false,68,1,3,1,2,2,2,3,1,0,0,2,0,0,0,1,0,0,0,1,0,0,0,0,0,0,7,9,0,true
c:\Users\arthur.menezes_evolu\Desktop\Pes\AndroidAutoSize\autosize\src\main\java\me\jessyan\autosize\AutoSize.java,me.jessyan.autosize.AutoSize,getMetricsOnMiui/1[me.jessyan.autosize.Resources],false,375,3,4,1,3,4,4,11,3,0,1,4,0,0,0,1,1,0,0,0,0,0,2,0,0,0,30,10,0,true
c:\Users\arthur.menezes_evolu\Desktop\Pes\AndroidAutoSize\autosize\src\main\java\me\jessyan\autosize\AutoSize.java,me.jessyan.autosize.AutoSize,"autoConvertDensityOfCustomAdapt/2[me.jessyan.autosize.Activity,me.jessyan.autosize.internal.CustomAdapt]",false,108,5,8,1,7,3,7,13,0,1,2,7,1,3,0,0,0,0,1,1,3,0,2,0,0,0,13,9,0,true
c:\Users\arthur.menezes_evolu\Desktop\Pes\AndroidAutoSize\autosize\src\main\java\me\jessyan\autosize\AutoSize.java,me.jessyan.autosize.AutoSize,AutoSize/0,true,59,0,0,0,0,1,0,3,0,0,0,0,0,0,0,0,0,0,1,0,0,0,0,0,0,0,7,2,0,false
c:\Users\arthur.menezes_evolu\Desktop\Pes\AndroidAutoSize\autosize\src\main\java\me\jessyan\autosize\AutoSize.java,me.jessyan.autosize.AutoSize,"autoConvertDensity/3[me.jessyan.autosize.Activity,float,boolean]",false,176,7,33,10,23,13,29,53,0,11,3,29,2,2,0,1,0,8,6,13,27,17,2,0,0,0,57,9,0,true
c:\Users\arthur.menezes_evolu\Desktop\Pes\AndroidAutoSize\autosize\src\main\java\me\jessyan\autosize\AutoSize.java,me.jessyan.autosize.AutoSize,checkAndInit/1[me.jessyan.autosize.Application],false,80,3,4,0,4,2,5,5,0,0,1,5,1,1,0,0,0,0,0,0,0,0,1,0,0,0,12,9,0,true
c:\Users\arthur.menezes_evolu\Desktop\Pes\AndroidAutoSize\autosize\src\main\java\me\jessyan\autosize\AutoSize.java,me.jessyan.autosize.AutoSize,"setDensity/5[me.jessyan.autosize.Activity,float,int,float,float]",false,288,4,7,3,4,3,6,14,0,4,5,6,2,1,0,2,0,0,0,0,4,0,1,0,0,0,18,10,0,true
c:\Users\arthur.menezes_evolu\Desktop\Pes\AndroidAutoSize\autosize\src\main\java\me\jessyan\autosize\AutoSize.java,me.jessyan.autosize.AutoSize,"setDensity/5[me.jessyan.autosize.DisplayMetrics,float,int,float,float]",false,315,3,5,0,5,7,5,23,0,0,5,5,0,0,0,0,0,0,0,2,6,2,1,0,0,0,10,10,0,true
c:\Users\arthur.menezes_evolu\Desktop\Pes\AndroidAutoSize\autosize\src\main\java\me\jessyan\autosize\AutoSize.java,me.jessyan.autosize.AutoSize,"autoConvertDensityOfExternalAdaptInfo/2[me.jessyan.autosize.Activity,me.jessyan.autosize.external.ExternalAdaptInfo]",false,129,5,8,1,7,3,7,13,0,1,2,7,1,3,0,0,0,0,1,1,3,0,2,0,0,0,14,9,0,true
c:\Users\arthur.menezes_evolu\Desktop\Pes\AndroidAutoSize\autosize\src\main\java\me\jessyan\autosize\AutoSizeConfig.java,me.jessyan.autosize.AutoSizeConfig$Anonymous2,run/0,false,694,2,0,0,0,6,6,18,0,2,0,6,0,0,0,2,1,0,0,0,4,0,3,0,0,0,28,1,0,false
c:\Users\arthur.menezes_evolu\Desktop\Pes\AndroidAutoSize\autosize\src\main\java\me\jessyan\autosize\AutoSizeConfig.java,me.jessyan.autosize.AutoSizeConfig$Anonymous1,onLowMemory/0,false,276,0,0,0,0,1,0,2,0,0,0,0,0,0,0,0,0,0,0,0,0,0,0,0,0,0,3,1,0,false
c:\Users\arthur.menezes_evolu\Desktop\Pes\AndroidAutoSize\autosize\src\main\java\me\jessyan\autosize\AutoSizeConfig.java,me.jessyan.autosize.AutoSizeConfig$Anonymous1,onConfigurationChanged/1[me.jessyan.autosize.Configuration],false,261,4,2,0,2,3,4,12,0,1,1,4,0,0,0,2,0,0,2,3,5,1,2,0,0,0,18,1,0,false
c:\Users\arthur.menezes_evolu\Desktop\Pes\AndroidAutoSize\demo\src\main\java\me\jessyan\autosize\demo\BaseApplication.java,me.jessyan.autosize.demo.BaseApplication,onCreate/0,false,53,4,6,0,6,1,6,14,0,0,0,6,1,1,0,0,0,0,0,0,0,0,0,1,0,0,13,1,0,false
c:\Users\arthur.menezes_evolu\Desktop\Pes\AndroidAutoSize\demo\src\main\java\me\jessyan\autosize\demo\BaseApplication.java,me.jessyan.autosize.demo.BaseApplication,customAdaptForExternal/0,false,125,4,5,1,4,1,3,3,0,0,0,3,0,0,0,0,0,0,0,1,0,0,0,0,0,0,8,2,0,true
c:\Users\arthur.menezes_evolu\Desktop\Pes\AndroidAutoSize\autosize\src\main\java\me\jessyan\autosize\external\ExternalAdaptManager.java,me.jessyan.autosize.external.ExternalAdaptManager,isCancelAdapt/1[java.lang.Class<?>],false,101,1,2,1,1,2,3,7,2,0,1,3,0,0,0,1,0,0,1,0,0,0,1,0,0,0,12,33,0,true
c:\Users\arthur.menezes_evolu\Desktop\Pes\AndroidAutoSize\autosize\src\main\java\me\jessyan\autosize\external\ExternalAdaptManager.java,me.jessyan.autosize.external.ExternalAdaptManager,getExternalAdaptInfoOfActivity/1[java.lang.Class<?>],false,115,2,2,1,1,2,3,7,2,0,1,3,0,0,0,1,0,0,1,0,0,0,1,0,0,0,12,33,0,true
c:\Users\arthur.menezes_evolu\Desktop\Pes\AndroidAutoSize\autosize\src\main\java\me\jessyan\autosize\external\ExternalAdaptManager.java,me.jessyan.autosize.external.ExternalAdaptManager,setRun/1[boolean],false,137,1,0,0,0,1,0,4,1,0,1,0,0,0,0,0,0,0,0,0,1,0,0,0,0,0,9,1,0,true
c:\Users\arthur.menezes_evolu\Desktop\Pes\AndroidAutoSize\autosize\src\main\java\me\jessyan\autosize\external\ExternalAdaptManager.java,me.jessyan.autosize.external.ExternalAdaptManager,addCancelAdaptOfActivity/1[java.lang.Class<?>],false,53,2,1,0,1,3,3,11,1,0,1,3,0,0,0,1,0,0,1,0,2,0,1,0,0,0,16,33,0,true
c:\Users\arthur.menezes_evolu\Desktop\Pes\AndroidAutoSize\autosize\src\main\java\me\jessyan\autosize\external\ExternalAdaptManager.java,me.jessyan.autosize.external.ExternalAdaptManager,isRun/0,false,128,0,1,1,0,1,0,3,1,0,0,0,0,0,0,0,0,0,0,0,0,0,0,0,0,0,4,1,0,true
c:\Users\arthur.menezes_evolu\Desktop\Pes\AndroidAutoSize\autosize\src\main\java\me\jessyan\autosize\external\ExternalAdaptManager.java,me.jessyan.autosize.external.ExternalAdaptManager,"addExternalAdaptInfoOfActivity/2[java.lang.Class<?>,me.jessyan.autosize.external.ExternalAdaptInfo]",false,83,3,2,1,1,3,3,11,1,0,2,3,0,0,0,1,0,0,1,1,2,0,1,0,0,0,21,33,0,true
c:\Users\arthur.menezes_evolu\Desktop\Pes\AndroidAutoSize\autosize\src\main\java\me\jessyan\autosize\utils\Preconditions.java,me.jessyan.autosize.utils.Preconditions,"checkPositionIndexes/3[int,int,int]",false,149,1,1,0,1,4,1,5,0,0,3,1,1,3,0,0,0,0,0,1,0,0,1,0,0,0,12,9,0,false
c:\Users\arthur.menezes_evolu\Desktop\Pes\AndroidAutoSize\autosize\src\main\java\me\jessyan\autosize\utils\Preconditions.java,me.jessyan.autosize.utils.Preconditions,checkArgument/1[boolean],false,33,0,0,0,0,2,0,5,0,0,1,0,0,0,0,0,0,0,0,0,0,0,1,0,0,0,5,9,0,false
c:\Users\arthur.menezes_evolu\Desktop\Pes\AndroidAutoSize\autosize\src\main\java\me\jessyan\autosize\utils\Preconditions.java,me.jessyan.autosize.utils.Preconditions,checkNotNull/1[T],false,69,1,0,0,0,2,0,8,1,0,1,0,0,0,0,1,0,0,0,0,0,0,1,0,0,0,8,9,0,false
c:\Users\arthur.menezes_evolu\Desktop\Pes\AndroidAutoSize\autosize\src\main\java\me\jessyan\autosize\utils\Preconditions.java,me.jessyan.autosize.utils.Preconditions,Preconditions/0,true,29,0,0,0,0,1,0,3,0,0,0,0,0,0,0,0,0,0,1,0,0,0,0,0,0,0,6,2,0,false
c:\Users\arthur.menezes_evolu\Desktop\Pes\AndroidAutoSize\autosize\src\main\java\me\jessyan\autosize\utils\Preconditions.java,me.jessyan.autosize.utils.Preconditions,"checkNotNull/3[T,java.lang.String,java.lang.Object[]]",false,85,2,1,0,1,2,1,8,1,0,3,1,1,1,0,1,0,0,0,0,0,0,1,0,0,0,12,9,0,false
c:\Users\arthur.menezes_evolu\Desktop\Pes\AndroidAutoSize\autosize\src\main\java\me\jessyan\autosize\utils\Preconditions.java,me.jessyan.autosize.utils.Preconditions,"checkElementIndex/3[int,int,java.lang.String]",false,97,1,2,1,1,3,1,8,1,0,3,1,1,2,0,0,0,0,0,1,0,0,1,0,0,0,11,9,0,false
c:\Users\arthur.menezes_evolu\Desktop\Pes\AndroidAutoSize\autosize\src\main\java\me\jessyan\autosize\utils\Preconditions.java,me.jessyan.autosize.utils.Preconditions,"checkPositionIndex/3[int,int,java.lang.String]",false,131,1,2,1,1,3,1,8,1,0,3,1,1,2,0,0,0,0,0,1,0,0,1,0,0,0,11,9,0,false
c:\Users\arthur.menezes_evolu\Desktop\Pes\AndroidAutoSize\autosize\src\main\java\me\jessyan\autosize\utils\Preconditions.java,me.jessyan.autosize.utils.Preconditions,"badPositionIndex/3[int,int,java.lang.String]",false,139,1,3,2,1,3,5,11,2,0,3,5,1,1,0,0,0,1,3,3,0,0,1,0,0,0,17,10,0,false
c:\Users\arthur.menezes_evolu\Desktop\Pes\AndroidAutoSize\autosize\src\main\java\me\jessyan\autosize\utils\Preconditions.java,me.jessyan.autosize.utils.Preconditions,"checkState/3[boolean,java.lang.String,java.lang.Object[]]",false,63,1,1,0,1,2,1,5,0,0,3,1,1,1,0,0,0,0,0,0,0,0,1,0,0,0,9,9,0,false
c:\Users\arthur.menezes_evolu\Desktop\Pes\AndroidAutoSize\autosize\src\main\java\me\jessyan\autosize\utils\Preconditions.java,me.jessyan.autosize.utils.Preconditions,"checkState/2[boolean,java.lang.Object]",false,57,0,0,0,0,2,1,5,0,0,2,1,0,0,0,0,0,0,0,0,0,0,1,0,0,0,7,9,0,false
c:\Users\arthur.menezes_evolu\Desktop\Pes\AndroidAutoSize\autosize\src\main\java\me\jessyan\autosize\utils\Preconditions.java,me.jessyan.autosize.utils.Preconditions,checkMainThread/0,false,111,0,4,4,0,2,2,5,0,0,0,2,0,0,0,1,0,0,1,0,0,0,1,0,0,0,16,9,0,true
c:\Users\arthur.menezes_evolu\Desktop\Pes\AndroidAutoSize\autosize\src\main\java\me\jessyan\autosize\utils\Preconditions.java,me.jessyan.autosize.utils.Preconditions,"badPositionIndexes/3[int,int,int]",false,155,1,3,1,2,5,3,3,1,0,3,3,2,2,0,0,0,1,3,2,0,0,0,0,0,0,14,10,0,false
c:\Users\arthur.menezes_evolu\Desktop\Pes\AndroidAutoSize\autosize\src\main\java\me\jessyan\autosize\utils\Preconditions.java,me.jessyan.autosize.utils.Preconditions,"checkArgument/2[boolean,java.lang.Object]",false,39,0,10,10,0,2,1,5,0,0,2,1,0,0,0,0,0,0,0,0,0,0,1,0,0,0,7,9,0,false
c:\Users\arthur.menezes_evolu\Desktop\Pes\AndroidAutoSize\autosize\src\main\java\me\jessyan\autosize\utils\Preconditions.java,me.jessyan.autosize.utils.Preconditions,checkState/1[boolean],false,51,0,0,0,0,2,0,5,0,0,1,0,0,0,0,0,0,0,0,0,0,0,1,0,0,0,5,9,0,false
c:\Users\arthur.menezes_evolu\Desktop\Pes\AndroidAutoSize\autosize\src\main\java\me\jessyan\autosize\utils\Preconditions.java,me.jessyan.autosize.utils.Preconditions,"badElementIndex/3[int,int,java.lang.String]",false,117,1,2,1,1,3,5,11,2,0,3,5,1,1,0,0,0,1,3,3,0,0,1,0,0,0,17,10,0,false
c:\Users\arthur.menezes_evolu\Desktop\Pes\AndroidAutoSize\autosize\src\main\java\me\jessyan\autosize\utils\Preconditions.java,me.jessyan.autosize.utils.Preconditions,"format/2[java.lang.String,java.lang.Object[]]",false,159,0,6,6,0,5,9,26,1,4,2,9,0,0,2,1,0,0,3,5,6,3,2,0,0,0,9,8,0,false
c:\Users\arthur.menezes_evolu\Desktop\Pes\AndroidAutoSize\autosize\src\main\java\me\jessyan\autosize\utils\Preconditions.java,me.jessyan.autosize.utils.Preconditions,"checkElementIndex/2[int,int]",false,93,1,1,0,1,1,1,3,1,0,2,1,1,3,0,0,0,0,1,0,0,0,0,0,0,0,4,9,0,false
c:\Users\arthur.menezes_evolu\Desktop\Pes\AndroidAutoSize\autosize\src\main\java\me\jessyan\autosize\utils\Preconditions.java,me.jessyan.autosize.utils.Preconditions,"checkNotNull/2[T,java.lang.Object]",false,77,1,0,0,0,2,1,8,1,0,2,1,0,0,0,1,0,0,0,0,0,0,1,0,0,0,10,9,0,false
c:\Users\arthur.menezes_evolu\Desktop\Pes\AndroidAutoSize\autosize\src\main\java\me\jessyan\autosize\utils\Preconditions.java,me.jessyan.autosize.utils.Preconditions,"checkArgument/3[boolean,java.lang.String,java.lang.Object[]]",false,45,1,1,0,1,2,1,5,0,0,3,1,1,1,0,0,0,0,0,0,0,0,1,0,0,0,9,9,0,false
c:\Users\arthur.menezes_evolu\Desktop\Pes\AndroidAutoSize\autosize\src\main\java\me\jessyan\autosize\utils\Preconditions.java,me.jessyan.autosize.utils.Preconditions,"checkPositionIndex/2[int,int]",false,127,1,1,0,1,1,1,3,1,0,2,1,1,3,0,0,0,0,1,0,0,0,0,0,0,0,4,9,0,false
c:\Users\arthur.menezes_evolu\Desktop\Pes\AndroidAutoSize\autosize\src\main\java\me\jessyan\autosize\FragmentLifecycleCallbacksImplToAndroidx.java,me.jessyan.autosize.FragmentLifecycleCallbacksImplToAndroidx,"onFragmentCreated/3[me.jessyan.autosize.FragmentManager,me.jessyan.autosize.Fragment,me.jessyan.autosize.Bundle]",false,43,4,1,0,1,2,2,5,0,0,3,2,0,0,0,1,0,0,0,0,0,0,1,0,0,0,12,1,0,false
c:\Users\arthur.menezes_evolu\Desktop\Pes\AndroidAutoSize\autosize\src\main\java\me\jessyan\autosize\FragmentLifecycleCallbacksImplToAndroidx.java,me.jessyan.autosize.FragmentLifecycleCallbacksImplToAndroidx,setAutoAdaptStrategy/1[me.jessyan.autosize.AutoAdaptStrategy],false,54,1,1,1,0,1,0,3,0,0,1,0,0,0,0,0,0,0,0,0,1,0,0,0,0,0,6,1,0,true
c:\Users\arthur.menezes_evolu\Desktop\Pes\AndroidAutoSize\autosize\src\main\java\me\jessyan\autosize\FragmentLifecycleCallbacksImplToAndroidx.java,me.jessyan.autosize.FragmentLifecycleCallbacksImplToAndroidx,FragmentLifecycleCallbacksImplToAndroidx/1[me.jessyan.autosize.AutoAdaptStrategy],true,38,1,1,1,0,1,0,3,0,0,1,0,0,0,0,0,0,0,0,0,1,0,0,0,0,0,11,1,0,false
c:\Users\arthur.menezes_evolu\Desktop\Pes\AndroidAutoSize\demo-androidx\src\main\java\me\jessyan\autosize\demo\androidx\BaseApplication.java,me.jessyan.autosize.demo.androidx.BaseApplication,onCreate/0,false,49,3,5,0,5,1,5,13,0,0,0,5,0,0,0,0,0,0,0,0,0,0,0,1,0,0,10,1,0,false
c:\Users\arthur.menezes_evolu\Desktop\Pes\AndroidAutoSize\demo-androidx\src\main\java\me\jessyan\autosize\demo\androidx\FragmentHost.java,me.jessyan.autosize.demo.androidx.FragmentHost,onCreate/1[me.jessyan.autosize.demo.androidx.Bundle],false,33,5,3,0,3,4,7,13,0,0,1,7,0,0,0,3,0,0,0,0,0,0,1,0,0,0,18,4,0,false
c:\Users\arthur.menezes_evolu\Desktop\Pes\AndroidAutoSize\demo-androidx\src\main\java\me\jessyan\autosize\demo\androidx\FragmentHost.java,me.jessyan.autosize.demo.androidx.FragmentHost,isBaseOnWidth/0,false,48,0,0,0,0,1,0,3,1,0,0,0,0,0,0,0,0,0,0,0,0,0,0,0,0,0,5,1,0,false
c:\Users\arthur.menezes_evolu\Desktop\Pes\AndroidAutoSize\demo-androidx\src\main\java\me\jessyan\autosize\demo\androidx\FragmentHost.java,me.jessyan.autosize.demo.androidx.FragmentHost,getSizeInDp/0,false,53,0,0,0,0,1,0,3,1,0,0,0,0,0,0,0,0,0,0,1,0,0,0,0,0,0,4,1,0,false
c:\Users\arthur.menezes_evolu\Desktop\Pes\AndroidAutoSize\demo\src\main\java\me\jessyan\autosize\demo\BaseApplication.java,me.jessyan.autosize.demo.BaseApplication$Anonymous1,"onAdaptAfter/2[java.lang.Object,me.jessyan.autosize.demo.Activity]",false,97,2,1,0,1,1,4,3,0,0,2,4,0,0,0,0,0,0,1,0,0,0,0,0,0,0,5,1,0,false
c:\Users\arthur.menezes_evolu\Desktop\Pes\AndroidAutoSize\demo\src\main\java\me\jessyan\autosize\demo\BaseApplication.java,me.jessyan.autosize.demo.BaseApplication$Anonymous1,"onAdaptBefore/2[java.lang.Object,me.jessyan.autosize.demo.Activity]",false,86,2,1,0,1,1,4,3,0,0,2,4,0,0,0,0,0,0,1,0,0,0,0,0,0,0,5,1,0,false
c:\Users\arthur.menezes_evolu\Desktop\Pes\AndroidAutoSize\demo-androidx\src\main\java\me\jessyan\autosize\demo\androidx\MainActivity.java,me.jessyan.autosize.demo.androidx.MainActivity,onCreate/1[me.jessyan.autosize.demo.androidx.Bundle],false,51,1,0,0,0,1,2,4,0,0,1,2,0,0,0,0,0,0,0,0,0,0,0,0,0,0,9,4,0,false
c:\Users\arthur.menezes_evolu\Desktop\Pes\AndroidAutoSize\demo-androidx\src\main\java\me\jessyan\autosize\demo\androidx\MainActivity.java,me.jessyan.autosize.demo.androidx.MainActivity,restart/1[me.jessyan.autosize.demo.androidx.View],false,73,2,2,0,2,1,5,4,0,0,1,5,0,0,0,0,0,0,1,0,0,0,0,0,0,0,13,1,0,true
c:\Users\arthur.menezes_evolu\Desktop\Pes\AndroidAutoSize\demo-androidx\src\main\java\me\jessyan\autosize\demo\androidx\MainActivity.java,me.jessyan.autosize.demo.androidx.MainActivity,goCustomAdaptActivity/1[me.jessyan.autosize.demo.androidx.View],false,83,3,0,0,0,1,2,3,0,0,1,2,0,0,0,0,0,0,0,0,0,0,0,0,0,0,11,1,0,true
c:\Users\arthur.menezes_evolu\Desktop\Pes\AndroidAutoSize\demo-androidx\src\main\java\me\jessyan\autosize\demo\androidx\MainActivity.java,me.jessyan.autosize.demo.androidx.MainActivity,stop/1[me.jessyan.autosize.demo.androidx.View],false,62,2,2,0,2,1,5,4,0,0,1,5,0,0,0,0,0,0,1,0,0,0,0,0,0,0,12,1,0,true
c:\Users\arthur.menezes_evolu\Desktop\Pes\AndroidAutoSize\autosize\src\main\java\me\jessyan\autosize\AutoSizeCompat.java,me.jessyan.autosize.AutoSizeCompat,"autoConvertDensity/3[me.jessyan.autosize.Resources,float,boolean]",false,137,6,26,4,22,11,24,52,0,11,3,24,2,2,0,1,0,8,1,13,27,17,2,0,0,0,54,9,0,true
c:\Users\arthur.menezes_evolu\Desktop\Pes\AndroidAutoSize\autosize\src\main\java\me\jessyan\autosize\AutoSizeCompat.java,me.jessyan.autosize.AutoSizeCompat,"autoConvertDensityBaseOnHeight/2[me.jessyan.autosize.Resources,float]",false,121,2,2,1,1,1,1,3,0,0,2,1,1,3,0,0,0,0,0,0,0,0,0,0,0,0,11,9,0,true
c:\Users\arthur.menezes_evolu\Desktop\Pes\AndroidAutoSize\autosize\src\main\java\me\jessyan\autosize\AutoSizeCompat.java,me.jessyan.autosize.AutoSizeCompat,getMetricsOnMiui/1[me.jessyan.autosize.Resources],false,321,3,4,1,3,4,4,11,3,0,1,4,0,0,0,1,1,0,0,0,0,0,2,0,0,0,30,10,0,true
c:\Users\arthur.menezes_evolu\Desktop\Pes\AndroidAutoSize\autosize\src\main\java\me\jessyan\autosize\AutoSizeCompat.java,me.jessyan.autosize.AutoSizeCompat,"setDensity/5[me.jessyan.autosize.DisplayMetrics,float,int,float,float]",false,261,3,5,0,5,7,5,23,0,0,5,5,0,0,0,0,0,0,0,2,6,2,1,0,0,0,10,10,0,true
c:\Users\arthur.menezes_evolu\Desktop\Pes\AndroidAutoSize\autosize\src\main\java\me\jessyan\autosize\AutoSizeCompat.java,me.jessyan.autosize.AutoSizeCompat,"autoConvertDensityOfCustomAdapt/2[me.jessyan.autosize.Resources,me.jessyan.autosize.internal.CustomAdapt]",false,69,5,7,0,7,3,7,13,0,1,2,7,1,3,0,0,0,0,1,1,3,0,2,0,0,0,14,9,0,true
c:\Users\arthur.menezes_evolu\Desktop\Pes\AndroidAutoSize\autosize\src\main\java\me\jessyan\autosize\AutoSizeCompat.java,me.jessyan.autosize.AutoSizeCompat,"autoConvertDensityOfExternalAdaptInfo/2[me.jessyan.autosize.Resources,me.jessyan.autosize.external.ExternalAdaptInfo]",false,90,5,7,0,7,3,7,13,0,1,2,7,1,3,0,0,0,0,1,1,3,0,2,0,0,0,15,9,0,true
c:\Users\arthur.menezes_evolu\Desktop\Pes\AndroidAutoSize\autosize\src\main\java\me\jessyan\autosize\AutoSizeCompat.java,me.jessyan.autosize.AutoSizeCompat,"setDensity/5[me.jessyan.autosize.Resources,float,int,float,float]",false,234,4,7,3,4,3,6,14,0,4,5,6,2,1,0,2,0,0,0,0,4,0,1,0,0,0,19,10,0,true
c:\Users\arthur.menezes_evolu\Desktop\Pes\AndroidAutoSize\autosize\src\main\java\me\jessyan\autosize\AutoSizeCompat.java,me.jessyan.autosize.AutoSizeCompat,AutoSizeCompat/0,true,46,0,0,0,0,1,0,3,0,0,0,0,0,0,0,0,0,0,1,0,0,0,0,0,0,0,8,2,0,false
c:\Users\arthur.menezes_evolu\Desktop\Pes\AndroidAutoSize\autosize\src\main\java\me\jessyan\autosize\AutoSizeCompat.java,me.jessyan.autosize.AutoSizeCompat,autoConvertDensityOfGlobal/1[me.jessyan.autosize.Resources],false,55,3,6,0,6,2,6,8,0,0,1,6,2,4,0,0,0,0,0,0,0,0,1,0,0,0,16,9,0,true
c:\Users\arthur.menezes_evolu\Desktop\Pes\AndroidAutoSize\autosize\src\main\java\me\jessyan\autosize\AutoSizeCompat.java,me.jessyan.autosize.AutoSizeCompat,cancelAdapt/1[me.jessyan.autosize.Resources],false,204,5,12,0,12,3,12,15,0,1,1,12,2,2,0,0,0,0,0,2,3,2,1,0,0,0,12,9,0,true
c:\Users\arthur.menezes_evolu\Desktop\Pes\AndroidAutoSize\autosize\src\main\java\me\jessyan\autosize\AutoSizeCompat.java,me.jessyan.autosize.AutoSizeCompat,"autoConvertDensityBaseOnWidth/2[me.jessyan.autosize.Resources,float]",false,111,2,2,1,1,1,1,3,0,0,2,1,1,3,0,0,0,0,0,0,0,0,0,0,0,0,11,9,0,true
c:\Users\arthur.menezes_evolu\Desktop\Pes\AndroidAutoSize\autosize\src\main\java\me\jessyan\autosize\AutoSizeCompat.java,me.jessyan.autosize.AutoSizeCompat,"setScreenSizeDp/3[me.jessyan.autosize.Configuration,int,int]",false,309,1,0,0,0,1,0,4,0,0,3,0,0,0,0,0,0,0,0,0,2,0,0,0,0,0,9,10,0,true
c:\Users\arthur.menezes_evolu\Desktop\Pes\AndroidAutoSize\autosize\src\main\java\me\jessyan\autosize\AutoSizeCompat.java,me.jessyan.autosize.AutoSizeCompat,"setScreenSizeDp/3[me.jessyan.autosize.Resources,int,int]",false,292,5,9,3,6,3,8,8,0,2,3,8,1,0,0,0,0,0,0,0,2,0,1,0,0,0,12,10,0,true
c:\Users\arthur.menezes_evolu\Desktop\Pes\AndroidAutoSize\demo-subunits\src\test\java\me\jessyan\autosize\demo\ExampleUnitTest.java,ExampleUnitTest,addition_isCorrect/0,false,14,1,0,0,0,1,1,3,0,0,0,1,0,0,0,0,0,0,0,3,0,1,0,0,0,0,5,1,0,false
c:\Users\arthur.menezes_evolu\Desktop\Pes\AndroidAutoSize\autosize\src\main\java\me\jessyan\autosize\DisplayMetricsInfo.java,me.jessyan.autosize.DisplayMetricsInfo,getDensity/0,false,55,0,2,2,0,1,0,3,1,0,0,0,0,0,0,0,0,0,0,0,0,0,0,0,0,0,3,1,0,false
c:\Users\arthur.menezes_evolu\Desktop\Pes\AndroidAutoSize\autosize\src\main\java\me\jessyan\autosize\DisplayMetricsInfo.java,me.jessyan.autosize.DisplayMetricsInfo,setDensityDpi/1[int],false,67,0,0,0,0,1,0,3,0,0,1,0,0,0,0,0,0,0,0,0,1,0,0,0,0,0,4,1,0,false
c:\Users\arthur.menezes_evolu\Desktop\Pes\AndroidAutoSize\autosize\src\main\java\me\jessyan\autosize\DisplayMetricsInfo.java,me.jessyan.autosize.DisplayMetricsInfo,"DisplayMetricsInfo/4[float,int,float,float]",true,39,0,0,0,0,1,0,6,0,0,4,0,0,0,0,0,0,0,0,0,4,0,0,0,0,0,8,1,0,false
c:\Users\arthur.menezes_evolu\Desktop\Pes\AndroidAutoSize\autosize\src\main\java\me\jessyan\autosize\DisplayMetricsInfo.java,me.jessyan.autosize.DisplayMetricsInfo,getScreenHeightDp/0,false,95,0,2,2,0,1,0,3,1,0,0,0,0,0,0,0,0,0,0,0,0,0,0,0,0,0,5,1,0,false
c:\Users\arthur.menezes_evolu\Desktop\Pes\AndroidAutoSize\autosize\src\main\java\me\jessyan\autosize\DisplayMetricsInfo.java,me.jessyan.autosize.DisplayMetricsInfo,toString/0,false,140,0,0,0,0,1,0,3,1,0,0,0,0,0,0,0,0,0,7,0,0,2,0,0,0,0,11,1,0,false
c:\Users\arthur.menezes_evolu\Desktop\Pes\AndroidAutoSize\autosize\src\main\java\me\jessyan\autosize\DisplayMetricsInfo.java,me.jessyan.autosize.DisplayMetricsInfo,getDensityDpi/0,false,63,0,2,2,0,1,0,3,1,0,0,0,0,0,0,0,0,0,0,0,0,0,0,0,0,0,4,1,0,false
c:\Users\arthur.menezes_evolu\Desktop\Pes\AndroidAutoSize\autosize\src\main\java\me\jessyan\autosize\DisplayMetricsInfo.java,me.jessyan.autosize.DisplayMetricsInfo,getScaledDensity/0,false,71,0,2,2,0,1,0,3,1,0,0,0,0,0,0,0,0,0,0,0,0,0,0,0,0,0,4,1,0,false
c:\Users\arthur.menezes_evolu\Desktop\Pes\AndroidAutoSize\autosize\src\main\java\me\jessyan\autosize\DisplayMetricsInfo.java,me.jessyan.autosize.DisplayMetricsInfo,setScaledDensity/1[float],false,75,0,0,0,0,1,0,3,0,0,1,0,0,0,0,0,0,0,0,0,1,0,0,0,0,0,4,1,0,false
c:\Users\arthur.menezes_evolu\Desktop\Pes\AndroidAutoSize\autosize\src\main\java\me\jessyan\autosize\DisplayMetricsInfo.java,me.jessyan.autosize.DisplayMetricsInfo,getScreenWidthDp/0,false,87,0,2,2,0,1,0,3,1,0,0,0,0,0,0,0,0,0,0,0,0,0,0,0,0,0,5,1,0,false
c:\Users\arthur.menezes_evolu\Desktop\Pes\AndroidAutoSize\autosize\src\main\java\me\jessyan\autosize\DisplayMetricsInfo.java,me.jessyan.autosize.DisplayMetricsInfo,"writeToParcel/2[me.jessyan.autosize.Parcel,int]",false,109,1,0,0,0,1,2,8,0,0,2,2,0,0,0,0,0,0,0,0,0,0,0,0,0,0,4,1,0,false
c:\Users\arthur.menezes_evolu\Desktop\Pes\AndroidAutoSize\autosize\src\main\java\me\jessyan\autosize\DisplayMetricsInfo.java,me.jessyan.autosize.DisplayMetricsInfo,describeContents/0,false,104,0,0,0,0,1,0,3,1,0,0,0,0,0,0,0,0,0,0,1,0,0,0,0,0,0,2,1,0,false
c:\Users\arthur.menezes_evolu\Desktop\Pes\AndroidAutoSize\autosize\src\main\java\me\jessyan\autosize\DisplayMetricsInfo.java,me.jessyan.autosize.DisplayMetricsInfo,setXdpi/1[float],false,83,0,0,0,0,1,0,3,0,0,1,0,0,0,0,0,0,0,0,0,1,0,0,0,0,0,3,1,0,false
c:\Users\arthur.menezes_evolu\Desktop\Pes\AndroidAutoSize\autosize\src\main\java\me\jessyan\autosize\DisplayMetricsInfo.java,me.jessyan.autosize.DisplayMetricsInfo,setDensity/1[float],false,59,0,0,0,0,1,0,3,0,0,1,0,0,0,0,0,0,0,0,0,1,0,0,0,0,0,3,1,0,false
c:\Users\arthur.menezes_evolu\Desktop\Pes\AndroidAutoSize\autosize\src\main\java\me\jessyan\autosize\DisplayMetricsInfo.java,me.jessyan.autosize.DisplayMetricsInfo,getXdpi/0,false,79,0,2,2,0,1,0,3,1,0,0,0,0,0,0,0,0,0,0,0,0,0,0,0,0,0,3,1,0,false
c:\Users\arthur.menezes_evolu\Desktop\Pes\AndroidAutoSize\autosize\src\main\java\me\jessyan\autosize\DisplayMetricsInfo.java,me.jessyan.autosize.DisplayMetricsInfo,setScreenHeightDp/1[int],false,99,0,0,0,0,1,0,3,0,0,1,0,0,0,0,0,0,0,0,0,1,0,0,0,0,0,5,1,0,false
c:\Users\arthur.menezes_evolu\Desktop\Pes\AndroidAutoSize\autosize\src\main\java\me\jessyan\autosize\DisplayMetricsInfo.java,me.jessyan.autosize.DisplayMetricsInfo,"DisplayMetricsInfo/6[float,int,float,float,int,int]",true,46,0,2,2,0,1,0,8,0,0,6,0,0,0,0,0,0,0,0,0,6,0,0,0,0,0,12,1,0,false
c:\Users\arthur.menezes_evolu\Desktop\Pes\AndroidAutoSize\autosize\src\main\java\me\jessyan\autosize\DisplayMetricsInfo.java,me.jessyan.autosize.DisplayMetricsInfo,setScreenWidthDp/1[int],false,91,0,0,0,0,1,0,3,0,0,1,0,0,0,0,0,0,0,0,0,1,0,0,0,0,0,5,1,0,false
c:\Users\arthur.menezes_evolu\Desktop\Pes\AndroidAutoSize\autosize\src\main\java\me\jessyan\autosize\DisplayMetricsInfo.java,me.jessyan.autosize.DisplayMetricsInfo,DisplayMetricsInfo/1[me.jessyan.autosize.Parcel],true,118,1,1,1,0,1,2,8,0,0,1,2,0,0,0,0,0,0,0,0,6,0,0,0,0,0,5,4,0,false
c:\Users\arthur.menezes_evolu\Desktop\Pes\AndroidAutoSize\autosize\src\main\java\me\jessyan\autosize\external\ExternalAdaptInfo.java,me.jessyan.autosize.external.ExternalAdaptInfo,isBaseOnWidth/0,false,57,0,2,2,0,1,0,3,1,0,0,0,0,0,0,0,0,0,0,0,0,0,0,0,0,0,4,1,0,false
c:\Users\arthur.menezes_evolu\Desktop\Pes\AndroidAutoSize\autosize\src\main\java\me\jessyan\autosize\external\ExternalAdaptInfo.java,me.jessyan.autosize.external.ExternalAdaptInfo,describeContents/0,false,74,0,0,0,0,1,0,3,1,0,0,0,0,0,0,0,0,0,0,1,0,0,0,0,0,0,2,1,0,false
c:\Users\arthur.menezes_evolu\Desktop\Pes\AndroidAutoSize\autosize\src\main\java\me\jessyan\autosize\external\ExternalAdaptInfo.java,me.jessyan.autosize.external.ExternalAdaptInfo,ExternalAdaptInfo/1[me.jessyan.autosize.external.Parcel],true,84,1,1,1,0,2,2,4,0,0,1,2,0,0,0,1,0,0,0,1,2,0,0,0,0,0,5,4,0,false
c:\Users\arthur.menezes_evolu\Desktop\Pes\AndroidAutoSize\autosize\src\main\java\me\jessyan\autosize\external\ExternalAdaptInfo.java,me.jessyan.autosize.external.ExternalAdaptInfo,"writeToParcel/2[me.jessyan.autosize.external.Parcel,int]",false,79,1,0,0,0,2,2,4,0,0,2,2,0,0,0,0,0,0,0,2,0,0,0,0,0,0,4,1,0,false
c:\Users\arthur.menezes_evolu\Desktop\Pes\AndroidAutoSize\autosize\src\main\java\me\jessyan\autosize\external\ExternalAdaptInfo.java,me.jessyan.autosize.external.ExternalAdaptInfo,"ExternalAdaptInfo/2[boolean,float]",true,52,0,1,1,0,1,0,4,0,0,2,0,0,0,0,0,0,0,0,0,2,0,0,0,0,0,10,1,0,false
c:\Users\arthur.menezes_evolu\Desktop\Pes\AndroidAutoSize\autosize\src\main\java\me\jessyan\autosize\external\ExternalAdaptInfo.java,me.jessyan.autosize.external.ExternalAdaptInfo,toString/0,false,102,0,0,0,0,1,0,3,1,0,0,0,0,0,0,0,0,0,3,0,0,2,0,0,0,0,9,1,0,false
c:\Users\arthur.menezes_evolu\Desktop\Pes\AndroidAutoSize\autosize\src\main\java\me\jessyan\autosize\external\ExternalAdaptInfo.java,me.jessyan.autosize.external.ExternalAdaptInfo,getSizeInDp/0,false,65,0,2,2,0,1,0,3,1,0,0,0,0,0,0,0,0,0,0,0,0,0,0,0,0,0,5,1,0,false
c:\Users\arthur.menezes_evolu\Desktop\Pes\AndroidAutoSize\autosize\src\main\java\me\jessyan\autosize\external\ExternalAdaptInfo.java,me.jessyan.autosize.external.ExternalAdaptInfo,setSizeInDp/1[float],false,69,0,0,0,0,1,0,3,0,0,1,0,0,0,0,0,0,0,0,0,1,0,0,0,0,0,5,1,0,false
c:\Users\arthur.menezes_evolu\Desktop\Pes\AndroidAutoSize\autosize\src\main\java\me\jessyan\autosize\external\ExternalAdaptInfo.java,me.jessyan.autosize.external.ExternalAdaptInfo,setBaseOnWidth/1[boolean],false,61,0,0,0,0,1,0,3,0,0,1,0,0,0,0,0,0,0,0,0,1,0,0,0,0,0,6,1,0,false
c:\Users\arthur.menezes_evolu\Desktop\Pes\AndroidAutoSize\autosize\src\main\java\me\jessyan\autosize\external\ExternalAdaptInfo.java,me.jessyan.autosize.external.ExternalAdaptInfo,ExternalAdaptInfo/1[boolean],true,48,0,0,0,0,1,0,3,0,0,1,0,0,0,0,0,0,0,0,0,1,0,0,0,0,0,7,1,0,false
c:\Users\arthur.menezes_evolu\Desktop\Pes\AndroidAutoSize\autosize\src\main\java\me\jessyan\autosize\DefaultAutoAdaptStrategy.java,me.jessyan.autosize.DefaultAutoAdaptStrategy,"applyAdapt/2[java.lang.Object,me.jessyan.autosize.Activity]",false,41,8,11,0,11,6,16,30,3,1,2,16,0,0,0,1,0,0,5,0,1,0,3,0,0,0,18,1,0,false
c:\Users\arthur.menezes_evolu\Desktop\Pes\AndroidAutoSize\autosize\src\main\java\me\jessyan\autosize\external\ExternalAdaptInfo.java,me.jessyan.autosize.external.ExternalAdaptInfo$Anonymous1,createFromParcel/1[me.jessyan.autosize.external.Parcel],false,91,2,1,0,1,1,0,3,1,0,1,0,0,0,0,0,0,0,0,0,0,0,0,0,0,0,7,1,0,false
c:\Users\arthur.menezes_evolu\Desktop\Pes\AndroidAutoSize\autosize\src\main\java\me\jessyan\autosize\external\ExternalAdaptInfo.java,me.jessyan.autosize.external.ExternalAdaptInfo$Anonymous1,newArray/1[int],false,96,1,0,0,0,1,0,3,1,0,1,0,0,0,0,0,0,0,0,0,0,0,0,0,0,0,3,1,0,false
c:\Users\arthur.menezes_evolu\Desktop\Pes\AndroidAutoSize\demo\src\main\java\me\jessyan\autosize\demo\CustomAdaptActivity.java,me.jessyan.autosize.demo.CustomAdaptActivity,onCreate/1[me.jessyan.autosize.demo.Bundle],false,44,1,0,0,0,1,2,4,0,0,1,2,0,0,0,0,0,0,0,0,0,0,0,0,0,0,9,4,0,false
c:\Users\arthur.menezes_evolu\Desktop\Pes\AndroidAutoSize\demo\src\main\java\me\jessyan\autosize\demo\CustomAdaptActivity.java,me.jessyan.autosize.demo.CustomAdaptActivity,isBaseOnWidth/0,false,64,0,0,0,0,1,0,3,1,0,0,0,0,0,0,0,0,0,0,0,0,0,0,0,0,0,6,1,0,true
c:\Users\arthur.menezes_evolu\Desktop\Pes\AndroidAutoSize\demo\src\main\java\me\jessyan\autosize\demo\CustomAdaptActivity.java,me.jessyan.autosize.demo.CustomAdaptActivity,goCustomAdaptFragment/1[me.jessyan.autosize.demo.View],false,54,3,0,0,0,1,2,3,0,0,1,2,0,0,0,0,0,0,0,0,0,0,0,0,0,0,13,1,0,true
c:\Users\arthur.menezes_evolu\Desktop\Pes\AndroidAutoSize\demo\src\main\java\me\jessyan\autosize\demo\CustomAdaptActivity.java,me.jessyan.autosize.demo.CustomAdaptActivity,getSizeInDp/0,false,80,0,0,0,0,1,0,3,1,0,0,0,0,0,0,0,0,0,0,1,0,0,0,0,0,0,14,1,0,true
c:\Users\arthur.menezes_evolu\Desktop\Pes\AndroidAutoSize\autosize\src\main\java\me\jessyan\autosize\onAdaptListener.java,me.jessyan.autosize.onAdaptListener,"onAdaptBefore/2[java.lang.Object,me.jessyan.autosize.Activity]",false,30,1,1,1,0,1,0,1,0,0,2,0,0,0,0,0,0,0,0,0,0,0,0,0,0,0,8,0,0,true
c:\Users\arthur.menezes_evolu\Desktop\Pes\AndroidAutoSize\autosize\src\main\java\me\jessyan\autosize\onAdaptListener.java,me.jessyan.autosize.onAdaptListener,"onAdaptAfter/2[java.lang.Object,me.jessyan.autosize.Activity]",false,38,1,1,1,0,1,0,1,0,0,2,0,0,0,0,0,0,0,0,0,0,0,0,0,0,0,8,0,0,true
