file,class,type,cbo,cboModified,fanin,fanout,wmc,dit,noc,rfc,lcom,lcom*,tcc,lcc,totalMethodsQty,staticMethodsQty,publicMethodsQty,privateMethodsQty,protectedMethodsQty,defaultMethodsQty,visibleMethodsQty,abstractMethodsQty,finalMethodsQty,synchronizedMethodsQty,totalFieldsQty,staticFieldsQty,publicFieldsQty,privateFieldsQty,protectedFieldsQty,defaultFieldsQty,finalFieldsQty,synchronizedFieldsQty,nosi,loc,returnQty,loopQty,comparisonsQty,tryCatchQty,parenthesizedExpsQty,stringLiteralsQty,numbersQty,assignmentsQty,mathOperationsQty,variablesQty,maxNestedBlocksQty,anonymousClassesQty,innerClassesQty,lambdasQty,uniqueWordsQty,modifiers,logStatementsQty
c:\Users\arthur.menezes_evolu\Desktop\Pes\MusicBot\src\main\java\com\jagrosh\jmusicbot\gui\TextAreaOutputStream.java,com.jagrosh.jmusicbot.gui.TextAreaOutputStream,class,3,5,2,3,13,2,0,4,22,0.6666667,0.0,0.0,9,1,8,1,0,0,8,0,0,6,2,0,0,2,0,0,0,0,1,107,2,0,2,1,0,3,7,4,1,2,1,0,1,0,41,1,0
c:\Users\arthur.menezes_evolu\Desktop\Pes\MusicBot\src\main\java\com\jagrosh\jmusicbot\commands\dj\PlaynextCmd.java,com.jagrosh.jmusicbot.commands.dj.PlaynextCmd$ResultHandler,innerclass,12,12,0,12,14,1,0,28,3,0.44444445,0.0,0.0,6,0,4,2,0,0,4,0,0,0,3,0,0,3,0,0,3,0,6,38,1,0,5,0,1,14,6,9,9,7,2,0,0,0,47,2,0
c:\Users\arthur.menezes_evolu\Desktop\Pes\MusicBot\src\main\java\com\jagrosh\jmusicbot\settings\Settings.java,com.jagrosh.jmusicbot.settings.Settings,class,8,24,16,8,31,1,0,8,38,0.77142847,0.0,0.0,21,0,21,0,0,0,21,0,0,0,10,0,0,7,3,0,1,0,5,117,10,0,7,3,0,0,6,32,0,10,1,0,0,0,45,1,0
c:\Users\arthur.menezes_evolu\Desktop\Pes\MusicBot\src\main\java\com\jagrosh\jmusicbot\settings\SettingsManager.java,com.jagrosh.jmusicbot.settings.SettingsManager,class,8,15,7,8,30,1,0,36,4,0.5,0.0,0.0,5,0,3,1,1,0,4,0,0,0,2,1,0,2,0,0,2,0,12,63,4,0,9,3,0,45,14,7,5,10,3,0,0,3,52,1,5
c:\Users\arthur.menezes_evolu\Desktop\Pes\MusicBot\src\main\java\com\jagrosh\jmusicbot\commands\music\SearchCmd.java,com.jagrosh.jmusicbot.commands.music.SearchCmd,class,9,11,2,9,3,3,1,16,0,0.33333334,0.0,0.0,2,0,2,0,0,0,2,0,0,0,3,0,0,2,1,0,2,0,0,68,1,0,0,0,0,7,1,10,2,4,1,0,1,1,24,1,0
c:\Users\arthur.menezes_evolu\Desktop\Pes\MusicBot\src\main\java\com\jagrosh\jmusicbot\JMusicBot.java,com.jagrosh.jmusicbot.JMusicBot,class,52,55,3,52,21,1,0,61,3,0.6666667,NaN,NaN,3,3,1,2,0,0,1,0,0,0,3,3,3,0,0,0,3,0,14,80,3,0,5,3,0,33,8,14,11,14,2,0,0,0,153,1,3
c:\Users\arthur.menezes_evolu\Desktop\Pes\MusicBot\src\main\java\com\jagrosh\jmusicbot\commands\admin\SettcCmd.java,com.jagrosh.jmusicbot.commands.admin.SettcCmd,class,7,8,1,7,6,3,0,18,1,0.0,0.0,0.0,2,0,1,0,1,0,2,0,0,0,0,0,0,0,0,0,0,0,1,28,1,0,0,0,0,10,3,6,5,2,4,0,0,0,40,1,0
c:\Users\arthur.menezes_evolu\Desktop\Pes\MusicBot\src\main\java\com\jagrosh\jmusicbot\Bot.java,com.jagrosh.jmusicbot.Bot,class,12,66,54,12,23,1,0,27,55,0.83636373,0.0,0.0,15,0,15,0,0,0,15,0,0,0,11,0,0,11,0,0,8,0,3,86,10,0,5,0,0,1,1,15,0,15,3,0,0,2,56,1,0
c:\Users\arthur.menezes_evolu\Desktop\Pes\MusicBot\src\main\java\com\jagrosh\jmusicbot\settings\QueueType.java,com.jagrosh.jmusicbot.settings.QueueType,enum,4,10,6,4,5,1,0,8,4,0.6,0.0,0.0,5,1,4,0,0,1,5,0,0,0,3,0,0,3,0,0,3,0,3,21,4,0,0,0,0,4,0,3,0,4,0,0,0,1,27,1,0
c:\Users\arthur.menezes_evolu\Desktop\Pes\MusicBot\src\main\java\com\jagrosh\jmusicbot\commands\music\SearchCmd.java,com.jagrosh.jmusicbot.commands.music.SearchCmd$ResultHandler,innerclass,11,11,0,11,12,1,0,42,0,0.0,0.0,0.0,5,0,4,1,0,0,4,0,0,0,2,0,0,2,0,0,2,0,7,44,2,1,3,0,2,28,8,9,14,12,2,0,0,2,44,2,0
c:\Users\arthur.menezes_evolu\Desktop\Pes\MusicBot\src\main\java\com\jagrosh\jmusicbot\commands\AdminCommand.java,com.jagrosh.jmusicbot.commands.AdminCommand,class,2,8,6,2,3,2,6,8,0,0.0,NaN,NaN,1,0,1,0,0,0,1,0,0,0,0,0,0,0,0,0,0,0,0,11,3,0,1,0,0,1,0,2,0,1,2,0,0,1,7,1025,0
c:\Users\arthur.menezes_evolu\Desktop\Pes\MusicBot\src\main\java\com\jagrosh\jmusicbot\playlist\PlaylistLoader.java,com.jagrosh.jmusicbot.playlist.PlaylistLoader$PlaylistLoadError,innerclass,0,0,0,0,4,1,0,0,0,0.5,0.0,0.0,4,0,3,1,0,0,3,0,0,0,3,0,0,3,0,0,3,0,0,19,3,0,0,0,0,0,0,3,0,3,0,0,0,0,10,1,0
c:\Users\arthur.menezes_evolu\Desktop\Pes\MusicBot\src\main\java\com\jagrosh\jmusicbot\audio\RequestMetadata.java,com.jagrosh.jmusicbot.audio.RequestMetadata,class,3,8,5,3,4,1,0,4,0,0.5,0.0,0.0,2,0,2,0,0,0,2,0,0,0,2,1,2,0,0,0,2,0,0,27,1,0,2,0,0,0,1,2,0,2,0,0,2,0,17,1,0
c:\Users\arthur.menezes_evolu\Desktop\Pes\MusicBot\src\main\java\com\jagrosh\jmusicbot\commands\dj\ForceskipCmd.java,com.jagrosh.jmusicbot.commands.dj.ForceskipCmd,class,7,8,1,7,3,4,0,15,1,0.0,0.0,0.0,2,0,2,0,0,0,2,0,0,0,0,0,0,0,0,0,0,0,1,15,0,0,1,0,1,7,1,6,2,2,0,0,0,0,27,1,0
c:\Users\arthur.menezes_evolu\Desktop\Pes\MusicBot\src\main\java\com\jagrosh\jmusicbot\commands\music\LyricsCmd.java,com.jagrosh.jmusicbot.commands.music.LyricsCmd,class,9,10,1,9,12,3,0,35,1,0.5,0.0,0.0,2,0,2,0,0,0,2,0,0,0,1,0,0,1,0,0,1,0,0,49,2,1,4,0,1,13,11,16,2,7,4,0,0,1,44,1,0
c:\Users\arthur.menezes_evolu\Desktop\Pes\MusicBot\src\main\java\com\jagrosh\jmusicbot\commands\owner\SetgameCmd.java,com.jagrosh.jmusicbot.commands.owner.SetgameCmd,class,7,8,1,7,6,9,0,18,1,0.0,0.0,0.0,2,0,1,0,1,0,2,0,0,0,0,0,0,0,0,0,0,0,0,89,0,0,0,1,1,10,1,7,3,1,1,0,3,0,29,1,0
c:\Users\arthur.menezes_evolu\Desktop\Pes\MusicBot\src\test\java\com\jagrosh\jmusicbot\FairQueueTest.java,com.jagrosh.jmusicbot.FairQueueTest$Q,innerclass,1,1,0,1,2,1,0,0,0,0.0,NaN,NaN,2,0,1,1,0,0,1,0,0,0,1,0,0,1,0,0,1,0,0,9,1,0,0,0,0,0,0,1,0,1,0,0,0,0,5,2,0
c:\Users\arthur.menezes_evolu\Desktop\Pes\MusicBot\src\main\java\com\jagrosh\jmusicbot\commands\owner\EvalCmd.java,com.jagrosh.jmusicbot.commands.owner.EvalCmd,class,4,5,1,4,4,3,0,14,0,0.0,0.0,0.0,2,0,1,0,1,0,2,0,0,0,1,0,0,1,0,0,1,0,0,26,0,0,1,1,0,12,0,6,2,2,1,0,0,0,24,1,0
c:\Users\arthur.menezes_evolu\Desktop\Pes\MusicBot\src\main\java\com\jagrosh\jmusicbot\audio\AudioHandler.java,com.jagrosh.jmusicbot.audio.AudioHandler,class,28,51,23,28,49,2,0,79,6,0.81499994,0.0,0.0,20,0,18,1,1,0,19,0,0,0,10,3,3,7,0,0,8,0,11,152,22,0,16,1,0,16,8,24,7,25,3,0,0,2,104,1,0
c:\Users\arthur.menezes_evolu\Desktop\Pes\MusicBot\src\main\java\com\jagrosh\jmusicbot\commands\owner\PlaylistCmd.java,com.jagrosh.jmusicbot.commands.owner.PlaylistCmd$MakelistCmd,innerclass,4,4,0,4,6,3,0,13,1,0.0,0.0,0.0,2,0,1,0,1,0,2,0,0,0,0,0,0,0,0,0,0,0,0,26,0,0,2,1,0,14,0,7,3,1,2,0,0,0,28,1,0
c:\Users\arthur.menezes_evolu\Desktop\Pes\MusicBot\src\main\java\com\jagrosh\jmusicbot\playlist\PlaylistLoader.java,com.jagrosh.jmusicbot.playlist.PlaylistLoader$Playlist,innerclass,5,5,0,5,9,1,0,4,7,0.7142857,0.0,0.0,7,0,6,1,0,0,6,0,0,0,6,0,0,6,0,0,5,0,1,84,5,1,1,0,0,0,2,10,1,9,1,1,0,0,26,1,0
c:\Users\arthur.menezes_evolu\Desktop\Pes\MusicBot\src\main\java\com\jagrosh\jmusicbot\queue\AbstractQueue.java,com.jagrosh.jmusicbot.queue.AbstractQueue,class,3,16,13,3,22,1,0,15,0,0.071428575,0.0,0.0,14,0,13,0,1,0,14,1,0,0,1,0,0,0,1,0,1,0,1,66,9,3,3,0,1,0,8,10,2,10,2,0,0,0,47,1025,0
c:\Users\arthur.menezes_evolu\Desktop\Pes\MusicBot\src\main\java\com\jagrosh\jmusicbot\commands\dj\MoveTrackCmd.java,com.jagrosh.jmusicbot.commands.dj.MoveTrackCmd,class,8,10,2,8,10,4,0,17,3,0.0,0.0,0.0,3,1,2,1,0,0,2,0,0,0,0,0,0,0,0,0,0,0,7,50,6,0,1,1,1,10,7,15,2,10,1,0,0,0,47,1,0
c:\Users\arthur.menezes_evolu\Desktop\Pes\MusicBot\src\main\java\com\jagrosh\jmusicbot\commands\owner\PlaylistCmd.java,com.jagrosh.jmusicbot.commands.owner.PlaylistCmd$DefaultlistCmd,innerclass,2,2,0,2,1,4,0,0,0,0.0,NaN,NaN,1,0,1,0,0,0,1,0,0,0,0,0,0,0,0,0,0,0,0,9,0,0,0,0,0,3,0,4,0,0,0,0,0,0,9,1,0
c:\Users\arthur.menezes_evolu\Desktop\Pes\MusicBot\src\main\java\com\jagrosh\jmusicbot\commands\owner\SetgameCmd.java,com.jagrosh.jmusicbot.commands.owner.SetgameCmd$SetstreamCmd,innerclass,2,2,0,2,4,3,0,13,1,0.0,NaN,NaN,2,0,0,1,1,0,1,0,0,0,0,0,0,0,0,0,0,0,0,23,1,0,0,1,0,12,5,6,3,1,1,0,0,0,31,2,0
c:\Users\arthur.menezes_evolu\Desktop\Pes\MusicBot\src\main\java\com\jagrosh\jmusicbot\settings\RepeatMode.java,com.jagrosh.jmusicbot.settings.RepeatMode,enum,0,5,5,0,3,1,0,0,0,0.33333334,0.0,0.0,3,0,2,1,0,0,2,0,0,0,2,0,0,2,0,0,2,0,0,13,2,0,0,0,0,5,0,2,0,2,0,0,0,0,21,1,0
c:\Users\arthur.menezes_evolu\Desktop\Pes\MusicBot\src\main\java\com\jagrosh\jmusicbot\audio\QueuedTrack.java,com.jagrosh.jmusicbot.audio.QueuedTrack,class,6,14,8,6,8,1,0,7,0,0.0,0.0,0.0,5,0,5,0,0,0,5,0,0,0,1,0,0,1,0,0,1,0,1,22,3,0,2,0,1,10,1,4,5,3,0,0,0,0,21,1,0
c:\Users\arthur.menezes_evolu\Desktop\Pes\MusicBot\src\main\java\com\jagrosh\jmusicbot\commands\DJCommand.java,com.jagrosh.jmusicbot.commands.DJCommand,class,6,16,10,6,7,3,9,14,1,0.0,0.0,0.0,2,1,2,0,0,0,2,0,0,0,0,0,0,0,0,0,0,0,0,14,4,0,3,0,1,1,0,3,0,3,1,0,0,1,19,1025,0
c:\Users\arthur.menezes_evolu\Desktop\Pes\MusicBot\src\main\java\com\jagrosh\jmusicbot\audio\TransformativeAudioSourceManager.java,com.jagrosh.jmusicbot.audio.TransformativeAudioSourceManager,class,8,10,2,8,11,2,0,21,0,0.5333333,0.0,0.0,5,1,5,0,0,0,5,0,0,0,2,1,0,2,0,0,2,0,6,46,6,0,1,2,0,8,0,10,0,11,1,0,0,1,50,1,4
c:\Users\arthur.menezes_evolu\Desktop\Pes\MusicBot\src\main\java\com\jagrosh\jmusicbot\commands\dj\PlaynextCmd.java,com.jagrosh.jmusicbot.commands.dj.PlaynextCmd,class,6,7,1,6,7,4,0,18,0,0.0,0.0,0.0,2,0,2,0,0,0,2,0,0,0,1,0,0,1,0,0,1,0,0,59,1,0,0,0,0,8,3,8,2,3,1,0,1,1,28,1,0
c:\Users\arthur.menezes_evolu\Desktop\Pes\MusicBot\src\main\java\com\jagrosh\jmusicbot\commands\music\PlayCmd.java,com.jagrosh.jmusicbot.commands.music.PlayCmd$PlaylistCmd,innerclass,9,9,0,9,7,3,0,35,1,0.0,0.0,0.0,2,0,2,0,0,0,2,0,0,0,0,0,0,0,0,0,0,0,0,35,2,0,1,0,0,18,4,11,7,7,3,0,0,4,47,1,0
c:\Users\arthur.menezes_evolu\Desktop\Pes\MusicBot\src\main\java\com\jagrosh\jmusicbot\entities\Pair.java,com.jagrosh.jmusicbot.entities.Pair,class,2,3,1,2,3,1,0,0,0,0.33333334,0.0,0.0,3,0,3,0,0,0,3,0,0,0,2,0,0,2,0,0,2,0,0,14,2,0,0,0,0,0,0,2,0,2,0,0,0,0,10,1,0
c:\Users\arthur.menezes_evolu\Desktop\Pes\MusicBot\src\main\java\com\jagrosh\jmusicbot\commands\dj\VolumeCmd.java,com.jagrosh.jmusicbot.commands.dj.VolumeCmd,class,7,8,1,7,6,4,0,17,1,0.0,0.0,0.0,2,0,2,0,0,0,2,0,0,0,0,0,0,0,0,0,0,0,3,32,0,0,0,1,0,9,3,9,3,4,3,0,0,0,37,1,0
c:\Users\arthur.menezes_evolu\Desktop\Pes\MusicBot\src\main\java\com\jagrosh\jmusicbot\entities\Prompt.java,com.jagrosh.jmusicbot.entities.Prompt,class,3,7,4,3,21,1,0,14,0,0.46666664,0.0,0.0,6,0,6,0,0,0,6,0,0,0,5,0,0,5,0,0,2,0,4,93,7,0,2,3,0,7,1,13,1,7,2,0,1,0,45,1,4
c:\Users\arthur.menezes_evolu\Desktop\Pes\MusicBot\src\main\java\com\jagrosh\jmusicbot\commands\owner\SetavatarCmd.java,com.jagrosh.jmusicbot.commands.owner.SetavatarCmd,class,5,6,1,5,7,3,0,19,1,0.0,0.0,0.0,2,0,1,0,1,0,2,0,0,0,0,0,0,0,0,0,0,0,1,27,0,0,1,1,0,7,2,9,4,4,2,0,0,2,38,1,0
c:\Users\arthur.menezes_evolu\Desktop\Pes\MusicBot\src\main\java\com\jagrosh\jmusicbot\commands\admin\PrefixCmd.java,com.jagrosh.jmusicbot.commands.admin.PrefixCmd,class,5,6,1,5,4,3,0,12,1,0.0,0.0,0.0,2,0,1,0,1,0,2,0,0,0,0,0,0,0,0,0,0,0,0,23,1,0,0,0,0,9,0,5,1,1,1,0,0,0,26,1,0
c:\Users\arthur.menezes_evolu\Desktop\Pes\MusicBot\src\main\java\com\jagrosh\jmusicbot\commands\music\ShuffleCmd.java,com.jagrosh.jmusicbot.commands.music.ShuffleCmd,class,6,7,1,6,4,3,0,12,1,0.0,0.0,0.0,2,0,2,0,0,0,2,0,0,0,0,0,0,0,0,0,0,0,0,25,0,0,0,0,0,6,2,7,1,2,1,0,0,0,32,1,0
c:\Users\arthur.menezes_evolu\Desktop\Pes\MusicBot\src\main\java\com\jagrosh\jmusicbot\gui\TextAreaOutputStream.java,com.jagrosh.jmusicbot.gui.TextAreaOutputStream$Appender,innerclass,0,0,0,0,10,1,0,16,0,0.3611111,0.0,0.0,4,0,1,2,0,1,2,0,0,3,9,2,0,9,0,0,6,0,3,63,2,0,0,0,0,4,4,17,0,12,3,0,0,3,25,8,0
c:\Users\arthur.menezes_evolu\Desktop\Pes\MusicBot\src\main\java\com\jagrosh\jmusicbot\commands\music\SCSearchCmd.java,com.jagrosh.jmusicbot.commands.music.SCSearchCmd,class,3,4,1,3,1,4,0,2,0,0.0,NaN,NaN,1,0,1,0,0,0,1,0,0,0,0,0,0,0,0,0,0,0,0,9,0,0,0,0,0,3,0,4,0,0,0,0,0,0,11,1,0
c:\Users\arthur.menezes_evolu\Desktop\Pes\MusicBot\src\main\java\com\jagrosh\jmusicbot\commands\music\QueueCmd.java,com.jagrosh.jmusicbot.commands.music.QueueCmd,class,16,17,1,16,11,3,0,69,1,0.33333334,0.0,0.0,3,0,2,1,0,0,2,0,0,0,1,0,0,1,0,0,1,0,3,57,2,1,4,2,1,13,7,22,2,17,3,0,0,3,56,1,0
c:\Users\arthur.menezes_evolu\Desktop\Pes\MusicBot\src\main\java\com\jagrosh\jmusicbot\commands\owner\SetgameCmd.java,com.jagrosh.jmusicbot.commands.owner.SetgameCmd$SetlistenCmd,innerclass,2,2,0,2,5,3,0,17,1,0.0,NaN,NaN,2,0,0,1,1,0,1,0,0,0,0,0,0,0,0,0,0,0,0,23,1,0,0,1,0,10,1,6,2,1,1,0,0,0,26,2,0
c:\Users\arthur.menezes_evolu\Desktop\Pes\MusicBot\src\main\java\com\jagrosh\jmusicbot\commands\admin\SkipratioCmd.java,com.jagrosh.jmusicbot.commands.admin.SkipratioCmd,class,5,6,1,5,6,3,0,14,1,0.0,0.0,0.0,2,0,1,0,1,0,2,0,0,0,0,0,0,0,0,0,0,0,1,23,1,0,0,1,0,9,5,6,3,2,2,0,0,0,47,1,0
c:\Users\arthur.menezes_evolu\Desktop\Pes\MusicBot\src\main\java\com\jagrosh\jmusicbot\entities\Prompt.java,com.jagrosh.jmusicbot.entities.Prompt$Level,enum,0,0,0,0,0,1,0,0,0,0.0,-1.0,-1.0,0,0,0,0,0,0,0,0,0,0,0,0,0,0,0,0,0,0,0,1,0,0,0,0,0,0,0,0,0,0,0,0,0,0,5,9,0
c:\Users\arthur.menezes_evolu\Desktop\Pes\MusicBot\src\main\java\com\jagrosh\jmusicbot\commands\owner\SetgameCmd.java,com.jagrosh.jmusicbot.commands.owner.SetgameCmd$SetwatchCmd,innerclass,2,2,0,2,4,3,0,13,1,0.0,NaN,NaN,2,0,0,1,1,0,1,0,0,0,0,0,0,0,0,0,0,0,0,23,1,0,0,1,0,9,0,6,2,1,1,0,0,0,26,2,0
c:\Users\arthur.menezes_evolu\Desktop\Pes\MusicBot\src\main\java\com\jagrosh\jmusicbot\audio\RequestMetadata.java,com.jagrosh.jmusicbot.audio.RequestMetadata$UserInfo,innerclass,0,0,0,0,1,1,0,0,0,0.0,-1.0,-1.0,1,0,0,1,0,0,0,0,0,0,2,0,2,0,0,0,2,0,0,10,0,0,0,0,0,0,0,4,0,4,0,0,0,0,6,1,0
c:\Users\arthur.menezes_evolu\Desktop\Pes\MusicBot\src\main\java\com\jagrosh\jmusicbot\commands\owner\PlaylistCmd.java,com.jagrosh.jmusicbot.commands.owner.PlaylistCmd$ListCmd,innerclass,4,4,0,4,6,3,0,13,1,0.0,0.0,0.0,2,0,1,0,1,0,2,0,0,0,0,0,0,0,0,0,0,0,0,23,1,0,1,0,0,10,0,6,4,3,3,0,0,1,35,1,0
c:\Users\arthur.menezes_evolu\Desktop\Pes\MusicBot\src\main\java\com\jagrosh\jmusicbot\commands\music\SkipCmd.java,com.jagrosh.jmusicbot.commands.music.SkipCmd,class,8,9,1,8,8,3,0,39,1,0.0,0.0,0.0,2,0,2,0,0,0,2,0,0,0,0,0,0,0,0,0,0,0,2,39,0,0,4,0,1,15,3,16,7,9,3,0,0,2,38,1,0
c:\Users\arthur.menezes_evolu\Desktop\Pes\MusicBot\src\main\java\com\jagrosh\jmusicbot\commands\owner\PlaylistCmd.java,com.jagrosh.jmusicbot.commands.owner.PlaylistCmd$AppendlistCmd,innerclass,5,5,0,5,8,3,0,20,1,0.0,0.0,0.0,2,0,1,0,1,0,2,0,0,0,0,0,0,0,0,0,0,0,0,36,1,1,1,1,0,17,6,12,5,7,4,0,0,1,45,1,0
c:\Users\arthur.menezes_evolu\Desktop\Pes\MusicBot\src\main\java\com\jagrosh\jmusicbot\queue\Queueable.java,com.jagrosh.jmusicbot.queue.Queueable,interface,0,5,5,0,1,1,0,0,0,0.0,NaN,NaN,1,0,1,0,0,0,1,0,0,0,0,0,0,0,0,0,0,0,0,3,0,0,0,0,0,0,0,0,0,0,0,0,0,0,5,1,0
c:\Users\arthur.menezes_evolu\Desktop\Pes\MusicBot\src\main\java\com\jagrosh\jmusicbot\audio\AloneInVoiceHandler.java,com.jagrosh.jmusicbot.audio.AloneInVoiceHandler,class,7,10,3,7,16,1,0,35,0,0.4,0.0,0.0,5,0,3,2,0,0,3,0,0,0,3,0,0,3,0,0,2,0,2,40,4,1,2,0,1,0,5,9,1,10,2,0,0,3,34,1,0
c:\Users\arthur.menezes_evolu\Desktop\Pes\MusicBot\src\main\java\com\jagrosh\jmusicbot\queue\FairQueue.java,com.jagrosh.jmusicbot.queue.FairQueue,class,3,4,1,3,6,2,0,7,0,0.0,0.0,0.0,2,0,2,0,0,0,2,0,0,0,1,0,0,0,1,0,1,0,0,18,1,2,1,0,0,0,2,2,1,2,2,0,0,0,13,1,0
c:\Users\arthur.menezes_evolu\Desktop\Pes\MusicBot\src\main\java\com\jagrosh\jmusicbot\commands\dj\ForceRemoveCmd.java,com.jagrosh.jmusicbot.commands.dj.ForceRemoveCmd,class,12,14,2,12,10,4,0,40,3,0.0,0.0,0.0,3,0,2,1,0,0,2,0,0,0,0,0,0,0,0,0,0,0,1,53,4,1,1,0,1,14,7,14,4,10,2,0,0,2,49,1,0
c:\Users\arthur.menezes_evolu\Desktop\Pes\MusicBot\src\main\java\com\jagrosh\jmusicbot\audio\NowplayingHandler.java,com.jagrosh.jmusicbot.audio.NowplayingHandler,class,9,14,5,9,18,1,0,39,0,0.35714287,0.0,0.0,7,0,6,1,0,0,6,0,0,0,2,0,0,2,0,0,2,0,0,59,1,1,6,1,0,0,3,10,0,13,3,0,0,5,40,1,0
c:\Users\arthur.menezes_evolu\Desktop\Pes\MusicBot\src\main\java\com\jagrosh\jmusicbot\playlist\PlaylistLoader.java,com.jagrosh.jmusicbot.playlist.PlaylistLoader$Playlist$Anonymous1,anonymous,7,7,0,7,13,1,0,22,10,0.0,0.0,0.0,5,0,4,1,0,0,4,0,0,0,0,0,0,0,0,0,0,0,1,47,0,1,2,0,1,3,4,4,2,7,3,0,0,3,37,-1,0
c:\Users\arthur.menezes_evolu\Desktop\Pes\MusicBot\src\test\java\com\jagrosh\jmusicbot\FairQueueTest.java,com.jagrosh.jmusicbot.FairQueueTest,class,5,5,0,5,4,1,0,3,1,0.0,0.0,0.0,2,0,2,0,0,0,2,0,0,0,0,0,0,0,0,0,0,0,0,23,0,2,0,0,0,0,5,6,0,6,1,0,1,0,16,1,0
c:\Users\arthur.menezes_evolu\Desktop\Pes\MusicBot\src\main\java\com\jagrosh\jmusicbot\gui\GUI.java,com.jagrosh.jmusicbot.gui.GUI$Anonymous1,anonymous,1,1,0,1,8,1,0,2,21,0.0,0.0,0.0,7,0,7,0,0,0,7,0,0,0,0,0,0,0,0,0,0,0,1,22,0,0,0,1,0,0,1,0,0,0,1,0,0,0,13,-1,0
c:\Users\arthur.menezes_evolu\Desktop\Pes\MusicBot\src\main\java\com\jagrosh\jmusicbot\utils\LogBackTurboFilter.java,com.jagrosh.jmusicbot.utils.LogBackTurboFilter,class,5,5,0,5,3,2,0,3,0,0.0,NaN,NaN,1,0,1,0,0,0,1,0,0,0,0,0,0,0,0,0,0,0,0,8,2,0,0,0,0,2,0,0,0,0,1,0,0,0,38,1,0
c:\Users\arthur.menezes_evolu\Desktop\Pes\MusicBot\src\main\java\com\jagrosh\jmusicbot\commands\music\PlaylistsCmd.java,com.jagrosh.jmusicbot.commands.music.PlaylistsCmd,class,5,6,1,5,6,3,0,18,1,0.0,0.0,0.0,2,0,2,0,0,0,2,0,0,0,0,0,0,0,0,0,0,0,0,27,1,0,1,0,0,10,0,8,4,3,3,0,0,1,41,1,0
c:\Users\arthur.menezes_evolu\Desktop\Pes\MusicBot\src\main\java\com\jagrosh\jmusicbot\commands\music\RemoveCmd.java,com.jagrosh.jmusicbot.commands.music.RemoveCmd,class,9,10,1,9,13,3,0,32,1,0.0,0.0,0.0,2,0,2,0,0,0,2,0,0,0,0,0,0,0,0,0,0,0,1,57,3,0,3,2,1,20,6,16,9,7,2,0,0,0,60,1,0
c:\Users\arthur.menezes_evolu\Desktop\Pes\MusicBot\src\main\java\com\jagrosh\jmusicbot\commands\dj\RepeatCmd.java,com.jagrosh.jmusicbot.commands.dj.RepeatCmd,class,6,7,1,6,12,4,0,13,3,0.0,0.0,0.0,3,0,2,0,1,0,3,0,0,0,0,0,0,0,0,0,0,0,0,36,1,0,1,0,0,13,0,12,1,3,2,0,0,0,37,1,0
c:\Users\arthur.menezes_evolu\Desktop\Pes\MusicBot\src\main\java\com\jagrosh\jmusicbot\commands\music\NowplayingCmd.java,com.jagrosh.jmusicbot.commands.music.NowplayingCmd,class,8,9,1,8,3,3,0,13,1,0.0,0.0,0.0,2,0,2,0,0,0,2,0,0,0,0,0,0,0,0,0,0,0,0,20,0,0,1,0,0,2,0,6,0,3,1,0,0,1,23,1,0
c:\Users\arthur.menezes_evolu\Desktop\Pes\MusicBot\src\main\java\com\jagrosh\jmusicbot\commands\music\PlayCmd.java,com.jagrosh.jmusicbot.commands.music.PlayCmd$ResultHandler,innerclass,14,14,0,14,27,1,0,51,0,0.3809524,0.0,0.0,7,0,4,3,0,0,4,0,0,0,3,0,0,3,0,0,3,0,9,79,2,0,11,1,5,42,11,11,18,14,4,0,0,3,79,2,0
c:\Users\arthur.menezes_evolu\Desktop\Pes\MusicBot\src\main\java\com\jagrosh\jmusicbot\utils\FormatUtil.java,com.jagrosh.jmusicbot.utils.FormatUtil,class,6,22,16,6,30,1,0,11,45,0.0,0.0,0.0,10,10,10,0,0,0,10,0,0,0,0,0,0,0,0,0,0,0,3,58,15,4,4,0,8,42,28,21,23,11,2,0,0,0,42,1,0
c:\Users\arthur.menezes_evolu\Desktop\Pes\MusicBot\src\main\java\com\jagrosh\jmusicbot\Listener.java,com.jagrosh.jmusicbot.Listener,class,19,21,2,19,18,2,0,44,0,0.14285715,0.0,0.0,7,0,6,1,0,0,6,0,0,0,1,0,0,1,0,0,1,0,3,61,2,0,4,2,0,4,4,9,1,11,4,0,0,3,59,1,2
c:\Users\arthur.menezes_evolu\Desktop\Pes\MusicBot\src\main\java\com\jagrosh\jmusicbot\gui\ConsolePanel.java,com.jagrosh.jmusicbot.gui.ConsolePanel,class,1,2,1,1,1,5,0,9,0,0.0,NaN,NaN,1,0,1,0,0,0,1,0,0,0,0,0,0,0,0,0,0,0,2,17,0,0,0,0,0,0,4,3,0,3,0,0,0,0,20,1,0
c:\Users\arthur.menezes_evolu\Desktop\Pes\MusicBot\src\main\java\com\jagrosh\jmusicbot\commands\OwnerCommand.java,com.jagrosh.jmusicbot.commands.OwnerCommand,class,2,18,16,2,1,2,23,0,0,0.0,NaN,NaN,1,0,1,0,0,0,1,0,0,0,0,0,0,0,0,0,0,0,0,6,0,0,0,0,0,1,0,2,0,0,0,0,0,0,6,1025,0
c:\Users\arthur.menezes_evolu\Desktop\Pes\MusicBot\src\main\java\com\jagrosh\jmusicbot\audio\PlayerManager.java,com.jagrosh.jmusicbot.audio.PlayerManager,class,9,13,4,9,7,2,0,19,0,0.2,0.0,0.0,5,0,5,0,0,0,5,0,0,0,1,0,0,1,0,0,1,0,1,31,3,0,2,0,0,1,1,4,0,4,1,0,0,1,24,1,0
c:\Users\arthur.menezes_evolu\Desktop\Pes\MusicBot\src\main\java\com\jagrosh\jmusicbot\commands\admin\QueueTypeCmd.java,com.jagrosh.jmusicbot.commands.admin.QueueTypeCmd,class,7,8,1,7,6,3,0,20,1,0.0,0.0,0.0,2,0,1,0,1,0,2,0,0,0,0,0,0,0,0,0,0,0,5,32,2,0,2,1,0,12,0,9,4,5,2,0,0,0,34,1,0
c:\Users\arthur.menezes_evolu\Desktop\Pes\MusicBot\src\main\java\com\jagrosh\jmusicbot\commands\owner\SetstatusCmd.java,com.jagrosh.jmusicbot.commands.owner.SetstatusCmd,class,5,6,1,5,4,3,0,14,1,0.0,0.0,0.0,2,0,1,0,1,0,2,0,0,0,0,0,0,0,0,0,0,0,0,24,0,0,1,1,0,7,0,6,2,1,2,0,0,0,28,1,0
c:\Users\arthur.menezes_evolu\Desktop\Pes\MusicBot\src\main\java\com\jagrosh\jmusicbot\commands\dj\SkiptoCmd.java,com.jagrosh.jmusicbot.commands.dj.SkiptoCmd,class,7,8,1,7,5,4,0,19,1,0.0,0.0,0.0,2,0,2,0,0,0,2,0,0,0,0,0,0,0,0,0,0,0,1,28,2,0,0,1,0,9,4,8,4,2,1,0,0,0,35,1,0
c:\Users\arthur.menezes_evolu\Desktop\Pes\MusicBot\src\main\java\com\jagrosh\jmusicbot\commands\owner\PlaylistCmd.java,com.jagrosh.jmusicbot.commands.owner.PlaylistCmd$DeletelistCmd,innerclass,4,4,0,4,4,3,0,10,1,0.0,0.0,0.0,2,0,1,0,1,0,2,0,0,0,0,0,0,0,0,0,0,0,0,22,0,0,1,1,0,11,0,6,3,1,3,0,0,0,26,1,0
c:\Users\arthur.menezes_evolu\Desktop\Pes\MusicBot\src\main\java\com\jagrosh\jmusicbot\gui\GUI.java,com.jagrosh.jmusicbot.gui.GUI,class,2,4,2,2,2,6,0,9,0,0.25,0.0,0.0,2,0,2,0,0,0,2,0,0,0,2,0,0,2,0,0,2,0,0,42,0,0,0,0,0,2,0,3,0,3,0,1,0,0,33,1,0
c:\Users\arthur.menezes_evolu\Desktop\Pes\MusicBot\src\main\java\com\jagrosh\jmusicbot\commands\owner\PlaylistCmd.java,com.jagrosh.jmusicbot.commands.owner.PlaylistCmd,class,10,11,1,10,4,14,0,13,1,0.5,0.0,0.0,2,0,2,0,0,0,2,0,0,0,1,0,0,1,0,0,1,0,0,133,0,1,1,0,0,9,0,8,1,2,1,0,5,0,27,1,0
c:\Users\arthur.menezes_evolu\Desktop\Pes\MusicBot\src\main\java\com\jagrosh\jmusicbot\commands\owner\ShutdownCmd.java,com.jagrosh.jmusicbot.commands.owner.ShutdownCmd,class,4,5,1,4,2,3,0,4,0,0.0,0.0,0.0,2,0,1,0,1,0,2,0,0,0,1,0,0,1,0,0,1,0,0,14,0,0,0,0,0,3,0,5,0,1,0,0,0,0,13,1,0
c:\Users\arthur.menezes_evolu\Desktop\Pes\MusicBot\src\main\java\com\jagrosh\jmusicbot\commands\admin\SetdjCmd.java,com.jagrosh.jmusicbot.commands.admin.SetdjCmd,class,7,8,1,7,6,3,0,18,1,0.0,0.0,0.0,2,0,1,0,1,0,2,0,0,0,0,0,0,0,0,0,0,0,1,28,1,0,0,0,0,10,3,6,5,2,4,0,0,0,45,1,0
c:\Users\arthur.menezes_evolu\Desktop\Pes\MusicBot\src\main\java\com\jagrosh\jmusicbot\queue\LinearQueue.java,com.jagrosh.jmusicbot.queue.LinearQueue,class,2,2,0,2,2,2,0,2,1,0.0,0.0,0.0,2,0,2,0,0,0,2,0,0,0,0,0,0,0,0,0,0,0,0,9,1,0,0,0,0,0,1,0,1,0,0,0,0,0,9,1,0
c:\Users\arthur.menezes_evolu\Desktop\Pes\MusicBot\src\main\java\com\jagrosh\jmusicbot\commands\dj\PauseCmd.java,com.jagrosh.jmusicbot.commands.dj.PauseCmd,class,5,6,1,5,3,4,0,14,1,0.0,0.0,0.0,2,0,2,0,0,0,2,0,0,0,0,0,0,0,0,0,0,0,0,18,1,0,0,0,0,7,0,5,2,1,1,0,0,0,26,1,0
c:\Users\arthur.menezes_evolu\Desktop\Pes\MusicBot\src\main\java\com\jagrosh\jmusicbot\commands\admin\SetvcCmd.java,com.jagrosh.jmusicbot.commands.admin.SetvcCmd,class,7,8,1,7,6,3,0,18,1,0.0,0.0,0.0,2,0,1,0,1,0,2,0,0,0,0,0,0,0,0,0,0,0,1,28,1,0,0,0,0,9,3,6,5,2,4,0,0,0,39,1,0
c:\Users\arthur.menezes_evolu\Desktop\Pes\MusicBot\src\main\java\com\jagrosh\jmusicbot\audio\RequestMetadata.java,com.jagrosh.jmusicbot.audio.RequestMetadata$RequestInfo,innerclass,0,0,0,0,1,1,0,0,0,0.0,-1.0,-1.0,1,0,0,1,0,0,0,0,0,0,1,0,1,0,0,0,1,0,0,7,0,0,0,0,0,0,0,2,0,2,0,0,0,0,4,1,0
c:\Users\arthur.menezes_evolu\Desktop\Pes\MusicBot\src\main\java\com\jagrosh\jmusicbot\commands\general\SettingsCmd.java,com.jagrosh.jmusicbot.commands.general.SettingsCmd,class,13,14,1,13,9,2,0,37,1,0.5,0.0,0.0,2,0,1,0,1,0,2,0,0,0,1,1,0,1,0,0,1,0,1,18,0,0,7,0,7,31,0,11,9,8,0,0,0,1,35,1,0
c:\Users\arthur.menezes_evolu\Desktop\Pes\MusicBot\src\main\java\com\jagrosh\jmusicbot\utils\OtherUtil.java,com.jagrosh.jmusicbot.utils.OtherUtil,class,13,21,8,13,39,1,0,55,55,0.90909094,0.0,0.0,11,11,11,0,0,0,11,0,0,0,2,2,1,1,0,0,2,0,11,99,24,0,10,5,0,27,9,18,3,18,3,0,0,1,174,1,0
c:\Users\arthur.menezes_evolu\Desktop\Pes\MusicBot\src\main\java\com\jagrosh\jmusicbot\commands\MusicCommand.java,com.jagrosh.jmusicbot.commands.MusicCommand,class,11,23,12,11,19,2,12,31,1,0.5555556,0.0,0.0,3,0,2,0,1,0,3,1,0,0,3,0,0,0,3,0,1,0,0,54,5,0,5,2,3,10,0,9,4,8,3,0,0,0,57,1025,0
c:\Users\arthur.menezes_evolu\Desktop\Pes\MusicBot\src\main\java\com\jagrosh\jmusicbot\BotConfig.java,com.jagrosh.jmusicbot.BotConfig,class,10,58,48,10,55,1,0,44,501,0.9352381,0.0,0.0,35,3,32,3,0,0,32,0,0,0,13,3,0,13,0,0,4,0,19,207,35,0,6,5,0,60,9,46,11,38,3,0,0,0,159,1,0
c:\Users\arthur.menezes_evolu\Desktop\Pes\MusicBot\src\main\java\com\jagrosh\jmusicbot\commands\owner\DebugCmd.java,com.jagrosh.jmusicbot.commands.owner.DebugCmd,class,5,6,1,5,5,3,0,37,0,0.25,0.0,0.0,2,0,1,0,1,0,2,0,0,0,2,1,0,2,0,0,2,0,4,25,0,1,0,0,1,38,4,9,4,5,1,0,0,0,52,1,0
c:\Users\arthur.menezes_evolu\Desktop\Pes\MusicBot\src\main\java\com\jagrosh\jmusicbot\playlist\PlaylistLoader.java,com.jagrosh.jmusicbot.playlist.PlaylistLoader,class,6,17,11,6,21,1,0,37,0,0.11111111,0.0,0.0,9,1,8,1,0,0,8,0,0,0,1,0,0,1,0,0,1,0,18,174,8,1,0,2,1,11,6,10,6,11,5,0,2,3,36,1,0
c:\Users\arthur.menezes_evolu\Desktop\Pes\MusicBot\src\main\java\com\jagrosh\jmusicbot\commands\owner\AutoplaylistCmd.java,com.jagrosh.jmusicbot.commands.owner.AutoplaylistCmd,class,6,9,3,6,5,3,2,16,0,0.0,0.0,0.0,2,0,2,0,0,0,2,0,0,0,1,0,0,1,0,0,1,0,0,32,2,0,1,0,0,14,0,9,4,4,1,0,0,0,33,1,0
c:\Users\arthur.menezes_evolu\Desktop\Pes\MusicBot\src\main\java\com\jagrosh\jmusicbot\commands\owner\SetnameCmd.java,com.jagrosh.jmusicbot.commands.owner.SetnameCmd,class,4,5,1,4,4,3,0,12,1,0.0,0.0,0.0,2,0,1,0,1,0,2,0,0,0,0,0,0,0,0,0,0,0,0,22,0,0,0,1,0,8,0,6,3,1,1,0,0,0,34,1,0
c:\Users\arthur.menezes_evolu\Desktop\Pes\MusicBot\src\main\java\com\jagrosh\jmusicbot\queue\QueueSupplier.java,com.jagrosh.jmusicbot.queue.QueueSupplier,interface,2,3,1,2,1,1,0,0,0,0.0,NaN,NaN,1,0,0,0,0,1,1,0,0,0,0,0,0,0,0,0,0,0,0,3,0,0,0,0,0,0,0,0,0,0,0,0,0,0,7,1,0
c:\Users\arthur.menezes_evolu\Desktop\Pes\MusicBot\src\main\java\com\jagrosh\jmusicbot\commands\dj\StopCmd.java,com.jagrosh.jmusicbot.commands.dj.StopCmd,class,5,6,1,5,2,4,0,10,1,0.0,0.0,0.0,2,0,2,0,0,0,2,0,0,0,0,0,0,0,0,0,0,0,0,15,0,0,0,0,0,3,0,5,1,1,0,0,0,0,27,1,0
c:\Users\arthur.menezes_evolu\Desktop\Pes\MusicBot\src\main\java\com\jagrosh\jmusicbot\commands\music\PlayCmd.java,com.jagrosh.jmusicbot.commands.music.PlayCmd,class,10,11,1,10,11,5,0,37,0,0.6666667,0.0,0.0,2,0,2,0,0,0,2,0,0,0,3,2,0,3,0,0,3,0,1,151,2,1,1,0,0,21,3,13,4,7,3,0,2,1,50,1,0
