file,class,type,cbo,cboModified,fanin,fanout,wmc,dit,noc,rfc,lcom,lcom*,tcc,lcc,totalMethodsQty,staticMethodsQty,publicMethodsQty,privateMethodsQty,protectedMethodsQty,defaultMethodsQty,visibleMethodsQty,abstractMethodsQty,finalMethodsQty,synchronizedMethodsQty,totalFieldsQty,staticFieldsQty,publicFieldsQty,privateFieldsQty,protectedFieldsQty,defaultFieldsQty,finalFieldsQty,synchronizedFieldsQty,nosi,loc,returnQty,loopQty,comparisonsQty,tryCatchQty,parenthesizedExpsQty,stringLiteralsQty,numbersQty,assignmentsQty,mathOperationsQty,variablesQty,maxNestedBlocksQty,anonymousClassesQty,innerClassesQty,lambdasQty,uniqueWordsQty,modifiers,logStatementsQty
c:\Users\arthur.menezes_evolu\Desktop\Pes\ZoomHeader\app\src\main\java\com\wingsofts\zoomimageheader\ZoomHeaderViewPager.java,com.wingsofts.zoomimageheader.ZoomHeaderViewPager,class,5,6,1,5,8,2,0,3,6,0.75,0.0,0.0,4,0,3,0,1,0,4,0,0,0,1,0,1,0,0,0,0,0,0,31,5,0,2,0,0,0,3,3,2,2,3,0,0,0,34,1,0
c:\Users\arthur.menezes_evolu\Desktop\Pes\ZoomHeader\app\src\main\java\com\wingsofts\zoomimageheader\ZoomHeaderView.java,com.wingsofts.zoomimageheader.ZoomHeaderView$Anonymous5,anonymous,1,1,0,1,1,1,0,2,0,0.0,NaN,NaN,1,0,1,0,0,0,1,0,0,0,0,0,0,0,0,0,0,0,0,5,0,0,0,0,0,0,0,0,0,0,0,0,0,0,7,-1,0
c:\Users\arthur.menezes_evolu\Desktop\Pes\ZoomHeader\app\src\main\java\com\wingsofts\zoomimageheader\CtrlLinearLayoutManager.java,com.wingsofts.zoomimageheader.CtrlLinearLayoutManager,class,2,4,2,2,3,2,0,1,1,0.33333334,0.0,0.0,3,0,3,0,0,0,3,0,0,0,1,0,0,1,0,0,0,0,0,12,1,0,0,0,0,0,0,2,0,1,0,0,0,0,18,1,0
c:\Users\arthur.menezes_evolu\Desktop\Pes\ZoomHeader\app\src\main\java\com\wingsofts\zoomimageheader\ZoomHeaderBehavior.java,com.wingsofts.zoomimageheader.ZoomHeaderBehavior,class,9,10,1,9,21,1,0,23,16,0.625,0.0,0.0,8,0,6,2,0,0,6,0,0,0,2,0,0,2,0,0,0,0,0,84,4,1,3,0,11,0,27,15,33,13,3,1,0,0,56,1,0
c:\Users\arthur.menezes_evolu\Desktop\Pes\ZoomHeader\app\src\main\java\com\wingsofts\zoomimageheader\ZoomHeaderView.java,com.wingsofts.zoomimageheader.ZoomHeaderView$Anonymous4,anonymous,1,1,0,1,1,1,0,2,0,0.0,NaN,NaN,1,0,1,0,0,0,1,0,0,0,0,0,0,0,0,0,0,0,0,8,0,0,0,0,0,0,0,3,0,1,0,0,0,0,14,-1,0
c:\Users\arthur.menezes_evolu\Desktop\Pes\ZoomHeader\app\src\main\java\com\wingsofts\zoomimageheader\ZoomHeaderBehavior.java,com.wingsofts.zoomimageheader.ZoomHeaderBehavior$Anonymous1,anonymous,2,2,0,2,3,1,0,5,1,0.0,0.0,0.0,2,0,2,0,0,0,2,0,0,0,0,0,0,0,0,0,0,0,0,11,0,0,1,0,0,0,2,0,0,0,1,0,0,0,9,-1,0
c:\Users\arthur.menezes_evolu\Desktop\Pes\ZoomHeader\app\src\main\java\com\wingsofts\zoomimageheader\ZoomHeaderView.java,com.wingsofts.zoomimageheader.ZoomHeaderView$Anonymous6,anonymous,2,2,0,2,3,1,0,2,3,0.0,0.0,0.0,3,0,3,0,0,0,3,0,0,0,0,0,0,0,0,0,0,0,0,9,0,0,0,0,1,0,0,0,0,0,0,0,0,0,9,-1,0
c:\Users\arthur.menezes_evolu\Desktop\Pes\ZoomHeader\app\src\main\java\com\wingsofts\zoomimageheader\ListAdapter.java,com.wingsofts.zoomimageheader.ListAdapter$ViewHolder,innerclass,2,2,0,2,1,2,0,0,0,0.0,NaN,NaN,1,0,1,0,0,0,1,0,0,0,0,0,0,0,0,0,0,0,0,5,0,0,0,0,0,0,0,0,0,0,0,0,0,0,3,0,0
c:\Users\arthur.menezes_evolu\Desktop\Pes\ZoomHeader\app\src\main\java\com\wingsofts\zoomimageheader\HomeActivity.java,com.wingsofts.zoomimageheader.HomeActivity$ListAdapter$Anonymous1,anonymous,3,3,0,3,1,1,0,1,0,0.0,NaN,NaN,1,0,1,0,0,0,1,0,0,0,0,0,0,0,0,0,0,0,0,6,0,0,0,0,0,0,0,1,0,1,0,0,0,0,8,-1,0
c:\Users\arthur.menezes_evolu\Desktop\Pes\ZoomHeader\app\src\main\java\com\wingsofts\zoomimageheader\ListAdapter.java,com.wingsofts.zoomimageheader.ListAdapter,class,5,6,1,5,12,2,0,3,4,0.5,0.0,0.0,4,0,4,0,0,0,4,0,0,0,4,4,0,4,0,0,4,0,0,43,11,0,0,0,0,0,9,5,0,5,1,0,1,0,34,0,0
c:\Users\arthur.menezes_evolu\Desktop\Pes\ZoomHeader\app\src\main\java\com\wingsofts\zoomimageheader\ZoomHeaderView.java,com.wingsofts.zoomimageheader.ZoomHeaderView,class,15,19,4,15,34,2,0,31,105,0.8484848,0.0,0.0,18,0,12,4,2,0,14,0,0,0,11,0,0,11,0,0,1,0,1,190,10,0,0,0,3,0,23,25,24,25,3,6,0,0,98,1,0
c:\Users\arthur.menezes_evolu\Desktop\Pes\ZoomHeader\app\src\main\java\com\wingsofts\zoomimageheader\MainActivity.java,com.wingsofts.zoomimageheader.MainActivity$Adapter,innerclass,4,4,0,4,6,2,0,9,0,0.4,0.0,0.0,5,0,5,0,0,0,5,0,0,0,2,0,0,2,0,0,0,0,0,30,3,0,1,0,0,0,1,2,0,2,0,1,0,0,17,0,0
c:\Users\arthur.menezes_evolu\Desktop\Pes\ZoomHeader\app\src\main\java\com\wingsofts\zoomimageheader\MarginConfig.java,com.wingsofts.zoomimageheader.MarginConfig,class,0,0,0,0,0,1,0,0,0,NaN,-1.0,-1.0,0,0,0,0,0,0,0,0,0,0,1,1,1,0,0,0,0,0,0,3,0,0,0,0,0,0,1,1,0,1,0,0,0,0,18,1,0
c:\Users\arthur.menezes_evolu\Desktop\Pes\ZoomHeader\app\src\main\java\com\wingsofts\zoomimageheader\HomeActivity.java,com.wingsofts.zoomimageheader.HomeActivity$ListAdapter,innerclass,6,6,0,6,3,2,0,4,3,0.0,0.0,0.0,3,0,3,0,0,0,3,0,0,0,0,0,0,0,0,0,0,0,0,23,2,0,0,0,0,0,1,1,0,1,0,1,1,0,17,0,0
c:\Users\arthur.menezes_evolu\Desktop\Pes\ZoomHeader\app\src\test\java\com\wingsofts\zoomimageheader\ExampleUnitTest.java,com.wingsofts.zoomimageheader.ExampleUnitTest,class,1,1,0,1,1,1,0,1,0,0.0,NaN,NaN,1,0,1,0,0,0,1,0,0,0,0,0,0,0,0,0,0,0,0,5,0,0,0,0,0,0,3,0,1,0,0,0,0,0,23,1,0
c:\Users\arthur.menezes_evolu\Desktop\Pes\ZoomHeader\app\src\main\java\com\wingsofts\zoomimageheader\MainActivity.java,com.wingsofts.zoomimageheader.MainActivity,class,11,12,1,11,7,3,0,21,0,0.5833333,0.0,0.0,4,0,2,0,2,0,4,0,0,0,6,1,1,5,0,0,0,0,0,79,0,1,0,0,0,0,4,10,2,9,2,0,1,0,46,1,0
c:\Users\arthur.menezes_evolu\Desktop\Pes\ZoomHeader\app\src\main\java\com\wingsofts\zoomimageheader\MainActivity.java,com.wingsofts.zoomimageheader.MainActivity$Adapter$Anonymous1,anonymous,1,1,0,1,1,1,0,2,0,0.0,NaN,NaN,1,0,1,0,0,0,1,0,0,0,0,0,0,0,0,0,0,0,0,5,0,0,0,0,0,1,0,0,0,0,0,0,0,0,4,-1,0
c:\Users\arthur.menezes_evolu\Desktop\Pes\ZoomHeader\app\src\main\java\com\wingsofts\zoomimageheader\ZoomHeaderView.java,com.wingsofts.zoomimageheader.ZoomHeaderView$Anonymous1,anonymous,1,1,0,1,1,1,0,2,0,0.0,NaN,NaN,1,0,1,0,0,0,1,0,0,0,0,0,0,0,0,0,0,0,0,5,0,0,0,0,0,0,0,0,0,0,0,0,0,0,7,-1,0
c:\Users\arthur.menezes_evolu\Desktop\Pes\ZoomHeader\app\src\main\java\com\wingsofts\zoomimageheader\support\ZoomOutPageTransformer.java,com.wingsofts.zoomimageheader.support.ZoomOutPageTransformer,class,2,3,1,2,4,1,0,8,0,0.0,NaN,NaN,1,0,1,0,0,0,1,0,0,0,3,3,0,3,0,0,2,0,2,33,0,0,0,0,5,0,17,8,17,8,2,0,0,0,32,1,0
c:\Users\arthur.menezes_evolu\Desktop\Pes\ZoomHeader\app\src\main\java\com\wingsofts\zoomimageheader\ZoomHeaderView.java,com.wingsofts.zoomimageheader.ZoomHeaderView$Anonymous3,anonymous,1,1,0,1,1,1,0,2,0,0.0,NaN,NaN,1,0,1,0,0,0,1,0,0,0,0,0,0,0,0,0,0,0,0,5,0,0,0,0,0,0,0,0,0,0,0,0,0,0,7,-1,0
c:\Users\arthur.menezes_evolu\Desktop\Pes\ZoomHeader\app\src\main\java\com\wingsofts\zoomimageheader\ZoomHeaderView.java,com.wingsofts.zoomimageheader.ZoomHeaderView$Anonymous2,anonymous,1,1,0,1,1,1,0,2,0,0.0,NaN,NaN,1,0,1,0,0,0,1,0,0,0,0,0,0,0,0,0,0,0,0,8,0,0,0,0,0,0,0,3,0,1,0,0,0,0,14,-1,0
c:\Users\arthur.menezes_evolu\Desktop\Pes\ZoomHeader\app\src\main\java\com\wingsofts\zoomimageheader\HomeActivity.java,com.wingsofts.zoomimageheader.HomeActivity$ListAdapter$ViewHolder,innerclass,2,2,0,2,1,2,0,0,0,0.0,NaN,NaN,1,0,1,0,0,0,1,0,0,0,0,0,0,0,0,0,0,0,0,5,0,0,0,0,0,0,0,0,0,0,0,0,0,0,3,0,0
c:\Users\arthur.menezes_evolu\Desktop\Pes\ZoomHeader\app\src\main\java\com\wingsofts\zoomimageheader\HomeActivity.java,com.wingsofts.zoomimageheader.HomeActivity,class,5,5,0,5,1,2,0,5,0,0.0,NaN,NaN,1,0,0,0,1,0,1,0,0,0,0,0,0,0,0,0,0,0,0,32,0,0,0,0,0,0,0,1,0,1,0,0,1,0,23,1,0
c:\Users\arthur.menezes_evolu\Desktop\Pes\ZoomHeader\app\src\androidTest\java\com\wingsofts\zoomimageheader\ExampleInstrumentedTest.java,com.wingsofts.zoomimageheader.ExampleInstrumentedTest,class,4,4,0,4,1,1,0,3,0,0.0,NaN,NaN,1,0,1,0,0,0,1,0,0,0,0,0,0,0,0,0,0,0,0,6,0,0,0,0,0,1,0,1,0,1,0,0,0,0,21,1,0
