file,class,method,constructor,line,cbo,cboModified,fanin,fanout,wmc,rfc,loc,returnsQty,variablesQty,parametersQty,methodsInvokedQty,methodsInvokedLocalQty,methodsInvokedIndirectLocalQty,loopQty,comparisonsQty,tryCatchQty,parenthesizedExpsQty,stringLiteralsQty,numbersQty,assignmentsQty,mathOperationsQty,maxNestedBlocksQty,anonymousClassesQty,innerClassesQty,lambdasQty,uniqueWordsQty,modifiers,logStatementsQty,hasJavaDoc
c:\Users\arthur.menezes_evolu\Desktop\Pes\AnimationEasingFunctions\library\src\main\java\com\daimajia\easing\elastic\ElasticEaseOut.java,com.daimajia.easing.elastic.ElasticEaseOut,"calculate/4[float,float,float,float]",false,36,0,0,0,0,3,2,8,3,3,4,2,0,0,0,2,0,4,0,7,4,12,1,0,0,0,9,1,0,false
c:\Users\arthur.menezes_evolu\Desktop\Pes\AnimationEasingFunctions\library\src\main\java\com\daimajia\easing\elastic\ElasticEaseOut.java,com.daimajia.easing.elastic.ElasticEaseOut,ElasticEaseOut/1[float],true,31,0,0,0,0,1,0,3,0,0,1,0,0,0,0,0,0,0,0,0,0,0,0,0,0,0,4,1,0,false
c:\Users\arthur.menezes_evolu\Desktop\Pes\AnimationEasingFunctions\library\src\main\java\com\daimajia\easing\bounce\BounceEaseIn.java,com.daimajia.easing.bounce.BounceEaseIn,"calculate/4[float,float,float,float]",false,39,1,2,1,1,1,1,3,1,0,4,1,0,0,0,0,0,0,0,1,0,3,0,0,0,0,5,1,0,false
c:\Users\arthur.menezes_evolu\Desktop\Pes\AnimationEasingFunctions\library\src\main\java\com\daimajia\easing\bounce\BounceEaseIn.java,com.daimajia.easing.bounce.BounceEaseIn,BounceEaseIn/1[float],true,33,1,2,1,1,1,0,4,0,0,1,0,0,0,0,0,0,0,0,0,1,0,0,0,0,0,6,1,0,false
c:\Users\arthur.menezes_evolu\Desktop\Pes\AnimationEasingFunctions\library\src\main\java\com\daimajia\easing\cubic\CubicEaseIn.java,com.daimajia.easing.cubic.CubicEaseIn,CubicEaseIn/1[float],true,31,0,0,0,0,1,0,3,0,0,1,0,0,0,0,0,0,0,0,0,0,0,0,0,0,0,4,1,0,false
c:\Users\arthur.menezes_evolu\Desktop\Pes\AnimationEasingFunctions\library\src\main\java\com\daimajia\easing\cubic\CubicEaseIn.java,com.daimajia.easing.cubic.CubicEaseIn,"calculate/4[float,float,float,float]",false,36,0,0,0,0,1,0,3,1,0,4,0,0,0,0,0,0,1,0,0,1,2,0,0,0,0,6,1,0,false
c:\Users\arthur.menezes_evolu\Desktop\Pes\AnimationEasingFunctions\demo\src\main\java\daimajia\com\easing\MyActivity.java,daimajia.com.easing.MyActivity,onCreateOptionsMenu/1[daimajia.com.easing.Menu],false,69,1,0,0,0,1,2,4,1,0,1,2,0,0,0,0,0,0,0,0,0,0,0,0,0,0,8,1,0,false
c:\Users\arthur.menezes_evolu\Desktop\Pes\AnimationEasingFunctions\demo\src\main\java\daimajia\com\easing\MyActivity.java,daimajia.com.easing.MyActivity,onCreate/1[daimajia.com.easing.Bundle],false,32,5,1,0,1,1,5,27,0,0,1,5,0,0,0,0,0,0,0,0,4,0,0,1,0,0,30,4,0,false
c:\Users\arthur.menezes_evolu\Desktop\Pes\AnimationEasingFunctions\demo\src\main\java\daimajia\com\easing\MyActivity.java,daimajia.com.easing.MyActivity,"dipToPixels/2[daimajia.com.easing.Context,float]",false,63,2,2,2,0,1,3,4,1,1,2,3,0,0,0,0,0,0,0,0,1,0,0,0,0,0,8,9,0,false
c:\Users\arthur.menezes_evolu\Desktop\Pes\AnimationEasingFunctions\demo\src\main\java\daimajia\com\easing\MyActivity.java,daimajia.com.easing.MyActivity,onOptionsItemSelected/1[daimajia.com.easing.MenuItem],false,76,1,0,0,0,2,2,7,2,1,1,2,0,0,0,1,0,0,0,0,1,0,1,0,0,0,8,1,0,false
c:\Users\arthur.menezes_evolu\Desktop\Pes\AnimationEasingFunctions\library\src\main\java\com\daimajia\easing\quad\QuadEaseOut.java,com.daimajia.easing.quad.QuadEaseOut,QuadEaseOut/1[float],true,30,0,0,0,0,1,0,3,0,0,1,0,0,0,0,0,0,0,0,0,0,0,0,0,0,0,4,1,0,false
c:\Users\arthur.menezes_evolu\Desktop\Pes\AnimationEasingFunctions\library\src\main\java\com\daimajia\easing\quad\QuadEaseOut.java,com.daimajia.easing.quad.QuadEaseOut,"calculate/4[float,float,float,float]",false,35,0,0,0,0,1,0,3,1,0,4,0,0,0,0,0,0,2,0,1,1,3,0,0,0,0,6,1,0,false
c:\Users\arthur.menezes_evolu\Desktop\Pes\AnimationEasingFunctions\library\src\main\java\com\daimajia\easing\expo\ExpoEaseInOut.java,com.daimajia.easing.expo.ExpoEaseInOut,ExpoEaseInOut/1[float],true,30,0,0,0,0,1,0,3,0,0,1,0,0,0,0,0,0,0,0,0,0,0,0,0,0,0,5,1,0,false
c:\Users\arthur.menezes_evolu\Desktop\Pes\AnimationEasingFunctions\library\src\main\java\com\daimajia\easing\expo\ExpoEaseInOut.java,com.daimajia.easing.expo.ExpoEaseInOut,"calculate/4[float,float,float,float]",false,35,0,0,0,0,4,1,6,4,0,4,1,0,0,0,2,0,3,0,11,1,12,1,0,0,0,6,1,0,false
c:\Users\arthur.menezes_evolu\Desktop\Pes\AnimationEasingFunctions\library\src\main\java\com\daimajia\easing\quad\QuadEaseInOut.java,com.daimajia.easing.quad.QuadEaseInOut,QuadEaseInOut/1[float],true,30,0,0,0,0,1,0,3,0,0,1,0,0,0,0,0,0,0,0,0,0,0,0,0,0,0,5,1,0,false
c:\Users\arthur.menezes_evolu\Desktop\Pes\AnimationEasingFunctions\library\src\main\java\com\daimajia\easing\quad\QuadEaseInOut.java,com.daimajia.easing.quad.QuadEaseInOut,"calculate/4[float,float,float,float]",false,35,0,0,0,0,2,0,4,2,0,4,0,0,0,0,0,0,4,0,6,1,11,1,0,0,0,6,1,0,false
c:\Users\arthur.menezes_evolu\Desktop\Pes\AnimationEasingFunctions\library\src\main\java\com\daimajia\easing\bounce\BounceEaseOut.java,com.daimajia.easing.bounce.BounceEaseOut,BounceEaseOut/1[float],true,31,0,2,2,0,1,0,3,0,0,1,0,0,0,0,0,0,0,0,0,0,0,0,0,0,0,4,1,0,false
c:\Users\arthur.menezes_evolu\Desktop\Pes\AnimationEasingFunctions\library\src\main\java\com\daimajia\easing\bounce\BounceEaseOut.java,com.daimajia.easing.bounce.BounceEaseOut,"calculate/4[float,float,float,float]",false,36,0,2,2,0,4,0,14,4,0,4,0,0,0,0,0,0,14,0,19,4,21,1,0,0,0,6,1,0,false
c:\Users\arthur.menezes_evolu\Desktop\Pes\AnimationEasingFunctions\library\src\main\java\com\daimajia\easing\back\BackEaseIn.java,com.daimajia.easing.back.BackEaseIn,BackEaseIn/1[float],true,33,0,0,0,0,1,0,3,0,0,1,0,0,0,0,0,0,0,0,0,0,0,0,0,0,0,4,1,0,false
c:\Users\arthur.menezes_evolu\Desktop\Pes\AnimationEasingFunctions\library\src\main\java\com\daimajia\easing\back\BackEaseIn.java,com.daimajia.easing.back.BackEaseIn,"BackEaseIn/2[float,float]",true,37,0,0,0,0,1,0,4,0,0,2,0,0,0,0,0,0,0,0,0,1,0,0,0,0,0,6,1,0,false
c:\Users\arthur.menezes_evolu\Desktop\Pes\AnimationEasingFunctions\library\src\main\java\com\daimajia\easing\back\BackEaseIn.java,com.daimajia.easing.back.BackEaseIn,"calculate/4[float,float,float,float]",false,43,0,0,0,0,1,0,3,1,0,4,0,0,0,0,0,0,3,0,1,1,5,0,0,0,0,7,1,0,false
c:\Users\arthur.menezes_evolu\Desktop\Pes\AnimationEasingFunctions\library\src\main\java\com\daimajia\easing\cubic\CubicEaseInOut.java,com.daimajia.easing.cubic.CubicEaseInOut,CubicEaseInOut/1[float],true,31,0,0,0,0,1,0,3,0,0,1,0,0,0,0,0,0,0,0,0,0,0,0,0,0,0,5,1,0,false
c:\Users\arthur.menezes_evolu\Desktop\Pes\AnimationEasingFunctions\library\src\main\java\com\daimajia\easing\cubic\CubicEaseInOut.java,com.daimajia.easing.cubic.CubicEaseInOut,"calculate/4[float,float,float,float]",false,36,0,0,0,0,2,0,4,2,0,4,0,0,0,0,0,0,3,0,6,2,11,1,0,0,0,6,1,0,false
c:\Users\arthur.menezes_evolu\Desktop\Pes\AnimationEasingFunctions\library\src\main\java\com\daimajia\easing\sine\SineEaseIn.java,com.daimajia.easing.sine.SineEaseIn,SineEaseIn/1[float],true,31,0,0,0,0,1,0,3,0,0,1,0,0,0,0,0,0,0,0,0,0,0,0,0,0,0,4,1,0,false
c:\Users\arthur.menezes_evolu\Desktop\Pes\AnimationEasingFunctions\library\src\main\java\com\daimajia\easing\sine\SineEaseIn.java,com.daimajia.easing.sine.SineEaseIn,"calculate/4[float,float,float,float]",false,36,0,0,0,0,1,1,3,1,0,4,1,0,0,0,0,0,1,0,1,0,6,0,0,0,0,6,1,0,false
c:\Users\arthur.menezes_evolu\Desktop\Pes\AnimationEasingFunctions\library\src\main\java\com\daimajia\easing\cubic\CubicEaseOut.java,com.daimajia.easing.cubic.CubicEaseOut,CubicEaseOut/1[float],true,31,0,0,0,0,1,0,3,0,0,1,0,0,0,0,0,0,0,0,0,0,0,0,0,0,0,4,1,0,false
c:\Users\arthur.menezes_evolu\Desktop\Pes\AnimationEasingFunctions\library\src\main\java\com\daimajia\easing\cubic\CubicEaseOut.java,com.daimajia.easing.cubic.CubicEaseOut,"calculate/4[float,float,float,float]",false,36,0,0,0,0,1,0,3,1,0,4,0,0,0,0,0,0,2,0,2,1,6,0,0,0,0,6,1,0,false
c:\Users\arthur.menezes_evolu\Desktop\Pes\AnimationEasingFunctions\library\src\main\java\com\daimajia\easing\quint\QuintEaseOut.java,com.daimajia.easing.quint.QuintEaseOut,QuintEaseOut/1[float],true,30,0,0,0,0,1,0,3,0,0,1,0,0,0,0,0,0,0,0,0,0,0,0,0,0,0,4,1,0,false
c:\Users\arthur.menezes_evolu\Desktop\Pes\AnimationEasingFunctions\library\src\main\java\com\daimajia\easing\quint\QuintEaseOut.java,com.daimajia.easing.quint.QuintEaseOut,"calculate/4[float,float,float,float]",false,35,0,0,0,0,1,0,3,1,0,4,0,0,0,0,0,0,2,0,2,1,6,0,0,0,0,6,1,0,false
c:\Users\arthur.menezes_evolu\Desktop\Pes\AnimationEasingFunctions\demo\src\main\java\daimajia\com\easing\DrawView.java,daimajia.com.easing.DrawView,(initializer 1),false,50,0,0,0,0,1,5,7,0,0,0,5,0,0,0,0,0,0,0,4,0,0,0,0,0,0,1,0,0,false
c:\Users\arthur.menezes_evolu\Desktop\Pes\AnimationEasingFunctions\demo\src\main\java\daimajia\com\easing\DrawView.java,daimajia.com.easing.DrawView,"dipToPixels/2[daimajia.com.easing.Context,float]",false,80,2,1,1,0,1,3,4,1,1,2,3,0,0,0,0,0,0,0,0,1,0,0,0,0,0,8,9,0,false
c:\Users\arthur.menezes_evolu\Desktop\Pes\AnimationEasingFunctions\demo\src\main\java\daimajia\com\easing\DrawView.java,daimajia.com.easing.DrawView,"DrawView/3[daimajia.com.easing.Context,daimajia.com.easing.AttributeSet,int]",true,65,2,0,0,0,1,0,3,0,0,3,0,0,0,0,0,0,0,0,0,0,0,0,0,0,0,6,1,0,false
c:\Users\arthur.menezes_evolu\Desktop\Pes\AnimationEasingFunctions\demo\src\main\java\daimajia\com\easing\DrawView.java,daimajia.com.easing.DrawView,onDraw/1[daimajia.com.easing.Canvas],false,70,2,1,0,1,1,9,9,0,4,1,9,1,1,0,0,0,0,0,3,4,3,0,0,0,0,18,4,0,false
c:\Users\arthur.menezes_evolu\Desktop\Pes\AnimationEasingFunctions\demo\src\main\java\daimajia\com\easing\DrawView.java,daimajia.com.easing.DrawView,"DrawView/2[daimajia.com.easing.Context,daimajia.com.easing.AttributeSet]",true,61,2,0,0,0,1,0,3,0,0,2,0,0,0,0,0,0,0,0,0,0,0,0,0,0,0,4,1,0,false
c:\Users\arthur.menezes_evolu\Desktop\Pes\AnimationEasingFunctions\demo\src\main\java\daimajia\com\easing\DrawView.java,daimajia.com.easing.DrawView,DrawView/1[daimajia.com.easing.Context],true,57,1,0,0,0,1,0,3,0,0,1,0,0,0,0,0,0,0,0,0,0,0,0,0,0,0,4,1,0,false
c:\Users\arthur.menezes_evolu\Desktop\Pes\AnimationEasingFunctions\demo\src\main\java\daimajia\com\easing\DrawView.java,daimajia.com.easing.DrawView,"drawPoint/3[float,float,float]",false,85,0,1,1,0,2,5,11,0,3,3,5,0,0,0,0,0,0,0,0,4,3,1,0,0,0,14,1,0,false
c:\Users\arthur.menezes_evolu\Desktop\Pes\AnimationEasingFunctions\demo\src\main\java\daimajia\com\easing\DrawView.java,daimajia.com.easing.DrawView,clear/0,false,97,0,1,1,0,1,2,5,0,0,0,2,0,0,0,0,0,0,0,0,1,0,0,0,0,0,4,1,0,false
c:\Users\arthur.menezes_evolu\Desktop\Pes\AnimationEasingFunctions\library\src\main\java\com\daimajia\easing\Glider.java,com.daimajia.easing.Glider,"glide/4[com.daimajia.easing.Skill,float,com.daimajia.easing.ValueAnimator,com.daimajia.easing.BaseEasingMethod.EasingListener[]]",false,37,4,4,2,2,2,3,6,1,1,4,3,0,0,0,1,0,0,0,0,1,0,1,0,0,0,12,9,0,false
c:\Users\arthur.menezes_evolu\Desktop\Pes\AnimationEasingFunctions\library\src\main\java\com\daimajia\easing\Glider.java,com.daimajia.easing.Glider,"glide/3[com.daimajia.easing.Skill,float,com.daimajia.easing.PropertyValuesHolder]",false,47,2,1,0,1,1,2,4,1,0,3,2,0,0,0,0,0,0,0,0,0,0,0,0,0,0,7,9,0,false
c:\Users\arthur.menezes_evolu\Desktop\Pes\AnimationEasingFunctions\library\src\main\java\com\daimajia\easing\Glider.java,com.daimajia.easing.Glider,"glide/3[com.daimajia.easing.Skill,float,com.daimajia.easing.ValueAnimator]",false,33,4,1,0,1,1,1,3,1,0,3,1,1,1,0,0,0,0,0,0,0,0,0,0,0,0,6,9,0,false
c:\Users\arthur.menezes_evolu\Desktop\Pes\AnimationEasingFunctions\library\src\main\java\com\daimajia\easing\Skill.java,com.daimajia.easing.Skill,getMethod/1[float],false,102,1,3,3,0,2,3,9,1,0,1,3,0,0,0,0,1,0,1,0,0,0,1,0,0,0,11,1,0,false
c:\Users\arthur.menezes_evolu\Desktop\Pes\AnimationEasingFunctions\library\src\main\java\com\daimajia\easing\Skill.java,com.daimajia.easing.Skill,Skill/1[java.lang.Class],true,98,0,0,0,0,1,0,3,0,0,1,0,0,0,0,0,0,0,0,0,1,0,0,0,0,0,5,2,0,false
c:\Users\arthur.menezes_evolu\Desktop\Pes\AnimationEasingFunctions\library\src\main\java\com\daimajia\easing\quint\QuintEaseInOut.java,com.daimajia.easing.quint.QuintEaseInOut,QuintEaseInOut/1[float],true,30,0,0,0,0,1,0,3,0,0,1,0,0,0,0,0,0,0,0,0,0,0,0,0,0,0,5,1,0,false
c:\Users\arthur.menezes_evolu\Desktop\Pes\AnimationEasingFunctions\library\src\main\java\com\daimajia\easing\quint\QuintEaseInOut.java,com.daimajia.easing.quint.QuintEaseInOut,"calculate/4[float,float,float,float]",false,35,0,0,0,0,2,0,4,2,0,4,0,0,0,0,0,0,3,0,6,2,13,1,0,0,0,6,1,0,false
c:\Users\arthur.menezes_evolu\Desktop\Pes\AnimationEasingFunctions\library\src\main\java\com\daimajia\easing\elastic\ElasticEaseInOut.java,com.daimajia.easing.elastic.ElasticEaseInOut,ElasticEaseInOut/1[float],true,32,0,0,0,0,1,0,3,0,0,1,0,0,0,0,0,0,0,0,0,0,0,0,0,0,0,5,1,0,false
c:\Users\arthur.menezes_evolu\Desktop\Pes\AnimationEasingFunctions\library\src\main\java\com\daimajia\easing\elastic\ElasticEaseInOut.java,com.daimajia.easing.elastic.ElasticEaseInOut,"calculate/4[float,float,float,float]",false,37,0,0,0,0,4,2,9,4,3,4,2,0,0,0,2,0,9,0,17,6,23,1,0,0,0,9,1,0,false
c:\Users\arthur.menezes_evolu\Desktop\Pes\AnimationEasingFunctions\library\src\main\java\com\daimajia\easing\quint\QuintEaseIn.java,com.daimajia.easing.quint.QuintEaseIn,QuintEaseIn/1[float],true,30,0,0,0,0,1,0,3,0,0,1,0,0,0,0,0,0,0,0,0,0,0,0,0,0,0,4,1,0,false
c:\Users\arthur.menezes_evolu\Desktop\Pes\AnimationEasingFunctions\library\src\main\java\com\daimajia\easing\quint\QuintEaseIn.java,com.daimajia.easing.quint.QuintEaseIn,"calculate/4[float,float,float,float]",false,35,0,0,0,0,1,0,3,1,0,4,0,0,0,0,0,0,1,0,0,1,2,0,0,0,0,6,1,0,false
c:\Users\arthur.menezes_evolu\Desktop\Pes\AnimationEasingFunctions\demo\src\main\java\daimajia\com\easing\EasingAdapter.java,daimajia.com.easing.EasingAdapter,EasingAdapter/1[daimajia.com.easing.Context],true,18,1,1,1,0,1,0,3,0,0,1,0,0,0,0,0,0,0,0,0,1,0,0,0,0,0,5,1,0,false
c:\Users\arthur.menezes_evolu\Desktop\Pes\AnimationEasingFunctions\demo\src\main\java\daimajia\com\easing\EasingAdapter.java,daimajia.com.easing.EasingAdapter,getItemId/1[int],false,33,0,0,0,0,1,0,3,1,0,1,0,0,0,0,0,0,0,0,0,0,0,0,0,0,0,4,1,0,false
c:\Users\arthur.menezes_evolu\Desktop\Pes\AnimationEasingFunctions\demo\src\main\java\daimajia\com\easing\EasingAdapter.java,daimajia.com.easing.EasingAdapter,getCount/0,false,23,1,1,0,1,1,1,3,1,0,0,1,0,0,0,0,0,0,0,0,0,0,0,0,0,0,2,1,0,false
c:\Users\arthur.menezes_evolu\Desktop\Pes\AnimationEasingFunctions\demo\src\main\java\daimajia\com\easing\EasingAdapter.java,daimajia.com.easing.EasingAdapter,getItem/1[int],false,28,1,2,1,1,1,1,3,1,0,1,1,0,0,0,0,0,0,0,0,0,0,0,0,0,0,4,1,0,false
c:\Users\arthur.menezes_evolu\Desktop\Pes\AnimationEasingFunctions\demo\src\main\java\daimajia\com\easing\EasingAdapter.java,daimajia.com.easing.EasingAdapter,"getView/3[int,daimajia.com.easing.View,daimajia.com.easing.ViewGroup]",false,38,6,2,0,2,1,11,11,1,6,3,11,1,1,0,0,0,1,1,2,6,1,0,0,0,0,20,1,0,false
c:\Users\arthur.menezes_evolu\Desktop\Pes\AnimationEasingFunctions\library\src\main\java\com\daimajia\easing\linear\Linear.java,com.daimajia.easing.linear.Linear,"calculate/4[float,float,float,float]",false,37,0,0,0,0,1,0,3,1,0,4,0,0,0,0,0,0,0,0,0,0,3,0,0,0,0,6,1,0,false
c:\Users\arthur.menezes_evolu\Desktop\Pes\AnimationEasingFunctions\library\src\main\java\com\daimajia\easing\linear\Linear.java,com.daimajia.easing.linear.Linear,Linear/1[float],true,32,0,0,0,0,1,0,3,0,0,1,0,0,0,0,0,0,0,0,0,0,0,0,0,0,0,2,1,0,false
c:\Users\arthur.menezes_evolu\Desktop\Pes\AnimationEasingFunctions\demo\src\main\java\daimajia\com\easing\MyActivity.java,daimajia.com.easing.MyActivity$Anonymous1$Anonymous2,"on/5[float,float,float,float,float]",false,51,2,2,0,2,1,2,3,0,0,5,2,0,0,0,0,0,0,0,1,0,1,0,0,0,0,5,1,0,false
c:\Users\arthur.menezes_evolu\Desktop\Pes\AnimationEasingFunctions\library\src\main\java\com\daimajia\easing\back\BackEaseOut.java,com.daimajia.easing.back.BackEaseOut,"calculate/4[float,float,float,float]",false,43,0,0,0,0,1,0,3,1,0,4,0,0,0,0,0,0,4,0,3,1,9,0,0,0,0,7,1,0,false
c:\Users\arthur.menezes_evolu\Desktop\Pes\AnimationEasingFunctions\library\src\main\java\com\daimajia\easing\back\BackEaseOut.java,com.daimajia.easing.back.BackEaseOut,"BackEaseOut/2[float,float]",true,37,0,0,0,0,1,0,4,0,0,2,0,0,0,0,0,0,0,0,0,1,0,0,0,0,0,6,1,0,false
c:\Users\arthur.menezes_evolu\Desktop\Pes\AnimationEasingFunctions\library\src\main\java\com\daimajia\easing\back\BackEaseOut.java,com.daimajia.easing.back.BackEaseOut,BackEaseOut/1[float],true,33,0,0,0,0,1,0,3,0,0,1,0,0,0,0,0,0,0,0,0,0,0,0,0,0,0,4,1,0,false
c:\Users\arthur.menezes_evolu\Desktop\Pes\AnimationEasingFunctions\library\src\main\java\com\daimajia\easing\circ\CircEaseOut.java,com.daimajia.easing.circ.CircEaseOut,"calculate/4[float,float,float,float]",false,36,0,0,0,0,1,1,3,1,0,4,1,0,0,0,0,0,1,0,2,1,6,0,0,0,0,6,1,0,false
c:\Users\arthur.menezes_evolu\Desktop\Pes\AnimationEasingFunctions\library\src\main\java\com\daimajia\easing\circ\CircEaseOut.java,com.daimajia.easing.circ.CircEaseOut,CircEaseOut/1[float],true,31,0,0,0,0,1,0,3,0,0,1,0,0,0,0,0,0,0,0,0,0,0,0,0,0,0,4,1,0,false
c:\Users\arthur.menezes_evolu\Desktop\Pes\AnimationEasingFunctions\library\src\main\java\com\daimajia\easing\quad\QuadEaseIn.java,com.daimajia.easing.quad.QuadEaseIn,QuadEaseIn/1[float],true,30,0,0,0,0,1,0,3,0,0,1,0,0,0,0,0,0,0,0,0,0,0,0,0,0,0,4,1,0,false
c:\Users\arthur.menezes_evolu\Desktop\Pes\AnimationEasingFunctions\library\src\main\java\com\daimajia\easing\quad\QuadEaseIn.java,com.daimajia.easing.quad.QuadEaseIn,"calculate/4[float,float,float,float]",false,35,0,0,0,0,1,0,3,1,0,4,0,0,0,0,0,0,1,0,0,1,2,0,0,0,0,6,1,0,false
c:\Users\arthur.menezes_evolu\Desktop\Pes\AnimationEasingFunctions\library\src\main\java\com\daimajia\easing\bounce\BounceEaseInOut.java,com.daimajia.easing.bounce.BounceEaseInOut,"calculate/4[float,float,float,float]",false,41,2,2,0,2,2,2,4,2,0,4,2,0,0,0,0,0,0,0,8,0,10,1,0,0,0,6,1,0,false
c:\Users\arthur.menezes_evolu\Desktop\Pes\AnimationEasingFunctions\library\src\main\java\com\daimajia\easing\bounce\BounceEaseInOut.java,com.daimajia.easing.bounce.BounceEaseInOut,BounceEaseInOut/1[float],true,34,2,2,0,2,1,0,5,0,0,1,0,0,0,0,0,0,0,0,0,2,0,0,0,0,0,6,1,0,false
c:\Users\arthur.menezes_evolu\Desktop\Pes\AnimationEasingFunctions\library\src\main\java\com\daimajia\easing\BaseEasingMethod.java,com.daimajia.easing.BaseEasingMethod$EasingListener,"on/5[float,float,float,float,float]",false,38,0,1,1,0,1,0,1,0,0,5,0,0,0,0,0,0,0,0,0,0,0,0,0,0,0,2,1,0,false
c:\Users\arthur.menezes_evolu\Desktop\Pes\AnimationEasingFunctions\demo\src\main\java\daimajia\com\easing\MyActivity.java,daimajia.com.easing.MyActivity$Anonymous1,"onItemClick/4[daimajia.com.easing.AdapterView<?>,daimajia.com.easing.View,int,long]",false,42,8,4,0,4,1,10,15,0,2,4,10,0,0,0,0,0,1,1,7,2,1,0,1,0,0,13,1,0,false
c:\Users\arthur.menezes_evolu\Desktop\Pes\AnimationEasingFunctions\library\src\main\java\com\daimajia\easing\BaseEasingMethod.java,com.daimajia.easing.BaseEasingMethod,BaseEasingMethod/1[float],true,59,0,0,0,0,1,0,3,0,0,1,0,0,0,0,0,0,0,0,0,1,0,0,0,0,0,6,1,0,false
c:\Users\arthur.menezes_evolu\Desktop\Pes\AnimationEasingFunctions\library\src\main\java\com\daimajia\easing\BaseEasingMethod.java,com.daimajia.easing.BaseEasingMethod,setDuration/1[float],false,63,0,0,0,0,1,0,3,0,0,1,0,0,0,0,0,0,0,0,0,1,0,0,0,0,0,4,1,0,false
c:\Users\arthur.menezes_evolu\Desktop\Pes\AnimationEasingFunctions\library\src\main\java\com\daimajia\easing\BaseEasingMethod.java,com.daimajia.easing.BaseEasingMethod,"evaluate/3[float,java.lang.Number,java.lang.Number]",false,69,2,2,0,2,2,3,11,1,5,3,3,1,1,1,0,0,0,0,0,5,2,1,0,0,0,17,17,0,false
c:\Users\arthur.menezes_evolu\Desktop\Pes\AnimationEasingFunctions\library\src\main\java\com\daimajia\easing\BaseEasingMethod.java,com.daimajia.easing.BaseEasingMethod,addEasingListeners/1[com.daimajia.easing.BaseEasingMethod.EasingListener[]],false,45,1,1,1,0,2,1,5,0,0,1,1,0,0,1,0,0,0,0,0,0,0,1,0,0,0,6,1,0,false
c:\Users\arthur.menezes_evolu\Desktop\Pes\AnimationEasingFunctions\library\src\main\java\com\daimajia\easing\BaseEasingMethod.java,com.daimajia.easing.BaseEasingMethod,removeEasingListener/1[com.daimajia.easing.BaseEasingMethod.EasingListener],false,51,1,0,0,0,1,1,3,0,0,1,1,0,0,0,0,0,0,0,0,0,0,0,0,0,0,4,1,0,false
c:\Users\arthur.menezes_evolu\Desktop\Pes\AnimationEasingFunctions\library\src\main\java\com\daimajia\easing\BaseEasingMethod.java,com.daimajia.easing.BaseEasingMethod,"calculate/4[float,float,float,float]",false,81,0,1,1,0,1,0,1,0,0,4,0,0,0,0,0,0,0,0,0,0,0,0,0,0,0,3,1025,0,false
c:\Users\arthur.menezes_evolu\Desktop\Pes\AnimationEasingFunctions\library\src\main\java\com\daimajia\easing\BaseEasingMethod.java,com.daimajia.easing.BaseEasingMethod,addEasingListener/1[com.daimajia.easing.BaseEasingMethod.EasingListener],false,41,1,0,0,0,1,1,3,0,0,1,1,0,0,0,0,0,0,0,0,0,0,0,0,0,0,4,1,0,false
c:\Users\arthur.menezes_evolu\Desktop\Pes\AnimationEasingFunctions\library\src\main\java\com\daimajia\easing\BaseEasingMethod.java,com.daimajia.easing.BaseEasingMethod,clearEasingListeners/0,false,55,0,0,0,0,1,1,3,0,0,0,1,0,0,0,0,0,0,0,0,0,0,0,0,0,0,3,1,0,false
c:\Users\arthur.menezes_evolu\Desktop\Pes\AnimationEasingFunctions\library\src\main\java\com\daimajia\easing\sine\SineEaseOut.java,com.daimajia.easing.sine.SineEaseOut,SineEaseOut/1[float],true,30,0,0,0,0,1,0,3,0,0,1,0,0,0,0,0,0,0,0,0,0,0,0,0,0,0,4,1,0,false
c:\Users\arthur.menezes_evolu\Desktop\Pes\AnimationEasingFunctions\library\src\main\java\com\daimajia\easing\sine\SineEaseOut.java,com.daimajia.easing.sine.SineEaseOut,"calculate/4[float,float,float,float]",false,35,0,0,0,0,1,1,3,1,0,4,1,0,0,0,0,0,1,0,1,0,5,0,0,0,0,6,1,0,false
c:\Users\arthur.menezes_evolu\Desktop\Pes\AnimationEasingFunctions\library\src\main\java\com\daimajia\easing\sine\SineEaseInOut.java,com.daimajia.easing.sine.SineEaseInOut,SineEaseInOut/1[float],true,30,0,0,0,0,1,0,3,0,0,1,0,0,0,0,0,0,0,0,0,0,0,0,0,0,0,5,1,0,false
c:\Users\arthur.menezes_evolu\Desktop\Pes\AnimationEasingFunctions\library\src\main\java\com\daimajia\easing\sine\SineEaseInOut.java,com.daimajia.easing.sine.SineEaseInOut,"calculate/4[float,float,float,float]",false,35,0,0,0,0,1,1,3,1,0,4,1,0,0,0,0,0,1,0,2,0,6,0,0,0,0,6,1,0,false
c:\Users\arthur.menezes_evolu\Desktop\Pes\AnimationEasingFunctions\library\src\main\java\com\daimajia\easing\expo\ExpoEaseIn.java,com.daimajia.easing.expo.ExpoEaseIn,ExpoEaseIn/1[float],true,30,0,0,0,0,1,0,3,0,0,1,0,0,0,0,0,0,0,0,0,0,0,0,0,0,0,4,1,0,false
c:\Users\arthur.menezes_evolu\Desktop\Pes\AnimationEasingFunctions\library\src\main\java\com\daimajia\easing\expo\ExpoEaseIn.java,com.daimajia.easing.expo.ExpoEaseIn,"calculate/4[float,float,float,float]",false,35,0,0,0,0,2,1,3,1,0,4,1,0,0,0,1,0,2,0,4,0,5,0,0,0,0,6,1,0,false
c:\Users\arthur.menezes_evolu\Desktop\Pes\AnimationEasingFunctions\library\src\main\java\com\daimajia\easing\circ\CircEaseInOut.java,com.daimajia.easing.circ.CircEaseInOut,"calculate/4[float,float,float,float]",false,36,0,0,0,0,2,1,4,2,0,4,1,0,0,0,0,0,4,0,9,2,13,1,0,0,0,6,1,0,false
c:\Users\arthur.menezes_evolu\Desktop\Pes\AnimationEasingFunctions\library\src\main\java\com\daimajia\easing\circ\CircEaseInOut.java,com.daimajia.easing.circ.CircEaseInOut,CircEaseInOut/1[float],true,31,0,0,0,0,1,0,3,0,0,1,0,0,0,0,0,0,0,0,0,0,0,0,0,0,0,5,1,0,false
c:\Users\arthur.menezes_evolu\Desktop\Pes\AnimationEasingFunctions\library\src\main\java\com\daimajia\easing\expo\ExpoEaseOut.java,com.daimajia.easing.expo.ExpoEaseOut,ExpoEaseOut/1[float],true,30,0,0,0,0,1,0,3,0,0,1,0,0,0,0,0,0,0,0,0,0,0,0,0,0,0,4,1,0,false
c:\Users\arthur.menezes_evolu\Desktop\Pes\AnimationEasingFunctions\library\src\main\java\com\daimajia\easing\expo\ExpoEaseOut.java,com.daimajia.easing.expo.ExpoEaseOut,"calculate/4[float,float,float,float]",false,35,0,0,0,0,2,1,3,1,0,4,1,0,0,0,1,0,2,0,3,0,6,0,0,0,0,6,1,0,false
c:\Users\arthur.menezes_evolu\Desktop\Pes\AnimationEasingFunctions\library\src\main\java\com\daimajia\easing\circ\CircEaseIn.java,com.daimajia.easing.circ.CircEaseIn,"calculate/4[float,float,float,float]",false,36,0,0,0,0,1,1,3,1,0,4,1,0,0,0,0,0,2,0,2,1,5,0,0,0,0,6,1,0,false
c:\Users\arthur.menezes_evolu\Desktop\Pes\AnimationEasingFunctions\library\src\main\java\com\daimajia\easing\circ\CircEaseIn.java,com.daimajia.easing.circ.CircEaseIn,CircEaseIn/1[float],true,31,0,0,0,0,1,0,3,0,0,1,0,0,0,0,0,0,0,0,0,0,0,0,0,0,0,4,1,0,false
c:\Users\arthur.menezes_evolu\Desktop\Pes\AnimationEasingFunctions\library\src\main\java\com\daimajia\easing\back\BackEaseInOut.java,com.daimajia.easing.back.BackEaseInOut,BackEaseInOut/1[float],true,33,0,0,0,0,1,0,3,0,0,1,0,0,0,0,0,0,0,0,0,0,0,0,0,0,0,5,1,0,false
c:\Users\arthur.menezes_evolu\Desktop\Pes\AnimationEasingFunctions\library\src\main\java\com\daimajia\easing\back\BackEaseInOut.java,com.daimajia.easing.back.BackEaseInOut,"BackEaseInOut/2[float,float]",true,37,0,0,0,0,1,0,4,0,0,2,0,0,0,0,0,0,0,0,0,1,0,0,0,0,0,7,1,0,false
c:\Users\arthur.menezes_evolu\Desktop\Pes\AnimationEasingFunctions\library\src\main\java\com\daimajia\easing\back\BackEaseInOut.java,com.daimajia.easing.back.BackEaseInOut,"calculate/4[float,float,float,float]",false,43,0,0,0,0,2,0,4,2,0,4,0,0,0,0,0,0,8,0,8,2,16,1,0,0,0,7,1,0,false
c:\Users\arthur.menezes_evolu\Desktop\Pes\AnimationEasingFunctions\library\src\main\java\com\daimajia\easing\elastic\ElasticEaseIn.java,com.daimajia.easing.elastic.ElasticEaseIn,"calculate/4[float,float,float,float]",false,36,0,0,0,0,3,2,8,3,3,4,2,0,0,0,2,0,5,0,8,5,11,1,0,0,0,9,1,0,false
c:\Users\arthur.menezes_evolu\Desktop\Pes\AnimationEasingFunctions\library\src\main\java\com\daimajia\easing\elastic\ElasticEaseIn.java,com.daimajia.easing.elastic.ElasticEaseIn,ElasticEaseIn/1[float],true,31,0,0,0,0,1,0,3,0,0,1,0,0,0,0,0,0,0,0,0,0,0,0,0,0,0,4,1,0,false
