file,class,method,constructor,line,cbo,cboModified,fanin,fanout,wmc,rfc,loc,returnsQty,variablesQty,parametersQty,methodsInvokedQty,methodsInvokedLocalQty,methodsInvokedIndirectLocalQty,loopQty,comparisonsQty,tryCatchQty,parenthesizedExpsQty,stringLiteralsQty,numbersQty,assignmentsQty,mathOperationsQty,maxNestedBlocksQty,anonymousClassesQty,innerClassesQty,lambdasQty,uniqueWordsQty,modifiers,logStatementsQty,hasJavaDoc
c:\Users\arthur.menezes_evolu\Desktop\Pes\BottomNavigation\sample\src\androidTest\java\com\ashokvarma\sample\Utils.java,com.ashokvarma.sample.Utils,"translate/3[com.ashokvarma.sample.CoordinatesProvider,float,float]",false,150,2,4,4,0,1,0,11,1,0,3,0,0,0,0,0,0,0,0,0,0,0,0,1,0,0,26,8,0,true
c:\Users\arthur.menezes_evolu\Desktop\Pes\BottomNavigation\sample\src\androidTest\java\com\ashokvarma\sample\Utils.java,com.ashokvarma.sample.Utils,swipeRightSlow/0,false,109,3,1,0,1,1,2,3,1,0,0,2,1,1,0,0,0,0,0,1,0,0,0,0,0,0,36,9,0,true
c:\Users\arthur.menezes_evolu\Desktop\Pes\BottomNavigation\sample\src\androidTest\java\com\ashokvarma\sample\Utils.java,com.ashokvarma.sample.Utils,swipeLeftSlow/0,false,94,3,1,0,1,1,2,3,1,0,0,2,1,1,0,0,0,0,0,1,0,0,0,0,0,0,36,9,0,true
c:\Users\arthur.menezes_evolu\Desktop\Pes\BottomNavigation\sample\src\androidTest\java\com\ashokvarma\sample\Utils.java,com.ashokvarma.sample.Utils,"waitId/2[int,long]",false,44,2,1,1,0,1,0,27,1,0,2,0,0,0,0,0,0,0,0,0,0,0,0,1,0,0,30,9,0,true
c:\Users\arthur.menezes_evolu\Desktop\Pes\BottomNavigation\sample\src\androidTest\java\com\ashokvarma\sample\Utils.java,com.ashokvarma.sample.Utils,swipeUpSlow/0,false,139,3,2,1,1,1,2,3,1,0,0,2,1,1,0,0,0,0,0,1,0,0,0,0,0,0,48,9,0,true
c:\Users\arthur.menezes_evolu\Desktop\Pes\BottomNavigation\sample\src\androidTest\java\com\ashokvarma\sample\Utils.java,com.ashokvarma.sample.Utils,swipeDownSlow/0,false,124,3,2,1,1,1,2,3,1,0,0,2,1,1,0,0,0,0,0,1,0,0,0,0,0,0,36,9,0,true
c:\Users\arthur.menezes_evolu\Desktop\Pes\BottomNavigation\sample\src\main\java\com\ashokvarma\bottomnavigation\sample\HomeActivityJava.java,com.ashokvarma.bottomnavigation.sample.HomeActivityJava$Anonymous1,onClick/1[com.ashokvarma.bottomnavigation.sample.View],false,168,1,0,0,0,1,1,3,0,0,1,1,0,0,0,0,0,0,0,0,0,0,0,0,0,0,4,1,0,false
c:\Users\arthur.menezes_evolu\Desktop\Pes\BottomNavigation\bottom-navigation-bar\src\main\java\com\ashokvarma\bottomnavigation\ShapeBadgeItem.java,com.ashokvarma.bottomnavigation.ShapeBadgeItem,refreshDraw/0,false,260,2,5,2,3,2,4,5,0,0,0,4,0,0,0,0,0,0,0,0,0,0,1,0,0,0,21,2,0,true
c:\Users\arthur.menezes_evolu\Desktop\Pes\BottomNavigation\bottom-navigation-bar\src\main\java\com\ashokvarma\bottomnavigation\ShapeBadgeItem.java,com.ashokvarma.bottomnavigation.ShapeBadgeItem,drawHeart/1[com.ashokvarma.bottomnavigation.Canvas],false,338,1,1,1,0,1,7,12,0,2,1,7,0,0,0,0,0,0,0,36,2,33,0,0,0,0,6,2,0,false
c:\Users\arthur.menezes_evolu\Desktop\Pes\BottomNavigation\bottom-navigation-bar\src\main\java\com\ashokvarma\bottomnavigation\ShapeBadgeItem.java,com.ashokvarma.bottomnavigation.ShapeBadgeItem,setShapeColor/1[java.lang.String],false,100,2,1,0,1,1,1,5,1,0,1,1,1,2,0,0,0,0,0,0,1,0,0,0,0,0,14,1,0,true
c:\Users\arthur.menezes_evolu\Desktop\Pes\BottomNavigation\bottom-navigation-bar\src\main\java\com\ashokvarma\bottomnavigation\ShapeBadgeItem.java,com.ashokvarma.bottomnavigation.ShapeBadgeItem,"setSizeInDp/3[com.ashokvarma.bottomnavigation.Context,int,int]",false,122,5,4,0,4,2,5,8,1,0,3,5,0,0,0,0,0,0,0,0,2,0,1,0,0,0,33,1,0,true
c:\Users\arthur.menezes_evolu\Desktop\Pes\BottomNavigation\bottom-navigation-bar\src\main\java\com\ashokvarma\bottomnavigation\ShapeBadgeItem.java,com.ashokvarma.bottomnavigation.ShapeBadgeItem,draw/1[com.ashokvarma.bottomnavigation.Canvas],false,175,2,3,1,2,8,7,20,0,0,1,7,2,2,0,0,0,0,0,2,0,0,1,0,0,0,15,0,0,true
c:\Users\arthur.menezes_evolu\Desktop\Pes\BottomNavigation\bottom-navigation-bar\src\main\java\com\ashokvarma\bottomnavigation\ShapeBadgeItem.java,com.ashokvarma.bottomnavigation.ShapeBadgeItem,getStarAntiClockRotationOffset/1[int],false,329,0,1,1,0,3,0,9,3,0,1,0,0,0,0,2,0,0,0,7,0,4,1,0,0,0,22,2,0,true
c:\Users\arthur.menezes_evolu\Desktop\Pes\BottomNavigation\bottom-navigation-bar\src\main\java\com\ashokvarma\bottomnavigation\ShapeBadgeItem.java,com.ashokvarma.bottomnavigation.ShapeBadgeItem,setShapeColorResource/1[int],false,90,2,1,0,1,1,1,5,1,0,1,1,1,2,0,0,0,0,0,0,1,0,0,0,0,0,14,1,0,true
c:\Users\arthur.menezes_evolu\Desktop\Pes\BottomNavigation\bottom-navigation-bar\src\main\java\com\ashokvarma\bottomnavigation\ShapeBadgeItem.java,com.ashokvarma.bottomnavigation.ShapeBadgeItem,setShapeColor/1[int],false,110,1,1,0,1,1,1,5,1,0,1,1,1,2,0,0,0,0,0,0,1,0,0,0,0,0,12,1,0,true
c:\Users\arthur.menezes_evolu\Desktop\Pes\BottomNavigation\bottom-navigation-bar\src\main\java\com\ashokvarma\bottomnavigation\ShapeBadgeItem.java,com.ashokvarma.bottomnavigation.ShapeBadgeItem,bindToBottomTabInternal/1[com.ashokvarma.bottomnavigation.BottomNavigationTab],false,208,4,5,0,5,4,6,9,0,0,1,6,2,2,0,3,0,0,0,6,3,0,1,0,0,0,17,0,0,true
c:\Users\arthur.menezes_evolu\Desktop\Pes\BottomNavigation\bottom-navigation-bar\src\main\java\com\ashokvarma\bottomnavigation\ShapeBadgeItem.java,com.ashokvarma.bottomnavigation.ShapeBadgeItem,getShapeColor/1[com.ashokvarma.bottomnavigation.Context],false,232,1,1,1,0,3,3,11,3,0,1,3,0,0,0,1,0,0,0,1,0,0,1,0,0,0,9,2,0,true
c:\Users\arthur.menezes_evolu\Desktop\Pes\BottomNavigation\bottom-navigation-bar\src\main\java\com\ashokvarma\bottomnavigation\ShapeBadgeItem.java,com.ashokvarma.bottomnavigation.ShapeBadgeItem,"setEdgeMarginInDp/2[com.ashokvarma.bottomnavigation.Context,int]",false,150,3,2,0,2,1,2,5,1,0,2,2,1,1,0,0,0,0,0,0,1,0,0,0,0,0,26,1,0,true
c:\Users\arthur.menezes_evolu\Desktop\Pes\BottomNavigation\bottom-navigation-bar\src\main\java\com\ashokvarma\bottomnavigation\ShapeBadgeItem.java,com.ashokvarma.bottomnavigation.ShapeBadgeItem,getSubInstance/0,false,200,1,0,0,0,1,0,3,1,0,0,0,0,0,0,0,0,0,0,0,0,0,0,0,0,0,6,0,0,true
c:\Users\arthur.menezes_evolu\Desktop\Pes\BottomNavigation\bottom-navigation-bar\src\main\java\com\ashokvarma\bottomnavigation\ShapeBadgeItem.java,com.ashokvarma.bottomnavigation.ShapeBadgeItem,setEdgeMarginInPixels/1[int],false,160,1,1,0,1,1,1,5,1,0,1,1,1,1,0,0,0,0,0,0,1,0,0,0,0,0,22,1,0,true
c:\Users\arthur.menezes_evolu\Desktop\Pes\BottomNavigation\bottom-navigation-bar\src\main\java\com\ashokvarma\bottomnavigation\ShapeBadgeItem.java,com.ashokvarma.bottomnavigation.ShapeBadgeItem,refreshMargin/0,false,269,2,5,3,2,2,5,10,0,1,0,5,0,0,0,0,0,0,0,0,5,0,1,0,0,0,17,2,0,true
c:\Users\arthur.menezes_evolu\Desktop\Pes\BottomNavigation\bottom-navigation-bar\src\main\java\com\ashokvarma\bottomnavigation\ShapeBadgeItem.java,com.ashokvarma.bottomnavigation.ShapeBadgeItem,"setSizeInPixels/2[int,int]",false,136,3,3,0,3,2,4,8,1,0,2,4,0,0,0,0,0,0,0,0,2,0,1,0,0,0,29,1,0,true
c:\Users\arthur.menezes_evolu\Desktop\Pes\BottomNavigation\bottom-navigation-bar\src\main\java\com\ashokvarma\bottomnavigation\ShapeBadgeItem.java,com.ashokvarma.bottomnavigation.ShapeBadgeItem,refreshColor/0,false,250,2,8,4,4,2,7,6,0,0,0,7,2,1,0,0,0,0,0,0,0,0,1,0,0,0,17,2,0,true
c:\Users\arthur.menezes_evolu\Desktop\Pes\BottomNavigation\bottom-navigation-bar\src\main\java\com\ashokvarma\bottomnavigation\ShapeBadgeItem.java,com.ashokvarma.bottomnavigation.ShapeBadgeItem,ShapeBadgeItem/0,true,62,1,1,1,0,1,3,6,0,0,0,3,0,0,0,0,0,0,0,0,1,0,0,0,0,0,8,1,0,false
c:\Users\arthur.menezes_evolu\Desktop\Pes\BottomNavigation\bottom-navigation-bar\src\main\java\com\ashokvarma\bottomnavigation\ShapeBadgeItem.java,com.ashokvarma.bottomnavigation.ShapeBadgeItem,setShape/1[int],false,80,2,2,1,1,1,1,5,1,0,1,1,1,1,0,0,0,0,0,0,1,0,0,0,0,0,15,1,0,true
c:\Users\arthur.menezes_evolu\Desktop\Pes\BottomNavigation\bottom-navigation-bar\src\main\java\com\ashokvarma\bottomnavigation\ShapeBadgeItem.java,com.ashokvarma.bottomnavigation.ShapeBadgeItem,"drawStar/2[com.ashokvarma.bottomnavigation.Canvas,int]",false,284,2,2,1,1,3,10,25,0,8,2,10,1,1,1,0,0,8,0,13,10,41,1,0,0,0,35,2,0,true
c:\Users\arthur.menezes_evolu\Desktop\Pes\BottomNavigation\bottom-navigation-bar\src\main\java\com\ashokvarma\bottomnavigation\BottomNavigationTab.java,com.ashokvarma.bottomnavigation.BottomNavigationTab,setBadgeItem/1[com.ashokvarma.bottomnavigation.BadgeItem],false,135,1,1,1,0,1,0,3,0,0,1,0,0,0,0,0,0,0,0,0,1,0,0,0,0,0,4,1,0,false
c:\Users\arthur.menezes_evolu\Desktop\Pes\BottomNavigation\bottom-navigation-bar\src\main\java\com\ashokvarma\bottomnavigation\BottomNavigationTab.java,com.ashokvarma.bottomnavigation.BottomNavigationTab,setNoTitleIconParams/1[FrameLayout.LayoutParams],false,254,1,1,1,0,1,0,1,0,0,1,0,0,0,0,0,0,0,0,0,0,0,0,0,0,0,6,1028,0,false
c:\Users\arthur.menezes_evolu\Desktop\Pes\BottomNavigation\bottom-navigation-bar\src\main\java\com\ashokvarma\bottomnavigation\BottomNavigationTab.java,com.ashokvarma.bottomnavigation.BottomNavigationTab,setActiveWidth/1[int],false,89,0,1,1,0,1,0,3,0,0,1,0,0,0,0,0,0,0,0,0,1,0,0,0,0,0,5,1,0,false
c:\Users\arthur.menezes_evolu\Desktop\Pes\BottomNavigation\bottom-navigation-bar\src\main\java\com\ashokvarma\bottomnavigation\BottomNavigationTab.java,com.ashokvarma.bottomnavigation.BottomNavigationTab,getPosition/0,false,139,0,1,1,0,1,0,3,1,0,0,0,0,0,0,0,0,0,0,0,0,0,0,0,0,0,3,1,0,false
c:\Users\arthur.menezes_evolu\Desktop\Pes\BottomNavigation\bottom-navigation-bar\src\main\java\com\ashokvarma\bottomnavigation\BottomNavigationTab.java,com.ashokvarma.bottomnavigation.BottomNavigationTab,initialise/1[boolean],false,196,6,3,1,2,4,9,29,0,3,1,9,2,1,0,0,0,0,0,0,4,0,2,0,0,0,27,1,0,false
c:\Users\arthur.menezes_evolu\Desktop\Pes\BottomNavigation\bottom-navigation-bar\src\main\java\com\ashokvarma\bottomnavigation\BottomNavigationTab.java,com.ashokvarma.bottomnavigation.BottomNavigationTab,setPosition/1[int],false,131,0,1,1,0,1,0,3,0,0,1,0,0,0,0,0,0,0,0,0,1,0,0,0,0,0,4,1,0,false
c:\Users\arthur.menezes_evolu\Desktop\Pes\BottomNavigation\bottom-navigation-bar\src\main\java\com\ashokvarma\bottomnavigation\BottomNavigationTab.java,com.ashokvarma.bottomnavigation.BottomNavigationTab,"select/2[boolean,int]",false,143,2,2,1,1,3,8,22,0,1,2,8,0,0,0,1,0,0,0,0,2,0,1,1,0,0,21,1,0,false
c:\Users\arthur.menezes_evolu\Desktop\Pes\BottomNavigation\bottom-navigation-bar\src\main\java\com\ashokvarma\bottomnavigation\BottomNavigationTab.java,com.ashokvarma.bottomnavigation.BottomNavigationTab,"unSelect/2[boolean,int]",false,171,2,2,1,1,2,8,17,0,1,2,8,0,0,0,1,0,0,0,0,2,0,1,1,0,0,21,1,0,false
c:\Users\arthur.menezes_evolu\Desktop\Pes\BottomNavigation\bottom-navigation-bar\src\main\java\com\ashokvarma\bottomnavigation\BottomNavigationTab.java,com.ashokvarma.bottomnavigation.BottomNavigationTab,setActiveColor/1[int],false,114,0,1,1,0,1,0,3,0,0,1,0,0,0,0,0,0,0,0,0,1,0,0,0,0,0,5,1,0,false
c:\Users\arthur.menezes_evolu\Desktop\Pes\BottomNavigation\bottom-navigation-bar\src\main\java\com\ashokvarma\bottomnavigation\BottomNavigationTab.java,com.ashokvarma.bottomnavigation.BottomNavigationTab,setInactiveIcon/1[com.ashokvarma.bottomnavigation.Drawable],false,104,1,1,1,0,1,1,4,0,0,1,1,0,0,0,0,0,0,0,0,2,0,0,0,0,0,12,1,0,false
c:\Users\arthur.menezes_evolu\Desktop\Pes\BottomNavigation\bottom-navigation-bar\src\main\java\com\ashokvarma\bottomnavigation\BottomNavigationTab.java,com.ashokvarma.bottomnavigation.BottomNavigationTab,"BottomNavigationTab/2[com.ashokvarma.bottomnavigation.Context,com.ashokvarma.bottomnavigation.AttributeSet]",true,62,2,0,0,0,1,0,3,0,0,2,0,0,0,0,0,0,0,0,1,0,0,0,0,0,0,5,1,0,false
c:\Users\arthur.menezes_evolu\Desktop\Pes\BottomNavigation\bottom-navigation-bar\src\main\java\com\ashokvarma\bottomnavigation\BottomNavigationTab.java,com.ashokvarma.bottomnavigation.BottomNavigationTab,setIcon/1[com.ashokvarma.bottomnavigation.Drawable],false,100,1,1,1,0,1,1,3,0,0,1,1,0,0,0,0,0,0,0,0,1,0,0,0,0,0,6,1,0,false
c:\Users\arthur.menezes_evolu\Desktop\Pes\BottomNavigation\bottom-navigation-bar\src\main\java\com\ashokvarma\bottomnavigation\BottomNavigationTab.java,com.ashokvarma.bottomnavigation.BottomNavigationTab,setInactiveColor/1[int],false,122,0,1,1,0,1,1,4,0,0,1,1,0,0,0,0,0,0,0,0,1,0,0,0,0,0,7,1,0,false
c:\Users\arthur.menezes_evolu\Desktop\Pes\BottomNavigation\bottom-navigation-bar\src\main\java\com\ashokvarma\bottomnavigation\BottomNavigationTab.java,com.ashokvarma.bottomnavigation.BottomNavigationTab,setItemBackgroundColor/1[int],false,127,0,1,1,0,1,0,3,0,0,1,0,0,0,0,0,0,0,0,0,1,0,0,0,0,0,6,1,0,false
c:\Users\arthur.menezes_evolu\Desktop\Pes\BottomNavigation\bottom-navigation-bar\src\main\java\com\ashokvarma\bottomnavigation\BottomNavigationTab.java,com.ashokvarma.bottomnavigation.BottomNavigationTab,"BottomNavigationTab/4[com.ashokvarma.bottomnavigation.Context,com.ashokvarma.bottomnavigation.AttributeSet,int,int]",true,72,4,1,0,1,1,1,4,0,0,4,1,1,1,0,0,0,0,0,0,0,0,0,0,0,0,8,1,0,false
c:\Users\arthur.menezes_evolu\Desktop\Pes\BottomNavigation\bottom-navigation-bar\src\main\java\com\ashokvarma\bottomnavigation\BottomNavigationTab.java,com.ashokvarma.bottomnavigation.BottomNavigationTab,"BottomNavigationTab/3[com.ashokvarma.bottomnavigation.Context,com.ashokvarma.bottomnavigation.AttributeSet,int]",true,66,3,1,0,1,1,1,4,0,0,3,1,1,1,0,0,0,0,0,0,0,0,0,0,0,0,8,1,0,false
c:\Users\arthur.menezes_evolu\Desktop\Pes\BottomNavigation\bottom-navigation-bar\src\main\java\com\ashokvarma\bottomnavigation\BottomNavigationTab.java,com.ashokvarma.bottomnavigation.BottomNavigationTab,getIsNoTitleMode/0,false,85,0,0,0,0,1,0,3,1,0,0,0,0,0,0,0,0,0,0,0,0,0,0,0,0,0,6,1,0,false
c:\Users\arthur.menezes_evolu\Desktop\Pes\BottomNavigation\bottom-navigation-bar\src\main\java\com\ashokvarma\bottomnavigation\BottomNavigationTab.java,com.ashokvarma.bottomnavigation.BottomNavigationTab,setIsNoTitleMode/1[boolean],false,81,0,1,1,0,1,0,3,0,0,1,0,0,0,0,0,0,0,0,0,1,0,0,0,0,0,6,1,0,false
c:\Users\arthur.menezes_evolu\Desktop\Pes\BottomNavigation\bottom-navigation-bar\src\main\java\com\ashokvarma\bottomnavigation\BottomNavigationTab.java,com.ashokvarma.bottomnavigation.BottomNavigationTab,setInactiveWidth/1[int],false,93,1,1,1,0,1,2,6,0,1,1,2,0,0,0,0,0,0,0,0,3,0,0,0,0,0,11,1,0,false
c:\Users\arthur.menezes_evolu\Desktop\Pes\BottomNavigation\bottom-navigation-bar\src\main\java\com\ashokvarma\bottomnavigation\BottomNavigationTab.java,com.ashokvarma.bottomnavigation.BottomNavigationTab,setLabel/1[java.lang.String],false,109,0,1,1,0,1,1,4,0,0,1,1,0,0,0,0,0,0,0,0,1,0,0,0,0,0,4,1,0,false
c:\Users\arthur.menezes_evolu\Desktop\Pes\BottomNavigation\bottom-navigation-bar\src\main\java\com\ashokvarma\bottomnavigation\BottomNavigationTab.java,com.ashokvarma.bottomnavigation.BottomNavigationTab,init/0,false,77,1,2,2,0,1,1,3,0,0,0,1,0,0,0,0,0,0,0,0,0,0,0,0,0,0,4,0,0,false
c:\Users\arthur.menezes_evolu\Desktop\Pes\BottomNavigation\bottom-navigation-bar\src\main\java\com\ashokvarma\bottomnavigation\BottomNavigationTab.java,com.ashokvarma.bottomnavigation.BottomNavigationTab,BottomNavigationTab/1[com.ashokvarma.bottomnavigation.Context],true,58,1,0,0,0,1,0,3,0,0,1,0,0,0,0,0,0,0,0,0,0,0,0,0,0,0,5,1,0,false
c:\Users\arthur.menezes_evolu\Desktop\Pes\BottomNavigation\bottom-navigation-bar\src\main\java\com\ashokvarma\bottomnavigation\BottomNavigationTab.java,com.ashokvarma.bottomnavigation.BottomNavigationTab,getActiveColor/0,false,118,0,2,2,0,1,0,3,1,0,0,0,0,0,0,0,0,0,0,0,0,0,0,0,0,0,4,1,0,false
c:\Users\arthur.menezes_evolu\Desktop\Pes\BottomNavigation\bottom-navigation-bar\src\main\java\com\ashokvarma\bottomnavigation\BottomNavigationTab.java,com.ashokvarma.bottomnavigation.BottomNavigationTab,setNoTitleIconContainerParams/1[FrameLayout.LayoutParams],false,252,1,1,1,0,1,0,1,0,0,1,0,0,0,0,0,0,0,0,0,0,0,0,0,0,0,7,1028,0,false
c:\Users\arthur.menezes_evolu\Desktop\Pes\BottomNavigation\bottom-navigation-bar\src\main\java\com\ashokvarma\bottomnavigation\BottomNavigationBar.java,com.ashokvarma.bottomnavigation.BottomNavigationBar,hide/0,false,615,1,2,1,1,1,1,3,0,0,0,1,1,3,0,0,0,0,0,0,0,0,0,0,0,0,4,1,0,true
c:\Users\arthur.menezes_evolu\Desktop\Pes\BottomNavigation\bottom-navigation-bar\src\main\java\com\ashokvarma\bottomnavigation\BottomNavigationBar.java,com.ashokvarma.bottomnavigation.BottomNavigationBar,getInActiveColor/0,false,727,0,1,1,0,1,0,3,1,0,0,0,0,0,0,0,0,0,0,0,0,0,0,0,0,0,8,1,0,true
c:\Users\arthur.menezes_evolu\Desktop\Pes\BottomNavigation\bottom-navigation-bar\src\main\java\com\ashokvarma\bottomnavigation\BottomNavigationBar.java,com.ashokvarma.bottomnavigation.BottomNavigationBar,"selectTab/2[int,boolean]",false,476,1,2,1,1,1,1,3,0,0,2,1,1,2,0,0,0,0,0,0,0,0,0,0,0,0,31,1,0,true
c:\Users\arthur.menezes_evolu\Desktop\Pes\BottomNavigation\bottom-navigation-bar\src\main\java\com\ashokvarma\bottomnavigation\BottomNavigationBar.java,com.ashokvarma.bottomnavigation.BottomNavigationBar,isAutoHideEnabled/0,false,685,0,1,1,0,1,0,3,1,0,0,0,0,0,0,0,0,0,0,0,0,0,0,0,0,0,5,1,0,false
c:\Users\arthur.menezes_evolu\Desktop\Pes\BottomNavigation\bottom-navigation-bar\src\main\java\com\ashokvarma\bottomnavigation\BottomNavigationBar.java,com.ashokvarma.bottomnavigation.BottomNavigationBar,hide/1[boolean],false,622,1,3,2,1,1,2,4,0,0,1,2,1,2,0,0,0,0,0,0,1,0,0,0,0,0,12,1,0,true
c:\Users\arthur.menezes_evolu\Desktop\Pes\BottomNavigation\bottom-navigation-bar\src\main\java\com\ashokvarma\bottomnavigation\BottomNavigationBar.java,com.ashokvarma.bottomnavigation.BottomNavigationBar,"BottomNavigationBar/3[com.ashokvarma.bottomnavigation.Context,com.ashokvarma.bottomnavigation.AttributeSet,int]",true,127,3,2,0,2,1,2,5,0,0,3,2,2,2,0,0,0,0,0,0,0,0,0,0,0,0,10,1,0,false
c:\Users\arthur.menezes_evolu\Desktop\Pes\BottomNavigation\bottom-navigation-bar\src\main\java\com\ashokvarma\bottomnavigation\BottomNavigationBar.java,com.ashokvarma.bottomnavigation.BottomNavigationBar,setBarBackgroundColor/1[int],false,322,2,0,0,0,1,2,4,1,0,1,2,0,0,0,0,0,0,0,0,1,0,0,0,0,0,17,1,0,true
c:\Users\arthur.menezes_evolu\Desktop\Pes\BottomNavigation\bottom-navigation-bar\src\main\java\com\ashokvarma\bottomnavigation\BottomNavigationBar.java,com.ashokvarma.bottomnavigation.BottomNavigationBar,initialise/0,false,361,6,7,0,7,15,14,51,0,8,0,14,2,2,2,10,0,0,0,4,13,0,3,0,0,0,71,1,0,true
c:\Users\arthur.menezes_evolu\Desktop\Pes\BottomNavigation\bottom-navigation-bar\src\main\java\com\ashokvarma\bottomnavigation\BottomNavigationBar.java,com.ashokvarma.bottomnavigation.BottomNavigationBar,isHidden/0,false,677,0,1,1,0,1,0,3,1,0,0,0,0,0,0,0,0,0,0,0,0,0,0,0,0,0,4,1,0,false
c:\Users\arthur.menezes_evolu\Desktop\Pes\BottomNavigation\bottom-navigation-bar\src\main\java\com\ashokvarma\bottomnavigation\BottomNavigationBar.java,com.ashokvarma.bottomnavigation.BottomNavigationBar,BottomNavigationBar/1[com.ashokvarma.bottomnavigation.Context],true,119,1,0,0,0,1,0,3,0,0,1,0,0,0,0,0,0,0,0,0,0,0,0,0,0,0,5,1,0,false
c:\Users\arthur.menezes_evolu\Desktop\Pes\BottomNavigation\bottom-navigation-bar\src\main\java\com\ashokvarma\bottomnavigation\BottomNavigationBar.java,com.ashokvarma.bottomnavigation.BottomNavigationBar,"setUpTab/5[boolean,com.ashokvarma.bottomnavigation.BottomNavigationTab,com.ashokvarma.bottomnavigation.BottomNavigationItem,int,int]",false,493,4,7,1,6,2,10,17,0,0,5,10,0,0,0,1,0,0,0,0,0,0,0,1,0,0,57,2,0,true
c:\Users\arthur.menezes_evolu\Desktop\Pes\BottomNavigation\bottom-navigation-bar\src\main\java\com\ashokvarma\bottomnavigation\BottomNavigationBar.java,com.ashokvarma.bottomnavigation.BottomNavigationBar,setInActiveColor/1[int],false,304,2,0,0,0,1,2,4,1,0,1,2,0,0,0,0,0,0,0,0,1,0,0,0,0,0,19,1,0,true
c:\Users\arthur.menezes_evolu\Desktop\Pes\BottomNavigation\bottom-navigation-bar\src\main\java\com\ashokvarma\bottomnavigation\BottomNavigationBar.java,com.ashokvarma.bottomnavigation.BottomNavigationBar,setBackgroundStyle/1[int],false,277,2,1,1,0,1,0,4,1,0,1,0,0,0,0,0,0,0,0,0,1,0,0,0,0,0,19,1,0,true
c:\Users\arthur.menezes_evolu\Desktop\Pes\BottomNavigation\bottom-navigation-bar\src\main\java\com\ashokvarma\bottomnavigation\BottomNavigationBar.java,com.ashokvarma.bottomnavigation.BottomNavigationBar,animateOffset/1[int],false,666,0,1,1,0,2,6,11,0,0,1,6,0,0,0,1,0,0,0,0,1,0,1,0,0,0,38,2,0,true
c:\Users\arthur.menezes_evolu\Desktop\Pes\BottomNavigation\bottom-navigation-bar\src\main\java\com\ashokvarma\bottomnavigation\BottomNavigationBar.java,com.ashokvarma.bottomnavigation.BottomNavigationBar,"setFab/2[com.ashokvarma.bottomnavigation.FloatingActionButton,int]",false,703,6,1,0,1,3,2,8,0,3,2,2,0,0,0,1,0,0,0,0,3,0,1,0,0,0,16,2,0,false
c:\Users\arthur.menezes_evolu\Desktop\Pes\BottomNavigation\bottom-navigation-bar\src\main\java\com\ashokvarma\bottomnavigation\BottomNavigationBar.java,com.ashokvarma.bottomnavigation.BottomNavigationBar,setFab/1[com.ashokvarma.bottomnavigation.FloatingActionButton],false,693,5,2,1,1,3,2,8,0,3,1,2,0,0,0,1,0,0,0,0,3,0,1,0,0,0,16,1,0,false
c:\Users\arthur.menezes_evolu\Desktop\Pes\BottomNavigation\bottom-navigation-bar\src\main\java\com\ashokvarma\bottomnavigation\BottomNavigationBar.java,com.ashokvarma.bottomnavigation.BottomNavigationBar,toggle/0,false,595,1,2,1,1,1,1,3,0,0,0,1,1,4,0,0,0,0,0,0,0,0,0,0,0,0,12,1,0,true
c:\Users\arthur.menezes_evolu\Desktop\Pes\BottomNavigation\bottom-navigation-bar\src\main\java\com\ashokvarma\bottomnavigation\BottomNavigationBar.java,com.ashokvarma.bottomnavigation.BottomNavigationBar,setTabSelectedListener/1[com.ashokvarma.bottomnavigation.BottomNavigationBar.OnTabSelectedListener],false,428,2,1,1,0,1,0,4,1,0,1,0,0,0,0,0,0,0,0,0,1,0,0,0,0,0,16,1,0,true
c:\Users\arthur.menezes_evolu\Desktop\Pes\BottomNavigation\bottom-navigation-bar\src\main\java\com\ashokvarma\bottomnavigation\BottomNavigationBar.java,com.ashokvarma.bottomnavigation.BottomNavigationBar,setActiveColor/1[java.lang.String],false,295,1,0,0,0,1,1,4,1,0,1,1,0,0,0,0,0,0,0,0,1,0,0,0,0,0,18,1,0,true
c:\Users\arthur.menezes_evolu\Desktop\Pes\BottomNavigation\bottom-navigation-bar\src\main\java\com\ashokvarma\bottomnavigation\BottomNavigationBar.java,com.ashokvarma.bottomnavigation.BottomNavigationBar,setAutoHideEnabled/1[boolean],false,689,0,0,0,0,1,0,3,0,0,1,0,0,0,0,0,0,0,0,0,1,0,0,0,0,0,5,1,0,false
c:\Users\arthur.menezes_evolu\Desktop\Pes\BottomNavigation\bottom-navigation-bar\src\main\java\com\ashokvarma\bottomnavigation\BottomNavigationBar.java,com.ashokvarma.bottomnavigation.BottomNavigationBar,setActiveColor/1[int],false,286,2,0,0,0,1,2,4,1,0,1,2,0,0,0,0,0,0,0,0,1,0,0,0,0,0,17,1,0,true
c:\Users\arthur.menezes_evolu\Desktop\Pes\BottomNavigation\bottom-navigation-bar\src\main\java\com\ashokvarma\bottomnavigation\BottomNavigationBar.java,com.ashokvarma.bottomnavigation.BottomNavigationBar,setInActiveColor/1[java.lang.String],false,313,1,0,0,0,1,1,4,1,0,1,1,0,0,0,0,0,0,0,0,1,0,0,0,0,0,19,1,0,true
c:\Users\arthur.menezes_evolu\Desktop\Pes\BottomNavigation\bottom-navigation-bar\src\main\java\com\ashokvarma\bottomnavigation\BottomNavigationBar.java,com.ashokvarma.bottomnavigation.BottomNavigationBar,addItem/1[com.ashokvarma.bottomnavigation.BottomNavigationItem],false,247,2,1,1,0,1,1,4,1,0,1,1,0,0,0,0,0,0,0,0,0,0,0,0,0,0,16,1,0,true
c:\Users\arthur.menezes_evolu\Desktop\Pes\BottomNavigation\bottom-navigation-bar\src\main\java\com\ashokvarma\bottomnavigation\BottomNavigationBar.java,com.ashokvarma.bottomnavigation.BottomNavigationBar,getAnimationDuration/0,false,748,0,0,0,0,1,0,3,1,0,0,0,0,0,0,0,0,0,0,0,0,0,0,0,0,0,6,1,0,true
c:\Users\arthur.menezes_evolu\Desktop\Pes\BottomNavigation\bottom-navigation-bar\src\main\java\com\ashokvarma\bottomnavigation\BottomNavigationBar.java,com.ashokvarma.bottomnavigation.BottomNavigationBar,init/0,false,209,3,2,2,0,2,8,15,0,2,0,8,0,0,0,0,0,0,0,0,5,0,1,0,0,0,31,2,0,true
c:\Users\arthur.menezes_evolu\Desktop\Pes\BottomNavigation\bottom-navigation-bar\src\main\java\com\ashokvarma\bottomnavigation\BottomNavigationBar.java,com.ashokvarma.bottomnavigation.BottomNavigationBar,setAnimationDuration/1[int],false,439,1,1,1,0,1,0,5,1,0,1,0,0,0,0,0,0,1,0,1,2,1,0,0,0,0,18,1,0,true
c:\Users\arthur.menezes_evolu\Desktop\Pes\BottomNavigation\bottom-navigation-bar\src\main\java\com\ashokvarma\bottomnavigation\BottomNavigationBar.java,com.ashokvarma.bottomnavigation.BottomNavigationBar,show/1[boolean],false,637,1,3,2,1,1,1,4,0,0,1,1,1,2,0,0,0,0,0,1,1,0,0,0,0,0,12,1,0,true
c:\Users\arthur.menezes_evolu\Desktop\Pes\BottomNavigation\bottom-navigation-bar\src\main\java\com\ashokvarma\bottomnavigation\BottomNavigationBar.java,com.ashokvarma.bottomnavigation.BottomNavigationBar,"setTranslationY/2[int,boolean]",false,646,1,5,3,2,3,3,11,0,0,2,3,2,1,0,1,0,0,0,0,0,0,2,0,0,0,16,2,0,true
c:\Users\arthur.menezes_evolu\Desktop\Pes\BottomNavigation\bottom-navigation-bar\src\main\java\com\ashokvarma\bottomnavigation\BottomNavigationBar.java,com.ashokvarma.bottomnavigation.BottomNavigationBar,"BottomNavigationBar/4[com.ashokvarma.bottomnavigation.Context,com.ashokvarma.bottomnavigation.AttributeSet,int,int]",true,134,4,2,0,2,1,2,5,0,0,4,2,2,2,0,0,0,0,0,0,0,0,0,0,0,0,10,1,0,false
c:\Users\arthur.menezes_evolu\Desktop\Pes\BottomNavigation\bottom-navigation-bar\src\main\java\com\ashokvarma\bottomnavigation\BottomNavigationBar.java,com.ashokvarma.bottomnavigation.BottomNavigationBar,getBackgroundColor/0,false,734,0,1,1,0,1,0,3,1,0,0,0,0,0,0,0,0,0,0,0,0,0,0,0,0,0,6,1,0,true
c:\Users\arthur.menezes_evolu\Desktop\Pes\BottomNavigation\bottom-navigation-bar\src\main\java\com\ashokvarma\bottomnavigation\BottomNavigationBar.java,com.ashokvarma.bottomnavigation.BottomNavigationBar,"BottomNavigationBar/2[com.ashokvarma.bottomnavigation.Context,com.ashokvarma.bottomnavigation.AttributeSet]",true,123,2,0,0,0,1,0,3,0,0,2,0,0,0,0,0,0,0,0,1,0,0,0,0,0,0,5,1,0,false
c:\Users\arthur.menezes_evolu\Desktop\Pes\BottomNavigation\bottom-navigation-bar\src\main\java\com\ashokvarma\bottomnavigation\BottomNavigationBar.java,com.ashokvarma.bottomnavigation.BottomNavigationBar,"sendListenerCall/3[int,int,boolean]",false,570,1,4,1,3,5,3,18,0,0,3,3,0,0,0,3,0,0,0,1,0,0,4,0,0,0,35,2,0,true
c:\Users\arthur.menezes_evolu\Desktop\Pes\BottomNavigation\bottom-navigation-bar\src\main\java\com\ashokvarma\bottomnavigation\BottomNavigationBar.java,com.ashokvarma.bottomnavigation.BottomNavigationBar,setFirstSelectedPosition/1[int],false,340,1,0,0,0,1,0,4,1,0,1,0,0,0,0,0,0,0,0,0,1,0,0,0,0,0,20,1,0,true
c:\Users\arthur.menezes_evolu\Desktop\Pes\BottomNavigation\bottom-navigation-bar\src\main\java\com\ashokvarma\bottomnavigation\BottomNavigationBar.java,com.ashokvarma.bottomnavigation.BottomNavigationBar,"selectTabInternal/4[int,boolean,boolean,boolean]",false,524,2,8,3,5,8,8,30,0,2,4,8,1,1,0,5,0,0,0,2,3,0,3,1,0,0,69,2,0,true
c:\Users\arthur.menezes_evolu\Desktop\Pes\BottomNavigation\bottom-navigation-bar\src\main\java\com\ashokvarma\bottomnavigation\BottomNavigationBar.java,com.ashokvarma.bottomnavigation.BottomNavigationBar,setMode/1[int],false,268,2,1,1,0,1,0,4,1,0,1,0,0,0,0,0,0,0,0,0,1,0,0,0,0,0,18,1,0,true
c:\Users\arthur.menezes_evolu\Desktop\Pes\BottomNavigation\bottom-navigation-bar\src\main\java\com\ashokvarma\bottomnavigation\BottomNavigationBar.java,com.ashokvarma.bottomnavigation.BottomNavigationBar,setBarBackgroundColor/1[java.lang.String],false,331,1,0,0,0,1,1,4,1,0,1,1,0,0,0,0,0,0,0,0,1,0,0,0,0,0,18,1,0,true
c:\Users\arthur.menezes_evolu\Desktop\Pes\BottomNavigation\bottom-navigation-bar\src\main\java\com\ashokvarma\bottomnavigation\BottomNavigationBar.java,com.ashokvarma.bottomnavigation.BottomNavigationBar,show/0,false,630,1,2,1,1,1,1,3,0,0,0,1,1,3,0,0,0,0,0,0,0,0,0,0,0,0,4,1,0,true
c:\Users\arthur.menezes_evolu\Desktop\Pes\BottomNavigation\bottom-navigation-bar\src\main\java\com\ashokvarma\bottomnavigation\BottomNavigationBar.java,com.ashokvarma.bottomnavigation.BottomNavigationBar,toggle/1[boolean],false,604,1,3,1,2,2,2,8,0,0,1,2,2,3,0,0,0,0,0,0,0,0,1,0,0,0,17,1,0,true
c:\Users\arthur.menezes_evolu\Desktop\Pes\BottomNavigation\bottom-navigation-bar\src\main\java\com\ashokvarma\bottomnavigation\BottomNavigationBar.java,com.ashokvarma.bottomnavigation.BottomNavigationBar,setScrollable/1[boolean],false,348,1,0,0,0,1,0,4,1,0,1,0,0,0,0,0,0,0,0,0,1,0,0,0,0,0,13,2,0,true
c:\Users\arthur.menezes_evolu\Desktop\Pes\BottomNavigation\bottom-navigation-bar\src\main\java\com\ashokvarma\bottomnavigation\BottomNavigationBar.java,com.ashokvarma.bottomnavigation.BottomNavigationBar,selectTab/1[int],false,466,1,1,0,1,1,1,3,0,0,1,1,1,3,0,0,0,0,0,0,0,0,0,0,0,0,24,1,0,true
c:\Users\arthur.menezes_evolu\Desktop\Pes\BottomNavigation\bottom-navigation-bar\src\main\java\com\ashokvarma\bottomnavigation\BottomNavigationBar.java,com.ashokvarma.bottomnavigation.BottomNavigationBar,getCurrentSelectedPosition/0,false,741,0,0,0,0,1,0,3,1,0,0,0,0,0,0,0,0,0,0,0,0,0,0,0,0,0,8,1,0,true
c:\Users\arthur.menezes_evolu\Desktop\Pes\BottomNavigation\bottom-navigation-bar\src\main\java\com\ashokvarma\bottomnavigation\BottomNavigationBar.java,com.ashokvarma.bottomnavigation.BottomNavigationBar,"parseAttrs/2[com.ashokvarma.bottomnavigation.Context,com.ashokvarma.bottomnavigation.AttributeSet]",false,147,5,4,2,2,10,10,48,0,1,2,10,1,1,0,1,0,0,0,2,18,0,2,0,0,0,69,2,0,true
c:\Users\arthur.menezes_evolu\Desktop\Pes\BottomNavigation\bottom-navigation-bar\src\main\java\com\ashokvarma\bottomnavigation\BottomNavigationBar.java,com.ashokvarma.bottomnavigation.BottomNavigationBar,getActiveColor/0,false,720,0,1,1,0,1,0,3,1,0,0,0,0,0,0,0,0,0,0,0,0,0,0,0,0,0,5,1,0,true
c:\Users\arthur.menezes_evolu\Desktop\Pes\BottomNavigation\bottom-navigation-bar\src\main\java\com\ashokvarma\bottomnavigation\BottomNavigationBar.java,com.ashokvarma.bottomnavigation.BottomNavigationBar,removeItem/1[com.ashokvarma.bottomnavigation.BottomNavigationItem],false,259,2,0,0,0,1,1,4,1,0,1,1,0,0,0,0,0,0,0,0,0,0,0,0,0,0,24,1,0,true
c:\Users\arthur.menezes_evolu\Desktop\Pes\BottomNavigation\bottom-navigation-bar\src\main\java\com\ashokvarma\bottomnavigation\BottomNavigationBar.java,com.ashokvarma.bottomnavigation.BottomNavigationBar,clearAll/0,false,448,0,1,1,0,1,5,8,0,0,0,5,0,0,0,0,0,0,0,0,1,0,0,0,0,0,31,1,0,true
c:\Users\arthur.menezes_evolu\Desktop\Pes\BottomNavigation\bottom-navigation-bar\src\main\java\com\ashokvarma\bottomnavigation\behaviour\BottomNavBarFabBehaviour.java,com.ashokvarma.bottomnavigation.behaviour.BottomNavBarFabBehaviour,"onLayoutChild/3[com.ashokvarma.bottomnavigation.behaviour.CoordinatorLayout,com.ashokvarma.bottomnavigation.behaviour.FloatingActionButton,int]",false,49,3,1,0,1,1,2,5,1,0,3,2,1,2,0,0,0,0,0,0,0,0,0,0,0,0,13,1,0,false
c:\Users\arthur.menezes_evolu\Desktop\Pes\BottomNavigation\bottom-navigation-bar\src\main\java\com\ashokvarma\bottomnavigation\behaviour\BottomNavBarFabBehaviour.java,com.ashokvarma.bottomnavigation.behaviour.BottomNavBarFabBehaviour,"getFabTranslationYForBottomNavigationBar/2[com.ashokvarma.bottomnavigation.behaviour.CoordinatorLayout,com.ashokvarma.bottomnavigation.behaviour.FloatingActionButton]",false,128,5,1,1,0,3,6,13,1,6,2,6,0,0,1,0,0,0,0,3,8,1,2,0,0,0,19,2,0,false
c:\Users\arthur.menezes_evolu\Desktop\Pes\BottomNavigation\bottom-navigation-bar\src\main\java\com\ashokvarma\bottomnavigation\behaviour\BottomNavBarFabBehaviour.java,com.ashokvarma.bottomnavigation.behaviour.BottomNavBarFabBehaviour,ensureOrCancelAnimator/1[com.ashokvarma.bottomnavigation.behaviour.FloatingActionButton],false,167,1,1,1,0,2,4,10,0,0,1,4,0,0,0,1,0,0,0,1,1,0,1,0,0,0,27,2,0,false
c:\Users\arthur.menezes_evolu\Desktop\Pes\BottomNavigation\bottom-navigation-bar\src\main\java\com\ashokvarma\bottomnavigation\behaviour\BottomNavBarFabBehaviour.java,com.ashokvarma.bottomnavigation.behaviour.BottomNavBarFabBehaviour,"getFabTranslationYForSnackBar/2[com.ashokvarma.bottomnavigation.behaviour.CoordinatorLayout,com.ashokvarma.bottomnavigation.behaviour.FloatingActionButton]",false,145,4,1,1,0,4,7,11,1,5,2,7,0,0,1,0,0,0,0,2,6,1,2,0,0,0,17,2,0,false
c:\Users\arthur.menezes_evolu\Desktop\Pes\BottomNavigation\bottom-navigation-bar\src\main\java\com\ashokvarma\bottomnavigation\behaviour\BottomNavBarFabBehaviour.java,com.ashokvarma.bottomnavigation.behaviour.BottomNavBarFabBehaviour,"layoutDependsOn/3[com.ashokvarma.bottomnavigation.behaviour.CoordinatorLayout,com.ashokvarma.bottomnavigation.behaviour.FloatingActionButton,com.ashokvarma.bottomnavigation.behaviour.View]",false,44,4,1,0,1,1,2,3,1,0,3,2,1,1,0,0,0,0,0,0,0,0,0,0,0,0,8,1,0,false
c:\Users\arthur.menezes_evolu\Desktop\Pes\BottomNavigation\bottom-navigation-bar\src\main\java\com\ashokvarma\bottomnavigation\behaviour\BottomNavBarFabBehaviour.java,com.ashokvarma.bottomnavigation.behaviour.BottomNavBarFabBehaviour,"onDependentViewChanged/3[com.ashokvarma.bottomnavigation.behaviour.CoordinatorLayout,com.ashokvarma.bottomnavigation.behaviour.FloatingActionButton,com.ashokvarma.bottomnavigation.behaviour.View]",false,59,4,2,0,2,2,3,7,2,0,3,3,2,2,0,0,0,0,0,0,0,0,1,0,0,0,16,1,0,false
c:\Users\arthur.menezes_evolu\Desktop\Pes\BottomNavigation\bottom-navigation-bar\src\main\java\com\ashokvarma\bottomnavigation\behaviour\BottomNavBarFabBehaviour.java,com.ashokvarma.bottomnavigation.behaviour.BottomNavBarFabBehaviour,"updateFabTranslationForBottomNavigationBar/3[com.ashokvarma.bottomnavigation.behaviour.CoordinatorLayout,com.ashokvarma.bottomnavigation.behaviour.FloatingActionButton,com.ashokvarma.bottomnavigation.behaviour.View]",false,84,5,6,3,3,4,10,21,0,6,3,10,3,1,0,0,0,1,0,3,7,2,1,0,0,0,25,2,0,false
c:\Users\arthur.menezes_evolu\Desktop\Pes\BottomNavigation\bottom-navigation-bar\src\main\java\com\ashokvarma\bottomnavigation\behaviour\BottomNavBarFabBehaviour.java,com.ashokvarma.bottomnavigation.behaviour.BottomNavBarFabBehaviour,"onDependentViewRemoved/3[com.ashokvarma.bottomnavigation.behaviour.CoordinatorLayout,com.ashokvarma.bottomnavigation.behaviour.FloatingActionButton,com.ashokvarma.bottomnavigation.behaviour.View]",false,70,4,2,0,2,2,2,5,0,0,3,2,2,2,0,0,0,0,0,0,0,0,1,0,0,0,15,1,0,false
c:\Users\arthur.menezes_evolu\Desktop\Pes\BottomNavigation\bottom-navigation-bar\src\main\java\com\ashokvarma\bottomnavigation\behaviour\BottomNavBarFabBehaviour.java,com.ashokvarma.bottomnavigation.behaviour.BottomNavBarFabBehaviour,isDependent/1[com.ashokvarma.bottomnavigation.behaviour.View],false,76,3,3,3,0,1,0,3,1,0,1,0,0,0,0,0,0,0,0,0,0,0,0,0,0,0,7,2,0,false
c:\Users\arthur.menezes_evolu\Desktop\Pes\BottomNavigation\bottom-navigation-bar\src\main\java\com\ashokvarma\bottomnavigation\BottomNavigationHelper.java,com.ashokvarma.bottomnavigation.BottomNavigationHelper,"getMeasurementsForShiftingMode/4[com.ashokvarma.bottomnavigation.Context,int,int,boolean]",false,64,2,1,1,0,6,2,40,1,9,4,2,0,0,0,0,0,18,0,17,21,22,3,0,0,0,47,8,0,true
c:\Users\arthur.menezes_evolu\Desktop\Pes\BottomNavigation\bottom-navigation-bar\src\main\java\com\ashokvarma\bottomnavigation\BottomNavigationHelper.java,com.ashokvarma.bottomnavigation.BottomNavigationHelper,BottomNavigationHelper/0,true,23,0,0,0,0,1,0,2,0,0,0,0,0,0,0,0,0,0,0,0,0,0,0,0,0,0,3,2,0,false
c:\Users\arthur.menezes_evolu\Desktop\Pes\BottomNavigation\bottom-navigation-bar\src\main\java\com\ashokvarma\bottomnavigation\BottomNavigationHelper.java,com.ashokvarma.bottomnavigation.BottomNavigationHelper,"bindTabWithData/3[com.ashokvarma.bottomnavigation.BottomNavigationItem,com.ashokvarma.bottomnavigation.BottomNavigationTab,com.ashokvarma.bottomnavigation.BottomNavigationBar]",false,115,6,18,1,17,6,18,30,0,5,3,18,0,0,0,4,0,0,0,0,5,0,2,0,0,0,37,8,0,true
c:\Users\arthur.menezes_evolu\Desktop\Pes\BottomNavigation\bottom-navigation-bar\src\main\java\com\ashokvarma\bottomnavigation\BottomNavigationHelper.java,com.ashokvarma.bottomnavigation.BottomNavigationHelper,"getMeasurementsForFixedMode/4[com.ashokvarma.bottomnavigation.Context,int,int,boolean]",false,35,2,1,1,0,4,2,14,1,4,4,2,0,0,0,0,0,0,0,2,7,1,1,0,0,0,38,8,0,true
c:\Users\arthur.menezes_evolu\Desktop\Pes\BottomNavigation\bottom-navigation-bar\src\main\java\com\ashokvarma\bottomnavigation\BottomNavigationHelper.java,com.ashokvarma.bottomnavigation.BottomNavigationHelper,"setBackgroundWithRipple/5[com.ashokvarma.bottomnavigation.View,com.ashokvarma.bottomnavigation.View,com.ashokvarma.bottomnavigation.View,int,int]",false,162,3,1,1,0,2,13,32,0,4,5,13,0,0,0,0,0,2,1,6,5,3,1,1,0,0,49,8,0,true
c:\Users\arthur.menezes_evolu\Desktop\Pes\BottomNavigation\bottom-navigation-bar\src\main\java\com\ashokvarma\bottomnavigation\FixedBottomNavigationTab.java,com.ashokvarma.bottomnavigation.FixedBottomNavigationTab,"FixedBottomNavigationTab/2[com.ashokvarma.bottomnavigation.Context,com.ashokvarma.bottomnavigation.AttributeSet]",true,27,2,0,0,0,1,0,3,0,0,2,0,0,0,0,0,0,0,0,0,0,0,0,0,0,0,6,1,0,false
c:\Users\arthur.menezes_evolu\Desktop\Pes\BottomNavigation\bottom-navigation-bar\src\main\java\com\ashokvarma\bottomnavigation\FixedBottomNavigationTab.java,com.ashokvarma.bottomnavigation.FixedBottomNavigationTab,"FixedBottomNavigationTab/4[com.ashokvarma.bottomnavigation.Context,com.ashokvarma.bottomnavigation.AttributeSet,int,int]",true,36,3,0,0,0,1,0,3,0,0,4,0,0,0,0,0,0,0,0,0,0,0,0,0,0,0,8,1,0,false
c:\Users\arthur.menezes_evolu\Desktop\Pes\BottomNavigation\bottom-navigation-bar\src\main\java\com\ashokvarma\bottomnavigation\FixedBottomNavigationTab.java,com.ashokvarma.bottomnavigation.FixedBottomNavigationTab,"unSelect/2[boolean,int]",false,66,0,0,0,0,1,6,4,0,0,2,6,0,0,0,0,0,0,0,0,0,0,0,0,0,0,6,1,0,false
c:\Users\arthur.menezes_evolu\Desktop\Pes\BottomNavigation\bottom-navigation-bar\src\main\java\com\ashokvarma\bottomnavigation\FixedBottomNavigationTab.java,com.ashokvarma.bottomnavigation.FixedBottomNavigationTab,"select/2[boolean,int]",false,59,0,0,0,0,1,6,4,0,0,2,6,0,0,0,0,0,0,0,2,0,0,0,0,0,0,3,1,0,false
c:\Users\arthur.menezes_evolu\Desktop\Pes\BottomNavigation\bottom-navigation-bar\src\main\java\com\ashokvarma\bottomnavigation\FixedBottomNavigationTab.java,com.ashokvarma.bottomnavigation.FixedBottomNavigationTab,init/0,false,41,2,0,0,0,1,7,13,0,2,0,7,0,0,0,0,0,0,0,0,10,1,0,0,0,0,19,0,0,false
c:\Users\arthur.menezes_evolu\Desktop\Pes\BottomNavigation\bottom-navigation-bar\src\main\java\com\ashokvarma\bottomnavigation\FixedBottomNavigationTab.java,com.ashokvarma.bottomnavigation.FixedBottomNavigationTab,setNoTitleIconParams/1[com.ashokvarma.bottomnavigation.LayoutParams],false,79,1,0,0,0,1,3,4,0,0,1,3,0,0,0,0,0,0,0,0,2,0,0,0,0,0,9,4,0,false
c:\Users\arthur.menezes_evolu\Desktop\Pes\BottomNavigation\bottom-navigation-bar\src\main\java\com\ashokvarma\bottomnavigation\FixedBottomNavigationTab.java,com.ashokvarma.bottomnavigation.FixedBottomNavigationTab,setNoTitleIconContainerParams/1[FrameLayout.LayoutParams],false,73,1,0,0,0,1,3,4,0,0,1,3,0,0,0,0,0,0,0,0,2,0,0,0,0,0,9,4,0,false
c:\Users\arthur.menezes_evolu\Desktop\Pes\BottomNavigation\bottom-navigation-bar\src\main\java\com\ashokvarma\bottomnavigation\FixedBottomNavigationTab.java,com.ashokvarma.bottomnavigation.FixedBottomNavigationTab,"FixedBottomNavigationTab/3[com.ashokvarma.bottomnavigation.Context,com.ashokvarma.bottomnavigation.AttributeSet,int]",true,31,2,0,0,0,1,0,3,0,0,3,0,0,0,0,0,0,0,0,0,0,0,0,0,0,0,8,1,0,false
c:\Users\arthur.menezes_evolu\Desktop\Pes\BottomNavigation\bottom-navigation-bar\src\main\java\com\ashokvarma\bottomnavigation\FixedBottomNavigationTab.java,com.ashokvarma.bottomnavigation.FixedBottomNavigationTab,FixedBottomNavigationTab/1[com.ashokvarma.bottomnavigation.Context],true,23,1,1,1,0,1,0,3,0,0,1,0,0,0,0,0,0,0,0,0,0,0,0,0,0,0,6,1,0,false
c:\Users\arthur.menezes_evolu\Desktop\Pes\BottomNavigation\bottom-navigation-bar\src\main\java\com\ashokvarma\bottomnavigation\BadgeItem.java,com.ashokvarma.bottomnavigation.BadgeItem,show/0,false,212,2,1,0,1,1,1,3,1,0,0,1,0,0,0,0,0,0,0,0,0,0,0,0,0,0,7,1,0,true
c:\Users\arthur.menezes_evolu\Desktop\Pes\BottomNavigation\bottom-navigation-bar\src\main\java\com\ashokvarma\bottomnavigation\BadgeItem.java,com.ashokvarma.bottomnavigation.BadgeItem,show/1[boolean],false,220,4,2,0,2,3,13,23,1,2,1,13,0,0,0,0,0,0,0,6,3,0,2,0,0,0,31,1,0,true
c:\Users\arthur.menezes_evolu\Desktop\Pes\BottomNavigation\bottom-navigation-bar\src\main\java\com\ashokvarma\bottomnavigation\BadgeItem.java,com.ashokvarma.bottomnavigation.BadgeItem,unSelect/0,false,180,1,2,1,1,2,1,5,0,0,0,1,0,0,0,0,0,0,0,0,0,0,1,0,0,0,16,0,0,true
c:\Users\arthur.menezes_evolu\Desktop\Pes\BottomNavigation\bottom-navigation-bar\src\main\java\com\ashokvarma\bottomnavigation\BadgeItem.java,com.ashokvarma.bottomnavigation.BadgeItem,isWeakReferenceValid/0,false,160,0,0,0,0,3,1,3,1,0,0,1,0,0,0,2,0,0,0,0,0,0,0,0,0,0,12,0,0,true
c:\Users\arthur.menezes_evolu\Desktop\Pes\BottomNavigation\bottom-navigation-bar\src\main\java\com\ashokvarma\bottomnavigation\BadgeItem.java,com.ashokvarma.bottomnavigation.BadgeItem,toggle/0,false,193,2,1,0,1,1,1,3,1,0,0,1,0,0,0,0,0,0,0,0,0,0,0,0,0,0,7,1,0,true
c:\Users\arthur.menezes_evolu\Desktop\Pes\BottomNavigation\bottom-navigation-bar\src\main\java\com\ashokvarma\bottomnavigation\BadgeItem.java,com.ashokvarma.bottomnavigation.BadgeItem,getGravity/0,false,135,0,0,0,0,1,0,3,1,0,0,0,0,0,0,0,0,0,0,0,0,0,0,0,0,0,6,0,0,true
c:\Users\arthur.menezes_evolu\Desktop\Pes\BottomNavigation\bottom-navigation-bar\src\main\java\com\ashokvarma\bottomnavigation\BadgeItem.java,com.ashokvarma.bottomnavigation.BadgeItem,hide/0,false,246,2,1,0,1,1,1,3,1,0,0,1,0,0,0,0,0,0,0,0,0,0,0,0,0,0,7,1,0,true
c:\Users\arthur.menezes_evolu\Desktop\Pes\BottomNavigation\bottom-navigation-bar\src\main\java\com\ashokvarma\bottomnavigation\BadgeItem.java,com.ashokvarma.bottomnavigation.BadgeItem,getTextView/0,false,149,1,0,0,0,1,0,3,1,0,0,0,0,0,0,0,0,0,0,0,0,0,0,0,0,0,9,0,0,true
c:\Users\arthur.menezes_evolu\Desktop\Pes\BottomNavigation\bottom-navigation-bar\src\main\java\com\ashokvarma\bottomnavigation\BadgeItem.java,com.ashokvarma.bottomnavigation.BadgeItem,isHidden/0,false,290,0,0,0,0,1,0,3,1,0,0,0,0,0,0,0,0,0,0,0,0,0,0,0,0,0,7,1,0,true
c:\Users\arthur.menezes_evolu\Desktop\Pes\BottomNavigation\bottom-navigation-bar\src\main\java\com\ashokvarma\bottomnavigation\BadgeItem.java,com.ashokvarma.bottomnavigation.BadgeItem,isHideOnSelect/0,false,142,0,0,0,0,1,0,3,1,0,0,0,0,0,0,0,0,0,0,0,0,0,0,0,0,0,9,0,0,true
c:\Users\arthur.menezes_evolu\Desktop\Pes\BottomNavigation\bottom-navigation-bar\src\main\java\com\ashokvarma\bottomnavigation\BadgeItem.java,com.ashokvarma.bottomnavigation.BadgeItem,hide/1[boolean],false,254,5,2,0,2,3,11,28,1,2,1,11,0,0,0,0,0,0,0,2,3,0,2,1,0,0,36,1,0,true
c:\Users\arthur.menezes_evolu\Desktop\Pes\BottomNavigation\bottom-navigation-bar\src\main\java\com\ashokvarma\bottomnavigation\BadgeItem.java,com.ashokvarma.bottomnavigation.BadgeItem,bindToBottomTabInternal/1[com.ashokvarma.bottomnavigation.BottomNavigationTab],false,38,1,0,0,0,1,0,1,0,0,1,0,0,0,0,0,0,0,0,0,0,0,0,0,0,0,25,1024,0,true
c:\Users\arthur.menezes_evolu\Desktop\Pes\BottomNavigation\bottom-navigation-bar\src\main\java\com\ashokvarma\bottomnavigation\BadgeItem.java,com.ashokvarma.bottomnavigation.BadgeItem,select/0,false,171,1,2,1,1,2,1,5,0,0,0,1,0,0,0,0,0,0,0,0,0,0,1,0,0,0,16,0,0,true
c:\Users\arthur.menezes_evolu\Desktop\Pes\BottomNavigation\bottom-navigation-bar\src\main\java\com\ashokvarma\bottomnavigation\BadgeItem.java,com.ashokvarma.bottomnavigation.BadgeItem,getSubInstance/0,false,33,1,0,0,0,1,0,1,0,0,0,0,0,0,0,0,0,0,0,0,0,0,0,0,0,0,10,1024,0,true
c:\Users\arthur.menezes_evolu\Desktop\Pes\BottomNavigation\bottom-navigation-bar\src\main\java\com\ashokvarma\bottomnavigation\BadgeItem.java,com.ashokvarma.bottomnavigation.BadgeItem,setHideOnSelect/1[boolean],false,68,2,1,0,1,1,1,4,1,0,1,1,0,0,0,0,0,0,0,0,1,0,0,0,0,0,19,1,0,true
c:\Users\arthur.menezes_evolu\Desktop\Pes\BottomNavigation\bottom-navigation-bar\src\main\java\com\ashokvarma\bottomnavigation\BadgeItem.java,com.ashokvarma.bottomnavigation.BadgeItem,setTextView/1[com.ashokvarma.bottomnavigation.BadgeTextView],false,127,3,2,1,1,1,1,4,1,0,1,1,0,0,0,0,0,0,0,0,1,0,0,0,0,0,25,2,0,true
c:\Users\arthur.menezes_evolu\Desktop\Pes\BottomNavigation\bottom-navigation-bar\src\main\java\com\ashokvarma\bottomnavigation\BadgeItem.java,com.ashokvarma.bottomnavigation.BadgeItem,setAnimationDuration/1[int],false,77,2,1,0,1,1,1,4,1,0,1,1,0,0,0,0,0,0,0,0,1,0,0,0,0,0,16,1,0,true
c:\Users\arthur.menezes_evolu\Desktop\Pes\BottomNavigation\bottom-navigation-bar\src\main\java\com\ashokvarma\bottomnavigation\BadgeItem.java,com.ashokvarma.bottomnavigation.BadgeItem,bindToBottomTab/1[com.ashokvarma.bottomnavigation.BottomNavigationTab],false,92,4,9,1,8,3,11,16,0,1,1,11,1,1,0,1,0,0,0,0,2,0,1,0,0,0,29,0,0,true
c:\Users\arthur.menezes_evolu\Desktop\Pes\BottomNavigation\bottom-navigation-bar\src\main\java\com\ashokvarma\bottomnavigation\BadgeItem.java,com.ashokvarma.bottomnavigation.BadgeItem,toggle/1[boolean],false,201,2,2,0,2,2,2,8,2,0,1,2,0,0,0,0,0,0,0,0,0,0,1,0,0,0,15,1,0,true
c:\Users\arthur.menezes_evolu\Desktop\Pes\BottomNavigation\bottom-navigation-bar\src\main\java\com\ashokvarma\bottomnavigation\BadgeItem.java,com.ashokvarma.bottomnavigation.BadgeItem,setGravity/1[int],false,53,4,2,0,2,2,5,10,1,2,1,5,0,0,0,0,0,0,0,0,4,0,1,0,0,0,27,1,0,true
c:\Users\arthur.menezes_evolu\Desktop\Pes\BottomNavigation\bottom-navigation-bar\src\main\java\com\ashokvarma\bottomnavigation\BadgeTextView.java,com.ashokvarma.bottomnavigation.BadgeTextView,BadgeTextView/1[com.ashokvarma.bottomnavigation.Context],true,26,1,0,0,0,1,0,3,0,0,1,0,0,0,0,0,0,0,0,0,0,0,0,0,0,0,5,1,0,false
c:\Users\arthur.menezes_evolu\Desktop\Pes\BottomNavigation\bottom-navigation-bar\src\main\java\com\ashokvarma\bottomnavigation\BadgeTextView.java,com.ashokvarma.bottomnavigation.BadgeTextView,recallOnDraw/0,false,74,0,1,1,0,1,1,3,0,0,0,1,0,0,0,0,0,0,0,0,0,0,0,0,0,0,11,0,0,true
c:\Users\arthur.menezes_evolu\Desktop\Pes\BottomNavigation\bottom-navigation-bar\src\main\java\com\ashokvarma\bottomnavigation\BadgeTextView.java,com.ashokvarma.bottomnavigation.BadgeTextView,clearPrevious/0,false,46,0,1,1,0,1,0,4,0,0,0,0,0,0,0,0,0,0,0,0,2,0,0,0,0,0,15,0,0,true
c:\Users\arthur.menezes_evolu\Desktop\Pes\BottomNavigation\bottom-navigation-bar\src\main\java\com\ashokvarma\bottomnavigation\BadgeTextView.java,com.ashokvarma.bottomnavigation.BadgeTextView,init/0,false,39,0,1,1,0,1,0,2,0,0,0,0,0,0,0,0,0,0,0,0,0,0,0,0,0,0,1,2,0,false
c:\Users\arthur.menezes_evolu\Desktop\Pes\BottomNavigation\bottom-navigation-bar\src\main\java\com\ashokvarma\bottomnavigation\BadgeTextView.java,com.ashokvarma.bottomnavigation.BadgeTextView,"BadgeTextView/2[com.ashokvarma.bottomnavigation.Context,com.ashokvarma.bottomnavigation.AttributeSet]",true,30,2,0,0,0,1,0,3,0,0,2,0,0,0,0,0,0,0,0,1,0,0,0,0,0,0,5,1,0,false
c:\Users\arthur.menezes_evolu\Desktop\Pes\BottomNavigation\bottom-navigation-bar\src\main\java\com\ashokvarma\bottomnavigation\BadgeTextView.java,com.ashokvarma.bottomnavigation.BadgeTextView,setShapeBadgeItem/1[com.ashokvarma.bottomnavigation.ShapeBadgeItem],false,54,1,1,1,0,1,0,3,0,0,1,0,0,0,0,0,0,0,0,0,1,0,0,0,0,0,14,0,0,true
c:\Users\arthur.menezes_evolu\Desktop\Pes\BottomNavigation\bottom-navigation-bar\src\main\java\com\ashokvarma\bottomnavigation\BadgeTextView.java,com.ashokvarma.bottomnavigation.BadgeTextView,onDraw/1[com.ashokvarma.bottomnavigation.Canvas],false,82,2,1,0,1,2,2,6,0,0,1,2,0,0,0,1,0,0,0,0,0,0,1,0,0,0,9,4,0,true
c:\Users\arthur.menezes_evolu\Desktop\Pes\BottomNavigation\bottom-navigation-bar\src\main\java\com\ashokvarma\bottomnavigation\BadgeTextView.java,com.ashokvarma.bottomnavigation.BadgeTextView,"setDimens/2[int,int]",false,64,0,3,3,0,1,1,6,0,0,2,1,0,0,0,0,0,0,0,0,3,0,0,0,0,0,22,0,0,true
c:\Users\arthur.menezes_evolu\Desktop\Pes\BottomNavigation\bottom-navigation-bar\src\main\java\com\ashokvarma\bottomnavigation\BadgeTextView.java,com.ashokvarma.bottomnavigation.BadgeTextView,"onMeasure/2[int,int]",false,93,0,0,0,0,8,5,38,0,6,2,5,0,0,0,0,0,0,0,0,10,0,2,0,0,0,17,4,0,true
c:\Users\arthur.menezes_evolu\Desktop\Pes\BottomNavigation\bottom-navigation-bar\src\main\java\com\ashokvarma\bottomnavigation\BadgeTextView.java,com.ashokvarma.bottomnavigation.BadgeTextView,"BadgeTextView/3[com.ashokvarma.bottomnavigation.Context,com.ashokvarma.bottomnavigation.AttributeSet,int]",true,34,3,1,0,1,1,1,4,0,0,3,1,1,1,0,0,0,0,0,0,0,0,0,0,0,0,8,1,0,false
c:\Users\arthur.menezes_evolu\Desktop\Pes\BottomNavigation\bottom-navigation-bar\src\main\java\com\ashokvarma\bottomnavigation\ShiftingBottomNavigationTab.java,com.ashokvarma.bottomnavigation.ShiftingBottomNavigationTab,"ShiftingBottomNavigationTab/2[com.ashokvarma.bottomnavigation.Context,com.ashokvarma.bottomnavigation.AttributeSet]",true,27,2,0,0,0,1,0,3,0,0,2,0,0,0,0,0,0,0,0,0,0,0,0,0,0,0,6,1,0,false
c:\Users\arthur.menezes_evolu\Desktop\Pes\BottomNavigation\bottom-navigation-bar\src\main\java\com\ashokvarma\bottomnavigation\ShiftingBottomNavigationTab.java,com.ashokvarma.bottomnavigation.ShiftingBottomNavigationTab,setNoTitleIconContainerParams/1[FrameLayout.LayoutParams],false,79,1,0,0,0,1,3,4,0,0,1,3,0,0,0,0,0,0,0,0,2,0,0,0,0,0,9,4,0,false
c:\Users\arthur.menezes_evolu\Desktop\Pes\BottomNavigation\bottom-navigation-bar\src\main\java\com\ashokvarma\bottomnavigation\ShiftingBottomNavigationTab.java,com.ashokvarma.bottomnavigation.ShiftingBottomNavigationTab,setNoTitleIconParams/1[com.ashokvarma.bottomnavigation.LayoutParams],false,85,1,0,0,0,1,3,4,0,0,1,3,0,0,0,0,0,0,0,0,2,0,0,0,0,0,9,4,0,false
c:\Users\arthur.menezes_evolu\Desktop\Pes\BottomNavigation\bottom-navigation-bar\src\main\java\com\ashokvarma\bottomnavigation\ShiftingBottomNavigationTab.java,com.ashokvarma.bottomnavigation.ShiftingBottomNavigationTab,"ShiftingBottomNavigationTab/3[com.ashokvarma.bottomnavigation.Context,com.ashokvarma.bottomnavigation.AttributeSet,int]",true,31,2,0,0,0,1,0,3,0,0,3,0,0,0,0,0,0,0,0,0,0,0,0,0,0,0,8,1,0,false
c:\Users\arthur.menezes_evolu\Desktop\Pes\BottomNavigation\bottom-navigation-bar\src\main\java\com\ashokvarma\bottomnavigation\ShiftingBottomNavigationTab.java,com.ashokvarma.bottomnavigation.ShiftingBottomNavigationTab,"ShiftingBottomNavigationTab/4[com.ashokvarma.bottomnavigation.Context,com.ashokvarma.bottomnavigation.AttributeSet,int,int]",true,36,3,0,0,0,1,0,3,0,0,4,0,0,0,0,0,0,0,0,0,0,0,0,0,0,0,8,1,0,false
c:\Users\arthur.menezes_evolu\Desktop\Pes\BottomNavigation\bottom-navigation-bar\src\main\java\com\ashokvarma\bottomnavigation\ShiftingBottomNavigationTab.java,com.ashokvarma.bottomnavigation.ShiftingBottomNavigationTab,"select/2[boolean,int]",false,57,1,1,0,1,1,7,7,0,1,2,7,0,0,0,0,0,0,0,2,1,0,0,0,0,0,7,1,0,false
c:\Users\arthur.menezes_evolu\Desktop\Pes\BottomNavigation\bottom-navigation-bar\src\main\java\com\ashokvarma\bottomnavigation\ShiftingBottomNavigationTab.java,com.ashokvarma.bottomnavigation.ShiftingBottomNavigationTab,init/0,false,41,2,0,0,0,1,7,12,0,2,0,7,0,0,0,0,0,0,0,0,9,0,0,0,0,0,18,0,0,false
c:\Users\arthur.menezes_evolu\Desktop\Pes\BottomNavigation\bottom-navigation-bar\src\main\java\com\ashokvarma\bottomnavigation\ShiftingBottomNavigationTab.java,com.ashokvarma.bottomnavigation.ShiftingBottomNavigationTab,"unSelect/2[boolean,int]",false,68,1,1,0,1,1,7,7,0,1,2,7,0,0,0,0,0,0,0,3,1,0,0,0,0,0,8,1,0,false
c:\Users\arthur.menezes_evolu\Desktop\Pes\BottomNavigation\bottom-navigation-bar\src\main\java\com\ashokvarma\bottomnavigation\ShiftingBottomNavigationTab.java,com.ashokvarma.bottomnavigation.ShiftingBottomNavigationTab,ShiftingBottomNavigationTab/1[com.ashokvarma.bottomnavigation.Context],true,23,1,1,1,0,1,0,3,0,0,1,0,0,0,0,0,0,0,0,0,0,0,0,0,0,0,6,1,0,false
c:\Users\arthur.menezes_evolu\Desktop\Pes\BottomNavigation\bottom-navigation-bar\src\main\java\com\ashokvarma\bottomnavigation\BottomNavigationItem.java,com.ashokvarma.bottomnavigation.BottomNavigationItem,"BottomNavigationItem/2[com.ashokvarma.bottomnavigation.Drawable,int]",true,68,2,0,0,0,1,0,4,0,0,2,0,0,0,0,0,0,0,0,0,2,0,0,0,0,0,12,1,0,true
c:\Users\arthur.menezes_evolu\Desktop\Pes\BottomNavigation\bottom-navigation-bar\src\main\java\com\ashokvarma\bottomnavigation\BottomNavigationItem.java,com.ashokvarma.bottomnavigation.BottomNavigationItem,getInActiveColor/1[com.ashokvarma.bottomnavigation.Context],false,250,1,1,1,0,4,3,14,4,0,1,3,0,0,0,2,0,0,0,2,0,0,1,0,0,0,17,0,0,true
c:\Users\arthur.menezes_evolu\Desktop\Pes\BottomNavigation\bottom-navigation-bar\src\main\java\com\ashokvarma\bottomnavigation\BottomNavigationItem.java,com.ashokvarma.bottomnavigation.BottomNavigationItem,getIcon/1[com.ashokvarma.bottomnavigation.Context],false,191,2,1,1,0,2,1,8,2,0,1,1,0,0,0,1,0,0,0,1,0,0,1,0,0,0,9,0,0,true
c:\Users\arthur.menezes_evolu\Desktop\Pes\BottomNavigation\bottom-navigation-bar\src\main\java\com\ashokvarma\bottomnavigation\BottomNavigationItem.java,com.ashokvarma.bottomnavigation.BottomNavigationItem,setBadgeItem/1[com.ashokvarma.bottomnavigation.TextBadgeItem],false,178,3,0,0,0,1,0,4,1,0,1,0,0,0,0,0,0,0,0,0,1,0,0,0,0,0,16,1,0,true
c:\Users\arthur.menezes_evolu\Desktop\Pes\BottomNavigation\bottom-navigation-bar\src\main\java\com\ashokvarma\bottomnavigation\BottomNavigationItem.java,com.ashokvarma.bottomnavigation.BottomNavigationItem,"BottomNavigationItem/2[com.ashokvarma.bottomnavigation.Drawable,java.lang.String]",true,59,2,1,1,0,1,0,4,0,0,2,0,0,0,0,0,0,0,0,0,2,0,0,0,0,0,11,1,0,true
c:\Users\arthur.menezes_evolu\Desktop\Pes\BottomNavigation\bottom-navigation-bar\src\main\java\com\ashokvarma\bottomnavigation\BottomNavigationItem.java,com.ashokvarma.bottomnavigation.BottomNavigationItem,getInactiveIcon/1[com.ashokvarma.bottomnavigation.Context],false,215,2,1,1,0,2,1,8,2,0,1,1,0,0,0,1,0,0,0,1,0,0,1,0,0,0,13,0,0,true
c:\Users\arthur.menezes_evolu\Desktop\Pes\BottomNavigation\bottom-navigation-bar\src\main\java\com\ashokvarma\bottomnavigation\BottomNavigationItem.java,com.ashokvarma.bottomnavigation.BottomNavigationItem,getBadgeItem/0,false,265,1,1,1,0,1,0,3,1,0,0,0,0,0,0,0,0,0,0,0,0,0,0,0,0,0,12,0,0,true
c:\Users\arthur.menezes_evolu\Desktop\Pes\BottomNavigation\bottom-navigation-bar\src\main\java\com\ashokvarma\bottomnavigation\BottomNavigationItem.java,com.ashokvarma.bottomnavigation.BottomNavigationItem,setActiveColorResource/1[int],false,115,2,1,1,0,1,0,4,1,0,1,0,0,0,0,0,0,0,0,0,1,0,0,0,0,0,14,1,0,true
c:\Users\arthur.menezes_evolu\Desktop\Pes\BottomNavigation\bottom-navigation-bar\src\main\java\com\ashokvarma\bottomnavigation\BottomNavigationItem.java,com.ashokvarma.bottomnavigation.BottomNavigationItem,isInActiveIconAvailable/0,false,226,0,1,1,0,1,0,3,1,0,0,0,0,0,0,0,0,0,0,0,0,0,0,0,0,0,9,0,0,true
c:\Users\arthur.menezes_evolu\Desktop\Pes\BottomNavigation\bottom-navigation-bar\src\main\java\com\ashokvarma\bottomnavigation\BottomNavigationItem.java,com.ashokvarma.bottomnavigation.BottomNavigationItem,"BottomNavigationItem/2[int,int]",true,77,2,0,0,0,1,0,4,0,0,2,0,0,0,0,0,0,0,0,0,2,0,0,0,0,0,10,1,0,true
c:\Users\arthur.menezes_evolu\Desktop\Pes\BottomNavigation\bottom-navigation-bar\src\main\java\com\ashokvarma\bottomnavigation\BottomNavigationItem.java,com.ashokvarma.bottomnavigation.BottomNavigationItem,setInactiveIconResource/1[int],false,104,2,0,0,0,1,0,5,1,0,1,0,0,0,0,0,0,0,0,0,2,0,0,0,0,0,35,1,0,true
c:\Users\arthur.menezes_evolu\Desktop\Pes\BottomNavigation\bottom-navigation-bar\src\main\java\com\ashokvarma\bottomnavigation\BottomNavigationItem.java,com.ashokvarma.bottomnavigation.BottomNavigationItem,setActiveColor/1[int],false,133,1,0,0,0,1,0,4,1,0,1,0,0,0,0,0,0,0,0,0,1,0,0,0,0,0,12,1,0,true
c:\Users\arthur.menezes_evolu\Desktop\Pes\BottomNavigation\bottom-navigation-bar\src\main\java\com\ashokvarma\bottomnavigation\BottomNavigationItem.java,com.ashokvarma.bottomnavigation.BottomNavigationItem,getTitle/1[com.ashokvarma.bottomnavigation.Context],false,203,1,1,1,0,2,1,8,2,0,1,1,0,0,0,1,0,0,0,1,0,0,1,0,0,0,9,0,0,true
c:\Users\arthur.menezes_evolu\Desktop\Pes\BottomNavigation\bottom-navigation-bar\src\main\java\com\ashokvarma\bottomnavigation\BottomNavigationItem.java,com.ashokvarma.bottomnavigation.BottomNavigationItem,setActiveColor/1[java.lang.String],false,124,2,0,0,0,1,0,4,1,0,1,0,0,0,0,0,0,0,0,0,1,0,0,0,0,0,14,1,0,true
c:\Users\arthur.menezes_evolu\Desktop\Pes\BottomNavigation\bottom-navigation-bar\src\main\java\com\ashokvarma\bottomnavigation\BottomNavigationItem.java,com.ashokvarma.bottomnavigation.BottomNavigationItem,setBadgeItem/1[com.ashokvarma.bottomnavigation.ShapeBadgeItem],false,169,3,0,0,0,1,0,4,1,0,1,0,0,0,0,0,0,0,0,0,1,0,0,0,0,0,16,1,0,true
c:\Users\arthur.menezes_evolu\Desktop\Pes\BottomNavigation\bottom-navigation-bar\src\main\java\com\ashokvarma\bottomnavigation\BottomNavigationItem.java,com.ashokvarma.bottomnavigation.BottomNavigationItem,setInActiveColor/1[java.lang.String],false,151,2,0,0,0,1,0,4,1,0,1,0,0,0,0,0,0,0,0,0,1,0,0,0,0,0,16,1,0,true
c:\Users\arthur.menezes_evolu\Desktop\Pes\BottomNavigation\bottom-navigation-bar\src\main\java\com\ashokvarma\bottomnavigation\BottomNavigationItem.java,com.ashokvarma.bottomnavigation.BottomNavigationItem,setInActiveColor/1[int],false,160,1,0,0,0,1,0,4,1,0,1,0,0,0,0,0,0,0,0,0,1,0,0,0,0,0,14,1,0,true
c:\Users\arthur.menezes_evolu\Desktop\Pes\BottomNavigation\bottom-navigation-bar\src\main\java\com\ashokvarma\bottomnavigation\BottomNavigationItem.java,com.ashokvarma.bottomnavigation.BottomNavigationItem,setInactiveIcon/1[com.ashokvarma.bottomnavigation.Drawable],false,89,2,0,0,0,2,0,7,1,0,1,0,0,0,0,1,0,0,0,0,2,0,1,0,0,0,36,1,0,true
c:\Users\arthur.menezes_evolu\Desktop\Pes\BottomNavigation\bottom-navigation-bar\src\main\java\com\ashokvarma\bottomnavigation\BottomNavigationItem.java,com.ashokvarma.bottomnavigation.BottomNavigationItem,getActiveColor/1[com.ashokvarma.bottomnavigation.Context],false,234,1,1,1,0,4,3,14,4,0,1,3,0,0,0,2,0,0,0,2,0,0,1,0,0,0,15,0,0,true
c:\Users\arthur.menezes_evolu\Desktop\Pes\BottomNavigation\bottom-navigation-bar\src\main\java\com\ashokvarma\bottomnavigation\BottomNavigationItem.java,com.ashokvarma.bottomnavigation.BottomNavigationItem,"BottomNavigationItem/2[int,java.lang.String]",true,50,2,0,0,0,1,0,4,0,0,2,0,0,0,0,0,0,0,0,0,2,0,0,0,0,0,11,1,0,true
c:\Users\arthur.menezes_evolu\Desktop\Pes\BottomNavigation\bottom-navigation-bar\src\main\java\com\ashokvarma\bottomnavigation\BottomNavigationItem.java,com.ashokvarma.bottomnavigation.BottomNavigationItem,setInActiveColorResource/1[int],false,142,2,0,0,0,1,0,4,1,0,1,0,0,0,0,0,0,0,0,0,1,0,0,0,0,0,16,1,0,true
c:\Users\arthur.menezes_evolu\Desktop\Pes\BottomNavigation\bottom-navigation-bar\src\main\java\com\ashokvarma\bottomnavigation\BottomNavigationBar.java,com.ashokvarma.bottomnavigation.BottomNavigationBar$OnTabSelectedListener,onTabSelected/1[int],false,761,0,1,1,0,1,0,1,0,0,1,0,0,0,0,0,0,0,0,0,0,0,0,0,0,0,15,0,0,true
c:\Users\arthur.menezes_evolu\Desktop\Pes\BottomNavigation\bottom-navigation-bar\src\main\java\com\ashokvarma\bottomnavigation\BottomNavigationBar.java,com.ashokvarma.bottomnavigation.BottomNavigationBar$OnTabSelectedListener,onTabUnselected/1[int],false,768,0,1,1,0,1,0,1,0,0,1,0,0,0,0,0,0,0,0,0,0,0,0,0,0,0,16,0,0,true
c:\Users\arthur.menezes_evolu\Desktop\Pes\BottomNavigation\bottom-navigation-bar\src\main\java\com\ashokvarma\bottomnavigation\BottomNavigationBar.java,com.ashokvarma.bottomnavigation.BottomNavigationBar$OnTabSelectedListener,onTabReselected/1[int],false,775,0,1,1,0,1,0,1,0,0,1,0,0,0,0,0,0,0,0,0,0,0,0,0,0,0,27,0,0,true
c:\Users\arthur.menezes_evolu\Desktop\Pes\BottomNavigation\sample\src\main\java\com\ashokvarma\bottomnavigation\sample\HomeActivityJava.java,com.ashokvarma.bottomnavigation.sample.HomeActivityJava,onClick/1[com.ashokvarma.bottomnavigation.sample.View],false,149,4,3,0,3,7,7,27,0,1,1,7,0,0,0,3,0,0,2,0,1,0,2,1,0,0,14,1,0,false
c:\Users\arthur.menezes_evolu\Desktop\Pes\BottomNavigation\sample\src\main\java\com\ashokvarma\bottomnavigation\sample\HomeActivityJava.java,com.ashokvarma.bottomnavigation.sample.HomeActivityJava,setScrollableText/1[int],false,270,0,2,2,0,6,4,22,0,0,1,4,0,0,0,0,0,0,0,5,0,0,1,0,0,0,8,2,0,false
c:\Users\arthur.menezes_evolu\Desktop\Pes\BottomNavigation\sample\src\main\java\com\ashokvarma\bottomnavigation\sample\HomeActivityJava.java,com.ashokvarma.bottomnavigation.sample.HomeActivityJava,"onCheckedChanged/2[com.ashokvarma.bottomnavigation.sample.CompoundButton,boolean]",false,188,2,1,0,1,1,1,3,0,0,2,1,1,2,0,0,0,0,0,0,0,0,0,0,0,0,7,1,0,false
c:\Users\arthur.menezes_evolu\Desktop\Pes\BottomNavigation\sample\src\main\java\com\ashokvarma\bottomnavigation\sample\HomeActivityJava.java,com.ashokvarma.bottomnavigation.sample.HomeActivityJava,onTabSelected/1[int],false,248,2,3,0,3,2,4,8,0,0,1,4,2,1,0,1,0,0,1,0,1,1,1,0,0,0,14,1,0,false
c:\Users\arthur.menezes_evolu\Desktop\Pes\BottomNavigation\sample\src\main\java\com\ashokvarma\bottomnavigation\sample\HomeActivityJava.java,com.ashokvarma.bottomnavigation.sample.HomeActivityJava,setMessageText/1[java.lang.String],false,266,0,2,2,0,1,1,3,0,0,1,1,0,0,0,0,0,0,0,0,0,0,0,0,0,0,4,2,0,false
c:\Users\arthur.menezes_evolu\Desktop\Pes\BottomNavigation\sample\src\main\java\com\ashokvarma\bottomnavigation\sample\HomeActivityJava.java,com.ashokvarma.bottomnavigation.sample.HomeActivityJava,onTabReselected/1[int],false,262,1,1,0,1,1,1,3,0,0,1,1,1,1,0,0,0,0,1,0,0,1,0,0,0,0,7,1,0,false
c:\Users\arthur.menezes_evolu\Desktop\Pes\BottomNavigation\sample\src\main\java\com\ashokvarma\bottomnavigation\sample\HomeActivityJava.java,com.ashokvarma.bottomnavigation.sample.HomeActivityJava,"onItemSelected/4[com.ashokvarma.bottomnavigation.sample.AdapterView<?>,com.ashokvarma.bottomnavigation.sample.View,int,long]",false,178,3,1,0,1,1,1,3,0,0,4,1,1,2,0,0,0,0,0,0,0,0,0,0,0,0,5,1,0,false
c:\Users\arthur.menezes_evolu\Desktop\Pes\BottomNavigation\sample\src\main\java\com\ashokvarma\bottomnavigation\sample\HomeActivityJava.java,com.ashokvarma.bottomnavigation.sample.HomeActivityJava,onCreateOptionsMenu/1[com.ashokvarma.bottomnavigation.sample.Menu],false,129,2,0,0,0,1,2,5,1,1,1,2,0,0,0,0,0,0,0,0,1,0,0,0,0,0,9,1,0,false
c:\Users\arthur.menezes_evolu\Desktop\Pes\BottomNavigation\sample\src\main\java\com\ashokvarma\bottomnavigation\sample\HomeActivityJava.java,com.ashokvarma.bottomnavigation.sample.HomeActivityJava,onOptionsItemSelected/1[com.ashokvarma.bottomnavigation.sample.MenuItem],false,136,2,0,0,0,2,5,11,2,2,1,5,0,0,0,0,0,0,1,0,2,0,1,0,0,0,14,1,0,false
c:\Users\arthur.menezes_evolu\Desktop\Pes\BottomNavigation\sample\src\main\java\com\ashokvarma\bottomnavigation\sample\HomeActivityJava.java,com.ashokvarma.bottomnavigation.sample.HomeActivityJava,onCreate/1[com.ashokvarma.bottomnavigation.sample.Bundle],false,70,3,1,0,1,1,12,45,0,4,1,12,0,0,0,0,0,0,18,4,20,0,0,0,0,0,37,4,0,false
c:\Users\arthur.menezes_evolu\Desktop\Pes\BottomNavigation\sample\src\main\java\com\ashokvarma\bottomnavigation\sample\HomeActivityJava.java,com.ashokvarma.bottomnavigation.sample.HomeActivityJava,refresh/0,false,192,5,15,2,13,6,20,20,0,0,0,20,1,1,0,0,0,0,13,8,2,1,1,0,0,0,16,2,0,false
c:\Users\arthur.menezes_evolu\Desktop\Pes\BottomNavigation\sample\src\main\java\com\ashokvarma\bottomnavigation\sample\HomeActivityJava.java,com.ashokvarma.bottomnavigation.sample.HomeActivityJava,onTabUnselected/1[int],false,258,0,0,0,0,1,0,2,0,0,1,0,0,0,0,0,0,0,0,0,0,0,0,0,0,0,4,1,0,false
c:\Users\arthur.menezes_evolu\Desktop\Pes\BottomNavigation\sample\src\main\java\com\ashokvarma\bottomnavigation\sample\HomeActivityJava.java,com.ashokvarma.bottomnavigation.sample.HomeActivityJava,onNothingSelected/1[com.ashokvarma.bottomnavigation.sample.AdapterView<?>],false,183,1,0,0,0,1,0,2,0,0,1,0,0,0,0,0,0,0,0,0,0,0,0,0,0,0,5,1,0,false
c:\Users\arthur.menezes_evolu\Desktop\Pes\BottomNavigation\bottom-navigation-bar\src\main\java\com\ashokvarma\bottomnavigation\BottomNavigationBar.java,com.ashokvarma.bottomnavigation.BottomNavigationBar$Anonymous1,onClick/1[com.ashokvarma.bottomnavigation.View],false,501,3,2,0,2,1,2,4,0,1,1,2,0,0,0,0,0,0,0,0,1,0,0,0,0,0,10,1,0,false
c:\Users\arthur.menezes_evolu\Desktop\Pes\BottomNavigation\bottom-navigation-bar\src\main\java\com\ashokvarma\bottomnavigation\BottomNavigationTab.java,com.ashokvarma.bottomnavigation.BottomNavigationTab$Anonymous1,onAnimationUpdate/1[com.ashokvarma.bottomnavigation.ValueAnimator],false,149,1,0,0,0,1,5,3,0,0,1,5,0,0,0,0,0,0,0,0,0,0,0,0,0,0,7,1,0,false
c:\Users\arthur.menezes_evolu\Desktop\Pes\BottomNavigation\bottom-navigation-bar\src\main\java\com\ashokvarma\bottomnavigation\ShiftingBottomNavigationTab.java,com.ashokvarma.bottomnavigation.ShiftingBottomNavigationTab$ResizeWidthAnimation,willChangeBounds/0,false,108,0,0,0,0,1,0,3,1,0,0,0,0,0,0,0,0,0,0,0,0,0,0,0,0,0,4,1,0,false
c:\Users\arthur.menezes_evolu\Desktop\Pes\BottomNavigation\bottom-navigation-bar\src\main\java\com\ashokvarma\bottomnavigation\ShiftingBottomNavigationTab.java,com.ashokvarma.bottomnavigation.ShiftingBottomNavigationTab$ResizeWidthAnimation,"applyTransformation/2[float,com.ashokvarma.bottomnavigation.Transformation]",false,102,1,0,0,0,1,2,4,0,0,2,2,0,0,0,0,0,2,0,0,1,3,0,0,0,0,8,4,0,false
c:\Users\arthur.menezes_evolu\Desktop\Pes\BottomNavigation\bottom-navigation-bar\src\main\java\com\ashokvarma\bottomnavigation\ShiftingBottomNavigationTab.java,com.ashokvarma.bottomnavigation.ShiftingBottomNavigationTab$ResizeWidthAnimation,"ResizeWidthAnimation/2[com.ashokvarma.bottomnavigation.View,int]",true,95,1,2,2,0,1,1,5,0,0,2,1,0,0,0,0,0,0,0,0,3,0,0,0,0,0,8,0,0,false
c:\Users\arthur.menezes_evolu\Desktop\Pes\BottomNavigation\sample\src\androidTest\java\com\ashokvarma\sample\Utils.java,com.ashokvarma.sample.Utils$Anonymous2,calculateCoordinates/1[com.ashokvarma.sample.View],false,153,2,0,0,0,1,3,6,1,1,1,3,0,0,0,0,0,0,0,2,3,2,0,0,0,0,7,1,0,false
c:\Users\arthur.menezes_evolu\Desktop\Pes\BottomNavigation\bottom-navigation-bar\src\main\java\com\ashokvarma\bottomnavigation\BadgeItem.java,com.ashokvarma.bottomnavigation.BadgeItem$Anonymous1,onAnimationEnd/1[com.ashokvarma.bottomnavigation.View],false,270,1,0,0,0,1,1,3,0,0,1,1,0,0,0,0,0,0,0,0,0,0,0,0,0,0,5,1,0,false
c:\Users\arthur.menezes_evolu\Desktop\Pes\BottomNavigation\bottom-navigation-bar\src\main\java\com\ashokvarma\bottomnavigation\BadgeItem.java,com.ashokvarma.bottomnavigation.BadgeItem$Anonymous1,onAnimationStart/1[com.ashokvarma.bottomnavigation.View],false,265,1,0,0,0,1,0,2,0,0,1,0,0,0,0,0,0,0,0,0,0,0,0,0,0,0,5,1,0,false
c:\Users\arthur.menezes_evolu\Desktop\Pes\BottomNavigation\bottom-navigation-bar\src\main\java\com\ashokvarma\bottomnavigation\BadgeItem.java,com.ashokvarma.bottomnavigation.BadgeItem$Anonymous1,onAnimationCancel/1[com.ashokvarma.bottomnavigation.View],false,275,1,0,0,0,1,1,3,0,0,1,1,0,0,0,0,0,0,0,0,0,0,0,0,0,0,5,1,0,false
c:\Users\arthur.menezes_evolu\Desktop\Pes\BottomNavigation\bottom-navigation-bar\src\main\java\com\ashokvarma\bottomnavigation\BottomNavigationTab.java,com.ashokvarma.bottomnavigation.BottomNavigationTab$Anonymous2,onAnimationUpdate/1[com.ashokvarma.bottomnavigation.ValueAnimator],false,177,1,0,0,0,1,5,3,0,0,1,5,0,0,0,0,0,0,0,0,0,0,0,0,0,0,7,1,0,false
c:\Users\arthur.menezes_evolu\Desktop\Pes\BottomNavigation\bottom-navigation-bar\src\main\java\com\ashokvarma\bottomnavigation\BottomNavigationHelper.java,com.ashokvarma.bottomnavigation.BottomNavigationHelper$Anonymous1,onAnimationCancel/1[com.ashokvarma.bottomnavigation.Animator],false,188,2,1,0,1,1,1,3,0,0,1,1,1,1,0,0,0,0,0,0,0,0,0,0,0,0,5,1,0,false
c:\Users\arthur.menezes_evolu\Desktop\Pes\BottomNavigation\bottom-navigation-bar\src\main\java\com\ashokvarma\bottomnavigation\BottomNavigationHelper.java,com.ashokvarma.bottomnavigation.BottomNavigationHelper$Anonymous1,onCancel/0,false,192,0,2,2,0,1,2,4,0,0,0,2,0,0,0,0,0,0,0,0,0,0,0,0,0,0,4,2,0,false
c:\Users\arthur.menezes_evolu\Desktop\Pes\BottomNavigation\bottom-navigation-bar\src\main\java\com\ashokvarma\bottomnavigation\BottomNavigationHelper.java,com.ashokvarma.bottomnavigation.BottomNavigationHelper$Anonymous1,onAnimationEnd/1[com.ashokvarma.bottomnavigation.Animator],false,183,2,1,0,1,1,1,3,0,0,1,1,1,1,0,0,0,0,0,0,0,0,0,0,0,0,6,1,0,false
c:\Users\arthur.menezes_evolu\Desktop\Pes\BottomNavigation\bottom-navigation-bar\src\main\java\com\ashokvarma\bottomnavigation\BottomNavigationBar.java,com.ashokvarma.bottomnavigation.BottomNavigationBar$Anonymous2,run/0,false,544,2,2,0,2,1,2,3,0,0,0,2,0,0,0,0,0,0,0,0,0,0,0,0,0,0,1,1,0,false
c:\Users\arthur.menezes_evolu\Desktop\Pes\BottomNavigation\sample\src\androidTest\java\com\ashokvarma\sample\Utils.java,com.ashokvarma.sample.Utils$Anonymous1,getConstraints/0,false,47,2,0,0,0,1,1,3,1,0,0,1,0,0,0,0,0,0,0,0,0,0,0,0,0,0,4,1,0,false
c:\Users\arthur.menezes_evolu\Desktop\Pes\BottomNavigation\sample\src\androidTest\java\com\ashokvarma\sample\Utils.java,com.ashokvarma.sample.Utils$Anonymous1,"perform/2[com.ashokvarma.sample.UiController,com.ashokvarma.sample.View]",false,57,5,1,0,1,4,12,16,1,3,2,12,1,1,2,0,0,0,0,1,3,1,3,0,0,0,15,1,0,false
c:\Users\arthur.menezes_evolu\Desktop\Pes\BottomNavigation\sample\src\androidTest\java\com\ashokvarma\sample\Utils.java,com.ashokvarma.sample.Utils$Anonymous1,getDescription/0,false,52,0,1,1,0,1,0,3,1,0,0,0,0,0,0,0,0,0,3,0,0,1,0,0,0,0,10,1,0,false
c:\Users\arthur.menezes_evolu\Desktop\Pes\BottomNavigation\sample\src\androidTest\java\com\ashokvarma\sample\HomeScreenTest.java,com.ashokvarma.sample.HomeScreenTest,scrollHome_test/0,false,31,2,3,0,3,1,8,7,0,0,0,8,0,0,0,0,0,0,0,4,0,2,0,0,0,0,11,1,0,false
c:\Users\arthur.menezes_evolu\Desktop\Pes\BottomNavigation\bottom-navigation-bar\src\main\java\com\ashokvarma\bottomnavigation\behaviour\BottomVerticalScrollBehavior.java,com.ashokvarma.bottomnavigation.behaviour.BottomVerticalScrollBehavior,"updateSnackBarPosition/4[com.ashokvarma.bottomnavigation.behaviour.CoordinatorLayout,V,com.ashokvarma.bottomnavigation.behaviour.View,float]",false,78,4,0,0,0,3,6,5,0,0,4,6,0,0,0,1,0,0,0,2,0,0,1,0,0,0,19,2,0,false
c:\Users\arthur.menezes_evolu\Desktop\Pes\BottomNavigation\bottom-navigation-bar\src\main\java\com\ashokvarma\bottomnavigation\behaviour\BottomVerticalScrollBehavior.java,com.ashokvarma.bottomnavigation.behaviour.BottomVerticalScrollBehavior,"onNestedDirectionFling/7[com.ashokvarma.bottomnavigation.behaviour.CoordinatorLayout,V,com.ashokvarma.bottomnavigation.behaviour.View,float,float,boolean,int]",false,110,4,0,0,0,1,0,3,1,0,7,0,0,0,0,0,0,0,0,0,0,0,0,0,0,0,8,4,0,false
c:\Users\arthur.menezes_evolu\Desktop\Pes\BottomNavigation\bottom-navigation-bar\src\main\java\com\ashokvarma\bottomnavigation\behaviour\BottomVerticalScrollBehavior.java,com.ashokvarma.bottomnavigation.behaviour.BottomVerticalScrollBehavior,"onNestedVerticalScrollConsumed/5[com.ashokvarma.bottomnavigation.behaviour.CoordinatorLayout,V,int,int,int]",false,118,4,1,0,1,1,1,3,0,0,5,1,0,0,0,0,0,0,0,0,0,0,0,0,0,0,10,1,0,false
c:\Users\arthur.menezes_evolu\Desktop\Pes\BottomNavigation\bottom-navigation-bar\src\main\java\com\ashokvarma\bottomnavigation\behaviour\BottomVerticalScrollBehavior.java,com.ashokvarma.bottomnavigation.behaviour.BottomVerticalScrollBehavior,"updateSnackBarPosition/3[com.ashokvarma.bottomnavigation.behaviour.CoordinatorLayout,V,com.ashokvarma.bottomnavigation.behaviour.View]",false,74,4,1,0,1,1,3,3,0,0,3,3,0,0,0,0,0,0,0,0,0,1,0,0,0,0,7,2,0,false
c:\Users\arthur.menezes_evolu\Desktop\Pes\BottomNavigation\bottom-navigation-bar\src\main\java\com\ashokvarma\bottomnavigation\behaviour\BottomVerticalScrollBehavior.java,com.ashokvarma.bottomnavigation.behaviour.BottomVerticalScrollBehavior,"onNestedVerticalPreScroll/7[com.ashokvarma.bottomnavigation.behaviour.CoordinatorLayout,V,com.ashokvarma.bottomnavigation.behaviour.View,int,int,int[],int]",false,105,5,0,0,0,1,0,2,0,0,7,0,0,0,0,0,0,0,0,0,0,0,0,0,0,0,9,1,0,false
c:\Users\arthur.menezes_evolu\Desktop\Pes\BottomNavigation\bottom-navigation-bar\src\main\java\com\ashokvarma\bottomnavigation\behaviour\BottomVerticalScrollBehavior.java,com.ashokvarma.bottomnavigation.behaviour.BottomVerticalScrollBehavior,"handleDirection/3[com.ashokvarma.bottomnavigation.behaviour.CoordinatorLayout,V,int]",false,122,4,6,0,6,7,7,13,0,1,3,7,0,0,0,3,0,0,0,1,1,0,2,0,0,0,16,2,0,false
c:\Users\arthur.menezes_evolu\Desktop\Pes\BottomNavigation\bottom-navigation-bar\src\main\java\com\ashokvarma\bottomnavigation\behaviour\BottomVerticalScrollBehavior.java,com.ashokvarma.bottomnavigation.behaviour.BottomVerticalScrollBehavior,"onLayoutChild/3[com.ashokvarma.bottomnavigation.behaviour.CoordinatorLayout,V,int]",false,34,4,3,0,3,2,4,14,1,0,3,4,0,0,0,0,0,0,0,0,1,0,1,1,0,0,21,1,0,false
c:\Users\arthur.menezes_evolu\Desktop\Pes\BottomNavigation\bottom-navigation-bar\src\main\java\com\ashokvarma\bottomnavigation\behaviour\BottomVerticalScrollBehavior.java,com.ashokvarma.bottomnavigation.behaviour.BottomVerticalScrollBehavior,"layoutDependsOn/3[com.ashokvarma.bottomnavigation.behaviour.CoordinatorLayout,V,com.ashokvarma.bottomnavigation.behaviour.View]",false,56,4,1,0,1,1,2,3,1,0,3,2,0,0,0,0,0,0,0,0,0,0,0,0,0,0,8,1,0,false
c:\Users\arthur.menezes_evolu\Desktop\Pes\BottomNavigation\bottom-navigation-bar\src\main\java\com\ashokvarma\bottomnavigation\behaviour\BottomVerticalScrollBehavior.java,com.ashokvarma.bottomnavigation.behaviour.BottomVerticalScrollBehavior,isDependent/1[com.ashokvarma.bottomnavigation.behaviour.View],false,60,2,0,0,0,1,0,3,1,0,1,0,0,0,0,0,0,0,0,0,0,0,0,0,0,0,4,2,0,false
c:\Users\arthur.menezes_evolu\Desktop\Pes\BottomNavigation\bottom-navigation-bar\src\main\java\com\ashokvarma\bottomnavigation\behaviour\BottomVerticalScrollBehavior.java,com.ashokvarma.bottomnavigation.behaviour.BottomVerticalScrollBehavior,"onDependentViewChanged/3[com.ashokvarma.bottomnavigation.behaviour.CoordinatorLayout,V,com.ashokvarma.bottomnavigation.behaviour.View]",false,65,4,2,0,2,2,3,7,2,0,3,3,0,0,0,0,0,0,0,0,0,0,1,0,0,0,13,1,0,false
c:\Users\arthur.menezes_evolu\Desktop\Pes\BottomNavigation\bottom-navigation-bar\src\main\java\com\ashokvarma\bottomnavigation\behaviour\BottomVerticalScrollBehavior.java,com.ashokvarma.bottomnavigation.behaviour.BottomVerticalScrollBehavior,"getSnackBarInstance/2[com.ashokvarma.bottomnavigation.behaviour.CoordinatorLayout,V]",false,84,5,0,0,0,3,3,10,2,4,2,3,0,0,1,0,0,0,0,1,4,0,2,0,0,0,13,2,0,false
c:\Users\arthur.menezes_evolu\Desktop\Pes\BottomNavigation\bottom-navigation-bar\src\main\java\com\ashokvarma\bottomnavigation\behaviour\BottomVerticalScrollBehavior.java,com.ashokvarma.bottomnavigation.behaviour.BottomVerticalScrollBehavior,"onNestedVerticalScrollUnconsumed/5[com.ashokvarma.bottomnavigation.behaviour.CoordinatorLayout,V,int,int,int]",false,100,3,0,0,0,1,0,2,0,0,5,0,0,0,0,0,0,0,0,0,0,0,0,0,0,0,8,1,0,false
c:\Users\arthur.menezes_evolu\Desktop\Pes\BottomNavigation\bottom-navigation-bar\src\main\java\com\ashokvarma\bottomnavigation\behaviour\BottomVerticalScrollBehavior.java,com.ashokvarma.bottomnavigation.behaviour.BottomVerticalScrollBehavior$Anonymous1,run/0,false,43,0,2,0,2,1,1,3,0,0,0,1,0,0,0,0,0,0,0,0,1,0,0,0,0,0,5,1,0,false
c:\Users\arthur.menezes_evolu\Desktop\Pes\BottomNavigation\bottom-navigation-bar\src\main\java\com\ashokvarma\bottomnavigation\BottomNavigationBar.java,com.ashokvarma.bottomnavigation.BottomNavigationBar$SimpleOnTabSelectedListener,onTabSelected/1[int],false,790,0,0,0,0,1,0,2,0,0,1,0,0,0,0,0,0,0,0,0,0,0,0,0,0,0,4,1,0,false
c:\Users\arthur.menezes_evolu\Desktop\Pes\BottomNavigation\bottom-navigation-bar\src\main\java\com\ashokvarma\bottomnavigation\BottomNavigationBar.java,com.ashokvarma.bottomnavigation.BottomNavigationBar$SimpleOnTabSelectedListener,onTabUnselected/1[int],false,794,0,0,0,0,1,0,2,0,0,1,0,0,0,0,0,0,0,0,0,0,0,0,0,0,0,4,1,0,false
c:\Users\arthur.menezes_evolu\Desktop\Pes\BottomNavigation\bottom-navigation-bar\src\main\java\com\ashokvarma\bottomnavigation\BottomNavigationBar.java,com.ashokvarma.bottomnavigation.BottomNavigationBar$SimpleOnTabSelectedListener,onTabReselected/1[int],false,798,0,0,0,0,1,0,2,0,0,1,0,0,0,0,0,0,0,0,0,0,0,0,0,0,0,4,1,0,false
c:\Users\arthur.menezes_evolu\Desktop\Pes\BottomNavigation\bottom-navigation-bar\src\main\java\com\ashokvarma\bottomnavigation\TextBadgeItem.java,com.ashokvarma.bottomnavigation.TextBadgeItem,setCornerRadius/1[int],false,134,1,1,0,1,1,1,5,1,0,1,1,1,3,0,0,0,0,0,0,1,0,0,0,0,0,14,1,0,true
c:\Users\arthur.menezes_evolu\Desktop\Pes\BottomNavigation\bottom-navigation-bar\src\main\java\com\ashokvarma\bottomnavigation\TextBadgeItem.java,com.ashokvarma.bottomnavigation.TextBadgeItem,setTextColor/1[java.lang.String],false,89,2,1,0,1,1,1,5,1,0,1,1,1,2,0,0,0,0,0,0,1,0,0,0,0,0,13,1,0,true
c:\Users\arthur.menezes_evolu\Desktop\Pes\BottomNavigation\bottom-navigation-bar\src\main\java\com\ashokvarma\bottomnavigation\TextBadgeItem.java,com.ashokvarma.bottomnavigation.TextBadgeItem,setTextColor/1[int],false,99,1,1,0,1,1,1,5,1,0,1,1,1,2,0,0,0,0,0,0,1,0,0,0,0,0,11,1,0,true
c:\Users\arthur.menezes_evolu\Desktop\Pes\BottomNavigation\bottom-navigation-bar\src\main\java\com\ashokvarma\bottomnavigation\TextBadgeItem.java,com.ashokvarma.bottomnavigation.TextBadgeItem,setText/1[java.lang.CharSequence],false,109,4,3,1,2,3,5,10,1,1,1,5,0,0,0,0,0,0,0,0,2,0,2,0,0,0,21,1,0,true
c:\Users\arthur.menezes_evolu\Desktop\Pes\BottomNavigation\bottom-navigation-bar\src\main\java\com\ashokvarma\bottomnavigation\TextBadgeItem.java,com.ashokvarma.bottomnavigation.TextBadgeItem,setBorderColorResource/1[int],false,124,2,1,0,1,1,1,5,1,0,1,1,1,3,0,0,0,0,0,0,1,0,0,0,0,0,16,1,0,true
c:\Users\arthur.menezes_evolu\Desktop\Pes\BottomNavigation\bottom-navigation-bar\src\main\java\com\ashokvarma\bottomnavigation\TextBadgeItem.java,com.ashokvarma.bottomnavigation.TextBadgeItem,setBorderColor/1[int],false,154,1,1,0,1,1,1,5,1,0,1,1,1,3,0,0,0,0,0,0,1,0,0,0,0,0,14,1,0,true
c:\Users\arthur.menezes_evolu\Desktop\Pes\BottomNavigation\bottom-navigation-bar\src\main\java\com\ashokvarma\bottomnavigation\TextBadgeItem.java,com.ashokvarma.bottomnavigation.TextBadgeItem,getBackgroundColor/1[com.ashokvarma.bottomnavigation.Context],false,204,1,1,1,0,3,3,11,3,0,1,3,0,0,0,1,0,0,0,1,0,0,1,0,0,0,11,2,0,true
c:\Users\arthur.menezes_evolu\Desktop\Pes\BottomNavigation\bottom-navigation-bar\src\main\java\com\ashokvarma\bottomnavigation\TextBadgeItem.java,com.ashokvarma.bottomnavigation.TextBadgeItem,getTextColor/1[com.ashokvarma.bottomnavigation.Context],false,218,1,2,2,0,3,3,11,3,0,1,3,0,0,0,1,0,0,0,1,0,0,1,0,0,0,11,2,0,true
c:\Users\arthur.menezes_evolu\Desktop\Pes\BottomNavigation\bottom-navigation-bar\src\main\java\com\ashokvarma\bottomnavigation\TextBadgeItem.java,com.ashokvarma.bottomnavigation.TextBadgeItem,getBorderWidth/0,false,252,0,1,1,0,1,0,3,1,0,0,0,0,0,0,0,0,0,0,0,0,0,0,0,0,0,8,2,0,true
c:\Users\arthur.menezes_evolu\Desktop\Pes\BottomNavigation\bottom-navigation-bar\src\main\java\com\ashokvarma\bottomnavigation\TextBadgeItem.java,com.ashokvarma.bottomnavigation.TextBadgeItem,refreshDrawable/0,false,276,3,11,8,3,2,6,6,0,1,0,6,1,2,0,0,0,0,0,0,1,0,1,0,0,0,13,2,0,true
c:\Users\arthur.menezes_evolu\Desktop\Pes\BottomNavigation\bottom-navigation-bar\src\main\java\com\ashokvarma\bottomnavigation\TextBadgeItem.java,com.ashokvarma.bottomnavigation.TextBadgeItem,setBorderWidth/1[int],false,164,1,2,1,1,1,1,5,1,0,1,1,1,3,0,0,0,0,0,0,1,0,0,0,0,0,18,1,0,true
c:\Users\arthur.menezes_evolu\Desktop\Pes\BottomNavigation\bottom-navigation-bar\src\main\java\com\ashokvarma\bottomnavigation\TextBadgeItem.java,com.ashokvarma.bottomnavigation.TextBadgeItem,setTextColor/0,false,286,3,6,3,3,2,6,6,0,1,0,6,1,1,0,0,0,0,0,0,1,0,1,0,0,0,11,2,0,true
c:\Users\arthur.menezes_evolu\Desktop\Pes\BottomNavigation\bottom-navigation-bar\src\main\java\com\ashokvarma\bottomnavigation\TextBadgeItem.java,com.ashokvarma.bottomnavigation.TextBadgeItem,getBorderColor/1[com.ashokvarma.bottomnavigation.Context],false,239,1,1,1,0,3,3,11,3,0,1,3,0,0,0,1,0,0,0,1,0,0,1,0,0,0,11,2,0,true
c:\Users\arthur.menezes_evolu\Desktop\Pes\BottomNavigation\bottom-navigation-bar\src\main\java\com\ashokvarma\bottomnavigation\TextBadgeItem.java,com.ashokvarma.bottomnavigation.TextBadgeItem,getBadgeDrawable/1[com.ashokvarma.bottomnavigation.Context],false,297,3,6,2,4,1,8,8,1,1,1,8,4,1,0,0,0,0,0,0,1,0,0,0,0,0,18,2,0,true
c:\Users\arthur.menezes_evolu\Desktop\Pes\BottomNavigation\bottom-navigation-bar\src\main\java\com\ashokvarma\bottomnavigation\TextBadgeItem.java,com.ashokvarma.bottomnavigation.TextBadgeItem,getText/0,false,231,0,1,1,0,1,0,3,1,0,0,0,0,0,0,0,0,0,0,0,0,0,0,0,0,0,13,2,0,true
c:\Users\arthur.menezes_evolu\Desktop\Pes\BottomNavigation\bottom-navigation-bar\src\main\java\com\ashokvarma\bottomnavigation\TextBadgeItem.java,com.ashokvarma.bottomnavigation.TextBadgeItem,getSubInstance/0,false,179,1,0,0,0,1,0,3,1,0,0,0,0,0,0,0,0,0,0,0,0,0,0,0,0,0,6,0,0,true
c:\Users\arthur.menezes_evolu\Desktop\Pes\BottomNavigation\bottom-navigation-bar\src\main\java\com\ashokvarma\bottomnavigation\TextBadgeItem.java,com.ashokvarma.bottomnavigation.TextBadgeItem,setBackgroundColorResource/1[int],false,49,2,2,1,1,1,1,5,1,0,1,1,1,3,0,0,0,0,0,0,1,0,0,0,0,0,16,1,0,true
c:\Users\arthur.menezes_evolu\Desktop\Pes\BottomNavigation\bottom-navigation-bar\src\main\java\com\ashokvarma\bottomnavigation\TextBadgeItem.java,com.ashokvarma.bottomnavigation.TextBadgeItem,bindToBottomTabInternal/1[com.ashokvarma.bottomnavigation.BottomNavigationTab],false,187,4,3,0,3,1,7,7,0,2,1,7,3,2,0,0,0,0,0,0,2,0,0,0,0,0,16,0,0,true
c:\Users\arthur.menezes_evolu\Desktop\Pes\BottomNavigation\bottom-navigation-bar\src\main\java\com\ashokvarma\bottomnavigation\TextBadgeItem.java,com.ashokvarma.bottomnavigation.TextBadgeItem,setTextColorResource/1[int],false,79,2,1,0,1,1,1,5,1,0,1,1,1,2,0,0,0,0,0,0,1,0,0,0,0,0,13,1,0,true
c:\Users\arthur.menezes_evolu\Desktop\Pes\BottomNavigation\bottom-navigation-bar\src\main\java\com\ashokvarma\bottomnavigation\TextBadgeItem.java,com.ashokvarma.bottomnavigation.TextBadgeItem,setBorderColor/1[java.lang.String],false,144,2,1,0,1,1,1,5,1,0,1,1,1,3,0,0,0,0,0,0,1,0,0,0,0,0,16,1,0,true
c:\Users\arthur.menezes_evolu\Desktop\Pes\BottomNavigation\bottom-navigation-bar\src\main\java\com\ashokvarma\bottomnavigation\TextBadgeItem.java,com.ashokvarma.bottomnavigation.TextBadgeItem,getRadius/1[com.ashokvarma.bottomnavigation.Context],false,260,1,1,1,0,2,2,8,2,0,1,2,0,0,0,0,0,0,0,1,0,0,1,0,0,0,8,2,0,true
c:\Users\arthur.menezes_evolu\Desktop\Pes\BottomNavigation\bottom-navigation-bar\src\main\java\com\ashokvarma\bottomnavigation\TextBadgeItem.java,com.ashokvarma.bottomnavigation.TextBadgeItem,setBackgroundColor/1[java.lang.String],false,59,2,1,0,1,1,1,5,1,0,1,1,1,3,0,0,0,0,0,0,1,0,0,0,0,0,16,1,0,true
c:\Users\arthur.menezes_evolu\Desktop\Pes\BottomNavigation\bottom-navigation-bar\src\main\java\com\ashokvarma\bottomnavigation\TextBadgeItem.java,com.ashokvarma.bottomnavigation.TextBadgeItem,setBackgroundColor/1[int],false,69,1,1,0,1,1,1,5,1,0,1,1,1,3,0,0,0,0,0,0,1,0,0,0,0,0,14,1,0,true
c:\Users\arthur.menezes_evolu\Desktop\Pes\BottomNavigation\bottom-navigation-bar\src\main\java\com\ashokvarma\bottomnavigation\utils\Utils.java,com.ashokvarma.bottomnavigation.utils.Utils,getScreenWidth/1[com.ashokvarma.bottomnavigation.utils.Context],false,28,3,1,1,0,1,3,6,1,2,1,3,0,0,0,0,0,0,0,0,2,0,0,0,0,0,17,9,0,true
c:\Users\arthur.menezes_evolu\Desktop\Pes\BottomNavigation\bottom-navigation-bar\src\main\java\com\ashokvarma\bottomnavigation\utils\Utils.java,com.ashokvarma.bottomnavigation.utils.Utils,"dp2px/2[com.ashokvarma.bottomnavigation.utils.Context,float]",false,58,1,3,3,0,1,4,4,1,1,2,4,0,0,0,0,0,0,0,0,1,0,0,0,0,0,12,9,0,true
c:\Users\arthur.menezes_evolu\Desktop\Pes\BottomNavigation\bottom-navigation-bar\src\main\java\com\ashokvarma\bottomnavigation\utils\Utils.java,com.ashokvarma.bottomnavigation.utils.Utils,Utils/0,true,21,0,0,0,0,1,0,2,0,0,0,0,0,0,0,0,0,0,0,0,0,0,0,0,0,0,1,2,0,false
c:\Users\arthur.menezes_evolu\Desktop\Pes\BottomNavigation\bottom-navigation-bar\src\main\java\com\ashokvarma\bottomnavigation\utils\Utils.java,com.ashokvarma.bottomnavigation.utils.Utils,"fetchContextColor/2[com.ashokvarma.bottomnavigation.utils.Context,int]",false,42,4,1,1,0,1,3,7,1,3,2,3,0,0,0,0,0,0,0,2,3,0,0,0,0,0,28,9,0,true
c:\Users\arthur.menezes_evolu\Desktop\Pes\BottomNavigation\bottom-navigation-bar\src\main\java\com\ashokvarma\bottomnavigation\behaviour\VerticalScrollingBehavior.java,com.ashokvarma.bottomnavigation.behaviour.VerticalScrollingBehavior,"onNestedScroll/7[com.ashokvarma.bottomnavigation.behaviour.CoordinatorLayout,V,com.ashokvarma.bottomnavigation.behaviour.View,int,int,int,int]",false,93,5,2,0,2,9,3,25,0,0,7,3,0,0,0,0,0,0,0,12,10,0,1,0,0,0,15,1,0,false
c:\Users\arthur.menezes_evolu\Desktop\Pes\BottomNavigation\bottom-navigation-bar\src\main\java\com\ashokvarma\bottomnavigation\behaviour\VerticalScrollingBehavior.java,com.ashokvarma.bottomnavigation.behaviour.VerticalScrollingBehavior,"onNestedFling/6[com.ashokvarma.bottomnavigation.behaviour.CoordinatorLayout,V,com.ashokvarma.bottomnavigation.behaviour.View,float,float,boolean]",false,135,5,1,0,1,2,2,4,1,0,6,2,0,0,0,0,0,0,0,1,0,0,0,0,0,0,9,1,0,false
c:\Users\arthur.menezes_evolu\Desktop\Pes\BottomNavigation\bottom-navigation-bar\src\main\java\com\ashokvarma\bottomnavigation\behaviour\VerticalScrollingBehavior.java,com.ashokvarma.bottomnavigation.behaviour.VerticalScrollingBehavior,"onNestedDirectionFling/7[com.ashokvarma.bottomnavigation.behaviour.CoordinatorLayout,V,com.ashokvarma.bottomnavigation.behaviour.View,float,float,boolean,int]",false,175,4,0,0,0,1,0,1,0,0,7,0,0,0,0,0,0,0,0,0,0,0,0,0,0,0,43,1028,0,true
c:\Users\arthur.menezes_evolu\Desktop\Pes\BottomNavigation\bottom-navigation-bar\src\main\java\com\ashokvarma\bottomnavigation\behaviour\VerticalScrollingBehavior.java,com.ashokvarma.bottomnavigation.behaviour.VerticalScrollingBehavior,getScrollDirection/0,false,56,1,0,0,0,1,0,3,1,0,0,0,0,0,0,0,0,0,0,0,0,0,0,0,0,0,12,1,0,true
c:\Users\arthur.menezes_evolu\Desktop\Pes\BottomNavigation\bottom-navigation-bar\src\main\java\com\ashokvarma\bottomnavigation\behaviour\VerticalScrollingBehavior.java,com.ashokvarma.bottomnavigation.behaviour.VerticalScrollingBehavior,getPreScrollDirection/0,false,73,1,0,0,0,1,0,3,1,0,0,0,0,0,0,0,0,0,0,0,0,0,0,0,0,0,13,1,0,true
c:\Users\arthur.menezes_evolu\Desktop\Pes\BottomNavigation\bottom-navigation-bar\src\main\java\com\ashokvarma\bottomnavigation\behaviour\VerticalScrollingBehavior.java,com.ashokvarma.bottomnavigation.behaviour.VerticalScrollingBehavior,"onNestedVerticalScrollUnconsumed/5[com.ashokvarma.bottomnavigation.behaviour.CoordinatorLayout,V,int,int,int]",false,141,3,0,0,0,1,0,1,0,0,5,0,0,0,0,0,0,0,0,0,0,0,0,0,0,0,42,1025,0,true
c:\Users\arthur.menezes_evolu\Desktop\Pes\BottomNavigation\bottom-navigation-bar\src\main\java\com\ashokvarma\bottomnavigation\behaviour\VerticalScrollingBehavior.java,com.ashokvarma.bottomnavigation.behaviour.VerticalScrollingBehavior,getConsumedScrollDirection/0,false,64,1,0,0,0,1,0,3,1,0,0,0,0,0,0,0,0,0,0,0,0,0,0,0,0,0,13,1,0,true
c:\Users\arthur.menezes_evolu\Desktop\Pes\BottomNavigation\bottom-navigation-bar\src\main\java\com\ashokvarma\bottomnavigation\behaviour\VerticalScrollingBehavior.java,com.ashokvarma.bottomnavigation.behaviour.VerticalScrollingBehavior,"onNestedPreScroll/6[com.ashokvarma.bottomnavigation.behaviour.CoordinatorLayout,V,com.ashokvarma.bottomnavigation.behaviour.View,int,int,int[]]",false,119,6,1,0,1,5,2,14,0,0,6,2,0,0,0,0,0,0,0,6,5,0,1,0,0,0,15,1,0,false
c:\Users\arthur.menezes_evolu\Desktop\Pes\BottomNavigation\bottom-navigation-bar\src\main\java\com\ashokvarma\bottomnavigation\behaviour\VerticalScrollingBehavior.java,com.ashokvarma.bottomnavigation.behaviour.VerticalScrollingBehavior,"VerticalScrollingBehavior/2[com.ashokvarma.bottomnavigation.behaviour.Context,com.ashokvarma.bottomnavigation.behaviour.AttributeSet]",true,35,2,0,0,0,1,0,3,0,0,2,0,0,0,0,0,0,0,0,0,0,0,0,0,0,0,5,1,0,false
c:\Users\arthur.menezes_evolu\Desktop\Pes\BottomNavigation\bottom-navigation-bar\src\main\java\com\ashokvarma\bottomnavigation\behaviour\VerticalScrollingBehavior.java,com.ashokvarma.bottomnavigation.behaviour.VerticalScrollingBehavior,"onNestedVerticalPreScroll/7[com.ashokvarma.bottomnavigation.behaviour.CoordinatorLayout,V,com.ashokvarma.bottomnavigation.behaviour.View,int,int,int[],int]",false,161,5,0,0,0,1,0,1,0,0,7,0,0,0,0,0,0,0,0,0,0,0,0,0,0,0,55,1025,0,true
c:\Users\arthur.menezes_evolu\Desktop\Pes\BottomNavigation\bottom-navigation-bar\src\main\java\com\ashokvarma\bottomnavigation\behaviour\VerticalScrollingBehavior.java,com.ashokvarma.bottomnavigation.behaviour.VerticalScrollingBehavior,"onNestedVerticalScrollConsumed/5[com.ashokvarma.bottomnavigation.behaviour.CoordinatorLayout,V,int,int,int]",false,151,3,0,0,0,1,0,1,0,0,5,0,0,0,0,0,0,0,0,0,0,0,0,0,0,0,43,1025,0,true
c:\Users\arthur.menezes_evolu\Desktop\Pes\BottomNavigation\bottom-navigation-bar\src\main\java\com\ashokvarma\bottomnavigation\behaviour\VerticalScrollingBehavior.java,com.ashokvarma.bottomnavigation.behaviour.VerticalScrollingBehavior,VerticalScrollingBehavior/0,true,39,0,0,0,0,1,0,3,0,0,0,0,0,0,0,0,0,0,0,0,0,0,0,0,0,0,3,1,0,false
c:\Users\arthur.menezes_evolu\Desktop\Pes\BottomNavigation\bottom-navigation-bar\src\main\java\com\ashokvarma\bottomnavigation\behaviour\VerticalScrollingBehavior.java,com.ashokvarma.bottomnavigation.behaviour.VerticalScrollingBehavior,"onStartNestedScroll/5[com.ashokvarma.bottomnavigation.behaviour.CoordinatorLayout,V,com.ashokvarma.bottomnavigation.behaviour.View,com.ashokvarma.bottomnavigation.behaviour.View,int]",false,78,4,0,0,0,2,0,3,1,0,5,0,0,0,0,1,0,1,0,1,0,0,0,0,0,0,10,1,0,false
