file,class,method,constructor,line,cbo,cboModified,fanin,fanout,wmc,rfc,loc,returnsQty,variablesQty,parametersQty,methodsInvokedQty,methodsInvokedLocalQty,methodsInvokedIndirectLocalQty,loopQty,comparisonsQty,tryCatchQty,parenthesizedExpsQty,stringLiteralsQty,numbersQty,assignmentsQty,mathOperationsQty,maxNestedBlocksQty,anonymousClassesQty,innerClassesQty,lambdasQty,uniqueWordsQty,modifiers,logStatementsQty,hasJavaDoc
c:\Users\arthur.menezes_evolu\Desktop\Pes\JKeyboardPanelSwitch\library\src\main\java\cn\dreamtobe\kpswitch\util\KeyboardUtil.java,cn.dreamtobe.kpswitch.util.KeyboardUtil$OnKeyboardShowingListener,onKeyboardShowing/1[boolean],false,448,0,1,1,0,1,0,1,0,0,1,0,0,0,0,0,0,0,0,0,0,0,0,0,0,0,38,0,0,true
c:\Users\arthur.menezes_evolu\Desktop\Pes\JKeyboardPanelSwitch\app\src\main\java\cn\dreamtobe\kpswitch\demo\activity\MainActivity.java,cn.dreamtobe.kpswitch.demo.activity.MainActivity,onCreate/1[cn.dreamtobe.kpswitch.demo.activity.Bundle],false,32,4,1,0,1,1,5,28,0,0,1,5,1,1,0,0,0,0,0,0,0,0,0,2,0,0,21,4,0,false
c:\Users\arthur.menezes_evolu\Desktop\Pes\JKeyboardPanelSwitch\app\src\main\java\cn\dreamtobe\kpswitch\demo\activity\MainActivity.java,cn.dreamtobe.kpswitch.demo.activity.MainActivity,onClickUnResolved/1[cn.dreamtobe.kpswitch.demo.activity.View],false,102,3,0,0,0,1,1,3,0,0,1,1,0,0,0,0,0,0,0,0,0,0,0,0,0,0,9,1,0,false
c:\Users\arthur.menezes_evolu\Desktop\Pes\JKeyboardPanelSwitch\app\src\main\java\cn\dreamtobe\kpswitch\demo\activity\MainActivity.java,cn.dreamtobe.kpswitch.demo.activity.MainActivity,onClickExtraThemeResolved/1[cn.dreamtobe.kpswitch.demo.activity.View],false,93,3,0,0,0,1,3,6,0,2,1,3,0,0,0,0,0,0,0,0,2,0,0,0,0,0,17,1,0,true
c:\Users\arthur.menezes_evolu\Desktop\Pes\JKeyboardPanelSwitch\app\src\main\java\cn\dreamtobe\kpswitch\demo\activity\MainActivity.java,cn.dreamtobe.kpswitch.demo.activity.MainActivity,onOptionsItemSelected/1[cn.dreamtobe.kpswitch.demo.activity.MenuItem],false,113,2,1,0,1,2,3,9,2,0,1,3,1,1,0,0,0,0,0,0,0,0,1,0,0,0,10,1,0,false
c:\Users\arthur.menezes_evolu\Desktop\Pes\JKeyboardPanelSwitch\app\src\main\java\cn\dreamtobe\kpswitch\demo\activity\MainActivity.java,cn.dreamtobe.kpswitch.demo.activity.MainActivity,onClickResolved/1[cn.dreamtobe.kpswitch.demo.activity.View],false,72,5,0,0,0,2,4,15,0,2,1,4,0,0,0,0,0,0,0,0,3,0,1,0,0,0,12,1,0,false
c:\Users\arthur.menezes_evolu\Desktop\Pes\JKeyboardPanelSwitch\app\src\main\java\cn\dreamtobe\kpswitch\demo\activity\MainActivity.java,cn.dreamtobe.kpswitch.demo.activity.MainActivity,onCreateOptionsMenu/1[cn.dreamtobe.kpswitch.demo.activity.Menu],false,107,1,0,0,0,1,3,4,1,0,1,3,0,0,0,0,0,0,0,0,0,0,0,0,0,0,7,1,0,false
c:\Users\arthur.menezes_evolu\Desktop\Pes\JKeyboardPanelSwitch\app\src\main\java\cn\dreamtobe\kpswitch\demo\activity\MainActivity.java,cn.dreamtobe.kpswitch.demo.activity.MainActivity,assignViews/0,false,138,4,1,1,0,1,1,10,0,0,0,1,0,0,0,0,0,0,0,0,8,0,0,0,0,0,35,2,0,false
c:\Users\arthur.menezes_evolu\Desktop\Pes\JKeyboardPanelSwitch\app\src\main\java\cn\dreamtobe\kpswitch\demo\activity\MainActivity.java,cn.dreamtobe.kpswitch.demo.activity.MainActivity,openGitHub/0,false,123,2,1,1,0,1,3,5,0,2,0,3,0,0,0,0,0,0,0,0,2,0,0,0,0,0,11,2,0,false
c:\Users\arthur.menezes_evolu\Desktop\Pes\JKeyboardPanelSwitch\library\src\main\java\cn\dreamtobe\kpswitch\widget\KPSwitchPanelRelativeLayout.java,cn.dreamtobe.kpswitch.widget.KPSwitchPanelRelativeLayout,"KPSwitchPanelRelativeLayout/3[cn.dreamtobe.kpswitch.widget.Context,cn.dreamtobe.kpswitch.widget.AttributeSet,int]",true,56,3,1,0,1,1,1,4,0,0,3,1,1,1,0,0,0,0,0,0,0,0,0,0,0,0,12,1,0,false
c:\Users\arthur.menezes_evolu\Desktop\Pes\JKeyboardPanelSwitch\library\src\main\java\cn\dreamtobe\kpswitch\widget\KPSwitchPanelRelativeLayout.java,cn.dreamtobe.kpswitch.widget.KPSwitchPanelRelativeLayout,setIgnoreRecommendHeight/1[boolean],false,109,1,1,0,1,1,1,3,0,0,1,1,0,0,0,0,0,0,0,0,0,0,0,0,0,0,5,1,0,false
c:\Users\arthur.menezes_evolu\Desktop\Pes\JKeyboardPanelSwitch\library\src\main\java\cn\dreamtobe\kpswitch\widget\KPSwitchPanelRelativeLayout.java,cn.dreamtobe.kpswitch.widget.KPSwitchPanelRelativeLayout,onKeyboardShowing/1[boolean],false,119,1,1,0,1,1,1,3,0,0,1,1,0,0,0,0,0,0,0,0,0,0,0,0,0,0,4,1,0,false
c:\Users\arthur.menezes_evolu\Desktop\Pes\JKeyboardPanelSwitch\library\src\main\java\cn\dreamtobe\kpswitch\widget\KPSwitchPanelRelativeLayout.java,cn.dreamtobe.kpswitch.widget.KPSwitchPanelRelativeLayout,isKeyboardShowing/0,false,89,1,1,0,1,1,1,3,1,0,0,1,0,0,0,0,0,0,0,0,0,0,0,0,0,0,3,1,0,false
c:\Users\arthur.menezes_evolu\Desktop\Pes\JKeyboardPanelSwitch\library\src\main\java\cn\dreamtobe\kpswitch\widget\KPSwitchPanelRelativeLayout.java,cn.dreamtobe.kpswitch.widget.KPSwitchPanelRelativeLayout,init/1[cn.dreamtobe.kpswitch.widget.AttributeSet],false,68,2,5,4,1,1,0,3,0,0,1,0,0,0,0,0,0,0,0,0,1,0,0,0,0,0,11,2,0,false
c:\Users\arthur.menezes_evolu\Desktop\Pes\JKeyboardPanelSwitch\library\src\main\java\cn\dreamtobe\kpswitch\widget\KPSwitchPanelRelativeLayout.java,cn.dreamtobe.kpswitch.widget.KPSwitchPanelRelativeLayout,"onMeasure/2[int,int]",false,81,2,1,0,1,1,2,4,0,1,2,2,0,0,0,0,0,0,0,2,1,0,0,0,0,0,7,4,0,false
c:\Users\arthur.menezes_evolu\Desktop\Pes\JKeyboardPanelSwitch\library\src\main\java\cn\dreamtobe\kpswitch\widget\KPSwitchPanelRelativeLayout.java,cn.dreamtobe.kpswitch.widget.KPSwitchPanelRelativeLayout,handleHide/0,false,104,1,1,0,1,1,1,3,0,0,0,1,0,0,0,0,0,0,0,0,0,0,0,0,0,0,2,1,0,false
c:\Users\arthur.menezes_evolu\Desktop\Pes\JKeyboardPanelSwitch\library\src\main\java\cn\dreamtobe\kpswitch\widget\KPSwitchPanelRelativeLayout.java,cn.dreamtobe.kpswitch.widget.KPSwitchPanelRelativeLayout,"KPSwitchPanelRelativeLayout/4[cn.dreamtobe.kpswitch.widget.Context,cn.dreamtobe.kpswitch.widget.AttributeSet,int,int]",true,63,4,1,0,1,1,1,4,0,0,4,1,1,1,0,0,0,0,0,0,0,0,0,0,0,0,12,1,0,false
c:\Users\arthur.menezes_evolu\Desktop\Pes\JKeyboardPanelSwitch\library\src\main\java\cn\dreamtobe\kpswitch\widget\KPSwitchPanelRelativeLayout.java,cn.dreamtobe.kpswitch.widget.KPSwitchPanelRelativeLayout,KPSwitchPanelRelativeLayout/1[cn.dreamtobe.kpswitch.widget.Context],true,46,2,1,0,1,1,1,4,0,0,1,1,1,1,0,0,0,0,0,0,0,0,0,0,0,0,10,1,0,false
c:\Users\arthur.menezes_evolu\Desktop\Pes\JKeyboardPanelSwitch\library\src\main\java\cn\dreamtobe\kpswitch\widget\KPSwitchPanelRelativeLayout.java,cn.dreamtobe.kpswitch.widget.KPSwitchPanelRelativeLayout,"KPSwitchPanelRelativeLayout/2[cn.dreamtobe.kpswitch.widget.Context,cn.dreamtobe.kpswitch.widget.AttributeSet]",true,51,3,1,0,1,1,1,4,0,0,2,1,1,1,0,0,0,0,0,0,0,0,0,0,0,0,9,1,0,false
c:\Users\arthur.menezes_evolu\Desktop\Pes\JKeyboardPanelSwitch\library\src\main\java\cn\dreamtobe\kpswitch\widget\KPSwitchPanelRelativeLayout.java,cn.dreamtobe.kpswitch.widget.KPSwitchPanelRelativeLayout,isVisible/0,false,94,1,1,0,1,1,1,3,1,0,0,1,0,0,0,0,0,0,0,0,0,0,0,0,0,0,2,1,0,false
c:\Users\arthur.menezes_evolu\Desktop\Pes\JKeyboardPanelSwitch\library\src\main\java\cn\dreamtobe\kpswitch\widget\KPSwitchPanelRelativeLayout.java,cn.dreamtobe.kpswitch.widget.KPSwitchPanelRelativeLayout,refreshHeight/1[int],false,114,1,1,0,1,1,1,3,0,0,1,1,0,0,0,0,0,0,0,0,0,0,0,0,0,0,3,1,0,false
c:\Users\arthur.menezes_evolu\Desktop\Pes\JKeyboardPanelSwitch\library\src\main\java\cn\dreamtobe\kpswitch\widget\KPSwitchPanelRelativeLayout.java,cn.dreamtobe.kpswitch.widget.KPSwitchPanelRelativeLayout,handleShow/0,false,99,0,0,0,0,1,1,3,0,0,0,1,0,0,0,0,0,0,0,0,0,0,0,0,0,0,2,1,0,false
c:\Users\arthur.menezes_evolu\Desktop\Pes\JKeyboardPanelSwitch\library\src\main\java\cn\dreamtobe\kpswitch\widget\KPSwitchPanelRelativeLayout.java,cn.dreamtobe.kpswitch.widget.KPSwitchPanelRelativeLayout,setVisibility/1[int],false,73,1,1,0,1,2,2,6,1,0,1,2,0,0,0,0,0,0,0,0,0,0,1,0,0,0,3,1,0,false
c:\Users\arthur.menezes_evolu\Desktop\Pes\JKeyboardPanelSwitch\library\src\main\java\cn\dreamtobe\kpswitch\util\ViewUtil.java,cn.dreamtobe.kpswitch.util.ViewUtil,isTranslucentStatus/1[cn.dreamtobe.kpswitch.util.Activity],false,70,2,3,3,0,2,2,6,2,0,1,2,0,0,0,1,0,1,0,1,0,0,1,0,0,0,6,9,0,false
c:\Users\arthur.menezes_evolu\Desktop\Pes\JKeyboardPanelSwitch\library\src\main\java\cn\dreamtobe\kpswitch\util\ViewUtil.java,cn.dreamtobe.kpswitch.util.ViewUtil,isFullScreen/1[cn.dreamtobe.kpswitch.util.Activity],false,64,1,2,2,0,2,2,3,1,0,1,2,0,0,0,1,0,1,0,1,0,0,0,0,0,0,5,9,0,false
c:\Users\arthur.menezes_evolu\Desktop\Pes\JKeyboardPanelSwitch\library\src\main\java\cn\dreamtobe\kpswitch\util\ViewUtil.java,cn.dreamtobe.kpswitch.util.ViewUtil,"refreshHeight/2[cn.dreamtobe.kpswitch.util.View,int]",false,35,4,6,4,2,5,11,23,4,2,2,11,0,0,0,3,0,0,1,0,4,1,1,0,0,0,11,9,0,false
c:\Users\arthur.menezes_evolu\Desktop\Pes\JKeyboardPanelSwitch\library\src\main\java\cn\dreamtobe\kpswitch\util\ViewUtil.java,cn.dreamtobe.kpswitch.util.ViewUtil,isFitsSystemWindows/1[cn.dreamtobe.kpswitch.util.Activity],false,80,3,2,2,0,2,3,6,2,0,1,3,0,0,0,0,0,1,0,1,0,0,1,0,0,0,9,8,0,false
c:\Users\arthur.menezes_evolu\Desktop\Pes\JKeyboardPanelSwitch\library\src\main\java\cn\dreamtobe\kpswitch\util\KPSwitchConflictUtil.java,cn.dreamtobe.kpswitch.util.KPSwitchConflictUtil$SwitchClickListener,"onClickSwitch/2[cn.dreamtobe.kpswitch.util.View,boolean]",false,262,1,1,1,0,1,0,1,0,0,2,0,0,0,0,0,0,0,0,0,0,0,0,0,0,0,15,0,0,true
c:\Users\arthur.menezes_evolu\Desktop\Pes\JKeyboardPanelSwitch\library\src\main\java\cn\dreamtobe\kpswitch\widget\KPSwitchRootRelativeLayout.java,cn.dreamtobe.kpswitch.widget.KPSwitchRootRelativeLayout,"onMeasure/2[int,int]",false,71,1,1,0,1,1,3,4,0,0,2,3,0,0,0,0,0,0,0,0,0,0,0,0,0,0,5,4,0,false
c:\Users\arthur.menezes_evolu\Desktop\Pes\JKeyboardPanelSwitch\library\src\main\java\cn\dreamtobe\kpswitch\widget\KPSwitchRootRelativeLayout.java,cn.dreamtobe.kpswitch.widget.KPSwitchRootRelativeLayout,init/0,false,66,1,5,4,1,1,0,3,0,0,0,0,0,0,0,0,0,0,0,0,1,0,0,0,0,0,8,2,0,false
c:\Users\arthur.menezes_evolu\Desktop\Pes\JKeyboardPanelSwitch\library\src\main\java\cn\dreamtobe\kpswitch\widget\KPSwitchRootRelativeLayout.java,cn.dreamtobe.kpswitch.widget.KPSwitchRootRelativeLayout,"KPSwitchRootRelativeLayout/2[cn.dreamtobe.kpswitch.widget.Context,cn.dreamtobe.kpswitch.widget.AttributeSet]",true,49,3,1,0,1,1,1,4,0,0,2,1,1,1,0,0,0,0,0,0,0,0,0,0,0,0,9,1,0,false
c:\Users\arthur.menezes_evolu\Desktop\Pes\JKeyboardPanelSwitch\library\src\main\java\cn\dreamtobe\kpswitch\widget\KPSwitchRootRelativeLayout.java,cn.dreamtobe.kpswitch.widget.KPSwitchRootRelativeLayout,KPSwitchRootRelativeLayout/1[cn.dreamtobe.kpswitch.widget.Context],true,44,2,1,0,1,1,1,4,0,0,1,1,1,1,0,0,0,0,0,0,0,0,0,0,0,0,9,1,0,false
c:\Users\arthur.menezes_evolu\Desktop\Pes\JKeyboardPanelSwitch\library\src\main\java\cn\dreamtobe\kpswitch\widget\KPSwitchRootRelativeLayout.java,cn.dreamtobe.kpswitch.widget.KPSwitchRootRelativeLayout,"KPSwitchRootRelativeLayout/3[cn.dreamtobe.kpswitch.widget.Context,cn.dreamtobe.kpswitch.widget.AttributeSet,int]",true,54,3,1,0,1,1,1,4,0,0,3,1,1,1,0,0,0,0,0,0,0,0,0,0,0,0,11,1,0,false
c:\Users\arthur.menezes_evolu\Desktop\Pes\JKeyboardPanelSwitch\library\src\main\java\cn\dreamtobe\kpswitch\widget\KPSwitchRootRelativeLayout.java,cn.dreamtobe.kpswitch.widget.KPSwitchRootRelativeLayout,"KPSwitchRootRelativeLayout/4[cn.dreamtobe.kpswitch.widget.Context,cn.dreamtobe.kpswitch.widget.AttributeSet,int,int]",true,61,4,1,0,1,1,1,4,0,0,4,1,1,1,0,0,0,0,0,0,0,0,0,0,0,0,11,1,0,false
c:\Users\arthur.menezes_evolu\Desktop\Pes\JKeyboardPanelSwitch\library\src\main\java\cn\dreamtobe\kpswitch\widget\KPSwitchFSPanelRelativeLayout.java,cn.dreamtobe.kpswitch.widget.KPSwitchFSPanelRelativeLayout,recordKeyboardStatus/1[cn.dreamtobe.kpswitch.widget.Window],false,87,2,1,0,1,1,1,3,0,0,1,1,0,0,0,0,0,0,0,0,0,0,0,0,0,0,5,1,0,false
c:\Users\arthur.menezes_evolu\Desktop\Pes\JKeyboardPanelSwitch\library\src\main\java\cn\dreamtobe\kpswitch\widget\KPSwitchFSPanelRelativeLayout.java,cn.dreamtobe.kpswitch.widget.KPSwitchFSPanelRelativeLayout,init/0,false,71,1,5,4,1,1,0,3,0,0,0,0,0,0,0,0,0,0,0,0,1,0,0,0,0,0,10,2,0,false
c:\Users\arthur.menezes_evolu\Desktop\Pes\JKeyboardPanelSwitch\library\src\main\java\cn\dreamtobe\kpswitch\widget\KPSwitchFSPanelRelativeLayout.java,cn.dreamtobe.kpswitch.widget.KPSwitchFSPanelRelativeLayout,KPSwitchFSPanelRelativeLayout/1[cn.dreamtobe.kpswitch.widget.Context],true,49,2,1,0,1,1,1,4,0,0,1,1,1,1,0,0,0,0,0,0,0,0,0,0,0,0,11,1,0,false
c:\Users\arthur.menezes_evolu\Desktop\Pes\JKeyboardPanelSwitch\library\src\main\java\cn\dreamtobe\kpswitch\widget\KPSwitchFSPanelRelativeLayout.java,cn.dreamtobe.kpswitch.widget.KPSwitchFSPanelRelativeLayout,"KPSwitchFSPanelRelativeLayout/2[cn.dreamtobe.kpswitch.widget.Context,cn.dreamtobe.kpswitch.widget.AttributeSet]",true,54,3,1,0,1,1,1,4,0,0,2,1,1,1,0,0,0,0,0,0,0,0,0,0,0,0,11,1,0,false
c:\Users\arthur.menezes_evolu\Desktop\Pes\JKeyboardPanelSwitch\library\src\main\java\cn\dreamtobe\kpswitch\widget\KPSwitchFSPanelRelativeLayout.java,cn.dreamtobe.kpswitch.widget.KPSwitchFSPanelRelativeLayout,"KPSwitchFSPanelRelativeLayout/3[cn.dreamtobe.kpswitch.widget.Context,cn.dreamtobe.kpswitch.widget.AttributeSet,int]",true,59,3,1,0,1,1,1,4,0,0,3,1,1,1,0,0,0,0,0,0,0,0,0,0,0,0,13,1,0,false
c:\Users\arthur.menezes_evolu\Desktop\Pes\JKeyboardPanelSwitch\library\src\main\java\cn\dreamtobe\kpswitch\widget\KPSwitchFSPanelRelativeLayout.java,cn.dreamtobe.kpswitch.widget.KPSwitchFSPanelRelativeLayout,onKeyboardShowing/1[boolean],false,81,1,1,0,1,1,1,3,0,0,1,1,0,0,0,0,0,0,0,0,0,0,0,0,0,0,4,1,0,false
c:\Users\arthur.menezes_evolu\Desktop\Pes\JKeyboardPanelSwitch\library\src\main\java\cn\dreamtobe\kpswitch\widget\KPSwitchFSPanelRelativeLayout.java,cn.dreamtobe.kpswitch.widget.KPSwitchFSPanelRelativeLayout,"KPSwitchFSPanelRelativeLayout/4[cn.dreamtobe.kpswitch.widget.Context,cn.dreamtobe.kpswitch.widget.AttributeSet,int,int]",true,66,4,1,0,1,1,1,4,0,0,4,1,1,1,0,0,0,0,0,0,0,0,0,0,0,0,13,1,0,false
c:\Users\arthur.menezes_evolu\Desktop\Pes\JKeyboardPanelSwitch\library\src\main\java\cn\dreamtobe\kpswitch\widget\KPSwitchFSPanelRelativeLayout.java,cn.dreamtobe.kpswitch.widget.KPSwitchFSPanelRelativeLayout,refreshHeight/1[int],false,76,1,1,0,1,1,1,3,0,0,1,1,0,0,0,0,0,0,0,0,0,0,0,0,0,0,3,1,0,false
c:\Users\arthur.menezes_evolu\Desktop\Pes\JKeyboardPanelSwitch\library\src\main\java\cn\dreamtobe\kpswitch\handler\KPSwitchRootLayoutHandler.java,cn.dreamtobe.kpswitch.handler.KPSwitchRootLayoutHandler,KPSwitchRootLayoutHandler/1[cn.dreamtobe.kpswitch.handler.View],true,47,4,5,3,2,1,3,6,0,1,1,3,0,0,0,0,0,0,0,0,4,0,0,0,0,0,10,1,0,false
c:\Users\arthur.menezes_evolu\Desktop\Pes\JKeyboardPanelSwitch\library\src\main\java\cn\dreamtobe\kpswitch\handler\KPSwitchRootLayoutHandler.java,cn.dreamtobe.kpswitch.handler.KPSwitchRootLayoutHandler,"handleBeforeMeasure/2[int,int]",false,55,5,9,3,6,13,13,40,6,3,2,13,1,1,0,3,0,0,7,4,6,4,1,0,0,0,44,1,0,false
c:\Users\arthur.menezes_evolu\Desktop\Pes\JKeyboardPanelSwitch\library\src\main\java\cn\dreamtobe\kpswitch\handler\KPSwitchRootLayoutHandler.java,cn.dreamtobe.kpswitch.handler.KPSwitchRootLayoutHandler,getPanelLayout/1[cn.dreamtobe.kpswitch.handler.View],false,123,4,3,2,1,6,3,19,4,2,1,3,1,0,1,2,0,2,0,1,4,0,3,0,0,0,12,2,0,false
c:\Users\arthur.menezes_evolu\Desktop\Pes\JKeyboardPanelSwitch\library\src\main\java\cn\dreamtobe\kpswitch\util\KeyBoardSharedPreferences.java,cn.dreamtobe.kpswitch.util.KeyBoardSharedPreferences,"save/2[cn.dreamtobe.kpswitch.util.Context,int]",false,35,2,2,1,1,1,4,3,1,0,2,4,1,1,0,0,0,0,0,0,0,0,0,0,0,0,6,9,0,false
c:\Users\arthur.menezes_evolu\Desktop\Pes\JKeyboardPanelSwitch\library\src\main\java\cn\dreamtobe\kpswitch\util\KeyBoardSharedPreferences.java,cn.dreamtobe.kpswitch.util.KeyBoardSharedPreferences,with/1[cn.dreamtobe.kpswitch.util.Context],false,41,3,2,2,0,3,1,10,1,0,1,1,0,0,0,2,0,0,0,0,1,0,3,0,0,0,7,10,0,false
c:\Users\arthur.menezes_evolu\Desktop\Pes\JKeyboardPanelSwitch\library\src\main\java\cn\dreamtobe\kpswitch\util\KeyBoardSharedPreferences.java,cn.dreamtobe.kpswitch.util.KeyBoardSharedPreferences,"get/2[cn.dreamtobe.kpswitch.util.Context,int]",false,53,2,2,1,1,1,2,3,1,0,2,2,1,1,0,0,0,0,0,0,0,0,0,0,0,0,6,9,0,false
c:\Users\arthur.menezes_evolu\Desktop\Pes\JKeyboardPanelSwitch\library\src\main\java\cn\dreamtobe\kpswitch\widget\KPSwitchRootLinearLayout.java,cn.dreamtobe.kpswitch.widget.KPSwitchRootLinearLayout,"KPSwitchRootLinearLayout/4[cn.dreamtobe.kpswitch.widget.Context,cn.dreamtobe.kpswitch.widget.AttributeSet,int,int]",true,63,4,1,0,1,1,1,4,0,0,4,1,1,1,0,0,0,0,0,0,0,0,0,0,0,0,11,1,0,false
c:\Users\arthur.menezes_evolu\Desktop\Pes\JKeyboardPanelSwitch\library\src\main\java\cn\dreamtobe\kpswitch\widget\KPSwitchRootLinearLayout.java,cn.dreamtobe.kpswitch.widget.KPSwitchRootLinearLayout,"KPSwitchRootLinearLayout/2[cn.dreamtobe.kpswitch.widget.Context,cn.dreamtobe.kpswitch.widget.AttributeSet]",true,50,3,1,0,1,1,1,4,0,0,2,1,1,1,0,0,0,0,0,0,0,0,0,0,0,0,9,1,0,false
c:\Users\arthur.menezes_evolu\Desktop\Pes\JKeyboardPanelSwitch\library\src\main\java\cn\dreamtobe\kpswitch\widget\KPSwitchRootLinearLayout.java,cn.dreamtobe.kpswitch.widget.KPSwitchRootLinearLayout,"KPSwitchRootLinearLayout/3[cn.dreamtobe.kpswitch.widget.Context,cn.dreamtobe.kpswitch.widget.AttributeSet,int]",true,56,4,1,0,1,1,1,4,0,0,3,1,1,1,0,0,0,0,0,0,0,0,0,0,0,0,11,1,0,false
c:\Users\arthur.menezes_evolu\Desktop\Pes\JKeyboardPanelSwitch\library\src\main\java\cn\dreamtobe\kpswitch\widget\KPSwitchRootLinearLayout.java,cn.dreamtobe.kpswitch.widget.KPSwitchRootLinearLayout,"onMeasure/2[int,int]",false,73,1,1,0,1,1,3,4,0,0,2,3,0,0,0,0,0,0,0,0,0,0,0,0,0,0,5,4,0,false
c:\Users\arthur.menezes_evolu\Desktop\Pes\JKeyboardPanelSwitch\library\src\main\java\cn\dreamtobe\kpswitch\widget\KPSwitchRootLinearLayout.java,cn.dreamtobe.kpswitch.widget.KPSwitchRootLinearLayout,init/0,false,68,1,5,4,1,1,0,3,0,0,0,0,0,0,0,0,0,0,0,0,1,0,0,0,0,0,8,2,0,false
c:\Users\arthur.menezes_evolu\Desktop\Pes\JKeyboardPanelSwitch\library\src\main\java\cn\dreamtobe\kpswitch\widget\KPSwitchRootLinearLayout.java,cn.dreamtobe.kpswitch.widget.KPSwitchRootLinearLayout,KPSwitchRootLinearLayout/1[cn.dreamtobe.kpswitch.widget.Context],true,45,2,1,0,1,1,1,4,0,0,1,1,1,1,0,0,0,0,0,0,0,0,0,0,0,0,9,1,0,false
c:\Users\arthur.menezes_evolu\Desktop\Pes\JKeyboardPanelSwitch\app\src\main\java\cn\dreamtobe\kpswitch\demo\activity\ChattingResolvedHandleByPlaceholderActivity.java,cn.dreamtobe.kpswitch.demo.activity.ChattingResolvedHandleByPlaceholderActivity,onCreate/1[cn.dreamtobe.kpswitch.demo.activity.Bundle],false,50,6,6,0,6,2,13,32,0,1,1,13,3,1,0,0,0,0,0,0,1,0,1,2,0,0,32,4,0,false
c:\Users\arthur.menezes_evolu\Desktop\Pes\JKeyboardPanelSwitch\app\src\main\java\cn\dreamtobe\kpswitch\demo\activity\ChattingResolvedHandleByPlaceholderActivity.java,cn.dreamtobe.kpswitch.demo.activity.ChattingResolvedHandleByPlaceholderActivity,adaptTheme/1[boolean],false,39,1,1,1,0,3,2,10,0,0,1,2,0,0,0,0,0,0,0,0,0,0,2,0,0,0,7,2,0,false
c:\Users\arthur.menezes_evolu\Desktop\Pes\JKeyboardPanelSwitch\app\src\main\java\cn\dreamtobe\kpswitch\demo\activity\ChattingResolvedHandleByPlaceholderActivity.java,cn.dreamtobe.kpswitch.demo.activity.ChattingResolvedHandleByPlaceholderActivity,adaptTitle/1[boolean],false,30,0,1,1,0,2,1,8,0,0,1,1,0,0,0,0,0,0,0,0,0,0,1,0,0,0,7,2,0,false
c:\Users\arthur.menezes_evolu\Desktop\Pes\JKeyboardPanelSwitch\app\src\main\java\cn\dreamtobe\kpswitch\demo\activity\ChattingResolvedHandleByPlaceholderActivity.java,cn.dreamtobe.kpswitch.demo.activity.ChattingResolvedHandleByPlaceholderActivity,onMultiWindowModeChanged/1[boolean],false,128,1,1,0,1,1,2,4,0,0,1,2,0,0,0,0,0,0,0,0,0,0,0,0,0,0,7,1,0,false
c:\Users\arthur.menezes_evolu\Desktop\Pes\JKeyboardPanelSwitch\app\src\main\java\cn\dreamtobe\kpswitch\demo\activity\ChattingResolvedHandleByPlaceholderActivity.java,cn.dreamtobe.kpswitch.demo.activity.ChattingResolvedHandleByPlaceholderActivity,dispatchKeyEvent/1[cn.dreamtobe.kpswitch.demo.activity.KeyEvent],false,116,2,1,0,1,4,5,7,2,0,1,5,0,0,0,3,0,0,0,0,0,0,1,0,0,0,7,1,0,false
c:\Users\arthur.menezes_evolu\Desktop\Pes\JKeyboardPanelSwitch\app\src\main\java\cn\dreamtobe\kpswitch\demo\activity\ChattingResolvedHandleByPlaceholderActivity.java,cn.dreamtobe.kpswitch.demo.activity.ChattingResolvedHandleByPlaceholderActivity,onPause/0,false,97,1,1,0,1,1,3,4,0,0,0,3,0,0,0,0,0,0,0,0,0,0,0,0,0,0,4,4,0,false
c:\Users\arthur.menezes_evolu\Desktop\Pes\JKeyboardPanelSwitch\app\src\main\java\cn\dreamtobe\kpswitch\demo\activity\ChattingResolvedHandleByPlaceholderActivity.java,cn.dreamtobe.kpswitch.demo.activity.ChattingResolvedHandleByPlaceholderActivity,assignViews/0,false,108,4,1,1,0,1,1,6,0,0,0,1,0,0,0,0,0,0,0,0,4,0,0,0,0,0,26,2,0,false
c:\Users\arthur.menezes_evolu\Desktop\Pes\JKeyboardPanelSwitch\library\src\main\java\cn\dreamtobe\kpswitch\widget\KPSwitchPanelLinearLayout.java,cn.dreamtobe.kpswitch.widget.KPSwitchPanelLinearLayout,handleShow/0,false,106,0,0,0,0,1,1,3,0,0,0,1,0,0,0,0,0,0,0,0,0,0,0,0,0,0,2,1,0,false
c:\Users\arthur.menezes_evolu\Desktop\Pes\JKeyboardPanelSwitch\library\src\main\java\cn\dreamtobe\kpswitch\widget\KPSwitchPanelLinearLayout.java,cn.dreamtobe.kpswitch.widget.KPSwitchPanelLinearLayout,"KPSwitchPanelLinearLayout/2[cn.dreamtobe.kpswitch.widget.Context,cn.dreamtobe.kpswitch.widget.AttributeSet]",true,53,3,1,0,1,1,1,4,0,0,2,1,1,1,0,0,0,0,0,0,0,0,0,0,0,0,9,1,0,false
c:\Users\arthur.menezes_evolu\Desktop\Pes\JKeyboardPanelSwitch\library\src\main\java\cn\dreamtobe\kpswitch\widget\KPSwitchPanelLinearLayout.java,cn.dreamtobe.kpswitch.widget.KPSwitchPanelLinearLayout,init/1[cn.dreamtobe.kpswitch.widget.AttributeSet],false,64,2,4,3,1,1,0,3,0,0,1,0,0,0,0,0,0,0,0,0,1,0,0,0,0,0,11,2,0,false
c:\Users\arthur.menezes_evolu\Desktop\Pes\JKeyboardPanelSwitch\library\src\main\java\cn\dreamtobe\kpswitch\widget\KPSwitchPanelLinearLayout.java,cn.dreamtobe.kpswitch.widget.KPSwitchPanelLinearLayout,setVisibility/1[int],false,84,1,1,0,1,2,2,6,1,0,1,2,0,0,0,0,0,0,0,0,0,0,1,0,0,0,3,1,0,false
c:\Users\arthur.menezes_evolu\Desktop\Pes\JKeyboardPanelSwitch\library\src\main\java\cn\dreamtobe\kpswitch\widget\KPSwitchPanelLinearLayout.java,cn.dreamtobe.kpswitch.widget.KPSwitchPanelLinearLayout,KPSwitchPanelLinearLayout/1[cn.dreamtobe.kpswitch.widget.Context],true,48,2,1,0,1,1,1,4,0,0,1,1,1,1,0,0,0,0,0,0,0,0,0,0,0,0,10,1,0,false
c:\Users\arthur.menezes_evolu\Desktop\Pes\JKeyboardPanelSwitch\library\src\main\java\cn\dreamtobe\kpswitch\widget\KPSwitchPanelLinearLayout.java,cn.dreamtobe.kpswitch.widget.KPSwitchPanelLinearLayout,"KPSwitchPanelLinearLayout/3[cn.dreamtobe.kpswitch.widget.Context,cn.dreamtobe.kpswitch.widget.AttributeSet,int]",true,59,4,1,0,1,1,1,4,0,0,3,1,1,1,0,0,0,0,0,0,0,0,0,0,0,0,12,1,0,false
c:\Users\arthur.menezes_evolu\Desktop\Pes\JKeyboardPanelSwitch\library\src\main\java\cn\dreamtobe\kpswitch\widget\KPSwitchPanelLinearLayout.java,cn.dreamtobe.kpswitch.widget.KPSwitchPanelLinearLayout,handleHide/0,false,112,1,1,0,1,1,1,3,0,0,0,1,0,0,0,0,0,0,0,0,0,0,0,0,0,0,2,1,0,false
c:\Users\arthur.menezes_evolu\Desktop\Pes\JKeyboardPanelSwitch\library\src\main\java\cn\dreamtobe\kpswitch\widget\KPSwitchPanelLinearLayout.java,cn.dreamtobe.kpswitch.widget.KPSwitchPanelLinearLayout,refreshHeight/1[int],false,69,1,1,0,1,1,1,3,0,0,1,1,0,0,0,0,0,0,0,0,0,0,0,0,0,0,3,1,0,false
c:\Users\arthur.menezes_evolu\Desktop\Pes\JKeyboardPanelSwitch\library\src\main\java\cn\dreamtobe\kpswitch\widget\KPSwitchPanelLinearLayout.java,cn.dreamtobe.kpswitch.widget.KPSwitchPanelLinearLayout,isKeyboardShowing/0,false,79,1,1,0,1,1,1,3,1,0,0,1,0,0,0,0,0,0,0,0,0,0,0,0,0,0,3,1,0,false
c:\Users\arthur.menezes_evolu\Desktop\Pes\JKeyboardPanelSwitch\library\src\main\java\cn\dreamtobe\kpswitch\widget\KPSwitchPanelLinearLayout.java,cn.dreamtobe.kpswitch.widget.KPSwitchPanelLinearLayout,onKeyboardShowing/1[boolean],false,74,1,1,0,1,1,1,3,0,0,1,1,0,0,0,0,0,0,0,0,0,0,0,0,0,0,4,1,0,false
c:\Users\arthur.menezes_evolu\Desktop\Pes\JKeyboardPanelSwitch\library\src\main\java\cn\dreamtobe\kpswitch\widget\KPSwitchPanelLinearLayout.java,cn.dreamtobe.kpswitch.widget.KPSwitchPanelLinearLayout,setIgnoreRecommendHeight/1[boolean],false,117,1,3,2,1,1,1,3,0,0,1,1,0,0,0,0,0,0,0,0,0,0,0,0,0,0,5,1,0,false
c:\Users\arthur.menezes_evolu\Desktop\Pes\JKeyboardPanelSwitch\library\src\main\java\cn\dreamtobe\kpswitch\widget\KPSwitchPanelLinearLayout.java,cn.dreamtobe.kpswitch.widget.KPSwitchPanelLinearLayout,isVisible/0,false,100,1,1,0,1,1,1,3,1,0,0,1,0,0,0,0,0,0,0,0,0,0,0,0,0,0,2,1,0,false
c:\Users\arthur.menezes_evolu\Desktop\Pes\JKeyboardPanelSwitch\library\src\main\java\cn\dreamtobe\kpswitch\widget\KPSwitchPanelLinearLayout.java,cn.dreamtobe.kpswitch.widget.KPSwitchPanelLinearLayout,"onMeasure/2[int,int]",false,92,2,1,0,1,1,2,4,0,1,2,2,0,0,0,0,0,0,0,2,1,0,0,0,0,0,7,4,0,false
c:\Users\arthur.menezes_evolu\Desktop\Pes\JKeyboardPanelSwitch\app\src\main\java\cn\dreamtobe\kpswitch\demo\activity\MainActivity.java,cn.dreamtobe.kpswitch.demo.activity.MainActivity$Anonymous2,"onCheckedChanged/2[cn.dreamtobe.kpswitch.demo.activity.CompoundButton,boolean]",false,58,1,0,0,0,2,1,8,0,0,2,1,0,0,0,0,0,0,0,0,0,0,1,0,0,0,6,1,0,false
c:\Users\arthur.menezes_evolu\Desktop\Pes\JKeyboardPanelSwitch\library\src\main\java\cn\dreamtobe\kpswitch\IPanelHeightTarget.java,cn.dreamtobe.kpswitch.IPanelHeightTarget,refreshHeight/1[int],false,27,0,1,1,0,1,0,1,0,0,1,0,0,0,0,0,0,0,0,0,0,0,0,0,0,0,15,0,0,true
c:\Users\arthur.menezes_evolu\Desktop\Pes\JKeyboardPanelSwitch\library\src\main\java\cn\dreamtobe\kpswitch\IPanelHeightTarget.java,cn.dreamtobe.kpswitch.IPanelHeightTarget,onKeyboardShowing/1[boolean],false,38,0,1,1,0,1,0,1,0,0,1,0,0,0,0,0,0,0,0,0,0,0,0,0,0,0,16,0,0,true
c:\Users\arthur.menezes_evolu\Desktop\Pes\JKeyboardPanelSwitch\library\src\main\java\cn\dreamtobe\kpswitch\IPanelHeightTarget.java,cn.dreamtobe.kpswitch.IPanelHeightTarget,getHeight/0,false,33,0,1,1,0,1,0,1,0,0,0,0,0,0,0,0,0,0,0,0,0,0,0,0,0,0,6,0,0,true
c:\Users\arthur.menezes_evolu\Desktop\Pes\JKeyboardPanelSwitch\app\src\main\java\cn\dreamtobe\kpswitch\demo\activity\TranslucentActivity.java,cn.dreamtobe.kpswitch.demo.activity.TranslucentActivity,onCreate/1[cn.dreamtobe.kpswitch.demo.activity.Bundle],false,15,1,0,0,0,1,2,4,0,0,1,2,0,0,0,0,0,0,0,0,0,0,0,0,0,0,9,4,0,false
c:\Users\arthur.menezes_evolu\Desktop\Pes\JKeyboardPanelSwitch\library\src\main\java\cn\dreamtobe\kpswitch\IPanelConflictLayout.java,cn.dreamtobe.kpswitch.IPanelConflictLayout,isVisible/0,false,27,0,1,1,0,1,0,1,0,0,0,0,0,0,0,0,0,0,0,0,0,0,0,0,0,0,8,0,0,true
c:\Users\arthur.menezes_evolu\Desktop\Pes\JKeyboardPanelSwitch\library\src\main\java\cn\dreamtobe\kpswitch\IPanelConflictLayout.java,cn.dreamtobe.kpswitch.IPanelConflictLayout,isKeyboardShowing/0,false,25,0,1,1,0,1,0,1,0,0,0,0,0,0,0,0,0,0,0,0,0,0,0,0,0,0,3,0,0,false
c:\Users\arthur.menezes_evolu\Desktop\Pes\JKeyboardPanelSwitch\library\src\main\java\cn\dreamtobe\kpswitch\IPanelConflictLayout.java,cn.dreamtobe.kpswitch.IPanelConflictLayout,setIgnoreRecommendHeight/1[boolean],false,46,0,0,0,0,1,0,1,0,0,1,0,0,0,0,0,0,0,1,0,0,0,0,0,0,0,12,0,0,true
c:\Users\arthur.menezes_evolu\Desktop\Pes\JKeyboardPanelSwitch\library\src\main\java\cn\dreamtobe\kpswitch\IPanelConflictLayout.java,cn.dreamtobe.kpswitch.IPanelConflictLayout,handleShow/0,false,32,0,1,1,0,1,0,1,0,0,0,0,0,0,0,0,0,0,0,0,0,0,0,0,0,0,4,0,0,true
c:\Users\arthur.menezes_evolu\Desktop\Pes\JKeyboardPanelSwitch\library\src\main\java\cn\dreamtobe\kpswitch\IPanelConflictLayout.java,cn.dreamtobe.kpswitch.IPanelConflictLayout,handleHide/0,false,39,0,1,1,0,1,0,1,0,0,0,0,0,0,0,0,0,0,0,0,0,0,0,0,0,0,4,0,0,true
c:\Users\arthur.menezes_evolu\Desktop\Pes\JKeyboardPanelSwitch\app\src\main\java\cn\dreamtobe\kpswitch\demo\activity\MainActivity.java,cn.dreamtobe.kpswitch.demo.activity.MainActivity$Anonymous1,"onCheckedChanged/2[cn.dreamtobe.kpswitch.demo.activity.RadioGroup,int]",false,42,1,0,0,0,2,1,8,0,0,2,1,0,0,0,1,0,0,0,0,0,0,1,0,0,0,7,1,0,false
c:\Users\arthur.menezes_evolu\Desktop\Pes\JKeyboardPanelSwitch\app\src\main\java\cn\dreamtobe\kpswitch\demo\activity\ChattingUnresolvedActivity.java,cn.dreamtobe.kpswitch.demo.activity.ChattingUnresolvedActivity,onCreate/1[cn.dreamtobe.kpswitch.demo.activity.Bundle],false,49,4,1,0,1,1,7,30,0,0,1,7,1,1,0,0,0,0,0,0,0,0,0,3,0,0,28,4,0,false
c:\Users\arthur.menezes_evolu\Desktop\Pes\JKeyboardPanelSwitch\app\src\main\java\cn\dreamtobe\kpswitch\demo\activity\ChattingUnresolvedActivity.java,cn.dreamtobe.kpswitch.demo.activity.ChattingUnresolvedActivity,showKeyboard/0,false,86,1,1,1,0,1,4,5,0,1,0,4,0,0,0,0,0,0,0,1,1,0,0,0,0,0,6,2,0,false
c:\Users\arthur.menezes_evolu\Desktop\Pes\JKeyboardPanelSwitch\app\src\main\java\cn\dreamtobe\kpswitch\demo\activity\ChattingUnresolvedActivity.java,cn.dreamtobe.kpswitch.demo.activity.ChattingUnresolvedActivity,assignViews/0,false,31,4,1,1,0,1,1,6,0,0,0,1,0,0,0,0,0,0,0,0,4,0,0,0,0,0,21,2,0,false
c:\Users\arthur.menezes_evolu\Desktop\Pes\JKeyboardPanelSwitch\app\src\main\java\cn\dreamtobe\kpswitch\demo\activity\ChattingUnresolvedActivity.java,cn.dreamtobe.kpswitch.demo.activity.ChattingUnresolvedActivity,dispatchKeyEvent/1[cn.dreamtobe.kpswitch.demo.activity.KeyEvent],false,102,1,0,0,0,4,5,7,2,0,1,5,0,0,0,3,0,0,0,0,0,0,1,0,0,0,5,1,0,false
c:\Users\arthur.menezes_evolu\Desktop\Pes\JKeyboardPanelSwitch\app\src\main\java\cn\dreamtobe\kpswitch\demo\activity\ChattingUnresolvedActivity.java,cn.dreamtobe.kpswitch.demo.activity.ChattingUnresolvedActivity,hideKeyboard/0,false,94,1,2,2,0,1,4,5,0,1,0,4,0,0,0,0,0,0,0,1,1,0,0,0,0,0,9,2,0,false
c:\Users\arthur.menezes_evolu\Desktop\Pes\JKeyboardPanelSwitch\app\src\main\java\cn\dreamtobe\kpswitch\demo\activity\ChattingUnresolvedActivity.java,cn.dreamtobe.kpswitch.demo.activity.ChattingUnresolvedActivity,onClickPlusIv/1[cn.dreamtobe.kpswitch.demo.activity.View],false,39,2,3,1,2,2,4,9,0,0,1,4,2,1,0,1,0,0,0,0,0,0,1,0,0,0,9,1,0,false
c:\Users\arthur.menezes_evolu\Desktop\Pes\JKeyboardPanelSwitch\library\src\main\java\cn\dreamtobe\kpswitch\widget\KPSwitchRootFrameLayout.java,cn.dreamtobe.kpswitch.widget.KPSwitchRootFrameLayout,"onMeasure/2[int,int]",false,71,1,1,0,1,1,3,4,0,0,2,3,0,0,0,0,0,0,0,0,0,0,0,0,0,0,5,4,0,false
c:\Users\arthur.menezes_evolu\Desktop\Pes\JKeyboardPanelSwitch\library\src\main\java\cn\dreamtobe\kpswitch\widget\KPSwitchRootFrameLayout.java,cn.dreamtobe.kpswitch.widget.KPSwitchRootFrameLayout,"KPSwitchRootFrameLayout/3[cn.dreamtobe.kpswitch.widget.Context,cn.dreamtobe.kpswitch.widget.AttributeSet,int]",true,54,3,1,0,1,1,1,4,0,0,3,1,1,1,0,0,0,0,0,0,0,0,0,0,0,0,11,1,0,false
c:\Users\arthur.menezes_evolu\Desktop\Pes\JKeyboardPanelSwitch\library\src\main\java\cn\dreamtobe\kpswitch\widget\KPSwitchRootFrameLayout.java,cn.dreamtobe.kpswitch.widget.KPSwitchRootFrameLayout,init/0,false,66,1,5,4,1,1,0,3,0,0,0,0,0,0,0,0,0,0,0,0,1,0,0,0,0,0,8,2,0,false
c:\Users\arthur.menezes_evolu\Desktop\Pes\JKeyboardPanelSwitch\library\src\main\java\cn\dreamtobe\kpswitch\widget\KPSwitchRootFrameLayout.java,cn.dreamtobe.kpswitch.widget.KPSwitchRootFrameLayout,"KPSwitchRootFrameLayout/4[cn.dreamtobe.kpswitch.widget.Context,cn.dreamtobe.kpswitch.widget.AttributeSet,int,int]",true,61,4,1,0,1,1,1,4,0,0,4,1,1,1,0,0,0,0,0,0,0,0,0,0,0,0,11,1,0,false
c:\Users\arthur.menezes_evolu\Desktop\Pes\JKeyboardPanelSwitch\library\src\main\java\cn\dreamtobe\kpswitch\widget\KPSwitchRootFrameLayout.java,cn.dreamtobe.kpswitch.widget.KPSwitchRootFrameLayout,"KPSwitchRootFrameLayout/2[cn.dreamtobe.kpswitch.widget.Context,cn.dreamtobe.kpswitch.widget.AttributeSet]",true,49,3,1,0,1,1,1,4,0,0,2,1,1,1,0,0,0,0,0,0,0,0,0,0,0,0,9,1,0,false
c:\Users\arthur.menezes_evolu\Desktop\Pes\JKeyboardPanelSwitch\library\src\main\java\cn\dreamtobe\kpswitch\widget\KPSwitchRootFrameLayout.java,cn.dreamtobe.kpswitch.widget.KPSwitchRootFrameLayout,KPSwitchRootFrameLayout/1[cn.dreamtobe.kpswitch.widget.Context],true,44,2,1,0,1,1,1,4,0,0,1,1,1,1,0,0,0,0,0,0,0,0,0,0,0,0,9,1,0,false
c:\Users\arthur.menezes_evolu\Desktop\Pes\JKeyboardPanelSwitch\library\src\main\java\cn\dreamtobe\kpswitch\util\KeyboardUtil.java,cn.dreamtobe.kpswitch.util.KeyboardUtil$KeyboardStatusListener,"KeyboardStatusListener/7[boolean,boolean,boolean,cn.dreamtobe.kpswitch.util.ViewGroup,cn.dreamtobe.kpswitch.IPanelHeightTarget,cn.dreamtobe.kpswitch.util.KeyboardUtil.OnKeyboardShowingListener,int]",true,240,4,2,1,1,1,2,10,0,0,7,2,0,0,0,0,0,0,0,0,8,0,0,0,0,0,17,0,0,false
c:\Users\arthur.menezes_evolu\Desktop\Pes\JKeyboardPanelSwitch\library\src\main\java\cn\dreamtobe\kpswitch\util\KeyboardUtil.java,cn.dreamtobe.kpswitch.util.KeyboardUtil$KeyboardStatusListener,calculateKeyboardHeight/1[int],false,317,5,8,1,7,7,13,31,3,4,1,13,1,1,0,3,0,1,4,1,6,3,2,0,0,0,26,2,0,false
c:\Users\arthur.menezes_evolu\Desktop\Pes\JKeyboardPanelSwitch\library\src\main\java\cn\dreamtobe\kpswitch\util\KeyboardUtil.java,cn.dreamtobe.kpswitch.util.KeyboardUtil$KeyboardStatusListener,calculateKeyboardShowing/1[int],false,370,6,6,1,5,9,14,35,1,4,1,14,1,1,0,5,0,0,5,1,9,5,2,0,0,0,30,2,0,false
c:\Users\arthur.menezes_evolu\Desktop\Pes\JKeyboardPanelSwitch\library\src\main\java\cn\dreamtobe\kpswitch\util\KeyboardUtil.java,cn.dreamtobe.kpswitch.util.KeyboardUtil$KeyboardStatusListener,onGlobalLayout/0,false,253,4,2,0,2,6,6,36,1,6,0,6,2,3,0,3,0,2,2,2,11,3,2,0,0,0,37,1,0,false
c:\Users\arthur.menezes_evolu\Desktop\Pes\JKeyboardPanelSwitch\library\src\main\java\cn\dreamtobe\kpswitch\util\KeyboardUtil.java,cn.dreamtobe.kpswitch.util.KeyboardUtil$KeyboardStatusListener,getContext/0,false,435,1,2,2,0,1,1,3,1,0,0,1,0,0,0,0,0,0,0,0,0,0,0,0,0,0,2,2,0,false
c:\Users\arthur.menezes_evolu\Desktop\Pes\JKeyboardPanelSwitch\app\src\main\java\cn\dreamtobe\kpswitch\demo\activity\ChattingResolvedActivity.java,cn.dreamtobe.kpswitch.demo.activity.ChattingResolvedActivity,adaptFitsSystemWindows/1[boolean],false,94,1,1,1,0,3,2,5,0,0,1,2,0,0,0,0,0,0,0,0,0,0,1,0,0,0,15,2,0,false
c:\Users\arthur.menezes_evolu\Desktop\Pes\JKeyboardPanelSwitch\app\src\main\java\cn\dreamtobe\kpswitch\demo\activity\ChattingResolvedActivity.java,cn.dreamtobe.kpswitch.demo.activity.ChattingResolvedActivity,adaptTitle/1[boolean],false,60,0,1,1,0,2,1,8,0,0,1,1,0,0,0,0,0,0,0,0,0,0,1,0,0,0,10,2,0,false
c:\Users\arthur.menezes_evolu\Desktop\Pes\JKeyboardPanelSwitch\app\src\main\java\cn\dreamtobe\kpswitch\demo\activity\ChattingResolvedActivity.java,cn.dreamtobe.kpswitch.demo.activity.ChattingResolvedActivity,adaptMultiSubPanel/1[boolean],false,71,2,2,1,1,3,5,17,0,0,1,5,1,1,0,0,0,0,0,0,4,0,1,0,0,0,21,2,0,false
c:\Users\arthur.menezes_evolu\Desktop\Pes\JKeyboardPanelSwitch\app\src\main\java\cn\dreamtobe\kpswitch\demo\activity\ChattingResolvedActivity.java,cn.dreamtobe.kpswitch.demo.activity.ChattingResolvedActivity,onMultiWindowModeChanged/1[boolean],false,203,1,1,0,1,1,2,4,0,0,1,2,0,0,0,0,0,0,0,0,0,0,0,0,0,0,7,1,0,false
c:\Users\arthur.menezes_evolu\Desktop\Pes\JKeyboardPanelSwitch\app\src\main\java\cn\dreamtobe\kpswitch\demo\activity\ChattingResolvedActivity.java,cn.dreamtobe.kpswitch.demo.activity.ChattingResolvedActivity,adaptTheme/1[boolean],false,53,1,1,1,0,3,2,5,0,0,1,2,0,0,0,0,0,0,0,0,0,0,1,0,0,0,10,2,0,false
c:\Users\arthur.menezes_evolu\Desktop\Pes\JKeyboardPanelSwitch\app\src\main\java\cn\dreamtobe\kpswitch\demo\activity\ChattingResolvedActivity.java,cn.dreamtobe.kpswitch.demo.activity.ChattingResolvedActivity,onCreate/1[cn.dreamtobe.kpswitch.demo.activity.Bundle],false,102,10,9,0,9,3,13,60,0,2,1,13,4,2,0,0,0,0,0,0,2,0,1,5,0,0,44,4,0,false
c:\Users\arthur.menezes_evolu\Desktop\Pes\JKeyboardPanelSwitch\app\src\main\java\cn\dreamtobe\kpswitch\demo\activity\ChattingResolvedActivity.java,cn.dreamtobe.kpswitch.demo.activity.ChattingResolvedActivity,dispatchKeyEvent/1[cn.dreamtobe.kpswitch.demo.activity.KeyEvent],false,191,2,1,0,1,4,4,7,2,0,1,4,0,0,0,2,0,0,0,0,0,0,1,0,0,0,8,1,0,false
c:\Users\arthur.menezes_evolu\Desktop\Pes\JKeyboardPanelSwitch\app\src\main\java\cn\dreamtobe\kpswitch\demo\activity\ChattingResolvedActivity.java,cn.dreamtobe.kpswitch.demo.activity.ChattingResolvedActivity,assignViews/0,false,44,5,1,1,0,1,1,7,0,0,0,1,0,0,0,0,0,0,0,0,5,0,0,0,0,0,26,2,0,false
c:\Users\arthur.menezes_evolu\Desktop\Pes\JKeyboardPanelSwitch\library\src\main\java\cn\dreamtobe\kpswitch\IFSPanelConflictLayout.java,cn.dreamtobe.kpswitch.IFSPanelConflictLayout,recordKeyboardStatus/1[cn.dreamtobe.kpswitch.Window],false,29,1,0,0,0,1,0,1,0,0,1,0,0,0,0,0,0,0,0,0,0,0,0,0,0,0,32,0,0,true
c:\Users\arthur.menezes_evolu\Desktop\Pes\JKeyboardPanelSwitch\app\src\main\java\cn\dreamtobe\kpswitch\demo\activity\ChattingResolvedActivity.java,cn.dreamtobe.kpswitch.demo.activity.ChattingResolvedActivity$Anonymous4,onClick/1[cn.dreamtobe.kpswitch.demo.activity.View],false,169,3,1,0,1,1,1,3,0,0,1,1,0,0,0,0,0,0,0,0,0,0,0,0,0,0,7,1,0,false
c:\Users\arthur.menezes_evolu\Desktop\Pes\JKeyboardPanelSwitch\app\src\main\java\cn\dreamtobe\kpswitch\demo\activity\ChattingResolvedActivity.java,cn.dreamtobe.kpswitch.demo.activity.ChattingResolvedActivity$Anonymous3,"onClickSwitch/2[cn.dreamtobe.kpswitch.demo.activity.View,boolean]",false,156,1,0,0,0,2,2,8,0,0,2,2,0,0,0,0,0,0,0,0,0,0,1,0,0,0,7,1,0,false
c:\Users\arthur.menezes_evolu\Desktop\Pes\JKeyboardPanelSwitch\app\src\main\java\cn\dreamtobe\kpswitch\demo\activity\ChattingResolvedActivity.java,cn.dreamtobe.kpswitch.demo.activity.ChattingResolvedActivity$Anonymous5,"onTouch/2[cn.dreamtobe.kpswitch.demo.activity.View,cn.dreamtobe.kpswitch.demo.activity.MotionEvent]",false,179,3,2,0,2,2,2,6,1,0,2,2,0,0,0,1,0,0,0,0,0,0,1,0,0,0,9,1,0,false
c:\Users\arthur.menezes_evolu\Desktop\Pes\JKeyboardPanelSwitch\library\src\main\java\cn\dreamtobe\kpswitch\util\KPSwitchConflictUtil.java,cn.dreamtobe.kpswitch.util.KPSwitchConflictUtil$SubPanelAndTrigger,"SubPanelAndTrigger/2[cn.dreamtobe.kpswitch.util.View,cn.dreamtobe.kpswitch.util.View]",true,174,1,1,1,0,1,0,4,0,0,2,0,0,0,0,0,0,0,0,0,2,0,0,0,0,0,7,1,0,false
c:\Users\arthur.menezes_evolu\Desktop\Pes\JKeyboardPanelSwitch\app\src\main\java\cn\dreamtobe\kpswitch\demo\activity\ChattingResolvedActivity.java,cn.dreamtobe.kpswitch.demo.activity.ChattingResolvedActivity$Anonymous2,"onClickSwitch/2[cn.dreamtobe.kpswitch.demo.activity.View,boolean]",false,141,1,0,0,0,2,2,8,0,0,2,2,0,0,0,0,0,0,0,0,0,0,1,0,0,0,7,1,0,false
c:\Users\arthur.menezes_evolu\Desktop\Pes\JKeyboardPanelSwitch\app\src\main\java\cn\dreamtobe\kpswitch\demo\activity\ChattingResolvedActivity.java,cn.dreamtobe.kpswitch.demo.activity.ChattingResolvedActivity$Anonymous1,onKeyboardShowing/1[boolean],false,130,0,0,0,0,2,2,3,0,0,1,2,0,0,0,0,0,0,3,0,0,0,0,0,0,0,4,1,0,false
c:\Users\arthur.menezes_evolu\Desktop\Pes\JKeyboardPanelSwitch\app\src\main\java\cn\dreamtobe\kpswitch\demo\activity\ChattingResolvedFragmentActivity.java,cn.dreamtobe.kpswitch.demo.activity.ChattingResolvedFragmentActivity,onCreate/1[cn.dreamtobe.kpswitch.demo.activity.Bundle],false,77,9,8,0,8,2,14,45,0,1,1,14,4,1,0,0,0,0,0,0,1,0,1,4,0,0,46,4,0,false
c:\Users\arthur.menezes_evolu\Desktop\Pes\JKeyboardPanelSwitch\app\src\main\java\cn\dreamtobe\kpswitch\demo\activity\ChattingResolvedFragmentActivity.java,cn.dreamtobe.kpswitch.demo.activity.ChattingResolvedFragmentActivity,adaptTitle/1[boolean],false,60,0,1,1,0,2,1,8,0,0,1,1,0,0,0,0,0,0,0,0,0,0,1,0,0,0,10,2,0,false
c:\Users\arthur.menezes_evolu\Desktop\Pes\JKeyboardPanelSwitch\app\src\main\java\cn\dreamtobe\kpswitch\demo\activity\ChattingResolvedFragmentActivity.java,cn.dreamtobe.kpswitch.demo.activity.ChattingResolvedFragmentActivity,adaptFitsSystemWindows/1[boolean],false,69,1,1,1,0,3,2,5,0,0,1,2,0,0,0,0,0,0,0,0,0,0,1,0,0,0,15,2,0,false
c:\Users\arthur.menezes_evolu\Desktop\Pes\JKeyboardPanelSwitch\app\src\main\java\cn\dreamtobe\kpswitch\demo\activity\ChattingResolvedFragmentActivity.java,cn.dreamtobe.kpswitch.demo.activity.ChattingResolvedFragmentActivity,onMultiWindowModeChanged/1[boolean],false,157,1,1,0,1,1,2,4,0,0,1,2,0,0,0,0,0,0,0,0,0,0,0,0,0,0,7,1,0,false
c:\Users\arthur.menezes_evolu\Desktop\Pes\JKeyboardPanelSwitch\app\src\main\java\cn\dreamtobe\kpswitch\demo\activity\ChattingResolvedFragmentActivity.java,cn.dreamtobe.kpswitch.demo.activity.ChattingResolvedFragmentActivity,dispatchKeyEvent/1[cn.dreamtobe.kpswitch.demo.activity.KeyEvent],false,145,2,1,0,1,4,5,7,2,0,1,5,0,0,0,3,0,0,0,0,0,0,1,0,0,0,8,1,0,false
c:\Users\arthur.menezes_evolu\Desktop\Pes\JKeyboardPanelSwitch\app\src\main\java\cn\dreamtobe\kpswitch\demo\activity\ChattingResolvedFragmentActivity.java,cn.dreamtobe.kpswitch.demo.activity.ChattingResolvedFragmentActivity,adaptTheme/1[boolean],false,53,1,1,1,0,3,2,5,0,0,1,2,0,0,0,0,0,0,0,0,0,0,1,0,0,0,10,2,0,false
c:\Users\arthur.menezes_evolu\Desktop\Pes\JKeyboardPanelSwitch\app\src\main\java\cn\dreamtobe\kpswitch\demo\activity\ChattingResolvedFragmentActivity.java,cn.dreamtobe.kpswitch.demo.activity.ChattingResolvedFragmentActivity,assignViews/0,false,44,5,1,1,0,1,1,7,0,0,0,1,0,0,0,0,0,0,0,0,5,0,0,0,0,0,26,2,0,false
c:\Users\arthur.menezes_evolu\Desktop\Pes\JKeyboardPanelSwitch\library\src\main\java\cn\dreamtobe\kpswitch\widget\KPSwitchFSPanelFrameLayout.java,cn.dreamtobe.kpswitch.widget.KPSwitchFSPanelFrameLayout,refreshHeight/1[int],false,75,1,1,0,1,1,1,3,0,0,1,1,0,0,0,0,0,0,0,0,0,0,0,0,0,0,3,1,0,false
c:\Users\arthur.menezes_evolu\Desktop\Pes\JKeyboardPanelSwitch\library\src\main\java\cn\dreamtobe\kpswitch\widget\KPSwitchFSPanelFrameLayout.java,cn.dreamtobe.kpswitch.widget.KPSwitchFSPanelFrameLayout,"KPSwitchFSPanelFrameLayout/3[cn.dreamtobe.kpswitch.widget.Context,cn.dreamtobe.kpswitch.widget.AttributeSet,int]",true,59,3,1,0,1,1,1,4,0,0,3,1,1,1,0,0,0,0,0,0,0,0,0,0,0,0,13,1,0,false
c:\Users\arthur.menezes_evolu\Desktop\Pes\JKeyboardPanelSwitch\library\src\main\java\cn\dreamtobe\kpswitch\widget\KPSwitchFSPanelFrameLayout.java,cn.dreamtobe.kpswitch.widget.KPSwitchFSPanelFrameLayout,recordKeyboardStatus/1[cn.dreamtobe.kpswitch.widget.Window],false,86,2,1,0,1,1,1,3,0,0,1,1,0,0,0,0,0,0,0,0,0,0,0,0,0,0,5,1,0,false
c:\Users\arthur.menezes_evolu\Desktop\Pes\JKeyboardPanelSwitch\library\src\main\java\cn\dreamtobe\kpswitch\widget\KPSwitchFSPanelFrameLayout.java,cn.dreamtobe.kpswitch.widget.KPSwitchFSPanelFrameLayout,init/0,false,70,1,4,3,1,1,0,3,0,0,0,0,0,0,0,0,0,0,0,0,1,0,0,0,0,0,10,2,0,false
c:\Users\arthur.menezes_evolu\Desktop\Pes\JKeyboardPanelSwitch\library\src\main\java\cn\dreamtobe\kpswitch\widget\KPSwitchFSPanelFrameLayout.java,cn.dreamtobe.kpswitch.widget.KPSwitchFSPanelFrameLayout,"KPSwitchFSPanelFrameLayout/4[cn.dreamtobe.kpswitch.widget.Context,cn.dreamtobe.kpswitch.widget.AttributeSet,int,int]",true,66,3,0,0,0,1,0,3,0,0,4,0,0,0,0,0,0,0,0,0,0,0,0,0,0,0,12,1,0,false
c:\Users\arthur.menezes_evolu\Desktop\Pes\JKeyboardPanelSwitch\library\src\main\java\cn\dreamtobe\kpswitch\widget\KPSwitchFSPanelFrameLayout.java,cn.dreamtobe.kpswitch.widget.KPSwitchFSPanelFrameLayout,onKeyboardShowing/1[boolean],false,80,1,1,0,1,1,1,3,0,0,1,1,0,0,0,0,0,0,0,0,0,0,0,0,0,0,4,1,0,false
c:\Users\arthur.menezes_evolu\Desktop\Pes\JKeyboardPanelSwitch\library\src\main\java\cn\dreamtobe\kpswitch\widget\KPSwitchFSPanelFrameLayout.java,cn.dreamtobe.kpswitch.widget.KPSwitchFSPanelFrameLayout,KPSwitchFSPanelFrameLayout/1[cn.dreamtobe.kpswitch.widget.Context],true,49,2,1,0,1,1,1,4,0,0,1,1,1,1,0,0,0,0,0,0,0,0,0,0,0,0,11,1,0,false
c:\Users\arthur.menezes_evolu\Desktop\Pes\JKeyboardPanelSwitch\library\src\main\java\cn\dreamtobe\kpswitch\widget\KPSwitchFSPanelFrameLayout.java,cn.dreamtobe.kpswitch.widget.KPSwitchFSPanelFrameLayout,"KPSwitchFSPanelFrameLayout/2[cn.dreamtobe.kpswitch.widget.Context,cn.dreamtobe.kpswitch.widget.AttributeSet]",true,54,3,1,0,1,1,1,4,0,0,2,1,1,1,0,0,0,0,0,0,0,0,0,0,0,0,11,1,0,false
c:\Users\arthur.menezes_evolu\Desktop\Pes\JKeyboardPanelSwitch\app\src\main\java\cn\dreamtobe\kpswitch\demo\activity\ChattingResolvedHandleByPlaceholderActivity.java,cn.dreamtobe.kpswitch.demo.activity.ChattingResolvedHandleByPlaceholderActivity$Anonymous2,"onTouch/2[cn.dreamtobe.kpswitch.demo.activity.View,cn.dreamtobe.kpswitch.demo.activity.MotionEvent]",false,86,3,2,0,2,2,2,6,1,0,2,2,0,0,0,1,0,0,0,0,0,0,1,0,0,0,7,1,0,false
c:\Users\arthur.menezes_evolu\Desktop\Pes\JKeyboardPanelSwitch\library\src\main\java\cn\dreamtobe\kpswitch\handler\KPSwitchPanelLayoutHandler.java,cn.dreamtobe.kpswitch.handler.KPSwitchPanelLayoutHandler,handleShow/0,false,170,0,0,0,0,1,0,3,0,0,0,0,0,0,0,0,0,0,3,0,0,1,0,0,0,0,17,1,0,false
c:\Users\arthur.menezes_evolu\Desktop\Pes\JKeyboardPanelSwitch\library\src\main\java\cn\dreamtobe\kpswitch\handler\KPSwitchPanelLayoutHandler.java,cn.dreamtobe.kpswitch.handler.KPSwitchPanelLayoutHandler,"KPSwitchPanelLayoutHandler/2[cn.dreamtobe.kpswitch.handler.View,cn.dreamtobe.kpswitch.handler.AttributeSet]",true,76,3,3,3,0,3,4,15,0,1,2,4,0,0,0,2,1,0,0,0,4,0,3,0,0,0,19,1,0,false
c:\Users\arthur.menezes_evolu\Desktop\Pes\JKeyboardPanelSwitch\library\src\main\java\cn\dreamtobe\kpswitch\handler\KPSwitchPanelLayoutHandler.java,cn.dreamtobe.kpswitch.handler.KPSwitchPanelLayoutHandler,setIgnoreRecommendHeight/1[boolean],false,205,0,3,3,0,1,0,3,0,0,1,0,0,0,0,0,0,0,1,0,1,0,0,0,0,0,19,1,0,true
c:\Users\arthur.menezes_evolu\Desktop\Pes\JKeyboardPanelSwitch\library\src\main\java\cn\dreamtobe\kpswitch\handler\KPSwitchPanelLayoutHandler.java,cn.dreamtobe.kpswitch.handler.KPSwitchPanelLayoutHandler,filterSetVisibility/1[int],false,100,1,4,3,1,5,2,12,3,0,1,2,1,1,0,3,0,0,0,0,1,0,1,0,0,0,16,1,0,true
c:\Users\arthur.menezes_evolu\Desktop\Pes\JKeyboardPanelSwitch\library\src\main\java\cn\dreamtobe\kpswitch\handler\KPSwitchPanelLayoutHandler.java,cn.dreamtobe.kpswitch.handler.KPSwitchPanelLayoutHandler,"processOnMeasure/2[int,int]",false,135,1,3,3,0,2,2,11,1,1,2,2,0,0,0,0,0,0,0,5,5,0,1,0,0,0,21,1,0,true
c:\Users\arthur.menezes_evolu\Desktop\Pes\JKeyboardPanelSwitch\library\src\main\java\cn\dreamtobe\kpswitch\handler\KPSwitchPanelLayoutHandler.java,cn.dreamtobe.kpswitch.handler.KPSwitchPanelLayoutHandler,isKeyboardShowing/0,false,159,0,4,4,0,1,0,3,1,0,0,0,0,0,0,0,0,0,0,0,0,0,0,0,0,0,5,1,0,false
c:\Users\arthur.menezes_evolu\Desktop\Pes\JKeyboardPanelSwitch\library\src\main\java\cn\dreamtobe\kpswitch\handler\KPSwitchPanelLayoutHandler.java,cn.dreamtobe.kpswitch.handler.KPSwitchPanelLayoutHandler,handleHide/0,false,180,0,3,3,0,1,0,3,0,0,0,0,0,0,0,0,0,0,0,0,1,0,0,0,0,0,3,1,0,true
c:\Users\arthur.menezes_evolu\Desktop\Pes\JKeyboardPanelSwitch\library\src\main\java\cn\dreamtobe\kpswitch\handler\KPSwitchPanelLayoutHandler.java,cn.dreamtobe.kpswitch.handler.KPSwitchPanelLayoutHandler,resetToRecommendPanelHeight/1[int],false,189,1,4,3,1,2,1,6,1,0,1,1,0,0,0,0,0,0,0,0,0,0,1,0,0,0,18,1,0,true
c:\Users\arthur.menezes_evolu\Desktop\Pes\JKeyboardPanelSwitch\library\src\main\java\cn\dreamtobe\kpswitch\handler\KPSwitchPanelLayoutHandler.java,cn.dreamtobe.kpswitch.handler.KPSwitchPanelLayoutHandler,setIsKeyboardShowing/1[boolean],false,154,0,3,3,0,1,0,3,0,0,1,0,0,0,0,0,0,0,0,0,1,0,0,0,0,0,6,1,0,false
c:\Users\arthur.menezes_evolu\Desktop\Pes\JKeyboardPanelSwitch\library\src\main\java\cn\dreamtobe\kpswitch\handler\KPSwitchPanelLayoutHandler.java,cn.dreamtobe.kpswitch.handler.KPSwitchPanelLayoutHandler,isVisible/0,false,165,0,3,3,0,1,0,3,1,0,0,0,0,0,0,0,0,0,0,0,0,0,0,0,0,0,5,1,0,false
c:\Users\arthur.menezes_evolu\Desktop\Pes\JKeyboardPanelSwitch\app\src\main\java\cn\dreamtobe\kpswitch\demo\activity\ChattingResolvedHandleByPlaceholderActivity.java,cn.dreamtobe.kpswitch.demo.activity.ChattingResolvedHandleByPlaceholderActivity$Anonymous1,"onClickSwitch/2[cn.dreamtobe.kpswitch.demo.activity.View,boolean]",false,75,1,0,0,0,2,2,8,0,0,2,2,0,0,0,0,0,0,0,0,0,0,1,0,0,0,7,1,0,false
c:\Users\arthur.menezes_evolu\Desktop\Pes\JKeyboardPanelSwitch\library\src\main\java\cn\dreamtobe\kpswitch\util\KPSwitchConflictUtil.java,cn.dreamtobe.kpswitch.util.KPSwitchConflictUtil,showPanel/1[cn.dreamtobe.kpswitch.util.View],false,187,3,3,2,1,2,4,7,0,1,1,4,0,0,0,1,0,0,0,0,1,0,1,0,0,0,23,9,0,true
c:\Users\arthur.menezes_evolu\Desktop\Pes\JKeyboardPanelSwitch\library\src\main\java\cn\dreamtobe\kpswitch\util\KPSwitchConflictUtil.java,cn.dreamtobe.kpswitch.util.KPSwitchConflictUtil,"attach/3[cn.dreamtobe.kpswitch.util.View,cn.dreamtobe.kpswitch.util.View,cn.dreamtobe.kpswitch.util.View]",false,52,2,1,0,1,1,1,3,0,0,3,1,1,3,0,0,0,0,0,0,0,0,0,0,0,0,3,9,0,true
c:\Users\arthur.menezes_evolu\Desktop\Pes\JKeyboardPanelSwitch\library\src\main\java\cn\dreamtobe\kpswitch\util\KPSwitchConflictUtil.java,cn.dreamtobe.kpswitch.util.KPSwitchConflictUtil,"showKeyboard/2[cn.dreamtobe.kpswitch.util.View,cn.dreamtobe.kpswitch.util.View]",false,202,4,4,2,2,3,4,10,0,1,2,4,1,2,0,0,0,0,0,0,1,0,1,0,0,0,31,9,0,true
c:\Users\arthur.menezes_evolu\Desktop\Pes\JKeyboardPanelSwitch\library\src\main\java\cn\dreamtobe\kpswitch\util\KPSwitchConflictUtil.java,cn.dreamtobe.kpswitch.util.KPSwitchConflictUtil,"switchPanelAndKeyboard/2[cn.dreamtobe.kpswitch.util.View,cn.dreamtobe.kpswitch.util.View]",false,227,2,3,1,2,3,3,10,1,1,2,3,2,3,0,1,0,0,0,0,1,0,1,0,0,0,32,9,0,true
c:\Users\arthur.menezes_evolu\Desktop\Pes\JKeyboardPanelSwitch\library\src\main\java\cn\dreamtobe\kpswitch\util\KPSwitchConflictUtil.java,cn.dreamtobe.kpswitch.util.KPSwitchConflictUtil,"isHandleByPlaceholder/3[boolean,boolean,boolean]",false,279,0,3,3,0,1,0,3,1,0,3,0,0,0,0,0,0,1,0,0,0,0,0,0,0,0,34,9,0,true
c:\Users\arthur.menezes_evolu\Desktop\Pes\JKeyboardPanelSwitch\library\src\main\java\cn\dreamtobe\kpswitch\util\KPSwitchConflictUtil.java,cn.dreamtobe.kpswitch.util.KPSwitchConflictUtil,"bindSubPanel/5[cn.dreamtobe.kpswitch.util.KPSwitchConflictUtil.SubPanelAndTrigger,cn.dreamtobe.kpswitch.util.KPSwitchConflictUtil.SubPanelAndTrigger[],cn.dreamtobe.kpswitch.util.View,cn.dreamtobe.kpswitch.util.View,cn.dreamtobe.kpswitch.util.KPSwitchConflictUtil.SwitchClickListener]",false,291,3,1,1,0,1,1,27,0,2,5,1,0,0,0,0,0,0,0,0,2,0,0,1,0,0,23,10,0,false
c:\Users\arthur.menezes_evolu\Desktop\Pes\JKeyboardPanelSwitch\library\src\main\java\cn\dreamtobe\kpswitch\util\KPSwitchConflictUtil.java,cn.dreamtobe.kpswitch.util.KPSwitchConflictUtil,"attach/3[cn.dreamtobe.kpswitch.util.View,cn.dreamtobe.kpswitch.util.View,cn.dreamtobe.kpswitch.util.KPSwitchConflictUtil.SubPanelAndTrigger[]]",false,115,3,1,0,1,1,1,3,0,0,3,1,1,3,0,0,0,0,0,0,0,0,0,0,0,0,9,9,0,true
c:\Users\arthur.menezes_evolu\Desktop\Pes\JKeyboardPanelSwitch\library\src\main\java\cn\dreamtobe\kpswitch\util\KPSwitchConflictUtil.java,cn.dreamtobe.kpswitch.util.KPSwitchConflictUtil,isHandleByPlaceholder/1[cn.dreamtobe.kpswitch.util.Activity],false,283,3,7,3,4,1,4,3,1,0,1,4,1,1,0,0,0,0,0,0,0,0,0,0,0,0,6,8,0,false
c:\Users\arthur.menezes_evolu\Desktop\Pes\JKeyboardPanelSwitch\library\src\main\java\cn\dreamtobe\kpswitch\util\KPSwitchConflictUtil.java,cn.dreamtobe.kpswitch.util.KPSwitchConflictUtil,"showBoundTriggerSubPanel/2[cn.dreamtobe.kpswitch.util.View,cn.dreamtobe.kpswitch.util.KPSwitchConflictUtil.SubPanelAndTrigger[]]",false,333,2,1,1,0,3,1,8,0,0,2,1,0,0,1,1,0,0,0,0,0,0,2,0,0,0,11,10,0,false
c:\Users\arthur.menezes_evolu\Desktop\Pes\JKeyboardPanelSwitch\library\src\main\java\cn\dreamtobe\kpswitch\util\KPSwitchConflictUtil.java,cn.dreamtobe.kpswitch.util.KPSwitchConflictUtil,hidePanelAndKeyboard/1[cn.dreamtobe.kpswitch.util.View],false,243,3,5,4,1,2,5,9,0,2,1,5,0,0,0,1,0,0,0,0,2,0,1,0,0,0,16,9,0,true
c:\Users\arthur.menezes_evolu\Desktop\Pes\JKeyboardPanelSwitch\library\src\main\java\cn\dreamtobe\kpswitch\util\KPSwitchConflictUtil.java,cn.dreamtobe.kpswitch.util.KPSwitchConflictUtil,"attach/4[cn.dreamtobe.kpswitch.util.View,cn.dreamtobe.kpswitch.util.View,cn.dreamtobe.kpswitch.util.View,cn.dreamtobe.kpswitch.util.KPSwitchConflictUtil.SwitchClickListener]",false,77,4,5,4,1,3,4,25,0,1,4,4,1,2,0,1,0,0,0,0,1,0,1,2,0,0,72,9,0,true
c:\Users\arthur.menezes_evolu\Desktop\Pes\JKeyboardPanelSwitch\library\src\main\java\cn\dreamtobe\kpswitch\util\KPSwitchConflictUtil.java,cn.dreamtobe.kpswitch.util.KPSwitchConflictUtil,onMultiWindowModeChanged/1[boolean],false,344,0,3,3,0,1,0,3,0,0,1,0,0,0,0,0,0,0,0,0,1,0,0,0,0,0,9,9,0,false
c:\Users\arthur.menezes_evolu\Desktop\Pes\JKeyboardPanelSwitch\library\src\main\java\cn\dreamtobe\kpswitch\util\KPSwitchConflictUtil.java,cn.dreamtobe.kpswitch.util.KPSwitchConflictUtil,"attach/4[cn.dreamtobe.kpswitch.util.View,cn.dreamtobe.kpswitch.util.View,cn.dreamtobe.kpswitch.util.KPSwitchConflictUtil.SwitchClickListener,cn.dreamtobe.kpswitch.util.KPSwitchConflictUtil.SubPanelAndTrigger[]]",false,134,5,3,1,2,3,4,17,0,1,4,4,2,2,1,0,0,0,0,0,1,0,1,1,0,0,62,9,0,true
c:\Users\arthur.menezes_evolu\Desktop\Pes\JKeyboardPanelSwitch\app\src\main\java\cn\dreamtobe\kpswitch\demo\activity\ChattingResolvedFragmentActivity.java,cn.dreamtobe.kpswitch.demo.activity.ChattingResolvedFragmentActivity$Anonymous1,onKeyboardShowing/1[boolean],false,102,0,0,0,0,2,2,3,0,0,1,2,0,0,0,0,0,0,3,0,0,0,0,0,0,0,4,1,0,false
c:\Users\arthur.menezes_evolu\Desktop\Pes\JKeyboardPanelSwitch\app\src\main\java\cn\dreamtobe\kpswitch\demo\activity\ChattingResolvedFragmentActivity.java,cn.dreamtobe.kpswitch.demo.activity.ChattingResolvedFragmentActivity$Anonymous2,"onClickSwitch/2[cn.dreamtobe.kpswitch.demo.activity.View,boolean]",false,111,1,0,0,0,2,2,8,0,0,2,2,0,0,0,0,0,0,0,0,0,0,1,0,0,0,7,1,0,false
c:\Users\arthur.menezes_evolu\Desktop\Pes\JKeyboardPanelSwitch\app\src\main\java\cn\dreamtobe\kpswitch\demo\activity\ChattingUnresolvedActivity.java,cn.dreamtobe.kpswitch.demo.activity.ChattingUnresolvedActivity$Anonymous1,onClick/1[cn.dreamtobe.kpswitch.demo.activity.View],false,57,2,1,0,1,1,1,3,0,0,1,1,0,0,0,0,0,0,0,0,0,0,0,0,0,0,6,1,0,false
c:\Users\arthur.menezes_evolu\Desktop\Pes\JKeyboardPanelSwitch\app\src\main\java\cn\dreamtobe\kpswitch\demo\activity\ChattingUnresolvedActivity.java,cn.dreamtobe.kpswitch.demo.activity.ChattingUnresolvedActivity$Anonymous2,"onFocusChange/2[cn.dreamtobe.kpswitch.demo.activity.View,boolean]",false,66,1,0,0,0,2,1,5,0,0,2,1,0,0,0,0,0,0,0,0,0,0,1,0,0,0,5,1,0,false
c:\Users\arthur.menezes_evolu\Desktop\Pes\JKeyboardPanelSwitch\library\src\main\java\cn\dreamtobe\kpswitch\handler\KPSwitchFSPanelLayoutHandler.java,cn.dreamtobe.kpswitch.handler.KPSwitchFSPanelLayoutHandler,saveFocusView/1[cn.dreamtobe.kpswitch.handler.View],false,66,1,1,1,0,1,2,5,0,0,1,2,0,0,0,0,0,0,0,0,1,0,0,0,0,0,5,2,0,false
c:\Users\arthur.menezes_evolu\Desktop\Pes\JKeyboardPanelSwitch\library\src\main\java\cn\dreamtobe\kpswitch\handler\KPSwitchFSPanelLayoutHandler.java,cn.dreamtobe.kpswitch.handler.KPSwitchFSPanelLayoutHandler,restoreFocusView/0,false,72,1,2,1,1,1,2,4,0,0,0,2,0,0,0,0,0,0,0,0,0,0,0,0,0,0,4,2,0,false
c:\Users\arthur.menezes_evolu\Desktop\Pes\JKeyboardPanelSwitch\library\src\main\java\cn\dreamtobe\kpswitch\handler\KPSwitchFSPanelLayoutHandler.java,cn.dreamtobe.kpswitch.handler.KPSwitchFSPanelLayoutHandler,onKeyboardShowing/1[boolean],false,38,1,4,3,1,5,3,10,0,0,1,3,1,1,0,2,0,0,0,0,2,0,1,0,0,0,10,1,0,false
c:\Users\arthur.menezes_evolu\Desktop\Pes\JKeyboardPanelSwitch\library\src\main\java\cn\dreamtobe\kpswitch\handler\KPSwitchFSPanelLayoutHandler.java,cn.dreamtobe.kpswitch.handler.KPSwitchFSPanelLayoutHandler,KPSwitchFSPanelLayoutHandler/1[cn.dreamtobe.kpswitch.handler.View],true,34,1,3,3,0,1,0,3,0,0,1,0,0,0,0,0,0,0,0,0,1,0,0,0,0,0,10,1,0,false
c:\Users\arthur.menezes_evolu\Desktop\Pes\JKeyboardPanelSwitch\library\src\main\java\cn\dreamtobe\kpswitch\handler\KPSwitchFSPanelLayoutHandler.java,cn.dreamtobe.kpswitch.handler.KPSwitchFSPanelLayoutHandler,recordKeyboardStatus/1[cn.dreamtobe.kpswitch.handler.Window],false,51,3,4,3,1,3,3,12,1,1,1,3,1,1,0,1,0,0,0,0,1,0,1,0,0,0,12,1,0,false
c:\Users\arthur.menezes_evolu\Desktop\Pes\JKeyboardPanelSwitch\app\src\main\java\cn\dreamtobe\kpswitch\demo\activity\ChattingUnresolvedActivity.java,cn.dreamtobe.kpswitch.demo.activity.ChattingUnresolvedActivity$Anonymous3,"onTouch/2[cn.dreamtobe.kpswitch.demo.activity.View,cn.dreamtobe.kpswitch.demo.activity.MotionEvent]",false,75,3,2,0,2,2,3,7,1,0,2,3,0,0,0,1,0,0,0,0,0,0,1,0,0,0,8,1,0,false
c:\Users\arthur.menezes_evolu\Desktop\Pes\JKeyboardPanelSwitch\app\src\main\java\cn\dreamtobe\kpswitch\demo\activity\ChattingResolvedFragmentActivity.java,cn.dreamtobe.kpswitch.demo.activity.ChattingResolvedFragmentActivity$Anonymous3,onClick/1[cn.dreamtobe.kpswitch.demo.activity.View],false,122,3,1,0,1,1,1,3,0,0,1,1,0,0,0,0,0,0,0,0,0,0,0,0,0,0,7,1,0,false
c:\Users\arthur.menezes_evolu\Desktop\Pes\JKeyboardPanelSwitch\library\src\main\java\cn\dreamtobe\kpswitch\widget\KPSwitchFSPanelLinearLayout.java,cn.dreamtobe.kpswitch.widget.KPSwitchFSPanelLinearLayout,"KPSwitchFSPanelLinearLayout/3[cn.dreamtobe.kpswitch.widget.Context,cn.dreamtobe.kpswitch.widget.AttributeSet,int]",true,60,4,1,0,1,1,1,4,0,0,3,1,1,1,0,0,0,0,0,0,0,0,0,0,0,0,13,1,0,false
c:\Users\arthur.menezes_evolu\Desktop\Pes\JKeyboardPanelSwitch\library\src\main\java\cn\dreamtobe\kpswitch\widget\KPSwitchFSPanelLinearLayout.java,cn.dreamtobe.kpswitch.widget.KPSwitchFSPanelLinearLayout,recordKeyboardStatus/1[cn.dreamtobe.kpswitch.widget.Window],false,88,2,2,1,1,1,1,3,0,0,1,1,0,0,0,0,0,0,0,0,0,0,0,0,0,0,5,1,0,false
c:\Users\arthur.menezes_evolu\Desktop\Pes\JKeyboardPanelSwitch\library\src\main\java\cn\dreamtobe\kpswitch\widget\KPSwitchFSPanelLinearLayout.java,cn.dreamtobe.kpswitch.widget.KPSwitchFSPanelLinearLayout,init/0,false,72,1,5,4,1,1,0,3,0,0,0,0,0,0,0,0,0,0,0,0,1,0,0,0,0,0,10,2,0,false
c:\Users\arthur.menezes_evolu\Desktop\Pes\JKeyboardPanelSwitch\library\src\main\java\cn\dreamtobe\kpswitch\widget\KPSwitchFSPanelLinearLayout.java,cn.dreamtobe.kpswitch.widget.KPSwitchFSPanelLinearLayout,"KPSwitchFSPanelLinearLayout/4[cn.dreamtobe.kpswitch.widget.Context,cn.dreamtobe.kpswitch.widget.AttributeSet,int,int]",true,67,4,1,0,1,1,1,4,0,0,4,1,1,1,0,0,0,0,0,0,0,0,0,0,0,0,13,1,0,false
c:\Users\arthur.menezes_evolu\Desktop\Pes\JKeyboardPanelSwitch\library\src\main\java\cn\dreamtobe\kpswitch\widget\KPSwitchFSPanelLinearLayout.java,cn.dreamtobe.kpswitch.widget.KPSwitchFSPanelLinearLayout,KPSwitchFSPanelLinearLayout/1[cn.dreamtobe.kpswitch.widget.Context],true,49,2,1,0,1,1,1,4,0,0,1,1,1,1,0,0,0,0,0,0,0,0,0,0,0,0,11,1,0,false
c:\Users\arthur.menezes_evolu\Desktop\Pes\JKeyboardPanelSwitch\library\src\main\java\cn\dreamtobe\kpswitch\widget\KPSwitchFSPanelLinearLayout.java,cn.dreamtobe.kpswitch.widget.KPSwitchFSPanelLinearLayout,"KPSwitchFSPanelLinearLayout/2[cn.dreamtobe.kpswitch.widget.Context,cn.dreamtobe.kpswitch.widget.AttributeSet]",true,54,3,1,0,1,1,1,4,0,0,2,1,1,1,0,0,0,0,0,0,0,0,0,0,0,0,11,1,0,false
c:\Users\arthur.menezes_evolu\Desktop\Pes\JKeyboardPanelSwitch\library\src\main\java\cn\dreamtobe\kpswitch\widget\KPSwitchFSPanelLinearLayout.java,cn.dreamtobe.kpswitch.widget.KPSwitchFSPanelLinearLayout,refreshHeight/1[int],false,77,1,1,0,1,1,1,3,0,0,1,1,0,0,0,0,0,0,0,0,0,0,0,0,0,0,3,1,0,false
c:\Users\arthur.menezes_evolu\Desktop\Pes\JKeyboardPanelSwitch\library\src\main\java\cn\dreamtobe\kpswitch\widget\KPSwitchFSPanelLinearLayout.java,cn.dreamtobe.kpswitch.widget.KPSwitchFSPanelLinearLayout,onKeyboardShowing/1[boolean],false,82,1,1,0,1,1,1,3,0,0,1,1,0,0,0,0,0,0,0,0,0,0,0,0,0,0,4,1,0,false
c:\Users\arthur.menezes_evolu\Desktop\Pes\JKeyboardPanelSwitch\app\src\main\java\cn\dreamtobe\kpswitch\demo\activity\ChattingResolvedFragmentActivity.java,cn.dreamtobe.kpswitch.demo.activity.ChattingResolvedFragmentActivity$Anonymous4,"onTouch/2[cn.dreamtobe.kpswitch.demo.activity.View,cn.dreamtobe.kpswitch.demo.activity.MotionEvent]",false,133,3,2,0,2,2,2,6,1,0,2,2,0,0,0,1,0,0,0,0,0,0,1,0,0,0,9,1,0,false
c:\Users\arthur.menezes_evolu\Desktop\Pes\JKeyboardPanelSwitch\library\src\main\java\cn\dreamtobe\kpswitch\util\KPSwitchConflictUtil.java,cn.dreamtobe.kpswitch.util.KPSwitchConflictUtil$Anonymous2,"onTouch/2[cn.dreamtobe.kpswitch.util.View,cn.dreamtobe.kpswitch.util.MotionEvent]",false,95,2,0,0,0,2,2,6,1,0,2,2,0,0,0,1,0,0,0,0,0,0,1,0,0,0,5,1,0,false
c:\Users\arthur.menezes_evolu\Desktop\Pes\JKeyboardPanelSwitch\library\src\main\java\cn\dreamtobe\kpswitch\util\KPSwitchConflictUtil.java,cn.dreamtobe.kpswitch.util.KPSwitchConflictUtil$Anonymous1,onClick/1[cn.dreamtobe.kpswitch.util.View],false,83,3,5,0,5,2,2,6,0,1,1,2,0,0,0,1,0,0,0,0,1,0,1,0,0,0,11,1,0,false
c:\Users\arthur.menezes_evolu\Desktop\Pes\JKeyboardPanelSwitch\library\src\main\java\cn\dreamtobe\kpswitch\util\KPSwitchConflictUtil.java,cn.dreamtobe.kpswitch.util.KPSwitchConflictUtil$Anonymous4,onClick/1[cn.dreamtobe.kpswitch.util.View],false,298,3,5,0,5,5,5,20,0,1,1,5,0,0,0,4,0,0,0,0,3,0,2,0,0,0,18,1,0,false
c:\Users\arthur.menezes_evolu\Desktop\Pes\JKeyboardPanelSwitch\library\src\main\java\cn\dreamtobe\kpswitch\util\KeyboardUtil.java,cn.dreamtobe.kpswitch.util.KeyboardUtil,"attach/3[cn.dreamtobe.kpswitch.util.Activity,cn.dreamtobe.kpswitch.IPanelHeightTarget,cn.dreamtobe.kpswitch.util.KeyboardUtil.OnKeyboardShowingListener]",false,165,11,7,3,4,2,10,19,1,8,3,10,0,0,0,0,0,0,0,0,9,0,1,0,0,0,51,9,0,true
c:\Users\arthur.menezes_evolu\Desktop\Pes\JKeyboardPanelSwitch\library\src\main\java\cn\dreamtobe\kpswitch\util\KeyboardUtil.java,cn.dreamtobe.kpswitch.util.KeyboardUtil,getKeyboardHeight/1[cn.dreamtobe.kpswitch.util.Context],false,90,3,3,1,2,2,3,6,1,0,1,3,1,1,0,1,0,0,0,1,1,0,1,0,0,0,19,9,0,true
c:\Users\arthur.menezes_evolu\Desktop\Pes\JKeyboardPanelSwitch\library\src\main\java\cn\dreamtobe\kpswitch\util\KeyboardUtil.java,cn.dreamtobe.kpswitch.util.KeyboardUtil,showKeyboard/1[cn.dreamtobe.kpswitch.util.View],false,49,2,2,2,0,1,4,5,0,1,1,4,0,0,0,0,0,0,0,1,1,0,0,0,0,0,8,9,0,false
c:\Users\arthur.menezes_evolu\Desktop\Pes\JKeyboardPanelSwitch\library\src\main\java\cn\dreamtobe\kpswitch\util\KeyboardUtil.java,cn.dreamtobe.kpswitch.util.KeyboardUtil,hideKeyboard/1[cn.dreamtobe.kpswitch.util.View],false,57,2,2,2,0,1,4,4,0,1,1,4,0,0,0,0,0,0,0,1,1,0,0,0,0,0,8,9,0,false
c:\Users\arthur.menezes_evolu\Desktop\Pes\JKeyboardPanelSwitch\library\src\main\java\cn\dreamtobe\kpswitch\util\KeyboardUtil.java,cn.dreamtobe.kpswitch.util.KeyboardUtil,getMinPanelHeight/1[cn.dreamtobe.kpswitch.util.Resources],false,134,1,2,2,0,2,1,6,1,0,1,1,0,0,0,1,0,0,0,1,1,0,1,0,0,0,7,9,0,false
c:\Users\arthur.menezes_evolu\Desktop\Pes\JKeyboardPanelSwitch\library\src\main\java\cn\dreamtobe\kpswitch\util\KeyboardUtil.java,cn.dreamtobe.kpswitch.util.KeyboardUtil,getMaxPanelHeight/1[cn.dreamtobe.kpswitch.util.Resources],false,126,1,1,1,0,2,1,6,1,0,1,1,0,0,0,1,0,0,0,1,1,0,1,0,0,0,7,9,0,false
c:\Users\arthur.menezes_evolu\Desktop\Pes\JKeyboardPanelSwitch\library\src\main\java\cn\dreamtobe\kpswitch\util\KeyboardUtil.java,cn.dreamtobe.kpswitch.util.KeyboardUtil,"attach/2[cn.dreamtobe.kpswitch.util.Activity,cn.dreamtobe.kpswitch.IPanelHeightTarget]",false,200,4,2,1,1,1,1,3,1,0,2,1,1,1,0,0,0,0,0,0,0,0,0,0,0,0,3,9,0,true
c:\Users\arthur.menezes_evolu\Desktop\Pes\JKeyboardPanelSwitch\library\src\main\java\cn\dreamtobe\kpswitch\util\KeyboardUtil.java,cn.dreamtobe.kpswitch.util.KeyboardUtil,getValidPanelHeight/1[cn.dreamtobe.kpswitch.util.Context],false,110,2,5,2,3,1,6,8,1,3,1,6,3,2,0,0,0,0,0,0,5,0,0,0,0,0,32,9,0,true
c:\Users\arthur.menezes_evolu\Desktop\Pes\JKeyboardPanelSwitch\library\src\main\java\cn\dreamtobe\kpswitch\util\KeyboardUtil.java,cn.dreamtobe.kpswitch.util.KeyboardUtil,getMinKeyboardHeight/1[cn.dreamtobe.kpswitch.util.Context],false,142,1,3,3,0,2,2,6,1,0,1,2,0,0,0,1,0,0,0,1,1,0,1,0,0,0,7,9,0,false
c:\Users\arthur.menezes_evolu\Desktop\Pes\JKeyboardPanelSwitch\library\src\main\java\cn\dreamtobe\kpswitch\util\KeyboardUtil.java,cn.dreamtobe.kpswitch.util.KeyboardUtil,"saveKeyboardHeight/2[cn.dreamtobe.kpswitch.util.Context,int]",false,67,2,2,1,1,3,3,11,3,0,2,3,0,0,0,1,0,0,2,1,1,0,1,0,0,0,8,10,0,false
c:\Users\arthur.menezes_evolu\Desktop\Pes\JKeyboardPanelSwitch\library\src\main\java\cn\dreamtobe\kpswitch\util\KeyboardUtil.java,cn.dreamtobe.kpswitch.util.KeyboardUtil,"detach/2[cn.dreamtobe.kpswitch.util.Activity,ViewTreeObserver.OnGlobalLayoutListener]",false,211,4,0,0,0,2,4,9,0,1,2,4,0,0,0,0,0,0,0,0,1,0,1,0,0,0,22,9,0,true
c:\Users\arthur.menezes_evolu\Desktop\Pes\JKeyboardPanelSwitch\library\src\main\java\cn\dreamtobe\kpswitch\util\KPSwitchConflictUtil.java,cn.dreamtobe.kpswitch.util.KPSwitchConflictUtil$Anonymous3,"onTouch/2[cn.dreamtobe.kpswitch.util.View,cn.dreamtobe.kpswitch.util.MotionEvent]",false,146,2,0,0,0,2,2,6,1,0,2,2,0,0,0,1,0,0,0,0,0,0,1,0,0,0,5,1,0,false
c:\Users\arthur.menezes_evolu\Desktop\Pes\JKeyboardPanelSwitch\library\src\main\java\cn\dreamtobe\kpswitch\util\StatusBarHeightUtil.java,cn.dreamtobe.kpswitch.util.StatusBarHeightUtil,getStatusBarHeight/1[cn.dreamtobe.kpswitch.util.Context],false,35,1,3,3,0,3,5,11,1,1,1,5,0,0,0,0,0,0,2,1,3,0,2,0,0,0,13,41,0,false
c:\Users\arthur.menezes_evolu\Desktop\Pes\JKeyboardPanelSwitch\library\src\main\java\cn\dreamtobe\kpswitch\widget\KPSwitchPanelFrameLayout.java,cn.dreamtobe.kpswitch.widget.KPSwitchPanelFrameLayout,KPSwitchPanelFrameLayout/1[cn.dreamtobe.kpswitch.widget.Context],true,46,2,1,0,1,1,1,4,0,0,1,1,1,1,0,0,0,0,0,0,0,0,0,0,0,0,10,1,0,false
c:\Users\arthur.menezes_evolu\Desktop\Pes\JKeyboardPanelSwitch\library\src\main\java\cn\dreamtobe\kpswitch\widget\KPSwitchPanelFrameLayout.java,cn.dreamtobe.kpswitch.widget.KPSwitchPanelFrameLayout,setIgnoreRecommendHeight/1[boolean],false,109,1,1,0,1,1,1,3,0,0,1,1,0,0,0,0,0,0,0,0,0,0,0,0,0,0,5,1,0,false
c:\Users\arthur.menezes_evolu\Desktop\Pes\JKeyboardPanelSwitch\library\src\main\java\cn\dreamtobe\kpswitch\widget\KPSwitchPanelFrameLayout.java,cn.dreamtobe.kpswitch.widget.KPSwitchPanelFrameLayout,onKeyboardShowing/1[boolean],false,119,1,1,0,1,1,1,3,0,0,1,1,0,0,0,0,0,0,0,0,0,0,0,0,0,0,4,1,0,false
c:\Users\arthur.menezes_evolu\Desktop\Pes\JKeyboardPanelSwitch\library\src\main\java\cn\dreamtobe\kpswitch\widget\KPSwitchPanelFrameLayout.java,cn.dreamtobe.kpswitch.widget.KPSwitchPanelFrameLayout,"KPSwitchPanelFrameLayout/3[cn.dreamtobe.kpswitch.widget.Context,cn.dreamtobe.kpswitch.widget.AttributeSet,int]",true,56,3,1,0,1,1,1,4,0,0,3,1,1,1,0,0,0,0,0,0,0,0,0,0,0,0,12,1,0,false
c:\Users\arthur.menezes_evolu\Desktop\Pes\JKeyboardPanelSwitch\library\src\main\java\cn\dreamtobe\kpswitch\widget\KPSwitchPanelFrameLayout.java,cn.dreamtobe.kpswitch.widget.KPSwitchPanelFrameLayout,isKeyboardShowing/0,false,89,1,1,0,1,1,1,3,1,0,0,1,0,0,0,0,0,0,0,0,0,0,0,0,0,0,3,1,0,false
c:\Users\arthur.menezes_evolu\Desktop\Pes\JKeyboardPanelSwitch\library\src\main\java\cn\dreamtobe\kpswitch\widget\KPSwitchPanelFrameLayout.java,cn.dreamtobe.kpswitch.widget.KPSwitchPanelFrameLayout,init/1[cn.dreamtobe.kpswitch.widget.AttributeSet],false,68,2,5,4,1,1,0,3,0,0,1,0,0,0,0,0,0,0,0,0,1,0,0,0,0,0,11,2,0,false
c:\Users\arthur.menezes_evolu\Desktop\Pes\JKeyboardPanelSwitch\library\src\main\java\cn\dreamtobe\kpswitch\widget\KPSwitchPanelFrameLayout.java,cn.dreamtobe.kpswitch.widget.KPSwitchPanelFrameLayout,"onMeasure/2[int,int]",false,81,2,1,0,1,1,2,4,0,1,2,2,0,0,0,0,0,0,0,2,1,0,0,0,0,0,7,4,0,false
c:\Users\arthur.menezes_evolu\Desktop\Pes\JKeyboardPanelSwitch\library\src\main\java\cn\dreamtobe\kpswitch\widget\KPSwitchPanelFrameLayout.java,cn.dreamtobe.kpswitch.widget.KPSwitchPanelFrameLayout,"KPSwitchPanelFrameLayout/2[cn.dreamtobe.kpswitch.widget.Context,cn.dreamtobe.kpswitch.widget.AttributeSet]",true,51,3,1,0,1,1,1,4,0,0,2,1,1,1,0,0,0,0,0,0,0,0,0,0,0,0,9,1,0,false
c:\Users\arthur.menezes_evolu\Desktop\Pes\JKeyboardPanelSwitch\library\src\main\java\cn\dreamtobe\kpswitch\widget\KPSwitchPanelFrameLayout.java,cn.dreamtobe.kpswitch.widget.KPSwitchPanelFrameLayout,handleHide/0,false,104,1,1,0,1,1,1,3,0,0,0,1,0,0,0,0,0,0,0,0,0,0,0,0,0,0,2,1,0,false
c:\Users\arthur.menezes_evolu\Desktop\Pes\JKeyboardPanelSwitch\library\src\main\java\cn\dreamtobe\kpswitch\widget\KPSwitchPanelFrameLayout.java,cn.dreamtobe.kpswitch.widget.KPSwitchPanelFrameLayout,isVisible/0,false,94,1,1,0,1,1,1,3,1,0,0,1,0,0,0,0,0,0,0,0,0,0,0,0,0,0,2,1,0,false
c:\Users\arthur.menezes_evolu\Desktop\Pes\JKeyboardPanelSwitch\library\src\main\java\cn\dreamtobe\kpswitch\widget\KPSwitchPanelFrameLayout.java,cn.dreamtobe.kpswitch.widget.KPSwitchPanelFrameLayout,"KPSwitchPanelFrameLayout/4[cn.dreamtobe.kpswitch.widget.Context,cn.dreamtobe.kpswitch.widget.AttributeSet,int,int]",true,63,4,1,0,1,1,1,4,0,0,4,1,1,1,0,0,0,0,0,0,0,0,0,0,0,0,12,1,0,false
c:\Users\arthur.menezes_evolu\Desktop\Pes\JKeyboardPanelSwitch\library\src\main\java\cn\dreamtobe\kpswitch\widget\KPSwitchPanelFrameLayout.java,cn.dreamtobe.kpswitch.widget.KPSwitchPanelFrameLayout,refreshHeight/1[int],false,114,1,1,0,1,1,1,3,0,0,1,1,0,0,0,0,0,0,0,0,0,0,0,0,0,0,3,1,0,false
c:\Users\arthur.menezes_evolu\Desktop\Pes\JKeyboardPanelSwitch\library\src\main\java\cn\dreamtobe\kpswitch\widget\KPSwitchPanelFrameLayout.java,cn.dreamtobe.kpswitch.widget.KPSwitchPanelFrameLayout,handleShow/0,false,99,0,0,0,0,1,1,3,0,0,0,1,0,0,0,0,0,0,0,0,0,0,0,0,0,0,2,1,0,false
c:\Users\arthur.menezes_evolu\Desktop\Pes\JKeyboardPanelSwitch\library\src\main\java\cn\dreamtobe\kpswitch\widget\KPSwitchPanelFrameLayout.java,cn.dreamtobe.kpswitch.widget.KPSwitchPanelFrameLayout,setVisibility/1[int],false,73,1,1,0,1,2,2,6,1,0,1,2,0,0,0,0,0,0,0,0,0,0,1,0,0,0,3,1,0,false
