file,class,type,cbo,cboModified,fanin,fanout,wmc,dit,noc,rfc,lcom,lcom*,tcc,lcc,totalMethodsQty,staticMethodsQty,publicMethodsQty,privateMethodsQty,protectedMethodsQty,defaultMethodsQty,visibleMethodsQty,abstractMethodsQty,finalMethodsQty,synchronizedMethodsQty,totalFieldsQty,staticFieldsQty,publicFieldsQty,privateFieldsQty,protectedFieldsQty,defaultFieldsQty,finalFieldsQty,synchronizedFieldsQty,nosi,loc,returnQty,loopQty,comparisonsQty,tryCatchQty,parenthesizedExpsQty,stringLiteralsQty,numbersQty,assignmentsQty,mathOperationsQty,variablesQty,maxNestedBlocksQty,anonymousClassesQty,innerClassesQty,lambdasQty,uniqueWordsQty,modifiers,logStatementsQty
c:\Users\arthur.menezes_evolu\Desktop\Pes\views-widgets-samples\ConstraintLayoutExamples\CycleEditor\src\com\google\androidstudio\motionlayoutcycles\LinearInterpolator.java,com.google.androidstudio.motionlayoutcycles.LinearInterpolator,class,3,4,1,3,39,2,0,0,0,0.3809524,0.0,0.0,7,0,6,0,0,1,7,0,0,0,3,1,0,3,0,0,1,0,0,144,15,14,3,0,12,1,63,60,61,47,3,0,0,0,34,1,0
c:\Users\arthur.menezes_evolu\Desktop\Pes\views-widgets-samples\ConstraintLayoutExamples\motionlayout\src\main\java\com\google\androidstudio\motionlayoutexample\utils\TouchFrameLayout.java,com.google.androidstudio.motionlayoutexample.utils.TouchFrameLayout,class,9,10,1,9,9,2,0,7,36,0.0,0.0,0.0,9,0,9,0,0,0,9,0,0,0,0,0,0,0,0,0,0,0,0,29,2,0,0,0,0,0,0,0,0,0,0,0,0,0,25,1,0
c:\Users\arthur.menezes_evolu\Desktop\Pes\views-widgets-samples\RecyclerView\Application\src\main\java\com\example\android\recyclerview\CustomAdapter.java,com.example.android.recyclerview.CustomAdapter,class,6,7,1,6,4,2,0,6,0,0.5,0.0,0.0,4,0,4,0,0,0,4,0,0,0,2,1,0,2,0,0,1,0,1,34,2,0,0,0,0,3,0,3,1,3,0,0,1,0,37,1,0
c:\Users\arthur.menezes_evolu\Desktop\Pes\views-widgets-samples\SwipeRefreshLayoutBasic\Application\tests\src\com\example\android\swiperefreshlayoutbasic\tests\SampleTests.java,com.example.android.swiperefreshlayoutbasic.tests.SampleTests,class,4,4,0,4,5,2,0,16,0,0.4,0.0,0.0,5,0,4,0,1,0,5,0,0,0,3,0,0,3,0,0,0,0,1,32,0,0,0,0,0,3,4,3,1,3,0,1,0,0,45,1,0
c:\Users\arthur.menezes_evolu\Desktop\Pes\views-widgets-samples\AnimationsInterpolatorPlayground\app\src\main\java\com\example\android\interpolatorplayground\MainActivity.java,com.example.android.interpolatorplayground.MainActivity,class,25,27,2,25,20,2,0,39,0,0.6296297,0.0,0.0,9,0,2,6,1,0,3,0,0,0,6,0,0,2,0,4,0,0,1,235,2,0,0,2,1,29,43,48,6,43,2,6,0,0,210,1,0
c:\Users\arthur.menezes_evolu\Desktop\Pes\views-widgets-samples\MultiWindowPlayground\Application\src\main\java\com\android\multiwindowplayground\activities\UnresizableActivity.java,com.android.multiwindowplayground.activities.UnresizableActivity,class,2,3,1,2,1,3,0,4,0,0.0,NaN,NaN,1,0,0,0,1,0,1,0,0,0,0,0,0,0,0,0,0,0,0,8,0,0,0,0,0,0,0,0,0,0,0,0,0,0,35,1,0
c:\Users\arthur.menezes_evolu\Desktop\Pes\views-widgets-samples\RecyclerView\Application\src\main\java\com\example\android\recyclerview\CustomAdapter.java,com.example.android.recyclerview.CustomAdapter$ViewHolder$Anonymous1,anonymous,2,2,0,2,1,1,0,2,0,0.0,NaN,NaN,1,0,1,0,0,0,1,0,0,0,0,0,0,0,0,0,0,0,1,5,0,0,0,0,0,2,0,0,1,0,0,0,0,0,7,-1,0
c:\Users\arthur.menezes_evolu\Desktop\Pes\views-widgets-samples\ConstraintLayoutExamples\CycleEditor\src\com\google\androidstudio\motionlayoutcycles\CycleSetModel.java,com.google.androidstudio.motionlayoutcycles.CycleSetModel$Cycle,innerclass,4,4,0,4,1,1,0,0,0,0.25,NaN,NaN,1,0,1,0,0,0,1,0,0,0,4,0,0,0,0,4,0,0,0,11,0,0,0,0,0,0,0,3,0,4,0,0,0,0,8,8,0
c:\Users\arthur.menezes_evolu\Desktop\Pes\views-widgets-samples\DataBindingDataBoundList\app\src\main\java\com\example\android\databoundlist\ButtonHandler.java,com.example.android.databoundlist.ButtonHandler,class,3,5,2,3,10,1,0,8,6,0.71875,0.0,0.0,8,1,7,1,0,0,7,0,0,0,4,2,1,3,0,0,4,0,4,36,1,0,0,0,2,32,3,6,3,6,1,0,0,0,55,1,0
c:\Users\arthur.menezes_evolu\Desktop\Pes\views-widgets-samples\SwipeRefreshLayoutBasic\Application\src\main\java\com\example\android\swiperefreshlayoutbasic\SwipeRefreshLayoutBasicFragment.java,com.example.android.swiperefreshlayoutbasic.SwipeRefreshLayoutBasicFragment$Anonymous1,anonymous,2,2,0,2,1,1,0,2,0,0.0,NaN,NaN,1,0,1,0,0,0,1,0,0,0,0,0,0,0,0,0,0,0,1,6,0,0,0,0,0,1,0,0,0,0,0,0,0,0,5,-1,0
c:\Users\arthur.menezes_evolu\Desktop\Pes\views-widgets-samples\RecyclerViewAnimations\app\src\main\java\examples\android\com\recyclerviewanimations\MainActivity.java,examples.android.com.recyclerviewanimations.MainActivity$MyChangeAnimator,innerclass,18,18,0,18,30,3,0,29,24,0.77777773,0.0,0.0,9,0,8,1,0,0,8,0,0,0,3,0,0,3,0,0,0,0,0,158,8,2,13,0,1,2,7,39,0,32,3,2,2,0,121,2,0
c:\Users\arthur.menezes_evolu\Desktop\Pes\views-widgets-samples\SwipeRefreshMultipleViews\Application\src\main\java\com\example\android\common\logger\LogView.java,LogView$Anonymous1,anonymous,1,1,0,1,1,1,0,2,0,0.0,NaN,NaN,1,0,1,0,0,0,1,0,0,0,0,0,0,0,0,0,0,0,0,5,0,0,0,0,0,0,0,0,0,0,0,0,0,0,4,-1,0
c:\Users\arthur.menezes_evolu\Desktop\Pes\views-widgets-samples\SwipeRefreshMultipleViews\Application\src\main\java\com\example\android\common\view\SlidingTabLayout.java,TabColorizer,interface,0,0,0,0,2,1,0,0,1,0.0,0.0,0.0,2,0,0,0,0,2,2,0,0,0,0,0,0,0,0,0,0,0,0,4,0,0,0,0,0,0,0,0,0,0,0,0,0,0,27,1,0
c:\Users\arthur.menezes_evolu\Desktop\Pes\views-widgets-samples\ConstraintLayoutExamples\CycleEditor\src\com\google\androidstudio\motionlayoutcycles\CycleView.java,com.google.androidstudio.motionlayoutcycles.CycleView,class,8,13,5,8,43,5,0,45,123,0.9291936,0.0,0.0,18,3,13,0,1,4,18,0,0,0,50,5,5,17,0,28,5,0,30,639,5,13,4,1,25,3,108,184,91,121,2,7,4,0,200,1,0
c:\Users\arthur.menezes_evolu\Desktop\Pes\views-widgets-samples\RecyclerViewAnimations\app\src\main\java\examples\android\com\recyclerviewanimations\MainActivity.java,examples.android.com.recyclerviewanimations.MainActivity$MyChangeAnimator$Anonymous4,anonymous,1,1,0,1,1,1,0,2,0,0.0,NaN,NaN,1,0,1,0,0,0,1,0,0,0,0,0,0,0,0,0,0,0,0,6,0,0,0,0,0,0,0,0,0,0,0,0,0,0,9,-1,0
c:\Users\arthur.menezes_evolu\Desktop\Pes\views-widgets-samples\DataBindingDataBoundList\app\src\main\java\com\example\android\databoundlist\User.java,com.example.android.databoundlist.User,class,2,4,2,2,5,2,0,1,0,0.4,0.0,0.0,5,0,5,0,0,0,5,0,0,0,2,0,0,2,0,0,0,0,0,22,2,0,0,0,0,0,0,4,0,2,0,0,0,0,25,1,0
c:\Users\arthur.menezes_evolu\Desktop\Pes\views-widgets-samples\RecyclerViewAnimations\app\src\main\java\examples\android\com\recyclerviewanimations\MainActivity.java,examples.android.com.recyclerviewanimations.MainActivity$MyChangeAnimator$Anonymous3,anonymous,1,1,0,1,4,1,0,1,1,0.33333334,0.0,0.0,3,0,3,0,0,0,3,0,0,0,1,0,0,0,0,1,0,0,0,14,0,0,0,0,0,0,0,2,0,1,1,0,0,0,14,-1,0
c:\Users\arthur.menezes_evolu\Desktop\Pes\views-widgets-samples\DataBindingDataBoundRecyclerView\app\src\main\java\com\example\android\databoundrecyclerview\MainActivity.java,com.example.android.databoundrecyclerview.MainActivity$CityAdapter,innerclass,5,5,0,5,3,3,0,5,0,0.16666667,0.0,0.0,3,0,2,0,1,0,3,0,0,0,2,0,0,1,0,1,0,0,1,16,1,0,0,0,0,0,0,2,0,2,0,0,0,0,44,10,0
c:\Users\arthur.menezes_evolu\Desktop\Pes\views-widgets-samples\ConstraintLayoutExamples\constraintlayout\src\main\java\com\example\android\constraintlayoutexamples\ConstraintSetExampleActivity.java,com.example.android.constraintlayoutexamples.ConstraintSetExampleActivity,class,6,8,2,6,7,2,0,11,0,0.35,0.0,0.0,4,0,2,1,1,0,3,0,0,0,5,1,0,5,0,0,1,0,0,38,0,0,2,0,0,1,0,8,0,6,2,0,0,0,81,1,0
c:\Users\arthur.menezes_evolu\Desktop\Pes\views-widgets-samples\SwipeRefreshMultipleViews\Application\src\main\java\com\example\android\swiperefreshmultipleviews\MainActivity.java,com.example.android.swiperefreshmultipleviews.MainActivity,class,11,12,1,11,9,3,0,23,8,0.70000005,0.0,0.0,5,0,4,0,1,0,5,0,0,0,2,1,1,1,0,0,1,0,2,49,4,0,1,0,0,2,2,9,0,9,2,0,0,0,91,1,0
c:\Users\arthur.menezes_evolu\Desktop\Pes\views-widgets-samples\AnimationsInterpolatorPlayground\app\src\main\java\com\example\android\interpolatorplayground\MainActivity.java,com.example.android.interpolatorplayground.MainActivity$Anonymous3,anonymous,3,3,0,3,4,1,0,6,3,0.0,0.0,0.0,3,0,3,0,0,0,3,0,0,0,0,0,0,0,0,0,0,0,1,18,0,0,0,1,1,2,1,3,5,3,1,0,0,0,22,-1,0
c:\Users\arthur.menezes_evolu\Desktop\Pes\views-widgets-samples\ConstraintLayoutExamples\CycleEditor\src\com\google\androidstudio\motionlayoutcycles\KeyCycleExamples.java,com.google.androidstudio.motionlayoutcycles.KeyCycleExamples,class,0,0,0,0,0,1,0,0,0,NaN,-1.0,-1.0,0,0,0,0,0,0,0,0,0,0,7,7,1,0,0,6,0,0,0,9,0,0,0,0,0,264,0,7,6,7,0,0,0,0,26,1,0
c:\Users\arthur.menezes_evolu\Desktop\Pes\views-widgets-samples\SwipeRefreshMultipleViews\Application\src\main\java\com\example\android\common\dummydata\Cheeses.java,Cheeses,class,4,4,0,4,4,1,0,4,0,0.0,0.0,0.0,2,2,2,0,0,0,2,0,0,0,1,1,0,0,0,1,1,0,0,19,2,2,0,0,0,654,1,7,0,6,1,0,0,0,112,1,0
c:\Users\arthur.menezes_evolu\Desktop\Pes\views-widgets-samples\AnimationsInterpolatorPlayground\app\src\main\java\com\example\android\interpolatorplayground\MainActivity.java,com.example.android.interpolatorplayground.MainActivity$Anonymous4,anonymous,0,0,0,0,2,1,0,2,1,0.0,0.0,0.0,2,0,0,0,0,2,2,0,0,0,0,0,0,0,0,0,0,0,2,8,0,0,0,0,0,4,0,0,2,0,0,0,0,0,7,-1,0
c:\Users\arthur.menezes_evolu\Desktop\Pes\views-widgets-samples\SwipeRefreshMultipleViews\Application\src\main\java\com\example\android\common\logger\Log.java,Log,class,1,1,0,1,19,1,0,7,147,0.9375,0.0,0.0,18,18,18,0,0,0,18,0,0,0,8,8,7,1,0,0,7,0,0,66,1,0,1,0,0,0,1,8,0,8,1,0,0,0,99,1,0
c:\Users\arthur.menezes_evolu\Desktop\Pes\views-widgets-samples\AnimationsInterpolatorPlayground\app\src\main\java\com\example\android\interpolatorplayground\MainActivity.java,com.example.android.interpolatorplayground.MainActivity$Anonymous1,anonymous,3,3,0,3,2,1,0,3,1,0.0,0.0,0.0,2,0,2,0,0,0,2,0,0,0,0,0,0,0,0,0,0,0,0,7,0,0,0,0,0,0,0,0,0,0,0,0,0,0,12,-1,0
c:\Users\arthur.menezes_evolu\Desktop\Pes\views-widgets-samples\ConstraintLayoutExamples\CycleEditor\src\com\google\androidstudio\motionlayoutcycles\CycleModel.java,com.google.androidstudio.motionlayoutcycles.CycleModel$Anonymous1,anonymous,3,3,0,3,24,1,0,17,1,0.0,0.0,0.0,2,0,2,0,0,0,2,0,0,0,0,0,0,0,0,0,0,0,28,83,0,2,1,0,0,18,4,3,1,3,5,0,0,0,20,-1,0
c:\Users\arthur.menezes_evolu\Desktop\Pes\views-widgets-samples\AnimationsInterpolatorPlayground\app\src\main\java\com\example\android\interpolatorplayground\MainActivity.java,com.example.android.interpolatorplayground.MainActivity$Anonymous2,anonymous,1,1,0,1,3,1,0,1,3,0.0,0.0,0.0,3,0,3,0,0,0,3,0,0,0,0,0,0,0,0,0,0,0,0,10,0,0,0,0,0,2,0,1,1,0,0,0,0,0,15,-1,0
c:\Users\arthur.menezes_evolu\Desktop\Pes\views-widgets-samples\RecyclerViewAnimations\app\src\main\java\examples\android\com\recyclerviewanimations\MainActivity.java,examples.android.com.recyclerviewanimations.MainActivity$MyChangeAnimator$ColorTextInfo,innerclass,1,1,0,1,0,2,0,0,0,NaN,-1.0,-1.0,0,0,0,0,0,0,0,0,0,0,2,0,0,0,0,2,0,0,0,4,0,0,0,0,0,0,0,0,0,2,0,0,0,0,18,2,0
c:\Users\arthur.menezes_evolu\Desktop\Pes\views-widgets-samples\AnimationsInterpolatorPlayground\app\src\main\java\com\example\android\interpolatorplayground\MainActivity.java,com.example.android.interpolatorplayground.MainActivity$Anonymous5,anonymous,0,0,0,0,2,1,0,2,1,0.0,0.0,0.0,2,0,0,0,0,2,2,0,0,0,0,0,0,0,0,0,0,0,4,10,0,0,0,0,0,8,0,0,4,0,0,0,0,0,6,-1,0
c:\Users\arthur.menezes_evolu\Desktop\Pes\views-widgets-samples\CardView\Application\src\main\java\com\example\android\cardview\CardViewActivity.java,com.example.android.cardview.CardViewActivity,class,3,4,1,3,2,2,0,7,0,0.0,NaN,NaN,1,0,0,0,1,0,1,0,0,0,0,0,0,0,0,0,0,0,1,9,0,0,1,0,0,0,0,0,0,0,1,0,0,0,18,1,0
c:\Users\arthur.menezes_evolu\Desktop\Pes\views-widgets-samples\SwipeRefreshMultipleViews\Application\src\main\java\com\example\android\common\logger\MessageOnlyLogFilter.java,MessageOnlyLogFilter,class,2,2,0,2,6,1,0,2,0,0.2,0.0,0.0,5,0,5,0,0,0,5,0,0,0,1,0,0,0,0,1,0,0,0,19,1,0,1,0,0,0,0,2,0,1,1,0,0,0,50,1,0
c:\Users\arthur.menezes_evolu\Desktop\Pes\views-widgets-samples\AnimationsInterpolatorPlayground\app\src\main\java\com\example\android\interpolatorplayground\MainActivity.java,com.example.android.interpolatorplayground.MainActivity$Anonymous6,anonymous,3,3,0,3,1,1,0,8,0,0.0,NaN,NaN,1,0,1,0,0,0,1,0,0,0,0,0,0,0,0,0,0,0,0,17,0,0,0,0,0,0,3,5,0,5,0,1,0,0,12,-1,0
c:\Users\arthur.menezes_evolu\Desktop\Pes\views-widgets-samples\MultiWindowPlayground\Application\src\main\java\com\android\multiwindowplayground\activities\BasicActivity.java,com.android.multiwindowplayground.activities.BasicActivity,class,2,3,1,2,1,3,0,4,0,0.0,NaN,NaN,1,0,0,0,1,0,1,0,0,0,0,0,0,0,0,0,0,0,0,8,0,0,0,0,0,0,0,0,0,0,0,0,0,0,31,1,0
c:\Users\arthur.menezes_evolu\Desktop\Pes\views-widgets-samples\MultiWindowPlayground\Application\src\main\java\com\example\android\common\logger\MessageOnlyLogFilter.java,com.example.android.common.logger.MessageOnlyLogFilter,class,2,7,5,2,6,1,0,2,0,0.2,0.0,0.0,5,0,5,0,0,0,5,0,0,0,1,0,0,0,0,1,0,0,0,19,1,0,1,0,0,0,0,2,0,1,1,0,0,0,50,1,0
c:\Users\arthur.menezes_evolu\Desktop\Pes\views-widgets-samples\SwipeRefreshMultipleViews\Application\src\main\java\com\example\android\swiperefreshmultipleviews\SwipeRefreshMultipleViewsFragment.java,com.example.android.swiperefreshmultipleviews.SwipeRefreshMultipleViewsFragment$Anonymous1,anonymous,2,2,0,2,1,1,0,2,0,0.0,NaN,NaN,1,0,1,0,0,0,1,0,0,0,0,0,0,0,0,0,0,0,1,6,0,0,0,0,0,1,0,0,0,0,0,0,0,0,5,-1,0
c:\Users\arthur.menezes_evolu\Desktop\Pes\views-widgets-samples\CardView\Application\src\main\java\com\example\android\cardview\CardViewFragment.java,com.example.android.cardview.CardViewFragment,class,8,11,3,8,5,2,0,7,10,0.84999996,0.0,0.0,5,1,5,0,0,0,5,0,0,0,4,1,0,1,0,3,1,0,0,47,2,0,0,0,0,0,0,5,0,5,0,2,0,0,43,1,0
c:\Users\arthur.menezes_evolu\Desktop\Pes\views-widgets-samples\RecyclerViewAnimations\app\src\main\java\examples\android\com\recyclerviewanimations\MainActivity.java,examples.android.com.recyclerviewanimations.MainActivity$Anonymous1,anonymous,1,1,0,1,2,1,0,1,0,0.0,NaN,NaN,1,0,1,0,0,0,1,0,0,0,0,0,0,0,0,0,0,0,0,5,0,0,0,0,0,0,0,0,0,0,0,0,0,0,11,-1,0
c:\Users\arthur.menezes_evolu\Desktop\Pes\views-widgets-samples\SwipeRefreshLayoutBasic\Application\src\main\java\com\example\android\swiperefreshlayoutbasic\MainActivity.java,com.example.android.swiperefreshlayoutbasic.MainActivity,class,11,12,1,11,9,3,0,23,8,0.70000005,0.0,0.0,5,0,4,0,1,0,5,0,0,0,2,1,1,1,0,0,1,0,2,49,4,0,1,0,0,2,2,9,0,9,2,0,0,0,91,1,0
c:\Users\arthur.menezes_evolu\Desktop\Pes\views-widgets-samples\ConstraintLayoutExamples\CycleEditor\src\com\google\androidstudio\motionlayoutcycles\CycleModel.java,com.google.androidstudio.motionlayoutcycles.CycleModel,class,8,16,8,8,62,1,0,45,45,0.83012813,0.0,0.0,26,1,22,0,0,4,26,0,0,0,20,0,5,3,0,12,4,0,6,482,10,8,10,1,38,31,131,113,75,79,4,1,1,5,135,0,0
c:\Users\arthur.menezes_evolu\Desktop\Pes\views-widgets-samples\ConstraintLayoutExamples\CycleEditor\src\com\google\androidstudio\motionlayoutcycles\CycleView.java,com.google.androidstudio.motionlayoutcycles.CycleView$Prop,enum,0,0,0,0,0,1,0,0,0,0.0,-1.0,-1.0,0,0,0,0,0,0,0,0,0,0,0,0,0,0,0,0,0,0,0,1,0,0,0,0,0,0,0,0,0,0,0,0,0,0,8,0,0
c:\Users\arthur.menezes_evolu\Desktop\Pes\views-widgets-samples\ConstraintLayoutExamples\CycleEditor\src\com\google\androidstudio\motionlayoutcycles\Oscillator.java,com.google.androidstudio.motionlayoutcycles.Oscillator,class,3,4,1,3,18,1,0,5,26,0.79999995,0.0,0.0,9,0,3,0,0,6,9,0,0,0,10,5,5,1,0,4,5,0,7,77,11,2,1,0,21,0,74,30,72,20,1,0,0,0,43,1,0
c:\Users\arthur.menezes_evolu\Desktop\Pes\views-widgets-samples\DataBindingDataBoundRecyclerView\app\src\main\java\com\example\android\databoundrecyclerview\State.java,com.example.android.databoundrecyclerview.State,class,2,6,4,2,5,2,0,1,0,0.4,0.0,0.0,5,0,5,0,0,0,5,0,0,0,2,0,0,2,0,0,0,0,0,22,2,0,0,0,0,0,0,4,0,2,0,0,0,0,13,1,0
c:\Users\arthur.menezes_evolu\Desktop\Pes\views-widgets-samples\ConstraintLayoutExamples\CycleEditor\src\com\google\androidstudio\motionlayoutcycles\HyperSpline.java,com.google.androidstudio.motionlayoutcycles.HyperSpline$Cubic,innerclass,0,0,0,0,3,1,0,0,0,0.16666667,0.0,0.0,3,0,3,0,0,0,3,0,0,0,3,2,2,0,0,1,2,0,0,17,2,0,0,0,4,0,4,6,13,6,0,0,0,0,20,9,0
c:\Users\arthur.menezes_evolu\Desktop\Pes\views-widgets-samples\MultiWindowPlayground\Application\src\main\java\com\example\android\common\logger\LogNode.java,com.example.android.common.logger.LogNode,interface,0,4,4,0,1,1,0,0,0,0.0,NaN,NaN,1,0,1,0,0,0,1,0,0,0,0,0,0,0,0,0,0,0,0,3,0,0,0,0,0,0,0,0,0,0,0,0,0,0,84,1,0
c:\Users\arthur.menezes_evolu\Desktop\Pes\views-widgets-samples\SwipeRefreshLayoutBasic\Application\src\main\java\com\example\android\common\view\SlidingTabLayout.java,com.example.android.common.view.SlidingTabLayout$TabClickListener,innerclass,2,2,0,2,3,1,0,3,0,0.0,NaN,NaN,1,0,1,0,0,0,1,0,0,0,0,0,0,0,0,0,0,0,0,10,1,1,1,0,0,0,1,1,0,1,2,0,0,0,7,2,0
c:\Users\arthur.menezes_evolu\Desktop\Pes\views-widgets-samples\ConstraintLayoutExamples\CycleEditor\src\com\google\androidstudio\motionlayoutcycles\MainPanel.java,com.google.androidstudio.motionlayoutcycles.MainPanel,class,6,9,3,6,13,6,0,59,6,0.7734375,0.0,0.0,8,3,4,1,0,3,7,0,0,0,16,0,0,0,0,16,0,0,6,162,5,2,2,0,2,16,33,50,4,48,2,0,0,10,92,1,0
c:\Users\arthur.menezes_evolu\Desktop\Pes\views-widgets-samples\SwipeRefreshMultipleViews\Application\src\main\java\com\example\android\swiperefreshmultipleviews\SwipeRefreshMultipleViewsFragment.java,com.example.android.swiperefreshmultipleviews.SwipeRefreshMultipleViewsFragment$DummyBackgroundTask,innerclass,3,3,0,3,3,2,0,5,1,0.5,0.0,0.0,2,0,0,0,2,0,2,0,0,0,1,1,0,0,0,1,1,0,2,16,1,0,0,1,0,0,2,1,1,1,1,0,0,0,38,2,0
c:\Users\arthur.menezes_evolu\Desktop\Pes\views-widgets-samples\MultiWindowPlayground\Application\src\main\java\com\example\android\common\logger\LogWrapper.java,com.example.android.common.logger.LogWrapper,class,2,7,5,2,6,1,0,3,0,0.0,0.0,0.0,3,0,3,0,0,0,3,0,0,0,1,0,0,1,0,0,0,0,1,22,1,0,3,0,0,2,0,4,1,2,1,0,0,0,72,1,0
c:\Users\arthur.menezes_evolu\Desktop\Pes\views-widgets-samples\MultiWindowPlayground\Application\src\main\java\com\android\multiwindowplayground\activities\AdjacentActivity.java,com.android.multiwindowplayground.activities.AdjacentActivity,class,2,3,1,2,1,3,0,4,0,0.0,NaN,NaN,1,0,0,0,1,0,1,0,0,0,0,0,0,0,0,0,0,0,0,8,0,0,0,0,0,0,0,0,0,0,0,0,0,0,24,1,0
c:\Users\arthur.menezes_evolu\Desktop\Pes\views-widgets-samples\SwipeRefreshLayoutBasic\Application\src\main\java\com\example\android\common\dummydata\Cheeses.java,com.example.android.common.dummydata.Cheeses,class,0,3,3,0,4,1,0,5,0,0.0,0.0,0.0,2,2,2,0,0,0,2,0,0,0,1,1,0,0,0,1,1,0,1,19,2,2,0,0,0,654,1,7,0,6,1,0,0,0,112,1,0
c:\Users\arthur.menezes_evolu\Desktop\Pes\views-widgets-samples\SwipeRefreshMultipleViews\Application\tests\src\com\example\android\swiperefreshmultipleviews\tests\SampleTests.java,com.example.android.swiperefreshmultipleviews.tests.SampleTests$Anonymous1,anonymous,0,0,0,0,1,1,0,2,0,0.0,NaN,NaN,1,0,1,0,0,0,1,0,0,0,0,0,0,0,0,0,0,0,0,5,0,0,0,0,0,0,0,0,0,0,0,0,0,0,3,-1,0
c:\Users\arthur.menezes_evolu\Desktop\Pes\views-widgets-samples\AnimationsInterpolatorPlayground\app\src\main\java\com\example\android\interpolatorplayground\TimingVisualizer.java,com.example.android.interpolatorplayground.TimingVisualizer,class,6,8,2,6,5,2,0,9,4,0.64444447,0.0,0.0,5,0,2,1,2,0,4,0,0,0,4,2,0,2,0,2,0,0,0,34,0,0,0,0,2,0,6,12,14,11,0,0,0,0,59,1,0
c:\Users\arthur.menezes_evolu\Desktop\Pes\views-widgets-samples\DataBindingDataBoundRecyclerView\app\src\main\java\com\example\android\databoundrecyclerview\DataBoundViewHolder.java,com.example.android.databoundrecyclerview.DataBoundViewHolder,class,5,10,5,5,2,2,0,4,0,0.0,0.0,0.0,2,1,2,0,0,0,2,0,0,0,1,0,1,0,0,0,1,0,0,11,1,0,0,0,0,0,0,2,0,2,0,0,0,0,39,1,0
c:\Users\arthur.menezes_evolu\Desktop\Pes\views-widgets-samples\SwipeRefreshLayoutBasic\Application\src\main\java\com\example\android\swiperefreshlayoutbasic\SwipeRefreshLayoutBasicFragment.java,com.example.android.swiperefreshlayoutbasic.SwipeRefreshLayoutBasicFragment$DummyBackgroundTask,innerclass,3,3,0,3,3,2,0,5,1,0.5,0.0,0.0,2,0,0,0,2,0,2,0,0,0,1,1,0,0,0,1,1,0,2,16,1,0,0,1,0,0,2,1,1,1,1,0,0,0,38,2,0
c:\Users\arthur.menezes_evolu\Desktop\Pes\views-widgets-samples\ConstraintLayoutExamples\CycleEditor\src\com\google\androidstudio\motionlayoutcycles\CycleView.java,com.google.androidstudio.motionlayoutcycles.CycleView$MainAttribute,innerclass,2,2,0,2,3,1,0,1,0,0.6666667,NaN,NaN,1,1,1,0,0,0,1,0,0,0,6,6,0,0,0,6,0,0,0,17,2,0,1,0,1,26,26,7,1,7,1,0,0,0,20,8,0
c:\Users\arthur.menezes_evolu\Desktop\Pes\views-widgets-samples\DataBindingDataBoundList\app\src\main\java\com\example\android\databoundlist\ListBindingAdapters.java,com.example.android.databoundlist.ListBindingAdapters,class,9,11,2,9,18,2,0,20,10,0.8,NaN,NaN,5,4,1,4,0,0,1,0,0,0,1,1,1,0,0,0,1,0,2,120,3,1,8,0,2,4,2,9,1,8,3,0,1,0,120,1,0
c:\Users\arthur.menezes_evolu\Desktop\Pes\views-widgets-samples\SwipeRefreshMultipleViews\Application\src\main\java\com\example\android\common\logger\LogFragment.java,LogFragment,class,7,7,0,7,4,1,0,14,0,0.5,0.0,0.0,4,0,4,0,0,0,4,0,0,0,2,0,0,2,0,0,0,0,0,44,3,0,0,0,3,0,2,9,2,8,0,1,0,0,46,1,0
c:\Users\arthur.menezes_evolu\Desktop\Pes\views-widgets-samples\DataBindingDataBoundRecyclerView\app\src\main\java\com\example\android\databoundrecyclerview\ActionCallback.java,com.example.android.databoundrecyclerview.ActionCallback,interface,2,5,3,2,2,1,0,0,1,0.0,0.0,0.0,2,0,0,0,0,2,2,0,0,0,0,0,0,0,0,0,0,0,0,4,0,0,0,0,0,0,0,0,0,0,0,0,0,0,8,1,0
c:\Users\arthur.menezes_evolu\Desktop\Pes\views-widgets-samples\SwipeRefreshMultipleViews\Application\src\main\java\com\example\android\common\view\SlidingTabLayout.java,InternalViewPagerListener,innerclass,3,4,1,3,11,1,0,8,1,0.33333334,0.0,0.0,3,0,3,0,0,0,3,0,0,0,1,0,0,1,0,0,0,0,0,31,1,0,6,0,5,0,5,4,1,4,1,0,0,0,28,2,0
c:\Users\arthur.menezes_evolu\Desktop\Pes\views-widgets-samples\RecyclerViewAnimations\app\src\main\java\examples\android\com\recyclerviewanimations\MainActivity.java,examples.android.com.recyclerviewanimations.MainActivity$MyLinearLayoutManager,innerclass,2,2,0,2,2,2,0,1,1,0.0,0.0,0.0,2,0,2,0,0,0,2,0,0,0,0,0,0,0,0,0,0,0,0,8,1,0,0,0,0,0,0,0,0,0,0,0,0,0,35,2,0
c:\Users\arthur.menezes_evolu\Desktop\Pes\views-widgets-samples\DataBindingDataBoundRecyclerView\app\src\main\java\com\example\android\databoundrecyclerview\MultiTypeDataBoundAdapter.java,com.example.android.databoundrecyclerview.MultiTypeDataBoundAdapter,class,2,4,2,2,6,2,2,7,0,0.0,0.0,0.0,6,0,5,0,1,0,6,0,0,0,1,0,0,1,0,0,0,0,1,23,2,0,0,0,0,0,1,1,1,1,0,0,0,0,85,1025,0
c:\Users\arthur.menezes_evolu\Desktop\Pes\views-widgets-samples\RecyclerView\Application\src\main\java\com\example\android\recyclerview\RecyclerViewFragment.java,com.example.android.recyclerview.RecyclerViewFragment,class,13,17,4,13,10,2,0,16,2,0.69090915,0.0,0.0,5,0,4,1,0,0,4,0,0,0,11,4,0,4,7,0,4,0,0,77,1,1,2,0,1,3,4,23,1,14,1,2,1,0,79,1,0
c:\Users\arthur.menezes_evolu\Desktop\Pes\views-widgets-samples\ConstraintLayoutExamples\CycleEditor\src\com\google\androidstudio\motionlayoutcycles\CycleView.java,com.google.androidstudio.motionlayoutcycles.CycleView$DrawItem,interface,0,0,0,0,1,1,0,0,0,0.0,NaN,NaN,1,0,1,0,0,0,1,0,0,0,0,0,0,0,0,0,0,0,0,3,0,0,0,0,0,0,0,0,0,0,0,0,0,0,6,0,0
c:\Users\arthur.menezes_evolu\Desktop\Pes\views-widgets-samples\MultiWindowPlayground\Application\src\main\java\com\example\android\common\logger\LogFragment.java,com.example.android.common.logger.LogFragment,class,9,14,5,9,4,2,0,15,0,0.5,0.0,0.0,4,0,4,0,0,0,4,0,0,0,2,0,0,2,0,0,0,0,0,49,3,0,0,0,3,1,2,9,2,8,0,1,0,0,46,1,0
c:\Users\arthur.menezes_evolu\Desktop\Pes\views-widgets-samples\AnimationsInterpolatorPlayground\app\src\main\java\com\example\android\interpolatorplayground\CurveVisualizer.java,com.example.android.interpolatorplayground.CurveVisualizer,class,10,15,5,10,37,2,0,20,20,0.6968326,0.0,0.0,13,0,11,1,1,0,12,0,0,0,13,2,0,1,0,12,0,0,8,170,7,2,4,0,14,0,38,70,43,40,3,0,0,0,147,1,0
c:\Users\arthur.menezes_evolu\Desktop\Pes\views-widgets-samples\AnimationsInterpolatorPlayground\app\src\main\java\com\example\android\interpolatorplayground\MainActivity.java,com.example.android.interpolatorplayground.MainActivity$Anonymous6$Anonymous7,anonymous,2,2,0,2,1,1,0,2,0,0.0,NaN,NaN,1,0,1,0,0,0,1,0,0,0,0,0,0,0,0,0,0,0,0,6,0,0,0,0,4,0,0,1,12,1,0,0,0,0,16,-1,0
c:\Users\arthur.menezes_evolu\Desktop\Pes\views-widgets-samples\ConstraintLayoutExamples\CycleEditor\src\com\google\androidstudio\motionlayoutcycles\CycleView.java,com.google.androidstudio.motionlayoutcycles.CycleView$Anonymous5,anonymous,0,0,0,0,1,1,0,0,0,0.0,NaN,NaN,1,0,1,0,0,0,1,0,0,0,0,0,0,0,0,0,0,0,0,4,0,0,0,0,0,0,0,0,0,0,0,0,0,0,4,-1,0
c:\Users\arthur.menezes_evolu\Desktop\Pes\views-widgets-samples\ConstraintLayoutExamples\CycleEditor\src\com\google\androidstudio\motionlayoutcycles\CycleView.java,com.google.androidstudio.motionlayoutcycles.CycleView$Anonymous4,anonymous,0,0,0,0,1,1,0,0,0,0.0,NaN,NaN,1,0,1,0,0,0,1,0,0,0,0,0,0,0,0,0,0,0,0,4,0,0,0,0,0,0,0,0,0,0,0,0,0,0,4,-1,0
c:\Users\arthur.menezes_evolu\Desktop\Pes\views-widgets-samples\ConstraintLayoutExamples\CycleEditor\src\com\google\androidstudio\motionlayoutcycles\CycleView.java,com.google.androidstudio.motionlayoutcycles.CycleView$Anonymous7,anonymous,2,2,0,2,21,1,0,8,0,0.0,NaN,NaN,1,0,1,0,0,0,1,0,0,0,2,0,0,0,0,2,0,0,0,106,1,5,5,0,21,0,60,40,78,30,4,0,0,0,53,-1,0
c:\Users\arthur.menezes_evolu\Desktop\Pes\views-widgets-samples\ConstraintLayoutExamples\CycleEditor\src\com\google\androidstudio\motionlayoutcycles\Easing.java,com.google.androidstudio.motionlayoutcycles.Easing,class,2,5,3,2,10,2,2,3,6,0.75,0.0,0.0,4,1,4,0,0,0,4,0,0,0,11,10,5,4,0,2,8,0,1,137,10,0,1,0,0,13,1,11,2,11,2,0,1,0,63,1,0
c:\Users\arthur.menezes_evolu\Desktop\Pes\views-widgets-samples\ConstraintLayoutExamples\CycleEditor\src\com\google\androidstudio\motionlayoutcycles\CycleView.java,com.google.androidstudio.motionlayoutcycles.CycleView$Anonymous6,anonymous,1,1,0,1,6,1,0,4,0,0.0,0.0,0.0,1,0,1,0,0,0,2,0,0,0,4,0,0,0,0,4,0,0,1,37,1,2,0,0,5,0,18,19,19,13,2,0,0,0,28,-1,0
c:\Users\arthur.menezes_evolu\Desktop\Pes\views-widgets-samples\ConstraintLayoutExamples\constraintlayout\src\test\java\com\example\android\constraintlayoutexamples\ExampleUnitTest.java,com.example.android.constraintlayoutexamples.ExampleUnitTest,class,1,1,0,1,1,1,0,1,0,0.0,NaN,NaN,1,0,1,0,0,0,1,0,0,0,0,0,0,0,0,0,0,0,0,5,0,0,0,0,0,0,3,0,1,0,0,0,0,0,23,1,0
c:\Users\arthur.menezes_evolu\Desktop\Pes\views-widgets-samples\SwipeRefreshMultipleViews\Application\src\main\java\com\example\android\common\view\SlidingTabLayout.java,SlidingTabLayout,class,12,12,0,12,28,1,0,37,30,0.82905984,0.0,0.0,13,0,9,2,2,0,11,0,0,0,9,3,0,9,0,0,4,0,0,152,2,1,7,0,2,0,12,25,3,20,2,0,3,0,184,1,0
c:\Users\arthur.menezes_evolu\Desktop\Pes\views-widgets-samples\SwipeRefreshMultipleViews\Application\src\main\java\com\example\android\common\view\SlidingTabStrip.java,SlidingTabStrip,class,7,8,1,7,15,1,0,29,16,0.8024692,0.0,0.0,9,2,0,2,1,6,7,0,0,0,18,7,0,18,0,0,15,0,0,118,2,1,2,0,16,0,21,43,31,38,3,0,1,0,124,0,0
c:\Users\arthur.menezes_evolu\Desktop\Pes\views-widgets-samples\ConstraintLayoutExamples\CycleEditor\src\com\google\androidstudio\motionlayoutcycles\HyperSpline.java,com.google.androidstudio.motionlayoutcycles.HyperSpline,class,5,6,1,5,38,2,0,6,58,0.7692308,0.0,0.0,13,1,9,0,0,4,13,0,0,0,6,0,0,0,0,6,0,0,3,160,5,20,0,0,9,0,73,80,55,47,2,0,1,0,65,1,0
c:\Users\arthur.menezes_evolu\Desktop\Pes\views-widgets-samples\ConstraintLayoutExamples\CycleEditor\src\com\google\androidstudio\motionlayoutcycles\MonotoneSpline.java,com.google.androidstudio.motionlayoutcycles.MonotoneSpline,class,4,7,3,4,61,2,0,7,22,0.5769231,0.0,0.0,13,5,8,3,0,2,10,0,0,0,4,1,0,4,0,0,1,0,16,278,21,20,6,0,17,3,174,140,162,114,4,0,0,0,65,1,0
c:\Users\arthur.menezes_evolu\Desktop\Pes\views-widgets-samples\MultiWindowPlayground\Application\src\main\java\com\android\multiwindowplayground\activities\LoggingActivity.java,com.android.multiwindowplayground.activities.LoggingActivity,class,13,21,8,13,16,2,7,24,1,0.2857143,0.0,0.0,14,0,5,0,9,0,14,0,0,0,1,0,0,0,1,0,0,0,12,68,0,0,2,0,0,10,0,6,2,6,1,0,0,0,83,1025,0
c:\Users\arthur.menezes_evolu\Desktop\Pes\views-widgets-samples\RecyclerView\Application\src\main\java\com\example\android\recyclerview\RecyclerViewFragment.java,com.example.android.recyclerview.RecyclerViewFragment$Anonymous2,anonymous,2,2,0,2,1,1,0,1,0,0.0,NaN,NaN,1,0,1,0,0,0,1,0,0,0,0,0,0,0,0,0,0,0,0,5,0,0,0,0,0,0,0,0,0,0,0,0,0,0,8,-1,0
c:\Users\arthur.menezes_evolu\Desktop\Pes\views-widgets-samples\DataBindingDataBoundRecyclerView\app\src\androidTest\java\com\example\android\databoundrecyclerview\ApplicationTest.java,com.example.android.databoundrecyclerview.ApplicationTest,class,2,2,0,2,1,2,0,0,0,0.0,NaN,NaN,1,0,1,0,0,0,1,0,0,0,0,0,0,0,0,0,0,0,0,5,0,0,0,0,0,0,0,0,0,0,0,0,0,0,7,1,0
c:\Users\arthur.menezes_evolu\Desktop\Pes\views-widgets-samples\RecyclerView\Application\src\main\java\com\example\android\recyclerview\RecyclerViewFragment.java,com.example.android.recyclerview.RecyclerViewFragment$Anonymous1,anonymous,2,2,0,2,1,1,0,1,0,0.0,NaN,NaN,1,0,1,0,0,0,1,0,0,0,0,0,0,0,0,0,0,0,0,5,0,0,0,0,0,0,0,0,0,0,0,0,0,0,8,-1,0
c:\Users\arthur.menezes_evolu\Desktop\Pes\views-widgets-samples\SwipeRefreshMultipleViews\Application\tests\src\com\example\android\swiperefreshmultipleviews\tests\SampleTests.java,com.example.android.swiperefreshmultipleviews.tests.SampleTests$Anonymous2,anonymous,0,0,0,0,1,1,0,2,0,0.0,NaN,NaN,1,0,1,0,0,0,1,0,0,0,0,0,0,0,0,0,0,0,0,5,0,0,0,0,0,0,0,0,0,0,0,0,0,0,3,-1,0
c:\Users\arthur.menezes_evolu\Desktop\Pes\views-widgets-samples\ConstraintLayoutExamples\CycleEditor\src\com\google\androidstudio\motionlayoutcycles\CycleView.java,com.google.androidstudio.motionlayoutcycles.CycleView$Anonymous1,anonymous,1,1,0,1,1,1,0,2,0,0.0,NaN,NaN,1,0,1,0,0,0,1,0,0,0,0,0,0,0,0,0,0,0,0,5,0,0,0,0,0,0,0,0,0,0,0,0,0,0,8,-1,0
c:\Users\arthur.menezes_evolu\Desktop\Pes\views-widgets-samples\MultiWindowPlayground\Application\src\main\java\com\android\multiwindowplayground\activities\MinimumSizeActivity.java,com.android.multiwindowplayground.activities.MinimumSizeActivity,class,2,3,1,2,1,3,0,4,0,0.0,NaN,NaN,1,0,0,0,1,0,1,0,0,0,0,0,0,0,0,0,0,0,0,8,0,0,0,0,0,0,0,0,0,0,0,0,0,0,24,1,0
c:\Users\arthur.menezes_evolu\Desktop\Pes\views-widgets-samples\SwipeRefreshMultipleViews\Application\src\main\java\com\example\android\swiperefreshmultipleviews\MultiSwipeRefreshLayout.java,com.example.android.swiperefreshmultipleviews.MultiSwipeRefreshLayout,class,7,9,2,7,15,2,0,10,8,0.6,0.0,0.0,5,1,4,1,0,0,4,0,0,0,1,0,0,1,0,0,0,0,1,40,5,2,3,0,1,0,8,4,0,3,3,0,0,0,99,1,0
c:\Users\arthur.menezes_evolu\Desktop\Pes\views-widgets-samples\ConstraintLayoutExamples\CycleEditor\src\com\google\androidstudio\motionlayoutcycles\CycleView.java,com.google.androidstudio.motionlayoutcycles.CycleView$Anonymous3,anonymous,0,0,0,0,4,1,0,8,0,0.0,NaN,NaN,1,0,1,0,0,0,1,0,0,0,1,0,0,0,0,1,0,0,0,30,1,2,0,0,9,1,5,18,30,15,1,0,0,0,40,-1,0
c:\Users\arthur.menezes_evolu\Desktop\Pes\views-widgets-samples\ConstraintLayoutExamples\constraintlayout\src\main\java\com\example\android\constraintlayoutexamples\MainActivity.java,com.example.android.constraintlayoutexamples.MainActivity,class,7,8,1,7,7,2,0,10,3,0.33333334,0.0,0.0,6,0,4,1,1,0,5,0,0,0,1,0,0,1,0,0,0,0,0,31,0,0,0,0,0,4,0,4,0,2,1,0,0,0,33,1,0
c:\Users\arthur.menezes_evolu\Desktop\Pes\views-widgets-samples\ConstraintLayoutExamples\CycleEditor\src\com\google\androidstudio\motionlayoutcycles\CycleView.java,com.google.androidstudio.motionlayoutcycles.CycleView$Anonymous2,anonymous,0,0,0,0,2,1,0,2,0,0.0,NaN,NaN,1,0,1,0,0,0,1,0,0,0,0,0,0,0,0,0,0,0,0,10,1,0,0,0,0,0,0,0,4,0,1,0,0,0,9,-1,0
c:\Users\arthur.menezes_evolu\Desktop\Pes\views-widgets-samples\RecyclerViewAnimations\app\src\main\java\examples\android\com\recyclerviewanimations\MainActivity.java,examples.android.com.recyclerviewanimations.MainActivity,class,14,14,0,14,1,6,0,6,0,0.42857143,NaN,NaN,1,0,0,0,1,0,1,0,0,0,6,0,0,0,0,6,0,0,0,272,0,0,0,0,0,0,0,7,0,7,0,1,4,0,196,1,0
c:\Users\arthur.menezes_evolu\Desktop\Pes\views-widgets-samples\DataBindingDataBoundList\app\src\main\java\com\example\android\databoundlist\MainActivity.java,com.example.android.databoundlist.MainActivity,class,6,6,0,6,1,2,0,5,0,0.0,NaN,NaN,1,0,0,0,1,0,1,0,0,0,0,0,0,0,0,0,0,0,0,10,0,0,0,0,0,2,0,2,0,2,0,0,0,0,19,1,0
c:\Users\arthur.menezes_evolu\Desktop\Pes\views-widgets-samples\SwipeRefreshMultipleViews\Application\src\main\java\com\example\android\common\logger\LogView.java,LogView,class,8,9,1,8,18,1,0,7,28,0.875,0.0,0.0,8,0,7,1,0,0,7,0,0,0,1,0,0,0,0,1,0,0,0,74,3,0,4,0,2,9,1,13,1,5,2,1,0,0,113,1,0
c:\Users\arthur.menezes_evolu\Desktop\Pes\views-widgets-samples\SwipeRefreshMultipleViews\Application\src\main\java\com\example\android\common\logger\LogFragment.java,LogFragment$Anonymous1,anonymous,1,1,0,1,3,1,0,1,3,0.0,0.0,0.0,3,0,3,0,0,0,3,0,0,0,0,0,0,0,0,0,0,0,0,9,0,0,0,0,0,0,0,0,0,0,0,0,0,0,10,-1,0
c:\Users\arthur.menezes_evolu\Desktop\Pes\views-widgets-samples\AnimationsInterpolatorPlayground\app\src\main\java\com\example\android\interpolatorplayground\ControlPointCallback.java,com.example.android.interpolatorplayground.ControlPointCallback,class,0,2,2,0,2,1,0,0,1,0.0,0.0,0.0,2,0,0,0,0,2,2,2,0,0,0,0,0,0,0,0,0,0,0,4,0,0,0,0,0,0,0,0,0,0,0,0,0,0,22,1025,0
c:\Users\arthur.menezes_evolu\Desktop\Pes\views-widgets-samples\ConstraintLayoutExamples\CycleEditor\src\com\google\androidstudio\motionlayoutcycles\CycleEdit.java,com.google.androidstudio.motionlayoutcycles.CycleEdit,class,6,9,3,6,6,9,0,30,2,0.75,0.0,0.0,4,0,3,0,0,1,4,0,0,0,6,1,0,1,0,5,1,0,2,189,0,1,0,0,1,20,34,63,4,28,1,2,1,5,79,1,0
c:\Users\arthur.menezes_evolu\Desktop\Pes\views-widgets-samples\CardView\Application\tests\src\com\example\android\cardview\SampleTests.java,com.example.android.cardview.SampleTests,class,3,3,0,3,5,2,0,10,8,0.6,0.0,0.0,5,0,4,0,1,0,5,0,0,0,2,0,0,2,0,0,0,0,2,38,0,0,0,0,0,4,0,2,0,2,0,2,0,0,26,1,0
c:\Users\arthur.menezes_evolu\Desktop\Pes\views-widgets-samples\SwipeRefreshLayoutBasic\Application\src\main\java\com\example\android\common\view\SlidingTabLayout.java,com.example.android.common.view.SlidingTabLayout,class,16,18,2,16,28,2,0,37,30,0.82905984,0.0,0.0,13,0,9,2,2,0,11,0,0,0,9,3,0,9,0,0,4,0,0,152,2,1,7,0,2,0,12,25,3,20,2,0,3,0,184,1,0
c:\Users\arthur.menezes_evolu\Desktop\Pes\views-widgets-samples\ConstraintLayoutExamples\CycleEditor\src\com\google\androidstudio\motionlayoutcycles\CycleSetModel.java,com.google.androidstudio.motionlayoutcycles.CycleSetModel,class,6,12,6,6,41,1,0,44,0,0.7,0.0,0.0,10,0,9,1,0,0,9,0,0,0,5,1,2,1,0,2,0,0,8,240,7,10,5,1,0,23,17,43,12,35,3,1,1,2,94,1,0
c:\Users\arthur.menezes_evolu\Desktop\Pes\views-widgets-samples\RecyclerView\Application\src\main\java\com\example\android\recyclerview\MainActivity.java,com.example.android.recyclerview.MainActivity,class,11,11,0,11,9,3,0,23,8,0.70000005,0.0,0.0,5,0,4,0,1,0,5,0,0,0,2,1,1,1,0,0,1,0,2,49,4,0,1,0,0,2,2,9,0,9,2,0,0,0,88,1,0
c:\Users\arthur.menezes_evolu\Desktop\Pes\views-widgets-samples\ConstraintLayoutExamples\CycleEditor\src\com\google\androidstudio\motionlayoutcycles\CycleEdit.java,com.google.androidstudio.motionlayoutcycles.CycleEdit$Anonymous2,anonymous,1,1,0,1,1,1,0,1,0,0.0,NaN,NaN,1,0,1,0,0,0,1,0,0,0,0,0,0,0,0,0,0,0,0,5,0,0,0,0,0,0,0,0,0,0,0,0,0,0,5,-1,0
c:\Users\arthur.menezes_evolu\Desktop\Pes\views-widgets-samples\ConstraintLayoutExamples\CycleEditor\src\com\google\androidstudio\motionlayoutcycles\CycleEdit.java,com.google.androidstudio.motionlayoutcycles.CycleEdit$Anonymous1,anonymous,1,1,0,1,1,1,0,1,0,0.0,NaN,NaN,1,0,1,0,0,0,1,0,0,0,0,0,0,0,0,0,0,0,0,5,0,0,0,0,0,0,0,0,0,0,0,0,0,0,5,-1,0
c:\Users\arthur.menezes_evolu\Desktop\Pes\views-widgets-samples\MultiWindowPlayground\Application\src\main\java\com\android\multiwindowplayground\activities\LaunchBoundsActivity.java,com.android.multiwindowplayground.activities.LaunchBoundsActivity,class,2,3,1,2,1,3,0,4,0,0.0,NaN,NaN,1,0,0,0,1,0,1,0,0,0,0,0,0,0,0,0,0,0,0,8,0,0,0,0,0,0,0,0,0,0,0,0,0,0,37,1,0
c:\Users\arthur.menezes_evolu\Desktop\Pes\views-widgets-samples\ConstraintLayoutExamples\motionlayout\src\main\java\com\google\androidstudio\motionlayoutexample\helpers\FadeIn.java,com.google.androidstudio.motionlayoutexample.helpers.FadeIn,class,4,4,0,4,4,2,0,1,6,0.0,0.0,0.0,4,0,4,0,0,0,4,0,0,0,0,0,0,0,0,0,0,0,0,14,0,0,0,0,0,0,0,0,0,0,0,0,0,0,16,1,0
c:\Users\arthur.menezes_evolu\Desktop\Pes\views-widgets-samples\SwipeRefreshLayoutBasic\Application\src\main\java\com\example\android\common\view\SlidingTabLayout.java,com.example.android.common.view.SlidingTabLayout$InternalViewPagerListener,innerclass,4,4,0,4,11,1,0,8,1,0.33333334,0.0,0.0,3,0,3,0,0,0,3,0,0,0,1,0,0,1,0,0,0,0,0,31,1,0,6,0,5,0,5,4,1,4,1,0,0,0,28,2,0
c:\Users\arthur.menezes_evolu\Desktop\Pes\views-widgets-samples\DataBindingDataBoundRecyclerView\app\src\test\java\com\example\android\databoundrecyclerview\ExampleUnitTest.java,com.example.android.databoundrecyclerview.ExampleUnitTest,class,1,1,0,1,1,1,0,1,0,0.0,NaN,NaN,1,0,1,0,0,0,1,0,0,0,0,0,0,0,0,0,0,0,0,5,0,0,0,0,0,0,3,0,1,0,0,0,0,0,18,1,0
c:\Users\arthur.menezes_evolu\Desktop\Pes\views-widgets-samples\MultiWindowPlayground\Application\src\main\java\com\example\android\common\logger\LogView.java,com.example.android.common.logger.LogView,class,6,9,3,6,18,2,0,8,28,0.875,0.0,0.0,8,0,7,1,0,0,7,0,0,0,1,0,0,0,0,1,0,0,0,74,3,0,4,0,2,9,1,13,1,5,2,1,0,0,112,1,0
c:\Users\arthur.menezes_evolu\Desktop\Pes\views-widgets-samples\DataBindingDataBoundRecyclerView\app\src\main\java\com\example\android\databoundrecyclerview\MainActivity.java,com.example.android.databoundrecyclerview.MainActivity,class,10,10,0,10,1,6,0,4,0,0.0,NaN,NaN,1,0,0,0,1,0,1,0,0,0,0,0,0,0,0,0,0,0,0,60,0,0,0,0,0,7,6,5,0,5,0,1,2,0,21,1,0
c:\Users\arthur.menezes_evolu\Desktop\Pes\views-widgets-samples\SwipeRefreshLayoutBasic\Application\src\main\java\com\example\android\swiperefreshlayoutbasic\SwipeRefreshLayoutBasicFragment.java,com.example.android.swiperefreshlayoutbasic.SwipeRefreshLayoutBasicFragment,class,16,21,5,16,10,3,0,20,5,0.6571429,0.0,0.0,7,0,5,2,0,0,5,0,0,0,5,2,0,5,0,0,2,0,4,73,3,1,0,0,0,3,1,6,0,6,2,1,1,0,137,1,0
c:\Users\arthur.menezes_evolu\Desktop\Pes\views-widgets-samples\RecyclerView\Application\src\main\java\com\example\android\recyclerview\CustomAdapter.java,com.example.android.recyclerview.CustomAdapter$ViewHolder,innerclass,3,3,0,3,2,2,0,2,0,0.0,0.0,0.0,2,0,2,0,0,0,2,0,0,0,1,0,0,1,0,0,1,0,0,16,1,0,0,0,0,0,0,1,0,1,0,1,0,0,19,9,0
c:\Users\arthur.menezes_evolu\Desktop\Pes\views-widgets-samples\MultiWindowPlayground\Application\src\main\java\com\android\multiwindowplayground\MainActivity.java,com.android.multiwindowplayground.MainActivity,class,12,12,0,12,8,3,0,12,21,0.0,0.0,0.0,7,0,6,0,1,0,7,0,0,0,0,0,0,0,0,0,0,0,0,45,0,0,0,0,0,6,4,6,0,6,1,0,0,0,43,1,0
c:\Users\arthur.menezes_evolu\Desktop\Pes\views-widgets-samples\ConstraintLayoutExamples\CycleEditor\src\com\google\androidstudio\motionlayoutcycles\CycleSetModel.java,com.google.androidstudio.motionlayoutcycles.CycleSetModel$Anonymous1,anonymous,2,2,0,2,15,1,0,4,0,0.0,NaN,NaN,1,0,1,0,0,0,1,0,0,0,0,0,0,0,0,0,0,0,0,48,0,1,0,0,0,13,1,2,0,3,3,0,0,0,14,-1,0
c:\Users\arthur.menezes_evolu\Desktop\Pes\views-widgets-samples\ConstraintLayoutExamples\motionlayout\src\main\java\com\google\androidstudio\motionlayoutexample\helpers\ExampleFlyinBounceHelper.java,com.google.androidstudio.motionlayoutexample.helpers.ExampleFlyinBounceHelper,class,7,7,0,7,6,2,0,5,6,0.75,0.0,0.0,4,0,4,0,0,0,4,0,0,0,1,0,0,0,1,0,0,0,0,24,0,1,1,0,0,1,4,5,0,5,2,0,0,0,30,1,0
c:\Users\arthur.menezes_evolu\Desktop\Pes\views-widgets-samples\SwipeRefreshLayoutBasic\Application\src\main\java\com\example\android\common\view\SlidingTabLayout.java,com.example.android.common.view.SlidingTabLayout$TabColorizer,interface,0,0,0,0,2,1,0,0,1,0.0,0.0,0.0,2,0,0,0,0,2,2,0,0,0,0,0,0,0,0,0,0,0,0,4,0,0,0,0,0,0,0,0,0,0,0,0,0,0,27,1,0
c:\Users\arthur.menezes_evolu\Desktop\Pes\views-widgets-samples\SwipeRefreshLayoutBasic\Application\tests\src\com\example\android\swiperefreshlayoutbasic\tests\SampleTests.java,com.example.android.swiperefreshlayoutbasic.tests.SampleTests$Anonymous1,anonymous,0,0,0,0,1,1,0,2,0,0.0,NaN,NaN,1,0,1,0,0,0,1,0,0,0,0,0,0,0,0,0,0,0,0,5,0,0,0,0,0,0,0,0,0,0,0,0,0,0,3,-1,0
c:\Users\arthur.menezes_evolu\Desktop\Pes\views-widgets-samples\SwipeRefreshMultipleViews\Application\src\main\java\com\example\android\common\logger\LogWrapper.java,LogWrapper,class,3,4,1,3,6,1,0,2,0,0.0,0.0,0.0,3,0,3,0,0,0,3,0,0,0,1,0,0,1,0,0,0,0,0,22,1,0,3,0,0,2,0,4,1,2,1,0,0,0,73,1,0
c:\Users\arthur.menezes_evolu\Desktop\Pes\views-widgets-samples\SwipeRefreshMultipleViews\Application\src\main\java\com\example\android\common\view\SlidingTabStrip.java,SimpleTabColorizer,innerclass,2,3,1,2,4,1,0,0,2,0.5,0.0,0.0,4,0,2,0,0,2,4,0,2,0,2,0,0,2,0,0,0,0,0,16,2,0,0,0,0,0,0,2,2,2,0,0,0,0,12,10,0
c:\Users\arthur.menezes_evolu\Desktop\Pes\views-widgets-samples\ConstraintLayoutExamples\CycleEditor\src\com\google\androidstudio\motionlayoutcycles\CycleModel.java,com.google.androidstudio.motionlayoutcycles.CycleModel$ParseResults,innerclass,2,2,0,2,9,1,0,1,14,0.8203125,0.0,0.0,8,0,0,0,0,8,8,0,0,0,16,0,0,0,0,16,4,0,1,52,0,1,0,0,0,0,11,23,2,17,1,0,0,0,33,0,0
c:\Users\arthur.menezes_evolu\Desktop\Pes\views-widgets-samples\DataBindingDataBoundRecyclerView\app\src\main\java\com\example\android\databoundrecyclerview\BaseDataBoundAdapter.java,com.example.android.databoundrecyclerview.BaseDataBoundAdapter$Anonymous1,anonymous,1,1,0,1,4,1,0,4,0,0.0,NaN,NaN,1,0,1,0,0,0,1,0,0,0,0,0,0,0,0,0,0,0,0,13,3,0,2,0,0,0,0,1,0,1,1,0,0,0,18,-1,0
c:\Users\arthur.menezes_evolu\Desktop\Pes\views-widgets-samples\SwipeRefreshMultipleViews\Application\src\main\java\com\example\android\swiperefreshmultipleviews\SwipeRefreshMultipleViewsFragment.java,com.example.android.swiperefreshmultipleviews.SwipeRefreshMultipleViewsFragment,class,16,21,5,16,11,3,0,21,5,0.6666667,0.0,0.0,7,0,5,2,0,0,5,0,0,0,6,2,0,6,0,0,2,0,4,81,4,1,0,0,0,4,1,7,0,7,2,1,1,0,145,1,0
c:\Users\arthur.menezes_evolu\Desktop\Pes\views-widgets-samples\DataBindingDataBoundRecyclerView\app\src\main\java\com\example\android\databoundrecyclerview\MainActivity.java,com.example.android.databoundrecyclerview.MainActivity$MixedAdapter,innerclass,5,5,0,5,5,3,0,3,1,0.33333334,0.0,0.0,3,0,2,0,1,0,3,0,0,0,1,0,0,1,0,0,0,0,0,21,2,0,0,0,0,1,0,2,1,2,1,0,0,0,76,10,0
c:\Users\arthur.menezes_evolu\Desktop\Pes\views-widgets-samples\SwipeRefreshMultipleViews\Application\src\main\java\com\example\android\common\activities\SampleActivityBase.java,SampleActivityBase,class,4,4,0,4,3,1,0,5,3,0.6666667,0.0,0.0,3,0,1,0,2,0,3,0,0,0,1,1,1,0,0,0,1,0,0,15,0,0,0,0,0,2,0,2,0,2,0,0,0,0,32,1,0
c:\Users\arthur.menezes_evolu\Desktop\Pes\views-widgets-samples\ConstraintLayoutExamples\CycleEditor\src\com\google\androidstudio\motionlayoutcycles\CycleView.java,com.google.androidstudio.motionlayoutcycles.CycleView$Oscillator,innerclass,3,3,0,3,20,1,0,9,7,0.73611116,0.0,0.0,6,0,5,0,0,1,6,0,0,0,12,7,7,1,0,4,7,0,10,87,8,4,1,0,16,0,62,42,67,29,1,0,0,0,46,8,0
c:\Users\arthur.menezes_evolu\Desktop\Pes\views-widgets-samples\MultiWindowPlayground\Application\src\main\java\com\android\multiwindowplayground\activities\CustomConfigurationChangeActivity.java,com.android.multiwindowplayground.activities.CustomConfigurationChangeActivity,class,3,4,1,3,2,3,0,5,1,0.0,0.0,0.0,2,0,1,0,1,0,2,0,0,0,0,0,0,0,0,0,0,0,0,11,0,0,0,0,0,0,0,0,0,0,0,0,0,0,46,1,0
c:\Users\arthur.menezes_evolu\Desktop\Pes\views-widgets-samples\DataBindingDataBoundRecyclerView\app\src\main\java\com\example\android\databoundrecyclerview\DataBoundAdapter.java,com.example.android.databoundrecyclerview.DataBoundAdapter,class,3,5,2,3,2,2,0,0,0,0.0,0.0,0.0,2,0,2,0,0,0,2,0,0,0,1,0,0,1,0,0,1,0,0,9,1,0,0,0,0,0,0,1,0,1,0,0,0,0,46,1025,0
c:\Users\arthur.menezes_evolu\Desktop\Pes\views-widgets-samples\RecyclerViewAnimations\app\src\main\java\examples\android\com\recyclerviewanimations\MainActivity.java,examples.android.com.recyclerviewanimations.MainActivity$RVAdapter$Anonymous2,anonymous,2,2,0,2,4,1,0,4,0,0.0,NaN,NaN,1,0,1,0,0,0,1,0,0,0,0,0,0,0,0,0,0,0,0,15,0,0,0,0,0,0,0,0,0,0,1,0,0,0,8,-1,0
c:\Users\arthur.menezes_evolu\Desktop\Pes\views-widgets-samples\DataBindingDataBoundRecyclerView\app\src\main\java\com\example\android\databoundrecyclerview\MainActivity.java,com.example.android.databoundrecyclerview.MainActivity$Anonymous1,anonymous,2,2,0,2,2,1,0,4,1,0.0,0.0,0.0,2,0,2,0,0,0,2,0,0,0,0,0,0,0,0,0,0,0,0,8,0,0,0,0,0,0,1,0,1,0,0,0,0,0,6,-1,0
c:\Users\arthur.menezes_evolu\Desktop\Pes\views-widgets-samples\RecyclerView\Application\src\main\java\com\example\android\common\activities\SampleActivityBase.java,com.example.android.common.activities.SampleActivityBase,class,5,9,4,5,3,2,3,5,3,0.6666667,0.0,0.0,3,0,1,0,2,0,3,0,0,0,1,1,1,0,0,0,1,0,2,15,0,0,0,0,0,2,0,2,0,2,0,0,0,0,32,1,0
c:\Users\arthur.menezes_evolu\Desktop\Pes\views-widgets-samples\RecyclerViewAnimations\app\src\main\java\examples\android\com\recyclerviewanimations\MainActivity.java,examples.android.com.recyclerviewanimations.MainActivity$MyViewHolder,innerclass,4,4,0,4,2,2,0,3,0,0.25,0.0,0.0,2,0,2,0,0,0,2,0,0,0,2,0,2,0,0,0,0,0,0,12,1,0,0,0,0,2,0,2,1,2,0,0,0,0,11,8,0
c:\Users\arthur.menezes_evolu\Desktop\Pes\views-widgets-samples\ConstraintLayoutExamples\CycleEditor\src\com\google\androidstudio\motionlayoutcycles\Interpolator.java,com.google.androidstudio.motionlayoutcycles.Interpolator,class,5,9,4,5,8,1,3,0,21,0.92857146,0.0,0.0,7,1,1,0,0,6,7,6,0,0,2,2,0,0,0,2,2,0,0,16,2,0,1,0,0,0,2,2,0,2,1,0,0,0,23,1024,0
c:\Users\arthur.menezes_evolu\Desktop\Pes\views-widgets-samples\DataBindingDataBoundList\app\src\main\java\com\example\android\databoundlist\ListBindingAdapters.java,com.example.android.databoundlist.ListBindingAdapters$EntryChangeListener,innerclass,7,7,0,7,16,2,0,11,0,0.071428575,0.0,0.0,7,0,7,0,0,0,7,0,0,0,2,0,0,2,0,0,1,0,7,63,4,4,4,0,1,0,7,17,4,16,1,0,0,0,52,10,0
c:\Users\arthur.menezes_evolu\Desktop\Pes\views-widgets-samples\ConstraintLayoutExamples\CycleEditor\src\com\google\androidstudio\motionlayoutcycles\Easing.java,com.google.androidstudio.motionlayoutcycles.Easing$CubicEasing,innerclass,2,2,0,2,15,2,0,8,0,0.44444445,0.0,0.0,9,0,3,4,0,2,5,0,0,0,3,2,0,2,0,1,0,0,4,92,8,2,0,0,9,0,35,46,56,35,2,0,0,0,37,8,0
c:\Users\arthur.menezes_evolu\Desktop\Pes\views-widgets-samples\MultiWindowPlayground\Application\src\main\java\com\example\android\common\logger\LogFragment.java,com.example.android.common.logger.LogFragment$Anonymous1$Anonymous2,anonymous,0,0,0,0,1,1,0,3,0,0.0,NaN,NaN,1,0,1,0,0,0,1,0,0,0,0,0,0,0,0,0,0,0,0,5,0,0,0,0,0,0,1,0,1,0,0,0,0,0,1,-1,0
c:\Users\arthur.menezes_evolu\Desktop\Pes\views-widgets-samples\CardView\Application\tests\src\com\example\android\cardview\SampleTests.java,com.example.android.cardview.SampleTests$Anonymous2,anonymous,0,0,0,0,1,1,0,3,0,0.0,NaN,NaN,1,0,1,0,0,0,1,0,0,0,0,0,0,0,0,0,0,0,0,7,0,0,0,0,0,0,1,1,0,1,0,0,0,0,4,-1,0
c:\Users\arthur.menezes_evolu\Desktop\Pes\views-widgets-samples\SwipeRefreshLayoutBasic\Application\src\main\java\com\example\android\common\view\SlidingTabStrip.java,com.example.android.common.view.SlidingTabStrip$SimpleTabColorizer,innerclass,2,2,0,2,4,1,0,0,2,0.5,0.0,0.0,4,0,2,0,0,2,4,0,2,0,2,0,0,2,0,0,0,0,0,16,2,0,0,0,0,0,0,2,2,2,0,0,0,0,12,10,0
c:\Users\arthur.menezes_evolu\Desktop\Pes\views-widgets-samples\CardView\Application\tests\src\com\example\android\cardview\SampleTests.java,com.example.android.cardview.SampleTests$Anonymous1,anonymous,0,0,0,0,1,1,0,3,0,0.0,NaN,NaN,1,0,1,0,0,0,1,0,0,0,0,0,0,0,0,0,0,0,0,7,0,0,0,0,0,0,1,1,0,1,0,0,0,0,4,-1,0
c:\Users\arthur.menezes_evolu\Desktop\Pes\views-widgets-samples\CardView\Application\src\main\java\com\example\android\cardview\CardViewFragment.java,com.example.android.cardview.CardViewFragment$Anonymous1,anonymous,1,1,0,1,3,1,0,3,3,0.0,0.0,0.0,3,0,3,0,0,0,3,0,0,0,0,0,0,0,0,0,0,0,1,10,0,0,0,0,0,1,0,0,0,0,0,0,0,0,14,-1,0
c:\Users\arthur.menezes_evolu\Desktop\Pes\views-widgets-samples\ConstraintLayoutExamples\motionlayout\src\main\java\com\google\androidstudio\motionlayoutexample\helpers\FadeOut.java,com.google.androidstudio.motionlayoutexample.helpers.FadeOut,class,4,4,0,4,4,2,0,1,6,0.0,0.0,0.0,4,0,4,0,0,0,4,0,0,0,0,0,0,0,0,0,0,0,0,14,0,0,0,0,0,0,1,0,1,0,0,0,0,0,17,1,0
c:\Users\arthur.menezes_evolu\Desktop\Pes\views-widgets-samples\CardView\Application\src\main\java\com\example\android\cardview\CardViewFragment.java,com.example.android.cardview.CardViewFragment$Anonymous2,anonymous,1,1,0,1,3,1,0,3,3,0.0,0.0,0.0,3,0,3,0,0,0,3,0,0,0,0,0,0,0,0,0,0,0,1,10,0,0,0,0,0,1,0,0,0,0,0,0,0,0,14,-1,0
c:\Users\arthur.menezes_evolu\Desktop\Pes\views-widgets-samples\SwipeRefreshMultipleViews\Application\src\main\java\com\example\android\common\logger\LogNode.java,LogNode,interface,0,4,4,0,1,1,9,0,0,0.0,NaN,NaN,1,0,1,0,0,0,1,0,0,0,0,0,0,0,0,0,0,0,0,3,0,0,0,0,0,0,0,0,0,0,0,0,0,0,84,1,0
c:\Users\arthur.menezes_evolu\Desktop\Pes\views-widgets-samples\MultiWindowPlayground\Application\src\main\java\com\example\android\common\logger\Log.java,com.example.android.common.logger.Log,class,2,15,13,2,19,1,0,8,147,0.9375,0.0,0.0,18,18,18,0,0,0,18,0,0,0,8,8,7,1,0,0,7,0,15,66,1,0,1,0,0,0,1,8,0,8,1,0,0,0,100,1,0
c:\Users\arthur.menezes_evolu\Desktop\Pes\views-widgets-samples\RecyclerViewAnimations\app\src\main\java\examples\android\com\recyclerviewanimations\MainActivity.java,examples.android.com.recyclerviewanimations.MainActivity$RVAdapter,innerclass,7,7,0,7,13,2,0,20,4,0.5555556,0.0,0.0,9,0,4,5,0,0,4,0,0,0,2,0,0,1,0,1,0,0,4,70,3,1,3,0,6,1,5,14,4,14,1,1,0,0,59,2,0
c:\Users\arthur.menezes_evolu\Desktop\Pes\views-widgets-samples\RecyclerViewAnimations\app\src\main\java\examples\android\com\recyclerviewanimations\MainActivity.java,examples.android.com.recyclerviewanimations.MainActivity$MyChangeAnimator$AnimatorInfo,innerclass,2,2,0,2,1,1,0,0,0,0.0,NaN,NaN,1,0,1,0,0,0,1,0,0,0,2,0,0,0,0,2,0,0,0,11,0,0,0,0,0,0,0,5,0,5,0,0,0,0,39,2,0
c:\Users\arthur.menezes_evolu\Desktop\Pes\views-widgets-samples\MultiWindowPlayground\Application\src\main\java\com\example\android\common\logger\LogView.java,com.example.android.common.logger.LogView$Anonymous1,anonymous,1,1,0,1,1,1,0,2,0,0.0,NaN,NaN,1,0,1,0,0,0,1,0,0,0,0,0,0,0,0,0,0,0,0,5,0,0,0,0,0,0,0,0,0,0,0,0,0,0,4,-1,0
c:\Users\arthur.menezes_evolu\Desktop\Pes\views-widgets-samples\RecyclerView\Application\src\main\java\com\example\android\recyclerview\RecyclerViewFragment.java,com.example.android.recyclerview.RecyclerViewFragment$LayoutManagerType,enum,0,0,0,0,0,1,0,0,0,0.0,-1.0,-1.0,0,0,0,0,0,0,0,0,0,0,0,0,0,0,0,0,0,0,0,1,0,0,0,0,0,0,0,0,0,0,0,0,0,0,17,2,0
c:\Users\arthur.menezes_evolu\Desktop\Pes\views-widgets-samples\MultiWindowPlayground\Application\src\main\java\com\example\android\common\logger\LogFragment.java,com.example.android.common.logger.LogFragment$Anonymous1,anonymous,1,1,0,1,3,1,0,1,3,0.0,0.0,0.0,3,0,3,0,0,0,3,0,0,0,0,0,0,0,0,0,0,0,0,14,0,0,0,0,0,0,0,0,0,0,0,1,0,0,11,-1,0
c:\Users\arthur.menezes_evolu\Desktop\Pes\views-widgets-samples\SwipeRefreshMultipleViews\Application\src\main\java\com\example\android\common\view\SlidingTabLayout.java,TabClickListener,innerclass,2,3,1,2,3,1,0,3,0,0.0,NaN,NaN,1,0,1,0,0,0,1,0,0,0,0,0,0,0,0,0,0,0,0,10,1,1,1,0,0,0,1,1,0,1,2,0,0,0,7,2,0
c:\Users\arthur.menezes_evolu\Desktop\Pes\views-widgets-samples\DataBindingDataBoundRecyclerView\app\src\main\java\com\example\android\databoundrecyclerview\BaseDataBoundAdapter.java,com.example.android.databoundrecyclerview.BaseDataBoundAdapter,class,9,12,3,9,13,1,1,7,34,0.8518519,0.0,0.0,9,0,7,1,1,0,8,2,3,0,3,1,0,3,0,0,2,0,1,51,4,1,1,0,0,1,0,5,0,4,2,1,0,0,129,1025,0
c:\Users\arthur.menezes_evolu\Desktop\Pes\views-widgets-samples\ConstraintLayoutExamples\CycleEditor\src\com\google\androidstudio\motionlayoutcycles\AnimationPanel.java,com.google.androidstudio.motionlayoutcycles.AnimationPanel,class,5,8,3,5,30,5,0,45,3,0.8249998,0.0,0.0,10,0,9,0,0,1,10,0,0,0,24,9,1,14,0,9,5,0,10,172,1,0,9,0,26,21,88,72,58,50,2,0,0,2,118,0,0
c:\Users\arthur.menezes_evolu\Desktop\Pes\views-widgets-samples\SwipeRefreshLayoutBasic\Application\src\main\java\com\example\android\common\view\SlidingTabStrip.java,com.example.android.common.view.SlidingTabStrip,class,11,14,3,11,15,2,0,29,16,0.8024692,0.0,0.0,9,2,0,2,1,6,7,0,0,0,18,7,0,18,0,0,15,0,5,118,2,1,2,0,16,0,21,43,31,38,3,0,1,0,124,0,0
c:\Users\arthur.menezes_evolu\Desktop\Pes\views-widgets-samples\SimpleTransition\app\src\main\java\com\android\example\simpletransition\MainActivity.java,com.android.example.simpletransition.MainActivity,class,11,12,1,11,15,2,0,14,1,0.3333333,0.0,0.0,3,0,1,1,1,0,2,0,0,0,4,0,0,0,0,4,0,0,0,79,0,0,0,0,1,4,12,19,0,16,1,0,0,0,67,1,0
c:\Users\arthur.menezes_evolu\Desktop\Pes\views-widgets-samples\ConstraintLayoutExamples\CycleEditor\src\com\google\androidstudio\motionlayoutcycles\CycleEdit.java,com.google.androidstudio.motionlayoutcycles.CycleEdit$TabUI,innerclass,0,0,0,0,3,5,0,11,0,0.33333334,0.0,0.0,3,0,2,0,0,1,3,0,0,0,2,0,0,0,0,2,0,0,1,31,0,0,0,0,0,1,8,2,0,2,0,0,0,0,23,0,0
c:\Users\arthur.menezes_evolu\Desktop\Pes\views-widgets-samples\SwipeRefreshMultipleViews\Application\tests\src\com\example\android\swiperefreshmultipleviews\tests\SampleTests.java,com.example.android.swiperefreshmultipleviews.tests.SampleTests,class,5,6,1,5,8,2,0,17,0,0.42857143,0.0,0.0,7,0,5,1,1,0,6,0,0,0,3,0,0,3,0,0,0,0,2,47,0,1,0,0,0,3,7,3,2,3,1,2,0,0,50,1,0
c:\Users\arthur.menezes_evolu\Desktop\Pes\views-widgets-samples\DataBindingDataBoundRecyclerView\app\src\main\java\com\example\android\databoundrecyclerview\City.java,com.example.android.databoundrecyclerview.City,class,2,7,5,2,5,2,0,1,2,0.5,0.0,0.0,5,0,5,0,0,0,5,0,0,0,2,0,0,2,0,0,0,0,0,21,2,0,0,0,0,0,0,3,0,2,0,0,0,0,14,1,0
