file,class,method,constructor,line,cbo,cboModified,fanin,fanout,wmc,rfc,loc,returnsQty,variablesQty,parametersQty,methodsInvokedQty,methodsInvokedLocalQty,methodsInvokedIndirectLocalQty,loopQty,comparisonsQty,tryCatchQty,parenthesizedExpsQty,stringLiteralsQty,numbersQty,assignmentsQty,mathOperationsQty,maxNestedBlocksQty,anonymousClassesQty,innerClassesQty,lambdasQty,uniqueWordsQty,modifiers,logStatementsQty,hasJavaDoc
c:\Users\arthur.menezes_evolu\Desktop\Pes\dexposed\dexposed\src\main\java\com\taobao\android\dexposed\XposedHelpers.java,com.taobao.android.dexposed.XposedHelpers,getParametersString/1[java.lang.Class<?>[]],false,369,0,4,4,0,4,3,12,1,2,1,3,0,0,1,1,0,0,4,0,3,0,2,0,0,0,11,10,0,false
c:\Users\arthur.menezes_evolu\Desktop\Pes\dexposed\dexposed\src\main\java\com\taobao\android\dexposed\XposedHelpers.java,com.taobao.android.dexposed.XposedHelpers,"getStaticIntField/2[java.lang.Class<?>,java.lang.String]",false,889,2,2,0,2,3,4,12,1,0,2,4,1,2,0,0,1,0,0,0,0,0,1,0,0,0,14,9,0,false
c:\Users\arthur.menezes_evolu\Desktop\Pes\dexposed\dexposed\src\main\java\com\taobao\android\dexposed\XposedHelpers.java,com.taobao.android.dexposed.XposedHelpers,"findConstructorBestMatch/3[java.lang.Class<?>,java.lang.Class<?>[],java.lang.Object[]]",false,462,1,3,1,2,4,2,9,1,2,3,2,2,3,1,2,0,0,0,1,4,0,2,0,0,0,11,9,0,false
c:\Users\arthur.menezes_evolu\Desktop\Pes\dexposed\dexposed\src\main\java\com\taobao\android\dexposed\XposedHelpers.java,com.taobao.android.dexposed.XposedHelpers,"setStaticDoubleField/3[java.lang.Class<?>,java.lang.String,double]",false,756,2,2,0,2,3,4,12,0,0,3,4,1,2,0,0,1,0,0,0,0,0,1,0,0,0,12,9,0,false
c:\Users\arthur.menezes_evolu\Desktop\Pes\dexposed\dexposed\src\main\java\com\taobao\android\dexposed\XposedHelpers.java,com.taobao.android.dexposed.XposedHelpers,"setStaticShortField/3[java.lang.Class<?>,java.lang.String,short]",false,804,2,2,0,2,3,4,12,0,0,3,4,1,2,0,0,1,0,0,0,0,0,1,0,0,0,12,9,0,false
c:\Users\arthur.menezes_evolu\Desktop\Pes\dexposed\dexposed\src\main\java\com\taobao\android\dexposed\XposedHelpers.java,com.taobao.android.dexposed.XposedHelpers,"newInstance/3[java.lang.Class<?>,java.lang.Class<?>[],java.lang.Object[]]",false,1029,4,3,0,3,5,5,18,1,0,3,5,1,4,0,0,1,0,0,0,0,0,1,0,0,0,17,9,0,false
c:\Users\arthur.menezes_evolu\Desktop\Pes\dexposed\dexposed\src\main\java\com\taobao\android\dexposed\XposedHelpers.java,com.taobao.android.dexposed.XposedHelpers,"setStaticByteField/3[java.lang.Class<?>,java.lang.String,byte]",false,732,2,2,0,2,3,4,12,0,0,3,4,1,2,0,0,1,0,0,0,0,0,1,0,0,0,12,9,0,false
c:\Users\arthur.menezes_evolu\Desktop\Pes\dexposed\dexposed\src\main\java\com\taobao\android\dexposed\XposedHelpers.java,com.taobao.android.dexposed.XposedHelpers,"assetAsByteArray/2[com.taobao.android.dexposed.Resources,java.lang.String]",false,1130,2,0,0,0,2,6,11,1,4,2,6,0,0,1,0,0,1,0,3,4,0,1,0,0,0,25,9,0,true
c:\Users\arthur.menezes_evolu\Desktop\Pes\dexposed\dexposed\src\main\java\com\taobao\android\dexposed\XposedHelpers.java,com.taobao.android.dexposed.XposedHelpers,"findMethodBestMatch/3[java.lang.Class<?>,java.lang.String,java.lang.Object[]]",false,327,1,4,2,2,1,2,3,1,0,3,2,2,3,0,0,0,0,0,0,0,0,0,0,0,0,39,9,0,true
c:\Users\arthur.menezes_evolu\Desktop\Pes\dexposed\dexposed\src\main\java\com\taobao\android\dexposed\XposedHelpers.java,com.taobao.android.dexposed.XposedHelpers,"setObjectField/3[java.lang.Object,java.lang.String,java.lang.Object]",false,485,2,2,0,2,3,5,12,0,0,3,5,1,2,0,0,1,0,0,0,0,0,1,0,0,0,11,9,0,false
c:\Users\arthur.menezes_evolu\Desktop\Pes\dexposed\dexposed\src\main\java\com\taobao\android\dexposed\XposedHelpers.java,com.taobao.android.dexposed.XposedHelpers,"getByteField/2[java.lang.Object,java.lang.String]",false,623,2,2,0,2,3,5,12,1,0,2,5,1,2,0,0,1,0,0,0,0,0,1,0,0,0,14,9,0,false
c:\Users\arthur.menezes_evolu\Desktop\Pes\dexposed\dexposed\src\main\java\com\taobao\android\dexposed\XposedHelpers.java,com.taobao.android.dexposed.XposedHelpers,getMD5Sum/1[java.lang.String],false,1147,1,0,0,0,3,6,18,2,6,1,6,0,0,1,0,1,1,2,6,7,0,2,0,0,0,32,9,0,true
c:\Users\arthur.menezes_evolu\Desktop\Pes\dexposed\dexposed\src\main\java\com\taobao\android\dexposed\XposedHelpers.java,com.taobao.android.dexposed.XposedHelpers,"setShortField/3[java.lang.Object,java.lang.String,short]",false,581,2,2,0,2,3,5,12,0,0,3,5,1,2,0,0,1,0,0,0,0,0,1,0,0,0,12,9,0,false
c:\Users\arthur.menezes_evolu\Desktop\Pes\dexposed\dexposed\src\main\java\com\taobao\android\dexposed\XposedHelpers.java,com.taobao.android.dexposed.XposedHelpers,"getShortField/2[java.lang.Object,java.lang.String]",false,695,2,2,0,2,3,5,12,1,0,2,5,1,2,0,0,1,0,0,0,0,0,1,0,0,0,14,9,0,false
c:\Users\arthur.menezes_evolu\Desktop\Pes\dexposed\dexposed\src\main\java\com\taobao\android\dexposed\XposedHelpers.java,com.taobao.android.dexposed.XposedHelpers,"findMethodExact/3[java.lang.Class<?>,java.lang.String,java.lang.Object[]]",false,145,3,5,2,3,8,3,14,1,3,3,3,2,2,1,3,0,0,2,4,7,2,3,0,0,0,53,9,0,true
c:\Users\arthur.menezes_evolu\Desktop\Pes\dexposed\dexposed\src\main\java\com\taobao\android\dexposed\XposedHelpers.java,com.taobao.android.dexposed.XposedHelpers,"getIntField/2[java.lang.Object,java.lang.String]",false,671,2,4,2,2,3,5,12,1,0,2,5,1,2,0,0,1,0,0,0,0,0,1,0,0,0,14,9,0,false
c:\Users\arthur.menezes_evolu\Desktop\Pes\dexposed\dexposed\src\main\java\com\taobao\android\dexposed\XposedHelpers.java,com.taobao.android.dexposed.XposedHelpers,"setByteField/3[java.lang.Object,java.lang.String,byte]",false,509,2,2,0,2,3,5,12,0,0,3,5,1,2,0,0,1,0,0,0,0,0,1,0,0,0,12,9,0,false
c:\Users\arthur.menezes_evolu\Desktop\Pes\dexposed\dexposed\src\main\java\com\taobao\android\dexposed\XposedHelpers.java,com.taobao.android.dexposed.XposedHelpers,"getFloatField/2[java.lang.Object,java.lang.String]",false,659,2,2,0,2,3,5,12,1,0,2,5,1,2,0,0,1,0,0,0,0,0,1,0,0,0,14,9,0,false
c:\Users\arthur.menezes_evolu\Desktop\Pes\dexposed\dexposed\src\main\java\com\taobao\android\dexposed\XposedHelpers.java,com.taobao.android.dexposed.XposedHelpers,"setAdditionalStaticField/3[java.lang.Class<?>,java.lang.String,java.lang.Object]",false,1114,1,1,0,1,1,1,3,1,0,3,1,1,1,0,0,0,0,0,0,0,0,0,0,0,0,7,9,0,false
c:\Users\arthur.menezes_evolu\Desktop\Pes\dexposed\dexposed\src\main\java\com\taobao\android\dexposed\XposedHelpers.java,com.taobao.android.dexposed.XposedHelpers,getClassesAsArray/1[java.lang.Class<?>[]],false,365,0,0,0,0,1,0,3,1,0,1,0,0,0,0,0,0,0,0,0,0,0,0,0,0,0,14,9,0,true
c:\Users\arthur.menezes_evolu\Desktop\Pes\dexposed\dexposed\src\main\java\com\taobao\android\dexposed\XposedHelpers.java,com.taobao.android.dexposed.XposedHelpers,"setStaticCharField/3[java.lang.Class<?>,java.lang.String,char]",false,744,2,2,0,2,3,4,12,0,0,3,4,1,2,0,0,1,0,0,0,0,0,1,0,0,0,12,9,0,false
c:\Users\arthur.menezes_evolu\Desktop\Pes\dexposed\dexposed\src\main\java\com\taobao\android\dexposed\XposedHelpers.java,com.taobao.android.dexposed.XposedHelpers,"findFieldRecursiveImpl/2[java.lang.Class<?>,java.lang.String]",false,100,0,1,1,0,6,3,17,2,0,2,3,0,0,1,1,2,0,0,0,1,0,3,0,0,0,14,10,0,false
c:\Users\arthur.menezes_evolu\Desktop\Pes\dexposed\dexposed\src\main\java\com\taobao\android\dexposed\XposedHelpers.java,com.taobao.android.dexposed.XposedHelpers,"getCharField/2[java.lang.Object,java.lang.String]",false,635,2,2,0,2,3,5,12,1,0,2,5,1,2,0,0,1,0,0,0,0,0,1,0,0,0,14,9,0,false
c:\Users\arthur.menezes_evolu\Desktop\Pes\dexposed\dexposed\src\main\java\com\taobao\android\dexposed\XposedHelpers.java,com.taobao.android.dexposed.XposedHelpers,"setStaticBooleanField/3[java.lang.Class<?>,java.lang.String,boolean]",false,720,2,2,0,2,3,4,12,0,0,3,4,1,2,0,0,1,0,0,0,0,0,1,0,0,0,12,9,0,false
c:\Users\arthur.menezes_evolu\Desktop\Pes\dexposed\dexposed\src\main\java\com\taobao\android\dexposed\XposedHelpers.java,com.taobao.android.dexposed.XposedHelpers,"setCharField/3[java.lang.Object,java.lang.String,char]",false,521,2,2,0,2,3,5,12,0,0,3,5,1,2,0,0,1,0,0,0,0,0,1,0,0,0,12,9,0,false
c:\Users\arthur.menezes_evolu\Desktop\Pes\dexposed\dexposed\src\main\java\com\taobao\android\dexposed\XposedHelpers.java,com.taobao.android.dexposed.XposedHelpers,"getBooleanField/2[java.lang.Object,java.lang.String]",false,611,2,2,0,2,3,5,12,1,0,2,5,1,2,0,0,1,0,0,0,0,0,1,0,0,0,14,9,0,false
c:\Users\arthur.menezes_evolu\Desktop\Pes\dexposed\dexposed\src\main\java\com\taobao\android\dexposed\XposedHelpers.java,com.taobao.android.dexposed.XposedHelpers,"removeAdditionalStaticField/2[java.lang.Class<?>,java.lang.String]",false,1122,1,1,0,1,1,1,3,1,0,2,1,1,1,0,0,0,0,0,0,0,0,0,0,0,0,7,9,0,false
c:\Users\arthur.menezes_evolu\Desktop\Pes\dexposed\dexposed\src\main\java\com\taobao\android\dexposed\XposedHelpers.java,com.taobao.android.dexposed.XposedHelpers,"findConstructorBestMatch/2[java.lang.Class<?>,java.lang.Class<?>[]]",false,413,1,4,2,2,6,10,32,3,7,2,10,2,2,1,2,1,0,1,0,7,0,2,0,0,0,25,9,0,false
c:\Users\arthur.menezes_evolu\Desktop\Pes\dexposed\dexposed\src\main\java\com\taobao\android\dexposed\XposedHelpers.java,com.taobao.android.dexposed.XposedHelpers,"getAdditionalInstanceField/2[java.lang.Object,java.lang.String]",false,1066,0,2,2,0,4,2,12,2,1,2,2,0,0,0,3,0,0,2,0,1,0,2,0,0,0,17,9,0,false
c:\Users\arthur.menezes_evolu\Desktop\Pes\dexposed\dexposed\src\main\java\com\taobao\android\dexposed\XposedHelpers.java,com.taobao.android.dexposed.XposedHelpers,"setStaticFloatField/3[java.lang.Class<?>,java.lang.String,float]",false,768,2,2,0,2,3,4,12,0,0,3,4,1,2,0,0,1,0,0,0,0,0,1,0,0,0,12,9,0,false
c:\Users\arthur.menezes_evolu\Desktop\Pes\dexposed\dexposed\src\main\java\com\taobao\android\dexposed\XposedHelpers.java,com.taobao.android.dexposed.XposedHelpers,"getStaticDoubleField/2[java.lang.Class<?>,java.lang.String]",false,865,2,2,0,2,3,4,12,1,0,2,4,1,2,0,0,1,0,0,0,0,0,1,0,0,0,14,9,0,false
c:\Users\arthur.menezes_evolu\Desktop\Pes\dexposed\dexposed\src\main\java\com\taobao\android\dexposed\XposedHelpers.java,com.taobao.android.dexposed.XposedHelpers,"removeAdditionalInstanceField/2[java.lang.Object,java.lang.String]",false,1084,0,2,2,0,4,2,12,2,1,2,2,0,0,0,3,0,0,2,0,1,0,2,0,0,0,17,9,0,false
c:\Users\arthur.menezes_evolu\Desktop\Pes\dexposed\dexposed\src\main\java\com\taobao\android\dexposed\XposedHelpers.java,com.taobao.android.dexposed.XposedHelpers,"getStaticBooleanField/2[java.lang.Class<?>,java.lang.String]",false,829,2,2,0,2,3,4,12,1,0,2,4,1,2,0,0,1,0,0,0,0,0,1,0,0,0,14,9,0,false
c:\Users\arthur.menezes_evolu\Desktop\Pes\dexposed\dexposed\src\main\java\com\taobao\android\dexposed\XposedHelpers.java,com.taobao.android.dexposed.XposedHelpers,getSurroundingThis/1[java.lang.Object],false,607,1,1,0,1,1,1,3,1,0,1,1,1,3,0,0,0,0,1,0,0,0,0,0,0,0,12,9,0,true
c:\Users\arthur.menezes_evolu\Desktop\Pes\dexposed\dexposed\src\main\java\com\taobao\android\dexposed\XposedHelpers.java,com.taobao.android.dexposed.XposedHelpers,"callStaticMethod/4[java.lang.Class<?>,java.lang.String,java.lang.Class<?>[],java.lang.Object[]]",false,988,3,3,0,3,4,5,15,1,0,4,5,1,4,0,0,1,0,0,0,0,0,1,0,0,0,40,9,0,true
c:\Users\arthur.menezes_evolu\Desktop\Pes\dexposed\dexposed\src\main\java\com\taobao\android\dexposed\XposedHelpers.java,com.taobao.android.dexposed.XposedHelpers,"setStaticObjectField/3[java.lang.Class<?>,java.lang.String,java.lang.Object]",false,708,2,2,0,2,3,4,12,0,0,3,4,1,2,0,0,1,0,0,0,0,0,1,0,0,0,12,9,0,false
c:\Users\arthur.menezes_evolu\Desktop\Pes\dexposed\dexposed\src\main\java\com\taobao\android\dexposed\XposedHelpers.java,com.taobao.android.dexposed.XposedHelpers,"getStaticCharField/2[java.lang.Class<?>,java.lang.String]",false,853,2,2,0,2,3,4,12,1,0,2,4,1,2,0,0,1,0,0,0,0,0,1,0,0,0,14,9,0,false
c:\Users\arthur.menezes_evolu\Desktop\Pes\dexposed\dexposed\src\main\java\com\taobao\android\dexposed\XposedHelpers.java,com.taobao.android.dexposed.XposedHelpers,"callMethod/4[java.lang.Object,java.lang.String,java.lang.Class<?>[],java.lang.Object[]]",false,950,3,3,0,3,4,6,15,1,0,4,6,1,4,0,0,1,0,0,0,0,0,1,0,0,0,42,9,0,true
c:\Users\arthur.menezes_evolu\Desktop\Pes\dexposed\dexposed\src\main\java\com\taobao\android\dexposed\XposedHelpers.java,com.taobao.android.dexposed.XposedHelpers,"findFirstFieldByExactType/2[java.lang.Class<?>,java.lang.Class<?>]",false,122,0,0,0,0,4,5,13,1,1,2,5,0,0,2,2,0,1,2,0,2,1,3,0,0,0,37,9,0,true
c:\Users\arthur.menezes_evolu\Desktop\Pes\dexposed\dexposed\src\main\java\com\taobao\android\dexposed\XposedHelpers.java,com.taobao.android.dexposed.XposedHelpers,"findConstructorBestMatch/2[java.lang.Class<?>,java.lang.Object[]]",false,458,1,3,1,2,1,2,3,1,0,2,2,2,3,0,0,0,0,0,0,0,0,0,0,0,0,5,9,0,false
c:\Users\arthur.menezes_evolu\Desktop\Pes\dexposed\dexposed\src\main\java\com\taobao\android\dexposed\XposedHelpers.java,com.taobao.android.dexposed.XposedHelpers,"newInstance/2[java.lang.Class<?>,java.lang.Object[]]",false,1013,4,3,0,3,5,5,18,1,0,2,5,1,4,0,0,1,0,0,0,0,0,1,0,0,0,17,9,0,false
c:\Users\arthur.menezes_evolu\Desktop\Pes\dexposed\dexposed\src\main\java\com\taobao\android\dexposed\XposedHelpers.java,com.taobao.android.dexposed.XposedHelpers,"findMethodBestMatch/4[java.lang.Class<?>,java.lang.String,java.lang.Class<?>[],java.lang.Object[]]",false,339,1,4,2,2,4,2,9,1,2,4,2,2,3,1,2,0,0,0,1,4,0,2,0,0,0,51,9,0,true
c:\Users\arthur.menezes_evolu\Desktop\Pes\dexposed\dexposed\src\main\java\com\taobao\android\dexposed\XposedHelpers.java,com.taobao.android.dexposed.XposedHelpers,"findField/2[java.lang.Class<?>,java.lang.String]",false,76,1,37,36,1,4,9,21,2,4,2,9,1,1,0,1,1,0,0,0,4,0,2,0,0,0,34,9,0,true
c:\Users\arthur.menezes_evolu\Desktop\Pes\dexposed\dexposed\src\main\java\com\taobao\android\dexposed\XposedHelpers.java,com.taobao.android.dexposed.XposedHelpers,"getStaticFloatField/2[java.lang.Class<?>,java.lang.String]",false,877,2,2,0,2,3,4,12,1,0,2,4,1,2,0,0,1,0,0,0,0,0,1,0,0,0,14,9,0,false
c:\Users\arthur.menezes_evolu\Desktop\Pes\dexposed\dexposed\src\main\java\com\taobao\android\dexposed\XposedHelpers.java,com.taobao.android.dexposed.XposedHelpers,"setIntField/3[java.lang.Object,java.lang.String,int]",false,557,2,2,0,2,3,5,12,0,0,3,5,1,2,0,0,1,0,0,0,0,0,1,0,0,0,12,9,0,false
c:\Users\arthur.menezes_evolu\Desktop\Pes\dexposed\dexposed\src\main\java\com\taobao\android\dexposed\XposedHelpers.java,com.taobao.android.dexposed.XposedHelpers,"setStaticLongField/3[java.lang.Class<?>,java.lang.String,long]",false,792,2,2,0,2,3,4,12,0,0,3,4,1,2,0,0,1,0,0,0,0,0,1,0,0,0,12,9,0,false
c:\Users\arthur.menezes_evolu\Desktop\Pes\dexposed\dexposed\src\main\java\com\taobao\android\dexposed\XposedHelpers.java,com.taobao.android.dexposed.XposedHelpers,"setLongField/3[java.lang.Object,java.lang.String,long]",false,569,2,2,0,2,3,5,12,0,0,3,5,1,2,0,0,1,0,0,0,0,0,1,0,0,0,12,9,0,false
c:\Users\arthur.menezes_evolu\Desktop\Pes\dexposed\dexposed\src\main\java\com\taobao\android\dexposed\XposedHelpers.java,com.taobao.android.dexposed.XposedHelpers,"getDoubleField/2[java.lang.Object,java.lang.String]",false,647,2,2,0,2,3,5,12,1,0,2,5,1,2,0,0,1,0,0,0,0,0,1,0,0,0,14,9,0,false
c:\Users\arthur.menezes_evolu\Desktop\Pes\dexposed\dexposed\src\main\java\com\taobao\android\dexposed\XposedHelpers.java,com.taobao.android.dexposed.XposedHelpers,"getAdditionalStaticField/2[java.lang.Class<?>,java.lang.String]",false,1118,1,1,0,1,1,1,3,1,0,2,1,1,1,0,0,0,0,0,0,0,0,0,0,0,0,7,9,0,false
c:\Users\arthur.menezes_evolu\Desktop\Pes\dexposed\dexposed\src\main\java\com\taobao\android\dexposed\XposedHelpers.java,com.taobao.android.dexposed.XposedHelpers,"findMethodBestMatch/3[java.lang.Class<?>,java.lang.String,java.lang.Class<?>[]]",false,266,1,4,2,2,9,14,40,3,8,3,14,2,2,2,3,1,1,1,0,10,0,3,0,0,0,53,9,0,true
c:\Users\arthur.menezes_evolu\Desktop\Pes\dexposed\dexposed\src\main\java\com\taobao\android\dexposed\XposedHelpers.java,com.taobao.android.dexposed.XposedHelpers,"getStaticObjectField/2[java.lang.Class<?>,java.lang.String]",false,817,2,2,0,2,3,4,12,1,0,2,4,1,2,0,0,1,0,0,0,0,0,1,0,0,0,14,9,0,false
c:\Users\arthur.menezes_evolu\Desktop\Pes\dexposed\dexposed\src\main\java\com\taobao\android\dexposed\XposedHelpers.java,com.taobao.android.dexposed.XposedHelpers,"getAdditionalStaticField/2[java.lang.Object,java.lang.String]",false,1106,1,1,0,1,1,2,3,1,0,2,2,1,1,0,0,0,0,0,0,0,0,0,0,0,0,7,9,0,false
c:\Users\arthur.menezes_evolu\Desktop\Pes\dexposed\dexposed\src\main\java\com\taobao\android\dexposed\XposedHelpers.java,com.taobao.android.dexposed.XposedHelpers,"setFloatField/3[java.lang.Object,java.lang.String,float]",false,545,2,2,0,2,3,5,12,0,0,3,5,1,2,0,0,1,0,0,0,0,0,1,0,0,0,12,9,0,false
c:\Users\arthur.menezes_evolu\Desktop\Pes\dexposed\dexposed\src\main\java\com\taobao\android\dexposed\XposedHelpers.java,com.taobao.android.dexposed.XposedHelpers,"findConstructorExact/2[java.lang.Class<?>,java.lang.Class<?>[]]",false,388,1,2,1,1,4,9,21,2,4,2,9,1,1,0,1,1,0,1,0,4,0,2,0,0,0,21,9,0,false
c:\Users\arthur.menezes_evolu\Desktop\Pes\dexposed\dexposed\src\main\java\com\taobao\android\dexposed\XposedHelpers.java,com.taobao.android.dexposed.XposedHelpers,"getStaticByteField/2[java.lang.Class<?>,java.lang.String]",false,841,2,2,0,2,3,4,12,1,0,2,4,1,2,0,0,1,0,0,0,0,0,1,0,0,0,14,9,0,false
c:\Users\arthur.menezes_evolu\Desktop\Pes\dexposed\dexposed\src\main\java\com\taobao\android\dexposed\XposedHelpers.java,com.taobao.android.dexposed.XposedHelpers,"getLongField/2[java.lang.Object,java.lang.String]",false,683,2,2,0,2,3,5,12,1,0,2,5,1,2,0,0,1,0,0,0,0,0,1,0,0,0,14,9,0,false
c:\Users\arthur.menezes_evolu\Desktop\Pes\dexposed\dexposed\src\main\java\com\taobao\android\dexposed\XposedHelpers.java,com.taobao.android.dexposed.XposedHelpers,"removeAdditionalStaticField/2[java.lang.Object,java.lang.String]",false,1110,1,1,0,1,1,2,3,1,0,2,2,1,1,0,0,0,0,0,0,0,0,0,0,0,0,7,9,0,false
c:\Users\arthur.menezes_evolu\Desktop\Pes\dexposed\dexposed\src\main\java\com\taobao\android\dexposed\XposedHelpers.java,com.taobao.android.dexposed.XposedHelpers,"getObjectField/2[java.lang.Object,java.lang.String]",false,594,2,3,1,2,3,5,12,1,0,2,5,1,2,0,0,1,0,0,0,0,0,1,0,0,0,13,9,0,false
c:\Users\arthur.menezes_evolu\Desktop\Pes\dexposed\dexposed\src\main\java\com\taobao\android\dexposed\XposedHelpers.java,com.taobao.android.dexposed.XposedHelpers,"setAdditionalInstanceField/3[java.lang.Object,java.lang.String,java.lang.Object]",false,1046,0,2,2,0,4,3,15,1,1,3,3,0,0,0,3,0,0,2,0,2,0,2,0,0,0,18,9,0,false
c:\Users\arthur.menezes_evolu\Desktop\Pes\dexposed\dexposed\src\main\java\com\taobao\android\dexposed\XposedHelpers.java,com.taobao.android.dexposed.XposedHelpers,"getStaticLongField/2[java.lang.Class<?>,java.lang.String]",false,901,2,2,0,2,3,4,12,1,0,2,4,1,2,0,0,1,0,0,0,0,0,1,0,0,0,14,9,0,false
c:\Users\arthur.menezes_evolu\Desktop\Pes\dexposed\dexposed\src\main\java\com\taobao\android\dexposed\XposedHelpers.java,com.taobao.android.dexposed.XposedHelpers,"callStaticMethod/3[java.lang.Class<?>,java.lang.String,java.lang.Object[]]",false,968,3,3,0,3,4,5,15,1,0,3,5,1,4,0,0,1,0,0,0,0,0,1,0,0,0,29,9,0,true
c:\Users\arthur.menezes_evolu\Desktop\Pes\dexposed\dexposed\src\main\java\com\taobao\android\dexposed\XposedHelpers.java,com.taobao.android.dexposed.XposedHelpers,"setAdditionalStaticField/3[java.lang.Object,java.lang.String,java.lang.Object]",false,1102,1,1,0,1,1,2,3,1,0,3,2,1,1,0,0,0,0,0,0,0,0,0,0,0,0,7,9,0,false
c:\Users\arthur.menezes_evolu\Desktop\Pes\dexposed\dexposed\src\main\java\com\taobao\android\dexposed\XposedHelpers.java,com.taobao.android.dexposed.XposedHelpers,"setStaticIntField/3[java.lang.Class<?>,java.lang.String,int]",false,780,2,2,0,2,3,4,12,0,0,3,4,1,2,0,0,1,0,0,0,0,0,1,0,0,0,12,9,0,false
c:\Users\arthur.menezes_evolu\Desktop\Pes\dexposed\dexposed\src\main\java\com\taobao\android\dexposed\XposedHelpers.java,com.taobao.android.dexposed.XposedHelpers,"findMethodsByExactParameters/3[java.lang.Class<?>,java.lang.Class<?>,java.lang.Class<?>[]]",false,234,0,0,0,0,8,7,19,1,4,3,7,0,0,2,4,0,0,0,1,5,0,3,0,0,0,43,9,0,true
c:\Users\arthur.menezes_evolu\Desktop\Pes\dexposed\dexposed\src\main\java\com\taobao\android\dexposed\XposedHelpers.java,com.taobao.android.dexposed.XposedHelpers,"findMethodExact/4[java.lang.String,java.lang.ClassLoader,java.lang.String,java.lang.Object[]]",false,189,1,2,0,2,1,2,3,1,0,4,2,2,3,0,0,0,0,0,0,0,0,0,0,0,0,6,9,0,true
c:\Users\arthur.menezes_evolu\Desktop\Pes\dexposed\dexposed\src\main\java\com\taobao\android\dexposed\XposedHelpers.java,com.taobao.android.dexposed.XposedHelpers,getParameterTypes/1[java.lang.Object[]],false,354,0,4,4,0,3,1,7,1,2,1,1,0,0,1,1,0,1,0,1,3,0,1,0,0,0,16,9,0,true
c:\Users\arthur.menezes_evolu\Desktop\Pes\dexposed\dexposed\src\main\java\com\taobao\android\dexposed\XposedHelpers.java,com.taobao.android.dexposed.XposedHelpers,"getStaticShortField/2[java.lang.Class<?>,java.lang.String]",false,913,2,2,0,2,3,4,12,1,0,2,4,1,2,0,0,1,0,0,0,0,0,1,0,0,0,14,9,0,false
c:\Users\arthur.menezes_evolu\Desktop\Pes\dexposed\dexposed\src\main\java\com\taobao\android\dexposed\XposedHelpers.java,com.taobao.android.dexposed.XposedHelpers,"callMethod/3[java.lang.Object,java.lang.String,java.lang.Object[]]",false,930,3,3,0,3,4,6,15,1,0,3,6,1,4,0,0,1,0,0,0,0,0,1,0,0,0,31,9,0,true
c:\Users\arthur.menezes_evolu\Desktop\Pes\dexposed\dexposed\src\main\java\com\taobao\android\dexposed\XposedHelpers.java,com.taobao.android.dexposed.XposedHelpers,"findMethodExact/3[java.lang.Class<?>,java.lang.String,java.lang.Class<?>[]]",false,202,1,4,3,1,4,10,23,2,4,3,10,1,1,0,1,1,0,1,0,4,0,2,0,0,0,37,9,0,true
c:\Users\arthur.menezes_evolu\Desktop\Pes\dexposed\dexposed\src\main\java\com\taobao\android\dexposed\XposedHelpers.java,com.taobao.android.dexposed.XposedHelpers,"findClass/2[java.lang.String,java.lang.ClassLoader]",false,62,2,4,2,2,3,1,9,1,0,2,1,0,0,0,1,1,0,0,0,1,0,1,0,0,0,31,9,0,true
c:\Users\arthur.menezes_evolu\Desktop\Pes\dexposed\dexposed\src\main\java\com\taobao\android\dexposed\XposedHelpers.java,com.taobao.android.dexposed.XposedHelpers,"setBooleanField/3[java.lang.Object,java.lang.String,boolean]",false,497,2,2,0,2,3,5,12,0,0,3,5,1,2,0,0,1,0,0,0,0,0,1,0,0,0,12,9,0,false
c:\Users\arthur.menezes_evolu\Desktop\Pes\dexposed\dexposed\src\main\java\com\taobao\android\dexposed\XposedHelpers.java,com.taobao.android.dexposed.XposedHelpers,"setDoubleField/3[java.lang.Object,java.lang.String,double]",false,533,2,2,0,2,3,5,12,0,0,3,5,1,2,0,0,1,0,0,0,0,0,1,0,0,0,12,9,0,false
c:\Users\arthur.menezes_evolu\Desktop\Pes\dexposed\dexposed\src\main\java\com\taobao\android\dexposed\XposedHelpers.java,com.taobao.android.dexposed.XposedHelpers$ClassNotFoundError,ClassNotFoundError/1[java.lang.Throwable],true,476,0,1,1,0,1,0,3,0,0,1,0,0,0,0,0,0,0,0,0,0,0,0,0,0,0,6,1,0,false
c:\Users\arthur.menezes_evolu\Desktop\Pes\dexposed\dexposed\src\main\java\com\taobao\android\dexposed\XposedHelpers.java,com.taobao.android.dexposed.XposedHelpers$ClassNotFoundError,"ClassNotFoundError/2[java.lang.String,java.lang.Throwable]",true,479,0,1,1,0,1,0,3,0,0,2,0,0,0,0,0,0,0,0,0,0,0,0,0,0,0,5,1,0,false
c:\Users\arthur.menezes_evolu\Desktop\Pes\dexposed\sample\patchsample\app\src\main\java\com\taobao\patch\DialogPatch.java,com.taobao.patch.DialogPatch$Anonymous1,replaceHookedMethod/1[com.taobao.android.dexposed.XC_MethodHook.MethodHookParam],false,25,4,0,0,0,1,5,10,1,2,1,5,0,0,0,0,0,0,3,0,2,0,0,1,0,0,24,4,0,false
c:\Users\arthur.menezes_evolu\Desktop\Pes\dexposed\dexposed\src\main\java\com\taobao\android\dexposed\XC_MethodReplacement.java,com.taobao.android.dexposed.XC_MethodReplacement,XC_MethodReplacement/1[int],true,26,0,0,0,0,1,0,3,0,0,1,0,0,0,0,0,0,0,0,0,0,0,0,0,0,0,6,1,0,false
c:\Users\arthur.menezes_evolu\Desktop\Pes\dexposed\dexposed\src\main\java\com\taobao\android\dexposed\XC_MethodReplacement.java,com.taobao.android.dexposed.XC_MethodReplacement,beforeHookedMethod/1[com.taobao.android.dexposed.XC_MethodHook.MethodHookParam],false,31,2,3,0,3,2,3,9,0,1,1,3,1,1,0,0,1,0,0,0,1,0,1,0,0,0,11,20,0,false
c:\Users\arthur.menezes_evolu\Desktop\Pes\dexposed\dexposed\src\main\java\com\taobao\android\dexposed\XC_MethodReplacement.java,com.taobao.android.dexposed.XC_MethodReplacement,XC_MethodReplacement/0,true,23,0,0,0,0,1,0,3,0,0,0,0,0,0,0,0,0,0,0,0,0,0,0,0,0,0,5,1,0,false
c:\Users\arthur.menezes_evolu\Desktop\Pes\dexposed\dexposed\src\main\java\com\taobao\android\dexposed\XC_MethodReplacement.java,com.taobao.android.dexposed.XC_MethodReplacement,afterHookedMethod/1[com.taobao.android.dexposed.XC_MethodHook.MethodHookParam],false,40,1,0,0,0,1,0,2,0,0,1,0,0,0,0,0,0,0,0,0,0,0,0,0,0,0,7,20,0,false
c:\Users\arthur.menezes_evolu\Desktop\Pes\dexposed\dexposed\src\main\java\com\taobao\android\dexposed\XC_MethodReplacement.java,com.taobao.android.dexposed.XC_MethodReplacement,"returnConstant/2[int,java.lang.Object]",false,65,2,2,1,1,1,0,8,1,0,2,0,0,0,0,0,0,0,0,0,0,0,0,1,0,0,16,9,0,true
c:\Users\arthur.menezes_evolu\Desktop\Pes\dexposed\dexposed\src\main\java\com\taobao\android\dexposed\XC_MethodReplacement.java,com.taobao.android.dexposed.XC_MethodReplacement,returnConstant/1[java.lang.Object],false,58,1,1,0,1,1,1,3,1,0,1,1,1,1,0,0,0,0,0,0,0,0,0,0,0,0,17,9,0,true
c:\Users\arthur.menezes_evolu\Desktop\Pes\dexposed\dexposed\src\main\java\com\taobao\android\dexposed\XC_MethodReplacement.java,com.taobao.android.dexposed.XC_MethodReplacement,replaceHookedMethod/1[com.taobao.android.dexposed.XC_MethodHook.MethodHookParam],false,42,1,1,1,0,1,0,1,0,0,1,0,0,0,0,0,0,0,0,0,0,0,0,0,0,0,28,1028,0,true
c:\Users\arthur.menezes_evolu\Desktop\Pes\dexposed\dexposed\src\main\java\com\taobao\android\dexposed\callbacks\IXUnhook.java,com.taobao.android.dexposed.callbacks.IXUnhook,unhook/0,false,22,0,0,0,0,1,0,1,0,0,0,0,0,0,0,0,0,0,0,0,0,0,0,0,0,0,1,0,0,false
c:\Users\arthur.menezes_evolu\Desktop\Pes\dexposed\dexposed\src\main\java\com\taobao\android\dexposed\ClassUtils.java,com.taobao.android.dexposed.ClassUtils,"getClass/2[java.lang.ClassLoader,java.lang.String]",false,494,1,1,0,1,1,1,3,1,0,2,1,1,4,0,0,0,0,0,0,0,0,0,0,0,0,27,9,0,true
c:\Users\arthur.menezes_evolu\Desktop\Pes\dexposed\dexposed\src\main\java\com\taobao\android\dexposed\ClassUtils.java,com.taobao.android.dexposed.ClassUtils,getShortClassName/1[java.lang.String],false,191,0,1,1,0,10,11,28,3,4,1,11,0,0,1,7,0,0,2,12,8,5,2,0,0,0,61,9,0,true
c:\Users\arthur.menezes_evolu\Desktop\Pes\dexposed\dexposed\src\main\java\com\taobao\android\dexposed\ClassUtils.java,com.taobao.android.dexposed.ClassUtils,getShortClassName/1[java.lang.Class<?>],false,172,1,2,1,1,2,2,6,2,0,1,2,1,1,0,1,0,0,1,0,0,0,1,0,0,0,35,9,0,true
c:\Users\arthur.menezes_evolu\Desktop\Pes\dexposed\dexposed\src\main\java\com\taobao\android\dexposed\ClassUtils.java,com.taobao.android.dexposed.ClassUtils,(initializer 2),false,90,0,0,0,0,3,4,8,0,1,0,4,0,0,1,0,0,0,0,0,1,0,2,0,0,0,3,8,0,false
c:\Users\arthur.menezes_evolu\Desktop\Pes\dexposed\dexposed\src\main\java\com\taobao\android\dexposed\ClassUtils.java,com.taobao.android.dexposed.ClassUtils,"getPackageName/2[java.lang.Object,java.lang.String]",false,267,1,1,0,1,2,2,6,2,0,2,2,1,2,0,1,0,0,0,0,0,0,1,0,0,0,19,9,0,true
c:\Users\arthur.menezes_evolu\Desktop\Pes\dexposed\dexposed\src\main\java\com\taobao\android\dexposed\ClassUtils.java,com.taobao.android.dexposed.ClassUtils,"addAbbreviation/2[java.lang.String,java.lang.String]",false,115,0,1,1,0,1,1,4,0,0,2,1,0,0,0,0,0,0,0,0,0,0,0,0,0,0,12,10,0,true
c:\Users\arthur.menezes_evolu\Desktop\Pes\dexposed\dexposed\src\main\java\com\taobao\android\dexposed\ClassUtils.java,com.taobao.android.dexposed.ClassUtils,getPackageName/1[java.lang.Class<?>],false,280,1,2,1,1,2,2,6,2,0,1,2,1,1,0,1,0,0,0,0,0,0,1,0,0,0,30,9,0,true
c:\Users\arthur.menezes_evolu\Desktop\Pes\dexposed\dexposed\src\main\java\com\taobao\android\dexposed\ClassUtils.java,com.taobao.android.dexposed.ClassUtils,getAllSuperclasses/1[java.lang.Class<?>],false,326,0,0,0,0,3,2,12,2,2,1,2,0,0,1,2,0,0,0,0,3,0,1,0,0,0,26,9,0,true
c:\Users\arthur.menezes_evolu\Desktop\Pes\dexposed\dexposed\src\main\java\com\taobao\android\dexposed\ClassUtils.java,com.taobao.android.dexposed.ClassUtils,(initializer 3),false,123,1,1,0,1,1,1,10,0,0,0,1,1,1,0,0,0,0,16,0,0,0,0,0,0,0,5,8,0,false
c:\Users\arthur.menezes_evolu\Desktop\Pes\dexposed\dexposed\src\main\java\com\taobao\android\dexposed\ClassUtils.java,com.taobao.android.dexposed.ClassUtils,(initializer 1),false,74,0,0,0,0,1,1,11,0,0,0,1,0,0,0,0,0,0,0,0,0,0,0,0,0,0,0,8,0,false
c:\Users\arthur.menezes_evolu\Desktop\Pes\dexposed\dexposed\src\main\java\com\taobao\android\dexposed\ClassUtils.java,com.taobao.android.dexposed.ClassUtils,getAllInterfaces/1[java.lang.Class<?>],false,352,1,1,0,1,2,1,8,2,1,1,1,1,1,0,1,0,0,0,0,1,0,1,0,0,0,47,9,0,true
c:\Users\arthur.menezes_evolu\Desktop\Pes\dexposed\dexposed\src\main\java\com\taobao\android\dexposed\ClassUtils.java,com.taobao.android.dexposed.ClassUtils,convertClassNamesToClasses/1[java.util.List<java.lang.String>],false,397,0,0,0,0,4,3,15,2,1,1,3,0,0,1,1,1,0,0,0,1,0,2,0,0,0,39,9,0,true
c:\Users\arthur.menezes_evolu\Desktop\Pes\dexposed\dexposed\src\main\java\com\taobao\android\dexposed\ClassUtils.java,com.taobao.android.dexposed.ClassUtils,deleteWhitespace/1[java.lang.String],false,597,2,2,1,1,5,4,17,3,4,1,4,1,1,1,1,0,0,0,3,5,0,2,0,0,0,29,9,0,true
c:\Users\arthur.menezes_evolu\Desktop\Pes\dexposed\dexposed\src\main\java\com\taobao\android\dexposed\ClassUtils.java,com.taobao.android.dexposed.ClassUtils,convertClassesToClassNames/1[java.util.List<java.lang.Class<?>>],false,424,0,0,0,0,4,3,15,2,1,1,3,0,0,1,2,0,0,0,0,1,0,2,0,0,0,38,9,0,true
c:\Users\arthur.menezes_evolu\Desktop\Pes\dexposed\dexposed\src\main\java\com\taobao\android\dexposed\ClassUtils.java,com.taobao.android.dexposed.ClassUtils,"getClass/3[java.lang.ClassLoader,java.lang.String,boolean]",false,454,1,6,4,2,5,9,24,2,3,3,9,2,3,0,1,2,0,1,3,4,3,3,0,0,0,54,9,0,true
c:\Users\arthur.menezes_evolu\Desktop\Pes\dexposed\dexposed\src\main\java\com\taobao\android\dexposed\ClassUtils.java,com.taobao.android.dexposed.ClassUtils,getClass/1[java.lang.String],false,509,1,1,0,1,1,1,3,1,0,1,1,1,5,0,0,0,0,0,0,0,0,0,0,0,0,25,9,0,true
c:\Users\arthur.menezes_evolu\Desktop\Pes\dexposed\dexposed\src\main\java\com\taobao\android\dexposed\ClassUtils.java,com.taobao.android.dexposed.ClassUtils,"getSimpleName/2[java.lang.Object,java.lang.String]",false,251,1,1,0,1,2,2,6,2,0,2,2,1,1,0,1,0,0,0,0,0,0,1,0,0,0,19,9,0,true
c:\Users\arthur.menezes_evolu\Desktop\Pes\dexposed\dexposed\src\main\java\com\taobao\android\dexposed\ClassUtils.java,com.taobao.android.dexposed.ClassUtils,"getShortClassName/2[java.lang.Object,java.lang.String]",false,155,1,1,0,1,2,2,6,2,0,2,2,1,2,0,1,0,0,0,0,0,0,1,0,0,0,22,9,0,true
c:\Users\arthur.menezes_evolu\Desktop\Pes\dexposed\dexposed\src\main\java\com\taobao\android\dexposed\ClassUtils.java,com.taobao.android.dexposed.ClassUtils,toClass/1[java.lang.Object[]],false,568,0,0,0,0,5,1,13,3,2,1,1,0,0,1,3,0,0,0,3,3,0,1,0,0,0,27,9,0,true
c:\Users\arthur.menezes_evolu\Desktop\Pes\dexposed\dexposed\src\main\java\com\taobao\android\dexposed\ClassUtils.java,com.taobao.android.dexposed.ClassUtils,toCanonicalName/1[java.lang.String],false,537,1,2,1,1,5,7,22,1,2,1,7,1,2,1,2,0,0,6,2,5,1,2,0,0,0,26,10,0,true
c:\Users\arthur.menezes_evolu\Desktop\Pes\dexposed\dexposed\src\main\java\com\taobao\android\dexposed\ClassUtils.java,com.taobao.android.dexposed.ClassUtils,isEmpty/1[java.lang.CharSequence],false,636,0,1,1,0,3,1,3,1,0,1,1,0,0,0,2,0,0,0,1,0,0,0,0,0,0,36,9,0,true
c:\Users\arthur.menezes_evolu\Desktop\Pes\dexposed\dexposed\src\main\java\com\taobao\android\dexposed\ClassUtils.java,com.taobao.android.dexposed.ClassUtils,"getAllInterfaces/2[java.lang.Class<?>,java.util.HashSet<java.lang.Class<?>>]",false,369,1,3,2,1,4,4,11,0,1,2,4,1,0,2,1,0,0,0,0,2,0,3,0,0,0,17,10,0,true
c:\Users\arthur.menezes_evolu\Desktop\Pes\dexposed\dexposed\src\main\java\com\taobao\android\dexposed\ClassUtils.java,com.taobao.android.dexposed.ClassUtils,getPackageName/1[java.lang.String],false,296,0,1,1,0,7,5,16,3,1,1,5,0,0,1,6,0,0,0,8,3,1,1,0,0,0,43,9,0,true
c:\Users\arthur.menezes_evolu\Desktop\Pes\dexposed\dexposed\src\main\java\com\taobao\android\dexposed\ClassUtils.java,com.taobao.android.dexposed.ClassUtils,getSimpleName/1[java.lang.Class<?>],false,235,0,1,1,0,2,1,6,2,0,1,1,0,0,0,1,0,0,0,0,0,0,1,0,0,0,26,9,0,true
c:\Users\arthur.menezes_evolu\Desktop\Pes\dexposed\dexposed\src\main\java\com\taobao\android\dexposed\ClassUtils.java,com.taobao.android.dexposed.ClassUtils,"getClass/2[java.lang.String,boolean]",false,524,1,2,1,1,2,4,5,1,2,2,4,1,4,0,1,0,0,0,0,2,0,0,0,0,0,34,9,0,true
c:\Users\arthur.menezes_evolu\Desktop\Pes\dexposed\dexposed\src\main\java\com\taobao\android\dexposed\ClassUtils.java,com.taobao.android.dexposed.ClassUtils,ClassUtils/0,true,142,0,0,0,0,1,0,3,0,0,0,0,0,0,0,0,0,0,0,0,0,0,0,0,0,0,28,1,0,true
c:\Users\arthur.menezes_evolu\Desktop\Pes\dexposed\dexposed\src\main\java\com\taobao\android\dexposed\DexposedBridge.java,com.taobao.android.dexposed.DexposedBridge$CopyOnWriteSortedSet,indexOf/1[java.lang.Object],false,416,0,0,0,0,3,1,6,2,1,1,1,0,0,1,0,0,0,0,2,1,0,2,0,0,0,5,2,0,false
c:\Users\arthur.menezes_evolu\Desktop\Pes\dexposed\dexposed\src\main\java\com\taobao\android\dexposed\DexposedBridge.java,com.taobao.android.dexposed.DexposedBridge$CopyOnWriteSortedSet,clear/0,false,412,0,0,0,0,1,0,3,0,0,0,0,0,0,0,0,0,0,0,0,1,0,0,0,0,0,10,33,0,false
c:\Users\arthur.menezes_evolu\Desktop\Pes\dexposed\dexposed\src\main\java\com\taobao\android\dexposed\DexposedBridge.java,com.taobao.android.dexposed.DexposedBridge$CopyOnWriteSortedSet,add/1[E],false,387,2,1,0,1,2,3,10,2,2,1,3,0,0,0,0,0,0,0,4,4,1,1,0,0,0,10,33,0,false
c:\Users\arthur.menezes_evolu\Desktop\Pes\dexposed\dexposed\src\main\java\com\taobao\android\dexposed\DexposedBridge.java,com.taobao.android.dexposed.DexposedBridge$CopyOnWriteSortedSet,getSnapshot/0,false,424,0,0,0,0,1,0,3,1,0,0,0,0,0,0,0,0,0,0,0,0,0,0,0,0,0,3,1,0,false
c:\Users\arthur.menezes_evolu\Desktop\Pes\dexposed\dexposed\src\main\java\com\taobao\android\dexposed\DexposedBridge.java,com.taobao.android.dexposed.DexposedBridge$CopyOnWriteSortedSet,remove/1[E],false,400,2,1,0,1,2,2,9,2,2,1,2,0,0,0,1,0,0,0,6,3,3,1,0,0,0,10,33,0,false
c:\Users\arthur.menezes_evolu\Desktop\Pes\dexposed\dexposed\src\main\java\com\taobao\android\dexposed\XC_MethodReplacement.java,com.taobao.android.dexposed.XC_MethodReplacement$Anonymous1,replaceHookedMethod/1[com.taobao.android.dexposed.XC_MethodHook.MethodHookParam],false,50,1,0,0,0,1,0,3,1,0,1,0,0,0,0,0,0,0,0,0,0,0,0,0,0,0,9,4,0,false
c:\Users\arthur.menezes_evolu\Desktop\Pes\dexposed\dexposed\src\main\java\com\taobao\android\dexposed\callbacks\XCallback.java,com.taobao.android.dexposed.callbacks.XCallback,compareTo/1[com.taobao.android.dexposed.callbacks.XCallback],false,97,1,0,0,0,4,1,6,4,0,1,1,0,0,0,2,0,0,0,3,0,1,2,0,0,0,5,1,0,false
c:\Users\arthur.menezes_evolu\Desktop\Pes\dexposed\dexposed\src\main\java\com\taobao\android\dexposed\callbacks\XCallback.java,com.taobao.android.dexposed.callbacks.XCallback,call/1[com.taobao.android.dexposed.callbacks.XCallback.Param],false,94,1,1,1,0,1,0,2,0,0,1,0,0,0,0,0,0,0,0,0,0,0,0,0,0,0,4,4,0,false
c:\Users\arthur.menezes_evolu\Desktop\Pes\dexposed\dexposed\src\main\java\com\taobao\android\dexposed\callbacks\XCallback.java,com.taobao.android.dexposed.callbacks.XCallback,callAll/1[com.taobao.android.dexposed.callbacks.XCallback.Param],false,83,3,2,0,2,4,2,11,0,1,1,2,1,1,1,1,1,1,1,1,1,0,2,0,0,0,19,25,0,false
c:\Users\arthur.menezes_evolu\Desktop\Pes\dexposed\dexposed\src\main\java\com\taobao\android\dexposed\callbacks\XCallback.java,com.taobao.android.dexposed.callbacks.XCallback,XCallback/0,true,30,0,0,0,0,1,0,3,0,0,0,0,0,0,0,0,0,0,0,0,1,0,0,0,0,0,15,1,0,false
c:\Users\arthur.menezes_evolu\Desktop\Pes\dexposed\dexposed\src\main\java\com\taobao\android\dexposed\callbacks\XCallback.java,com.taobao.android.dexposed.callbacks.XCallback,XCallback/1[int],true,33,0,0,0,0,1,0,3,0,0,1,0,0,0,0,0,0,0,0,0,1,0,0,0,0,0,3,1,0,false
c:\Users\arthur.menezes_evolu\Desktop\Pes\dexposed\dexposed\src\main\java\com\taobao\android\dexposed\callbacks\XCallback.java,com.taobao.android.dexposed.callbacks.XCallback$Param,Param/0,true,41,0,0,0,0,1,0,3,0,0,0,0,0,0,0,0,0,0,0,0,1,0,0,0,0,0,3,4,0,false
c:\Users\arthur.menezes_evolu\Desktop\Pes\dexposed\dexposed\src\main\java\com\taobao\android\dexposed\callbacks\XCallback.java,com.taobao.android.dexposed.callbacks.XCallback$Param,Param/1[com.taobao.android.dexposed.DexposedBridge.CopyOnWriteSortedSet<? extends com.taobao.android.dexposed.callbacks.XCallback>],true,45,1,1,0,1,1,1,3,0,0,1,1,0,0,0,0,0,0,0,0,1,0,0,0,0,0,4,4,0,false
c:\Users\arthur.menezes_evolu\Desktop\Pes\dexposed\dexposed\src\main\java\com\taobao\android\dexposed\callbacks\XCallback.java,com.taobao.android.dexposed.callbacks.XCallback$Param,getObjectExtra/1[java.lang.String],false,62,2,1,0,1,2,2,5,2,1,1,2,1,1,0,0,0,1,0,0,1,0,1,0,0,0,9,1,0,true
c:\Users\arthur.menezes_evolu\Desktop\Pes\dexposed\dexposed\src\main\java\com\taobao\android\dexposed\callbacks\XCallback.java,com.taobao.android.dexposed.callbacks.XCallback$Param,getExtra/0,false,55,1,2,2,0,2,0,4,1,0,0,0,0,0,0,1,0,0,0,0,1,0,1,0,0,0,18,33,0,true
c:\Users\arthur.menezes_evolu\Desktop\Pes\dexposed\dexposed\src\main\java\com\taobao\android\dexposed\callbacks\XCallback.java,com.taobao.android.dexposed.callbacks.XCallback$Param,"setObjectExtra/2[java.lang.String,java.lang.Object]",false,70,2,2,0,2,1,2,3,0,0,2,2,1,1,0,0,0,0,0,0,0,0,0,0,0,0,15,1,0,true
c:\Users\arthur.menezes_evolu\Desktop\Pes\dexposed\dexposed\src\main\java\com\taobao\android\dexposed\XC_MethodReplacement.java,com.taobao.android.dexposed.XC_MethodReplacement$Anonymous2,replaceHookedMethod/1[com.taobao.android.dexposed.XC_MethodHook.MethodHookParam],false,68,1,0,0,0,1,0,3,1,0,1,0,0,0,0,0,0,0,0,0,0,0,0,0,0,0,9,4,0,false
c:\Users\arthur.menezes_evolu\Desktop\Pes\dexposed\dexposed\src\main\java\com\taobao\android\dexposed\XposedHelpers.java,com.taobao.android.dexposed.XposedHelpers$InvocationTargetError,InvocationTargetError/1[java.lang.Throwable],true,1004,0,7,7,0,1,0,3,0,0,1,0,0,0,0,0,0,0,0,0,0,0,0,0,0,0,5,1,0,false
c:\Users\arthur.menezes_evolu\Desktop\Pes\dexposed\dexposed\src\main\java\com\taobao\android\dexposed\XposedHelpers.java,com.taobao.android.dexposed.XposedHelpers$InvocationTargetError,"InvocationTargetError/2[java.lang.String,java.lang.Throwable]",true,1007,0,0,0,0,1,0,3,0,0,2,0,0,0,0,0,0,0,0,0,0,0,0,0,0,0,4,1,0,false
c:\Users\arthur.menezes_evolu\Desktop\Pes\dexposed\dexposed\src\main\java\com\taobao\android\dexposed\XC_MethodHook.java,com.taobao.android.dexposed.XC_MethodHook$Unhook,Unhook/1[java.lang.reflect.Member],true,109,0,1,1,0,1,0,3,0,0,1,0,0,0,0,0,0,0,0,0,1,0,0,0,0,0,4,1,0,false
c:\Users\arthur.menezes_evolu\Desktop\Pes\dexposed\dexposed\src\main\java\com\taobao\android\dexposed\XC_MethodHook.java,com.taobao.android.dexposed.XC_MethodHook$Unhook,getHookedMethod/0,false,113,0,0,0,0,1,0,3,1,0,0,0,0,0,0,0,0,0,0,0,0,0,0,0,0,0,5,1,0,false
c:\Users\arthur.menezes_evolu\Desktop\Pes\dexposed\dexposed\src\main\java\com\taobao\android\dexposed\XC_MethodHook.java,com.taobao.android.dexposed.XC_MethodHook$Unhook,unhook/0,false,122,1,3,2,1,1,1,3,0,0,0,1,0,0,0,0,0,0,0,0,0,0,0,0,0,0,1,1,0,false
c:\Users\arthur.menezes_evolu\Desktop\Pes\dexposed\dexposed\src\main\java\com\taobao\android\dexposed\XC_MethodHook.java,com.taobao.android.dexposed.XC_MethodHook$Unhook,getCallback/0,false,117,1,0,0,0,1,0,3,1,0,0,0,0,0,0,0,0,0,0,0,0,0,0,0,0,0,7,1,0,false
c:\Users\arthur.menezes_evolu\Desktop\Pes\dexposed\sample\dexposedexamples\app\src\main\java\com\taobao\patch\ReadWriteSet.java,com.taobao.patch.ReadWriteSet,remove/1[E],false,37,2,1,0,1,2,2,9,2,2,1,2,0,0,0,1,0,0,0,6,3,3,1,0,0,0,10,33,0,false
c:\Users\arthur.menezes_evolu\Desktop\Pes\dexposed\sample\dexposedexamples\app\src\main\java\com\taobao\patch\ReadWriteSet.java,com.taobao.patch.ReadWriteSet,getSnapshot/0,false,57,0,0,0,0,1,0,3,1,0,0,0,0,0,0,0,0,0,0,0,0,0,0,0,0,0,3,1,0,false
c:\Users\arthur.menezes_evolu\Desktop\Pes\dexposed\sample\dexposedexamples\app\src\main\java\com\taobao\patch\ReadWriteSet.java,com.taobao.patch.ReadWriteSet,add/1[E],false,25,2,1,0,1,2,2,9,2,2,1,2,0,0,0,0,0,0,0,4,4,1,1,0,0,0,10,33,0,false
c:\Users\arthur.menezes_evolu\Desktop\Pes\dexposed\sample\dexposedexamples\app\src\main\java\com\taobao\patch\ReadWriteSet.java,com.taobao.patch.ReadWriteSet,getSize/0,false,61,0,0,0,0,1,0,3,1,0,0,0,0,0,0,0,0,0,0,0,0,0,0,0,0,0,2,1,0,false
c:\Users\arthur.menezes_evolu\Desktop\Pes\dexposed\sample\dexposedexamples\app\src\main\java\com\taobao\patch\ReadWriteSet.java,com.taobao.patch.ReadWriteSet,indexOf/1[java.lang.Object],false,49,0,0,0,0,3,1,6,2,1,1,1,0,0,1,0,0,0,0,2,1,0,2,0,0,0,5,2,0,false
c:\Users\arthur.menezes_evolu\Desktop\Pes\dexposed\sample\dexposedexamples\app\src\main\java\com\taobao\patch\ReadWriteSet.java,com.taobao.patch.ReadWriteSet,clear/0,false,65,0,0,0,0,1,0,3,0,0,0,0,0,0,0,0,0,0,0,0,1,0,0,0,0,0,10,1,0,false
c:\Users\arthur.menezes_evolu\Desktop\Pes\dexposed\sample\dexposedexamples\app\src\main\java\com\taobao\patch\PatchMain.java,com.taobao.patch.PatchMain,"loadAllCallbacks/3[com.taobao.patch.Context,java.lang.String,java.lang.ClassLoader]",false,115,8,7,1,6,7,14,39,3,7,3,14,2,1,1,0,3,0,5,1,9,2,3,0,0,0,37,10,0,false
c:\Users\arthur.menezes_evolu\Desktop\Pes\dexposed\sample\dexposedexamples\app\src\main\java\com\taobao\patch\PatchMain.java,com.taobao.patch.PatchMain,"load/3[com.taobao.patch.Context,java.lang.String,java.util.HashMap<java.lang.String,java.lang.Object>]",false,93,6,7,1,6,4,6,16,4,2,3,6,1,2,0,1,0,0,2,1,4,1,1,0,0,0,40,9,0,true
c:\Users\arthur.menezes_evolu\Desktop\Pes\dexposed\sample\dexposedexamples\app\src\main\java\com\taobao\patch\PatchMain.java,com.taobao.patch.PatchMain,hookLoadPatch/1[com.taobao.patch.PatchCallback],false,171,2,2,1,1,1,1,5,0,0,1,1,0,0,0,0,0,0,0,0,0,0,1,0,0,0,19,10,0,true
c:\Users\arthur.menezes_evolu\Desktop\Pes\dexposed\sample\dexposedexamples\app\src\main\java\com\taobao\patch\PatchMain.java,com.taobao.patch.PatchMain,"isImplementInterface/2[java.lang.Class<?>,java.lang.Class<?>]",false,155,0,1,1,0,4,2,12,3,2,2,2,0,0,1,1,0,0,0,1,2,0,2,0,0,0,10,10,0,false
c:\Users\arthur.menezes_evolu\Desktop\Pes\dexposed\sample\dexposedexamples\app\src\main\java\com\taobao\dexposed\ChoreographerHook.java,com.taobao.dexposed.ChoreographerHook,unhook/0,false,81,1,2,1,1,2,1,6,0,0,0,1,0,0,0,1,0,0,0,0,1,0,1,0,0,0,4,2,0,false
c:\Users\arthur.menezes_evolu\Desktop\Pes\dexposed\sample\dexposedexamples\app\src\main\java\com\taobao\dexposed\ChoreographerHook.java,com.taobao.dexposed.ChoreographerHook,start/0,false,97,1,3,1,2,3,2,6,2,0,0,2,2,1,0,0,0,0,0,0,1,0,1,0,0,0,6,1,0,false
c:\Users\arthur.menezes_evolu\Desktop\Pes\dexposed\sample\dexposedexamples\app\src\main\java\com\taobao\dexposed\ChoreographerHook.java,com.taobao.dexposed.ChoreographerHook,hook/0,false,45,2,3,1,2,4,4,29,1,2,0,4,0,0,0,1,1,0,4,2,5,0,1,1,0,0,37,2,0,false
c:\Users\arthur.menezes_evolu\Desktop\Pes\dexposed\sample\dexposedexamples\app\src\main\java\com\taobao\dexposed\ChoreographerHook.java,com.taobao.dexposed.ChoreographerHook,stop/0,false,107,1,2,0,2,3,2,6,2,0,0,2,2,1,0,0,0,0,0,0,1,0,1,0,0,0,6,1,0,false
c:\Users\arthur.menezes_evolu\Desktop\Pes\dexposed\sample\dexposedexamples\app\src\main\java\com\taobao\dexposed\ChoreographerHook.java,com.taobao.dexposed.ChoreographerHook,instance/0,false,17,1,2,1,1,2,0,4,1,0,0,0,0,0,0,1,0,0,0,0,1,0,1,0,0,0,5,41,0,false
c:\Users\arthur.menezes_evolu\Desktop\Pes\dexposed\sample\dexposedexamples\app\src\main\java\com\taobao\dexposed\ChoreographerHook.java,com.taobao.dexposed.ChoreographerHook,ChoreographerHook/0,true,31,2,2,1,1,3,4,10,1,0,0,4,1,1,0,0,1,0,1,3,3,2,1,0,0,0,13,2,0,false
c:\Users\arthur.menezes_evolu\Desktop\Pes\dexposed\sample\dexposedexamples\app\src\main\java\com\taobao\dexposed\ChoreographerHook.java,com.taobao.dexposed.ChoreographerHook,isEnable/0,false,24,0,3,3,0,3,0,6,2,0,0,0,0,0,0,0,0,0,0,2,0,0,1,0,0,0,4,2,0,false
c:\Users\arthur.menezes_evolu\Desktop\Pes\dexposed\sample\patchsample\app\src\main\java\com\taobao\patch\DialogPatch.java,com.taobao.patch.DialogPatch$Anonymous1$Anonymous2,"onClick/2[com.taobao.patch.DialogInterface,int]",false,31,1,0,0,0,1,0,2,0,0,2,0,0,0,0,0,0,0,0,0,0,0,0,0,0,0,6,1,0,false
c:\Users\arthur.menezes_evolu\Desktop\Pes\dexposed\dexposed\src\main\java\com\taobao\android\dexposed\DexposedBridge.java,com.taobao.android.dexposed.DexposedBridge$AdditionalHookInfo,"AdditionalHookInfo/3[com.taobao.android.dexposed.DexposedBridge.CopyOnWriteSortedSet<com.taobao.android.dexposed.XC_MethodHook>,java.lang.Class<?>[],java.lang.Class<?>]",true,435,3,2,1,1,2,3,11,0,1,3,3,1,1,1,0,0,0,0,1,5,0,1,0,0,0,15,2,0,false
c:\Users\arthur.menezes_evolu\Desktop\Pes\dexposed\dexposed\src\main\java\com\taobao\android\dexposed\DexposedBridge.java,com.taobao.android.dexposed.DexposedBridge$AdditionalHookInfo,Class2Shorty/1[java.lang.Class<?>],false,449,0,1,1,0,2,2,6,2,0,1,2,0,0,0,0,0,0,1,0,0,0,1,0,0,0,3,0,0,false
c:\Users\arthur.menezes_evolu\Desktop\Pes\dexposed\sample\dexposedexamples\app\src\main\java\com\taobao\dexposed\DexposedSampleApplication.java,com.taobao.dexposed.DexposedSampleApplication,onCreate/0,false,8,0,0,0,0,1,1,3,0,0,0,1,0,0,0,0,0,0,0,0,0,0,0,0,0,0,2,1,0,false
c:\Users\arthur.menezes_evolu\Desktop\Pes\dexposed\dexposed\src\main\java\com\taobao\android\dexposed\DexposedBridge.java,com.taobao.android.dexposed.DexposedBridge,"handleHookedMethod/5[java.lang.reflect.Member,int,java.lang.Object,java.lang.Object,java.lang.Object[]]",false,198,5,11,0,11,12,11,58,2,8,5,11,2,2,2,2,4,2,0,4,12,1,3,0,0,0,45,10,0,true
c:\Users\arthur.menezes_evolu\Desktop\Pes\dexposed\dexposed\src\main\java\com\taobao\android\dexposed\DexposedBridge.java,com.taobao.android.dexposed.DexposedBridge,"hookMethod/2[java.lang.reflect.Member,com.taobao.android.dexposed.XC_MethodHook]",false,102,6,10,3,7,8,10,34,1,7,2,10,2,1,0,3,0,6,2,1,12,0,2,0,0,0,59,9,0,true
c:\Users\arthur.menezes_evolu\Desktop\Pes\dexposed\dexposed\src\main\java\com\taobao\android\dexposed\DexposedBridge.java,com.taobao.android.dexposed.DexposedBridge,"hookAllMethods/3[java.lang.Class<?>,java.lang.String,com.taobao.android.dexposed.XC_MethodHook]",false,154,3,1,0,1,3,5,5,1,1,3,5,1,2,1,0,0,0,0,0,1,0,2,0,0,0,9,9,0,false
c:\Users\arthur.menezes_evolu\Desktop\Pes\dexposed\dexposed\src\main\java\com\taobao\android\dexposed\DexposedBridge.java,com.taobao.android.dexposed.DexposedBridge,canDexposed/1[com.taobao.android.dexposed.Context],false,277,3,2,0,2,2,2,6,2,0,1,2,1,1,0,0,0,0,0,0,0,0,1,0,0,0,12,41,0,true
c:\Users\arthur.menezes_evolu\Desktop\Pes\dexposed\dexposed\src\main\java\com\taobao\android\dexposed\DexposedBridge.java,com.taobao.android.dexposed.DexposedBridge,"hookMethodNative/4[java.lang.reflect.Member,java.lang.Class<?>,int,java.lang.Object]",false,331,0,1,1,0,1,0,1,0,0,4,0,0,0,0,0,0,0,0,0,0,0,0,0,0,0,19,298,0,true
c:\Users\arthur.menezes_evolu\Desktop\Pes\dexposed\dexposed\src\main\java\com\taobao\android\dexposed\DexposedBridge.java,com.taobao.android.dexposed.DexposedBridge,log/1[java.lang.String],false,83,0,1,1,0,1,1,3,0,0,1,1,0,0,0,0,0,0,1,0,0,0,0,0,0,0,17,41,0,true
c:\Users\arthur.menezes_evolu\Desktop\Pes\dexposed\dexposed\src\main\java\com\taobao\android\dexposed\DexposedBridge.java,com.taobao.android.dexposed.DexposedBridge,loadDexposedLib/1[com.taobao.android.dexposed.Context],false,285,1,1,1,0,6,1,20,3,0,1,1,0,0,0,1,1,0,3,4,0,0,2,0,0,0,9,10,0,false
c:\Users\arthur.menezes_evolu\Desktop\Pes\dexposed\dexposed\src\main\java\com\taobao\android\dexposed\DexposedBridge.java,com.taobao.android.dexposed.DexposedBridge,"hookAllConstructors/2[java.lang.Class<?>,com.taobao.android.dexposed.XC_MethodHook]",false,187,3,1,0,1,2,3,5,1,1,2,3,1,2,1,0,0,0,0,0,1,0,1,0,0,0,8,9,0,false
c:\Users\arthur.menezes_evolu\Desktop\Pes\dexposed\dexposed\src\main\java\com\taobao\android\dexposed\DexposedBridge.java,com.taobao.android.dexposed.DexposedBridge,"findAndHookMethod/3[java.lang.Class<?>,java.lang.String,java.lang.Object[]]",false,162,6,5,3,2,5,3,12,1,3,3,3,1,2,0,1,0,2,1,3,3,2,2,0,0,0,22,9,0,false
c:\Users\arthur.menezes_evolu\Desktop\Pes\dexposed\dexposed\src\main\java\com\taobao\android\dexposed\DexposedBridge.java,com.taobao.android.dexposed.DexposedBridge,"invokeOriginalMethodNative/6[java.lang.reflect.Member,int,java.lang.Class<?>[],java.lang.Class<?>,java.lang.Object,java.lang.Object[]]",false,337,0,2,2,0,1,0,1,0,0,6,0,0,0,0,0,0,0,0,0,0,0,0,0,0,0,10,266,0,false
c:\Users\arthur.menezes_evolu\Desktop\Pes\dexposed\dexposed\src\main\java\com\taobao\android\dexposed\DexposedBridge.java,com.taobao.android.dexposed.DexposedBridge,getRuntime/0,false,64,0,2,2,0,4,2,13,4,1,0,2,0,0,0,0,0,0,3,2,1,0,2,0,0,0,16,10,0,false
c:\Users\arthur.menezes_evolu\Desktop\Pes\dexposed\dexposed\src\main\java\com\taobao\android\dexposed\DexposedBridge.java,com.taobao.android.dexposed.DexposedBridge,"invokeSuper/3[java.lang.Object,java.lang.reflect.Member,java.lang.Object[]]",false,308,3,5,0,5,6,12,20,1,2,3,12,2,1,0,2,1,3,1,1,4,0,2,0,0,0,39,9,0,false
c:\Users\arthur.menezes_evolu\Desktop\Pes\dexposed\dexposed\src\main\java\com\taobao\android\dexposed\DexposedBridge.java,com.taobao.android.dexposed.DexposedBridge,"unhookMethod/2[java.lang.reflect.Member,com.taobao.android.dexposed.XC_MethodHook]",false,144,2,2,1,1,2,2,8,1,1,2,2,0,0,0,1,0,0,0,0,1,0,2,0,0,0,23,9,0,true
c:\Users\arthur.menezes_evolu\Desktop\Pes\dexposed\dexposed\src\main\java\com\taobao\android\dexposed\DexposedBridge.java,com.taobao.android.dexposed.DexposedBridge,"invokeOriginalMethod/3[java.lang.reflect.Member,java.lang.Object,java.lang.Object[]]",false,363,1,1,0,1,4,4,19,1,2,3,4,1,1,0,1,0,3,1,1,5,0,1,0,0,0,87,9,0,true
c:\Users\arthur.menezes_evolu\Desktop\Pes\dexposed\dexposed\src\main\java\com\taobao\android\dexposed\DexposedBridge.java,com.taobao.android.dexposed.DexposedBridge,unhookAllMethods/0,false,178,1,1,0,1,2,4,8,0,1,0,4,0,0,1,0,0,1,0,1,1,0,2,0,0,0,7,9,0,false
c:\Users\arthur.menezes_evolu\Desktop\Pes\dexposed\dexposed\src\main\java\com\taobao\android\dexposed\DexposedBridge.java,com.taobao.android.dexposed.DexposedBridge,log/1[java.lang.Throwable],false,92,1,45,44,1,1,2,3,0,0,1,2,1,1,0,0,0,0,0,0,0,0,0,0,0,0,10,41,0,true
c:\Users\arthur.menezes_evolu\Desktop\Pes\dexposed\dexposed\src\main\java\com\taobao\android\dexposed\DexposedBridge.java,com.taobao.android.dexposed.DexposedBridge,"invokeSuperNative/7[java.lang.Object,java.lang.Object[],java.lang.reflect.Member,java.lang.Class<?>,java.lang.Class<?>[],java.lang.Class<?>,int]",false,303,0,1,1,0,1,0,1,0,0,7,0,0,0,0,0,0,0,0,0,0,0,0,0,0,0,8,266,0,false
c:\Users\arthur.menezes_evolu\Desktop\Pes\dexposed\dexposed\src\main\java\com\taobao\android\dexposed\DeviceCheck.java,com.taobao.android.dexposed.DeviceCheck,isX86CPU/0,false,95,0,1,1,0,9,8,41,2,4,0,8,0,0,0,3,4,0,2,0,8,0,3,0,0,0,19,10,0,false
c:\Users\arthur.menezes_evolu\Desktop\Pes\dexposed\dexposed\src\main\java\com\taobao\android\dexposed\DeviceCheck.java,com.taobao.android.dexposed.DeviceCheck,getCurrentRuntimeValue/0,false,48,0,1,1,0,10,4,39,10,3,0,4,0,0,0,1,3,0,12,0,3,0,4,0,0,0,26,10,0,false
c:\Users\arthur.menezes_evolu\Desktop\Pes\dexposed\dexposed\src\main\java\com\taobao\android\dexposed\DeviceCheck.java,com.taobao.android.dexposed.DeviceCheck,isDeviceSupport/1[com.taobao.android.dexposed.Context],false,135,2,3,1,2,4,3,16,2,0,1,3,2,1,0,0,1,0,3,0,3,1,2,0,0,0,17,41,0,false
c:\Users\arthur.menezes_evolu\Desktop\Pes\dexposed\dexposed\src\main\java\com\taobao\android\dexposed\DeviceCheck.java,com.taobao.android.dexposed.DeviceCheck,isSupportSDKVersion/0,false,86,0,0,0,0,5,0,9,3,0,0,0,0,0,0,2,0,0,0,4,0,0,1,0,0,0,8,10,0,false
c:\Users\arthur.menezes_evolu\Desktop\Pes\dexposed\dexposed\src\main\java\com\taobao\android\dexposed\DeviceCheck.java,com.taobao.android.dexposed.DeviceCheck,isDalvikMode/0,false,40,1,1,0,1,2,2,7,2,1,0,2,1,1,0,0,0,0,1,0,1,0,1,0,0,0,10,10,0,false
c:\Users\arthur.menezes_evolu\Desktop\Pes\dexposed\dexposed\src\main\java\com\taobao\android\dexposed\DeviceCheck.java,com.taobao.android.dexposed.DeviceCheck,isYunOS/0,false,154,1,1,1,0,9,7,23,2,3,0,7,0,0,0,2,1,2,6,1,5,0,1,0,0,0,25,10,0,false
c:\Users\arthur.menezes_evolu\Desktop\Pes\dexposed\sample\dexposedexamples\app\src\main\java\com\taobao\dexposed\MainActivity.java,com.taobao.dexposed.MainActivity$Anonymous1,afterHookedMethod/1[com.taobao.android.dexposed.XC_MethodHook.MethodHookParam],false,56,1,0,0,0,1,1,5,0,2,1,1,0,0,0,0,0,0,1,2,2,1,0,0,0,0,9,4,0,false
c:\Users\arthur.menezes_evolu\Desktop\Pes\dexposed\dexposed\src\main\java\com\taobao\android\dexposed\XC_MethodReplacement.java,com.taobao.android.dexposed.XC_MethodReplacement$XC_MethodKeepReplacement,XC_MethodKeepReplacement/0,true,81,0,0,0,0,1,0,3,0,0,0,0,0,0,0,0,0,0,0,0,0,0,0,0,0,0,6,1,0,false
c:\Users\arthur.menezes_evolu\Desktop\Pes\dexposed\dexposed\src\main\java\com\taobao\android\dexposed\XC_MethodReplacement.java,com.taobao.android.dexposed.XC_MethodReplacement$XC_MethodKeepReplacement,XC_MethodKeepReplacement/1[int],true,84,0,0,0,0,1,0,3,0,0,1,0,0,0,0,0,0,0,0,0,0,0,0,0,0,0,7,1,0,false
c:\Users\arthur.menezes_evolu\Desktop\Pes\dexposed\sample\dexposedexamples\app\src\main\java\com\taobao\dexposed\ChoreographerHook.java,com.taobao.dexposed.ChoreographerHook$Anonymous1,beforeHookedMethod/1[com.taobao.android.dexposed.XC_MethodHook.MethodHookParam],false,57,1,0,0,0,2,2,9,0,3,1,2,0,0,0,0,0,0,2,1,4,3,1,0,0,0,21,4,0,false
c:\Users\arthur.menezes_evolu\Desktop\Pes\dexposed\sample\dexposedexamples\app\src\main\java\com\taobao\dexposed\MainActivity.java,com.taobao.dexposed.MainActivity$Anonymous2,"onClick/2[com.taobao.dexposed.DialogInterface,int]",false,116,1,0,0,0,1,0,2,0,0,2,0,0,0,0,0,0,0,0,0,0,0,0,0,0,0,6,1,0,false
c:\Users\arthur.menezes_evolu\Desktop\Pes\dexposed\sample\dexposedexamples\app\src\main\java\com\taobao\patch\PatchCallback.java,com.taobao.patch.PatchCallback,call/1[com.taobao.patch.PatchParam],false,45,2,2,1,1,2,1,3,0,0,1,1,1,1,0,0,0,0,0,0,0,0,1,0,0,0,6,4,0,false
c:\Users\arthur.menezes_evolu\Desktop\Pes\dexposed\sample\dexposedexamples\app\src\main\java\com\taobao\patch\PatchCallback.java,com.taobao.patch.PatchCallback,PatchCallback/1[com.taobao.patch.IPatch],true,24,1,1,1,0,1,0,3,0,0,1,0,0,0,0,0,0,0,0,0,1,0,0,0,0,0,4,4,0,false
c:\Users\arthur.menezes_evolu\Desktop\Pes\dexposed\sample\dexposedexamples\app\src\main\java\com\taobao\patch\PatchCallback.java,com.taobao.patch.PatchCallback,callAll/1[com.taobao.patch.PatchParam],false,28,3,3,1,2,4,2,18,2,2,1,2,1,2,1,0,1,1,2,1,3,0,2,0,0,0,17,28,0,false
c:\Users\arthur.menezes_evolu\Desktop\Pes\dexposed\sample\dexposedexamples\app\src\main\java\com\taobao\patch\PatchCallback.java,com.taobao.patch.PatchCallback,handlePatch/1[com.taobao.patch.PatchParam],false,50,2,2,1,1,1,1,3,0,0,1,1,0,0,0,0,0,0,0,0,0,0,0,0,0,0,5,4,0,false
c:\Users\arthur.menezes_evolu\Desktop\Pes\dexposed\dexposed\src\main\java\com\taobao\android\dexposed\callbacks\XCallback.java,com.taobao.android.dexposed.callbacks.XCallback$Param$SerializeWrapper,SerializeWrapper/1[java.lang.Object],true,77,0,1,1,0,1,0,3,0,0,1,0,0,0,0,0,0,0,0,0,1,0,0,0,0,0,5,1,0,false
c:\Users\arthur.menezes_evolu\Desktop\Pes\dexposed\dexposed\src\main\java\com\taobao\android\dexposed\XC_MethodHook.java,com.taobao.android.dexposed.XC_MethodHook$XC_MethodKeepHook,XC_MethodKeepHook/1[int],true,138,0,0,0,0,1,0,3,0,0,1,0,0,0,0,0,0,0,0,0,0,0,0,0,0,0,7,1,0,false
c:\Users\arthur.menezes_evolu\Desktop\Pes\dexposed\dexposed\src\main\java\com\taobao\android\dexposed\XC_MethodHook.java,com.taobao.android.dexposed.XC_MethodHook$XC_MethodKeepHook,XC_MethodKeepHook/0,true,135,0,0,0,0,1,0,3,0,0,0,0,0,0,0,0,0,0,0,0,0,0,0,0,0,0,6,1,0,false
c:\Users\arthur.menezes_evolu\Desktop\Pes\dexposed\sample\patchsample\app\src\main\java\com\taobao\patch\DialogPatch.java,com.taobao.patch.DialogPatch,handlePatch/1[com.taobao.patch.PatchParam],false,13,3,2,0,2,2,4,23,1,1,1,4,0,0,0,0,1,0,2,0,2,0,1,1,0,0,37,1,0,false
c:\Users\arthur.menezes_evolu\Desktop\Pes\dexposed\sample\dexposedexamples\app\src\main\java\com\taobao\patch\PatchParam.java,com.taobao.patch.PatchParam,PatchParam/1[com.taobao.patch.ReadWriteSet<com.taobao.patch.PatchCallback>],true,27,2,2,1,1,1,1,3,0,0,1,1,0,0,0,0,0,0,0,0,1,0,0,0,0,0,3,1,0,false
c:\Users\arthur.menezes_evolu\Desktop\Pes\dexposed\dexposed\src\main\java\com\taobao\android\dexposed\DexposedBridge.java,com.taobao.android.dexposed.DexposedBridge$Anonymous1,(initializer 1),false,458,0,0,0,0,1,1,11,0,0,0,1,0,0,0,0,0,0,9,0,0,0,0,0,0,0,1,0,0,false
c:\Users\arthur.menezes_evolu\Desktop\Pes\dexposed\sample\dexposedexamples\app\src\main\java\com\taobao\patch\IPatch.java,com.taobao.patch.IPatch,handlePatch/1[com.taobao.patch.PatchParam],false,25,1,1,1,0,1,0,1,0,0,1,0,0,0,0,0,0,0,0,0,0,0,0,0,0,0,5,0,0,false
c:\Users\arthur.menezes_evolu\Desktop\Pes\dexposed\dexposed\src\main\java\com\taobao\android\dexposed\XC_MethodHook.java,com.taobao.android.dexposed.XC_MethodHook$MethodHookParam,setThrowable/1[java.lang.Throwable],false,92,0,2,2,0,1,0,5,0,0,1,0,0,0,0,0,0,0,0,0,3,0,0,0,0,0,23,1,0,true
c:\Users\arthur.menezes_evolu\Desktop\Pes\dexposed\dexposed\src\main\java\com\taobao\android\dexposed\XC_MethodHook.java,com.taobao.android.dexposed.XC_MethodHook$MethodHookParam,hasThrowable/0,false,83,0,1,1,0,2,0,3,1,0,0,0,0,0,0,1,0,0,0,0,0,0,0,0,0,0,13,1,0,true
c:\Users\arthur.menezes_evolu\Desktop\Pes\dexposed\dexposed\src\main\java\com\taobao\android\dexposed\XC_MethodHook.java,com.taobao.android.dexposed.XC_MethodHook$MethodHookParam,getResult/0,false,62,0,1,1,0,1,0,3,1,0,0,0,0,0,0,0,0,0,0,0,0,0,0,0,0,0,9,1,0,true
c:\Users\arthur.menezes_evolu\Desktop\Pes\dexposed\dexposed\src\main\java\com\taobao\android\dexposed\XC_MethodHook.java,com.taobao.android.dexposed.XC_MethodHook$MethodHookParam,setResult/1[java.lang.Object],false,71,0,2,2,0,1,0,5,0,0,1,0,0,0,0,0,0,0,0,0,3,0,0,0,0,0,22,1,0,true
c:\Users\arthur.menezes_evolu\Desktop\Pes\dexposed\dexposed\src\main\java\com\taobao\android\dexposed\XC_MethodHook.java,com.taobao.android.dexposed.XC_MethodHook$MethodHookParam,getThrowable/0,false,78,0,1,1,0,1,0,3,1,0,0,0,0,0,0,0,0,0,0,0,0,0,0,0,0,0,10,1,0,true
c:\Users\arthur.menezes_evolu\Desktop\Pes\dexposed\dexposed\src\main\java\com\taobao\android\dexposed\XC_MethodHook.java,com.taobao.android.dexposed.XC_MethodHook$MethodHookParam,getResultOrThrowable/0,false,99,0,0,0,0,2,0,4,1,0,0,0,0,0,0,1,0,0,0,0,0,0,1,0,0,0,16,1,0,true
c:\Users\arthur.menezes_evolu\Desktop\Pes\dexposed\sample\dexposedexamples\app\src\main\java\com\taobao\patch\PatchResult.java,com.taobao.patch.PatchResult,"PatchResult/4[boolean,int,java.lang.String,java.lang.Throwable]",true,72,0,1,1,0,1,0,6,0,0,4,0,0,0,0,0,0,0,0,0,4,0,0,0,0,0,7,1,0,false
c:\Users\arthur.menezes_evolu\Desktop\Pes\dexposed\sample\dexposedexamples\app\src\main\java\com\taobao\patch\PatchResult.java,com.taobao.patch.PatchResult,"PatchResult/3[boolean,int,java.lang.String]",true,66,0,3,3,0,1,0,5,0,0,3,0,0,0,0,0,0,0,0,0,3,0,0,0,0,0,6,1,0,false
c:\Users\arthur.menezes_evolu\Desktop\Pes\dexposed\sample\dexposedexamples\app\src\main\java\com\taobao\patch\PatchResult.java,com.taobao.patch.PatchResult,getErrorInfo/0,false,87,0,1,1,0,1,0,3,1,0,0,0,0,0,0,0,0,0,0,0,0,0,0,0,0,0,3,1,0,false
c:\Users\arthur.menezes_evolu\Desktop\Pes\dexposed\sample\dexposedexamples\app\src\main\java\com\taobao\patch\PatchResult.java,com.taobao.patch.PatchResult,getErrocode/0,false,83,0,0,0,0,1,0,3,1,0,0,0,0,0,0,0,0,0,0,0,0,0,0,0,0,0,2,1,0,false
c:\Users\arthur.menezes_evolu\Desktop\Pes\dexposed\sample\dexposedexamples\app\src\main\java\com\taobao\patch\PatchResult.java,com.taobao.patch.PatchResult,isSuccess/0,false,79,0,2,2,0,1,0,3,1,0,0,0,0,0,0,0,0,0,0,0,0,0,0,0,0,0,2,1,0,false
c:\Users\arthur.menezes_evolu\Desktop\Pes\dexposed\sample\dexposedexamples\app\src\main\java\com\taobao\patch\PatchResult.java,com.taobao.patch.PatchResult,getThrowbale/0,false,91,0,0,0,0,1,0,3,1,0,0,0,0,0,0,0,0,0,0,0,0,0,0,0,0,0,3,1,0,false
c:\Users\arthur.menezes_evolu\Desktop\Pes\dexposed\dexposed\src\main\java\com\taobao\android\dexposed\XC_MethodHook.java,com.taobao.android.dexposed.XC_MethodHook,XC_MethodHook/1[int],true,30,0,0,0,0,1,0,3,0,0,1,0,0,0,0,0,0,0,0,0,0,0,0,0,0,0,6,1,0,false
c:\Users\arthur.menezes_evolu\Desktop\Pes\dexposed\dexposed\src\main\java\com\taobao\android\dexposed\XC_MethodHook.java,com.taobao.android.dexposed.XC_MethodHook,afterHookedMethod/1[com.taobao.android.dexposed.XC_MethodHook.MethodHookParam],false,46,1,1,1,0,1,0,2,0,0,1,0,0,0,0,0,0,0,0,0,0,0,0,0,0,0,19,4,0,true
c:\Users\arthur.menezes_evolu\Desktop\Pes\dexposed\dexposed\src\main\java\com\taobao\android\dexposed\XC_MethodHook.java,com.taobao.android.dexposed.XC_MethodHook,beforeHookedMethod/1[com.taobao.android.dexposed.XC_MethodHook.MethodHookParam],false,39,1,1,1,0,1,0,2,0,0,1,0,0,0,0,0,0,0,0,0,0,0,0,0,0,0,21,4,0,true
c:\Users\arthur.menezes_evolu\Desktop\Pes\dexposed\dexposed\src\main\java\com\taobao\android\dexposed\XC_MethodHook.java,com.taobao.android.dexposed.XC_MethodHook,XC_MethodHook/0,true,27,0,0,0,0,1,0,3,0,0,0,0,0,0,0,0,0,0,0,0,0,0,0,0,0,0,5,1,0,false
c:\Users\arthur.menezes_evolu\Desktop\Pes\dexposed\sample\dexposedexamples\app\src\main\java\com\taobao\dexposed\MainActivity.java,com.taobao.dexposed.MainActivity,hookChoreographer/1[com.taobao.dexposed.View],false,77,3,3,0,3,3,4,9,0,0,1,4,1,1,0,0,0,0,4,0,0,0,1,0,0,0,13,1,0,false
c:\Users\arthur.menezes_evolu\Desktop\Pes\dexposed\sample\dexposedexamples\app\src\main\java\com\taobao\dexposed\MainActivity.java,com.taobao.dexposed.MainActivity,showDialog/0,false,110,2,1,1,0,1,5,8,0,1,0,5,0,0,0,0,0,0,3,0,1,0,0,1,0,0,19,2,0,false
c:\Users\arthur.menezes_evolu\Desktop\Pes\dexposed\sample\dexposedexamples\app\src\main\java\com\taobao\dexposed\MainActivity.java,com.taobao.dexposed.MainActivity,onCreate/1[com.taobao.dexposed.Bundle],false,42,2,0,0,0,2,3,7,0,0,1,3,0,0,0,0,0,1,0,1,3,0,0,0,0,0,17,4,0,false
c:\Users\arthur.menezes_evolu\Desktop\Pes\dexposed\sample\dexposedexamples\app\src\main\java\com\taobao\dexposed\MainActivity.java,com.taobao.dexposed.MainActivity,runPatchApk/1[com.taobao.dexposed.View],false,87,4,5,0,5,5,9,23,2,3,1,9,2,1,0,1,0,0,11,0,3,2,2,0,0,0,30,1,0,false
c:\Users\arthur.menezes_evolu\Desktop\Pes\dexposed\sample\dexposedexamples\app\src\main\java\com\taobao\dexposed\MainActivity.java,com.taobao.dexposed.MainActivity,(initializer 1),false,21,0,0,0,0,6,2,16,0,0,0,2,0,0,0,1,1,0,3,4,0,0,2,0,0,0,2,8,0,false
c:\Users\arthur.menezes_evolu\Desktop\Pes\dexposed\sample\dexposedexamples\app\src\main\java\com\taobao\dexposed\MainActivity.java,com.taobao.dexposed.MainActivity,"showLog/2[java.lang.String,java.lang.String]",false,72,0,3,3,0,1,1,3,0,0,2,1,0,0,0,0,0,0,0,0,0,0,0,0,0,0,3,2,0,false
c:\Users\arthur.menezes_evolu\Desktop\Pes\dexposed\sample\dexposedexamples\app\src\main\java\com\taobao\dexposed\MainActivity.java,com.taobao.dexposed.MainActivity,hookSystemLog/1[com.taobao.dexposed.View],false,52,5,3,0,3,5,5,21,0,0,1,5,1,1,0,0,0,0,7,0,0,0,2,1,0,0,37,1,0,false
