file,class,method,constructor,line,cbo,cboModified,fanin,fanout,wmc,rfc,loc,returnsQty,variablesQty,parametersQty,methodsInvokedQty,methodsInvokedLocalQty,methodsInvokedIndirectLocalQty,loopQty,comparisonsQty,tryCatchQty,parenthesizedExpsQty,stringLiteralsQty,numbersQty,assignmentsQty,mathOperationsQty,maxNestedBlocksQty,anonymousClassesQty,innerClassesQty,lambdasQty,uniqueWordsQty,modifiers,logStatementsQty,hasJavaDoc
c:\Users\arthur.menezes_evolu\Desktop\Pes\UltraViewPager\ultraviewpager\src\main\java\com\tmall\ultraviewpager\IUltraViewPagerFeature.java,com.tmall.ultraviewpager.IUltraViewPagerFeature,scrollLastPage/0,false,147,0,0,0,0,1,0,1,0,0,0,0,0,0,0,0,0,0,0,0,0,0,0,0,0,0,12,0,0,true
c:\Users\arthur.menezes_evolu\Desktop\Pes\UltraViewPager\ultraviewpager\src\main\java\com\tmall\ultraviewpager\IUltraViewPagerFeature.java,com.tmall.ultraviewpager.IUltraViewPagerFeature,"setScrollMargin/2[int,int]",false,191,0,0,0,0,1,0,1,0,0,2,0,0,0,0,0,0,0,0,0,0,0,0,0,0,0,13,0,0,true
c:\Users\arthur.menezes_evolu\Desktop\Pes\UltraViewPager\ultraviewpager\src\main\java\com\tmall\ultraviewpager\IUltraViewPagerFeature.java,com.tmall.ultraviewpager.IUltraViewPagerFeature,setAutoScroll/1[int],false,86,0,0,0,0,1,0,1,0,0,1,0,0,0,0,0,0,0,0,0,0,0,0,0,0,0,14,0,0,true
c:\Users\arthur.menezes_evolu\Desktop\Pes\UltraViewPager\ultraviewpager\src\main\java\com\tmall\ultraviewpager\IUltraViewPagerFeature.java,com.tmall.ultraviewpager.IUltraViewPagerFeature,setRatio/1[float],false,126,0,0,0,0,1,0,1,0,0,1,0,0,0,0,0,0,0,0,0,0,0,0,0,0,0,6,0,0,true
c:\Users\arthur.menezes_evolu\Desktop\Pes\UltraViewPager\ultraviewpager\src\main\java\com\tmall\ultraviewpager\IUltraViewPagerFeature.java,com.tmall.ultraviewpager.IUltraViewPagerFeature,setMultiScreen/1[float],false,157,0,0,0,0,1,0,1,0,0,1,0,0,0,0,0,0,0,0,0,0,0,0,0,0,0,19,0,0,true
c:\Users\arthur.menezes_evolu\Desktop\Pes\UltraViewPager\ultraviewpager\src\main\java\com\tmall\ultraviewpager\IUltraViewPagerFeature.java,com.tmall.ultraviewpager.IUltraViewPagerFeature,setItemRatio/1[double],false,167,0,0,0,0,1,0,1,0,0,1,0,0,0,0,0,0,0,0,0,0,0,0,0,0,0,13,0,0,true
c:\Users\arthur.menezes_evolu\Desktop\Pes\UltraViewPager\ultraviewpager\src\main\java\com\tmall\ultraviewpager\IUltraViewPagerFeature.java,com.tmall.ultraviewpager.IUltraViewPagerFeature,"initIndicator/6[int,int,int,int,int,int]",false,52,1,0,0,0,1,0,1,0,0,6,0,0,0,0,0,0,0,0,0,0,0,0,0,0,0,33,0,0,true
c:\Users\arthur.menezes_evolu\Desktop\Pes\UltraViewPager\ultraviewpager\src\main\java\com\tmall\ultraviewpager\IUltraViewPagerFeature.java,com.tmall.ultraviewpager.IUltraViewPagerFeature,"initIndicator/4[int,int,int,int]",false,42,1,0,0,0,1,0,1,0,0,4,0,0,0,0,0,0,0,0,0,0,0,0,0,0,0,30,0,0,true
c:\Users\arthur.menezes_evolu\Desktop\Pes\UltraViewPager\ultraviewpager\src\main\java\com\tmall\ultraviewpager\IUltraViewPagerFeature.java,com.tmall.ultraviewpager.IUltraViewPagerFeature,setAutoMeasureHeight/1[boolean],false,162,0,0,0,0,1,0,1,0,0,1,0,0,0,0,0,0,0,0,0,0,0,0,0,0,0,13,0,0,true
c:\Users\arthur.menezes_evolu\Desktop\Pes\UltraViewPager\ultraviewpager\src\main\java\com\tmall\ultraviewpager\IUltraViewPagerFeature.java,com.tmall.ultraviewpager.IUltraViewPagerFeature,"setItemMargin/4[int,int,int,int]",false,181,0,0,0,0,1,0,1,0,0,4,0,0,0,0,0,0,0,0,0,0,0,0,0,0,0,13,0,0,true
c:\Users\arthur.menezes_evolu\Desktop\Pes\UltraViewPager\ultraviewpager\src\main\java\com\tmall\ultraviewpager\IUltraViewPagerFeature.java,com.tmall.ultraviewpager.IUltraViewPagerFeature,"initIndicator/3[int,int,int]",false,64,1,0,0,0,1,0,1,0,0,3,0,0,0,0,0,0,0,0,0,0,0,0,0,0,0,28,0,0,true
c:\Users\arthur.menezes_evolu\Desktop\Pes\UltraViewPager\ultraviewpager\src\main\java\com\tmall\ultraviewpager\IUltraViewPagerFeature.java,com.tmall.ultraviewpager.IUltraViewPagerFeature,disableScrollDirection/1[com.tmall.ultraviewpager.UltraViewPager.ScrollDirection],false,140,1,0,0,0,1,0,1,0,0,1,0,0,0,0,0,0,0,0,0,0,0,0,0,0,0,15,0,0,true
c:\Users\arthur.menezes_evolu\Desktop\Pes\UltraViewPager\ultraviewpager\src\main\java\com\tmall\ultraviewpager\IUltraViewPagerFeature.java,com.tmall.ultraviewpager.IUltraViewPagerFeature,setMaxWidth/1[int],false,112,0,0,0,0,1,0,1,0,0,1,0,0,0,0,0,0,0,0,0,0,0,0,0,0,0,7,0,0,true
c:\Users\arthur.menezes_evolu\Desktop\Pes\UltraViewPager\ultraviewpager\src\main\java\com\tmall\ultraviewpager\IUltraViewPagerFeature.java,com.tmall.ultraviewpager.IUltraViewPagerFeature,setInfiniteRatio/1[int],false,199,0,0,0,0,1,0,1,0,0,1,0,0,0,0,0,0,0,0,0,0,0,0,0,0,0,11,0,0,true
c:\Users\arthur.menezes_evolu\Desktop\Pes\UltraViewPager\ultraviewpager\src\main\java\com\tmall\ultraviewpager\IUltraViewPagerFeature.java,com.tmall.ultraviewpager.IUltraViewPagerFeature,setScrollMode/1[com.tmall.ultraviewpager.UltraViewPager.ScrollMode],false,133,1,0,0,0,1,0,1,0,0,1,0,0,0,0,0,0,0,0,0,0,0,0,0,0,0,7,0,0,true
c:\Users\arthur.menezes_evolu\Desktop\Pes\UltraViewPager\ultraviewpager\src\main\java\com\tmall\ultraviewpager\IUltraViewPagerFeature.java,com.tmall.ultraviewpager.IUltraViewPagerFeature,setInfiniteLoop/1[boolean],false,105,0,0,0,0,1,0,1,0,0,1,0,0,0,0,0,0,0,0,0,0,0,0,0,0,0,10,0,0,true
c:\Users\arthur.menezes_evolu\Desktop\Pes\UltraViewPager\ultraviewpager\src\main\java\com\tmall\ultraviewpager\IUltraViewPagerFeature.java,com.tmall.ultraviewpager.IUltraViewPagerFeature,disableAutoScroll/0,false,100,0,0,0,0,1,0,1,0,0,0,0,0,0,0,0,0,0,0,0,0,0,0,0,0,0,7,0,0,true
c:\Users\arthur.menezes_evolu\Desktop\Pes\UltraViewPager\ultraviewpager\src\main\java\com\tmall\ultraviewpager\IUltraViewPagerFeature.java,com.tmall.ultraviewpager.IUltraViewPagerFeature,setMaxHeight/1[int],false,119,0,0,0,0,1,0,1,0,0,1,0,0,0,0,0,0,0,0,0,0,0,0,0,0,0,7,0,0,true
c:\Users\arthur.menezes_evolu\Desktop\Pes\UltraViewPager\ultraviewpager\src\main\java\com\tmall\ultraviewpager\IUltraViewPagerFeature.java,com.tmall.ultraviewpager.IUltraViewPagerFeature,scrollNextPage/0,false,152,0,0,0,0,1,0,1,0,0,0,0,0,0,0,0,0,0,0,0,0,0,0,0,0,0,13,0,0,true
c:\Users\arthur.menezes_evolu\Desktop\Pes\UltraViewPager\ultraviewpager\src\main\java\com\tmall\ultraviewpager\IUltraViewPagerFeature.java,com.tmall.ultraviewpager.IUltraViewPagerFeature,initIndicator/0,false,36,1,0,0,0,1,0,1,0,0,0,0,0,0,0,0,0,0,0,0,0,0,0,0,0,0,23,0,0,true
c:\Users\arthur.menezes_evolu\Desktop\Pes\UltraViewPager\ultraviewpager\src\main\java\com\tmall\ultraviewpager\IUltraViewPagerFeature.java,com.tmall.ultraviewpager.IUltraViewPagerFeature,disableIndicator/0,false,81,0,0,0,0,1,0,1,0,0,0,0,0,0,0,0,0,0,0,0,0,0,0,0,0,0,4,0,0,true
c:\Users\arthur.menezes_evolu\Desktop\Pes\UltraViewPager\ultraviewpager\src\main\java\com\tmall\ultraviewpager\IUltraViewPagerFeature.java,com.tmall.ultraviewpager.IUltraViewPagerFeature,"setAutoScroll/2[int,com.tmall.ultraviewpager.SparseIntArray]",false,93,1,0,0,0,1,0,1,0,0,2,0,0,0,0,0,0,0,0,0,0,0,0,0,0,0,21,0,0,true
c:\Users\arthur.menezes_evolu\Desktop\Pes\UltraViewPager\ultraviewpager\src\main\java\com\tmall\ultraviewpager\IUltraViewPagerFeature.java,com.tmall.ultraviewpager.IUltraViewPagerFeature,"initIndicator/3[com.tmall.ultraviewpager.Bitmap,com.tmall.ultraviewpager.Bitmap,int]",false,73,2,0,0,0,1,0,1,0,0,3,0,0,0,0,0,0,0,0,0,0,0,0,0,0,0,24,0,0,true
c:\Users\arthur.menezes_evolu\Desktop\Pes\UltraViewPager\ultraviewpager\src\main\java\com\tmall\ultraviewpager\IUltraViewPagerFeature.java,com.tmall.ultraviewpager.IUltraViewPagerFeature,setHGap/1[int],false,174,0,0,0,0,1,0,1,0,0,1,0,0,0,0,0,0,0,0,0,0,0,0,0,0,0,11,0,0,true
c:\Users\arthur.menezes_evolu\Desktop\Pes\UltraViewPager\sample\src\androidTest\java\com\tmall\ultraviewpager\ApplicationTest.java,com.tmall.ultraviewpager.ApplicationTest,ApplicationTest/0,true,36,1,0,0,0,1,0,3,0,0,0,0,0,0,0,0,0,0,0,0,0,0,0,0,0,0,2,1,0,false
c:\Users\arthur.menezes_evolu\Desktop\Pes\UltraViewPager\ultraviewpager\src\main\java\com\tmall\ultraviewpager\transformer\UltraScaleTransformer.java,com.tmall.ultraviewpager.transformer.UltraScaleTransformer,"transformPage/2[com.tmall.ultraviewpager.transformer.View,float]",false,39,1,0,0,0,4,4,16,0,2,2,4,0,0,0,1,0,2,0,7,2,4,1,0,0,0,17,1,0,false
c:\Users\arthur.menezes_evolu\Desktop\Pes\UltraViewPager\ultraviewpager\src\main\java\com\tmall\ultraviewpager\UltraViewPager.java,com.tmall.ultraviewpager.UltraViewPager$Anonymous1,build/0,false,238,1,0,0,0,1,2,4,0,0,0,2,0,0,0,0,0,0,0,0,0,0,0,0,0,0,6,1,0,false
c:\Users\arthur.menezes_evolu\Desktop\Pes\UltraViewPager\ultraviewpager\src\test\java\com\tmall\ultraviewpager\ExampleUnitTest.java,com.tmall.ultraviewpager.ExampleUnitTest,addition_isCorrect/0,false,38,1,0,0,0,1,1,3,0,0,0,1,0,0,0,0,0,0,0,3,0,1,0,0,0,0,6,1,0,false
c:\Users\arthur.menezes_evolu\Desktop\Pes\UltraViewPager\ultraviewpager\src\main\java\com\tmall\ultraviewpager\UltraViewPager.java,com.tmall.ultraviewpager.UltraViewPager$ScrollMode,ScrollMode/1[int],true,57,0,0,0,0,1,0,3,0,0,1,0,0,0,0,0,0,0,0,0,1,0,0,0,0,0,3,0,0,false
c:\Users\arthur.menezes_evolu\Desktop\Pes\UltraViewPager\ultraviewpager\src\main\java\com\tmall\ultraviewpager\UltraViewPager.java,com.tmall.ultraviewpager.UltraViewPager$ScrollMode,getScrollMode/1[int],false,61,1,2,1,1,3,1,6,1,0,1,1,0,0,1,1,0,0,0,0,0,0,2,0,0,0,9,8,0,false
c:\Users\arthur.menezes_evolu\Desktop\Pes\UltraViewPager\ultraviewpager\src\main\java\com\tmall\ultraviewpager\UltraViewPager.java,com.tmall.ultraviewpager.UltraViewPager$Anonymous2,callBack/0,false,301,1,1,0,1,1,1,3,0,0,0,1,0,0,0,0,0,0,0,0,0,0,0,0,0,0,5,1,0,false
c:\Users\arthur.menezes_evolu\Desktop\Pes\UltraViewPager\ultraviewpager\src\main\java\com\tmall\ultraviewpager\UltraViewPager.java,com.tmall.ultraviewpager.UltraViewPager$Anonymous2,getNextItem/0,false,296,1,1,0,1,1,1,3,1,0,0,1,0,0,0,0,0,0,0,0,0,0,0,0,0,0,3,1,0,false
c:\Users\arthur.menezes_evolu\Desktop\Pes\UltraViewPager\sample\src\main\java\com\tmall\ultraviewpager\sample\UPVDemoActivity.java,com.tmall.ultraviewpager.sample.UPVDemoActivity,onCreate/1[com.tmall.ultraviewpager.sample.Bundle],false,46,5,0,0,0,1,6,37,0,8,1,6,0,0,0,0,0,0,31,0,8,0,0,0,0,0,24,4,0,false
c:\Users\arthur.menezes_evolu\Desktop\Pes\UltraViewPager\sample\src\main\java\com\tmall\ultraviewpager\sample\UPVDemoActivity.java,com.tmall.ultraviewpager.sample.UPVDemoActivity,"onListItemClick/4[com.tmall.ultraviewpager.sample.ListView,com.tmall.ultraviewpager.sample.View,int,long]",false,93,4,0,0,0,2,5,11,0,3,4,5,0,0,0,1,0,0,5,0,3,0,1,0,0,0,16,4,0,false
c:\Users\arthur.menezes_evolu\Desktop\Pes\UltraViewPager\ultraviewpager\src\main\java\com\tmall\ultraviewpager\UltraViewPager.java,com.tmall.ultraviewpager.UltraViewPager$ScrollDirection,ScrollDirection/1[int],true,78,0,0,0,0,1,0,3,0,0,1,0,0,0,0,0,0,0,0,0,1,0,0,0,0,0,3,0,0,false
c:\Users\arthur.menezes_evolu\Desktop\Pes\UltraViewPager\ultraviewpager\src\main\java\com\tmall\ultraviewpager\UltraViewPager.java,com.tmall.ultraviewpager.UltraViewPager$ScrollDirection,getScrollDirection/1[int],false,82,1,2,1,1,3,1,6,1,0,1,1,0,0,1,1,0,0,0,0,0,0,2,0,0,0,9,8,0,false
c:\Users\arthur.menezes_evolu\Desktop\Pes\UltraViewPager\ultraviewpager\src\main\java\com\tmall\ultraviewpager\UltraViewPagerView.java,com.tmall.ultraviewpager.UltraViewPagerView,getNextItem/0,false,230,1,3,1,2,2,3,7,2,1,0,3,0,0,0,1,0,0,0,3,1,2,1,0,0,0,4,1,0,false
c:\Users\arthur.menezes_evolu\Desktop\Pes\UltraViewPager\ultraviewpager\src\main\java\com\tmall\ultraviewpager\UltraViewPagerView.java,com.tmall.ultraviewpager.UltraViewPagerView,onInterceptTouchEvent/1[com.tmall.ultraviewpager.MotionEvent],false,336,2,1,0,1,2,2,8,2,1,1,2,1,1,0,1,0,0,0,0,1,0,1,0,0,0,10,1,0,false
c:\Users\arthur.menezes_evolu\Desktop\Pes\UltraViewPager\ultraviewpager\src\main\java\com\tmall\ultraviewpager\UltraViewPagerView.java,com.tmall.ultraviewpager.UltraViewPagerView,setRatio/1[float],false,309,0,1,1,0,1,0,3,0,0,1,0,0,0,0,0,0,0,0,0,1,0,0,0,0,0,3,1,0,false
c:\Users\arthur.menezes_evolu\Desktop\Pes\UltraViewPager\ultraviewpager\src\main\java\com\tmall\ultraviewpager\UltraViewPagerView.java,com.tmall.ultraviewpager.UltraViewPagerView,getScrollMode/0,false,290,1,1,1,0,1,0,3,1,0,0,0,0,0,0,0,0,0,0,0,0,0,0,0,0,0,4,1,0,false
c:\Users\arthur.menezes_evolu\Desktop\Pes\UltraViewPager\ultraviewpager\src\main\java\com\tmall\ultraviewpager\UltraViewPagerView.java,com.tmall.ultraviewpager.UltraViewPagerView,UltraViewPagerView/1[com.tmall.ultraviewpager.Context],true,65,2,2,1,1,1,1,4,0,0,1,1,1,1,0,0,0,0,0,0,0,0,0,0,0,0,6,1,0,false
c:\Users\arthur.menezes_evolu\Desktop\Pes\UltraViewPager\ultraviewpager\src\main\java\com\tmall\ultraviewpager\UltraViewPagerView.java,com.tmall.ultraviewpager.UltraViewPagerView,"onMeasure/2[int,int]",false,81,1,1,0,1,1,2,4,0,0,2,2,1,2,0,0,0,0,0,0,0,0,0,0,0,0,5,4,0,false
c:\Users\arthur.menezes_evolu\Desktop\Pes\UltraViewPager\ultraviewpager\src\main\java\com\tmall\ultraviewpager\UltraViewPagerView.java,com.tmall.ultraviewpager.UltraViewPagerView,"setCurrentItem/2[int,boolean]",false,214,1,5,2,3,3,4,6,0,0,2,4,0,0,0,1,0,0,0,2,1,3,1,0,0,0,6,1,0,false
c:\Users\arthur.menezes_evolu\Desktop\Pes\UltraViewPager\ultraviewpager\src\main\java\com\tmall\ultraviewpager\UltraViewPagerView.java,com.tmall.ultraviewpager.UltraViewPagerView,setAutoMeasureHeight/1[boolean],false,280,0,1,1,0,1,0,3,0,0,1,0,0,0,0,0,0,0,0,0,1,0,0,0,0,0,5,1,0,false
c:\Users\arthur.menezes_evolu\Desktop\Pes\UltraViewPager\ultraviewpager\src\main\java\com\tmall\ultraviewpager\UltraViewPagerView.java,com.tmall.ultraviewpager.UltraViewPagerView,swapTouchEvent/1[com.tmall.ultraviewpager.MotionEvent],false,323,1,2,2,0,1,5,8,1,4,1,5,0,0,0,0,0,2,0,0,4,4,0,0,0,0,13,2,0,false
c:\Users\arthur.menezes_evolu\Desktop\Pes\UltraViewPager\ultraviewpager\src\main\java\com\tmall\ultraviewpager\UltraViewPagerView.java,com.tmall.ultraviewpager.UltraViewPagerView,setAdapter/1[com.tmall.ultraviewpager.PagerAdapter],false,192,2,6,1,5,4,5,16,0,0,1,5,0,0,0,3,0,0,0,1,3,0,2,0,0,0,19,1,0,false
c:\Users\arthur.menezes_evolu\Desktop\Pes\UltraViewPager\ultraviewpager\src\main\java\com\tmall\ultraviewpager\UltraViewPagerView.java,com.tmall.ultraviewpager.UltraViewPagerView,setScrollMode/1[com.tmall.ultraviewpager.UltraViewPager.ScrollMode],false,284,2,2,1,1,2,1,4,0,0,1,1,0,0,0,1,0,0,0,0,1,0,1,0,0,0,8,1,0,false
c:\Users\arthur.menezes_evolu\Desktop\Pes\UltraViewPager\ultraviewpager\src\main\java\com\tmall\ultraviewpager\UltraViewPagerView.java,com.tmall.ultraviewpager.UltraViewPagerView,"onSizeChanged/4[int,int,int,int]",false,185,0,0,0,0,1,1,4,0,0,4,1,0,0,0,0,0,0,0,0,1,0,0,0,0,0,8,4,0,false
c:\Users\arthur.menezes_evolu\Desktop\Pes\UltraViewPager\ultraviewpager\src\main\java\com\tmall\ultraviewpager\UltraViewPagerView.java,com.tmall.ultraviewpager.UltraViewPagerView,getCurrentItem/0,false,222,1,6,4,2,3,3,7,2,1,0,3,0,0,0,2,0,0,0,1,1,1,1,0,0,0,7,1,0,false
c:\Users\arthur.menezes_evolu\Desktop\Pes\UltraViewPager\ultraviewpager\src\main\java\com\tmall\ultraviewpager\UltraViewPagerView.java,com.tmall.ultraviewpager.UltraViewPagerView,"UltraViewPagerView/2[com.tmall.ultraviewpager.Context,com.tmall.ultraviewpager.AttributeSet]",true,70,3,1,0,1,1,1,4,0,0,2,1,1,1,0,0,0,0,0,0,0,0,0,0,0,0,6,1,0,false
c:\Users\arthur.menezes_evolu\Desktop\Pes\UltraViewPager\ultraviewpager\src\main\java\com\tmall\ultraviewpager\UltraViewPagerView.java,com.tmall.ultraviewpager.UltraViewPagerView,getConstrainLength/0,false,294,0,1,1,0,1,0,3,1,0,0,0,0,0,0,0,0,0,0,0,0,0,0,0,0,0,4,1,0,false
c:\Users\arthur.menezes_evolu\Desktop\Pes\UltraViewPager\ultraviewpager\src\main\java\com\tmall\ultraviewpager\UltraViewPagerView.java,com.tmall.ultraviewpager.UltraViewPagerView,"init/2[com.tmall.ultraviewpager.Context,com.tmall.ultraviewpager.AttributeSet]",false,75,2,2,2,0,1,2,4,0,0,2,2,0,0,0,0,0,0,0,0,0,0,0,0,0,0,19,2,0,false
c:\Users\arthur.menezes_evolu\Desktop\Pes\UltraViewPager\ultraviewpager\src\main\java\com\tmall\ultraviewpager\UltraViewPagerView.java,com.tmall.ultraviewpager.UltraViewPagerView,resetPosition/0,false,319,1,2,0,2,1,2,3,0,0,0,2,2,2,0,0,0,0,0,0,0,0,0,0,0,0,6,1,0,false
c:\Users\arthur.menezes_evolu\Desktop\Pes\UltraViewPager\ultraviewpager\src\main\java\com\tmall\ultraviewpager\UltraViewPagerView.java,com.tmall.ultraviewpager.UltraViewPagerView,"setItemMargin/4[int,int,int,int]",false,298,0,1,1,0,1,0,6,0,0,4,0,0,0,0,0,0,0,0,0,4,0,0,0,0,0,12,1,0,false
c:\Users\arthur.menezes_evolu\Desktop\Pes\UltraViewPager\ultraviewpager\src\main\java\com\tmall\ultraviewpager\UltraViewPagerView.java,com.tmall.ultraviewpager.UltraViewPagerView,onTouchEvent/1[com.tmall.ultraviewpager.MotionEvent],false,347,2,1,0,1,2,2,4,2,0,1,2,1,1,0,1,0,0,0,0,0,0,1,0,0,0,8,1,0,false
c:\Users\arthur.menezes_evolu\Desktop\Pes\UltraViewPager\ultraviewpager\src\main\java\com\tmall\ultraviewpager\UltraViewPagerView.java,com.tmall.ultraviewpager.UltraViewPagerView,setMultiScreen/1[float],false,255,1,3,2,1,3,4,14,0,1,1,4,0,0,0,2,0,1,0,1,3,2,1,0,0,0,20,1,0,false
c:\Users\arthur.menezes_evolu\Desktop\Pes\UltraViewPager\ultraviewpager\src\main\java\com\tmall\ultraviewpager\UltraViewPagerView.java,com.tmall.ultraviewpager.UltraViewPagerView,"onMeasurePage/2[int,int]",false,86,4,5,1,4,26,26,83,4,23,2,26,1,1,4,13,0,5,0,14,31,11,3,0,0,0,50,4,0,false
c:\Users\arthur.menezes_evolu\Desktop\Pes\UltraViewPager\ultraviewpager\src\main\java\com\tmall\ultraviewpager\UltraViewPagerView.java,com.tmall.ultraviewpager.UltraViewPagerView,setEnableLoop/1[boolean],false,269,1,2,1,1,2,1,6,0,0,1,1,0,0,0,1,0,0,0,0,1,0,1,0,0,0,8,1,0,false
c:\Users\arthur.menezes_evolu\Desktop\Pes\UltraViewPager\ultraviewpager\src\main\java\com\tmall\ultraviewpager\UltraViewPagerView.java,com.tmall.ultraviewpager.UltraViewPagerView,setItemRatio/1[double],false,276,0,1,1,0,1,0,3,0,0,1,0,0,0,0,0,0,0,0,0,1,0,0,0,0,0,4,1,0,false
c:\Users\arthur.menezes_evolu\Desktop\Pes\UltraViewPager\ultraviewpager\src\main\java\com\tmall\ultraviewpager\UltraViewPagerView.java,com.tmall.ultraviewpager.UltraViewPagerView,"setCurrentItemFake/2[int,boolean]",false,244,0,2,2,0,1,1,3,0,0,2,1,0,0,0,0,0,0,0,0,0,0,0,0,0,0,20,1,0,true
c:\Users\arthur.menezes_evolu\Desktop\Pes\UltraViewPager\ultraviewpager\src\main\java\com\tmall\ultraviewpager\UltraViewPagerView.java,com.tmall.ultraviewpager.UltraViewPagerView,center/0,false,314,1,1,0,1,1,1,3,0,0,0,1,1,2,0,0,0,0,0,1,0,0,0,0,0,0,4,1,0,false
c:\Users\arthur.menezes_evolu\Desktop\Pes\UltraViewPager\ultraviewpager\src\main\java\com\tmall\ultraviewpager\UltraViewPagerView.java,com.tmall.ultraviewpager.UltraViewPagerView,getRatio/0,false,305,0,0,0,0,1,0,3,1,0,0,0,0,0,0,0,0,0,0,0,0,0,0,0,0,0,3,1,0,false
c:\Users\arthur.menezes_evolu\Desktop\Pes\UltraViewPager\ultraviewpager\src\main\java\com\tmall\ultraviewpager\UltraViewPagerView.java,com.tmall.ultraviewpager.UltraViewPagerView,setCurrentItem/1[int],false,209,1,4,3,1,1,1,3,0,0,1,1,1,1,0,0,0,0,0,0,0,0,0,0,0,0,4,1,0,false
c:\Users\arthur.menezes_evolu\Desktop\Pes\UltraViewPager\ultraviewpager\src\main\java\com\tmall\ultraviewpager\UltraViewPagerView.java,com.tmall.ultraviewpager.UltraViewPagerView,getCurrentItemFake/0,false,251,0,2,2,0,1,1,3,1,0,0,1,0,0,0,0,0,0,0,0,0,0,0,0,0,0,8,1,0,true
c:\Users\arthur.menezes_evolu\Desktop\Pes\UltraViewPager\ultraviewpager\src\main\java\com\tmall\ultraviewpager\IUltraIndicatorBuilder.java,com.tmall.ultraviewpager.IUltraIndicatorBuilder,setOrientation/1[com.tmall.ultraviewpager.UltraViewPager.Orientation],false,77,2,2,2,0,1,0,1,0,0,1,0,0,0,0,0,0,0,0,0,0,0,0,0,0,0,10,0,0,true
c:\Users\arthur.menezes_evolu\Desktop\Pes\UltraViewPager\ultraviewpager\src\main\java\com\tmall\ultraviewpager\IUltraIndicatorBuilder.java,com.tmall.ultraviewpager.IUltraIndicatorBuilder,setFocusColor/1[int],false,35,1,4,4,0,1,0,1,0,0,1,0,0,0,0,0,0,0,0,0,0,0,0,0,0,0,11,0,0,true
c:\Users\arthur.menezes_evolu\Desktop\Pes\UltraViewPager\ultraviewpager\src\main\java\com\tmall\ultraviewpager\IUltraIndicatorBuilder.java,com.tmall.ultraviewpager.IUltraIndicatorBuilder,setNormalIcon/1[com.tmall.ultraviewpager.Bitmap],false,113,2,0,0,0,1,0,1,0,0,1,0,0,0,0,0,0,0,0,0,0,0,0,0,0,0,12,0,0,true
c:\Users\arthur.menezes_evolu\Desktop\Pes\UltraViewPager\ultraviewpager\src\main\java\com\tmall\ultraviewpager\IUltraIndicatorBuilder.java,com.tmall.ultraviewpager.IUltraIndicatorBuilder,setStrokeColor/1[int],false,49,1,1,1,0,1,0,1,0,0,1,0,0,0,0,0,0,0,0,0,0,0,0,0,0,0,10,0,0,true
c:\Users\arthur.menezes_evolu\Desktop\Pes\UltraViewPager\ultraviewpager\src\main\java\com\tmall\ultraviewpager\IUltraIndicatorBuilder.java,com.tmall.ultraviewpager.IUltraIndicatorBuilder,setNormalResId/1[int],false,99,1,2,2,0,1,0,1,0,0,1,0,0,0,0,0,0,0,0,0,0,0,0,0,0,0,12,0,0,true
c:\Users\arthur.menezes_evolu\Desktop\Pes\UltraViewPager\ultraviewpager\src\main\java\com\tmall\ultraviewpager\IUltraIndicatorBuilder.java,com.tmall.ultraviewpager.IUltraIndicatorBuilder,setFocusIcon/1[com.tmall.ultraviewpager.Bitmap],false,106,2,1,1,0,1,0,1,0,0,1,0,0,0,0,0,0,0,0,0,0,0,0,0,0,0,12,0,0,true
c:\Users\arthur.menezes_evolu\Desktop\Pes\UltraViewPager\ultraviewpager\src\main\java\com\tmall\ultraviewpager\IUltraIndicatorBuilder.java,com.tmall.ultraviewpager.IUltraIndicatorBuilder,build/0,false,130,0,2,2,0,1,0,1,0,0,0,0,0,0,0,0,0,0,0,0,0,0,0,0,0,0,16,0,0,true
c:\Users\arthur.menezes_evolu\Desktop\Pes\UltraViewPager\ultraviewpager\src\main\java\com\tmall\ultraviewpager\IUltraIndicatorBuilder.java,com.tmall.ultraviewpager.IUltraIndicatorBuilder,setStrokeWidth/1[int],false,56,1,1,1,0,1,0,1,0,0,1,0,0,0,0,0,0,0,0,0,0,0,0,0,0,0,10,0,0,true
c:\Users\arthur.menezes_evolu\Desktop\Pes\UltraViewPager\ultraviewpager\src\main\java\com\tmall\ultraviewpager\IUltraIndicatorBuilder.java,com.tmall.ultraviewpager.IUltraIndicatorBuilder,setRadius/1[int],false,70,1,2,2,0,1,0,1,0,0,1,0,0,0,0,0,0,0,0,0,0,0,0,0,0,0,12,0,0,true
c:\Users\arthur.menezes_evolu\Desktop\Pes\UltraViewPager\ultraviewpager\src\main\java\com\tmall\ultraviewpager\IUltraIndicatorBuilder.java,com.tmall.ultraviewpager.IUltraIndicatorBuilder,setNormalColor/1[int],false,42,1,2,2,0,1,0,1,0,0,1,0,0,0,0,0,0,0,0,0,0,0,0,0,0,0,10,0,0,true
c:\Users\arthur.menezes_evolu\Desktop\Pes\UltraViewPager\ultraviewpager\src\main\java\com\tmall\ultraviewpager\IUltraIndicatorBuilder.java,com.tmall.ultraviewpager.IUltraIndicatorBuilder,"setMargin/4[int,int,int,int]",false,120,1,0,0,0,1,0,1,0,0,4,0,0,0,0,0,0,0,0,0,0,0,0,0,0,0,16,0,0,true
c:\Users\arthur.menezes_evolu\Desktop\Pes\UltraViewPager\ultraviewpager\src\main\java\com\tmall\ultraviewpager\IUltraIndicatorBuilder.java,com.tmall.ultraviewpager.IUltraIndicatorBuilder,setIndicatorPadding/1[int],false,63,1,0,0,0,1,0,1,0,0,1,0,0,0,0,0,0,0,0,0,0,0,0,0,0,0,13,0,0,true
c:\Users\arthur.menezes_evolu\Desktop\Pes\UltraViewPager\ultraviewpager\src\main\java\com\tmall\ultraviewpager\IUltraIndicatorBuilder.java,com.tmall.ultraviewpager.IUltraIndicatorBuilder,setFocusResId/1[int],false,92,1,2,2,0,1,0,1,0,0,1,0,0,0,0,0,0,0,0,0,0,0,0,0,0,0,13,0,0,true
c:\Users\arthur.menezes_evolu\Desktop\Pes\UltraViewPager\ultraviewpager\src\main\java\com\tmall\ultraviewpager\IUltraIndicatorBuilder.java,com.tmall.ultraviewpager.IUltraIndicatorBuilder,setGravity/1[int],false,84,1,5,5,0,1,0,1,0,0,1,0,0,0,0,0,0,0,0,0,0,0,0,0,0,0,16,0,0,true
c:\Users\arthur.menezes_evolu\Desktop\Pes\UltraViewPager\sample\src\main\java\com\tmall\ultraviewpager\sample\UltraPagerAdapter.java,com.tmall.ultraviewpager.sample.UltraPagerAdapter,"instantiateItem/2[com.tmall.ultraviewpager.sample.ViewGroup,int]",false,58,3,0,0,0,6,9,25,1,2,2,9,0,0,0,0,0,0,6,5,2,1,1,0,0,0,11,1,0,false
c:\Users\arthur.menezes_evolu\Desktop\Pes\UltraViewPager\sample\src\main\java\com\tmall\ultraviewpager\sample\UltraPagerAdapter.java,com.tmall.ultraviewpager.sample.UltraPagerAdapter,getCount/0,false,48,0,0,0,0,1,0,3,1,0,0,0,0,0,0,0,0,0,0,1,0,0,0,0,0,0,2,1,0,false
c:\Users\arthur.menezes_evolu\Desktop\Pes\UltraViewPager\sample\src\main\java\com\tmall\ultraviewpager\sample\UltraPagerAdapter.java,com.tmall.ultraviewpager.sample.UltraPagerAdapter,"destroyItem/3[com.tmall.ultraviewpager.sample.ViewGroup,int,java.lang.Object]",false,88,2,0,0,0,1,1,4,0,1,3,1,0,0,0,0,0,0,0,0,1,0,0,0,0,0,8,1,0,false
c:\Users\arthur.menezes_evolu\Desktop\Pes\UltraViewPager\sample\src\main\java\com\tmall\ultraviewpager\sample\UltraPagerAdapter.java,com.tmall.ultraviewpager.sample.UltraPagerAdapter,UltraPagerAdapter/1[boolean],true,43,0,2,2,0,1,0,3,0,0,1,0,0,0,0,0,0,0,0,0,1,0,0,0,0,0,6,1,0,false
c:\Users\arthur.menezes_evolu\Desktop\Pes\UltraViewPager\sample\src\main\java\com\tmall\ultraviewpager\sample\UltraPagerAdapter.java,com.tmall.ultraviewpager.sample.UltraPagerAdapter,"isViewFromObject/2[com.tmall.ultraviewpager.sample.View,java.lang.Object]",false,53,1,0,0,0,2,0,3,1,0,2,0,0,0,0,1,0,0,0,0,0,0,0,0,0,0,6,1,0,false
c:\Users\arthur.menezes_evolu\Desktop\Pes\UltraViewPager\sample\src\main\java\com\tmall\ultraviewpager\sample\PagerActivity.java,com.tmall.ultraviewpager.sample.PagerActivity,onNothingSelected/1[com.tmall.ultraviewpager.sample.AdapterView<?>],false,226,1,0,0,0,1,0,2,0,0,1,0,0,0,0,0,0,0,0,0,0,0,0,0,0,0,4,1,0,false
c:\Users\arthur.menezes_evolu\Desktop\Pes\UltraViewPager\sample\src\main\java\com\tmall\ultraviewpager\sample\PagerActivity.java,com.tmall.ultraviewpager.sample.PagerActivity,"onCheckedChanged/2[com.tmall.ultraviewpager.sample.CompoundButton,boolean]",false,231,3,3,0,3,4,4,14,0,1,2,4,0,0,0,2,0,0,0,5,1,0,2,0,0,0,17,1,0,false
c:\Users\arthur.menezes_evolu\Desktop\Pes\UltraViewPager\sample\src\main\java\com\tmall\ultraviewpager\sample\PagerActivity.java,com.tmall.ultraviewpager.sample.PagerActivity,defaultUltraViewPager/0,false,254,4,11,0,11,1,16,12,0,2,0,16,0,0,0,0,0,0,0,2,2,0,0,0,0,0,12,2,0,true
c:\Users\arthur.menezes_evolu\Desktop\Pes\UltraViewPager\sample\src\main\java\com\tmall\ultraviewpager\sample\PagerActivity.java,com.tmall.ultraviewpager.sample.PagerActivity,"onItemSelected/4[com.tmall.ultraviewpager.sample.AdapterView<?>,com.tmall.ultraviewpager.sample.View,int,long]",false,160,4,8,0,8,19,14,64,0,0,4,14,0,0,0,8,0,0,0,15,6,0,3,0,0,0,15,1,0,false
c:\Users\arthur.menezes_evolu\Desktop\Pes\UltraViewPager\sample\src\main\java\com\tmall\ultraviewpager\sample\PagerActivity.java,com.tmall.ultraviewpager.sample.PagerActivity,onClick/1[com.tmall.ultraviewpager.sample.View],false,247,3,2,0,2,1,2,3,0,0,1,2,0,0,0,0,0,0,0,0,0,0,0,0,0,0,4,1,0,false
c:\Users\arthur.menezes_evolu\Desktop\Pes\UltraViewPager\sample\src\main\java\com\tmall\ultraviewpager\sample\PagerActivity.java,com.tmall.ultraviewpager.sample.PagerActivity,onCreate/1[com.tmall.ultraviewpager.sample.Bundle],false,69,7,13,0,13,9,18,53,0,2,1,18,1,1,0,2,0,0,2,14,11,0,2,0,0,0,32,4,0,false
c:\Users\arthur.menezes_evolu\Desktop\Pes\UltraViewPager\sample\src\main\java\com\tmall\ultraviewpager\sample\PagerActivity.java,com.tmall.ultraviewpager.sample.PagerActivity,initUI/0,false,128,4,1,1,0,1,7,23,0,3,0,7,0,0,0,0,0,0,0,0,9,0,0,0,0,0,23,2,0,false
c:\Users\arthur.menezes_evolu\Desktop\Pes\UltraViewPager\ultraviewpager\src\main\java\com\tmall\ultraviewpager\transformer\UltraVerticalTransformer.java,com.tmall.ultraviewpager.transformer.UltraVerticalTransformer,"transformPage/2[com.tmall.ultraviewpager.transformer.View,float]",false,39,1,0,0,0,1,4,5,0,0,2,4,0,0,0,0,0,0,0,0,1,2,0,0,0,0,6,1,0,false
c:\Users\arthur.menezes_evolu\Desktop\Pes\UltraViewPager\ultraviewpager\src\main\java\com\tmall\ultraviewpager\transformer\UltraVerticalTransformer.java,com.tmall.ultraviewpager.transformer.UltraVerticalTransformer,getPosition/0,false,45,0,0,0,0,1,0,3,1,0,0,0,0,0,0,0,0,0,0,0,0,0,0,0,0,0,3,1,0,false
c:\Users\arthur.menezes_evolu\Desktop\Pes\UltraViewPager\ultraviewpager\src\main\java\com\tmall\ultraviewpager\UltraViewPagerAdapter.java,com.tmall.ultraviewpager.UltraViewPagerAdapter$UltraViewPagerCenterListener,resetPosition/0,false,49,0,1,1,0,1,0,1,0,0,0,0,0,0,0,0,0,0,0,0,0,0,0,0,0,0,2,0,0,false
c:\Users\arthur.menezes_evolu\Desktop\Pes\UltraViewPager\ultraviewpager\src\main\java\com\tmall\ultraviewpager\UltraViewPagerAdapter.java,com.tmall.ultraviewpager.UltraViewPagerAdapter$UltraViewPagerCenterListener,center/0,false,47,0,1,1,0,1,0,1,0,0,0,0,0,0,0,0,0,0,0,0,0,0,0,0,0,0,1,0,0,false
c:\Users\arthur.menezes_evolu\Desktop\Pes\UltraViewPager\ultraviewpager\src\main\java\com\tmall\ultraviewpager\UltraViewPagerIndicator.java,com.tmall.ultraviewpager.UltraViewPagerIndicator$UltraViewPagerIndicatorListener,build/0,false,45,0,1,1,0,1,0,1,0,0,0,0,0,0,0,0,0,0,0,0,0,0,0,0,0,0,1,0,0,false
c:\Users\arthur.menezes_evolu\Desktop\Pes\UltraViewPager\ultraviewpager\src\main\java\com\tmall\ultraviewpager\TimerHandler.java,com.tmall.ultraviewpager.TimerHandler,handleMessage/1[com.tmall.ultraviewpager.Message],false,56,3,3,0,3,3,3,9,0,1,1,3,1,2,0,2,0,0,0,0,1,0,2,0,0,0,17,1,0,false
c:\Users\arthur.menezes_evolu\Desktop\Pes\UltraViewPager\ultraviewpager\src\main\java\com\tmall\ultraviewpager\TimerHandler.java,com.tmall.ultraviewpager.TimerHandler,getNextInterval/1[int],false,70,0,1,1,0,3,1,10,1,2,1,1,0,0,0,1,0,0,0,2,3,0,2,0,0,0,9,2,0,false
c:\Users\arthur.menezes_evolu\Desktop\Pes\UltraViewPager\ultraviewpager\src\main\java\com\tmall\ultraviewpager\TimerHandler.java,com.tmall.ultraviewpager.TimerHandler,tick/1[int],false,66,1,3,2,1,1,2,3,0,0,1,2,1,1,0,0,0,0,0,0,0,0,0,0,0,0,6,1,0,false
c:\Users\arthur.menezes_evolu\Desktop\Pes\UltraViewPager\ultraviewpager\src\main\java\com\tmall\ultraviewpager\TimerHandler.java,com.tmall.ultraviewpager.TimerHandler,setListener/1[com.tmall.ultraviewpager.TimerHandler.TimerHandlerListener],false,89,1,0,0,0,1,0,3,0,0,1,0,0,0,0,0,0,0,0,0,1,0,0,0,0,0,5,1,0,false
c:\Users\arthur.menezes_evolu\Desktop\Pes\UltraViewPager\ultraviewpager\src\main\java\com\tmall\ultraviewpager\TimerHandler.java,com.tmall.ultraviewpager.TimerHandler,"TimerHandler/2[com.tmall.ultraviewpager.TimerHandler.TimerHandlerListener,long]",true,50,1,2,2,0,1,0,4,0,0,2,0,0,0,0,0,0,0,0,0,2,0,0,0,0,0,5,1,0,false
c:\Users\arthur.menezes_evolu\Desktop\Pes\UltraViewPager\ultraviewpager\src\main\java\com\tmall\ultraviewpager\TimerHandler.java,com.tmall.ultraviewpager.TimerHandler,isStopped/0,false,81,0,0,0,0,1,0,3,1,0,0,0,0,0,0,0,0,0,0,0,0,0,0,0,0,0,2,1,0,false
c:\Users\arthur.menezes_evolu\Desktop\Pes\UltraViewPager\ultraviewpager\src\main\java\com\tmall\ultraviewpager\TimerHandler.java,com.tmall.ultraviewpager.TimerHandler,setStopped/1[boolean],false,85,0,0,0,0,1,0,3,0,0,1,0,0,0,0,0,0,0,0,0,1,0,0,0,0,0,4,1,0,false
c:\Users\arthur.menezes_evolu\Desktop\Pes\UltraViewPager\ultraviewpager\src\main\java\com\tmall\ultraviewpager\TimerHandler.java,com.tmall.ultraviewpager.TimerHandler,setSpecialInterval/1[com.tmall.ultraviewpager.SparseIntArray],false,93,1,0,0,0,1,0,3,0,0,1,0,0,0,0,0,0,0,0,0,1,0,0,0,0,0,7,1,0,false
c:\Users\arthur.menezes_evolu\Desktop\Pes\UltraViewPager\ultraviewpager\src\main\java\com\tmall\ultraviewpager\transformer\UltraDepthScaleTransformer.java,com.tmall.ultraviewpager.transformer.UltraDepthScaleTransformer,"transformPage/2[com.tmall.ultraviewpager.transformer.View,float]",false,40,1,0,0,0,3,9,20,0,2,2,9,0,0,0,0,0,2,0,10,2,11,1,0,0,0,21,1,0,false
c:\Users\arthur.menezes_evolu\Desktop\Pes\UltraViewPager\ultraviewpager\src\main\java\com\tmall\ultraviewpager\UltraViewPagerIndicator.java,com.tmall.ultraviewpager.UltraViewPagerIndicator,setRadius/1[int],false,310,2,0,0,0,1,0,4,1,0,1,0,0,0,0,0,0,0,0,0,1,0,0,0,0,0,7,1,0,false
c:\Users\arthur.menezes_evolu\Desktop\Pes\UltraViewPager\ultraviewpager\src\main\java\com\tmall\ultraviewpager\UltraViewPagerIndicator.java,com.tmall.ultraviewpager.UltraViewPagerIndicator,"setMargin/4[int,int,int,int]",false,384,2,0,0,0,1,0,7,1,0,4,0,0,0,0,0,0,0,0,0,4,0,0,0,0,0,15,1,0,false
c:\Users\arthur.menezes_evolu\Desktop\Pes\UltraViewPager\ultraviewpager\src\main\java\com\tmall\ultraviewpager\UltraViewPagerIndicator.java,com.tmall.ultraviewpager.UltraViewPagerIndicator,setNormalIcon/1[com.tmall.ultraviewpager.Bitmap],false,378,3,0,0,0,1,0,4,1,0,1,0,0,0,0,0,0,0,0,0,1,0,0,0,0,0,10,1,0,false
c:\Users\arthur.menezes_evolu\Desktop\Pes\UltraViewPager\ultraviewpager\src\main\java\com\tmall\ultraviewpager\UltraViewPagerIndicator.java,com.tmall.ultraviewpager.UltraViewPagerIndicator,UltraViewPagerIndicator/1[com.tmall.ultraviewpager.Context],true,82,2,2,1,1,1,1,4,0,0,1,1,1,1,0,0,0,0,0,0,0,0,0,0,0,0,7,1,0,false
c:\Users\arthur.menezes_evolu\Desktop\Pes\UltraViewPager\ultraviewpager\src\main\java\com\tmall\ultraviewpager\UltraViewPagerIndicator.java,com.tmall.ultraviewpager.UltraViewPagerIndicator,setOrientation/1[com.tmall.ultraviewpager.UltraViewPager.Orientation],false,304,3,0,0,0,1,0,4,1,0,1,0,0,0,0,0,0,0,0,0,1,0,0,0,0,0,7,1,0,false
c:\Users\arthur.menezes_evolu\Desktop\Pes\UltraViewPager\ultraviewpager\src\main\java\com\tmall\ultraviewpager\UltraViewPagerIndicator.java,com.tmall.ultraviewpager.UltraViewPagerIndicator,setStrokeColor/1[int],false,334,2,0,0,0,1,1,4,1,0,1,1,0,0,0,0,0,0,0,0,0,0,0,0,0,0,8,1,0,false
c:\Users\arthur.menezes_evolu\Desktop\Pes\UltraViewPager\ultraviewpager\src\main\java\com\tmall\ultraviewpager\UltraViewPagerIndicator.java,com.tmall.ultraviewpager.UltraViewPagerIndicator,setIndicatorBuildListener/1[com.tmall.ultraviewpager.UltraViewPagerIndicator.UltraViewPagerIndicatorListener],false,403,1,1,1,0,1,0,3,0,0,1,0,0,0,0,0,0,0,0,0,1,0,0,0,0,0,8,1,0,false
c:\Users\arthur.menezes_evolu\Desktop\Pes\UltraViewPager\ultraviewpager\src\main\java\com\tmall\ultraviewpager\UltraViewPagerIndicator.java,com.tmall.ultraviewpager.UltraViewPagerIndicator,onPageScrollStateChanged/1[int],false,295,0,0,0,0,2,1,6,0,0,1,1,0,0,0,1,0,0,0,0,1,0,1,0,0,0,11,1,0,false
c:\Users\arthur.menezes_evolu\Desktop\Pes\UltraViewPager\ultraviewpager\src\main\java\com\tmall\ultraviewpager\UltraViewPagerIndicator.java,com.tmall.ultraviewpager.UltraViewPagerIndicator,isDrawResIndicator/0,false,255,0,3,3,0,3,0,3,1,0,0,0,0,0,0,2,0,0,0,0,0,0,0,0,0,0,8,2,0,false
c:\Users\arthur.menezes_evolu\Desktop\Pes\UltraViewPager\ultraviewpager\src\main\java\com\tmall\ultraviewpager\UltraViewPagerIndicator.java,com.tmall.ultraviewpager.UltraViewPagerIndicator,setFocusResId/1[int],false,352,2,0,0,0,2,3,9,1,0,1,3,0,0,0,0,1,0,0,0,1,0,1,0,0,0,14,1,0,false
c:\Users\arthur.menezes_evolu\Desktop\Pes\UltraViewPager\ultraviewpager\src\main\java\com\tmall\ultraviewpager\UltraViewPagerIndicator.java,com.tmall.ultraviewpager.UltraViewPagerIndicator,onPageSelected/1[int],false,284,0,0,0,0,3,2,8,0,0,1,2,0,0,0,2,0,0,0,0,0,0,1,0,0,0,11,1,0,false
c:\Users\arthur.menezes_evolu\Desktop\Pes\UltraViewPager\ultraviewpager\src\main\java\com\tmall\ultraviewpager\UltraViewPagerIndicator.java,com.tmall.ultraviewpager.UltraViewPagerIndicator,getItemWidth/0,false,259,1,2,1,1,3,3,6,2,0,0,3,1,1,0,1,0,0,0,1,0,0,1,0,0,0,10,2,0,false
c:\Users\arthur.menezes_evolu\Desktop\Pes\UltraViewPager\ultraviewpager\src\main\java\com\tmall\ultraviewpager\UltraViewPagerIndicator.java,com.tmall.ultraviewpager.UltraViewPagerIndicator,build/0,false,393,1,1,0,1,2,1,5,0,0,0,1,0,0,0,1,0,0,0,0,0,0,1,0,0,0,5,1,0,false
c:\Users\arthur.menezes_evolu\Desktop\Pes\UltraViewPager\ultraviewpager\src\main\java\com\tmall\ultraviewpager\UltraViewPagerIndicator.java,com.tmall.ultraviewpager.UltraViewPagerIndicator,setPageChangeListener/1[ViewPager.OnPageChangeListener],false,399,1,1,1,0,1,0,3,0,0,1,0,0,0,0,0,0,0,0,0,1,0,0,0,0,0,5,1,0,false
c:\Users\arthur.menezes_evolu\Desktop\Pes\UltraViewPager\ultraviewpager\src\main\java\com\tmall\ultraviewpager\UltraViewPagerIndicator.java,com.tmall.ultraviewpager.UltraViewPagerIndicator,setFocusColor/1[int],false,322,2,0,0,0,1,0,4,1,0,1,0,0,0,0,0,0,0,0,0,1,0,0,0,0,0,8,1,0,false
c:\Users\arthur.menezes_evolu\Desktop\Pes\UltraViewPager\ultraviewpager\src\main\java\com\tmall\ultraviewpager\UltraViewPagerIndicator.java,com.tmall.ultraviewpager.UltraViewPagerIndicator,setGravity/1[int],false,346,2,0,0,0,1,0,4,1,0,1,0,0,0,0,0,0,0,0,0,1,0,0,0,0,0,7,1,0,false
c:\Users\arthur.menezes_evolu\Desktop\Pes\UltraViewPager\ultraviewpager\src\main\java\com\tmall\ultraviewpager\UltraViewPagerIndicator.java,com.tmall.ultraviewpager.UltraViewPagerIndicator,"onPageScrolled/3[int,float,int]",false,274,0,0,0,0,2,2,7,0,0,3,2,0,0,0,1,0,0,0,0,1,0,1,0,0,0,11,1,0,false
c:\Users\arthur.menezes_evolu\Desktop\Pes\UltraViewPager\ultraviewpager\src\main\java\com\tmall\ultraviewpager\UltraViewPagerIndicator.java,com.tmall.ultraviewpager.UltraViewPagerIndicator,getItemHeight/0,false,266,1,2,1,1,3,3,6,2,0,0,3,1,1,0,1,0,0,0,1,0,0,1,0,0,0,10,2,0,false
c:\Users\arthur.menezes_evolu\Desktop\Pes\UltraViewPager\ultraviewpager\src\main\java\com\tmall\ultraviewpager\UltraViewPagerIndicator.java,com.tmall.ultraviewpager.UltraViewPagerIndicator,"UltraViewPagerIndicator/3[com.tmall.ultraviewpager.Context,com.tmall.ultraviewpager.AttributeSet,int]",true,92,3,1,0,1,1,1,4,0,0,3,1,1,1,0,0,0,0,0,0,0,0,0,0,0,0,9,1,0,false
c:\Users\arthur.menezes_evolu\Desktop\Pes\UltraViewPager\ultraviewpager\src\main\java\com\tmall\ultraviewpager\UltraViewPagerIndicator.java,com.tmall.ultraviewpager.UltraViewPagerIndicator,onDraw/1[com.tmall.ultraviewpager.Canvas],false,111,4,5,0,5,29,18,122,2,20,1,18,3,3,1,15,0,10,0,12,44,33,3,0,0,0,57,4,0,false
c:\Users\arthur.menezes_evolu\Desktop\Pes\UltraViewPager\ultraviewpager\src\main\java\com\tmall\ultraviewpager\UltraViewPagerIndicator.java,com.tmall.ultraviewpager.UltraViewPagerIndicator,init/0,false,97,1,3,3,0,1,4,7,0,0,0,4,0,0,0,0,0,0,0,0,3,0,0,0,0,0,7,2,0,false
c:\Users\arthur.menezes_evolu\Desktop\Pes\UltraViewPager\ultraviewpager\src\main\java\com\tmall\ultraviewpager\UltraViewPagerIndicator.java,com.tmall.ultraviewpager.UltraViewPagerIndicator,setNormalResId/1[int],false,362,2,0,0,0,2,3,9,1,0,1,3,0,0,0,0,1,0,0,0,1,0,1,0,0,0,14,1,0,false
c:\Users\arthur.menezes_evolu\Desktop\Pes\UltraViewPager\ultraviewpager\src\main\java\com\tmall\ultraviewpager\UltraViewPagerIndicator.java,com.tmall.ultraviewpager.UltraViewPagerIndicator,setStrokeWidth/1[int],false,340,2,0,0,0,1,1,4,1,0,1,1,0,0,0,0,0,0,0,0,0,0,0,0,0,0,8,1,0,false
c:\Users\arthur.menezes_evolu\Desktop\Pes\UltraViewPager\ultraviewpager\src\main\java\com\tmall\ultraviewpager\UltraViewPagerIndicator.java,com.tmall.ultraviewpager.UltraViewPagerIndicator,setFocusIcon/1[com.tmall.ultraviewpager.Bitmap],false,372,3,0,0,0,1,0,4,1,0,1,0,0,0,0,0,0,0,0,0,1,0,0,0,0,0,10,1,0,false
c:\Users\arthur.menezes_evolu\Desktop\Pes\UltraViewPager\ultraviewpager\src\main\java\com\tmall\ultraviewpager\UltraViewPagerIndicator.java,com.tmall.ultraviewpager.UltraViewPagerIndicator,setNormalColor/1[int],false,328,2,0,0,0,1,0,4,1,0,1,0,0,0,0,0,0,0,0,0,1,0,0,0,0,0,8,1,0,false
c:\Users\arthur.menezes_evolu\Desktop\Pes\UltraViewPager\ultraviewpager\src\main\java\com\tmall\ultraviewpager\UltraViewPagerIndicator.java,com.tmall.ultraviewpager.UltraViewPagerIndicator,"UltraViewPagerIndicator/2[com.tmall.ultraviewpager.Context,com.tmall.ultraviewpager.AttributeSet]",true,87,3,1,0,1,1,1,4,0,0,2,1,1,1,0,0,0,0,0,0,0,0,0,0,0,0,7,1,0,false
c:\Users\arthur.menezes_evolu\Desktop\Pes\UltraViewPager\ultraviewpager\src\main\java\com\tmall\ultraviewpager\UltraViewPagerIndicator.java,com.tmall.ultraviewpager.UltraViewPagerIndicator,setViewPager/1[com.tmall.ultraviewpager.UltraViewPagerView],false,105,1,1,1,0,1,1,4,0,0,1,1,0,0,0,0,0,0,0,0,1,0,0,0,0,0,5,1,0,false
c:\Users\arthur.menezes_evolu\Desktop\Pes\UltraViewPager\ultraviewpager\src\main\java\com\tmall\ultraviewpager\UltraViewPagerIndicator.java,com.tmall.ultraviewpager.UltraViewPagerIndicator,setIndicatorPadding/1[int],false,316,2,0,0,0,1,0,4,1,0,1,0,0,0,0,0,0,0,0,0,1,0,0,0,0,0,7,1,0,false
c:\Users\arthur.menezes_evolu\Desktop\Pes\UltraViewPager\ultraviewpager\src\androidTest\java\com\tmall\ultraviewpager\ApplicationTest.java,ApplicationTest,ApplicationTest/0,true,36,1,0,0,0,1,0,3,0,0,0,0,0,0,0,0,0,0,0,0,0,0,0,0,0,0,2,1,0,false
c:\Users\arthur.menezes_evolu\Desktop\Pes\UltraViewPager\ultraviewpager\src\main\java\com\tmall\ultraviewpager\UltraViewPager.java,com.tmall.ultraviewpager.UltraViewPager,setOnPageChangeListener/1[ViewPager.OnPageChangeListener],false,461,2,1,0,1,2,3,9,0,0,1,3,0,0,0,1,0,0,0,0,0,0,1,0,0,0,9,1,0,false
c:\Users\arthur.menezes_evolu\Desktop\Pes\UltraViewPager\ultraviewpager\src\main\java\com\tmall\ultraviewpager\UltraViewPager.java,com.tmall.ultraviewpager.UltraViewPager,"setCurrentItem/2[int,boolean]",false,475,1,1,0,1,1,1,3,0,0,2,1,0,0,0,0,0,0,0,0,0,0,0,0,0,0,5,1,0,false
c:\Users\arthur.menezes_evolu\Desktop\Pes\UltraViewPager\ultraviewpager\src\main\java\com\tmall\ultraviewpager\UltraViewPager.java,com.tmall.ultraviewpager.UltraViewPager,stopTimer/0,false,518,0,5,5,0,4,1,8,1,0,0,1,0,0,0,2,0,0,0,0,2,0,1,0,0,0,7,2,0,false
c:\Users\arthur.menezes_evolu\Desktop\Pes\UltraViewPager\ultraviewpager\src\main\java\com\tmall\ultraviewpager\UltraViewPager.java,com.tmall.ultraviewpager.UltraViewPager,"onVisibilityChanged/2[com.tmall.ultraviewpager.View,int]",false,196,2,2,0,2,2,3,9,0,0,2,3,2,1,0,1,0,0,0,0,0,0,1,0,0,0,14,4,0,false
c:\Users\arthur.menezes_evolu\Desktop\Pes\UltraViewPager\ultraviewpager\src\main\java\com\tmall\ultraviewpager\UltraViewPager.java,com.tmall.ultraviewpager.UltraViewPager,onAttachedToWindow/0,false,184,1,1,0,1,1,2,4,0,0,0,2,1,1,0,0,0,0,0,0,0,0,0,0,0,0,6,4,0,false
c:\Users\arthur.menezes_evolu\Desktop\Pes\UltraViewPager\ultraviewpager\src\main\java\com\tmall\ultraviewpager\UltraViewPager.java,com.tmall.ultraviewpager.UltraViewPager,dispatchTouchEvent/1[com.tmall.ultraviewpager.MotionEvent],false,218,2,2,0,2,5,4,12,1,1,1,4,2,1,0,4,0,0,0,0,1,0,2,0,0,0,11,1,0,false
c:\Users\arthur.menezes_evolu\Desktop\Pes\UltraViewPager\ultraviewpager\src\main\java\com\tmall\ultraviewpager\UltraViewPager.java,com.tmall.ultraviewpager.UltraViewPager,disableScrollDirection/1[com.tmall.ultraviewpager.UltraViewPager.ScrollDirection],false,371,1,1,1,0,1,0,2,0,0,1,0,0,0,0,0,0,0,0,0,0,0,0,0,0,0,4,1,0,false
c:\Users\arthur.menezes_evolu\Desktop\Pes\UltraViewPager\ultraviewpager\src\main\java\com\tmall\ultraviewpager\UltraViewPager.java,com.tmall.ultraviewpager.UltraViewPager,"initIndicator/3[com.tmall.ultraviewpager.Bitmap,com.tmall.ultraviewpager.Bitmap,int]",false,275,3,2,0,2,1,4,3,1,0,3,4,1,2,0,0,0,0,0,0,0,0,0,0,0,0,9,1,0,false
c:\Users\arthur.menezes_evolu\Desktop\Pes\UltraViewPager\ultraviewpager\src\main\java\com\tmall\ultraviewpager\UltraViewPager.java,com.tmall.ultraviewpager.UltraViewPager,getViewPager/0,false,491,2,0,0,0,1,0,3,1,0,0,0,0,0,0,0,0,0,0,0,0,0,0,0,0,0,4,1,0,false
c:\Users\arthur.menezes_evolu\Desktop\Pes\UltraViewPager\ultraviewpager\src\main\java\com\tmall\ultraviewpager\UltraViewPager.java,com.tmall.ultraviewpager.UltraViewPager,setHGap/1[int],false,359,1,1,0,1,1,5,5,0,1,1,5,0,0,0,0,0,1,0,0,1,2,0,0,0,0,8,1,0,false
c:\Users\arthur.menezes_evolu\Desktop\Pes\UltraViewPager\ultraviewpager\src\main\java\com\tmall\ultraviewpager\UltraViewPager.java,com.tmall.ultraviewpager.UltraViewPager,getAdapter/0,false,447,2,1,0,1,2,2,3,1,0,0,2,0,0,0,1,0,1,0,0,0,0,0,0,0,0,6,1,0,false
c:\Users\arthur.menezes_evolu\Desktop\Pes\UltraViewPager\ultraviewpager\src\main\java\com\tmall\ultraviewpager\UltraViewPager.java,com.tmall.ultraviewpager.UltraViewPager,"onMeasure/2[int,int]",false,155,2,3,0,3,7,10,30,0,1,2,10,1,1,0,2,0,1,0,3,4,1,3,0,0,0,15,4,0,false
c:\Users\arthur.menezes_evolu\Desktop\Pes\UltraViewPager\ultraviewpager\src\main\java\com\tmall\ultraviewpager\UltraViewPager.java,com.tmall.ultraviewpager.UltraViewPager,setAdapter/1[com.tmall.ultraviewpager.PagerAdapter],false,439,2,3,2,1,1,1,3,0,0,1,1,0,0,0,0,0,0,0,0,0,0,0,0,0,0,6,1,0,true
c:\Users\arthur.menezes_evolu\Desktop\Pes\UltraViewPager\ultraviewpager\src\main\java\com\tmall\ultraviewpager\UltraViewPager.java,com.tmall.ultraviewpager.UltraViewPager,initIndicator/0,false,232,4,11,6,5,1,4,13,1,0,0,4,1,1,0,0,0,0,0,0,1,0,0,1,0,0,15,1,0,false
c:\Users\arthur.menezes_evolu\Desktop\Pes\UltraViewPager\ultraviewpager\src\main\java\com\tmall\ultraviewpager\UltraViewPager.java,com.tmall.ultraviewpager.UltraViewPager,setScrollMode/1[com.tmall.ultraviewpager.UltraViewPager.ScrollMode],false,338,2,4,3,1,1,1,3,0,0,1,1,0,0,0,0,0,0,0,0,0,0,0,0,0,0,4,1,0,false
c:\Users\arthur.menezes_evolu\Desktop\Pes\UltraViewPager\ultraviewpager\src\main\java\com\tmall\ultraviewpager\UltraViewPager.java,com.tmall.ultraviewpager.UltraViewPager,setOffscreenPageLimit/1[int],false,443,0,0,0,0,1,1,3,0,0,1,1,0,0,0,0,0,0,0,0,0,0,0,0,0,0,5,1,0,false
c:\Users\arthur.menezes_evolu\Desktop\Pes\UltraViewPager\ultraviewpager\src\main\java\com\tmall\ultraviewpager\UltraViewPager.java,com.tmall.ultraviewpager.UltraViewPager,setItemRatio/1[double],false,421,1,3,2,1,1,1,3,0,0,1,1,0,0,0,0,0,0,0,0,0,0,0,0,0,0,4,1,0,false
c:\Users\arthur.menezes_evolu\Desktop\Pes\UltraViewPager\ultraviewpager\src\main\java\com\tmall\ultraviewpager\UltraViewPager.java,com.tmall.ultraviewpager.UltraViewPager,setAutoScroll/1[int],false,307,2,5,2,3,3,2,10,1,0,1,2,2,2,0,2,0,0,0,1,1,0,1,0,0,0,12,1,0,false
c:\Users\arthur.menezes_evolu\Desktop\Pes\UltraViewPager\ultraviewpager\src\main\java\com\tmall\ultraviewpager\UltraViewPager.java,com.tmall.ultraviewpager.UltraViewPager,onDetachedFromWindow/0,false,190,1,1,0,1,1,2,4,0,0,0,2,1,1,0,0,0,0,0,0,0,0,0,0,0,0,6,4,0,false
c:\Users\arthur.menezes_evolu\Desktop\Pes\UltraViewPager\ultraviewpager\src\main\java\com\tmall\ultraviewpager\UltraViewPager.java,com.tmall.ultraviewpager.UltraViewPager,scrollLastPage/0,false,376,1,2,0,2,5,4,13,1,3,0,4,0,0,0,2,0,0,0,4,5,1,2,0,0,0,12,1,0,false
c:\Users\arthur.menezes_evolu\Desktop\Pes\UltraViewPager\ultraviewpager\src\main\java\com\tmall\ultraviewpager\UltraViewPager.java,com.tmall.ultraviewpager.UltraViewPager,"initIndicator/6[int,int,int,int,int,int]",false,256,2,7,0,7,1,7,3,1,0,6,7,1,2,0,0,0,0,0,0,0,0,0,0,0,0,14,1,0,false
c:\Users\arthur.menezes_evolu\Desktop\Pes\UltraViewPager\ultraviewpager\src\main\java\com\tmall\ultraviewpager\UltraViewPager.java,com.tmall.ultraviewpager.UltraViewPager,setAutoMeasureHeight/1[boolean],false,416,1,3,2,1,1,1,3,0,0,1,1,0,0,0,0,0,0,0,0,0,0,0,0,0,0,5,1,0,false
c:\Users\arthur.menezes_evolu\Desktop\Pes\UltraViewPager\ultraviewpager\src\main\java\com\tmall\ultraviewpager\UltraViewPager.java,com.tmall.ultraviewpager.UltraViewPager,setCurrentItem/1[int],false,471,1,1,0,1,1,1,3,0,0,1,1,0,0,0,0,0,0,0,0,0,0,0,0,0,0,4,1,0,false
c:\Users\arthur.menezes_evolu\Desktop\Pes\UltraViewPager\ultraviewpager\src\main\java\com\tmall\ultraviewpager\UltraViewPager.java,com.tmall.ultraviewpager.UltraViewPager,"UltraViewPager/3[com.tmall.ultraviewpager.Context,com.tmall.ultraviewpager.AttributeSet,int]",true,123,4,1,0,1,1,1,6,0,0,3,1,1,1,0,0,0,0,0,0,2,0,0,0,0,0,12,1,0,false
c:\Users\arthur.menezes_evolu\Desktop\Pes\UltraViewPager\ultraviewpager\src\main\java\com\tmall\ultraviewpager\UltraViewPager.java,com.tmall.ultraviewpager.UltraViewPager,setRatio/1[float],false,353,1,3,2,1,1,1,4,0,0,1,1,0,0,0,0,0,0,0,0,1,0,0,0,0,0,3,1,0,false
c:\Users\arthur.menezes_evolu\Desktop\Pes\UltraViewPager\ultraviewpager\src\main\java\com\tmall\ultraviewpager\UltraViewPager.java,com.tmall.ultraviewpager.UltraViewPager,onFinishTemporaryDetach/0,false,212,1,1,0,1,1,2,4,0,0,0,2,1,1,0,0,0,0,0,0,0,0,0,0,0,0,6,1,0,false
c:\Users\arthur.menezes_evolu\Desktop\Pes\UltraViewPager\ultraviewpager\src\main\java\com\tmall\ultraviewpager\UltraViewPager.java,com.tmall.ultraviewpager.UltraViewPager,setInfiniteLoop/1[boolean],false,343,1,4,3,1,1,1,3,0,0,1,1,0,0,0,0,0,0,0,0,0,0,0,0,0,0,4,1,0,false
c:\Users\arthur.menezes_evolu\Desktop\Pes\UltraViewPager\ultraviewpager\src\main\java\com\tmall\ultraviewpager\UltraViewPager.java,com.tmall.ultraviewpager.UltraViewPager,setMaxWidth/1[int],false,348,0,0,0,0,1,0,3,0,0,1,0,0,0,0,0,0,0,0,0,1,0,0,0,0,0,5,1,0,false
c:\Users\arthur.menezes_evolu\Desktop\Pes\UltraViewPager\ultraviewpager\src\main\java\com\tmall\ultraviewpager\UltraViewPager.java,com.tmall.ultraviewpager.UltraViewPager,getIndicator/0,false,290,2,3,3,0,1,0,3,1,0,0,0,0,0,0,0,0,0,0,0,0,0,0,0,0,0,6,1,0,false
c:\Users\arthur.menezes_evolu\Desktop\Pes\UltraViewPager\ultraviewpager\src\main\java\com\tmall\ultraviewpager\UltraViewPager.java,com.tmall.ultraviewpager.UltraViewPager,"constrainTo/2[com.tmall.ultraviewpager.Point,com.tmall.ultraviewpager.Point]",false,495,1,1,1,0,5,0,12,0,0,2,0,0,0,0,0,0,0,0,2,2,0,2,0,0,0,5,2,0,false
c:\Users\arthur.menezes_evolu\Desktop\Pes\UltraViewPager\ultraviewpager\src\main\java\com\tmall\ultraviewpager\UltraViewPager.java,com.tmall.ultraviewpager.UltraViewPager,setMaxHeight/1[int],false,366,0,1,1,0,1,0,3,0,0,1,0,0,0,0,0,0,0,0,0,1,0,0,0,0,0,5,1,0,false
c:\Users\arthur.menezes_evolu\Desktop\Pes\UltraViewPager\ultraviewpager\src\main\java\com\tmall\ultraviewpager\UltraViewPager.java,com.tmall.ultraviewpager.UltraViewPager,setMultiScreen/1[float],false,406,1,3,2,1,4,1,8,0,0,1,1,0,0,0,0,0,0,1,3,0,0,1,0,0,0,8,1,0,false
c:\Users\arthur.menezes_evolu\Desktop\Pes\UltraViewPager\ultraviewpager\src\main\java\com\tmall\ultraviewpager\UltraViewPager.java,com.tmall.ultraviewpager.UltraViewPager,disableAutoScroll/0,false,332,1,4,3,1,1,1,4,0,0,0,1,1,1,0,0,0,0,0,0,1,0,0,0,0,0,7,1,0,false
c:\Users\arthur.menezes_evolu\Desktop\Pes\UltraViewPager\ultraviewpager\src\main\java\com\tmall\ultraviewpager\UltraViewPager.java,com.tmall.ultraviewpager.UltraViewPager,getNextItem/0,false,483,1,2,1,1,1,1,3,1,0,0,1,0,0,0,0,0,0,0,0,0,0,0,0,0,0,3,1,0,false
c:\Users\arthur.menezes_evolu\Desktop\Pes\UltraViewPager\ultraviewpager\src\main\java\com\tmall\ultraviewpager\UltraViewPager.java,com.tmall.ultraviewpager.UltraViewPager,initView/0,false,130,2,4,3,1,2,5,10,0,0,0,5,0,0,0,0,0,0,0,0,1,0,1,0,0,0,8,2,0,false
c:\Users\arthur.menezes_evolu\Desktop\Pes\UltraViewPager\ultraviewpager\src\main\java\com\tmall\ultraviewpager\UltraViewPager.java,com.tmall.ultraviewpager.UltraViewPager,onStartTemporaryDetach/0,false,206,1,1,0,1,1,2,4,0,0,0,2,1,1,0,0,0,0,0,0,0,0,0,0,0,0,6,1,0,false
c:\Users\arthur.menezes_evolu\Desktop\Pes\UltraViewPager\ultraviewpager\src\main\java\com\tmall\ultraviewpager\UltraViewPager.java,com.tmall.ultraviewpager.UltraViewPager,disableIndicator/0,false,283,0,2,2,0,2,1,6,0,0,0,1,0,0,0,1,0,0,0,0,1,0,1,0,0,0,6,1,0,false
c:\Users\arthur.menezes_evolu\Desktop\Pes\UltraViewPager\ultraviewpager\src\main\java\com\tmall\ultraviewpager\UltraViewPager.java,com.tmall.ultraviewpager.UltraViewPager,"setPageTransformer/2[boolean,ViewPager.PageTransformer]",false,487,1,1,1,0,1,1,3,0,0,2,1,0,0,0,0,0,0,0,0,0,0,0,0,0,0,4,1,0,false
c:\Users\arthur.menezes_evolu\Desktop\Pes\UltraViewPager\ultraviewpager\src\main\java\com\tmall\ultraviewpager\UltraViewPager.java,com.tmall.ultraviewpager.UltraViewPager,UltraViewPager/1[com.tmall.ultraviewpager.Context],true,108,3,1,0,1,1,1,6,0,0,1,1,1,1,0,0,0,0,0,0,2,0,0,0,0,0,10,1,0,false
c:\Users\arthur.menezes_evolu\Desktop\Pes\UltraViewPager\ultraviewpager\src\main\java\com\tmall\ultraviewpager\UltraViewPager.java,com.tmall.ultraviewpager.UltraViewPager,"UltraViewPager/2[com.tmall.ultraviewpager.Context,com.tmall.ultraviewpager.AttributeSet]",true,115,4,2,0,2,1,2,7,0,0,2,2,2,4,0,0,0,0,0,0,2,0,0,0,0,0,10,1,0,false
c:\Users\arthur.menezes_evolu\Desktop\Pes\UltraViewPager\ultraviewpager\src\main\java\com\tmall\ultraviewpager\UltraViewPager.java,com.tmall.ultraviewpager.UltraViewPager,startTimer/0,false,508,1,7,6,1,4,2,9,1,0,0,2,0,0,0,2,0,0,0,1,2,0,1,0,0,0,10,2,0,false
c:\Users\arthur.menezes_evolu\Desktop\Pes\UltraViewPager\ultraviewpager\src\main\java\com\tmall\ultraviewpager\UltraViewPager.java,com.tmall.ultraviewpager.UltraViewPager,refresh/0,false,455,0,0,0,0,2,2,5,0,0,0,2,0,0,0,1,0,0,0,0,0,0,1,0,0,0,2,1,0,false
c:\Users\arthur.menezes_evolu\Desktop\Pes\UltraViewPager\ultraviewpager\src\main\java\com\tmall\ultraviewpager\UltraViewPager.java,com.tmall.ultraviewpager.UltraViewPager,getCurrentItem/0,false,479,1,1,0,1,1,1,3,1,0,0,1,0,0,0,0,0,0,0,0,0,0,0,0,0,0,3,1,0,false
c:\Users\arthur.menezes_evolu\Desktop\Pes\UltraViewPager\ultraviewpager\src\main\java\com\tmall\ultraviewpager\UltraViewPager.java,com.tmall.ultraviewpager.UltraViewPager,setInfiniteRatio/1[int],false,528,1,2,1,1,3,2,5,0,0,1,2,0,0,0,1,0,1,0,0,0,0,1,0,0,0,9,1,0,false
c:\Users\arthur.menezes_evolu\Desktop\Pes\UltraViewPager\ultraviewpager\src\main\java\com\tmall\ultraviewpager\UltraViewPager.java,com.tmall.ultraviewpager.UltraViewPager,"initView/2[com.tmall.ultraviewpager.Context,com.tmall.ultraviewpager.AttributeSet]",false,141,6,11,1,10,1,15,12,0,1,2,15,8,3,0,0,0,0,0,4,1,0,0,0,0,0,21,2,0,false
c:\Users\arthur.menezes_evolu\Desktop\Pes\UltraViewPager\ultraviewpager\src\main\java\com\tmall\ultraviewpager\UltraViewPager.java,com.tmall.ultraviewpager.UltraViewPager,"initIndicator/3[int,int,int]",false,267,2,4,0,4,1,4,3,1,0,3,4,1,2,0,0,0,0,0,0,0,0,0,0,0,0,10,1,0,false
c:\Users\arthur.menezes_evolu\Desktop\Pes\UltraViewPager\ultraviewpager\src\main\java\com\tmall\ultraviewpager\UltraViewPager.java,com.tmall.ultraviewpager.UltraViewPager,"setItemMargin/4[int,int,int,int]",false,426,1,1,0,1,1,1,3,0,0,4,1,0,0,0,0,0,0,0,0,0,0,0,0,0,0,4,1,0,false
c:\Users\arthur.menezes_evolu\Desktop\Pes\UltraViewPager\ultraviewpager\src\main\java\com\tmall\ultraviewpager\UltraViewPager.java,com.tmall.ultraviewpager.UltraViewPager,"setAutoScroll/2[int,com.tmall.ultraviewpager.SparseIntArray]",false,319,3,4,1,3,3,2,11,1,0,2,2,2,2,0,2,0,0,0,1,2,0,1,0,0,0,13,1,0,false
c:\Users\arthur.menezes_evolu\Desktop\Pes\UltraViewPager\ultraviewpager\src\main\java\com\tmall\ultraviewpager\UltraViewPager.java,com.tmall.ultraviewpager.UltraViewPager,"setScrollMargin/2[int,int]",false,431,0,0,0,0,1,1,3,0,0,2,1,0,0,0,0,0,0,0,2,0,0,0,0,0,0,4,1,0,false
c:\Users\arthur.menezes_evolu\Desktop\Pes\UltraViewPager\ultraviewpager\src\main\java\com\tmall\ultraviewpager\UltraViewPager.java,com.tmall.ultraviewpager.UltraViewPager,"initIndicator/4[int,int,int,int]",false,247,2,5,0,5,1,5,3,1,0,4,5,1,2,0,0,0,0,0,0,0,0,0,0,0,0,12,1,0,false
c:\Users\arthur.menezes_evolu\Desktop\Pes\UltraViewPager\ultraviewpager\src\main\java\com\tmall\ultraviewpager\UltraViewPager.java,com.tmall.ultraviewpager.UltraViewPager,scrollNextPage/0,false,391,1,3,1,2,5,4,13,1,3,0,4,0,0,0,2,0,0,0,4,5,2,2,0,0,0,12,1,0,false
c:\Users\arthur.menezes_evolu\Desktop\Pes\UltraViewPager\ultraviewpager\src\main\java\com\tmall\ultraviewpager\UltraViewPager.java,com.tmall.ultraviewpager.UltraViewPager,getWrapAdapter/0,false,451,1,0,0,0,1,1,3,1,0,0,1,0,0,0,0,0,0,0,0,0,0,0,0,0,0,4,1,0,false
c:\Users\arthur.menezes_evolu\Desktop\Pes\UltraViewPager\ultraviewpager\src\main\java\com\tmall\ultraviewpager\TimerHandler.java,com.tmall.ultraviewpager.TimerHandler$TimerHandlerListener,getNextItem/0,false,39,0,1,1,0,1,0,1,0,0,0,0,0,0,0,0,0,0,0,0,0,0,0,0,0,0,3,0,0,false
c:\Users\arthur.menezes_evolu\Desktop\Pes\UltraViewPager\ultraviewpager\src\main\java\com\tmall\ultraviewpager\TimerHandler.java,com.tmall.ultraviewpager.TimerHandler$TimerHandlerListener,callBack/0,false,40,0,1,1,0,1,0,1,0,0,0,0,0,0,0,0,0,0,0,0,0,0,0,0,0,0,2,0,0,false
c:\Users\arthur.menezes_evolu\Desktop\Pes\UltraViewPager\ultraviewpager\src\main\java\com\tmall\ultraviewpager\UltraViewPagerAdapter.java,com.tmall.ultraviewpager.UltraViewPagerAdapter,setEnableLoop/1[boolean],false,235,2,4,2,2,2,2,9,0,0,1,2,1,1,0,0,0,0,0,0,1,0,1,0,0,0,8,1,0,false
c:\Users\arthur.menezes_evolu\Desktop\Pes\UltraViewPager\ultraviewpager\src\main\java\com\tmall\ultraviewpager\UltraViewPagerAdapter.java,com.tmall.ultraviewpager.UltraViewPagerAdapter,getRealCount/0,false,231,0,4,4,0,1,1,3,1,0,0,1,0,0,0,0,0,0,0,0,0,0,0,0,0,0,3,1,0,false
c:\Users\arthur.menezes_evolu\Desktop\Pes\UltraViewPager\ultraviewpager\src\main\java\com\tmall\ultraviewpager\UltraViewPagerAdapter.java,com.tmall.ultraviewpager.UltraViewPagerAdapter,"instantiateItem/2[com.tmall.ultraviewpager.ViewGroup,int]",false,86,5,2,0,2,10,15,34,2,8,2,15,2,1,1,3,0,2,0,3,12,2,2,0,0,0,29,1,0,false
c:\Users\arthur.menezes_evolu\Desktop\Pes\UltraViewPager\ultraviewpager\src\main\java\com\tmall\ultraviewpager\UltraViewPagerAdapter.java,com.tmall.ultraviewpager.UltraViewPagerAdapter,getItemPosition/1[java.lang.Object],false,223,0,0,0,0,1,1,3,1,0,1,1,0,0,0,0,0,0,0,0,0,0,0,0,0,0,5,1,0,false
c:\Users\arthur.menezes_evolu\Desktop\Pes\UltraViewPager\ultraviewpager\src\main\java\com\tmall\ultraviewpager\UltraViewPagerAdapter.java,com.tmall.ultraviewpager.UltraViewPagerAdapter,startUpdate/1[com.tmall.ultraviewpager.ViewGroup],false,186,1,0,0,0,1,1,3,0,0,1,1,0,0,0,0,0,0,0,0,0,0,0,0,0,0,5,1,0,false
c:\Users\arthur.menezes_evolu\Desktop\Pes\UltraViewPager\ultraviewpager\src\main\java\com\tmall\ultraviewpager\UltraViewPagerAdapter.java,com.tmall.ultraviewpager.UltraViewPagerAdapter,saveState/0,false,181,1,0,0,0,1,1,3,1,0,0,1,0,0,0,0,0,0,0,0,0,0,0,0,0,0,3,1,0,false
c:\Users\arthur.menezes_evolu\Desktop\Pes\UltraViewPager\ultraviewpager\src\main\java\com\tmall\ultraviewpager\UltraViewPagerAdapter.java,com.tmall.ultraviewpager.UltraViewPagerAdapter,getPageTitle/1[int],false,191,0,0,0,0,1,2,4,1,1,1,2,0,0,0,0,0,0,0,0,1,1,0,0,0,0,8,1,0,false
c:\Users\arthur.menezes_evolu\Desktop\Pes\UltraViewPager\ultraviewpager\src\main\java\com\tmall\ultraviewpager\UltraViewPagerAdapter.java,com.tmall.ultraviewpager.UltraViewPagerAdapter,isEnableLoop/0,false,249,0,1,1,0,1,0,3,1,0,0,0,0,0,0,0,0,0,0,0,0,0,0,0,0,0,4,1,0,false
c:\Users\arthur.menezes_evolu\Desktop\Pes\UltraViewPager\ultraviewpager\src\main\java\com\tmall\ultraviewpager\UltraViewPagerAdapter.java,com.tmall.ultraviewpager.UltraViewPagerAdapter,unregisterDataSetObserver/1[com.tmall.ultraviewpager.DataSetObserver],false,207,1,0,0,0,1,1,3,0,0,1,1,0,0,0,0,0,0,0,0,0,0,0,0,0,0,5,1,0,false
c:\Users\arthur.menezes_evolu\Desktop\Pes\UltraViewPager\ultraviewpager\src\main\java\com\tmall\ultraviewpager\UltraViewPagerAdapter.java,com.tmall.ultraviewpager.UltraViewPagerAdapter,finishUpdate/1[com.tmall.ultraviewpager.ViewGroup],false,159,3,2,0,2,4,4,9,0,0,1,4,1,1,0,0,0,0,0,1,1,0,2,0,0,0,10,1,0,false
c:\Users\arthur.menezes_evolu\Desktop\Pes\UltraViewPager\ultraviewpager\src\main\java\com\tmall\ultraviewpager\UltraViewPagerAdapter.java,com.tmall.ultraviewpager.UltraViewPagerAdapter,registerDataSetObserver/1[com.tmall.ultraviewpager.DataSetObserver],false,212,1,0,0,0,1,1,3,0,0,1,1,0,0,0,0,0,0,0,0,0,0,0,0,0,0,5,1,0,false
c:\Users\arthur.menezes_evolu\Desktop\Pes\UltraViewPager\ultraviewpager\src\main\java\com\tmall\ultraviewpager\UltraViewPagerAdapter.java,com.tmall.ultraviewpager.UltraViewPagerAdapter,getCount/0,false,70,0,4,4,0,3,1,15,1,1,0,1,0,0,0,1,0,0,0,2,3,1,2,0,0,0,7,1,0,false
c:\Users\arthur.menezes_evolu\Desktop\Pes\UltraViewPager\ultraviewpager\src\main\java\com\tmall\ultraviewpager\UltraViewPagerAdapter.java,com.tmall.ultraviewpager.UltraViewPagerAdapter,setMultiScrRatio/1[float],false,253,0,2,2,0,1,0,3,0,0,1,0,0,0,0,0,0,0,0,0,1,0,0,0,0,0,6,1,0,false
c:\Users\arthur.menezes_evolu\Desktop\Pes\UltraViewPager\ultraviewpager\src\main\java\com\tmall\ultraviewpager\UltraViewPagerAdapter.java,com.tmall.ultraviewpager.UltraViewPagerAdapter,getViewAtPosition/1[int],false,154,1,1,1,0,1,1,3,1,0,1,1,0,0,0,0,0,0,0,0,0,0,0,0,0,0,5,1,0,false
c:\Users\arthur.menezes_evolu\Desktop\Pes\UltraViewPager\ultraviewpager\src\main\java\com\tmall\ultraviewpager\UltraViewPagerAdapter.java,com.tmall.ultraviewpager.UltraViewPagerAdapter,setInfiniteRatio/1[int],false,265,0,1,1,0,1,0,3,0,0,1,0,0,0,0,0,0,0,0,0,1,0,0,0,0,0,4,1,0,false
c:\Users\arthur.menezes_evolu\Desktop\Pes\UltraViewPager\ultraviewpager\src\main\java\com\tmall\ultraviewpager\UltraViewPagerAdapter.java,com.tmall.ultraviewpager.UltraViewPagerAdapter,setCenterListener/1[com.tmall.ultraviewpager.UltraViewPagerAdapter.UltraViewPagerCenterListener],false,261,1,1,1,0,1,0,3,0,0,1,0,0,0,0,0,0,0,0,0,1,0,0,0,0,0,8,1,0,false
c:\Users\arthur.menezes_evolu\Desktop\Pes\UltraViewPager\ultraviewpager\src\main\java\com\tmall\ultraviewpager\UltraViewPagerAdapter.java,com.tmall.ultraviewpager.UltraViewPagerAdapter,"restoreState/2[com.tmall.ultraviewpager.Parcelable,java.lang.ClassLoader]",false,176,1,0,0,0,1,1,3,0,0,2,1,0,0,0,0,0,0,0,0,0,0,0,0,0,0,5,1,0,false
c:\Users\arthur.menezes_evolu\Desktop\Pes\UltraViewPager\ultraviewpager\src\main\java\com\tmall\ultraviewpager\UltraViewPagerAdapter.java,com.tmall.ultraviewpager.UltraViewPagerAdapter,isEnableMultiScr/0,false,257,0,3,3,0,2,1,3,1,0,0,1,0,0,0,0,0,0,0,1,0,0,0,0,0,0,7,1,0,false
c:\Users\arthur.menezes_evolu\Desktop\Pes\UltraViewPager\ultraviewpager\src\main\java\com\tmall\ultraviewpager\UltraViewPagerAdapter.java,com.tmall.ultraviewpager.UltraViewPagerAdapter,"setPrimaryItem/3[com.tmall.ultraviewpager.ViewGroup,int,java.lang.Object]",false,202,1,0,0,0,1,1,3,0,0,3,1,0,0,0,0,0,0,0,0,0,0,0,0,0,0,6,1,0,false
c:\Users\arthur.menezes_evolu\Desktop\Pes\UltraViewPager\ultraviewpager\src\main\java\com\tmall\ultraviewpager\UltraViewPagerAdapter.java,com.tmall.ultraviewpager.UltraViewPagerAdapter,UltraViewPagerAdapter/1[com.tmall.ultraviewpager.PagerAdapter],true,64,1,1,1,0,1,0,4,0,0,1,0,0,0,0,0,0,0,0,0,2,0,0,0,0,0,16,1,0,false
c:\Users\arthur.menezes_evolu\Desktop\Pes\UltraViewPager\ultraviewpager\src\main\java\com\tmall\ultraviewpager\UltraViewPagerAdapter.java,com.tmall.ultraviewpager.UltraViewPagerAdapter,getPageWidth/1[int],false,197,0,1,1,0,1,1,3,1,0,1,1,0,0,0,0,0,0,0,0,0,0,0,0,0,0,4,1,0,false
c:\Users\arthur.menezes_evolu\Desktop\Pes\UltraViewPager\ultraviewpager\src\main\java\com\tmall\ultraviewpager\UltraViewPagerAdapter.java,com.tmall.ultraviewpager.UltraViewPagerAdapter,"isViewFromObject/2[com.tmall.ultraviewpager.View,java.lang.Object]",false,171,1,1,1,0,1,1,3,1,0,2,1,0,0,0,0,0,0,0,0,0,0,0,0,0,0,5,1,0,false
c:\Users\arthur.menezes_evolu\Desktop\Pes\UltraViewPager\ultraviewpager\src\main\java\com\tmall\ultraviewpager\UltraViewPagerAdapter.java,com.tmall.ultraviewpager.UltraViewPagerAdapter,notifyDataSetChanged/0,false,217,0,1,1,0,1,1,4,0,0,0,1,0,0,0,0,0,0,0,0,0,0,0,0,0,0,4,1,0,false
c:\Users\arthur.menezes_evolu\Desktop\Pes\UltraViewPager\ultraviewpager\src\main\java\com\tmall\ultraviewpager\UltraViewPagerAdapter.java,com.tmall.ultraviewpager.UltraViewPagerAdapter,getAdapter/0,false,227,1,2,2,0,1,0,3,1,0,0,0,0,0,0,0,0,0,0,0,0,0,0,0,0,0,4,1,0,false
c:\Users\arthur.menezes_evolu\Desktop\Pes\UltraViewPager\ultraviewpager\src\main\java\com\tmall\ultraviewpager\UltraViewPagerAdapter.java,com.tmall.ultraviewpager.UltraViewPagerAdapter,"destroyItem/3[com.tmall.ultraviewpager.ViewGroup,int,java.lang.Object]",false,136,4,1,0,1,5,6,13,0,2,3,6,1,1,0,1,0,2,0,2,3,1,1,0,0,0,17,1,0,false
