file,class,type,cbo,cboModified,fanin,fanout,wmc,dit,noc,rfc,lcom,lcom*,tcc,lcc,totalMethodsQty,staticMethodsQty,publicMethodsQty,privateMethodsQty,protectedMethodsQty,defaultMethodsQty,visibleMethodsQty,abstractMethodsQty,finalMethodsQty,synchronizedMethodsQty,totalFieldsQty,staticFieldsQty,publicFieldsQty,privateFieldsQty,protectedFieldsQty,defaultFieldsQty,finalFieldsQty,synchronizedFieldsQty,nosi,loc,returnQty,loopQty,comparisonsQty,tryCatchQty,parenthesizedExpsQty,stringLiteralsQty,numbersQty,assignmentsQty,mathOperationsQty,variablesQty,maxNestedBlocksQty,anonymousClassesQty,innerClassesQty,lambdasQty,uniqueWordsQty,modifiers,logStatementsQty
c:\Users\arthur.menezes_evolu\Desktop\Pes\algs4\src\main\java\edu\princeton\cs\algs4\GaussianElimination.java,edu.princeton.cs.algs4.GaussianElimination,class,4,5,1,4,45,1,0,23,115,0.7361111,0.0,0.0,18,11,4,14,0,0,4,0,0,0,4,1,0,4,0,0,3,0,40,161,7,17,2,0,1,20,181,64,18,52,3,0,0,0,165,1,0
c:\Users\arthur.menezes_evolu\Desktop\Pes\algs4\src\main\java\edu\princeton\cs\algs4\NonrecursiveDFS.java,edu.princeton.cs.algs4.NonrecursiveDFS,class,6,7,1,6,12,1,0,14,0,0.0,0.0,0.0,4,1,3,1,0,0,3,0,0,0,1,0,0,1,0,0,0,0,3,41,1,3,0,0,1,3,6,15,3,12,3,0,0,0,95,1,0
c:\Users\arthur.menezes_evolu\Desktop\Pes\algs4\src\main\java\edu\princeton\cs\algs4\TST.java,edu.princeton.cs.algs4.TST$Node,innerclass,2,2,0,2,0,1,0,0,0,NaN,-1.0,-1.0,0,0,0,0,0,0,0,0,0,0,3,0,0,3,0,0,0,0,0,5,0,0,0,0,0,0,0,0,0,5,0,0,0,0,4,10,0
c:\Users\arthur.menezes_evolu\Desktop\Pes\algs4\src\main\java\edu\princeton\cs\algs4\DirectedDFS.java,edu.princeton.cs.algs4.DirectedDFS,class,6,9,3,6,21,1,0,10,0,0.5,0.0,0.0,8,1,5,3,0,0,5,0,0,0,2,0,0,2,0,0,0,0,3,64,2,5,3,0,1,6,7,12,3,11,2,0,0,0,111,1,0
c:\Users\arthur.menezes_evolu\Desktop\Pes\algs4\src\main\java\edu\princeton\cs\algs4\Knuth.java,edu.princeton.cs.algs4.Knuth,class,3,4,1,3,7,1,0,4,6,0.0,0.0,0.0,4,3,3,1,0,0,3,0,0,0,0,0,0,0,0,0,0,0,5,27,0,3,0,0,4,0,4,14,5,10,1,0,0,0,79,1,0
c:\Users\arthur.menezes_evolu\Desktop\Pes\algs4\src\main\java\edu\princeton\cs\algs4\Count.java,edu.princeton.cs.algs4.Count,class,4,4,0,4,5,1,0,7,1,0.0,NaN,NaN,2,1,1,1,0,0,1,0,0,0,0,0,0,0,0,0,0,0,3,14,0,2,0,0,0,1,2,5,1,5,2,0,0,0,53,1,0
c:\Users\arthur.menezes_evolu\Desktop\Pes\algs4\src\main\java\edu\princeton\cs\algs4\AVLTreeST.java,edu.princeton.cs.algs4.AVLTreeST$Node,innerclass,3,3,0,3,1,1,0,0,0,0.33333334,NaN,NaN,1,0,1,0,0,0,1,0,0,0,6,0,0,6,0,0,1,0,0,14,0,0,0,0,0,0,0,4,0,6,0,0,0,0,19,2,0
c:\Users\arthur.menezes_evolu\Desktop\Pes\algs4\src\main\java\edu\princeton\cs\algs4\RectHV.java,edu.princeton.cs.algs4.RectHV,class,3,4,1,3,40,1,0,9,0,0.33333334,0.0,0.0,15,0,15,0,0,0,15,0,0,0,2,0,0,2,0,0,2,0,9,84,20,0,7,0,10,9,5,15,20,11,2,0,0,0,122,17,0
c:\Users\arthur.menezes_evolu\Desktop\Pes\algs4\src\main\java\edu\princeton\cs\algs4\SuffixArrayX.java,edu.princeton.cs.algs4.SuffixArrayX,class,6,7,1,6,50,1,0,23,0,0.5192308,0.0,0.0,13,1,7,6,0,0,7,0,0,0,4,1,0,4,0,0,4,0,12,132,17,10,5,0,1,17,34,41,30,32,3,0,0,0,169,1,0
c:\Users\arthur.menezes_evolu\Desktop\Pes\algs4\src\main\java\edu\princeton\cs\algs4\StdAudio.java,edu.princeton.cs.algs4.StdAudio$QueueOfDoubles,innerclass,2,2,0,2,9,1,0,1,0,0.33333334,0.0,0.0,5,0,4,1,0,0,4,0,0,0,3,1,0,3,0,0,1,0,0,27,2,2,1,0,0,0,5,11,1,7,1,0,0,0,28,10,0
c:\Users\arthur.menezes_evolu\Desktop\Pes\algs4\src\main\java\edu\princeton\cs\algs4\Stopwatch.java,edu.princeton.cs.algs4.Stopwatch,class,2,6,4,2,5,1,0,6,1,0.33333334,0.0,0.0,3,1,3,0,0,0,3,0,0,0,1,0,0,1,0,0,1,0,7,27,1,2,0,0,1,2,7,13,2,11,1,0,0,0,105,1,0
c:\Users\arthur.menezes_evolu\Desktop\Pes\algs4\src\main\java\edu\princeton\cs\algs4\IndexMultiwayMinPQ.java,edu.princeton.cs.algs4.IndexMultiwayMinPQ,class,3,5,2,3,63,1,0,8,0,0.5142857,0.0,0.0,20,0,15,5,0,0,15,0,0,0,7,0,0,7,0,0,2,0,0,169,11,4,2,0,3,15,32,45,51,20,2,0,2,0,184,1,0
c:\Users\arthur.menezes_evolu\Desktop\Pes\algs4\src\main\java\edu\princeton\cs\algs4\Graph.java,edu.princeton.cs.algs4.Graph,class,5,23,18,5,28,1,0,12,0,0.54545456,0.0,0.0,11,1,10,1,0,0,10,0,0,0,4,1,0,4,0,0,2,0,2,97,5,9,1,1,1,13,14,25,5,17,2,0,0,0,151,1,0
c:\Users\arthur.menezes_evolu\Desktop\Pes\algs4\src\main\java\edu\princeton\cs\algs4\Insertion.java,edu.princeton.cs.algs4.Insertion,class,4,6,2,4,39,1,0,14,120,0.0,0.0,0.0,16,15,6,10,0,0,6,0,0,0,0,0,0,0,0,0,0,0,24,87,9,14,0,0,0,0,30,26,16,21,2,0,0,0,121,1,0
c:\Users\arthur.menezes_evolu\Desktop\Pes\algs4\src\main\java\edu\princeton\cs\algs4\AcyclicLP.java,edu.princeton.cs.algs4.AcyclicLP,class,8,10,2,8,20,1,0,17,0,0.35714287,0.0,0.0,7,1,5,2,0,0,5,0,0,0,2,0,0,2,0,0,0,0,5,62,4,6,1,0,1,6,7,19,5,14,3,0,0,0,148,1,0
c:\Users\arthur.menezes_evolu\Desktop\Pes\algs4\src\main\java\edu\princeton\cs\algs4\Cycle.java,edu.princeton.cs.algs4.Cycle,class,7,8,1,7,25,1,0,10,0,0.47619054,0.0,0.0,7,1,4,3,0,0,4,0,0,0,3,0,0,3,0,0,0,0,3,81,8,9,5,0,0,2,5,18,1,10,3,0,0,0,95,1,0
c:\Users\arthur.menezes_evolu\Desktop\Pes\algs4\src\main\java\edu\princeton\cs\algs4\Heap.java,edu.princeton.cs.algs4.Heap,class,3,4,1,3,15,1,0,8,21,0.0,0.0,0.0,7,6,2,5,0,0,2,0,0,0,0,0,0,0,0,0,0,0,10,40,1,4,0,0,0,0,16,10,10,7,2,0,0,0,91,1,0
c:\Users\arthur.menezes_evolu\Desktop\Pes\algs4\src\main\java\edu\princeton\cs\algs4\ResizingArrayBag.java,edu.princeton.cs.algs4.ResizingArrayBag,class,3,5,2,3,12,1,0,3,1,0.5714286,0.0,0.0,7,1,6,1,0,0,6,0,0,0,3,1,0,3,0,0,1,0,1,47,3,2,2,0,0,5,5,9,1,6,1,0,1,0,96,1,0
c:\Users\arthur.menezes_evolu\Desktop\Pes\algs4\src\main\java\edu\princeton\cs\algs4\ResizingArrayStack.java,edu.princeton.cs.algs4.ResizingArrayStack$ReverseArrayIterator,innerclass,2,2,0,2,5,1,0,1,0,0.0,0.0,0.0,3,0,3,0,0,0,3,0,0,0,1,0,0,1,0,0,0,0,0,13,2,0,0,0,0,0,2,1,1,1,1,0,0,0,13,2,0
c:\Users\arthur.menezes_evolu\Desktop\Pes\algs4\src\main\java\edu\princeton\cs\algs4\EdgeWeightedDigraph.java,edu.princeton.cs.algs4.EdgeWeightedDigraph,class,8,22,14,8,34,1,0,18,0,0.5857143,0.0,0.0,14,1,13,1,0,0,13,0,0,0,5,1,0,5,0,0,2,0,5,121,7,12,1,1,1,12,18,35,6,28,2,0,0,0,159,1,0
c:\Users\arthur.menezes_evolu\Desktop\Pes\algs4\src\main\java\edu\princeton\cs\algs4\GrayscalePicture.java,edu.princeton.cs.algs4.GrayscalePicture,class,3,4,1,3,74,1,0,66,83,0.7362637,0.0,0.0,26,2,22,4,0,0,22,0,0,0,6,0,0,6,0,0,1,0,17,227,18,9,22,2,5,29,31,60,20,42,3,0,0,0,266,17,0
c:\Users\arthur.menezes_evolu\Desktop\Pes\algs4\src\main\java\edu\princeton\cs\algs4\Point2D.java,edu.princeton.cs.algs4.Point2D$XOrder,innerclass,1,1,0,1,1,1,0,1,0,0.0,NaN,NaN,1,0,1,0,0,0,1,0,0,0,0,0,0,0,0,0,0,0,1,5,1,0,0,0,0,0,0,0,0,0,0,0,0,0,6,10,0
c:\Users\arthur.menezes_evolu\Desktop\Pes\algs4\src\main\java\edu\princeton\cs\algs4\MultiwayMinPQ.java,edu.princeton.cs.algs4.MultiwayMinPQ$MyComparator,innerclass,1,1,0,1,1,1,0,1,0,0.0,NaN,NaN,1,0,1,0,0,0,1,0,0,0,0,0,0,0,0,0,0,0,0,5,1,0,0,0,1,0,0,0,0,0,0,0,0,0,6,2,0
c:\Users\arthur.menezes_evolu\Desktop\Pes\algs4\src\main\java\edu\princeton\cs\algs4\SegmentTree.java,edu.princeton.cs.algs4.SegmentTree,class,5,6,1,5,49,1,0,27,37,0.59523815,0.0,0.0,14,1,6,8,0,0,6,0,0,0,3,0,0,3,0,0,0,0,22,169,14,4,6,0,4,16,67,42,49,21,3,0,1,0,155,1,0
c:\Users\arthur.menezes_evolu\Desktop\Pes\algs4\src\main\java\edu\princeton\cs\algs4\MergeBU.java,edu.princeton.cs.algs4.MergeBU,class,3,4,1,3,18,1,0,9,21,0.0,0.0,0.0,7,6,2,5,0,0,2,0,0,0,0,0,0,0,0,0,0,0,9,45,3,6,0,0,0,0,11,20,9,13,4,0,0,0,97,1,0
c:\Users\arthur.menezes_evolu\Desktop\Pes\algs4\src\main\java\edu\princeton\cs\algs4\BreadthFirstPaths.java,edu.princeton.cs.algs4.BreadthFirstPaths,class,8,14,6,8,42,1,0,20,0,0.5,0.0,0.0,11,1,6,5,0,0,6,0,0,0,4,1,0,4,0,0,1,0,16,148,9,14,9,0,2,28,19,38,17,22,4,0,0,0,123,1,0
c:\Users\arthur.menezes_evolu\Desktop\Pes\algs4\src\main\java\edu\princeton\cs\algs4\Bipartite.java,edu.princeton.cs.algs4.Bipartite,class,8,9,1,8,29,1,0,17,0,0.55,0.0,0.0,8,1,5,3,0,0,5,0,0,0,5,0,0,5,0,0,0,0,13,105,7,9,6,0,1,9,13,28,6,21,4,0,0,0,129,1,0
c:\Users\arthur.menezes_evolu\Desktop\Pes\algs4\src\main\java\edu\princeton\cs\algs4\Stack.java,edu.princeton.cs.algs4.Stack$Node,innerclass,2,2,0,2,0,1,0,0,0,NaN,-1.0,-1.0,0,0,0,0,0,0,0,0,0,0,2,0,0,2,0,0,0,0,0,4,0,0,0,0,0,0,0,0,0,2,0,0,0,0,3,10,0
c:\Users\arthur.menezes_evolu\Desktop\Pes\algs4\src\main\java\edu\princeton\cs\algs4\LinkedQueue.java,edu.princeton.cs.algs4.LinkedQueue$LinkedIterator,innerclass,2,2,0,2,4,1,0,1,0,0.0,0.0,0.0,2,0,2,0,0,0,2,0,0,0,1,0,0,1,0,0,0,0,0,12,2,0,1,0,0,0,0,3,0,2,1,0,0,0,15,2,0
c:\Users\arthur.menezes_evolu\Desktop\Pes\algs4\src\main\java\edu\princeton\cs\algs4\IndexMinPQ.java,edu.princeton.cs.algs4.IndexMinPQ$HeapIterator,innerclass,2,2,0,2,6,1,0,4,0,0.25,0.0,0.0,4,0,4,0,0,0,4,0,0,0,1,0,0,1,0,0,0,0,0,17,2,1,0,0,0,0,2,2,1,2,1,0,0,0,16,2,0
c:\Users\arthur.menezes_evolu\Desktop\Pes\algs4\src\main\java\edu\princeton\cs\algs4\Particle.java,edu.princeton.cs.algs4.Particle,class,3,6,3,3,20,1,0,4,0,0.5277778,0.0,0.0,12,0,12,0,0,0,12,0,0,0,7,1,0,7,0,0,4,0,7,92,13,0,2,0,10,0,21,41,55,27,2,0,0,0,136,1,0
c:\Users\arthur.menezes_evolu\Desktop\Pes\algs4\src\main\java\edu\princeton\cs\algs4\LinkedStack.java,edu.princeton.cs.algs4.LinkedStack,class,4,7,3,4,28,1,0,13,7,0.45,0.0,0.0,10,1,9,1,0,0,9,0,0,0,2,0,0,2,0,0,0,0,4,90,14,3,10,0,0,7,5,14,3,9,3,0,2,0,124,1,0
c:\Users\arthur.menezes_evolu\Desktop\Pes\algs4\src\main\java\edu\princeton\cs\algs4\FarthestPair.java,edu.princeton.cs.algs4.FarthestPair,class,5,6,1,5,21,1,0,9,4,0.6,0.0,0.0,5,1,5,0,0,0,5,0,0,0,2,0,0,2,0,0,0,0,9,68,6,7,4,0,1,5,18,27,7,17,3,0,0,0,122,1,0
c:\Users\arthur.menezes_evolu\Desktop\Pes\algs4\src\main\java\edu\princeton\cs\algs4\EulerianPath.java,edu.princeton.cs.algs4.EulerianPath$Edge,innerclass,0,0,0,0,4,1,0,0,0,0.16666667,0.0,0.0,2,0,2,0,0,0,2,0,0,0,3,0,0,3,0,0,2,0,0,15,2,0,2,0,0,1,0,3,0,3,2,0,0,0,11,10,0
c:\Users\arthur.menezes_evolu\Desktop\Pes\algs4\src\main\java\edu\princeton\cs\algs4\LZW.java,edu.princeton.cs.algs4.LZW,class,4,5,1,4,16,1,0,15,4,0.5,0.0,0.0,4,3,3,1,0,0,3,0,0,0,3,3,0,3,0,0,3,0,10,46,1,4,3,0,0,6,13,21,6,14,2,0,0,0,102,1,0
c:\Users\arthur.menezes_evolu\Desktop\Pes\algs4\src\main\java\edu\princeton\cs\algs4\CollisionSystem.java,edu.princeton.cs.algs4.CollisionSystem,class,6,7,1,6,27,1,0,24,0,0.4,0.0,0.0,5,1,3,2,0,0,3,0,0,0,4,1,0,4,0,0,1,0,16,103,1,7,10,0,0,0,16,34,9,30,5,0,1,0,95,1,0
c:\Users\arthur.menezes_evolu\Desktop\Pes\algs4\src\main\java\edu\princeton\cs\algs4\CollisionSystem.java,edu.princeton.cs.algs4.CollisionSystem$Event,innerclass,2,2,0,2,9,1,0,2,0,0.33333334,0.0,0.0,3,0,3,0,0,0,3,0,0,0,3,0,0,3,0,0,3,0,1,22,4,0,6,0,0,0,2,7,0,5,1,0,0,0,45,10,0
c:\Users\arthur.menezes_evolu\Desktop\Pes\algs4\src\main\java\edu\princeton\cs\algs4\PrimMST.java,edu.princeton.cs.algs4.PrimMST,class,10,11,1,10,31,1,0,24,11,0.6571429,0.0,0.0,7,1,4,3,0,0,4,0,0,0,5,1,0,5,0,0,1,0,3,104,7,13,5,0,0,6,8,34,2,26,4,0,0,0,152,1,0
c:\Users\arthur.menezes_evolu\Desktop\Pes\algs4\src\main\java\edu\princeton\cs\algs4\Interval1D.java,edu.princeton.cs.algs4.Interval1D$MinEndpointComparator,innerclass,1,1,0,1,5,1,0,0,0,0.0,NaN,NaN,1,0,1,0,0,0,1,0,0,0,0,0,0,0,0,0,0,0,0,9,5,0,0,0,0,0,5,0,0,0,4,0,0,0,7,10,0
c:\Users\arthur.menezes_evolu\Desktop\Pes\algs4\src\main\java\edu\princeton\cs\algs4\DirectedCycle.java,edu.princeton.cs.algs4.DirectedCycle,class,7,9,2,7,21,1,0,11,0,0.5,0.0,0.0,6,1,4,2,0,0,4,0,0,0,4,0,0,4,0,0,0,0,5,69,5,5,6,0,0,4,5,18,1,11,4,0,0,0,101,1,0
c:\Users\arthur.menezes_evolu\Desktop\Pes\algs4\src\main\java\edu\princeton\cs\algs4\In.java,edu.princeton.cs.algs4.In,class,4,54,50,4,92,1,0,45,135,0.8137255,0.0,0.0,34,7,34,0,0,0,34,0,0,0,6,5,0,6,0,0,5,0,6,373,32,12,11,22,0,82,14,68,34,48,2,0,0,0,246,17,0
c:\Users\arthur.menezes_evolu\Desktop\Pes\algs4\src\main\java\edu\princeton\cs\algs4\Quick3string.java,edu.princeton.cs.algs4.Quick3string,class,4,5,1,4,27,1,0,16,36,0.8888889,0.0,0.0,9,8,2,7,0,0,2,0,0,0,1,1,0,1,0,0,1,0,17,59,8,6,1,0,0,0,19,16,9,14,3,0,0,0,75,1,0
c:\Users\arthur.menezes_evolu\Desktop\Pes\algs4\src\main\java\edu\princeton\cs\algs4\FibonacciMinPQ.java,edu.princeton.cs.algs4.FibonacciMinPQ$MyIterator,innerclass,2,2,0,2,8,1,0,5,0,0.2,0.0,0.0,5,0,4,1,0,0,4,0,0,0,1,0,0,1,0,0,0,0,0,27,3,1,2,0,0,0,0,3,0,2,1,0,0,0,21,2,0
c:\Users\arthur.menezes_evolu\Desktop\Pes\algs4\src\main\java\edu\princeton\cs\algs4\Quick3way.java,edu.princeton.cs.algs4.Quick3way,class,4,5,1,4,17,1,0,11,36,0.0,0.0,0.0,9,8,2,7,0,0,2,0,0,0,0,0,0,0,0,0,0,0,14,49,5,3,0,0,0,0,13,11,7,9,3,0,0,0,72,1,0
c:\Users\arthur.menezes_evolu\Desktop\Pes\algs4\src\main\java\edu\princeton\cs\algs4\Topological.java,edu.princeton.cs.algs4.Topological,class,9,12,3,9,16,1,0,10,2,0.5,0.0,0.0,8,1,7,1,0,0,7,0,0,0,2,0,0,2,0,0,0,0,1,48,5,2,1,0,1,2,6,14,2,12,2,0,0,0,122,1,0
c:\Users\arthur.menezes_evolu\Desktop\Pes\algs4\src\main\java\edu\princeton\cs\algs4\Shell.java,edu.princeton.cs.algs4.Shell,class,3,4,1,3,19,1,0,9,28,0.0,0.0,0.0,8,7,2,6,0,0,2,0,0,0,0,0,0,0,0,0,0,0,10,45,5,7,0,0,0,0,10,14,7,9,3,0,0,0,87,1,0
c:\Users\arthur.menezes_evolu\Desktop\Pes\algs4\src\main\java\edu\princeton\cs\algs4\Huffman.java,edu.princeton.cs.algs4.Huffman$Node,innerclass,1,1,0,1,9,1,0,0,0,0.4166667,0.0,0.0,3,0,1,1,0,1,2,0,0,0,3,0,0,3,0,0,3,0,0,18,2,0,6,0,8,0,0,4,1,4,0,0,0,0,12,10,0
c:\Users\arthur.menezes_evolu\Desktop\Pes\algs4\src\main\java\edu\princeton\cs\algs4\Picture.java,edu.princeton.cs.algs4.Picture$Anonymous1,anonymous,0,0,0,0,1,1,0,1,0,0.0,NaN,NaN,1,0,1,0,0,0,1,0,0,0,0,0,0,0,0,0,0,0,0,7,0,0,0,0,0,0,0,2,0,0,0,0,0,0,10,-1,0
c:\Users\arthur.menezes_evolu\Desktop\Pes\algs4\src\main\java\edu\princeton\cs\algs4\Point2D.java,edu.princeton.cs.algs4.Point2D,class,9,21,12,9,39,1,0,23,0,0.68,0.0,0.0,20,3,19,1,0,0,19,0,0,0,5,3,3,2,0,0,5,0,27,163,25,2,7,0,10,5,31,27,32,24,2,0,6,0,154,17,0
c:\Users\arthur.menezes_evolu\Desktop\Pes\algs4\src\main\java\edu\princeton\cs\algs4\StaticSETofInts.java,edu.princeton.cs.algs4.StaticSETofInts,class,2,4,2,2,10,1,0,2,1,0.33333334,0.0,0.0,3,0,3,0,0,0,3,0,0,0,1,0,0,1,0,0,0,0,1,23,3,3,2,0,1,1,10,9,7,6,3,0,0,0,73,1,0
c:\Users\arthur.menezes_evolu\Desktop\Pes\algs4\src\main\java\edu\princeton\cs\algs4\BTree.java,edu.princeton.cs.algs4.BTree,class,6,7,1,6,40,1,0,16,61,0.76785713,0.0,0.0,14,1,8,6,0,0,8,0,0,0,4,1,0,4,0,0,1,0,11,152,16,8,11,0,1,57,34,29,25,20,4,0,2,0,145,1,0
c:\Users\arthur.menezes_evolu\Desktop\Pes\algs4\src\main\java\edu\princeton\cs\algs4\AssignmentProblem.java,edu.princeton.cs.algs4.AssignmentProblem,class,9,10,1,9,56,1,0,21,0,0.6923077,0.0,0.0,13,1,6,7,0,0,6,0,0,0,9,2,0,9,0,0,2,0,17,156,16,23,10,0,4,14,42,54,19,44,3,0,0,0,172,1,0
c:\Users\arthur.menezes_evolu\Desktop\Pes\algs4\src\main\java\edu\princeton\cs\algs4\MergeX.java,edu.princeton.cs.algs4.MergeX,class,3,4,1,3,43,1,0,21,151,0.8888889,0.0,0.0,18,17,3,15,0,0,3,0,0,0,1,1,0,1,0,0,1,0,36,108,12,9,0,0,2,0,32,30,32,20,4,0,0,0,109,1,0
c:\Users\arthur.menezes_evolu\Desktop\Pes\algs4\src\main\java\edu\princeton\cs\algs4\LookupCSV.java,edu.princeton.cs.algs4.LookupCSV,class,4,4,0,4,5,1,0,10,1,0.0,NaN,NaN,2,1,1,1,0,0,1,0,0,0,0,0,0,0,0,0,0,0,6,22,0,2,0,0,0,2,3,9,0,9,2,0,0,0,57,1,0
c:\Users\arthur.menezes_evolu\Desktop\Pes\algs4\src\main\java\edu\princeton\cs\algs4\EdgeWeightedGraph.java,edu.princeton.cs.algs4.EdgeWeightedGraph,class,7,15,8,7,34,1,0,18,0,0.53846157,0.0,0.0,13,1,12,1,0,0,12,0,0,0,4,1,0,4,0,0,2,0,5,122,6,11,3,1,1,11,20,33,7,28,4,0,0,0,164,1,0
c:\Users\arthur.menezes_evolu\Desktop\Pes\algs4\src\main\java\edu\princeton\cs\algs4\StdOut.java,edu.princeton.cs.algs4.StdOut,class,1,171,170,1,26,1,0,22,0,0.6805555,0.0,0.0,24,23,23,1,0,0,24,0,0,0,3,3,0,3,0,0,2,0,4,98,0,0,0,1,0,3,3,3,1,3,1,0,0,0,155,17,0
c:\Users\arthur.menezes_evolu\Desktop\Pes\algs4\src\main\java\edu\princeton\cs\algs4\Draw.java,edu.princeton.cs.algs4.Draw$RetinaImageIcon,innerclass,0,0,0,0,4,2,0,7,6,0.0,0.0,0.0,4,0,4,0,0,0,4,0,0,1,0,0,0,0,0,0,0,0,0,20,2,0,0,0,0,0,6,1,4,1,0,0,0,0,26,10,0
c:\Users\arthur.menezes_evolu\Desktop\Pes\algs4\src\main\java\edu\princeton\cs\algs4\ResizingArrayQueue.java,edu.princeton.cs.algs4.ResizingArrayQueue$ArrayIterator,innerclass,2,2,0,2,4,1,0,1,0,0.0,0.0,0.0,2,0,2,0,0,0,2,0,0,0,1,0,0,1,0,0,0,0,0,12,2,0,0,0,1,0,1,2,2,2,1,0,0,0,14,2,0
c:\Users\arthur.menezes_evolu\Desktop\Pes\algs4\src\main\java\edu\princeton\cs\algs4\BinarySearch.java,edu.princeton.cs.algs4.BinarySearch,class,5,6,1,5,9,1,0,6,6,0.0,0.0,0.0,4,3,3,1,0,0,3,0,0,0,0,0,0,0,0,0,0,0,6,27,3,2,1,0,1,0,8,8,6,6,3,0,0,0,87,1,0
c:\Users\arthur.menezes_evolu\Desktop\Pes\algs4\src\main\java\edu\princeton\cs\algs4\FibonacciMinPQ.java,edu.princeton.cs.algs4.FibonacciMinPQ$MyComparator,innerclass,1,1,0,1,1,1,0,1,0,0.0,NaN,NaN,1,0,1,0,0,0,1,0,0,0,0,0,0,0,0,0,0,0,0,5,1,0,0,0,1,0,0,0,0,0,0,0,0,0,6,2,0
c:\Users\arthur.menezes_evolu\Desktop\Pes\algs4\src\main\java\edu\princeton\cs\algs4\IndexMultiwayMinPQ.java,edu.princeton.cs.algs4.IndexMultiwayMinPQ$MyComparator,innerclass,1,1,0,1,1,1,0,1,0,0.0,NaN,NaN,1,0,1,0,0,0,1,0,0,0,0,0,0,0,0,0,0,0,0,5,1,0,0,0,1,0,0,0,0,0,0,0,0,0,6,2,0
c:\Users\arthur.menezes_evolu\Desktop\Pes\algs4\src\main\java\edu\princeton\cs\algs4\StdArrayIO.java,edu.princeton.cs.algs4.StdArrayIO,class,6,8,2,6,34,1,0,14,91,0.0,0.0,0.0,14,13,13,1,0,0,13,0,0,0,0,0,0,0,0,0,0,0,44,131,6,18,0,0,0,11,21,51,3,45,3,0,0,0,67,1,0
c:\Users\arthur.menezes_evolu\Desktop\Pes\algs4\src\main\java\edu\princeton\cs\algs4\Allowlist.java,edu.princeton.cs.algs4.Allowlist,class,5,5,0,5,4,1,0,5,1,0.0,NaN,NaN,2,1,1,1,0,0,1,0,0,0,0,0,0,0,0,0,0,0,3,13,0,1,0,0,0,0,1,4,0,4,2,0,0,0,55,1,0
c:\Users\arthur.menezes_evolu\Desktop\Pes\algs4\src\main\java\edu\princeton\cs\algs4\BinaryDump.java,edu.princeton.cs.algs4.BinaryDump,class,2,2,0,2,9,1,0,6,1,0.0,NaN,NaN,2,1,1,1,0,0,1,0,0,0,0,0,0,0,0,0,0,0,9,22,0,1,5,0,0,1,10,3,2,2,2,0,0,0,70,1,0
c:\Users\arthur.menezes_evolu\Desktop\Pes\algs4\src\main\java\edu\princeton\cs\algs4\AdjMatrixEdgeWeightedDigraph.java,edu.princeton.cs.algs4.AdjMatrixEdgeWeightedDigraph,class,5,7,2,5,18,1,0,12,0,0.5277778,0.0,0.0,9,1,8,1,0,0,8,0,0,0,4,1,0,4,0,0,2,0,7,90,4,3,2,0,1,9,11,15,7,14,2,0,1,0,138,1,0
c:\Users\arthur.menezes_evolu\Desktop\Pes\algs4\src\main\java\edu\princeton\cs\algs4\EulerianCycle.java,edu.princeton.cs.algs4.EulerianCycle$Edge,innerclass,0,0,0,0,4,1,0,0,0,0.16666667,0.0,0.0,2,0,2,0,0,0,2,0,0,0,3,0,0,3,0,0,2,0,0,15,2,0,2,0,0,1,0,3,0,3,2,0,0,0,11,10,0
c:\Users\arthur.menezes_evolu\Desktop\Pes\algs4\src\main\java\edu\princeton\cs\algs4\LinkedBag.java,edu.princeton.cs.algs4.LinkedBag,class,4,7,3,4,9,1,0,5,5,0.5,0.0,0.0,6,1,6,0,0,0,6,0,0,0,2,0,0,2,0,0,0,0,4,54,3,2,1,0,0,1,1,8,1,5,1,0,2,0,86,1,0
c:\Users\arthur.menezes_evolu\Desktop\Pes\algs4\src\main\java\edu\princeton\cs\algs4\QuickUnionUF.java,edu.princeton.cs.algs4.QuickUnionUF,class,4,5,1,4,15,1,0,7,0,0.42857143,0.0,0.0,7,1,6,1,0,0,6,0,0,0,2,0,0,2,0,0,0,0,6,47,4,3,4,0,1,4,3,13,4,10,2,0,0,0,150,1,0
c:\Users\arthur.menezes_evolu\Desktop\Pes\algs4\src\main\java\edu\princeton\cs\algs4\StdPicture.java,edu.princeton.cs.algs4.StdPicture,class,2,3,1,2,27,1,0,16,0,0.6052632,0.0,0.0,19,18,18,1,0,0,18,0,0,0,2,2,0,2,0,0,1,0,9,97,6,2,2,1,12,3,22,16,12,12,3,0,0,0,310,17,0
c:\Users\arthur.menezes_evolu\Desktop\Pes\algs4\src\main\java\edu\princeton\cs\algs4\BlockFilter.java,edu.princeton.cs.algs4.BlockFilter,class,4,4,0,4,5,1,0,7,1,0.0,NaN,NaN,2,1,1,1,0,0,1,0,0,0,0,0,0,0,0,0,0,0,3,16,0,2,0,0,0,0,1,4,0,4,2,0,0,0,48,1,0
c:\Users\arthur.menezes_evolu\Desktop\Pes\algs4\src\main\java\edu\princeton\cs\algs4\BoyerMoore.java,edu.princeton.cs.algs4.BoyerMoore,class,4,5,1,4,20,1,0,8,0,0.4,0.0,0.0,5,1,5,0,0,0,5,0,0,0,4,0,0,4,0,0,1,0,9,70,4,11,4,0,0,5,25,40,11,29,3,0,0,0,72,1,0
c:\Users\arthur.menezes_evolu\Desktop\Pes\algs4\src\main\java\edu\princeton\cs\algs4\BinaryStdIn.java,edu.princeton.cs.algs4.BinaryStdIn,class,2,10,8,2,44,1,0,16,110,0.8,0.0,0.0,17,16,14,3,0,0,14,0,0,0,5,5,0,5,0,0,1,0,28,139,15,7,6,2,7,8,39,46,5,28,2,0,0,0,144,17,0
c:\Users\arthur.menezes_evolu\Desktop\Pes\algs4\src\main\java\edu\princeton\cs\algs4\Queue.java,edu.princeton.cs.algs4.Queue$Node,innerclass,2,2,0,2,0,1,0,0,0,NaN,-1.0,-1.0,0,0,0,0,0,0,0,0,0,0,2,0,0,2,0,0,0,0,0,4,0,0,0,0,0,0,0,0,0,2,0,0,0,0,3,10,0
c:\Users\arthur.menezes_evolu\Desktop\Pes\algs4\src\main\java\edu\princeton\cs\algs4\ResizingArrayQueue.java,edu.princeton.cs.algs4.ResizingArrayQueue,class,4,6,2,4,22,1,0,11,0,0.57777774,0.0,0.0,9,1,8,1,0,0,8,0,0,0,5,1,0,5,0,0,1,0,4,73,5,2,5,0,1,6,13,18,7,10,3,0,1,0,123,1,0
c:\Users\arthur.menezes_evolu\Desktop\Pes\algs4\src\main\java\edu\princeton\cs\algs4\Complex.java,edu.princeton.cs.algs4.Complex,class,2,4,2,2,22,1,0,20,0,0.15789473,0.0,0.0,19,1,19,0,0,0,19,0,0,0,2,0,0,2,0,0,2,0,27,86,20,0,2,0,1,19,7,11,42,11,1,0,0,0,115,1,0
c:\Users\arthur.menezes_evolu\Desktop\Pes\algs4\src\main\java\edu\princeton\cs\algs4\ThreeSum.java,edu.princeton.cs.algs4.ThreeSum,class,5,8,3,5,12,1,0,5,6,0.0,0.0,0.0,4,3,3,1,0,0,3,0,0,0,0,0,0,0,0,0,0,0,4,38,1,6,2,0,0,3,10,13,8,13,4,0,0,0,78,1,0
c:\Users\arthur.menezes_evolu\Desktop\Pes\algs4\src\main\java\edu\princeton\cs\algs4\Bag.java,edu.princeton.cs.algs4.Bag$Node,innerclass,2,2,0,2,0,1,0,0,0,NaN,-1.0,-1.0,0,0,0,0,0,0,0,0,0,0,2,0,0,2,0,0,0,0,0,4,0,0,0,0,0,0,0,0,0,2,0,0,0,0,3,10,0
c:\Users\arthur.menezes_evolu\Desktop\Pes\algs4\src\main\java\edu\princeton\cs\algs4\TrieST.java,edu.princeton.cs.algs4.TrieST$Node,innerclass,1,1,0,1,0,1,0,0,0,NaN,-1.0,-1.0,0,0,0,0,0,0,0,0,0,0,2,0,0,2,0,0,0,0,0,4,0,0,0,0,0,0,0,1,0,2,0,0,0,0,4,10,0
c:\Users\arthur.menezes_evolu\Desktop\Pes\algs4\src\main\java\edu\princeton\cs\algs4\BinomialMinPQ.java,edu.princeton.cs.algs4.BinomialMinPQ,class,2,5,3,2,45,1,0,8,43,0.6,0.0,0.0,15,0,11,4,0,0,11,0,0,0,2,0,0,2,0,0,1,0,0,169,12,7,19,0,3,4,5,57,1,20,4,0,3,0,150,1,0
c:\Users\arthur.menezes_evolu\Desktop\Pes\algs4\src\main\java\edu\princeton\cs\algs4\DirectedEdge.java,edu.princeton.cs.algs4.DirectedEdge,class,2,18,16,2,9,1,0,3,1,0.5,0.0,0.0,6,1,6,0,0,0,6,0,0,0,3,0,0,3,0,0,3,0,3,29,4,0,0,0,0,6,5,4,1,4,1,0,0,0,78,1,0
c:\Users\arthur.menezes_evolu\Desktop\Pes\algs4\src\main\java\edu\princeton\cs\algs4\LongestRepeatedSubstring.java,edu.princeton.cs.algs4.LongestRepeatedSubstring,class,4,5,1,4,5,1,0,8,3,0.0,0.0,0.0,3,2,2,1,0,0,2,0,0,0,0,0,0,0,0,0,0,0,3,20,1,1,0,0,0,5,1,7,2,6,2,0,0,0,61,1,0
c:\Users\arthur.menezes_evolu\Desktop\Pes\algs4\src\main\java\edu\princeton\cs\algs4\DirectedEulerianCycle.java,edu.princeton.cs.algs4.DirectedEulerianCycle,class,10,11,1,10,37,1,0,31,8,0.375,0.0,0.0,8,4,4,4,0,0,4,0,0,0,1,0,0,1,0,0,0,0,27,94,15,15,11,0,1,12,24,36,13,31,2,0,0,0,141,1,0
c:\Users\arthur.menezes_evolu\Desktop\Pes\algs4\src\main\java\edu\princeton\cs\algs4\BinaryOut.java,edu.princeton.cs.algs4.BinaryOut,class,2,4,2,2,50,1,0,19,155,0.78787875,0.0,0.0,22,1,19,3,0,0,19,0,0,0,3,0,0,3,0,0,0,0,2,157,4,6,8,6,34,7,66,23,28,17,2,0,0,0,129,17,0
c:\Users\arthur.menezes_evolu\Desktop\Pes\algs4\src\main\java\edu\princeton\cs\algs4\IndexFibonacciMinPQ.java,edu.princeton.cs.algs4.IndexFibonacciMinPQ$MyIterator,innerclass,2,2,0,2,7,1,0,4,0,0.25,0.0,0.0,4,0,4,0,0,0,4,0,0,0,1,0,0,1,0,0,0,0,0,19,2,1,1,0,0,0,0,1,0,1,2,0,0,0,17,2,0
c:\Users\arthur.menezes_evolu\Desktop\Pes\algs4\src\main\java\edu\princeton\cs\algs4\StdAudio.java,edu.princeton.cs.algs4.StdAudio$BackgroundRunnable,innerclass,2,2,0,2,7,1,0,10,0,0.33333334,0.0,0.0,3,0,3,0,0,0,3,0,0,0,2,0,0,2,0,0,1,0,2,36,0,1,2,1,1,0,4,11,0,9,2,0,0,0,38,10,0
c:\Users\arthur.menezes_evolu\Desktop\Pes\algs4\src\main\java\edu\princeton\cs\algs4\Stack.java,edu.princeton.cs.algs4.Stack,class,5,42,37,5,16,1,0,13,0,0.44444448,0.0,0.0,9,1,9,0,0,0,9,0,0,0,2,0,0,2,0,0,0,0,4,71,6,2,1,0,0,6,1,11,2,7,3,0,2,0,124,1,0
c:\Users\arthur.menezes_evolu\Desktop\Pes\algs4\src\main\java\edu\princeton\cs\algs4\PictureDump.java,edu.princeton.cs.algs4.PictureDump,class,2,2,0,2,6,1,0,5,1,0.0,NaN,NaN,2,1,1,1,0,0,1,0,0,0,0,0,0,0,0,0,0,0,4,22,0,2,0,0,0,0,4,6,0,6,4,0,0,0,60,1,0
c:\Users\arthur.menezes_evolu\Desktop\Pes\algs4\src\main\java\edu\princeton\cs\algs4\GraphGenerator.java,edu.princeton.cs.algs4.GraphGenerator,class,8,15,7,8,71,1,0,25,136,0.0,0.0,0.0,17,16,16,1,0,0,16,0,0,0,0,0,0,0,0,0,0,0,73,243,16,31,5,0,6,26,85,82,52,70,3,0,1,0,140,1,0
c:\Users\arthur.menezes_evolu\Desktop\Pes\algs4\src\main\java\edu\princeton\cs\algs4\FordFulkerson.java,edu.princeton.cs.algs4.FordFulkerson,class,6,8,2,6,48,1,0,26,0,0.62222224,0.0,0.0,9,1,4,5,0,0,4,0,0,0,5,1,0,5,0,0,2,0,14,138,14,14,8,0,3,24,16,34,20,24,4,0,0,0,148,1,0
c:\Users\arthur.menezes_evolu\Desktop\Pes\algs4\src\main\java\edu\princeton\cs\algs4\IndexMaxPQ.java,edu.princeton.cs.algs4.IndexMaxPQ$HeapIterator,innerclass,2,2,0,2,6,1,0,4,0,0.25,0.0,0.0,4,0,4,0,0,0,4,0,0,0,1,0,0,1,0,0,0,0,0,17,2,1,0,0,0,0,2,2,1,2,1,0,0,0,16,2,0
c:\Users\arthur.menezes_evolu\Desktop\Pes\algs4\src\main\java\edu\princeton\cs\algs4\LinearProgramming.java,edu.princeton.cs.algs4.LinearProgramming,class,5,7,2,5,77,1,0,23,46,0.59000003,0.0,0.0,20,6,5,15,0,0,5,0,0,0,5,1,0,5,0,0,1,0,42,208,18,34,8,1,4,35,127,97,40,74,4,0,0,0,158,1,0
c:\Users\arthur.menezes_evolu\Desktop\Pes\algs4\src\main\java\edu\princeton\cs\algs4\SuffixArray.java,edu.princeton.cs.algs4.SuffixArray$Suffix,innerclass,1,1,0,1,9,1,0,6,0,0.2,0.0,0.0,5,0,2,3,0,0,2,0,0,0,2,0,0,2,0,0,2,0,1,26,7,1,1,0,0,0,4,4,3,4,2,0,0,0,13,10,0
c:\Users\arthur.menezes_evolu\Desktop\Pes\algs4\src\main\java\edu\princeton\cs\algs4\BinaryInsertion.java,edu.princeton.cs.algs4.BinaryInsertion,class,3,4,1,3,15,1,0,8,21,0.0,0.0,0.0,7,6,2,5,0,0,2,0,0,0,0,0,0,0,0,0,0,0,8,39,4,5,0,0,1,0,11,14,8,10,3,0,0,0,106,1,0
c:\Users\arthur.menezes_evolu\Desktop\Pes\algs4\src\main\java\edu\princeton\cs\algs4\Point2D.java,edu.princeton.cs.algs4.Point2D$ROrder,innerclass,1,1,0,1,1,1,0,1,0,0.0,NaN,NaN,1,0,1,0,0,0,1,0,0,0,0,0,0,0,0,0,0,0,1,6,1,0,0,0,2,0,1,1,7,1,0,0,0,0,7,10,0
c:\Users\arthur.menezes_evolu\Desktop\Pes\algs4\src\main\java\edu\princeton\cs\algs4\TwoPersonZeroSumGame.java,edu.princeton.cs.algs4.TwoPersonZeroSumGame,class,5,6,1,5,45,1,0,23,52,0.725,0.0,0.0,16,7,5,11,0,0,5,0,0,0,5,1,0,5,0,0,3,0,40,164,14,19,0,0,0,27,140,73,22,57,3,0,0,0,164,1,0
c:\Users\arthur.menezes_evolu\Desktop\Pes\algs4\src\main\java\edu\princeton\cs\algs4\SegmentTree.java,edu.princeton.cs.algs4.SegmentTree$Node,innerclass,0,0,0,0,1,1,0,0,0,0.6,NaN,NaN,1,0,0,0,0,1,1,0,0,0,5,0,0,0,0,5,0,0,0,10,1,0,0,0,0,0,1,1,2,5,0,0,0,0,10,8,0
c:\Users\arthur.menezes_evolu\Desktop\Pes\algs4\src\main\java\edu\princeton\cs\algs4\AdjMatrixEdgeWeightedDigraph.java,edu.princeton.cs.algs4.AdjMatrixEdgeWeightedDigraph$AdjIterator,innerclass,2,2,0,2,8,1,0,1,4,0.5,0.0,0.0,5,0,5,0,0,0,5,0,0,0,2,0,0,2,0,0,0,0,0,26,4,1,1,0,0,0,1,2,0,2,2,0,0,0,21,2,0
c:\Users\arthur.menezes_evolu\Desktop\Pes\algs4\src\main\java\edu\princeton\cs\algs4\SeparateChainingHashST.java,edu.princeton.cs.algs4.SeparateChainingHashST,class,7,8,1,7,32,1,0,19,6,0.6153846,0.0,0.0,13,1,10,3,0,0,10,0,0,0,4,1,0,4,0,0,1,0,3,81,8,7,7,0,6,5,16,20,11,16,2,0,0,0,153,1,0
c:\Users\arthur.menezes_evolu\Desktop\Pes\algs4\src\main\java\edu\princeton\cs\algs4\DigraphGenerator.java,edu.princeton.cs.algs4.DigraphGenerator,class,7,12,5,7,92,1,0,25,171,0.0,0.0,0.0,19,18,18,1,0,0,18,0,0,0,0,0,0,0,0,0,0,0,84,287,17,38,6,0,11,29,84,104,44,92,4,0,1,0,167,1,0
c:\Users\arthur.menezes_evolu\Desktop\Pes\algs4\src\main\java\edu\princeton\cs\algs4\MSD.java,edu.princeton.cs.algs4.MSD,class,4,5,1,4,47,1,0,14,64,0.875,0.0,0.0,12,11,3,9,0,0,3,0,0,0,4,4,0,4,0,0,4,0,17,100,8,18,5,0,2,0,57,53,49,40,2,0,0,0,93,1,0
c:\Users\arthur.menezes_evolu\Desktop\Pes\algs4\src\main\java\edu\princeton\cs\algs4\Draw.java,edu.princeton.cs.algs4.Draw$MyTimerTask,innerclass,1,1,0,1,2,2,0,1,0,0.0,NaN,NaN,1,0,1,0,0,0,1,0,0,0,0,0,0,0,0,0,0,0,0,5,0,1,0,0,0,0,0,0,0,0,1,0,0,0,8,2,0
c:\Users\arthur.menezes_evolu\Desktop\Pes\algs4\src\main\java\edu\princeton\cs\algs4\SymbolGraph.java,edu.princeton.cs.algs4.SymbolGraph,class,6,8,2,6,21,1,0,20,7,0.59999996,0.0,0.0,10,1,9,1,0,0,9,0,0,0,3,0,0,3,0,0,0,0,4,74,7,7,0,0,1,5,7,19,4,17,3,0,0,0,129,1,0
c:\Users\arthur.menezes_evolu\Desktop\Pes\algs4\src\main\java\edu\princeton\cs\algs4\StdDraw.java,edu.princeton.cs.algs4.StdDraw$RetinaImageIcon,innerclass,0,0,0,0,4,2,0,7,6,0.0,0.0,0.0,4,0,4,0,0,0,4,0,0,1,0,0,0,0,0,0,0,0,0,20,2,0,0,0,0,0,6,1,4,1,0,0,0,0,26,10,0
c:\Users\arthur.menezes_evolu\Desktop\Pes\algs4\src\main\java\edu\princeton\cs\algs4\StdIn.java,edu.princeton.cs.algs4.StdIn,class,5,83,78,5,56,1,0,38,137,0.8525641,0.0,0.0,26,25,23,3,0,0,24,0,0,0,6,6,0,6,0,0,5,0,34,212,27,5,2,10,0,58,13,39,31,34,2,0,0,0,354,17,0
c:\Users\arthur.menezes_evolu\Desktop\Pes\algs4\src\main\java\edu\princeton\cs\algs4\BinarySearchST.java,edu.princeton.cs.algs4.BinarySearchST,class,6,7,1,6,79,1,0,22,20,0.6770833,0.0,0.0,24,1,20,4,0,0,20,0,0,0,4,1,0,4,0,0,1,0,3,165,30,10,25,0,1,19,40,41,22,26,3,0,0,0,211,1,0
c:\Users\arthur.menezes_evolu\Desktop\Pes\algs4\src\main\java\edu\princeton\cs\algs4\IndexFibonacciMinPQ.java,edu.princeton.cs.algs4.IndexFibonacciMinPQ$Node,innerclass,2,2,0,2,0,1,0,0,0,NaN,-1.0,-1.0,0,0,0,0,0,0,0,0,0,0,6,0,0,0,0,6,0,0,0,8,0,0,0,0,0,0,0,0,0,8,0,0,0,0,7,2,0
c:\Users\arthur.menezes_evolu\Desktop\Pes\algs4\src\main\java\edu\princeton\cs\algs4\BTree.java,edu.princeton.cs.algs4.BTree$Entry,innerclass,1,1,0,1,1,1,0,0,0,0.0,NaN,NaN,1,0,1,0,0,0,1,0,0,0,3,0,0,3,0,0,0,0,0,10,0,0,0,0,0,0,0,3,0,3,0,0,0,0,7,10,0
c:\Users\arthur.menezes_evolu\Desktop\Pes\algs4\src\main\java\edu\princeton\cs\algs4\FlowNetwork.java,edu.princeton.cs.algs4.FlowNetwork,class,6,9,3,6,25,1,0,13,0,0.5909091,0.0,0.0,11,1,10,1,0,0,10,0,0,0,4,1,0,4,0,0,2,0,5,82,5,7,2,0,1,9,13,23,5,22,3,0,0,0,155,1,0
c:\Users\arthur.menezes_evolu\Desktop\Pes\algs4\src\main\java\edu\princeton\cs\algs4\Queue.java,edu.princeton.cs.algs4.Queue,class,5,39,34,5,18,1,0,13,0,0.5185185,0.0,0.0,9,1,9,0,0,0,9,0,0,0,3,0,0,3,0,0,0,0,4,76,6,2,1,0,0,6,1,15,2,8,3,0,2,0,121,1,0
c:\Users\arthur.menezes_evolu\Desktop\Pes\algs4\src\main\java\edu\princeton\cs\algs4\StopwatchCPU.java,edu.princeton.cs.algs4.StopwatchCPU,class,2,3,1,2,5,1,0,7,1,0.44444445,0.0,0.0,3,1,3,0,0,0,3,0,0,0,3,1,0,3,0,0,3,0,6,30,1,2,0,0,1,2,7,15,2,13,1,0,0,0,99,1,0
c:\Users\arthur.menezes_evolu\Desktop\Pes\algs4\src\main\java\edu\princeton\cs\algs4\DrawListener.java,edu.princeton.cs.algs4.DrawListener,interface,0,2,2,0,8,1,0,0,28,0.0,0.0,0.0,8,0,0,0,0,8,8,0,0,0,0,0,0,0,0,0,0,0,0,18,0,0,0,0,0,0,0,0,0,0,0,0,0,0,87,1,0
c:\Users\arthur.menezes_evolu\Desktop\Pes\algs4\src\main\java\edu\princeton\cs\algs4\TopologicalX.java,edu.princeton.cs.algs4.TopologicalX,class,10,11,1,10,52,1,0,26,0,0.3888889,0.0,0.0,9,1,6,3,0,0,6,0,0,0,2,0,0,2,0,0,0,0,17,170,12,23,9,0,1,14,28,48,6,38,4,0,0,0,132,1,0
c:\Users\arthur.menezes_evolu\Desktop\Pes\algs4\src\main\java\edu\princeton\cs\algs4\ClosestPair.java,edu.princeton.cs.algs4.ClosestPair,class,4,5,1,4,31,1,0,17,14,0.625,0.0,0.0,8,3,5,3,0,0,5,0,0,0,2,0,0,2,0,0,0,0,10,90,8,10,2,0,3,5,19,45,14,31,4,0,0,0,122,1,0
c:\Users\arthur.menezes_evolu\Desktop\Pes\algs4\src\main\java\edu\princeton\cs\algs4\GREP.java,edu.princeton.cs.algs4.GREP,class,3,3,0,3,4,1,0,4,1,0.0,NaN,NaN,2,1,1,1,0,0,1,0,0,0,0,0,0,0,0,0,0,0,3,14,0,1,0,0,0,2,1,3,1,3,2,0,0,0,60,1,0
c:\Users\arthur.menezes_evolu\Desktop\Pes\algs4\src\main\java\edu\princeton\cs\algs4\Genome.java,edu.princeton.cs.algs4.Genome,class,4,5,1,4,8,1,0,14,6,0.0,0.0,0.0,4,3,3,1,0,0,3,0,0,0,0,0,0,0,0,0,0,0,10,29,0,2,0,0,0,3,7,9,0,9,2,0,0,0,76,1,0
c:\Users\arthur.menezes_evolu\Desktop\Pes\algs4\src\main\java\edu\princeton\cs\algs4\Polynomial.java,edu.princeton.cs.algs4.Polynomial,class,3,4,1,3,46,1,0,10,0,0.15384616,0.0,0.0,13,1,12,1,0,0,12,0,0,0,2,0,0,2,0,0,0,0,13,122,24,13,12,0,5,20,65,52,32,37,4,0,0,0,140,1,0
c:\Users\arthur.menezes_evolu\Desktop\Pes\algs4\src\main\java\edu\princeton\cs\algs4\AllowFilter.java,edu.princeton.cs.algs4.AllowFilter,class,4,4,0,4,5,1,0,7,1,0.0,NaN,NaN,2,1,1,1,0,0,1,0,0,0,0,0,0,0,0,0,0,0,3,16,0,2,0,0,0,0,1,4,0,4,2,0,0,0,48,1,0
c:\Users\arthur.menezes_evolu\Desktop\Pes\algs4\src\main\java\edu\princeton\cs\algs4\AmericanFlagX.java,edu.princeton.cs.algs4.AmericanFlagX,class,5,6,1,5,33,1,0,14,28,0.875,0.0,0.0,8,7,3,5,0,0,3,0,0,0,2,2,0,2,0,0,2,0,13,78,5,11,3,0,0,0,29,27,18,17,4,0,0,0,103,1,0
c:\Users\arthur.menezes_evolu\Desktop\Pes\algs4\src\main\java\edu\princeton\cs\algs4\DeDup.java,edu.princeton.cs.algs4.DeDup,class,3,3,0,3,4,1,0,5,1,0.0,NaN,NaN,2,1,1,1,0,0,1,0,0,0,0,0,0,0,0,0,0,0,3,14,0,1,0,0,0,0,0,2,0,2,2,0,0,0,43,1,0
c:\Users\arthur.menezes_evolu\Desktop\Pes\algs4\src\main\java\edu\princeton\cs\algs4\DirectedCycleX.java,edu.princeton.cs.algs4.DirectedCycleX,class,9,10,1,9,26,1,0,18,0,0.0,0.0,0.0,5,1,4,1,0,0,4,0,0,0,1,0,0,1,0,0,0,0,12,89,4,11,8,0,0,4,16,29,1,21,3,0,0,0,101,1,0
c:\Users\arthur.menezes_evolu\Desktop\Pes\algs4\src\main\java\edu\princeton\cs\algs4\Point2D.java,edu.princeton.cs.algs4.Point2D$DistanceToOrder,innerclass,1,1,0,1,1,1,0,2,0,0.0,NaN,NaN,1,0,1,0,0,0,1,0,0,0,0,0,0,0,0,0,0,0,1,7,1,0,0,0,0,0,0,2,0,2,0,0,0,0,12,2,0
c:\Users\arthur.menezes_evolu\Desktop\Pes\algs4\src\main\java\edu\princeton\cs\algs4\LinkedQueue.java,edu.princeton.cs.algs4.LinkedQueue,class,4,7,3,4,38,1,0,13,7,0.5,0.0,0.0,10,1,9,1,0,0,9,0,0,0,3,0,0,3,0,0,0,0,4,104,19,4,18,0,0,7,5,20,3,11,3,0,2,0,121,1,0
c:\Users\arthur.menezes_evolu\Desktop\Pes\algs4\src\main\java\edu\princeton\cs\algs4\QuickBentleyMcIlroy.java,edu.princeton.cs.algs4.QuickBentleyMcIlroy,class,3,4,1,3,40,1,0,12,55,0.90909094,0.0,0.0,11,10,2,9,0,0,2,0,0,0,2,2,0,2,0,0,2,0,35,80,8,9,6,0,3,0,18,26,20,23,3,0,0,0,105,1,0
c:\Users\arthur.menezes_evolu\Desktop\Pes\algs4\src\main\java\edu\princeton\cs\algs4\DoublingTest.java,edu.princeton.cs.algs4.DoublingTest,class,6,7,1,6,5,1,0,5,3,0.6666667,0.0,0.0,3,2,2,1,0,0,2,0,0,0,1,1,0,1,0,0,1,0,4,20,1,2,0,0,0,1,3,9,0,7,1,0,0,0,67,1,0
c:\Users\arthur.menezes_evolu\Desktop\Pes\algs4\src\main\java\edu\princeton\cs\algs4\EulerianCycle.java,edu.princeton.cs.algs4.EulerianCycle,class,10,11,1,10,44,1,0,29,8,0.375,0.0,0.0,8,4,4,4,0,0,4,0,0,0,1,0,0,1,0,0,0,0,26,132,16,16,15,0,1,10,34,43,16,35,4,0,1,0,139,1,0
c:\Users\arthur.menezes_evolu\Desktop\Pes\algs4\src\main\java\edu\princeton\cs\algs4\LazyPrimMST.java,edu.princeton.cs.algs4.LazyPrimMST,class,9,10,1,9,29,1,0,22,0,0.54285717,0.0,0.0,7,1,4,3,0,0,4,0,0,0,5,1,0,5,0,0,1,0,3,90,7,10,4,0,0,6,4,25,2,22,4,0,0,0,136,1,0
c:\Users\arthur.menezes_evolu\Desktop\Pes\algs4\src\main\java\edu\princeton\cs\algs4\Multiway.java,edu.princeton.cs.algs4.Multiway,class,4,5,1,4,8,1,0,9,3,0.0,NaN,NaN,3,2,1,2,0,0,1,0,0,0,0,0,0,0,0,0,0,0,3,21,0,3,0,0,0,1,2,8,1,7,2,0,0,0,64,1,0
c:\Users\arthur.menezes_evolu\Desktop\Pes\algs4\src\main\java\edu\princeton\cs\algs4\BST.java,edu.princeton.cs.algs4.BST$Node,innerclass,3,3,0,3,1,1,0,0,0,0.4,NaN,NaN,1,0,1,0,0,0,1,0,0,0,4,0,0,4,0,0,0,0,0,11,0,0,0,0,0,0,0,3,0,5,0,0,0,0,7,2,0
c:\Users\arthur.menezes_evolu\Desktop\Pes\algs4\src\main\java\edu\princeton\cs\algs4\TransitiveClosure.java,edu.princeton.cs.algs4.TransitiveClosure,class,5,9,4,5,11,1,0,8,0,0.0,0.0,0.0,4,1,3,1,0,0,3,0,0,0,1,0,0,1,0,0,0,0,8,33,1,4,0,0,1,8,7,10,2,9,3,0,0,0,113,1,0
c:\Users\arthur.menezes_evolu\Desktop\Pes\algs4\src\main\java\edu\princeton\cs\algs4\KMP.java,edu.princeton.cs.algs4.KMP,class,4,5,1,4,17,1,0,7,0,0.33333334,0.0,0.0,5,1,5,0,0,0,5,0,0,0,3,0,0,3,0,0,2,0,7,63,4,8,2,0,0,5,24,39,5,26,2,0,0,0,81,1,0
c:\Users\arthur.menezes_evolu\Desktop\Pes\algs4\src\main\java\edu\princeton\cs\algs4\Out.java,edu.princeton.cs.algs4.Out,class,1,3,2,1,29,1,0,22,0,0.6153846,0.0,0.0,26,1,26,0,0,0,26,0,0,0,3,2,0,3,0,0,2,0,0,119,0,0,0,3,0,4,0,12,0,9,1,0,0,0,102,1,0
c:\Users\arthur.menezes_evolu\Desktop\Pes\algs4\src\main\java\edu\princeton\cs\algs4\WeightedQuickUnionUF.java,edu.princeton.cs.algs4.WeightedQuickUnionUF,class,4,5,1,4,16,1,0,7,0,0.52380955,0.0,0.0,7,1,6,1,0,0,6,0,0,0,3,0,0,3,0,0,0,0,6,57,4,3,4,0,1,4,4,18,4,11,2,0,0,0,156,1,0
c:\Users\arthur.menezes_evolu\Desktop\Pes\algs4\src\main\java\edu\princeton\cs\algs4\AcyclicSP.java,edu.princeton.cs.algs4.AcyclicSP,class,8,9,1,8,20,1,0,17,0,0.35714287,0.0,0.0,7,1,5,2,0,0,5,0,0,0,2,0,0,2,0,0,0,0,5,62,4,6,1,0,1,6,7,19,5,14,3,0,0,0,148,1,0
c:\Users\arthur.menezes_evolu\Desktop\Pes\algs4\src\main\java\edu\princeton\cs\algs4\Vector.java,edu.princeton.cs.algs4.Vector,class,3,4,1,3,27,1,0,11,0,0.33333334,0.0,0.0,15,1,15,0,0,0,15,0,0,0,2,0,0,2,0,0,0,0,9,82,12,7,5,0,1,14,19,29,16,20,1,0,0,0,129,1,0
c:\Users\arthur.menezes_evolu\Desktop\Pes\algs4\src\main\java\edu\princeton\cs\algs4\LinearRegression.java,edu.princeton.cs.algs4.LinearRegression,class,2,3,1,2,12,1,0,7,4,0.65,0.0,0.0,8,0,8,0,0,0,8,0,0,0,3,0,0,3,0,0,3,0,4,63,7,3,1,0,10,5,12,31,33,23,1,0,0,0,108,1,0
c:\Users\arthur.menezes_evolu\Desktop\Pes\algs4\src\main\java\edu\princeton\cs\algs4\SuffixArray.java,edu.princeton.cs.algs4.SuffixArray,class,4,9,5,4,26,1,0,21,6,0.33333334,0.0,0.0,9,3,7,2,0,0,7,0,0,0,1,0,0,1,0,0,0,0,11,95,11,5,2,0,1,9,19,21,10,18,3,0,1,0,132,1,0
c:\Users\arthur.menezes_evolu\Desktop\Pes\algs4\src\main\java\edu\princeton\cs\algs4\TrieST.java,edu.princeton.cs.algs4.TrieST,class,6,7,1,6,56,1,0,29,111,0.77777773,0.0,0.0,18,1,12,6,0,0,12,0,0,0,3,1,0,3,0,0,1,0,16,147,25,7,30,0,0,16,22,26,8,20,2,0,1,0,161,1,0
c:\Users\arthur.menezes_evolu\Desktop\Pes\algs4\src\main\java\edu\princeton\cs\algs4\Point2D.java,edu.princeton.cs.algs4.Point2D$YOrder,innerclass,1,1,0,1,1,1,0,1,0,0.0,NaN,NaN,1,0,1,0,0,0,1,0,0,0,0,0,0,0,0,0,0,0,1,5,1,0,0,0,0,0,0,0,0,0,0,0,0,0,6,10,0
c:\Users\arthur.menezes_evolu\Desktop\Pes\algs4\src\main\java\edu\princeton\cs\algs4\StdStats.java,edu.princeton.cs.algs4.StdStats,class,6,7,1,6,68,1,0,27,406,0.0,0.0,0.0,29,28,23,6,0,0,23,0,0,0,0,0,0,0,0,0,0,0,78,221,34,17,9,0,14,11,43,60,37,46,2,0,0,0,101,17,0
c:\Users\arthur.menezes_evolu\Desktop\Pes\algs4\src\main\java\edu\princeton\cs\algs4\Accumulator.java,edu.princeton.cs.algs4.Accumulator,class,3,4,1,3,10,1,0,10,14,0.6666667,0.0,0.0,8,1,8,0,0,0,8,0,0,0,3,0,0,3,0,0,0,0,8,41,6,1,0,0,2,7,6,8,9,6,1,0,0,0,105,1,0
c:\Users\arthur.menezes_evolu\Desktop\Pes\algs4\src\main\java\edu\princeton\cs\algs4\AVLTreeST.java,edu.princeton.cs.algs4.AVLTreeST,class,6,8,2,6,140,1,0,49,796,0.59183675,0.0,0.0,49,1,22,27,0,0,22,0,0,0,1,0,0,1,0,0,0,0,16,344,86,5,46,0,1,22,54,66,24,29,3,0,1,0,269,1,0
c:\Users\arthur.menezes_evolu\Desktop\Pes\algs4\src\main\java\edu\princeton\cs\algs4\GlobalMincut.java,edu.princeton.cs.algs4.GlobalMincut,class,12,13,1,12,40,1,0,32,0,0.5454545,0.0,0.0,11,1,4,7,0,0,4,0,0,0,4,1,0,4,0,0,1,0,6,123,5,12,8,0,2,10,17,36,8,27,5,0,1,0,199,1,0
c:\Users\arthur.menezes_evolu\Desktop\Pes\algs4\src\main\java\edu\princeton\cs\algs4\SymbolDigraph.java,edu.princeton.cs.algs4.SymbolDigraph,class,6,8,2,6,20,1,0,18,7,0.59999996,0.0,0.0,10,1,9,1,0,0,9,0,0,0,3,0,0,3,0,0,0,0,3,68,7,7,0,0,1,3,7,18,3,16,3,0,0,0,129,1,0
c:\Users\arthur.menezes_evolu\Desktop\Pes\algs4\src\main\java\edu\princeton\cs\algs4\SequentialSearchST.java,edu.princeton.cs.algs4.SequentialSearchST$Node,innerclass,3,3,0,3,1,1,0,0,0,0.0,NaN,NaN,1,0,1,0,0,0,1,0,0,0,3,0,0,3,0,0,0,0,0,10,0,0,0,0,0,0,0,3,0,3,0,0,0,0,6,2,0
c:\Users\arthur.menezes_evolu\Desktop\Pes\algs4\src\main\java\edu\princeton\cs\algs4\RunLength.java,edu.princeton.cs.algs4.RunLength,class,3,4,1,3,11,1,0,9,4,0.625,0.0,0.0,4,3,3,1,0,0,3,0,0,0,2,2,0,2,0,0,2,0,13,42,0,3,2,0,0,3,9,12,1,8,3,0,0,0,71,1,0
c:\Users\arthur.menezes_evolu\Desktop\Pes\algs4\src\main\java\edu\princeton\cs\algs4\DijkstraAllPairsSP.java,edu.princeton.cs.algs4.DijkstraAllPairsSP,class,6,7,1,6,18,1,0,10,3,0.33333334,0.0,0.0,6,1,5,1,0,0,5,0,0,0,1,0,0,1,0,0,0,0,12,57,3,7,0,0,1,10,9,12,3,11,4,0,0,0,122,1,0
c:\Users\arthur.menezes_evolu\Desktop\Pes\algs4\src\main\java\edu\princeton\cs\algs4\Transaction.java,edu.princeton.cs.algs4.Transaction,class,6,11,5,6,22,1,0,15,0,0.36666667,0.0,0.0,10,1,10,0,0,0,10,0,0,0,3,0,0,3,0,0,3,0,22,84,10,4,4,0,4,12,16,21,6,11,1,0,3,0,96,1,0
c:\Users\arthur.menezes_evolu\Desktop\Pes\algs4\src\main\java\edu\princeton\cs\algs4\ThreeSumFast.java,edu.princeton.cs.algs4.ThreeSumFast,class,4,5,1,4,15,1,0,7,10,0.0,0.0,0.0,5,4,3,2,0,0,3,0,0,0,0,0,0,0,0,0,0,0,9,38,3,5,1,0,2,4,8,13,6,13,3,0,0,0,87,1,0
c:\Users\arthur.menezes_evolu\Desktop\Pes\algs4\src\main\java\edu\princeton\cs\algs4\LinkedBag.java,edu.princeton.cs.algs4.LinkedBag$Node,innerclass,2,2,0,2,0,1,0,0,0,NaN,-1.0,-1.0,0,0,0,0,0,0,0,0,0,0,2,0,0,2,0,0,0,0,0,4,0,0,0,0,0,0,0,0,0,2,0,0,0,0,4,2,0
c:\Users\arthur.menezes_evolu\Desktop\Pes\algs4\src\main\java\edu\princeton\cs\algs4\AmericanFlag.java,edu.princeton.cs.algs4.AmericanFlag,class,5,6,1,5,53,1,0,22,72,0.826923,0.0,0.0,13,12,4,9,0,0,4,0,0,0,4,4,0,4,0,0,4,0,20,155,8,22,1,0,5,1,62,66,46,44,3,0,0,0,117,1,0
c:\Users\arthur.menezes_evolu\Desktop\Pes\algs4\src\main\java\edu\princeton\cs\algs4\DoublingRatio.java,edu.princeton.cs.algs4.DoublingRatio,class,6,7,1,6,5,1,0,5,3,0.6666667,0.0,0.0,3,2,2,1,0,0,2,0,0,0,1,1,0,1,0,0,1,0,5,22,1,2,0,0,0,1,4,11,1,8,1,0,0,0,74,1,0
c:\Users\arthur.menezes_evolu\Desktop\Pes\algs4\src\main\java\edu\princeton\cs\algs4\TST.java,edu.princeton.cs.algs4.TST,class,6,8,2,6,58,1,0,25,59,0.71428573,0.0,0.0,14,1,10,4,0,0,10,0,0,0,2,0,0,2,0,0,0,0,16,145,18,5,26,0,0,17,21,26,12,17,5,0,1,0,147,1,0
c:\Users\arthur.menezes_evolu\Desktop\Pes\algs4\src\main\java\edu\princeton\cs\algs4\Cat.java,edu.princeton.cs.algs4.Cat,class,2,2,0,2,3,1,0,4,1,0.0,NaN,NaN,2,1,1,1,0,0,1,0,0,0,0,0,0,0,0,0,0,0,0,14,0,1,0,0,0,0,3,4,2,4,1,0,0,0,46,1,0
c:\Users\arthur.menezes_evolu\Desktop\Pes\algs4\src\main\java\edu\princeton\cs\algs4\TrieSET.java,edu.princeton.cs.algs4.TrieSET$Node,innerclass,1,1,0,1,0,1,0,0,0,NaN,-1.0,-1.0,0,0,0,0,0,0,0,0,0,0,2,0,0,2,0,0,0,0,0,4,0,0,0,0,0,0,0,1,0,2,0,0,0,0,4,10,0
c:\Users\arthur.menezes_evolu\Desktop\Pes\algs4\src\main\java\edu\princeton\cs\algs4\FileIndex.java,edu.princeton.cs.algs4.FileIndex,class,5,5,0,5,8,1,0,10,1,0.0,NaN,NaN,2,1,1,1,0,0,1,0,0,0,0,0,0,0,0,0,0,0,5,28,0,4,0,0,0,3,0,7,2,7,3,0,0,0,46,1,0
c:\Users\arthur.menezes_evolu\Desktop\Pes\algs4\src\main\java\edu\princeton\cs\algs4\Inversions.java,edu.princeton.cs.algs4.Inversions,class,5,6,1,5,34,1,0,13,55,0.0,0.0,0.0,11,10,3,8,0,0,3,0,0,0,0,0,0,0,0,0,0,0,17,92,11,10,2,0,5,0,25,51,18,31,4,0,0,0,88,1,0
c:\Users\arthur.menezes_evolu\Desktop\Pes\algs4\src\main\java\edu\princeton\cs\algs4\RabinKarp.java,edu.princeton.cs.algs4.RabinKarp,class,3,4,1,3,18,1,0,11,0,0.54761904,0.0,0.0,7,2,4,3,0,0,4,0,0,0,6,0,0,6,0,0,0,0,7,58,8,5,3,0,6,4,14,26,19,20,2,0,0,0,76,1,0
c:\Users\arthur.menezes_evolu\Desktop\Pes\algs4\src\main\java\edu\princeton\cs\algs4\Bag.java,edu.princeton.cs.algs4.Bag,class,5,15,10,5,9,1,0,5,0,0.4166667,0.0,0.0,6,1,6,0,0,0,6,0,0,0,2,0,0,2,0,0,0,0,4,54,3,2,1,0,0,1,1,8,1,5,1,0,2,0,93,1,0
c:\Users\arthur.menezes_evolu\Desktop\Pes\algs4\src\main\java\edu\princeton\cs\algs4\DijkstraSP.java,edu.princeton.cs.algs4.DijkstraSP,class,8,11,3,8,38,1,0,23,0,0.45833334,0.0,0.0,8,1,5,3,0,0,5,0,0,0,3,0,0,3,0,0,0,0,5,109,11,12,9,0,1,14,13,26,10,21,3,0,0,0,143,1,0
c:\Users\arthur.menezes_evolu\Desktop\Pes\algs4\src\main\java\edu\princeton\cs\algs4\MaxPQ.java,edu.princeton.cs.algs4.MaxPQ,class,4,6,2,4,49,1,0,19,0,0.5614035,0.0,0.0,19,1,12,7,0,0,12,0,0,0,3,0,0,3,0,0,0,0,4,137,15,8,7,0,4,6,40,29,23,16,3,0,1,0,147,1,0
c:\Users\arthur.menezes_evolu\Desktop\Pes\algs4\src\main\java\edu\princeton\cs\algs4\FenwickTree.java,edu.princeton.cs.algs4.FenwickTree,class,4,5,1,4,27,1,0,12,3,0.33333334,0.0,0.0,6,1,6,0,0,0,6,0,0,0,1,0,0,0,0,1,0,0,11,74,3,6,1,0,3,14,27,18,8,10,3,0,0,0,137,1,0
c:\Users\arthur.menezes_evolu\Desktop\Pes\algs4\src\main\java\edu\princeton\cs\algs4\IndexBinomialMinPQ.java,edu.princeton.cs.algs4.IndexBinomialMinPQ$MyComparator,innerclass,1,1,0,1,1,1,0,1,0,0.0,NaN,NaN,1,0,1,0,0,0,1,0,0,0,0,0,0,0,0,0,0,0,0,5,1,0,0,0,1,0,0,0,0,0,0,0,0,0,6,2,0
c:\Users\arthur.menezes_evolu\Desktop\Pes\algs4\src\main\java\edu\princeton\cs\algs4\LinkedStack.java,edu.princeton.cs.algs4.LinkedStack$LinkedIterator,innerclass,2,2,0,2,4,1,0,1,0,0.0,0.0,0.0,2,0,2,0,0,0,2,0,0,0,1,0,0,1,0,0,0,0,0,12,2,0,1,0,0,0,0,3,0,2,1,0,0,0,15,2,0
c:\Users\arthur.menezes_evolu\Desktop\Pes\algs4\src\main\java\edu\princeton\cs\algs4\StdRandom.java,edu.princeton.cs.algs4.StdRandom,class,5,41,36,5,97,1,0,38,719,0.9102564,0.0,0.0,39,38,36,3,0,0,37,0,0,0,2,2,0,2,0,0,0,0,75,284,29,20,7,0,14,41,78,86,68,57,3,0,0,0,232,17,0
c:\Users\arthur.menezes_evolu\Desktop\Pes\algs4\src\main\java\edu\princeton\cs\algs4\NonrecursiveDirectedDFS.java,edu.princeton.cs.algs4.NonrecursiveDirectedDFS,class,6,7,1,6,12,1,0,14,0,0.0,0.0,0.0,4,1,3,1,0,0,3,0,0,0,1,0,0,1,0,0,0,0,3,41,1,3,0,0,1,3,6,15,3,12,3,0,0,0,91,1,0
c:\Users\arthur.menezes_evolu\Desktop\Pes\algs4\src\main\java\edu\princeton\cs\algs4\Point2D.java,edu.princeton.cs.algs4.Point2D$PolarOrder,innerclass,1,1,0,1,11,1,0,1,0,0.0,NaN,NaN,1,0,1,0,0,0,1,0,0,0,0,0,0,0,0,0,0,0,1,16,6,0,2,0,0,0,15,4,4,4,5,0,0,0,13,2,0
c:\Users\arthur.menezes_evolu\Desktop\Pes\algs4\src\main\java\edu\princeton\cs\algs4\BipartiteX.java,edu.princeton.cs.algs4.BipartiteX,class,9,12,3,9,31,1,0,22,0,0.66071427,0.0,0.0,8,1,5,3,0,0,5,0,0,0,7,2,0,7,0,0,2,0,13,120,7,11,5,0,1,9,13,37,6,27,4,0,0,0,141,1,0
c:\Users\arthur.menezes_evolu\Desktop\Pes\algs4\src\main\java\edu\princeton\cs\algs4\MaxPQ.java,edu.princeton.cs.algs4.MaxPQ$HeapIterator,innerclass,2,2,0,2,7,1,0,5,0,0.25,0.0,0.0,4,0,4,0,0,0,4,0,0,0,1,0,0,1,0,0,0,0,0,18,2,1,1,0,0,0,1,3,0,2,1,0,0,0,19,2,0
c:\Users\arthur.menezes_evolu\Desktop\Pes\algs4\src\main\java\edu\princeton\cs\algs4\RedBlackBST.java,edu.princeton.cs.algs4.RedBlackBST$Node,innerclass,3,3,0,3,1,1,0,0,0,0.33333334,NaN,NaN,1,0,1,0,0,0,1,0,0,0,5,0,0,5,0,0,0,0,0,13,0,0,0,0,0,0,0,4,0,6,0,0,0,0,8,2,0
c:\Users\arthur.menezes_evolu\Desktop\Pes\algs4\src\main\java\edu\princeton\cs\algs4\UF.java,edu.princeton.cs.algs4.UF,class,5,11,6,5,18,1,0,7,0,0.5238095,0.0,0.0,7,1,6,1,0,0,6,0,0,0,3,0,0,3,0,0,0,0,6,59,4,3,4,0,1,4,5,18,4,11,3,0,0,0,161,1,0
c:\Users\arthur.menezes_evolu\Desktop\Pes\algs4\src\main\java\edu\princeton\cs\algs4\StdAudio.java,edu.princeton.cs.algs4.StdAudio,class,5,7,2,5,64,1,0,41,65,0.8470589,0.0,0.0,15,14,12,3,0,0,13,0,0,3,17,17,1,16,0,0,11,0,30,326,6,9,12,6,12,35,51,73,31,57,3,1,2,0,361,17,0
c:\Users\arthur.menezes_evolu\Desktop\Pes\algs4\src\main\java\edu\princeton\cs\algs4\DijkstraUndirectedSP.java,edu.princeton.cs.algs4.DijkstraUndirectedSP,class,8,9,1,8,39,1,0,23,0,0.45833334,0.0,0.0,8,1,5,3,0,0,5,0,0,0,3,0,0,3,0,0,0,0,5,111,11,12,10,0,1,14,13,27,10,21,3,0,0,0,149,1,0
c:\Users\arthur.menezes_evolu\Desktop\Pes\algs4\src\main\java\edu\princeton\cs\algs4\IndexBinomialMinPQ.java,edu.princeton.cs.algs4.IndexBinomialMinPQ,class,3,6,3,3,87,1,0,16,22,0.63,0.0,0.0,25,0,15,10,0,0,15,0,0,0,4,0,0,4,0,0,1,0,0,287,16,8,26,0,4,14,14,108,1,39,4,0,3,0,178,1,0
c:\Users\arthur.menezes_evolu\Desktop\Pes\algs4\src\main\java\edu\princeton\cs\algs4\ResizingArrayBag.java,edu.princeton.cs.algs4.ResizingArrayBag$ArrayIterator,innerclass,2,2,0,2,4,1,0,1,0,0.0,0.0,0.0,2,0,2,0,0,0,2,0,0,0,1,0,0,1,0,0,0,0,0,10,2,0,0,0,0,0,1,1,0,1,1,0,0,0,12,2,0
c:\Users\arthur.menezes_evolu\Desktop\Pes\algs4\src\main\java\edu\princeton\cs\algs4\Transaction.java,edu.princeton.cs.algs4.Transaction$HowMuchOrder,innerclass,1,1,0,1,1,1,0,1,0,0.0,NaN,NaN,1,0,1,0,0,0,1,0,0,0,0,0,0,0,0,0,0,0,1,5,1,0,0,0,0,0,0,0,0,0,0,0,0,0,10,9,0
c:\Users\arthur.menezes_evolu\Desktop\Pes\algs4\src\main\java\edu\princeton\cs\algs4\NFA.java,edu.princeton.cs.algs4.NFA,class,6,8,2,6,35,1,0,13,0,0.22222222,0.0,0.0,3,1,3,0,0,0,3,0,0,0,3,0,0,3,0,0,1,0,1,57,3,6,19,0,1,5,17,20,10,16,4,0,0,0,114,1,0
c:\Users\arthur.menezes_evolu\Desktop\Pes\algs4\src\main\java\edu\princeton\cs\algs4\RedBlackBST.java,edu.princeton.cs.algs4.RedBlackBST,class,6,8,2,6,177,1,0,51,859,0.79738563,0.0,0.0,51,1,20,31,0,0,20,0,0,0,3,2,0,3,0,0,2,0,11,341,84,6,51,0,3,25,40,78,13,25,3,0,1,0,240,1,0
c:\Users\arthur.menezes_evolu\Desktop\Pes\algs4\src\main\java\edu\princeton\cs\algs4\DepthFirstOrder.java,edu.princeton.cs.algs4.DepthFirstOrder,class,10,13,3,10,31,1,0,20,0,0.57142854,0.0,0.0,12,1,8,4,0,0,8,0,0,0,7,0,0,7,0,0,0,0,14,118,8,11,2,0,1,13,8,27,5,17,2,0,0,0,97,1,0
c:\Users\arthur.menezes_evolu\Desktop\Pes\algs4\src\main\java\edu\princeton\cs\algs4\KosarajuSharirSCC.java,edu.princeton.cs.algs4.KosarajuSharirSCC,class,9,10,1,9,23,1,0,15,0,0.5,0.0,0.0,8,1,5,3,0,0,5,0,0,0,3,0,0,3,0,0,0,0,3,69,5,8,2,0,2,4,8,18,4,16,3,0,0,0,114,1,0
c:\Users\arthur.menezes_evolu\Desktop\Pes\algs4\src\main\java\edu\princeton\cs\algs4\PatriciaST.java,edu.princeton.cs.algs4.PatriciaST$Node,innerclass,2,2,0,2,1,1,0,0,0,0.4,NaN,NaN,1,0,1,0,0,0,1,0,0,0,4,0,0,4,0,0,0,0,0,11,0,0,0,0,0,0,0,3,0,5,0,0,0,0,6,2,0
c:\Users\arthur.menezes_evolu\Desktop\Pes\algs4\src\main\java\edu\princeton\cs\algs4\KruskalMST.java,edu.princeton.cs.algs4.KruskalMST,class,7,8,1,7,22,1,0,19,0,0.4,0.0,0.0,5,1,4,1,0,0,4,0,0,0,3,1,0,3,0,0,1,0,4,83,7,9,5,0,0,6,6,26,3,23,4,0,0,0,139,1,0
c:\Users\arthur.menezes_evolu\Desktop\Pes\algs4\src\main\java\edu\princeton\cs\algs4\Draw.java,edu.princeton.cs.algs4.Draw,class,5,6,1,5,177,3,0,125,2867,0.9648149,0.0,0.0,90,5,76,14,0,0,76,0,0,0,49,28,17,32,0,0,33,0,142,774,24,14,22,3,11,149,182,182,139,165,2,0,2,0,474,17,0
c:\Users\arthur.menezes_evolu\Desktop\Pes\algs4\src\main\java\edu\princeton\cs\algs4\Interval1D.java,edu.princeton.cs.algs4.Interval1D$MaxEndpointComparator,innerclass,1,1,0,1,5,1,0,0,0,0.0,NaN,NaN,1,0,1,0,0,0,1,0,0,0,0,0,0,0,0,0,0,0,0,9,5,0,0,0,0,0,5,0,0,0,4,0,0,0,7,10,0
c:\Users\arthur.menezes_evolu\Desktop\Pes\algs4\src\main\java\edu\princeton\cs\algs4\MultiwayMinPQ.java,edu.princeton.cs.algs4.MultiwayMinPQ,class,2,4,2,2,41,1,0,12,0,0.5176471,0.0,0.0,17,0,10,7,0,0,10,0,0,0,5,0,0,5,0,0,2,0,3,144,11,5,5,0,6,6,30,41,33,20,2,0,2,0,143,1,0
c:\Users\arthur.menezes_evolu\Desktop\Pes\algs4\src\main\java\edu\princeton\cs\algs4\Point2D.java,edu.princeton.cs.algs4.Point2D$Atan2Order,innerclass,1,1,0,1,1,1,0,2,0,0.0,NaN,NaN,1,0,1,0,0,0,1,0,0,0,0,0,0,0,0,0,0,0,1,7,1,0,0,0,0,0,0,2,0,2,0,0,0,0,11,2,0
c:\Users\arthur.menezes_evolu\Desktop\Pes\algs4\src\main\java\edu\princeton\cs\algs4\BipartiteMatching.java,edu.princeton.cs.algs4.BipartiteMatching,class,8,9,1,8,71,1,0,22,0,0.68181825,0.0,0.0,11,1,7,4,0,0,7,0,0,0,8,1,0,8,0,0,2,0,15,146,19,19,15,0,3,11,33,50,6,37,4,0,0,0,192,1,0
c:\Users\arthur.menezes_evolu\Desktop\Pes\algs4\src\main\java\edu\princeton\cs\algs4\CPM.java,edu.princeton.cs.algs4.CPM,class,5,5,0,5,5,1,0,6,1,0.0,NaN,NaN,2,1,1,1,0,0,1,0,0,0,0,0,0,0,0,0,0,0,8,28,0,3,0,0,0,4,11,11,9,11,2,0,0,0,100,1,0
c:\Users\arthur.menezes_evolu\Desktop\Pes\algs4\src\main\java\edu\princeton\cs\algs4\FibonacciMinPQ.java,edu.princeton.cs.algs4.FibonacciMinPQ$Node,innerclass,2,2,0,2,0,1,0,0,0,NaN,-1.0,-1.0,0,0,0,0,0,0,0,0,0,0,4,0,0,0,0,4,0,0,0,6,0,0,0,0,0,0,0,0,0,5,0,0,0,0,6,2,0
c:\Users\arthur.menezes_evolu\Desktop\Pes\algs4\src\main\java\edu\princeton\cs\algs4\IndexMaxPQ.java,edu.princeton.cs.algs4.IndexMaxPQ,class,5,8,3,5,56,1,0,21,14,0.63809526,0.0,0.0,21,1,16,5,0,0,16,0,0,0,5,0,0,5,0,0,0,0,7,177,9,10,8,0,0,28,43,40,17,21,2,0,1,0,166,1,0
c:\Users\arthur.menezes_evolu\Desktop\Pes\algs4\src\main\java\edu\princeton\cs\algs4\MinPQ.java,edu.princeton.cs.algs4.MinPQ$HeapIterator,innerclass,2,2,0,2,7,1,0,5,0,0.25,0.0,0.0,4,0,4,0,0,0,4,0,0,0,1,0,0,1,0,0,0,0,0,18,2,1,1,0,0,0,1,3,0,2,1,0,0,0,19,2,0
c:\Users\arthur.menezes_evolu\Desktop\Pes\algs4\src\main\java\edu\princeton\cs\algs4\ST.java,edu.princeton.cs.algs4.ST,class,5,13,8,5,30,1,0,19,0,0.06666667,0.0,0.0,15,1,15,0,0,0,15,0,0,0,1,0,0,1,0,0,0,0,3,67,10,2,11,0,0,12,2,6,1,6,1,0,0,0,175,1,0
c:\Users\arthur.menezes_evolu\Desktop\Pes\algs4\src\main\java\edu\princeton\cs\algs4\Counter.java,edu.princeton.cs.algs4.Counter,class,3,5,2,3,9,1,0,5,1,0.5,0.0,0.0,6,1,6,0,0,0,6,0,0,0,2,0,0,2,0,0,1,0,5,33,3,3,0,0,0,2,6,9,2,8,1,0,0,0,72,1,0
c:\Users\arthur.menezes_evolu\Desktop\Pes\algs4\src\main\java\edu\princeton\cs\algs4\InsertionX.java,edu.princeton.cs.algs4.InsertionX,class,3,4,1,3,16,1,0,8,21,0.0,0.0,0.0,7,6,2,5,0,0,2,0,0,0,0,0,0,0,0,0,0,0,9,47,4,5,1,0,0,0,13,14,6,10,2,0,0,0,99,1,0
c:\Users\arthur.menezes_evolu\Desktop\Pes\algs4\src\main\java\edu\princeton\cs\algs4\CC.java,edu.princeton.cs.algs4.CC,class,9,10,1,9,27,1,0,14,0,0.4318182,0.0,0.0,11,1,8,3,0,0,8,0,0,0,4,0,0,4,0,0,0,0,3,94,5,8,2,0,1,4,8,23,4,16,2,0,0,0,108,1,0
c:\Users\arthur.menezes_evolu\Desktop\Pes\algs4\src\main\java\edu\princeton\cs\algs4\LinkedQueue.java,edu.princeton.cs.algs4.LinkedQueue$Node,innerclass,2,2,0,2,0,1,0,0,0,NaN,-1.0,-1.0,0,0,0,0,0,0,0,0,0,0,2,0,0,2,0,0,0,0,0,4,0,0,0,0,0,0,0,0,0,2,0,0,0,0,4,2,0
c:\Users\arthur.menezes_evolu\Desktop\Pes\algs4\src\main\java\edu\princeton\cs\algs4\GaussJordanElimination.java,edu.princeton.cs.algs4.GaussJordanElimination,class,4,5,1,4,64,1,0,21,68,0.627451,0.0,0.0,17,8,5,12,0,0,5,0,0,0,3,1,0,3,0,0,2,0,50,197,10,31,5,0,2,28,156,85,25,63,3,0,0,0,161,1,0
c:\Users\arthur.menezes_evolu\Desktop\Pes\algs4\src\main\java\edu\princeton\cs\algs4\IndexFibonacciMinPQ.java,edu.princeton.cs.algs4.IndexFibonacciMinPQ,class,3,6,3,3,79,1,0,19,21,0.7077922,0.0,0.0,22,0,15,7,0,0,15,0,0,0,7,0,0,7,0,0,1,0,0,252,18,5,19,0,1,13,12,77,0,20,3,0,3,0,133,1,0
c:\Users\arthur.menezes_evolu\Desktop\Pes\algs4\src\main\java\edu\princeton\cs\algs4\FFT.java,edu.princeton.cs.algs4.FFT,class,4,5,1,4,23,1,0,16,21,0.85714287,0.0,0.0,7,6,5,2,0,0,5,0,0,0,1,1,0,1,0,0,1,0,24,94,5,13,3,0,0,8,36,51,17,36,1,0,0,0,129,1,0
c:\Users\arthur.menezes_evolu\Desktop\Pes\algs4\src\main\java\edu\princeton\cs\algs4\Stack.java,edu.princeton.cs.algs4.Stack$LinkedIterator,innerclass,3,3,0,3,5,1,0,1,0,0.0,0.0,0.0,3,0,3,0,0,0,3,0,0,0,1,0,0,1,0,0,0,0,0,15,2,0,1,0,0,0,0,3,0,2,1,0,0,0,14,2,0
c:\Users\arthur.menezes_evolu\Desktop\Pes\algs4\src\main\java\edu\princeton\cs\algs4\GabowSCC.java,edu.princeton.cs.algs4.GabowSCC,class,9,10,1,9,28,1,0,16,0,0.6785714,0.0,0.0,8,1,5,3,0,0,5,0,0,0,7,0,0,7,0,0,0,0,3,88,5,11,5,0,2,4,12,25,4,22,4,0,0,0,114,1,0
c:\Users\arthur.menezes_evolu\Desktop\Pes\algs4\src\main\java\edu\princeton\cs\algs4\BinomialMinPQ.java,edu.princeton.cs.algs4.BinomialMinPQ$MyComparator,innerclass,1,1,0,1,1,1,0,1,0,0.0,NaN,NaN,1,0,1,0,0,0,1,0,0,0,0,0,0,0,0,0,0,0,0,5,1,0,0,0,1,0,0,0,0,0,0,0,0,0,6,2,0
c:\Users\arthur.menezes_evolu\Desktop\Pes\algs4\src\main\java\edu\princeton\cs\algs4\TarjanSCC.java,edu.princeton.cs.algs4.TarjanSCC,class,9,10,1,9,26,1,0,15,0,0.6666667,0.0,0.0,8,1,5,3,0,0,5,0,0,0,6,0,0,6,0,0,0,0,3,85,6,9,3,0,2,4,9,26,4,21,3,0,0,0,114,1,0
c:\Users\arthur.menezes_evolu\Desktop\Pes\algs4\src\main\java\edu\princeton\cs\algs4\Arbitrage.java,edu.princeton.cs.algs4.Arbitrage,class,5,5,0,5,6,1,0,13,1,0.0,NaN,NaN,2,1,1,1,0,0,1,0,0,0,0,0,0,0,0,0,0,0,8,29,0,3,0,0,0,3,4,11,0,9,2,0,0,0,111,1,0
c:\Users\arthur.menezes_evolu\Desktop\Pes\algs4\src\main\java\edu\princeton\cs\algs4\LSD.java,edu.princeton.cs.algs4.LSD,class,4,5,1,4,18,1,0,5,6,0.75,0.0,0.0,4,3,3,1,0,0,3,0,0,0,1,1,0,1,0,0,1,0,3,54,0,13,2,0,2,1,30,42,20,33,3,0,0,0,90,1,0
c:\Users\arthur.menezes_evolu\Desktop\Pes\algs4\src\main\java\edu\princeton\cs\algs4\FloydWarshall.java,edu.princeton.cs.algs4.FloydWarshall,class,9,10,1,9,48,1,0,26,0,0.44444445,0.0,0.0,9,1,7,2,0,0,7,0,0,0,3,0,0,3,0,0,0,0,21,145,10,21,4,0,1,15,27,42,8,34,5,0,0,0,158,1,0
c:\Users\arthur.menezes_evolu\Desktop\Pes\algs4\src\main\java\edu\princeton\cs\algs4\StdDraw.java,edu.princeton.cs.algs4.StdDraw,class,3,10,7,3,160,2,0,112,2449,0.9668107,0.0,0.0,83,71,68,15,0,0,69,0,0,0,48,48,18,30,0,0,31,0,293,748,23,7,19,3,13,154,186,187,151,166,2,0,1,0,725,17,0
c:\Users\arthur.menezes_evolu\Desktop\Pes\algs4\src\main\java\edu\princeton\cs\algs4\GraphGenerator.java,edu.princeton.cs.algs4.GraphGenerator$Edge,innerclass,1,1,0,1,7,1,0,0,0,0.0,NaN,NaN,2,0,1,1,0,0,1,0,0,0,2,0,0,2,0,0,0,0,0,21,5,0,0,0,0,0,5,4,0,2,1,0,0,0,6,26,0
c:\Users\arthur.menezes_evolu\Desktop\Pes\algs4\src\main\java\edu\princeton\cs\algs4\LookupIndex.java,edu.princeton.cs.algs4.LookupIndex,class,5,5,0,5,11,1,0,10,1,0.0,NaN,NaN,2,1,1,1,0,0,1,0,0,0,0,0,0,0,0,0,0,0,5,29,0,5,0,0,0,3,4,11,2,11,3,0,0,0,67,1,0
c:\Users\arthur.menezes_evolu\Desktop\Pes\algs4\src\main\java\edu\princeton\cs\algs4\Alphabet.java,edu.princeton.cs.algs4.Alphabet,class,5,8,3,5,26,1,0,10,26,0.9111112,0.0,0.0,12,1,11,1,0,0,11,0,0,0,15,12,12,3,0,0,13,0,3,88,8,8,2,0,0,18,19,45,4,35,2,0,0,0,110,1,0
c:\Users\arthur.menezes_evolu\Desktop\Pes\algs4\src\main\java\edu\princeton\cs\algs4\DepthFirstSearch.java,edu.princeton.cs.algs4.DepthFirstSearch,class,5,6,1,5,13,1,0,10,0,0.33333334,0.0,0.0,6,1,4,2,0,0,4,0,0,0,2,0,0,2,0,0,0,0,5,41,2,2,1,0,1,5,5,8,3,8,2,0,0,0,102,1,0
c:\Users\arthur.menezes_evolu\Desktop\Pes\algs4\src\main\java\edu\princeton\cs\algs4\SparseVector.java,edu.princeton.cs.algs4.SparseVector,class,4,5,1,4,32,1,0,14,0,0.39285713,0.0,0.0,14,1,14,0,0,0,14,0,0,0,2,0,0,2,0,0,0,0,6,82,12,7,3,0,0,11,20,12,10,9,3,0,0,0,127,1,0
c:\Users\arthur.menezes_evolu\Desktop\Pes\algs4\src\main\java\edu\princeton\cs\algs4\GrahamScan.java,edu.princeton.cs.algs4.GrahamScan,class,5,7,2,5,22,1,0,13,0,0.0,0.0,0.0,4,1,3,1,0,0,3,0,0,0,1,0,0,1,0,0,0,0,9,62,5,10,5,0,2,4,19,23,7,19,2,0,0,0,90,1,0
c:\Users\arthur.menezes_evolu\Desktop\Pes\algs4\src\main\java\edu\princeton\cs\algs4\IndexBinomialMinPQ.java,edu.princeton.cs.algs4.IndexBinomialMinPQ$Node,innerclass,2,2,0,2,0,1,0,0,0,NaN,-1.0,-1.0,0,0,0,0,0,0,0,0,0,0,5,0,0,0,0,5,0,0,0,7,0,0,0,0,0,0,0,0,0,6,0,0,0,0,6,2,0
c:\Users\arthur.menezes_evolu\Desktop\Pes\algs4\src\main\java\edu\princeton\cs\algs4\TopM.java,edu.princeton.cs.algs4.TopM,class,5,5,0,5,6,1,0,8,1,0.0,NaN,NaN,2,1,1,1,0,0,1,0,0,0,0,0,0,0,0,0,0,0,4,17,0,3,0,0,0,0,2,5,1,5,2,0,0,0,62,1,0
c:\Users\arthur.menezes_evolu\Desktop\Pes\algs4\src\main\java\edu\princeton\cs\algs4\LinearProbingHashST.java,edu.princeton.cs.algs4.LinearProbingHashST,class,6,7,1,6,41,1,0,18,0,0.5857143,0.0,0.0,14,1,10,4,0,0,10,0,0,0,5,1,0,5,0,0,1,0,3,118,14,9,14,0,11,10,24,35,24,19,3,0,0,0,165,1,0
c:\Users\arthur.menezes_evolu\Desktop\Pes\algs4\src\main\java\edu\princeton\cs\algs4\HexDump.java,edu.princeton.cs.algs4.HexDump,class,2,2,0,2,8,1,0,7,1,0.0,NaN,NaN,2,1,1,1,0,0,1,0,0,0,0,0,0,0,0,0,0,0,10,24,0,1,5,0,1,5,10,4,3,3,3,0,0,0,73,1,0
c:\Users\arthur.menezes_evolu\Desktop\Pes\algs4\src\main\java\edu\princeton\cs\algs4\RandomSeq.java,edu.princeton.cs.algs4.RandomSeq,class,2,2,0,2,6,1,0,5,1,0.0,NaN,NaN,2,1,1,1,0,0,1,0,0,0,0,0,0,0,0,0,0,0,7,24,0,2,2,0,0,2,9,7,0,7,2,0,0,0,48,1,0
c:\Users\arthur.menezes_evolu\Desktop\Pes\algs4\src\main\java\edu\princeton\cs\algs4\DepthFirstDirectedPaths.java,edu.princeton.cs.algs4.DepthFirstDirectedPaths,class,7,8,1,7,16,1,0,12,0,0.44444445,0.0,0.0,6,1,4,2,0,0,4,0,0,0,3,0,0,3,0,0,1,0,6,56,3,4,2,0,1,5,5,14,3,11,4,0,0,0,105,1,0
c:\Users\arthur.menezes_evolu\Desktop\Pes\algs4\src\main\java\edu\princeton\cs\algs4\TrieSET.java,edu.princeton.cs.algs4.TrieSET,class,5,6,1,5,53,1,0,24,94,0.7647059,0.0,0.0,17,1,11,6,0,0,11,0,0,0,3,1,0,3,0,0,1,0,19,147,23,8,21,0,0,16,21,26,7,20,2,0,1,0,139,1,0
c:\Users\arthur.menezes_evolu\Desktop\Pes\algs4\src\main\java\edu\princeton\cs\algs4\FibonacciMinPQ.java,edu.princeton.cs.algs4.FibonacciMinPQ,class,2,5,3,2,42,1,0,14,64,0.7411765,0.0,0.0,17,0,11,6,0,0,11,0,0,0,5,0,0,5,0,0,1,0,0,182,16,5,13,0,2,2,3,52,1,13,3,0,3,0,106,1,0
c:\Users\arthur.menezes_evolu\Desktop\Pes\algs4\src\main\java\edu\princeton\cs\algs4\StdAudio.java,edu.princeton.cs.algs4.StdAudio$Anonymous1,anonymous,0,0,0,0,3,1,0,2,0,0.0,NaN,NaN,1,0,1,0,0,0,1,0,0,0,0,0,0,0,0,0,0,0,1,12,0,1,0,1,0,0,1,0,0,0,2,0,0,0,5,-1,0
c:\Users\arthur.menezes_evolu\Desktop\Pes\algs4\src\main\java\edu\princeton\cs\algs4\IndexMultiwayMinPQ.java,edu.princeton.cs.algs4.IndexMultiwayMinPQ$MyIterator,innerclass,2,2,0,2,6,1,0,4,0,0.25,0.0,0.0,4,0,4,0,0,0,4,0,0,0,1,0,0,0,0,1,0,0,0,19,2,1,0,0,0,0,1,2,3,2,1,0,0,0,16,2,0
c:\Users\arthur.menezes_evolu\Desktop\Pes\algs4\src\main\java\edu\princeton\cs\algs4\PatriciaSET.java,edu.princeton.cs.algs4.PatriciaSET,class,5,6,1,5,80,1,0,23,57,0.64285713,0.0,0.0,14,5,7,5,0,2,9,0,0,0,2,0,0,2,0,0,0,0,39,220,13,16,21,0,6,23,46,83,15,36,4,0,1,0,309,1,0
c:\Users\arthur.menezes_evolu\Desktop\Pes\algs4\src\main\java\edu\princeton\cs\algs4\BinaryStdOut.java,edu.princeton.cs.algs4.BinaryStdOut,class,1,7,6,1,51,1,0,18,162,0.7875,0.0,0.0,20,19,15,5,0,0,15,0,0,0,4,4,0,4,0,0,0,0,37,143,4,6,8,4,34,7,71,20,28,14,2,0,0,0,114,17,0
c:\Users\arthur.menezes_evolu\Desktop\Pes\algs4\src\main\java\edu\princeton\cs\algs4\SET.java,edu.princeton.cs.algs4.SET,class,3,10,7,3,43,1,0,26,0,0.21052632,0.0,0.0,19,1,19,0,0,0,19,0,0,0,1,0,0,1,0,0,0,0,17,135,15,5,14,0,0,50,3,10,12,9,3,0,0,0,183,1,0
c:\Users\arthur.menezes_evolu\Desktop\Pes\algs4\src\main\java\edu\princeton\cs\algs4\PatriciaST.java,edu.princeton.cs.algs4.PatriciaST,class,6,8,2,6,81,1,0,22,57,0.64285713,0.0,0.0,14,5,7,5,0,2,9,0,0,0,2,0,0,2,0,0,0,0,39,227,14,15,24,0,6,22,44,86,13,37,4,0,1,0,328,1,0
c:\Users\arthur.menezes_evolu\Desktop\Pes\algs4\src\main\java\edu\princeton\cs\algs4\FrequencyCounter.java,edu.princeton.cs.algs4.FrequencyCounter,class,3,3,0,3,7,1,0,9,1,0.0,NaN,NaN,2,1,1,1,0,0,1,0,0,0,0,0,0,0,0,0,0,0,6,29,0,2,0,0,0,4,6,7,4,6,2,0,0,0,66,1,0
c:\Users\arthur.menezes_evolu\Desktop\Pes\algs4\src\main\java\edu\princeton\cs\algs4\Interval1D.java,edu.princeton.cs.algs4.Interval1D$LengthComparator,innerclass,1,1,0,1,3,1,0,1,0,0.0,NaN,NaN,1,0,1,0,0,0,1,0,0,0,0,0,0,0,0,0,0,0,0,9,3,0,0,0,0,0,3,2,0,2,2,0,0,0,8,10,0
c:\Users\arthur.menezes_evolu\Desktop\Pes\algs4\src\main\java\edu\princeton\cs\algs4\KWIK.java,edu.princeton.cs.algs4.KWIK,class,4,4,0,4,5,1,0,14,1,0.0,NaN,NaN,2,1,1,1,0,0,1,0,0,0,0,0,0,0,0,0,0,0,8,23,0,2,0,0,0,2,3,11,3,11,3,0,0,0,72,1,0
c:\Users\arthur.menezes_evolu\Desktop\Pes\algs4\src\main\java\edu\princeton\cs\algs4\DirectedEulerianPath.java,edu.princeton.cs.algs4.DirectedEulerianPath,class,9,10,1,9,34,1,0,30,8,0.375,0.0,0.0,8,4,4,4,0,0,4,0,0,0,1,0,0,1,0,0,0,0,29,100,14,10,9,0,3,13,20,36,5,28,2,0,0,0,135,1,0
c:\Users\arthur.menezes_evolu\Desktop\Pes\algs4\src\main\java\edu\princeton\cs\algs4\FlowEdge.java,edu.princeton.cs.algs4.FlowEdge,class,2,6,4,2,31,1,0,2,0,0.48333335,0.0,0.0,12,1,12,0,0,0,12,0,0,0,5,1,0,5,0,0,4,0,3,72,9,0,6,0,7,17,15,18,3,6,2,0,0,0,135,1,0
c:\Users\arthur.menezes_evolu\Desktop\Pes\algs4\src\main\java\edu\princeton\cs\algs4\IndexFibonacciMinPQ.java,edu.princeton.cs.algs4.IndexFibonacciMinPQ$MyComparator,innerclass,1,1,0,1,1,1,0,1,0,0.0,NaN,NaN,1,0,1,0,0,0,1,0,0,0,0,0,0,0,0,0,0,0,0,5,1,0,0,0,1,0,0,0,0,0,0,0,0,0,6,2,0
c:\Users\arthur.menezes_evolu\Desktop\Pes\algs4\src\main\java\edu\princeton\cs\algs4\Digraph.java,edu.princeton.cs.algs4.Digraph,class,6,25,19,6,34,1,0,15,0,0.58461535,0.0,0.0,13,1,12,1,0,0,12,0,0,0,5,1,0,5,0,0,2,0,4,114,7,12,2,1,1,14,16,32,3,21,2,0,0,0,153,1,0
c:\Users\arthur.menezes_evolu\Desktop\Pes\algs4\src\main\java\edu\princeton\cs\algs4\DegreesOfSeparation.java,edu.princeton.cs.algs4.DegreesOfSeparation,class,5,5,0,5,7,1,0,9,1,0.0,NaN,NaN,2,1,1,1,0,0,1,0,0,0,0,0,0,0,0,0,0,0,6,34,1,2,0,0,0,4,3,9,2,9,4,0,0,0,118,1,0
c:\Users\arthur.menezes_evolu\Desktop\Pes\algs4\src\main\java\edu\princeton\cs\algs4\Transaction.java,edu.princeton.cs.algs4.Transaction$WhoOrder,innerclass,1,1,0,1,1,1,0,1,0,0.0,NaN,NaN,1,0,1,0,0,0,1,0,0,0,0,0,0,0,0,0,0,0,0,5,1,0,0,0,0,0,0,0,0,0,0,0,0,0,10,9,0
c:\Users\arthur.menezes_evolu\Desktop\Pes\algs4\src\main\java\edu\princeton\cs\algs4\Transaction.java,edu.princeton.cs.algs4.Transaction$WhenOrder,innerclass,2,2,0,2,1,1,0,1,0,0.0,NaN,NaN,1,0,1,0,0,0,1,0,0,0,0,0,0,0,0,0,0,0,0,5,1,0,0,0,0,0,0,0,0,0,0,0,0,0,9,9,0
c:\Users\arthur.menezes_evolu\Desktop\Pes\algs4\src\main\java\edu\princeton\cs\algs4\BinaryIn.java,edu.princeton.cs.algs4.BinaryIn,class,2,4,2,2,50,1,0,20,122,0.7875,0.0,0.0,20,1,19,1,0,0,19,0,0,0,4,1,0,4,0,0,1,0,2,174,17,7,8,4,7,10,39,58,8,37,2,0,0,0,153,17,0
c:\Users\arthur.menezes_evolu\Desktop\Pes\algs4\src\main\java\edu\princeton\cs\algs4\MinPQ.java,edu.princeton.cs.algs4.MinPQ,class,4,11,7,4,49,1,0,19,0,0.5614035,0.0,0.0,19,1,12,7,0,0,12,0,0,0,3,0,0,3,0,0,0,0,4,137,15,8,7,0,4,6,40,29,23,16,3,0,1,0,147,1,0
c:\Users\arthur.menezes_evolu\Desktop\Pes\algs4\src\main\java\edu\princeton\cs\algs4\Interval1D.java,edu.princeton.cs.algs4.Interval1D,class,5,10,5,5,32,1,0,7,0,0.65000004,0.0,0.0,12,1,12,0,0,0,12,0,0,0,5,3,3,2,0,0,5,0,19,105,15,4,7,0,4,10,22,19,4,13,1,0,3,0,121,1,0
c:\Users\arthur.menezes_evolu\Desktop\Pes\algs4\src\main\java\edu\princeton\cs\algs4\BTree.java,edu.princeton.cs.algs4.BTree$Node,innerclass,1,1,0,1,1,1,0,0,0,0.5,-1.0,-1.0,1,0,0,1,0,0,0,0,0,0,2,0,0,2,0,0,0,0,0,7,0,0,0,0,0,0,0,2,0,2,0,0,0,0,4,26,0
c:\Users\arthur.menezes_evolu\Desktop\Pes\algs4\src\main\java\edu\princeton\cs\algs4\MultiwayMinPQ.java,edu.princeton.cs.algs4.MultiwayMinPQ$MyIterator,innerclass,2,2,0,2,6,1,0,3,0,0.25,0.0,0.0,4,0,4,0,0,0,4,0,0,0,1,0,0,0,0,1,0,0,0,21,2,1,0,0,0,0,1,5,0,2,1,0,0,0,16,2,0
c:\Users\arthur.menezes_evolu\Desktop\Pes\algs4\src\main\java\edu\princeton\cs\algs4\InplaceMSD.java,edu.princeton.cs.algs4.InplaceMSD,class,4,5,1,4,26,1,0,11,28,0.875,0.0,0.0,8,7,2,6,0,0,2,0,0,0,2,2,0,2,0,0,2,0,13,64,6,10,2,0,0,0,26,24,16,18,3,0,0,0,83,1,0
c:\Users\arthur.menezes_evolu\Desktop\Pes\algs4\src\main\java\edu\princeton\cs\algs4\HopcroftKarp.java,edu.princeton.cs.algs4.HopcroftKarp,class,9,10,1,9,81,1,0,34,10,0.7307693,0.0,0.0,13,2,7,6,0,0,7,0,0,0,8,1,0,8,0,0,2,0,15,172,20,22,14,0,4,12,34,59,9,44,7,0,0,0,193,1,0
c:\Users\arthur.menezes_evolu\Desktop\Pes\algs4\src\main\java\edu\princeton\cs\algs4\BinomialMinPQ.java,edu.princeton.cs.algs4.BinomialMinPQ$Node,innerclass,2,2,0,2,0,1,0,0,0,NaN,-1.0,-1.0,0,0,0,0,0,0,0,0,0,0,3,0,0,0,0,3,0,0,0,5,0,0,0,0,0,0,0,0,0,4,0,0,0,0,5,2,0
c:\Users\arthur.menezes_evolu\Desktop\Pes\algs4\src\main\java\edu\princeton\cs\algs4\QuickFindUF.java,edu.princeton.cs.algs4.QuickFindUF,class,4,5,1,4,16,1,0,7,0,0.35714287,0.0,0.0,7,1,6,1,0,0,6,0,0,0,2,0,0,2,0,0,0,0,6,48,4,3,4,0,1,4,4,13,4,11,2,0,0,0,148,1,0
c:\Users\arthur.menezes_evolu\Desktop\Pes\algs4\src\main\java\edu\princeton\cs\algs4\BoruvkaMST.java,edu.princeton.cs.algs4.BoruvkaMST,class,7,8,1,7,31,1,0,19,0,0.5,0.0,0.0,6,2,4,2,0,0,4,0,0,0,3,1,0,3,0,0,1,0,5,91,8,10,9,0,0,6,7,32,4,27,4,0,0,0,147,1,0
c:\Users\arthur.menezes_evolu\Desktop\Pes\algs4\src\main\java\edu\princeton\cs\algs4\BreadthFirstDirectedPaths.java,edu.princeton.cs.algs4.BreadthFirstDirectedPaths,class,8,9,1,8,31,1,0,18,0,0.5,0.0,0.0,10,1,6,4,0,0,6,0,0,0,4,1,0,4,0,0,1,0,6,114,4,11,5,0,1,8,14,35,5,19,4,0,0,0,123,1,0
c:\Users\arthur.menezes_evolu\Desktop\Pes\algs4\src\main\java\edu\princeton\cs\algs4\Edge.java,edu.princeton.cs.algs4.Edge,class,2,11,9,2,12,1,0,4,0,0.47619048,0.0,0.0,7,1,7,0,0,0,7,0,0,0,3,0,0,3,0,0,3,0,4,34,6,0,2,0,0,5,5,4,0,4,2,0,0,0,109,1,0
c:\Users\arthur.menezes_evolu\Desktop\Pes\algs4\src\main\java\edu\princeton\cs\algs4\Merge.java,edu.princeton.cs.algs4.Merge,class,4,5,1,4,29,1,0,12,66,0.0,0.0,0.0,12,11,3,9,0,0,3,0,0,0,0,0,0,0,0,0,0,0,20,78,7,7,0,0,2,0,18,29,16,18,4,0,0,0,108,1,0
c:\Users\arthur.menezes_evolu\Desktop\Pes\algs4\src\main\java\edu\princeton\cs\algs4\EdgeWeightedDirectedCycle.java,edu.princeton.cs.algs4.EdgeWeightedDirectedCycle,class,8,12,4,8,28,1,0,18,0,0.5416667,0.0,0.0,6,1,4,2,0,0,4,0,0,0,4,0,0,4,0,0,0,0,15,103,8,9,9,0,0,6,11,32,1,24,4,0,0,0,109,1,0
c:\Users\arthur.menezes_evolu\Desktop\Pes\algs4\src\main\java\edu\princeton\cs\algs4\EulerianPath.java,edu.princeton.cs.algs4.EulerianPath,class,9,10,1,9,38,1,0,28,8,0.375,0.0,0.0,8,4,4,4,0,0,4,0,0,0,1,0,0,1,0,0,0,0,28,132,14,10,13,0,1,11,27,37,6,30,4,0,1,0,139,1,0
c:\Users\arthur.menezes_evolu\Desktop\Pes\algs4\src\main\java\edu\princeton\cs\algs4\LinkedStack.java,edu.princeton.cs.algs4.LinkedStack$Node,innerclass,2,2,0,2,0,1,0,0,0,NaN,-1.0,-1.0,0,0,0,0,0,0,0,0,0,0,2,0,0,2,0,0,0,0,0,4,0,0,0,0,0,0,0,0,0,2,0,0,0,0,4,2,0
c:\Users\arthur.menezes_evolu\Desktop\Pes\algs4\src\main\java\edu\princeton\cs\algs4\BellmanFordSP.java,edu.princeton.cs.algs4.BellmanFordSP,class,10,12,2,10,50,1,0,26,0,0.7272728,0.0,0.0,11,1,7,4,0,0,7,0,0,0,7,1,0,7,0,0,1,0,8,148,14,13,12,0,1,15,16,37,11,29,4,0,0,0,174,1,0
c:\Users\arthur.menezes_evolu\Desktop\Pes\algs4\src\main\java\edu\princeton\cs\algs4\Interval2D.java,edu.princeton.cs.algs4.Interval2D,class,7,8,1,7,16,1,0,21,0,0.0,0.0,0.0,9,1,9,0,0,0,9,0,0,0,2,0,0,2,0,0,2,0,10,60,11,1,3,0,2,3,15,20,10,20,2,0,0,0,106,1,0
c:\Users\arthur.menezes_evolu\Desktop\Pes\algs4\src\main\java\edu\princeton\cs\algs4\Date.java,edu.princeton.cs.algs4.Date,class,3,6,3,3,46,1,0,10,21,0.5833333,0.0,0.0,15,3,13,2,0,0,13,0,0,0,4,1,0,4,0,0,4,0,15,92,28,2,12,0,3,6,59,15,13,10,2,0,0,0,101,1,0
c:\Users\arthur.menezes_evolu\Desktop\Pes\algs4\src\main\java\edu\princeton\cs\algs4\Average.java,edu.princeton.cs.algs4.Average,class,2,2,0,2,3,1,0,3,1,0.0,NaN,NaN,2,1,1,1,0,0,1,0,0,0,0,0,0,0,0,0,0,0,3,15,0,1,0,0,0,1,2,5,2,4,1,0,0,0,45,1,0
c:\Users\arthur.menezes_evolu\Desktop\Pes\algs4\src\main\java\edu\princeton\cs\algs4\LongestCommonSubstring.java,edu.princeton.cs.algs4.LongestCommonSubstring,class,4,5,1,4,15,1,0,12,10,0.0,0.0,0.0,5,4,2,3,0,0,2,0,0,0,0,0,0,0,0,0,0,0,6,42,7,3,2,0,0,7,10,17,18,16,2,0,0,0,86,1,0
c:\Users\arthur.menezes_evolu\Desktop\Pes\algs4\src\main\java\edu\princeton\cs\algs4\PatriciaSET.java,edu.princeton.cs.algs4.PatriciaSET$Node,innerclass,1,1,0,1,1,1,0,0,0,0.5,NaN,NaN,1,0,1,0,0,0,1,0,0,0,3,0,0,3,0,0,0,0,0,9,0,0,0,0,0,0,0,2,0,4,0,0,0,0,4,2,0
c:\Users\arthur.menezes_evolu\Desktop\Pes\algs4\src\main\java\edu\princeton\cs\algs4\QuickX.java,edu.princeton.cs.algs4.QuickX,class,4,5,1,4,28,1,0,12,45,0.9,0.0,0.0,10,9,2,8,0,0,2,0,0,0,1,1,0,1,0,0,1,0,26,70,9,7,2,0,3,0,15,14,13,12,2,0,0,0,93,1,0
c:\Users\arthur.menezes_evolu\Desktop\Pes\algs4\src\main\java\edu\princeton\cs\algs4\Selection.java,edu.princeton.cs.algs4.Selection,class,3,4,1,3,25,1,0,13,66,0.0,0.0,0.0,12,11,3,9,0,0,3,0,0,0,0,0,0,0,0,0,0,0,16,63,8,7,0,0,0,0,17,17,8,13,3,0,0,0,95,1,0
c:\Users\arthur.menezes_evolu\Desktop\Pes\algs4\src\main\java\edu\princeton\cs\algs4\SequentialSearchST.java,edu.princeton.cs.algs4.SequentialSearchST,class,6,9,3,6,26,1,0,12,27,0.65,0.0,0.0,10,1,9,1,0,0,9,0,0,0,2,0,0,2,0,0,0,0,3,74,11,5,11,0,0,5,2,14,1,9,2,0,1,0,144,1,0
c:\Users\arthur.menezes_evolu\Desktop\Pes\algs4\src\main\java\edu\princeton\cs\algs4\IndexBinomialMinPQ.java,edu.princeton.cs.algs4.IndexBinomialMinPQ$MyIterator,innerclass,2,2,0,2,7,1,0,4,0,0.2,0.0,0.0,5,0,4,1,0,0,4,0,0,0,1,0,0,0,0,1,0,0,0,28,4,0,1,0,0,0,0,9,0,2,1,0,0,0,19,2,0
c:\Users\arthur.menezes_evolu\Desktop\Pes\algs4\src\main\java\edu\princeton\cs\algs4\BST.java,edu.princeton.cs.algs4.BST,class,6,8,2,6,129,1,0,46,597,0.5813953,0.0,0.0,43,1,22,21,0,0,22,0,0,0,1,0,0,1,0,0,0,0,9,272,78,6,46,0,0,26,40,42,14,25,4,0,1,0,223,1,0
c:\Users\arthur.menezes_evolu\Desktop\Pes\algs4\src\main\java\edu\princeton\cs\algs4\BinomialMinPQ.java,edu.princeton.cs.algs4.BinomialMinPQ$MyIterator,innerclass,2,2,0,2,7,1,0,4,4,0.4,0.0,0.0,5,0,4,1,0,0,4,0,0,0,1,0,0,0,0,1,0,0,0,25,4,0,1,0,0,0,0,6,0,2,1,0,0,0,21,2,0
c:\Users\arthur.menezes_evolu\Desktop\Pes\algs4\src\main\java\edu\princeton\cs\algs4\Bag.java,edu.princeton.cs.algs4.Bag$LinkedIterator,innerclass,3,3,0,3,5,1,0,1,0,0.0,0.0,0.0,3,0,3,0,0,0,3,0,0,0,1,0,0,1,0,0,0,0,0,15,2,0,1,0,0,0,0,3,0,2,1,0,0,0,14,2,0
c:\Users\arthur.menezes_evolu\Desktop\Pes\algs4\src\main\java\edu\princeton\cs\algs4\GlobalMincut.java,edu.princeton.cs.algs4.GlobalMincut$CutPhase,innerclass,0,0,0,0,1,1,0,0,0,0.0,NaN,NaN,1,0,1,0,0,0,1,0,0,0,3,0,0,3,0,0,0,0,0,10,0,0,0,0,0,0,0,3,0,3,0,0,0,0,26,2,0
c:\Users\arthur.menezes_evolu\Desktop\Pes\algs4\src\main\java\edu\princeton\cs\algs4\Huffman.java,edu.princeton.cs.algs4.Huffman,class,7,8,1,7,24,1,0,22,26,0.75,0.0,0.0,8,7,3,5,0,0,3,0,0,0,1,1,0,1,0,0,1,0,26,105,4,7,2,0,0,5,14,24,3,21,3,0,1,0,92,1,0
c:\Users\arthur.menezes_evolu\Desktop\Pes\algs4\src\main\java\edu\princeton\cs\algs4\IndexMinPQ.java,edu.princeton.cs.algs4.IndexMinPQ,class,4,10,6,4,53,1,0,13,14,0.63809526,0.0,0.0,21,1,16,5,0,0,16,0,0,0,5,0,0,5,0,0,0,0,3,165,9,8,8,0,0,27,37,33,15,15,2,0,1,0,167,1,0
c:\Users\arthur.menezes_evolu\Desktop\Pes\algs4\src\main\java\edu\princeton\cs\algs4\ResizingArrayStack.java,edu.princeton.cs.algs4.ResizingArrayStack,class,4,6,2,4,20,1,0,11,0,0.5185185,0.0,0.0,9,1,8,1,0,0,8,0,0,0,3,1,0,3,0,0,1,0,4,64,5,2,3,0,0,6,11,12,8,8,3,0,1,0,127,1,0
c:\Users\arthur.menezes_evolu\Desktop\Pes\algs4\src\main\java\edu\princeton\cs\algs4\Picture.java,edu.princeton.cs.algs4.Picture,class,1,4,3,1,82,1,0,58,116,0.75892854,0.0,0.0,28,1,24,4,0,0,24,0,0,0,7,0,0,7,0,0,1,0,8,253,22,8,28,3,3,33,32,66,15,40,3,1,0,0,405,17,0
c:\Users\arthur.menezes_evolu\Desktop\Pes\algs4\src\main\java\edu\princeton\cs\algs4\Quick.java,edu.princeton.cs.algs4.Quick,class,4,5,1,4,29,1,0,14,55,0.0,0.0,0.0,11,10,3,8,0,0,3,0,0,0,0,0,0,0,0,0,0,0,24,80,9,7,3,0,0,2,17,17,11,13,3,0,0,0,96,1,0
c:\Users\arthur.menezes_evolu\Desktop\Pes\algs4\src\main\java\edu\princeton\cs\algs4\DigraphGenerator.java,edu.princeton.cs.algs4.DigraphGenerator$Edge,innerclass,1,1,0,1,6,1,0,0,0,0.0,NaN,NaN,2,0,1,1,0,0,1,0,0,0,2,0,0,2,0,0,2,0,0,15,5,0,0,0,0,0,5,2,0,2,1,0,0,0,6,26,0
c:\Users\arthur.menezes_evolu\Desktop\Pes\algs4\src\main\java\edu\princeton\cs\algs4\Queue.java,edu.princeton.cs.algs4.Queue$LinkedIterator,innerclass,3,3,0,3,5,1,0,1,0,0.0,0.0,0.0,3,0,3,0,0,0,3,0,0,0,1,0,0,1,0,0,0,0,0,15,2,0,1,0,0,0,0,3,0,2,1,0,0,0,14,2,0
c:\Users\arthur.menezes_evolu\Desktop\Pes\algs4\src\main\java\edu\princeton\cs\algs4\DepthFirstPaths.java,edu.princeton.cs.algs4.DepthFirstPaths,class,7,8,1,7,16,1,0,12,0,0.44444445,0.0,0.0,6,1,4,2,0,0,4,0,0,0,3,0,0,3,0,0,1,0,6,56,3,4,2,0,1,5,5,14,3,11,4,0,0,0,101,1,0
c:\Users\arthur.menezes_evolu\Desktop\Pes\algs4\src\main\java\edu\princeton\cs\algs4\LinkedBag.java,edu.princeton.cs.algs4.LinkedBag$LinkedIterator,innerclass,2,2,0,2,5,1,0,1,0,0.0,0.0,0.0,3,0,3,0,0,0,3,0,0,0,1,0,0,1,0,0,0,0,0,15,2,0,1,0,0,0,0,3,0,2,1,0,0,0,15,2,0
