file,class,type,cbo,cboModified,fanin,fanout,wmc,dit,noc,rfc,lcom,lcom*,tcc,lcc,totalMethodsQty,staticMethodsQty,publicMethodsQty,privateMethodsQty,protectedMethodsQty,defaultMethodsQty,visibleMethodsQty,abstractMethodsQty,finalMethodsQty,synchronizedMethodsQty,totalFieldsQty,staticFieldsQty,publicFieldsQty,privateFieldsQty,protectedFieldsQty,defaultFieldsQty,finalFieldsQty,synchronizedFieldsQty,nosi,loc,returnQty,loopQty,comparisonsQty,tryCatchQty,parenthesizedExpsQty,stringLiteralsQty,numbersQty,assignmentsQty,mathOperationsQty,variablesQty,maxNestedBlocksQty,anonymousClassesQty,innerClassesQty,lambdasQty,uniqueWordsQty,modifiers,logStatementsQty
c:\Users\arthur.menezes_evolu\Desktop\Pes\android-signaturepad\signature-pad\src\main\java\com\github\gcacace\signaturepad\view\ViewCompat.java,com.github.gcacace.signaturepad.view.ViewCompat,class,1,2,1,1,4,1,0,3,0,0.0,NaN,NaN,1,1,1,0,0,0,1,0,0,0,0,0,0,0,0,0,0,0,0,8,2,0,0,0,0,0,3,0,0,0,1,0,0,0,32,1,0
c:\Users\arthur.menezes_evolu\Desktop\Pes\android-signaturepad\signature-pad\src\main\java\com\github\gcacace\signaturepad\utils\SignaturePadBindingAdapter.java,com.github.gcacace.signaturepad.utils.SignaturePadBindingAdapter$OnSignedListener,interface,0,0,0,0,1,1,0,0,0,0.0,NaN,NaN,1,0,0,0,0,1,1,0,0,0,0,0,0,0,0,0,0,0,0,3,0,0,0,0,0,0,0,0,0,0,0,0,0,0,4,1,0
c:\Users\arthur.menezes_evolu\Desktop\Pes\android-signaturepad\signature-pad\src\main\java\com\github\gcacace\signaturepad\utils\SignaturePadBindingAdapter.java,com.github.gcacace.signaturepad.utils.SignaturePadBindingAdapter$OnClearListener,interface,0,0,0,0,1,1,0,0,0,0.0,NaN,NaN,1,0,0,0,0,1,1,0,0,0,0,0,0,0,0,0,0,0,0,3,0,0,0,0,0,0,0,0,0,0,0,0,0,0,4,1,0
c:\Users\arthur.menezes_evolu\Desktop\Pes\android-signaturepad\signature-pad\src\main\java\com\github\gcacace\signaturepad\utils\SignaturePadBindingAdapter.java,com.github.gcacace.signaturepad.utils.SignaturePadBindingAdapter$Anonymous1,anonymous,3,3,0,3,6,1,0,3,3,0.0,0.0,0.0,3,0,3,0,0,0,3,0,0,0,0,0,0,0,0,0,0,0,0,17,0,0,3,0,0,0,0,0,0,0,1,0,0,0,7,-1,0
c:\Users\arthur.menezes_evolu\Desktop\Pes\android-signaturepad\signature-pad\src\main\java\com\github\gcacace\signaturepad\utils\SvgBuilder.java,com.github.gcacace.signaturepad.utils.SvgBuilder,class,4,6,2,4,12,1,0,15,0,0.42857146,0.0,0.0,7,0,4,3,0,0,4,0,0,0,2,0,0,2,0,0,1,0,1,41,3,0,1,0,1,19,3,9,0,7,1,0,0,0,40,1,0
c:\Users\arthur.menezes_evolu\Desktop\Pes\android-signaturepad\signature-pad\src\main\java\com\github\gcacace\signaturepad\utils\SvgPoint.java,com.github.gcacace.signaturepad.utils.SvgPoint,class,2,5,3,2,11,1,0,9,0,0.14285715,0.0,0.0,7,0,7,0,0,0,7,0,0,0,1,0,0,0,0,1,1,0,2,36,8,0,3,0,1,1,1,8,4,5,1,0,0,0,39,0,0
c:\Users\arthur.menezes_evolu\Desktop\Pes\android-signaturepad\signature-pad\src\main\java\com\github\gcacace\signaturepad\utils\SvgPathBuilder.java,com.github.gcacace.signaturepad.utils.SvgPathBuilder,class,2,4,2,2,7,1,0,7,0,0.6111111,0.0,0.0,6,0,5,1,0,0,5,0,2,0,6,2,2,4,0,0,5,0,0,48,6,0,0,0,1,10,0,12,0,11,1,0,0,0,52,1,0
c:\Users\arthur.menezes_evolu\Desktop\Pes\android-signaturepad\signature-pad\src\main\java\com\github\gcacace\signaturepad\views\SignaturePad.java,com.github.gcacace.signaturepad.views.SignaturePad,class,21,28,7,21,78,2,0,83,362,0.91964287,0.0,0.0,32,0,17,12,3,0,20,0,0,0,28,1,0,28,0,0,7,0,13,413,19,9,12,3,18,7,51,149,73,107,3,2,1,0,213,1,0
c:\Users\arthur.menezes_evolu\Desktop\Pes\android-signaturepad\signature-pad\src\main\java\com\github\gcacace\signaturepad\utils\Bezier.java,com.github.gcacace.signaturepad.utils.Bezier,class,2,5,3,2,5,1,0,2,1,0.33333334,0.0,0.0,3,0,3,0,0,0,3,0,0,0,4,0,4,0,0,0,0,0,1,34,3,1,0,0,6,0,14,17,19,14,2,0,0,0,22,1,0
c:\Users\arthur.menezes_evolu\Desktop\Pes\android-signaturepad\signature-pad\src\main\java\com\github\gcacace\signaturepad\views\SignaturePad.java,com.github.gcacace.signaturepad.views.SignaturePad$Anonymous2,anonymous,2,2,0,2,1,1,0,3,0,0.0,NaN,NaN,1,0,1,0,0,0,1,0,0,0,0,0,0,0,0,0,0,0,1,6,0,0,0,0,0,0,0,0,0,0,0,0,0,0,11,-1,0
c:\Users\arthur.menezes_evolu\Desktop\Pes\android-signaturepad\signature-pad\src\main\java\com\github\gcacace\signaturepad\views\SignaturePad.java,com.github.gcacace.signaturepad.views.SignaturePad$Anonymous1,anonymous,2,2,0,2,1,1,0,1,0,0.0,NaN,NaN,1,0,1,0,0,0,1,0,0,0,0,0,0,0,0,0,0,0,0,5,1,0,0,0,0,0,0,0,0,0,0,0,0,0,7,-1,0
c:\Users\arthur.menezes_evolu\Desktop\Pes\android-signaturepad\signature-pad\src\main\java\com\github\gcacace\signaturepad\view\ViewTreeObserverCompat.java,com.github.gcacace.signaturepad.view.ViewTreeObserverCompat,class,3,4,1,3,2,1,0,2,0,0.0,NaN,NaN,1,1,1,0,0,0,1,0,0,0,0,0,0,0,0,0,0,0,0,10,0,0,0,0,0,2,1,0,0,0,1,0,0,0,19,1,0
c:\Users\arthur.menezes_evolu\Desktop\Pes\android-signaturepad\signature-pad\src\main\java\com\github\gcacace\signaturepad\views\SignaturePad.java,com.github.gcacace.signaturepad.views.SignaturePad$OnSignedListener,interface,0,0,0,0,3,1,0,0,3,0.0,0.0,0.0,3,0,0,0,0,3,3,0,0,0,0,0,0,0,0,0,0,0,0,5,0,0,0,0,0,0,0,0,0,0,0,0,0,0,7,1,0
c:\Users\arthur.menezes_evolu\Desktop\Pes\android-signaturepad\SignaturePad-Example\src\main\java\com\github\gcacace\signaturepad\MainActivity.java,com.github.gcacace.signaturepad.MainActivity$Anonymous3,anonymous,4,4,0,4,3,1,0,6,0,0.0,NaN,NaN,1,0,1,0,0,0,1,0,0,0,0,0,0,0,0,0,0,0,0,17,0,0,0,0,0,4,0,1,0,1,1,0,0,0,20,-1,0
c:\Users\arthur.menezes_evolu\Desktop\Pes\android-signaturepad\signature-pad\src\main\java\com\github\gcacace\signaturepad\utils\SignaturePadBindingAdapter.java,com.github.gcacace.signaturepad.utils.SignaturePadBindingAdapter,class,7,8,1,7,4,1,0,2,6,0.0,0.0,0.0,4,4,4,0,0,0,4,0,0,0,0,0,0,0,0,0,0,0,3,40,0,0,0,0,0,6,0,0,0,0,0,1,3,0,14,17,0
c:\Users\arthur.menezes_evolu\Desktop\Pes\android-signaturepad\SignaturePad-Example\src\main\java\com\github\gcacace\signaturepad\MainActivity.java,com.github.gcacace.signaturepad.MainActivity$Anonymous2,anonymous,2,2,0,2,1,1,0,1,0,0.0,NaN,NaN,1,0,1,0,0,0,1,0,0,0,0,0,0,0,0,0,0,0,0,5,0,0,0,0,0,0,0,0,0,0,0,0,0,0,4,-1,0
c:\Users\arthur.menezes_evolu\Desktop\Pes\android-signaturepad\SignaturePad-Example\src\main\java\com\github\gcacace\signaturepad\MainActivity.java,com.github.gcacace.signaturepad.MainActivity$Anonymous1,anonymous,0,0,0,0,3,1,0,3,3,0.0,0.0,0.0,3,0,3,0,0,0,3,0,0,0,0,0,0,0,0,0,0,0,0,13,0,0,0,0,0,1,0,0,0,0,0,0,0,0,7,-1,0
c:\Users\arthur.menezes_evolu\Desktop\Pes\android-signaturepad\signature-pad\src\main\java\com\github\gcacace\signaturepad\utils\SignaturePadBindingAdapter.java,com.github.gcacace.signaturepad.utils.SignaturePadBindingAdapter$OnStartSigningListener,interface,0,0,0,0,1,1,0,0,0,0.0,NaN,NaN,1,0,0,0,0,1,1,0,0,0,0,0,0,0,0,0,0,0,0,3,0,0,0,0,0,0,0,0,0,0,0,0,0,0,5,1,0
c:\Users\arthur.menezes_evolu\Desktop\Pes\android-signaturepad\signature-pad\src\main\java\com\github\gcacace\signaturepad\utils\TimedPoint.java,com.github.gcacace.signaturepad.utils.TimedPoint,class,1,6,5,1,6,1,0,6,0,0.33333334,0.0,0.0,3,0,3,0,0,0,3,0,0,0,3,0,3,0,0,0,0,0,6,25,3,0,0,0,0,0,5,7,5,5,1,0,0,0,13,1,0
c:\Users\arthur.menezes_evolu\Desktop\Pes\android-signaturepad\signature-pad\src\main\java\com\github\gcacace\signaturepad\utils\ControlTimedPoints.java,com.github.gcacace.signaturepad.utils.ControlTimedPoints,class,2,4,2,2,1,1,0,0,0,0.0,NaN,NaN,1,0,1,0,0,0,1,0,0,0,2,0,2,0,0,0,0,0,0,9,1,0,0,0,0,0,0,2,0,2,0,0,0,0,11,1,0
c:\Users\arthur.menezes_evolu\Desktop\Pes\android-signaturepad\SignaturePad-Example\src\main\java\com\github\gcacace\signaturepad\MainActivity.java,com.github.gcacace.signaturepad.MainActivity,class,13,15,2,13,15,2,0,32,26,0.85,0.0,0.0,8,1,6,1,1,0,7,0,0,0,5,2,0,5,0,0,1,0,5,122,3,0,2,2,0,7,6,20,0,18,2,3,0,0,108,1,0
