file,class,type,cbo,cboModified,fanin,fanout,wmc,dit,noc,rfc,lcom,lcom*,tcc,lcc,totalMethodsQty,staticMethodsQty,publicMethodsQty,privateMethodsQty,protectedMethodsQty,defaultMethodsQty,visibleMethodsQty,abstractMethodsQty,finalMethodsQty,synchronizedMethodsQty,totalFieldsQty,staticFieldsQty,publicFieldsQty,privateFieldsQty,protectedFieldsQty,defaultFieldsQty,finalFieldsQty,synchronizedFieldsQty,nosi,loc,returnQty,loopQty,comparisonsQty,tryCatchQty,parenthesizedExpsQty,stringLiteralsQty,numbersQty,assignmentsQty,mathOperationsQty,variablesQty,maxNestedBlocksQty,anonymousClassesQty,innerClassesQty,lambdasQty,uniqueWordsQty,modifiers,logStatementsQty
c:\Users\arthur.menezes_evolu\Desktop\Pes\YCSB\rest\src\test\java\site\ycsb\webservice\rest\RestClientTest.java,site.ycsb.webservice.rest.RestClientTest,class,16,17,1,16,21,1,0,32,0,0.72999996,0.0,0.0,20,3,19,1,0,0,19,0,0,0,10,10,0,10,0,0,7,0,4,124,1,1,0,0,0,17,3,41,1,41,1,0,0,0,115,1,0
c:\Users\arthur.menezes_evolu\Desktop\Pes\YCSB\riak\src\main\java\site\ycsb\db\riak\RiakKVClient.java,site.ycsb.db.riak.RiakKVClient$UpdateEntity,innerclass,2,2,0,2,2,1,0,0,0,0.0,NaN,NaN,2,0,1,1,0,0,1,0,0,0,1,0,0,1,0,0,1,0,0,9,1,0,0,0,0,0,0,1,0,1,0,0,0,0,31,26,0
c:\Users\arthur.menezes_evolu\Desktop\Pes\YCSB\core\src\main\java\site\ycsb\Status.java,site.ycsb.Status,class,1,86,85,1,20,1,0,3,0,0.7532467,0.0,0.0,7,0,7,0,0,0,7,0,0,0,11,9,9,2,0,0,11,0,0,66,13,0,11,0,4,25,4,16,9,14,2,0,0,0,71,1,0
c:\Users\arthur.menezes_evolu\Desktop\Pes\YCSB\mongodb\src\test\java\site\ycsb\db\AbstractDBTestCases.java,site.ycsb.db.AbstractDBTestCases,class,8,10,2,8,20,1,1,34,28,0.875,0.0,0.0,8,1,5,1,2,0,7,1,0,0,1,1,0,1,0,0,1,0,30,193,2,9,1,2,12,42,68,56,17,43,3,0,0,0,107,1025,0
c:\Users\arthur.menezes_evolu\Desktop\Pes\YCSB\core\src\main\java\site\ycsb\generator\CounterGenerator.java,site.ycsb.generator.CounterGenerator,class,1,5,4,1,4,3,1,2,0,0.25,0.0,0.0,4,0,4,0,0,0,4,0,0,0,1,0,0,1,0,0,1,0,0,15,2,0,0,0,0,1,1,1,1,1,0,0,0,0,26,1,0
c:\Users\arthur.menezes_evolu\Desktop\Pes\YCSB\hbase2\src\main\java\site\ycsb\db\hbase2\HBaseClient2.java,site.ycsb.db.hbase2.HBaseClient2,class,28,30,2,28,74,2,0,64,1,0.7111111,0.0,0.0,10,0,8,1,0,1,9,0,0,0,18,4,0,18,0,0,3,0,6,316,17,6,16,12,6,53,8,69,20,44,5,0,0,0,239,1,0
c:\Users\arthur.menezes_evolu\Desktop\Pes\YCSB\cloudspanner\src\main\java\site\ycsb\db\cloudspanner\CloudSpannerClient.java,site.ycsb.db.cloudspanner.CloudSpannerClient$Anonymous1,anonymous,0,0,0,0,1,1,0,1,0,0.0,NaN,NaN,1,0,1,0,0,0,1,0,0,0,0,0,0,0,0,0,0,0,0,5,0,0,0,0,0,0,0,0,0,0,0,0,0,0,1,-1,0
c:\Users\arthur.menezes_evolu\Desktop\Pes\YCSB\core\src\test\java\site\ycsb\generator\TestUnixEpochTimestampGenerator.java,site.ycsb.generator.TestUnixEpochTimestampGenerator,class,2,2,0,2,4,1,0,4,6,0.0,0.0,0.0,4,0,4,0,0,0,4,0,0,0,0,0,0,0,0,0,0,0,0,76,0,0,0,0,9,0,66,21,42,7,0,0,0,0,21,1,0
c:\Users\arthur.menezes_evolu\Desktop\Pes\YCSB\core\src\main\java\site\ycsb\DBWrapper.java,site.ycsb.DBWrapper,class,6,8,2,6,18,2,0,30,0,0.72727275,0.0,0.0,11,0,10,1,0,0,10,0,0,0,16,4,0,16,0,0,14,0,15,129,6,0,2,7,4,27,2,53,14,49,3,0,0,0,152,1,0
c:\Users\arthur.menezes_evolu\Desktop\Pes\YCSB\core\src\test\java\site\ycsb\generator\TestIncrementingPrintableStringGenerator.java,site.ycsb.generator.TestIncrementingPrintableStringGenerator,class,3,3,0,3,15,1,0,6,9,0.5,0.0,0.0,6,0,6,0,0,0,6,0,0,0,1,1,0,1,0,0,1,0,0,91,0,3,0,6,0,27,21,8,0,8,2,0,0,0,30,1,0
c:\Users\arthur.menezes_evolu\Desktop\Pes\YCSB\core\src\test\java\site\ycsb\TestByteIterator.java,site.ycsb.TestByteIterator,class,3,3,0,3,1,1,0,8,0,0.0,NaN,NaN,1,0,1,0,0,0,1,0,0,0,0,0,0,0,0,0,0,0,0,15,0,0,0,0,0,0,3,3,0,2,0,0,0,0,11,1,0
c:\Users\arthur.menezes_evolu\Desktop\Pes\YCSB\jdbc\src\main\java\site\ycsb\db\JdbcDBClient.java,site.ycsb.db.JdbcDBClient$OrderedFieldInfo,innerclass,0,0,0,0,3,1,0,0,0,0.33333334,0.0,0.0,3,0,0,0,0,3,3,0,0,0,2,0,0,2,0,0,0,0,0,14,2,0,0,0,0,0,0,2,0,2,0,0,0,0,11,10,0
c:\Users\arthur.menezes_evolu\Desktop\Pes\YCSB\core\src\main\java\site\ycsb\BasicDB.java,site.ycsb.BasicDB$Anonymous1,anonymous,0,0,0,0,1,1,0,0,0,0.0,NaN,NaN,1,0,0,0,1,0,1,0,0,0,0,0,0,0,0,0,0,0,0,5,1,0,0,0,0,0,0,0,0,0,0,0,0,0,4,-1,0
c:\Users\arthur.menezes_evolu\Desktop\Pes\YCSB\accumulo1.9\src\main\java\site\ycsb\db\accumulo\AccumuloClient.java,site.ycsb.db.accumulo.AccumuloClient,class,22,24,2,22,43,2,0,59,50,0.8,0.0,0.0,12,0,8,4,0,0,9,0,0,0,5,0,0,5,0,0,1,0,6,232,16,8,10,9,1,27,5,43,5,33,3,1,0,0,155,1,0
c:\Users\arthur.menezes_evolu\Desktop\Pes\YCSB\rocksdb\src\test\java\site\ycsb\db\rocksdb\RocksDBClientTest.java,site.ycsb.db.rocksdb.RocksDBClientTest,class,10,10,0,10,10,1,0,16,0,0.6166667,0.0,0.0,6,0,6,0,0,0,7,0,0,0,10,8,1,9,0,0,8,0,0,65,0,3,0,0,0,8,4,28,6,28,1,0,0,0,56,1,0
c:\Users\arthur.menezes_evolu\Desktop\Pes\YCSB\mongodb\src\test\java\site\ycsb\db\OptionsSupportTest.java,site.ycsb.db.OptionsSupportTest,class,3,4,1,3,5,1,0,5,10,0.0,0.0,0.0,5,0,4,1,0,0,4,0,0,0,0,0,0,0,0,0,0,0,23,38,1,0,0,0,0,92,0,1,0,1,0,0,0,0,43,1,0
c:\Users\arthur.menezes_evolu\Desktop\Pes\YCSB\postgrenosql\src\test\java\site\ycsb\postgrenosql\PostgreNoSQLDBClientTest.java,site.ycsb.postgrenosql.PostgreNoSQLDBClientTest,class,12,13,1,12,29,1,0,35,0,0.66346157,0.0,0.0,8,2,6,2,0,0,6,0,0,0,13,13,0,13,0,0,11,0,1,175,2,13,0,6,12,38,33,71,22,58,4,0,0,0,104,1,5
c:\Users\arthur.menezes_evolu\Desktop\Pes\YCSB\couchbase\src\main\java\site\ycsb\db\CouchbaseClient.java,site.ycsb.db.CouchbaseClient,class,21,22,1,21,49,2,0,61,24,0.84615374,0.0,0.0,13,0,7,6,0,0,7,0,0,0,24,14,13,10,1,0,15,0,8,223,25,4,3,9,0,34,10,55,7,55,4,0,0,0,168,1,5
c:\Users\arthur.menezes_evolu\Desktop\Pes\YCSB\elasticsearch5\src\main\java\site\ycsb\db\elasticsearch5\ElasticsearchRestClient.java,site.ycsb.db.elasticsearch5.ElasticsearchRestClient,class,17,19,2,17,61,2,0,51,1,0.75892854,0.0,0.0,14,3,7,7,0,0,7,0,0,0,8,5,0,8,0,0,5,0,18,311,28,7,20,11,3,89,13,77,12,69,6,0,0,0,125,1,0
c:\Users\arthur.menezes_evolu\Desktop\Pes\YCSB\jdbc\src\main\java\site\ycsb\db\StatementType.java,site.ycsb.db.StatementType$Type,enum,0,0,0,0,2,1,0,0,0,0.0,NaN,NaN,2,0,0,1,0,1,1,0,0,0,1,0,0,1,0,0,1,0,0,11,1,0,0,0,0,0,7,4,2,3,0,0,0,0,21,0,0
c:\Users\arthur.menezes_evolu\Desktop\Pes\YCSB\core\src\main\java\site\ycsb\generator\ExponentialGenerator.java,site.ycsb.generator.ExponentialGenerator,class,2,5,3,2,7,3,0,5,0,0.84,0.0,0.0,5,1,5,0,0,0,5,0,0,0,5,4,4,1,0,0,4,0,3,29,2,1,0,0,0,6,10,9,7,8,2,0,0,0,91,1,0
c:\Users\arthur.menezes_evolu\Desktop\Pes\YCSB\rest\src\test\java\site\ycsb\webservice\rest\Utils.java,site.ycsb.webservice.rest.Utils,class,0,10,10,0,10,1,0,10,3,0.0,0.0,0.0,3,3,3,0,0,0,3,0,0,0,0,0,0,0,0,0,0,0,0,51,3,1,3,4,1,0,0,8,0,5,3,0,0,0,31,1,0
c:\Users\arthur.menezes_evolu\Desktop\Pes\YCSB\riak\src\main\java\site\ycsb\db\riak\RiakUtils.java,site.ycsb.db.riak.RiakUtils,class,5,7,2,5,20,1,0,28,36,0.0,0.0,0.0,9,8,0,6,0,3,3,0,0,0,0,0,0,0,0,0,0,0,8,99,4,4,3,4,8,2,22,19,6,15,3,0,0,0,110,16,0
c:\Users\arthur.menezes_evolu\Desktop\Pes\YCSB\core\src\main\java\site\ycsb\measurements\OneMeasurementTimeSeries.java,site.ycsb.measurements.SeriesUnit,class,0,1,1,0,1,1,0,0,0,0.0,NaN,NaN,1,0,1,0,0,0,1,0,0,0,2,0,0,0,2,0,2,0,0,8,0,0,0,0,0,0,0,2,0,2,0,0,0,0,4,0,0
c:\Users\arthur.menezes_evolu\Desktop\Pes\YCSB\core\src\main\java\site\ycsb\Workload.java,site.ycsb.Workload$Operation,enum,0,0,0,0,0,1,0,0,0,0.0,-1.0,-1.0,0,0,0,0,0,0,0,0,0,0,0,0,0,0,0,0,0,0,0,1,0,0,0,0,0,0,0,0,0,0,0,0,0,0,9,1,0
c:\Users\arthur.menezes_evolu\Desktop\Pes\YCSB\s3\src\main\java\site\ycsb\db\S3Client.java,site.ycsb.db.S3Client,class,19,20,1,19,50,2,0,59,5,0.6363636,0.0,0.0,11,0,7,1,3,0,10,0,0,0,4,4,0,4,0,0,1,0,7,293,16,5,17,8,0,45,13,80,13,47,4,0,0,0,239,1,0
c:\Users\arthur.menezes_evolu\Desktop\Pes\YCSB\core\src\main\java\site\ycsb\measurements\Measurements.java,site.ycsb.measurements.Measurements,class,11,32,21,11,45,1,0,16,0,0.8131868,0.0,0.0,13,2,10,3,0,0,10,0,0,2,14,8,4,10,0,0,12,0,0,187,15,4,11,2,0,30,10,41,9,25,2,1,2,0,118,1,0
c:\Users\arthur.menezes_evolu\Desktop\Pes\YCSB\voltdb\src\main\java\site\ycsb\db\voltdb\ConnectionHelper.java,site.ycsb.db.voltdb.ConnectionHelper,class,4,8,4,4,13,1,0,13,10,0.8,0.0,0.0,5,4,2,3,0,0,2,0,0,0,1,1,0,1,0,0,1,0,2,74,2,2,1,4,0,5,5,16,2,11,3,1,0,0,148,17,4
c:\Users\arthur.menezes_evolu\Desktop\Pes\YCSB\voltdb\src\main\java\site\ycsb\db\voltdb\procs\ByteWrapper.java,site.ycsb.db.voltdb.procs.ByteWrapper,class,2,4,2,2,10,1,0,0,0,0.0,0.0,0.0,3,0,2,0,0,1,3,0,0,0,3,0,0,3,0,0,0,0,0,38,7,2,4,0,1,0,5,8,5,7,2,0,0,0,38,0,0
c:\Users\arthur.menezes_evolu\Desktop\Pes\YCSB\postgrenosql\src\main\java\site\ycsb\postgrenosql\PostgreNoSQLDBClient.java,site.ycsb.postgrenosql.PostgreNoSQLDBClient,class,10,12,2,10,58,2,0,54,1,0.81623936,0.0,0.0,18,1,8,10,0,0,8,0,0,0,13,13,7,6,0,0,10,0,2,299,32,8,22,7,0,57,16,66,16,60,4,0,0,0,134,1,6
c:\Users\arthur.menezes_evolu\Desktop\Pes\YCSB\core\src\main\java\site\ycsb\generator\UniformLongGenerator.java,site.ycsb.generator.UniformLongGenerator,class,1,6,5,1,3,3,0,4,0,0.22222222,0.0,0.0,3,0,3,0,0,0,3,0,0,0,1,0,0,1,0,0,1,0,2,16,2,0,0,0,2,0,2,4,6,4,0,0,0,0,36,1,0
c:\Users\arthur.menezes_evolu\Desktop\Pes\YCSB\core\src\main\java\site\ycsb\measurements\Measurements.java,site.ycsb.measurements.Measurements$Anonymous1,anonymous,1,1,0,1,1,1,0,0,0,0.0,NaN,NaN,1,0,0,0,1,0,1,0,0,0,0,0,0,0,0,0,0,0,0,5,1,0,0,0,0,0,0,0,0,0,0,0,0,0,5,-1,0
c:\Users\arthur.menezes_evolu\Desktop\Pes\YCSB\elasticsearch5\src\test\java\site\ycsb\db\elasticsearch5\ElasticsearchRestClientIT.java,site.ycsb.db.elasticsearch5.ElasticsearchRestClientIT,class,3,3,0,3,1,2,0,0,0,0.0,NaN,NaN,1,0,0,0,0,1,1,0,0,0,0,0,0,0,0,0,0,0,0,5,1,0,0,0,0,0,0,0,0,0,0,0,0,0,11,1,0
c:\Users\arthur.menezes_evolu\Desktop\Pes\YCSB\core\src\main\java\site\ycsb\ByteArrayByteIterator.java,site.ycsb.ByteArrayByteIterator,class,3,25,22,3,8,2,0,2,0,0.3214286,0.0,0.0,7,0,7,0,0,0,7,0,0,0,4,0,0,4,0,0,3,0,1,39,4,0,0,0,0,0,3,13,2,7,0,0,0,0,23,1,0
c:\Users\arthur.menezes_evolu\Desktop\Pes\YCSB\elasticsearch5\src\test\java\site\ycsb\db\elasticsearch5\ElasticsearchIntegTestBase.java,site.ycsb.db.elasticsearch5.ElasticsearchIntegTestBase,class,8,11,3,8,13,1,2,17,0,0.3125,0.0,0.0,8,0,7,0,0,1,9,1,0,0,4,3,0,4,0,0,3,0,1,63,0,4,0,0,0,14,15,22,6,22,1,0,0,0,53,1025,0
c:\Users\arthur.menezes_evolu\Desktop\Pes\YCSB\tarantool\src\main\java\site\ycsb\db\TarantoolClient.java,site.ycsb.db.TarantoolClient,class,8,9,1,8,24,2,0,26,6,0.7407408,0.0,0.0,9,0,7,2,0,0,7,0,0,0,9,7,0,9,0,0,7,0,6,109,15,3,2,5,0,12,17,25,5,19,2,0,0,0,69,1,0
c:\Users\arthur.menezes_evolu\Desktop\Pes\YCSB\geode\src\main\java\site\ycsb\db\GeodeClient.java,site.ycsb.db.GeodeClient,class,16,17,1,16,25,2,0,35,30,0.8518518,0.0,0.0,9,1,6,2,0,1,7,0,0,0,9,7,0,9,0,0,7,0,4,112,10,3,8,1,2,9,4,33,1,25,3,0,0,0,160,1,0
c:\Users\arthur.menezes_evolu\Desktop\Pes\YCSB\solr7\src\test\java\site\ycsb\db\solr7\SolrClientBaseTest.java,site.ycsb.db.solr7.SolrClientBaseTest,class,11,14,3,11,17,1,2,32,0,0.6477273,0.0,0.0,11,2,9,0,2,0,12,1,0,0,8,7,0,6,2,0,6,0,4,78,1,3,2,0,0,10,12,24,6,24,1,0,0,0,71,1025,0
c:\Users\arthur.menezes_evolu\Desktop\Pes\YCSB\elasticsearch\src\main\java\site\ycsb\db\ElasticsearchClient.java,site.ycsb.db.ElasticsearchClient,class,17,19,2,17,37,2,0,64,0,0.6944444,0.0,0.0,8,0,7,1,0,0,7,0,0,0,9,5,0,9,0,0,5,0,8,169,14,7,3,6,1,37,4,29,4,28,4,0,0,0,177,1,0
c:\Users\arthur.menezes_evolu\Desktop\Pes\YCSB\core\src\main\java\site\ycsb\generator\IncrementingPrintableStringGenerator.java,site.ycsb.generator.IncrementingPrintableStringGenerator,class,3,7,4,3,47,2,0,12,23,0.84415585,0.0,0.0,14,7,14,0,0,0,18,0,0,0,11,5,5,6,0,0,7,0,11,182,10,9,11,0,2,3,33,42,2,35,3,0,0,0,214,1,0
c:\Users\arthur.menezes_evolu\Desktop\Pes\YCSB\core\src\main\java\site\ycsb\ClientThread.java,site.ycsb.ClientThread,class,4,7,3,4,28,1,0,20,2,0.6964286,0.0,0.0,8,1,5,2,0,1,6,0,0,0,14,1,0,14,0,0,2,0,12,118,4,3,2,4,9,2,12,19,6,19,4,0,0,0,84,1,0
c:\Users\arthur.menezes_evolu\Desktop\Pes\YCSB\rest\src\main\java\site\ycsb\webservice\rest\RestClient.java,site.ycsb.webservice.rest.RestClient$TimeoutException,innerclass,0,0,0,0,1,4,0,0,0,1.0,NaN,NaN,1,0,1,0,0,0,1,0,0,0,1,1,0,1,0,0,1,0,0,6,0,0,0,0,0,1,1,1,0,1,0,0,0,0,16,0,0
c:\Users\arthur.menezes_evolu\Desktop\Pes\YCSB\core\src\main\java\site\ycsb\generator\ConstantIntegerGenerator.java,site.ycsb.generator.ConstantIntegerGenerator,class,1,2,1,1,3,3,0,0,0,0.0,0.0,0.0,3,0,3,0,0,0,3,0,0,0,1,0,0,1,0,0,1,0,0,12,2,0,0,0,0,0,0,1,0,1,0,0,0,0,19,1,0
c:\Users\arthur.menezes_evolu\Desktop\Pes\YCSB\rest\src\test\java\site\ycsb\webservice\rest\ResourceLoader.java,site.ycsb.webservice.rest.ResourceLoader,class,2,4,2,2,1,2,0,1,0,0.0,NaN,NaN,1,0,1,0,0,0,1,0,0,0,0,0,0,0,0,0,0,0,0,7,1,0,0,0,0,0,0,1,0,1,0,0,0,0,15,1,0
c:\Users\arthur.menezes_evolu\Desktop\Pes\YCSB\cloudspanner\src\main\java\site\ycsb\db\cloudspanner\CloudSpannerClient.java,site.ycsb.db.cloudspanner.CloudSpannerClient$CloudSpannerProperties,innerclass,0,0,0,0,1,1,0,0,0,0.0,-1.0,-1.0,1,0,0,1,0,0,0,0,0,0,8,8,0,0,0,8,8,0,0,12,0,0,0,0,0,8,0,8,0,8,0,0,0,0,87,25,0
c:\Users\arthur.menezes_evolu\Desktop\Pes\YCSB\core\src\main\java\site\ycsb\measurements\Measurements.java,site.ycsb.measurements.Measurements$MeasurementType,enum,0,0,0,0,0,1,0,0,0,0.0,-1.0,-1.0,0,0,0,0,0,0,0,0,0,0,0,0,0,0,0,0,0,0,0,1,0,0,0,0,0,0,0,0,0,0,0,0,0,0,13,1,0
c:\Users\arthur.menezes_evolu\Desktop\Pes\YCSB\core\src\main\java\site\ycsb\measurements\OneMeasurementRaw.java,site.ycsb.measurements.OneMeasurementRaw,class,4,5,1,4,11,2,0,16,0,0.575,0.0,0.0,4,0,4,0,0,0,4,0,0,2,10,4,4,6,0,0,5,0,4,100,2,1,2,1,8,24,18,19,13,13,2,0,2,0,129,1,0
c:\Users\arthur.menezes_evolu\Desktop\Pes\YCSB\maprjsondb\src\main\java\site\ycsb\db\mapr\ValueByteIterator.java,site.ycsb.db.mapr.ValueByteIterator,class,2,3,1,2,5,2,0,1,8,0.6,0.0,0.0,5,0,5,0,0,0,5,0,0,0,1,0,0,1,0,0,0,0,0,18,4,0,0,0,0,0,2,1,0,1,0,0,0,0,27,1,0
c:\Users\arthur.menezes_evolu\Desktop\Pes\YCSB\core\src\main\java\site\ycsb\BasicTSDB.java,site.ycsb.BasicTSDB,class,7,8,1,7,45,3,0,41,0,0.375,0.0,0.0,6,0,5,0,1,0,6,0,0,0,8,3,0,5,3,0,0,0,7,211,4,7,8,0,3,31,11,38,8,28,6,0,0,0,83,1,0
c:\Users\arthur.menezes_evolu\Desktop\Pes\YCSB\core\src\main\java\site\ycsb\measurements\TwoInOneMeasurement.java,site.ycsb.measurements.TwoInOneMeasurement,class,3,4,1,3,5,2,0,4,0,0.1,0.0,0.0,5,0,5,0,0,0,5,0,0,0,1,0,0,1,0,0,1,0,0,22,1,0,0,0,0,1,0,2,1,2,0,0,0,0,60,1,0
c:\Users\arthur.menezes_evolu\Desktop\Pes\YCSB\infinispan\src\main\java\site\ycsb\db\InfinispanRemoteClient.java,site.ycsb.db.InfinispanRemoteClient,class,9,10,1,9,19,2,0,18,10,0.6296296,0.0,0.0,9,0,7,2,0,0,7,0,0,0,3,1,0,3,0,0,1,0,4,90,13,1,4,4,0,3,0,13,1,11,4,0,0,0,55,1,5
c:\Users\arthur.menezes_evolu\Desktop\Pes\YCSB\core\src\test\java\site\ycsb\generator\TestZipfianGenerator.java,site.ycsb.generator.TestZipfianGenerator,class,2,2,0,2,2,1,0,2,0,0.0,NaN,NaN,1,0,1,0,0,0,1,0,0,0,0,0,0,0,0,0,0,0,0,12,0,1,0,0,0,0,4,5,0,5,1,0,0,0,15,1,0
c:\Users\arthur.menezes_evolu\Desktop\Pes\YCSB\maprjsondb\src\main\java\site\ycsb\db\mapr\MapRJSONDBClient.java,site.ycsb.db.mapr.MapRJSONDBClient,class,13,14,1,13,27,2,0,37,60,0.76923084,0.0,0.0,13,0,7,6,0,0,7,0,0,0,3,0,0,3,0,0,0,0,1,116,17,4,4,6,0,1,2,19,0,15,4,0,0,0,79,1,0
c:\Users\arthur.menezes_evolu\Desktop\Pes\YCSB\voltdb\src\main\java\site\ycsb\db\voltdb\procs\ScanAll.java,site.ycsb.db.voltdb.procs.ScanAll,class,4,4,0,4,2,2,0,2,0,0.0,NaN,NaN,1,0,1,0,0,0,1,0,0,0,2,0,0,2,0,0,2,0,0,13,1,0,1,0,0,3,0,2,0,2,1,0,0,0,43,1,0
c:\Users\arthur.menezes_evolu\Desktop\Pes\YCSB\googlebigtable\src\main\java\site\ycsb\db\GoogleBigtableClient.java,site.ycsb.db.GoogleBigtableClient,class,22,23,1,22,61,2,0,81,0,0.65833336,0.0,0.0,8,0,7,1,0,0,7,0,0,0,15,8,1,14,0,0,5,0,8,267,13,10,11,8,3,35,20,46,16,40,6,0,0,0,181,1,0
c:\Users\arthur.menezes_evolu\Desktop\Pes\YCSB\core\src\main\java\site\ycsb\generator\AcknowledgedCounterGenerator.java,site.ycsb.generator.AcknowledgedCounterGenerator,class,2,4,2,2,7,4,0,3,0,0.4,0.0,0.0,3,0,3,0,0,0,3,0,0,0,5,2,0,4,0,1,4,0,1,40,1,1,1,1,3,1,6,12,4,9,4,0,0,0,75,1,0
c:\Users\arthur.menezes_evolu\Desktop\Pes\YCSB\core\src\main\java\site\ycsb\measurements\exporter\JSONArrayMeasurementsExporter.java,site.ycsb.measurements.exporter.JSONArrayMeasurementsExporter,class,4,5,1,4,6,1,0,9,0,0.4,0.0,0.0,5,0,5,0,0,0,5,0,0,0,2,0,0,2,0,0,1,0,0,37,0,0,1,0,0,9,0,3,0,3,1,0,0,0,36,1,0
c:\Users\arthur.menezes_evolu\Desktop\Pes\YCSB\core\src\main\java\site\ycsb\generator\UnixEpochTimestampGenerator.java,site.ycsb.generator.UnixEpochTimestampGenerator,class,2,7,5,2,22,2,1,4,0,0.55,0.0,0.0,8,0,8,0,0,0,8,0,0,0,5,0,0,0,5,0,0,0,7,80,7,0,0,0,7,2,17,19,22,5,1,0,0,0,134,1,0
c:\Users\arthur.menezes_evolu\Desktop\Pes\YCSB\zookeeper\src\main\java\site\ycsb\db\zookeeper\ZKClient.java,site.ycsb.db.zookeeper.ZKClient,class,12,14,2,12,29,2,0,31,11,0.7666667,0.0,0.0,10,1,7,3,0,0,7,0,0,0,9,7,0,9,0,0,7,0,6,136,15,1,8,6,0,13,6,29,1,26,2,0,1,0,92,1,4
c:\Users\arthur.menezes_evolu\Desktop\Pes\YCSB\rest\src\test\java\site\ycsb\webservice\rest\IntegrationTest.java,site.ycsb.webservice.rest.IntegrationTest$Anonymous2,anonymous,1,1,0,1,1,1,0,4,0,0.0,NaN,NaN,1,0,1,0,0,0,1,0,0,0,0,0,0,0,0,0,0,0,2,7,0,0,0,0,0,1,0,1,0,1,0,0,0,0,19,-1,0
c:\Users\arthur.menezes_evolu\Desktop\Pes\YCSB\rest\src\test\java\site\ycsb\webservice\rest\IntegrationTest.java,site.ycsb.webservice.rest.IntegrationTest$Anonymous3,anonymous,1,1,0,1,1,1,0,4,0,0.0,NaN,NaN,1,0,1,0,0,0,1,0,0,0,0,0,0,0,0,0,0,0,2,7,0,0,0,0,0,1,0,1,0,1,0,0,0,0,19,-1,0
c:\Users\arthur.menezes_evolu\Desktop\Pes\YCSB\postgrenosql\src\main\java\site\ycsb\postgrenosql\StatementType.java,site.ycsb.postgrenosql.StatementType$Type,enum,0,0,0,0,2,1,0,0,0,0.0,0.0,0.0,2,0,0,0,0,2,2,0,0,0,1,0,0,1,0,0,1,0,0,11,1,0,0,0,0,0,7,4,2,3,0,0,0,0,21,0,0
c:\Users\arthur.menezes_evolu\Desktop\Pes\YCSB\rest\src\test\java\site\ycsb\webservice\rest\IntegrationTest.java,site.ycsb.webservice.rest.IntegrationTest$Anonymous1,anonymous,1,1,0,1,1,1,0,4,0,0.0,NaN,NaN,1,0,1,0,0,0,1,0,0,0,0,0,0,0,0,0,0,0,2,7,0,0,0,0,0,1,0,1,0,1,0,0,0,0,19,-1,0
c:\Users\arthur.menezes_evolu\Desktop\Pes\YCSB\couchbase2\src\main\java\site\ycsb\db\couchbase2\Couchbase2Client.java,site.ycsb.db.couchbase2.Couchbase2Client$Anonymous6,anonymous,1,1,0,1,3,1,0,0,3,0.0,0.0,0.0,3,0,3,0,0,0,3,0,0,0,0,0,0,0,0,0,0,0,0,8,0,0,0,0,0,0,0,0,0,0,0,0,0,0,7,-1,0
c:\Users\arthur.menezes_evolu\Desktop\Pes\YCSB\cassandra\src\main\java\site\ycsb\db\CassandraCQLClient.java,site.ycsb.db.CassandraCQLClient,class,19,21,2,19,62,2,0,90,0,0.69795907,0.0,0.0,7,0,7,0,0,0,7,0,0,0,35,35,19,16,0,0,21,0,12,332,12,12,25,6,7,42,11,105,3,83,4,0,0,0,197,1,19
c:\Users\arthur.menezes_evolu\Desktop\Pes\YCSB\core\src\main\java\site\ycsb\Client.java,site.ycsb.Client,class,14,16,2,14,72,1,0,88,36,0.797619,0.0,0.0,12,11,3,9,0,0,3,0,0,0,21,21,14,7,0,0,20,0,62,449,9,10,17,16,6,131,50,97,31,82,4,1,0,0,282,17,0
c:\Users\arthur.menezes_evolu\Desktop\Pes\YCSB\couchbase2\src\main\java\site\ycsb\db\couchbase2\Couchbase2Client.java,site.ycsb.db.couchbase2.Couchbase2Client$Anonymous4,anonymous,3,3,0,3,1,1,0,2,0,0.0,NaN,NaN,1,0,1,0,0,0,1,0,0,0,0,0,0,0,0,0,0,0,0,7,1,0,0,0,0,0,0,1,0,1,0,0,0,0,7,-1,0
c:\Users\arthur.menezes_evolu\Desktop\Pes\YCSB\hbase1\src\test\java\site\ycsb\db\hbase1\HBaseClient1Test.java,site.ycsb.db.hbase1.HBaseClient1Test,class,21,22,1,21,14,1,0,52,5,0.52000004,0.0,0.0,10,3,9,1,0,0,9,0,0,0,5,2,0,5,0,0,1,0,7,101,1,3,1,0,0,24,12,34,1,33,1,0,0,0,105,1,0
c:\Users\arthur.menezes_evolu\Desktop\Pes\YCSB\hbase2\src\test\java\site\ycsb\db\hbase2\HBaseClient2Test.java,site.ycsb.db.hbase2.HBaseClient2Test,class,20,21,1,20,27,1,0,60,91,0.6888889,0.0,0.0,18,3,15,3,0,0,15,0,0,0,5,2,0,5,0,0,1,0,10,167,1,6,3,0,0,94,24,47,1,45,1,0,0,0,127,1,0
c:\Users\arthur.menezes_evolu\Desktop\Pes\YCSB\couchbase2\src\main\java\site\ycsb\db\couchbase2\Couchbase2Client.java,site.ycsb.db.couchbase2.Couchbase2Client$Anonymous5,anonymous,1,1,0,1,1,1,0,1,0,0.0,NaN,NaN,1,0,1,0,0,0,1,0,0,0,0,0,0,0,0,0,0,0,0,5,0,0,0,0,0,0,0,0,0,0,0,0,0,0,2,-1,0
c:\Users\arthur.menezes_evolu\Desktop\Pes\YCSB\core\src\main\java\site\ycsb\TimeseriesDB.java,site.ycsb.TimeseriesDB$AggregationOperation,enum,0,0,0,0,0,1,0,0,0,0.0,-1.0,-1.0,0,0,0,0,0,0,0,0,0,0,0,0,0,0,0,0,0,0,0,7,0,0,0,0,0,0,0,0,0,0,0,0,0,0,89,1,0
c:\Users\arthur.menezes_evolu\Desktop\Pes\YCSB\couchbase2\src\main\java\site\ycsb\db\couchbase2\Couchbase2Client.java,site.ycsb.db.couchbase2.Couchbase2Client$Anonymous2,anonymous,2,2,0,2,1,1,0,1,0,0.0,NaN,NaN,1,0,1,0,0,0,1,0,0,0,0,0,0,0,0,0,0,0,0,5,1,0,0,0,0,0,0,0,0,0,0,0,0,0,6,-1,0
c:\Users\arthur.menezes_evolu\Desktop\Pes\YCSB\couchbase2\src\main\java\site\ycsb\db\couchbase2\Couchbase2Client.java,site.ycsb.db.couchbase2.Couchbase2Client$Anonymous3,anonymous,4,4,0,4,1,1,0,6,0,0.0,NaN,NaN,1,0,1,0,0,0,1,0,0,0,0,0,0,0,0,0,0,0,0,6,1,0,0,0,0,0,2,1,1,1,0,0,0,0,7,-1,0
c:\Users\arthur.menezes_evolu\Desktop\Pes\YCSB\core\src\main\java\site\ycsb\TerminatorThread.java,site.ycsb.TerminatorThread,class,1,2,1,1,7,2,0,7,0,0.0,0.0,0.0,2,0,2,0,0,0,2,0,0,0,4,0,0,4,0,0,1,0,1,37,1,2,0,2,0,8,2,4,3,4,4,0,0,0,50,1,0
c:\Users\arthur.menezes_evolu\Desktop\Pes\YCSB\core\src\main\java\site\ycsb\workloads\TimeSeriesWorkload.java,site.ycsb.workloads.TimeSeriesWorkload$ValueType,enum,1,1,0,1,4,1,0,2,0,0.0,0.0,0.0,2,1,1,0,0,1,2,0,0,0,1,0,0,0,1,0,1,0,1,13,1,1,0,0,0,4,0,1,1,1,2,0,0,0,32,1,0
c:\Users\arthur.menezes_evolu\Desktop\Pes\YCSB\couchbase2\src\main\java\site\ycsb\db\couchbase2\Couchbase2Client.java,site.ycsb.db.couchbase2.Couchbase2Client$Anonymous1,anonymous,1,1,0,1,2,1,0,2,0,0.0,NaN,NaN,1,0,1,0,0,0,1,0,0,0,0,0,0,0,0,0,0,0,0,7,0,0,0,0,0,2,0,0,1,0,1,0,0,0,14,-1,0
c:\Users\arthur.menezes_evolu\Desktop\Pes\YCSB\rocksdb\src\main\java\site\ycsb\db\rocksdb\RocksDBClient.java,site.ycsb.db.rocksdb.RocksDBClient,class,17,20,3,17,53,2,0,86,0,0.7272728,0.0,0.0,15,0,7,8,0,0,7,0,0,0,11,11,0,9,0,2,6,0,12,315,19,10,9,12,1,21,13,78,6,61,4,0,1,0,139,1,10
c:\Users\arthur.menezes_evolu\Desktop\Pes\YCSB\rocksdb\src\test\java\site\ycsb\db\rocksdb\RocksDBOptionsFileTest.java,site.ycsb.db.rocksdb.RocksDBOptionsFileTest,class,8,9,1,8,3,1,0,21,3,0.6666667,NaN,NaN,3,0,1,2,0,0,1,0,0,0,2,0,1,1,0,0,0,0,0,34,0,0,0,1,0,1,6,7,0,7,1,0,0,0,27,1,0
c:\Users\arthur.menezes_evolu\Desktop\Pes\YCSB\cloudspanner\src\main\java\site\ycsb\db\cloudspanner\CloudSpannerClient.java,site.ycsb.db.cloudspanner.CloudSpannerClient,class,16,17,1,16,48,2,0,66,0,0.6923077,0.0,0.0,12,3,7,5,0,0,7,0,0,0,13,12,0,13,0,0,5,0,15,237,20,6,14,9,1,44,4,48,2,42,3,1,1,0,119,1,0
c:\Users\arthur.menezes_evolu\Desktop\Pes\YCSB\dynamodb\src\main\java\site\ycsb\db\DynamoDBClient.java,site.ycsb.db.DynamoDBClient$PrimaryKeyType,enum,0,0,0,0,0,1,0,0,0,0.0,-1.0,-1.0,0,0,0,0,0,0,0,0,0,0,0,0,0,0,0,0,0,0,0,1,0,0,0,0,0,0,0,0,0,0,0,0,0,0,36,2,0
c:\Users\arthur.menezes_evolu\Desktop\Pes\YCSB\mongodb\src\main\java\site\ycsb\db\OptionsSupport.java,site.ycsb.db.OptionsSupport,class,1,4,3,1,20,1,0,6,3,0.6666667,NaN,NaN,3,2,1,2,0,0,1,0,0,0,1,1,0,1,0,0,1,0,14,73,4,0,0,0,0,54,0,21,5,7,2,0,0,0,82,17,0
c:\Users\arthur.menezes_evolu\Desktop\Pes\YCSB\core\src\main\java\site\ycsb\generator\SequentialGenerator.java,site.ycsb.generator.SequentialGenerator,class,1,3,2,1,5,3,0,3,0,0.33333334,0.0,0.0,5,0,5,0,0,0,5,0,0,0,3,0,0,3,0,0,1,0,0,27,3,0,0,0,0,1,2,5,7,5,0,0,0,0,47,1,0
c:\Users\arthur.menezes_evolu\Desktop\Pes\YCSB\core\src\main\java\site\ycsb\workloads\RestWorkload.java,site.ycsb.workloads.RestWorkload,class,13,14,1,13,29,3,0,33,56,0.8979166,0.0,0.0,12,4,8,3,1,0,9,0,0,0,40,26,4,36,0,0,26,0,31,181,11,1,6,1,1,42,15,69,5,65,3,0,0,0,186,1,0
c:\Users\arthur.menezes_evolu\Desktop\Pes\YCSB\ignite\src\main\java\site\ycsb\db\ignite\IgniteSqlClient.java,site.ycsb.db.ignite.IgniteSqlClient,class,10,12,2,10,21,3,0,26,0,0.125,0.0,0.0,4,0,4,0,0,0,4,0,0,0,2,2,0,2,0,0,1,0,5,147,10,6,1,4,0,22,4,22,1,20,5,0,2,0,110,1,5
c:\Users\arthur.menezes_evolu\Desktop\Pes\YCSB\dynamodb\src\main\java\site\ycsb\db\DynamoDBClient.java,site.ycsb.db.DynamoDBClient,class,23,24,1,23,56,2,0,57,0,0.6666667,0.0,0.0,9,1,6,3,0,0,6,0,0,0,12,3,0,12,0,0,3,0,4,242,21,5,16,8,0,38,5,47,10,39,2,0,1,0,157,1,21
c:\Users\arthur.menezes_evolu\Desktop\Pes\YCSB\elasticsearch\src\test\java\site\ycsb\db\ElasticsearchClientTest.java,site.ycsb.db.ElasticsearchClientTest,class,12,12,0,12,13,1,0,16,0,0.5555556,0.0,0.0,9,2,9,0,0,0,10,0,0,0,8,8,1,7,0,0,8,0,0,68,0,3,0,0,0,8,12,24,6,23,1,0,0,0,59,1,0
c:\Users\arthur.menezes_evolu\Desktop\Pes\YCSB\solr7\src\main\java\site\ycsb\db\solr7\SolrClient.java,site.ycsb.db.solr7.SolrClient,class,15,18,3,15,36,2,0,43,0,0.6875,0.0,0.0,8,0,7,1,0,0,7,0,0,0,8,5,5,3,0,0,5,0,11,184,11,5,4,6,2,24,9,42,4,28,3,0,0,0,154,1,0
c:\Users\arthur.menezes_evolu\Desktop\Pes\YCSB\voltdb\src\main\java\site\ycsb\db\voltdb\sortedvolttable\ClientResponseIsBadException.java,site.ycsb.db.voltdb.sortedvolttable.ClientResponseIsBadException,class,0,1,1,0,1,3,0,0,0,0.0,NaN,NaN,1,0,1,0,0,0,1,0,0,0,0,0,0,0,0,0,0,0,0,5,0,0,0,0,0,1,0,0,0,0,0,0,0,0,6,1,0
c:\Users\arthur.menezes_evolu\Desktop\Pes\YCSB\core\src\main\java\site\ycsb\measurements\OneMeasurementHistogram.java,site.ycsb.measurements.OneMeasurementHistogram,class,3,4,1,3,16,2,0,11,0,0.375,0.0,0.0,4,0,4,0,0,0,4,0,0,1,14,3,3,11,0,0,5,0,4,88,2,2,1,0,17,16,22,31,14,22,2,0,0,0,99,1,0
c:\Users\arthur.menezes_evolu\Desktop\Pes\YCSB\core\src\test\java\site\ycsb\workloads\TestTimeSeriesWorkload.java,site.ycsb.workloads.TestTimeSeriesWorkload,class,11,12,1,11,61,2,0,35,105,0.0,0.0,0.0,15,0,13,2,0,0,13,0,0,0,0,0,0,0,0,0,0,0,12,441,3,24,9,6,7,119,123,101,10,79,3,0,1,0,85,1,0
c:\Users\arthur.menezes_evolu\Desktop\Pes\YCSB\rest\src\test\java\site\ycsb\webservice\rest\IntegrationTest.java,site.ycsb.webservice.rest.IntegrationTest$Anonymous6,anonymous,1,1,0,1,1,1,0,4,0,0.0,NaN,NaN,1,0,1,0,0,0,1,0,0,0,0,0,0,0,0,0,0,0,2,7,0,0,0,0,0,1,0,1,0,1,0,0,0,0,19,-1,0
c:\Users\arthur.menezes_evolu\Desktop\Pes\YCSB\rest\src\test\java\site\ycsb\webservice\rest\IntegrationTest.java,site.ycsb.webservice.rest.IntegrationTest$Anonymous7,anonymous,1,1,0,1,1,1,0,4,0,0.0,NaN,NaN,1,0,1,0,0,0,1,0,0,0,0,0,0,0,0,0,0,0,2,7,0,0,0,0,0,1,0,1,0,1,0,0,0,0,19,-1,0
c:\Users\arthur.menezes_evolu\Desktop\Pes\YCSB\rest\src\test\java\site\ycsb\webservice\rest\IntegrationTest.java,site.ycsb.webservice.rest.IntegrationTest$Anonymous4,anonymous,1,1,0,1,1,1,0,4,0,0.0,NaN,NaN,1,0,1,0,0,0,1,0,0,0,0,0,0,0,0,0,0,0,2,7,0,0,0,0,0,1,0,1,0,1,0,0,0,0,19,-1,0
c:\Users\arthur.menezes_evolu\Desktop\Pes\YCSB\rest\src\test\java\site\ycsb\webservice\rest\IntegrationTest.java,site.ycsb.webservice.rest.IntegrationTest$Anonymous5,anonymous,1,1,0,1,1,1,0,4,0,0.0,NaN,NaN,1,0,1,0,0,0,1,0,0,0,0,0,0,0,0,0,0,0,2,7,0,0,0,0,0,1,0,1,0,1,0,0,0,0,19,-1,0
c:\Users\arthur.menezes_evolu\Desktop\Pes\YCSB\core\src\main\java\site\ycsb\InputStreamByteIterator.java,site.ycsb.InputStreamByteIterator,class,3,4,1,3,14,2,0,6,0,0.2916667,0.0,0.0,6,0,6,0,0,0,6,0,0,0,4,0,0,4,0,0,3,0,0,64,4,0,1,3,0,3,3,9,1,7,2,0,0,0,37,1,0
c:\Users\arthur.menezes_evolu\Desktop\Pes\YCSB\jdbc\src\main\java\site\ycsb\db\flavors\DBFlavor.java,site.ycsb.db.flavors.DBFlavor$DBName,enum,0,0,0,0,0,1,0,0,0,0.0,-1.0,-1.0,0,0,0,0,0,0,0,0,0,0,0,0,0,0,0,0,0,0,0,1,0,0,0,0,0,0,0,0,0,0,0,0,0,0,11,0,0
c:\Users\arthur.menezes_evolu\Desktop\Pes\YCSB\rest\src\test\java\site\ycsb\webservice\rest\IntegrationTest.java,site.ycsb.webservice.rest.IntegrationTest$Anonymous8,anonymous,1,1,0,1,1,1,0,4,0,0.0,NaN,NaN,1,0,1,0,0,0,1,0,0,0,0,0,0,0,0,0,0,0,2,7,0,0,0,0,0,1,0,1,0,1,0,0,0,0,19,-1,0
c:\Users\arthur.menezes_evolu\Desktop\Pes\YCSB\couchbase2\src\main\java\site\ycsb\db\couchbase2\Couchbase2Client.java,site.ycsb.db.couchbase2.BackoffSelectStrategy,class,2,3,1,2,7,1,0,3,0,0.0,NaN,NaN,1,0,1,0,0,0,1,0,0,0,1,0,0,1,0,0,0,0,3,25,3,0,1,0,0,0,10,4,0,2,1,0,0,0,26,0,0
c:\Users\arthur.menezes_evolu\Desktop\Pes\YCSB\elasticsearch5\src\test\java\site\ycsb\db\elasticsearch5\ElasticsearchClientIT.java,site.ycsb.db.elasticsearch5.ElasticsearchClientIT,class,3,3,0,3,1,2,0,0,0,0.0,NaN,NaN,1,0,0,0,0,1,1,0,0,0,0,0,0,0,0,0,0,0,0,5,1,0,0,0,0,0,0,0,0,0,0,0,0,0,10,1,0
c:\Users\arthur.menezes_evolu\Desktop\Pes\YCSB\foundationdb\src\main\java\site\ycsb\db\foundationdb\FoundationDBClient.java,site.ycsb.db.foundationdb.FoundationDBClient,class,15,16,1,15,45,2,0,52,0,0.75,0.0,0.0,11,2,7,4,0,0,7,0,0,0,16,9,0,16,0,0,8,0,8,257,23,9,8,8,0,39,18,58,4,54,4,0,0,4,114,1,26
c:\Users\arthur.menezes_evolu\Desktop\Pes\YCSB\couchbase2\src\main\java\site\ycsb\db\couchbase2\Couchbase2Client.java,site.ycsb.db.couchbase2.Couchbase2Client,class,34,36,2,34,104,2,0,116,170,0.8635056,0.0,0.0,29,6,6,23,0,0,7,0,0,0,24,4,0,24,0,0,3,0,30,462,50,9,10,12,1,111,23,87,18,83,3,6,0,0,377,1,1
c:\Users\arthur.menezes_evolu\Desktop\Pes\YCSB\mongodb\src\test\java\site\ycsb\db\MongoDbClientTest.java,site.ycsb.db.MongoDbClientTest,class,5,7,2,5,6,2,1,5,1,0.33333334,0.0,0.0,3,0,1,0,2,0,3,0,0,0,1,0,0,1,0,0,0,0,0,29,2,0,1,2,0,0,0,3,0,1,2,0,0,0,32,1,0
c:\Users\arthur.menezes_evolu\Desktop\Pes\YCSB\griddb\src\test\java\site\ycsb\db\griddb\GridDBClientTest.java,site.ycsb.db.griddb.GridDBClientTest,class,17,18,1,17,28,1,0,42,0,0.75595236,0.0,0.0,12,1,10,1,1,0,11,0,0,0,14,11,1,13,0,0,11,0,7,196,1,8,2,5,0,35,15,70,10,64,3,0,0,0,129,1,0
c:\Users\arthur.menezes_evolu\Desktop\Pes\YCSB\core\src\main\java\site\ycsb\measurements\Measurements.java,site.ycsb.measurements.Measurements$StartTimeHolder,innerclass,0,0,0,0,2,1,0,1,0,0.0,NaN,NaN,1,0,0,0,0,1,1,0,0,0,1,0,0,0,1,0,0,0,1,11,2,0,1,0,0,0,1,0,0,1,1,0,0,0,5,8,0
c:\Users\arthur.menezes_evolu\Desktop\Pes\YCSB\hbase1\src\main\java\site\ycsb\db\hbase1\HBaseClient1.java,site.ycsb.db.hbase1.HBaseClient1,class,23,26,3,23,68,2,1,56,0,0.6239316,0.0,0.0,9,0,8,0,0,1,9,0,0,0,13,2,0,13,0,0,1,0,4,296,16,6,14,12,6,49,8,58,19,36,5,0,0,0,218,1,0
c:\Users\arthur.menezes_evolu\Desktop\Pes\YCSB\mongodb\src\main\java\site\ycsb\db\MongoDbClient.java,site.ycsb.db.MongoDbClient,class,21,23,2,21,46,2,0,60,0,0.7395833,0.0,0.0,8,0,7,0,1,0,8,0,0,0,12,11,0,12,0,0,5,0,5,220,17,7,13,7,2,34,7,49,8,42,5,0,0,0,204,1,0
c:\Users\arthur.menezes_evolu\Desktop\Pes\YCSB\core\src\main\java\site\ycsb\workloads\CoreWorkload.java,site.ycsb.workloads.CoreWorkload,class,24,38,14,24,74,2,2,64,20,0.8880208,0.0,0.0,16,3,9,3,3,1,13,0,0,0,72,52,52,3,17,0,52,0,46,434,10,8,17,3,11,95,36,169,31,145,3,0,0,0,416,1,0
c:\Users\arthur.menezes_evolu\Desktop\Pes\YCSB\voltdb\src\main\java\site\ycsb\db\voltdb\sortedvolttable\IncomingVoltTablesNeedToBeSortedException.java,site.ycsb.db.voltdb.sortedvolttable.IncomingVoltTablesNeedToBeSortedException,class,0,1,1,0,1,3,0,0,0,0.0,NaN,NaN,1,0,1,0,0,0,1,0,0,0,0,0,0,0,0,0,0,0,0,5,0,0,0,0,0,1,0,0,0,0,0,0,0,0,9,1,0
c:\Users\arthur.menezes_evolu\Desktop\Pes\YCSB\core\src\main\java\site\ycsb\StringByteIterator.java,site.ycsb.StringByteIterator,class,3,57,54,3,18,2,0,14,13,0.40909094,0.0,0.0,11,4,11,0,0,0,11,0,0,0,2,0,0,2,0,0,0,0,0,62,8,5,0,0,0,0,4,10,2,7,1,0,0,0,63,1,0
c:\Users\arthur.menezes_evolu\Desktop\Pes\YCSB\ignite\src\main\java\site\ycsb\db\ignite\IgniteClient.java,site.ycsb.db.ignite.IgniteClient$Updater,innerclass,4,4,0,4,4,1,0,10,0,0.0,0.0,0.0,2,0,1,0,0,1,2,0,0,0,2,0,0,2,0,0,0,0,0,22,1,2,0,0,0,0,2,7,0,5,1,0,0,0,21,9,0
c:\Users\arthur.menezes_evolu\Desktop\Pes\YCSB\asynchbase\src\test\java\site\ycsb\db\AsyncHBaseTest.java,site.ycsb.db.AsyncHBaseTest,class,20,21,1,20,14,1,0,52,5,0.52000004,0.0,0.0,10,3,9,1,0,0,9,0,0,0,5,2,0,5,0,0,1,0,7,102,1,3,1,0,0,26,12,35,2,34,1,0,0,0,113,1,0
c:\Users\arthur.menezes_evolu\Desktop\Pes\YCSB\core\src\main\java\site\ycsb\generator\DiscreteGenerator.java,site.ycsb.generator.DiscreteGenerator,class,3,8,5,3,8,2,0,4,2,0.5,0.0,0.0,4,0,4,0,0,0,4,0,0,0,2,0,0,2,0,0,1,0,1,39,2,2,1,0,0,1,1,8,1,5,2,0,1,0,49,1,0
c:\Users\arthur.menezes_evolu\Desktop\Pes\YCSB\seaweedfs\src\main\java\site\ycsb\db\seaweed\SeaweedClient.java,site.ycsb.db.seaweed.SeaweedClient,class,17,18,1,17,27,2,0,53,52,0.7912088,0.0,0.0,13,2,7,0,6,0,13,0,0,0,7,2,0,6,1,0,2,0,5,123,15,3,4,3,0,17,8,29,6,29,2,0,0,0,187,1,4
c:\Users\arthur.menezes_evolu\Desktop\Pes\YCSB\core\src\main\java\site\ycsb\generator\FileGenerator.java,site.ycsb.generator.FileGenerator,class,2,3,1,2,6,2,0,3,0,0.5,0.0,0.0,4,0,4,0,0,0,4,0,0,2,3,0,0,3,0,0,1,0,0,30,2,0,0,2,0,1,0,4,1,4,1,0,0,0,39,1,0
c:\Users\arthur.menezes_evolu\Desktop\Pes\YCSB\core\src\main\java\site\ycsb\RandomByteIterator.java,site.ycsb.RandomByteIterator,class,3,7,4,3,21,2,0,6,0,0.5,0.0,0.0,9,0,7,2,0,0,7,0,0,0,4,0,0,4,0,0,2,0,1,80,5,2,2,0,20,1,32,23,27,10,1,0,0,0,49,1,0
c:\Users\arthur.menezes_evolu\Desktop\Pes\YCSB\rest\src\main\java\site\ycsb\webservice\rest\RestClient.java,site.ycsb.webservice.rest.RestClient$Criteria,innerclass,0,0,0,0,3,1,0,0,0,0.0,0.0,0.0,3,0,3,0,0,0,3,0,0,0,1,0,0,1,0,0,0,0,0,12,1,0,0,0,0,0,0,2,0,1,0,0,0,0,12,0,0
c:\Users\arthur.menezes_evolu\Desktop\Pes\YCSB\core\src\main\java\site\ycsb\DBException.java,site.ycsb.DBException,class,0,37,37,0,4,3,0,0,6,1.0,0.0,0.0,4,0,4,0,0,0,4,0,0,0,1,1,0,1,0,0,1,0,0,15,0,0,0,0,0,0,1,1,0,1,0,0,0,0,18,1,0
c:\Users\arthur.menezes_evolu\Desktop\Pes\YCSB\scylla\src\test\java\site\ycsb\db\scylla\ScyllaCQLClientTest.java,site.ycsb.db.scylla.ScyllaCQLClientTest,class,20,21,1,20,16,1,0,47,0,0.6477273,0.0,0.0,11,0,10,1,0,0,10,0,0,0,8,6,1,7,0,0,5,0,5,125,0,2,3,0,0,44,10,39,0,38,2,0,0,0,83,1,0
c:\Users\arthur.menezes_evolu\Desktop\Pes\YCSB\aerospike\src\main\java\site\ycsb\db\AerospikeClient.java,site.ycsb.db.AerospikeClient,class,14,15,1,14,19,2,0,23,4,0.7375,0.0,0.0,8,0,7,1,0,0,7,0,0,0,10,4,0,10,0,0,4,0,3,104,11,2,4,4,0,23,1,33,6,21,2,0,0,0,69,1,0
c:\Users\arthur.menezes_evolu\Desktop\Pes\YCSB\rados\src\test\java\site\ycsb\db\RadosClientTest.java,site.ycsb.db.RadosClientTest,class,11,12,1,11,14,1,0,22,0,0.6666667,0.0,0.0,9,2,8,1,0,0,9,0,0,0,9,9,2,7,0,0,8,0,3,75,0,2,1,1,0,10,8,22,3,22,1,0,0,0,72,1,0
c:\Users\arthur.menezes_evolu\Desktop\Pes\YCSB\zookeeper\src\test\java\site\ycsb\db\zookeeper\ZKClientTest.java,site.ycsb.db.zookeeper.ZKClientTest,class,14,14,0,14,6,1,0,23,5,0.6666667,0.0,0.0,6,2,6,0,0,0,6,0,0,0,5,3,0,5,0,0,2,0,5,76,0,0,0,0,0,10,7,21,1,15,0,0,0,0,51,1,0
c:\Users\arthur.menezes_evolu\Desktop\Pes\YCSB\griddb\src\main\java\site\ycsb\db\griddb\GridDBClient.java,site.ycsb.db.griddb.GridDBClient,class,13,15,2,13,42,2,0,42,11,0.8181819,0.0,0.0,11,0,7,0,4,0,11,0,0,0,16,6,5,11,0,0,6,0,6,236,20,5,16,6,0,65,10,61,21,52,3,0,1,0,103,1,5
c:\Users\arthur.menezes_evolu\Desktop\Pes\YCSB\voltdb\src\main\java\site\ycsb\db\voltdb\sortedvolttable\NeedsToBeComparableException.java,site.ycsb.db.voltdb.sortedvolttable.NeedsToBeComparableException,class,0,1,1,0,1,3,0,0,0,0.0,NaN,NaN,1,0,1,0,0,0,1,0,0,0,0,0,0,0,0,0,0,0,0,5,0,0,0,0,0,1,0,0,0,0,0,0,0,0,6,1,0
c:\Users\arthur.menezes_evolu\Desktop\Pes\YCSB\ignite\src\main\java\site\ycsb\db\ignite\IgniteSqlClient.java,site.ycsb.db.ignite.IgniteSqlClient$UpdateData,innerclass,1,1,0,1,4,1,0,5,0,0.33333334,0.0,0.0,3,0,2,0,0,1,3,0,0,0,2,0,0,2,0,0,2,0,0,20,2,1,0,0,0,0,2,6,1,3,1,0,0,0,14,10,0
c:\Users\arthur.menezes_evolu\Desktop\Pes\YCSB\voltdb\src\test\java\site\ycsb\db\voltdb\test\VoltDBClientTest.java,site.ycsb.db.voltdb.test.VoltDBClientTest,class,12,13,1,12,52,1,0,47,0,0.7337279,0.0,0.0,13,3,8,5,0,0,8,0,0,0,13,13,0,13,0,0,11,0,3,262,8,12,7,9,4,48,29,69,24,67,3,0,0,0,137,1,1
c:\Users\arthur.menezes_evolu\Desktop\Pes\YCSB\core\src\main\java\site\ycsb\ByteIterator.java,site.ycsb.ByteIterator,class,2,103,101,2,13,1,8,8,36,0.0,0.0,0.0,9,0,9,0,0,0,9,3,0,0,0,0,0,0,0,0,0,0,2,38,3,2,1,0,0,2,1,8,0,6,1,0,0,0,142,1025,0
c:\Users\arthur.menezes_evolu\Desktop\Pes\YCSB\infinispan\src\main\java\site\ycsb\db\InfinispanClient.java,site.ycsb.db.InfinispanClient,class,11,12,1,11,22,2,0,19,0,0.33333334,0.0,0.0,8,0,8,0,0,0,8,0,0,0,3,1,0,3,0,0,2,0,6,108,9,1,3,5,0,3,0,12,0,9,4,0,0,0,47,1,5
c:\Users\arthur.menezes_evolu\Desktop\Pes\YCSB\core\src\main\java\site\ycsb\TimeseriesDB.java,site.ycsb.TimeseriesDB,class,8,9,1,8,25,2,0,28,43,0.84343445,0.0,0.0,11,1,6,0,5,0,11,4,3,0,18,6,0,6,12,0,6,0,11,137,12,3,2,0,0,8,16,46,1,42,3,0,1,2,305,1025,0
c:\Users\arthur.menezes_evolu\Desktop\Pes\YCSB\rest\src\test\java\site\ycsb\webservice\rest\RestTestResource.java,site.ycsb.webservice.rest.RestTestResource,class,9,11,2,9,8,1,0,6,10,0.0,0.0,0.0,5,1,4,1,0,0,4,0,0,0,0,0,0,0,0,0,0,0,4,20,8,0,0,0,0,10,0,0,1,0,3,0,0,0,33,1,0
c:\Users\arthur.menezes_evolu\Desktop\Pes\YCSB\core\src\main\java\site\ycsb\generator\DiscreteGenerator.java,site.ycsb.generator.DiscreteGenerator$Pair,innerclass,0,0,0,0,1,1,0,1,0,0.0,NaN,NaN,1,0,0,0,0,1,1,0,0,0,2,0,0,2,0,0,0,0,1,8,0,0,0,0,0,0,0,2,0,2,0,0,0,0,6,10,0
c:\Users\arthur.menezes_evolu\Desktop\Pes\YCSB\core\src\main\java\site\ycsb\generator\SkewedLatestGenerator.java,site.ycsb.generator.SkewedLatestGenerator,class,5,7,2,5,5,3,0,7,4,0.5,0.0,0.0,4,1,4,0,0,0,4,0,0,0,2,0,0,2,0,0,1,0,1,24,1,1,0,0,0,1,3,6,1,6,1,0,0,0,47,1,0
c:\Users\arthur.menezes_evolu\Desktop\Pes\YCSB\zookeeper\src\main\java\site\ycsb\db\zookeeper\ZKClient.java,site.ycsb.db.zookeeper.ZKClient$SimpleWatcher,innerclass,2,2,0,2,3,1,0,2,0,0.0,NaN,NaN,1,0,1,0,0,0,1,0,0,0,0,0,0,0,0,0,0,0,0,9,1,0,2,0,0,0,0,0,0,0,1,0,0,0,6,10,0
c:\Users\arthur.menezes_evolu\Desktop\Pes\YCSB\voltdb\src\main\java\site\ycsb\db\voltdb\sortedvolttable\VoltDBTableSortedMergeWrangler.java,site.ycsb.db.voltdb.sortedvolttable.VoltDBTableSortedMergeWrangler,class,8,10,2,8,21,1,0,15,4,0.5,0.0,0.0,5,0,2,3,0,0,2,0,0,0,2,0,0,2,0,0,0,0,0,80,5,4,4,0,2,9,18,31,5,22,4,0,0,0,150,1,0
c:\Users\arthur.menezes_evolu\Desktop\Pes\YCSB\kudu\src\main\java\site\ycsb\db\KuduYCSBClient.java,site.ycsb.db.KuduYCSBClient,class,24,25,1,24,52,2,0,80,22,0.8589743,0.0,0.0,13,1,7,6,0,0,7,0,0,0,30,22,0,30,0,0,19,0,14,291,15,8,12,6,0,36,23,88,10,81,4,0,0,0,187,1,5
c:\Users\arthur.menezes_evolu\Desktop\Pes\YCSB\riak\src\test\java\site\ycsb\db\riak\RiakKVClientTest.java,site.ycsb.db.riak.RiakKVClientTest,class,8,9,1,8,14,1,0,23,0,0.5061729,0.0,0.0,9,4,7,2,0,0,7,0,0,0,9,9,0,9,0,0,7,0,27,92,2,3,0,1,0,24,6,28,19,27,2,0,0,0,143,1,0
c:\Users\arthur.menezes_evolu\Desktop\Pes\YCSB\core\src\main\java\site\ycsb\generator\HotspotIntegerGenerator.java,site.ycsb.generator.HotspotIntegerGenerator,class,1,4,3,1,13,3,0,6,0,0.5714286,0.0,0.0,7,0,7,0,0,0,7,0,0,0,6,0,0,6,0,0,6,0,3,58,6,0,0,0,4,4,11,16,17,10,1,0,0,0,73,1,0
c:\Users\arthur.menezes_evolu\Desktop\Pes\YCSB\elasticsearch5\src\main\java\site\ycsb\db\elasticsearch5\Elasticsearch5.java,site.ycsb.db.elasticsearch5.Elasticsearch5,class,0,2,2,0,3,1,0,2,1,0.5,NaN,NaN,2,1,0,1,0,1,1,0,0,0,1,1,0,0,0,1,1,0,1,9,1,0,1,0,0,1,0,2,0,2,0,0,0,0,13,16,0
c:\Users\arthur.menezes_evolu\Desktop\Pes\YCSB\mongodb\src\main\java\site\ycsb\db\AsyncMongoDbClient.java,site.ycsb.db.AsyncMongoDbClient$Anonymous1,anonymous,1,1,0,1,1,1,0,1,0,0.0,NaN,NaN,1,0,0,0,1,0,1,0,0,0,0,0,0,0,0,0,0,0,0,5,1,0,0,0,0,0,0,0,0,0,0,0,0,0,4,-1,0
c:\Users\arthur.menezes_evolu\Desktop\Pes\YCSB\jdbc\src\test\java\site\ycsb\db\JdbcDBClientTest.java,site.ycsb.db.JdbcDBClientTest,class,9,10,1,9,45,1,0,54,0,0.75757575,0.0,0.0,15,3,12,3,0,0,12,0,0,0,11,11,0,11,0,0,9,0,17,267,2,18,2,8,1,67,36,61,21,56,3,0,0,0,121,1,0
c:\Users\arthur.menezes_evolu\Desktop\Pes\YCSB\core\src\main\java\site\ycsb\workloads\TimeSeriesWorkload.java,site.ycsb.workloads.TimeSeriesWorkload$ThreadState,innerclass,10,10,0,10,36,1,0,13,0,0.125,0.0,0.0,2,0,0,0,2,0,2,0,0,0,8,0,0,0,8,0,2,0,3,152,1,3,3,1,4,9,26,36,26,24,5,0,0,0,142,4,0
c:\Users\arthur.menezes_evolu\Desktop\Pes\YCSB\googledatastore\src\main\java\site\ycsb\db\GoogleDatastoreClient.java,site.ycsb.db.GoogleDatastoreClient$MutationType,enum,0,0,0,0,0,1,0,0,0,0.0,-1.0,-1.0,0,0,0,0,0,0,0,0,0,0,0,0,0,0,0,0,0,0,0,1,0,0,0,0,0,0,0,0,0,0,0,0,0,0,11,2,0
c:\Users\arthur.menezes_evolu\Desktop\Pes\YCSB\core\src\main\java\site\ycsb\measurements\exporter\MeasurementsExporter.java,site.ycsb.measurements.exporter.MeasurementsExporter,interface,0,11,11,0,3,1,0,0,3,0.0,0.0,0.0,3,0,0,0,0,3,3,0,0,0,0,0,0,0,0,0,0,0,0,5,0,0,0,0,0,0,0,0,0,0,0,0,0,0,32,1,0
c:\Users\arthur.menezes_evolu\Desktop\Pes\YCSB\core\src\main\java\site\ycsb\BasicDB.java,site.ycsb.BasicDB,class,4,6,2,4,48,2,1,38,28,0.81923074,0.0,0.0,13,1,8,0,5,0,13,0,0,0,20,16,8,0,12,0,10,0,18,220,11,8,10,0,3,45,9,39,12,37,4,1,0,0,160,1,0
c:\Users\arthur.menezes_evolu\Desktop\Pes\YCSB\core\src\test\java\site\ycsb\generator\TestRandomDiscreteTimestampGenerator.java,site.ycsb.generator.TestRandomDiscreteTimestampGenerator,class,2,2,0,2,8,1,0,7,3,0.0,0.0,0.0,3,0,3,0,0,0,3,0,0,0,0,0,0,0,0,0,0,0,1,39,0,3,0,2,0,2,16,8,2,7,1,0,0,0,27,1,0
c:\Users\arthur.menezes_evolu\Desktop\Pes\YCSB\core\src\test\java\site\ycsb\TestUtils.java,site.ycsb.TestUtils,class,4,5,1,4,19,1,0,16,21,0.0,0.0,0.0,7,0,7,0,0,0,7,0,0,0,0,0,0,0,0,0,0,0,36,76,0,1,6,0,0,9,130,14,4,3,2,0,0,0,54,1,0
c:\Users\arthur.menezes_evolu\Desktop\Pes\YCSB\voltdb\src\main\java\site\ycsb\db\voltdb\procs\Put.java,site.ycsb.db.voltdb.procs.Put,class,6,7,1,6,9,2,0,14,1,0.5,NaN,NaN,2,0,1,1,0,0,1,0,0,0,3,0,0,3,0,0,3,0,4,66,2,2,1,0,0,3,12,27,10,22,3,0,0,0,63,1,0
c:\Users\arthur.menezes_evolu\Desktop\Pes\YCSB\accumulo1.9\src\test\java\site\ycsb\db\accumulo\AccumuloTest.java,site.ycsb.db.accumulo.AccumuloTest,class,22,23,1,22,20,1,0,41,36,0.8,0.0,0.0,12,3,10,2,0,0,10,0,0,0,10,6,2,8,0,0,3,0,5,113,1,4,4,0,1,41,8,20,2,18,1,0,0,0,98,1,12
c:\Users\arthur.menezes_evolu\Desktop\Pes\YCSB\core\src\main\java\site\ycsb\StatusThread.java,site.ycsb.StatusThread,class,5,7,2,5,30,2,0,27,48,0.83076936,0.0,0.0,13,0,10,3,0,0,10,0,0,0,15,0,0,15,0,0,6,0,16,151,9,3,2,1,9,12,11,52,14,39,2,0,0,0,143,1,0
c:\Users\arthur.menezes_evolu\Desktop\Pes\YCSB\jdbc\src\main\java\site\ycsb\db\JdbcDBCli.java,site.ycsb.db.JdbcDBCli,class,1,2,1,1,25,1,0,23,6,0.0,NaN,NaN,4,3,1,3,0,0,1,0,0,0,0,0,0,0,0,0,0,0,21,122,0,3,10,3,0,17,18,21,4,19,3,0,0,0,68,17,0
c:\Users\arthur.menezes_evolu\Desktop\Pes\YCSB\core\src\main\java\site\ycsb\measurements\OneMeasurement.java,site.ycsb.measurements.OneMeasurement,class,3,10,7,3,10,1,5,10,13,0.6428572,0.0,0.0,7,0,6,0,1,0,7,3,1,0,2,0,0,2,0,0,2,0,0,30,1,1,2,0,0,1,0,6,1,4,2,0,0,0,61,1025,0
c:\Users\arthur.menezes_evolu\Desktop\Pes\YCSB\mongodb\src\main\java\site\ycsb\db\AsyncMongoDbClient.java,site.ycsb.db.AsyncMongoDbClient$BinaryByteArrayIterator,innerclass,2,2,0,2,5,2,0,3,0,0.0,0.0,0.0,4,0,4,0,0,0,4,0,0,0,2,0,0,2,0,0,1,0,1,19,3,0,0,0,1,0,3,4,1,3,0,0,0,0,40,26,0
c:\Users\arthur.menezes_evolu\Desktop\Pes\YCSB\riak\src\main\java\site\ycsb\db\riak\RiakKVClient.java,site.ycsb.db.riak.RiakKVClient,class,24,26,2,24,70,2,0,53,0,0.65993273,0.0,0.0,11,0,7,3,0,1,8,0,0,0,27,12,0,27,0,0,12,0,27,345,21,2,12,10,2,71,3,91,25,73,4,0,1,0,248,1,0
c:\Users\arthur.menezes_evolu\Desktop\Pes\YCSB\rados\src\main\java\site\ycsb\db\RadosClient.java,site.ycsb.db.RadosClient,class,14,16,2,14,22,2,0,33,1,0.7619048,0.0,0.0,7,0,7,0,0,0,7,0,0,0,9,6,6,3,0,0,6,0,0,101,10,2,5,4,1,13,3,26,4,21,2,0,0,0,77,1,0
c:\Users\arthur.menezes_evolu\Desktop\Pes\YCSB\ignite\src\test\java\site\ycsb\db\ignite\IgniteSqlClientTest.java,site.ycsb.db.ignite.IgniteSqlClientTest,class,18,19,1,18,16,2,0,45,0,0.7111111,0.0,0.0,9,1,9,0,0,0,9,0,0,0,5,5,0,5,0,0,4,0,12,194,0,4,3,0,1,109,13,59,1,57,2,1,0,0,105,1,0
c:\Users\arthur.menezes_evolu\Desktop\Pes\YCSB\cassandra\src\test\java\site\ycsb\db\CassandraCQLClientTest.java,site.ycsb.db.CassandraCQLClientTest,class,20,21,1,20,16,1,0,47,0,0.6477273,0.0,0.0,11,0,10,1,0,0,10,0,0,0,8,6,1,7,0,0,5,0,5,126,0,2,3,0,0,44,10,40,0,39,2,0,0,0,83,1,0
c:\Users\arthur.menezes_evolu\Desktop\Pes\YCSB\core\src\main\java\site\ycsb\generator\ScrambledZipfianGenerator.java,site.ycsb.generator.ScrambledZipfianGenerator,class,4,7,3,4,8,3,0,7,0,0.61904764,0.0,0.0,6,1,6,0,0,0,6,0,0,0,5,3,3,2,0,0,4,0,3,42,2,1,1,0,2,2,13,13,9,11,1,0,0,0,115,1,0
c:\Users\arthur.menezes_evolu\Desktop\Pes\YCSB\core\src\main\java\site\ycsb\generator\Generator.java,site.ycsb.generator.Generator,class,2,15,13,2,6,1,0,3,6,0.0,0.0,0.0,4,0,4,0,0,0,4,2,2,0,0,0,0,0,0,0,0,0,0,12,2,0,2,0,0,0,0,2,0,2,0,0,0,0,40,1025,0
c:\Users\arthur.menezes_evolu\Desktop\Pes\YCSB\asynchbase\src\main\java\site\ycsb\db\AsyncHBaseClient.java,site.ycsb.db.AsyncHBaseClient,class,14,16,2,14,62,2,0,58,0,0.7098766,0.0,0.0,9,0,7,2,0,0,7,0,0,0,18,11,1,17,0,0,9,0,8,264,13,7,10,8,3,50,6,48,14,38,6,0,0,0,191,1,0
c:\Users\arthur.menezes_evolu\Desktop\Pes\YCSB\couchbase2\src\main\java\site\ycsb\db\couchbase2\Couchbase2Client.java,site.ycsb.db.couchbase2.BackoffSelectStrategyFactory,class,3,4,1,3,1,1,0,0,0,0.0,NaN,NaN,1,0,1,0,0,0,1,0,0,0,0,0,0,0,0,0,0,0,0,5,1,0,0,0,0,0,0,0,0,0,0,0,0,0,10,0,0
c:\Users\arthur.menezes_evolu\Desktop\Pes\YCSB\memcached\src\main\java\site\ycsb\db\MemcachedClient.java,site.ycsb.db.MemcachedClient,class,19,20,1,19,35,2,0,58,52,0.8910255,0.0,0.0,13,3,7,0,6,0,13,0,0,0,24,19,16,7,1,0,20,0,16,163,18,3,7,5,0,24,4,54,3,48,2,0,0,0,119,1,4
c:\Users\arthur.menezes_evolu\Desktop\Pes\YCSB\orientdb\src\test\java\site\ycsb\db\OrientDBClientTest.java,site.ycsb.db.OrientDBClientTest,class,11,12,1,11,25,1,0,42,0,0.6666666,0.0,0.0,9,0,7,2,0,0,7,0,0,0,7,7,0,7,0,0,6,0,1,152,2,14,2,4,0,36,14,58,16,54,3,0,0,0,111,1,0
c:\Users\arthur.menezes_evolu\Desktop\Pes\YCSB\postgrenosql\src\main\java\site\ycsb\postgrenosql\StatementType.java,site.ycsb.postgrenosql.StatementType,class,2,4,2,2,18,1,0,6,0,0.26666668,0.0,0.0,5,0,5,0,0,0,5,0,0,0,3,0,0,3,0,0,0,0,0,67,12,0,11,0,6,0,5,9,6,6,2,0,1,0,40,1,0
c:\Users\arthur.menezes_evolu\Desktop\Pes\YCSB\ignite\src\test\java\site\ycsb\db\ignite\IgniteClientTest.java,site.ycsb.db.ignite.IgniteClientTest,class,17,18,1,17,11,2,0,35,19,0.78571427,0.0,0.0,7,1,7,0,0,0,7,0,0,0,4,4,0,4,0,0,3,0,7,128,0,2,2,0,1,52,8,43,1,41,2,0,0,0,86,1,0
c:\Users\arthur.menezes_evolu\Desktop\Pes\YCSB\core\src\main\java\site\ycsb\measurements\OneMeasurementHdrHistogram.java,site.ycsb.measurements.OneMeasurementHdrHistogram,class,6,8,2,6,22,2,0,39,5,0.6984127,0.0,0.0,7,0,4,3,0,0,4,0,0,0,9,3,3,6,0,0,8,0,6,117,7,3,4,2,0,43,12,23,10,20,3,0,0,0,153,1,0
c:\Users\arthur.menezes_evolu\Desktop\Pes\YCSB\orientdb\src\main\java\site\ycsb\db\OrientDBClient.java,site.ycsb.db.OrientDBClient,class,13,15,2,13,46,2,0,52,0,0.7847222,0.0,0.0,8,0,7,0,0,1,8,0,0,0,18,17,0,18,0,0,13,0,3,226,12,9,7,7,0,23,3,48,4,43,6,0,0,0,117,1,7
c:\Users\arthur.menezes_evolu\Desktop\Pes\YCSB\rest\src\main\java\site\ycsb\webservice\rest\RestClient.java,site.ycsb.webservice.rest.RestClient$Timer,innerclass,1,1,0,1,3,1,0,2,0,0.0,0.0,0.0,2,0,2,0,0,0,2,0,0,0,2,0,0,2,0,0,0,0,1,16,0,0,0,1,0,0,0,2,0,2,1,0,0,0,18,0,0
c:\Users\arthur.menezes_evolu\Desktop\Pes\YCSB\solr7\src\test\java\site\ycsb\db\solr7\SolrClientTest.java,site.ycsb.db.solr7.SolrClientTest,class,5,5,0,5,4,2,0,11,0,0.0,0.0,0.0,2,0,1,0,1,0,2,0,0,0,1,0,0,1,0,0,0,0,1,27,1,0,1,2,0,2,1,3,0,3,2,0,0,0,22,1,0
c:\Users\arthur.menezes_evolu\Desktop\Pes\YCSB\core\src\main\java\site\ycsb\WorkloadException.java,site.ycsb.WorkloadException,class,0,5,5,0,4,3,0,0,6,1.0,0.0,0.0,4,0,4,0,0,0,4,0,0,0,1,1,0,1,0,0,1,0,0,15,0,0,0,0,0,0,1,1,0,1,0,0,0,0,17,1,0
c:\Users\arthur.menezes_evolu\Desktop\Pes\YCSB\rest\src\main\java\site\ycsb\webservice\rest\RestClient.java,site.ycsb.webservice.rest.RestClient,class,20,22,2,20,38,5,0,50,16,0.8039216,0.0,0.0,12,0,6,6,0,0,6,0,0,0,17,7,0,17,0,0,7,0,5,251,17,5,10,4,2,33,27,68,18,49,3,0,3,0,131,1,0
c:\Users\arthur.menezes_evolu\Desktop\Pes\YCSB\accumulo1.9\src\main\java\site\ycsb\db\accumulo\AccumuloClient.java,site.ycsb.db.accumulo.AccumuloClient$Anonymous1,anonymous,0,0,0,0,1,1,0,1,0,0.0,NaN,NaN,1,0,1,0,0,0,1,0,0,0,0,0,0,0,0,0,0,0,0,5,0,0,0,0,0,0,0,0,0,0,0,0,0,0,1,-1,0
c:\Users\arthur.menezes_evolu\Desktop\Pes\YCSB\core\src\main\java\site\ycsb\workloads\ConstantOccupancyWorkload.java,site.ycsb.workloads.ConstantOccupancyWorkload,class,2,2,0,2,5,3,0,12,0,0.0,NaN,NaN,1,0,1,0,0,0,1,0,0,0,10,6,6,4,0,0,6,0,11,31,0,0,4,0,3,6,6,13,6,13,1,0,0,0,95,1,0
c:\Users\arthur.menezes_evolu\Desktop\Pes\YCSB\core\src\test\java\site\ycsb\generator\AcknowledgedCounterGeneratorTest.java,site.ycsb.generator.AcknowledgedCounterGeneratorTest,class,3,3,0,3,4,1,0,7,0,0.0,NaN,NaN,1,0,1,0,0,0,1,0,0,0,0,0,0,0,0,0,0,0,1,22,0,2,0,0,0,0,4,8,2,8,3,0,0,0,26,1,0
c:\Users\arthur.menezes_evolu\Desktop\Pes\YCSB\elasticsearch5\src\main\java\site\ycsb\db\elasticsearch5\ElasticsearchClient.java,site.ycsb.db.elasticsearch5.ElasticsearchClient,class,19,21,2,19,48,2,0,64,0,0.6666667,0.0,0.0,9,0,7,2,0,0,7,0,0,0,8,5,0,8,0,0,5,0,7,213,17,9,9,7,0,26,12,40,2,33,5,0,0,0,121,1,0
c:\Users\arthur.menezes_evolu\Desktop\Pes\YCSB\core\src\main\java\site\ycsb\UnknownDBException.java,site.ycsb.UnknownDBException,class,0,0,0,0,4,3,0,0,6,1.0,0.0,0.0,4,0,4,0,0,0,4,0,0,0,1,1,0,1,0,0,1,0,0,15,0,0,0,0,0,0,1,1,0,1,0,0,0,0,18,1,0
c:\Users\arthur.menezes_evolu\Desktop\Pes\YCSB\ignite\src\main\java\site\ycsb\db\ignite\IgniteClient.java,site.ycsb.db.ignite.IgniteClient,class,12,14,2,12,17,3,0,23,0,0.5,0.0,0.0,4,0,4,0,0,0,4,0,0,0,3,1,0,3,0,0,1,0,4,102,9,2,4,4,0,16,0,10,5,8,3,0,1,0,101,1,8
c:\Users\arthur.menezes_evolu\Desktop\Pes\YCSB\voltdb\src\main\java\site\ycsb\db\voltdb\procs\Scan.java,site.ycsb.db.voltdb.procs.Scan,class,4,4,0,4,2,2,0,2,0,0.0,NaN,NaN,1,0,1,0,0,0,1,0,0,0,2,0,0,2,0,0,2,0,0,13,1,0,1,0,0,3,0,2,0,2,1,0,0,0,42,1,0
c:\Users\arthur.menezes_evolu\Desktop\Pes\YCSB\googledatastore\src\main\java\site\ycsb\db\GoogleDatastoreClient.java,site.ycsb.db.GoogleDatastoreClient,class,22,23,1,22,33,2,0,59,20,0.7083333,0.0,0.0,8,0,6,2,0,0,6,0,0,0,6,2,0,6,0,0,0,0,3,150,11,2,13,5,2,38,3,31,13,25,2,0,2,0,131,1,11
c:\Users\arthur.menezes_evolu\Desktop\Pes\YCSB\voltdb\src\main\java\site\ycsb\db\voltdb\YCSBSchemaBuilder.java,site.ycsb.db.voltdb.YCSBSchemaBuilder,class,5,8,3,5,21,1,0,34,4,0.84615386,0.0,0.0,4,0,2,1,0,1,3,0,0,1,13,2,0,13,0,0,12,0,3,117,3,4,6,3,1,43,7,38,15,31,3,0,0,0,135,17,7
c:\Users\arthur.menezes_evolu\Desktop\Pes\YCSB\ignite\src\main\java\site\ycsb\db\ignite\IgniteAbstractClient.java,site.ycsb.db.ignite.IgniteAbstractClient,class,15,18,3,15,10,2,2,26,1,0.60606056,0.0,0.0,3,0,3,0,0,0,3,0,0,0,11,11,0,0,11,0,6,0,5,71,2,0,4,1,1,17,4,22,2,18,3,0,0,0,90,1025,2
c:\Users\arthur.menezes_evolu\Desktop\Pes\YCSB\azurecosmos\src\main\java\site\ycsb\db\AzureCosmosClient.java,site.ycsb.db.AzureCosmosClient,class,26,27,1,26,65,2,0,76,20,0.8007247,0.0,0.0,12,0,7,5,0,0,7,0,0,0,23,23,1,21,1,0,13,0,7,323,19,9,19,10,0,46,18,86,5,70,4,0,0,0,234,1,10
c:\Users\arthur.menezes_evolu\Desktop\Pes\YCSB\core\src\main\java\site\ycsb\DB.java,site.ycsb.DB,class,2,94,92,2,9,1,53,0,34,0.7777778,0.0,0.0,9,0,9,0,0,0,9,5,0,0,1,0,0,1,0,0,0,0,0,18,1,0,0,0,0,0,0,2,0,1,0,0,0,0,162,1025,0
c:\Users\arthur.menezes_evolu\Desktop\Pes\YCSB\mongodb\src\main\java\site\ycsb\db\AsyncMongoDbClient.java,site.ycsb.db.AsyncMongoDbClient,class,18,20,2,18,45,3,0,63,0,0.6979167,0.0,0.0,8,0,7,0,1,0,8,0,8,0,12,9,0,11,1,0,4,0,3,252,19,6,13,8,1,30,16,53,9,43,3,1,1,0,209,1,0
c:\Users\arthur.menezes_evolu\Desktop\Pes\YCSB\arangodb\src\main\java\site\ycsb\db\arangodb\ArangoDBClient.java,site.ycsb.db.arangodb.ArangoDBClient,class,16,17,1,16,48,2,0,74,35,0.7416667,0.0,0.0,15,0,7,8,0,0,7,0,0,0,8,2,0,8,0,0,1,0,9,227,22,7,8,10,0,44,8,40,6,35,4,0,0,0,209,1,17
c:\Users\arthur.menezes_evolu\Desktop\Pes\YCSB\core\src\main\java\site\ycsb\measurements\exporter\JSONMeasurementsExporter.java,site.ycsb.measurements.exporter.JSONMeasurementsExporter,class,4,4,0,4,6,1,0,7,0,0.4,0.0,0.0,5,0,5,0,0,0,5,0,0,0,2,0,0,2,0,0,1,0,0,35,0,0,1,0,0,9,0,3,0,3,1,0,0,0,33,1,0
c:\Users\arthur.menezes_evolu\Desktop\Pes\YCSB\crail\src\main\java\site\ycsb\db\crail\CrailClient.java,site.ycsb.db.crail.CrailClient,class,13,14,1,13,20,2,0,30,1,0.66666675,0.0,0.0,7,0,7,0,0,0,7,0,0,0,6,1,0,6,0,0,1,0,3,115,10,5,3,5,1,18,3,25,8,24,2,0,0,0,60,1,3
c:\Users\arthur.menezes_evolu\Desktop\Pes\YCSB\core\src\test\java\site\ycsb\workloads\TestTimeSeriesWorkload.java,site.ycsb.workloads.TestTimeSeriesWorkload$MockDB,innerclass,4,4,0,4,11,2,0,14,9,0.5833334,0.0,0.0,6,0,6,0,0,0,6,0,0,0,2,0,0,0,0,2,2,0,2,43,5,2,0,0,0,12,3,4,5,4,3,0,0,0,18,8,0
c:\Users\arthur.menezes_evolu\Desktop\Pes\YCSB\redis\src\main\java\site\ycsb\db\RedisClient.java,site.ycsb.db.RedisClient,class,11,12,1,11,22,2,0,30,0,0.73214287,0.0,0.0,8,0,7,1,0,0,7,0,0,0,7,6,6,1,0,0,6,0,6,91,7,2,6,1,3,9,3,24,0,21,2,0,0,0,73,1,0
c:\Users\arthur.menezes_evolu\Desktop\Pes\YCSB\core\src\main\java\site\ycsb\measurements\OneMeasurementRaw.java,site.ycsb.measurements.OneMeasurementRaw$RawDataPoint,innerclass,0,0,0,0,3,1,0,1,0,0.33333334,0.0,0.0,3,0,3,0,0,0,3,0,0,0,2,0,0,2,0,0,2,0,1,14,2,0,0,0,0,0,0,2,0,2,0,0,0,0,17,0,0
c:\Users\arthur.menezes_evolu\Desktop\Pes\YCSB\rocksdb\src\main\java\site\ycsb\db\rocksdb\RocksDBClient.java,site.ycsb.db.rocksdb.RocksDBClient$ColumnFamily,innerclass,2,2,0,2,3,1,0,0,0,0.33333334,0.0,0.0,3,0,2,1,0,0,2,0,0,0,2,0,0,2,0,0,2,0,0,14,2,0,0,0,0,0,0,2,0,2,0,0,0,0,7,26,0
c:\Users\arthur.menezes_evolu\Desktop\Pes\YCSB\core\src\main\java\site\ycsb\generator\UniformGenerator.java,site.ycsb.generator.UniformGenerator,class,3,4,1,3,4,2,0,5,0,0.22222222,0.0,0.0,3,0,3,0,0,0,3,0,0,0,3,0,0,3,0,0,2,0,0,20,2,0,1,0,0,0,2,4,1,3,1,0,0,0,49,1,0
c:\Users\arthur.menezes_evolu\Desktop\Pes\YCSB\griddb\src\main\java\site\ycsb\db\griddb\GridDBClient.java,site.ycsb.db.griddb.GridDBClient$RowComparator,innerclass,1,1,0,1,2,1,0,4,0,0.0,NaN,NaN,1,0,1,0,0,0,1,0,0,0,0,0,0,0,0,0,0,0,0,15,1,0,0,1,1,1,3,4,1,3,1,0,0,0,16,0,0
c:\Users\arthur.menezes_evolu\Desktop\Pes\YCSB\ignite\src\main\java\site\ycsb\db\ignite\IgniteSqlClient.java,site.ycsb.db.ignite.IgniteSqlClient$InsertData,innerclass,1,1,0,1,5,1,0,8,0,0.5,0.0,0.0,4,0,3,0,0,1,4,0,0,0,3,0,0,3,0,0,3,0,0,28,3,1,0,0,0,2,2,8,1,6,1,0,0,0,26,10,0
c:\Users\arthur.menezes_evolu\Desktop\Pes\YCSB\jdbc\src\main\java\site\ycsb\db\flavors\DefaultDBFlavor.java,site.ycsb.db.flavors.DefaultDBFlavor,class,3,5,2,3,13,2,1,6,21,0.0,0.0,0.0,7,0,7,0,0,0,7,0,0,0,0,0,0,0,0,0,0,0,0,77,5,2,0,0,0,28,3,9,2,8,2,0,0,0,48,1,0
c:\Users\arthur.menezes_evolu\Desktop\Pes\YCSB\core\src\main\java\site\ycsb\Utils.java,site.ycsb.Utils,class,3,15,12,3,26,1,0,23,103,0.8666667,0.0,0.0,15,14,14,1,0,0,14,0,0,0,2,2,2,0,0,0,2,0,14,100,14,5,0,0,17,3,59,33,22,18,2,0,0,0,200,17,0
c:\Users\arthur.menezes_evolu\Desktop\Pes\YCSB\core\src\main\java\site\ycsb\workloads\TimeSeriesWorkload.java,site.ycsb.workloads.TimeSeriesWorkload,class,24,27,3,24,101,2,0,58,4,0.85207105,0.0,0.0,13,0,4,0,9,0,13,0,0,0,91,46,46,0,45,0,46,0,33,675,7,14,23,3,9,101,58,186,61,158,2,0,2,0,710,1,0
c:\Users\arthur.menezes_evolu\Desktop\Pes\YCSB\scylla\src\main\java\site\ycsb\db\scylla\ScyllaCQLClient.java,site.ycsb.db.scylla.ScyllaCQLClient,class,22,24,2,22,72,2,0,92,0,0.699248,0.0,0.0,7,0,7,0,0,0,7,0,0,0,38,38,21,17,0,0,31,0,13,365,12,12,30,6,7,47,11,118,4,90,4,0,0,0,204,1,23
c:\Users\arthur.menezes_evolu\Desktop\Pes\YCSB\jdbc\src\main\java\site\ycsb\db\flavors\PhoenixDBFlavor.java,site.ycsb.db.flavors.PhoenixDBFlavor,class,2,3,1,2,6,3,0,6,3,0.0,0.0,0.0,3,0,3,0,0,0,3,0,0,0,0,0,0,0,0,0,0,0,0,31,2,3,0,0,0,14,3,6,1,6,1,0,0,0,36,1,0
c:\Users\arthur.menezes_evolu\Desktop\Pes\YCSB\core\src\main\java\site\ycsb\Client.java,site.ycsb.Client$Anonymous1,anonymous,0,0,0,0,2,1,0,2,0,0.0,NaN,NaN,1,0,1,0,0,0,1,0,0,0,0,0,0,0,0,0,0,0,1,11,1,0,0,1,0,1,1,0,0,0,1,0,0,0,13,-1,0
c:\Users\arthur.menezes_evolu\Desktop\Pes\YCSB\core\src\main\java\site\ycsb\measurements\exporter\TextMeasurementsExporter.java,site.ycsb.measurements.exporter.TextMeasurementsExporter,class,1,2,1,1,5,1,0,3,0,0.0,0.0,0.0,5,0,5,0,0,0,5,0,0,0,1,0,0,1,0,0,1,0,0,21,0,0,0,0,0,9,0,1,3,1,0,0,0,0,28,1,0
c:\Users\arthur.menezes_evolu\Desktop\Pes\YCSB\infinispan\src\main\java\site\ycsb\db\RemoteCacheManagerHolder.java,site.ycsb.db.RemoteCacheManagerHolder,class,2,4,2,2,4,1,0,0,1,0.5,NaN,NaN,2,1,0,1,0,1,1,0,0,0,1,1,0,1,0,0,0,0,0,18,1,0,2,0,0,0,0,5,0,2,3,0,0,0,18,16,0
c:\Users\arthur.menezes_evolu\Desktop\Pes\YCSB\solr7\src\test\java\site\ycsb\db\solr7\SolrClientCloudTest.java,site.ycsb.db.solr7.SolrClientCloudTest,class,4,4,0,4,4,2,0,8,0,0.0,0.0,0.0,2,0,1,0,1,0,2,0,0,0,1,0,0,1,0,0,0,0,0,26,1,0,1,2,0,3,0,1,0,1,2,0,0,0,18,1,0
c:\Users\arthur.menezes_evolu\Desktop\Pes\YCSB\maprdb\src\main\java\site\ycsb\db\mapr\MapRDBClient.java,site.ycsb.db.mapr.MapRDBClient,class,1,1,0,1,0,3,0,0,0,0.0,-1.0,-1.0,0,0,0,0,0,0,0,0,0,0,0,0,0,0,0,0,0,0,0,2,0,0,0,0,0,0,0,0,0,0,0,0,0,0,10,1,0
c:\Users\arthur.menezes_evolu\Desktop\Pes\YCSB\voltdb\src\main\java\site\ycsb\db\voltdb\VoltClient4.java,site.ycsb.db.voltdb.VoltClient4$StaticHolder,innerclass,1,1,0,1,0,1,0,0,0,NaN,-1.0,-1.0,0,0,0,0,0,0,0,0,0,0,1,1,0,0,0,1,1,0,0,3,0,0,0,0,0,0,0,1,0,1,0,0,0,0,13,10,0
c:\Users\arthur.menezes_evolu\Desktop\Pes\YCSB\core\src\main\java\site\ycsb\generator\ZipfianGenerator.java,site.ycsb.generator.ZipfianGenerator,class,2,10,8,2,20,3,0,11,34,0.80419594,0.0,0.0,13,3,8,0,0,5,13,0,0,0,7,1,1,6,0,0,4,0,11,86,8,1,1,0,12,5,31,23,38,16,3,0,0,0,237,1,0
c:\Users\arthur.menezes_evolu\Desktop\Pes\YCSB\core\src\main\java\site\ycsb\measurements\OneMeasurementTimeSeries.java,site.ycsb.measurements.OneMeasurementTimeSeries,class,4,6,2,4,13,2,0,12,0,0.6428571,0.0,0.0,5,0,4,1,0,0,4,0,0,1,14,2,2,12,0,0,4,0,3,72,2,1,1,0,13,11,18,31,7,19,1,0,0,0,77,1,0
c:\Users\arthur.menezes_evolu\Desktop\Pes\YCSB\jdbc\src\main\java\site\ycsb\db\flavors\DBFlavor.java,site.ycsb.db.flavors.DBFlavor,class,5,8,3,5,8,1,1,1,21,0.85714287,0.0,0.0,7,1,7,0,0,0,7,5,0,0,1,0,0,1,0,0,1,0,0,18,2,0,0,0,0,1,0,1,0,1,1,0,1,0,64,1025,0
c:\Users\arthur.menezes_evolu\Desktop\Pes\YCSB\azuretablestorage\src\main\java\site\ycsb\db\azuretablestorage\AzureClient.java,site.ycsb.db.azuretablestorage.AzureClient,class,17,18,1,17,38,2,0,40,20,0.8596492,0.0,0.0,12,0,8,4,0,0,8,0,0,0,19,16,11,8,0,0,13,0,6,201,18,7,8,8,0,21,7,61,0,56,4,1,0,0,111,1,0
c:\Users\arthur.menezes_evolu\Desktop\Pes\YCSB\core\src\main\java\site\ycsb\generator\HistogramGenerator.java,site.ycsb.generator.HistogramGenerator,class,3,5,2,3,12,3,0,10,0,0.48000002,0.0,0.0,5,0,4,1,0,0,4,0,0,0,5,0,0,5,0,0,2,0,4,58,3,4,3,1,6,5,13,21,7,13,2,0,0,0,68,1,0
c:\Users\arthur.menezes_evolu\Desktop\Pes\YCSB\core\src\test\java\site\ycsb\TestStatus.java,site.ycsb.TestStatus,class,2,2,0,2,1,1,0,3,0,0.0,NaN,NaN,1,0,1,0,0,0,1,0,0,0,0,0,0,0,0,0,0,0,0,13,0,0,0,0,0,0,0,0,0,0,0,0,0,0,7,1,0
c:\Users\arthur.menezes_evolu\Desktop\Pes\YCSB\mongodb\src\test\java\site\ycsb\db\AsyncMongoDbClientTest.java,site.ycsb.db.AsyncMongoDbClientTest,class,3,3,0,3,1,3,0,0,0,0.0,NaN,NaN,1,0,0,0,1,0,1,0,0,0,0,0,0,0,0,0,0,0,0,5,1,0,0,0,0,0,0,0,0,0,0,0,0,0,13,1,0
c:\Users\arthur.menezes_evolu\Desktop\Pes\YCSB\voltdb\src\main\java\site\ycsb\db\voltdb\ConnectionHelper.java,site.ycsb.db.voltdb.ConnectionHelper$Anonymous1,anonymous,1,1,0,1,1,1,0,2,0,0.0,NaN,NaN,1,0,1,0,0,0,1,0,0,0,0,0,0,0,0,0,0,0,1,6,0,0,0,0,0,0,0,0,0,0,0,0,0,0,7,-1,0
c:\Users\arthur.menezes_evolu\Desktop\Pes\YCSB\core\src\main\java\site\ycsb\measurements\OneMeasurementRaw.java,site.ycsb.measurements.OneMeasurementRaw$RawDataPointComparator,innerclass,1,1,0,1,3,1,0,1,0,0.0,NaN,NaN,1,0,1,0,0,0,1,0,0,0,0,0,0,0,0,0,0,0,0,13,3,0,1,0,0,0,3,0,0,0,1,0,0,0,6,0,0
c:\Users\arthur.menezes_evolu\Desktop\Pes\YCSB\core\src\main\java\site\ycsb\Workload.java,site.ycsb.Workload,class,1,7,6,1,7,1,2,2,19,0.92857146,0.0,0.0,7,0,7,0,0,0,7,2,0,0,4,3,3,1,0,0,3,0,0,22,2,0,0,0,0,3,0,4,0,4,0,0,1,0,194,1025,0
c:\Users\arthur.menezes_evolu\Desktop\Pes\YCSB\jdbc\src\main\java\site\ycsb\db\JdbcDBCreateTable.java,site.ycsb.db.JdbcDBCreateTable,class,1,2,1,1,30,1,0,28,6,0.0,NaN,NaN,4,3,1,3,0,0,1,0,0,0,0,0,0,0,0,0,0,0,28,157,0,4,11,4,0,27,24,28,4,23,3,0,0,0,91,17,0
c:\Users\arthur.menezes_evolu\Desktop\Pes\YCSB\core\src\main\java\site\ycsb\generator\RandomDiscreteTimestampGenerator.java,site.ycsb.generator.RandomDiscreteTimestampGenerator,class,3,6,3,3,7,3,0,3,0,0.25,0.0,0.0,4,0,3,1,0,0,3,0,0,0,4,1,1,3,0,0,3,0,1,36,1,1,0,0,1,5,4,10,5,5,1,0,0,0,151,1,0
c:\Users\arthur.menezes_evolu\Desktop\Pes\YCSB\core\src\main\java\site\ycsb\CommandLine.java,site.ycsb.CommandLine,class,5,6,1,5,59,1,0,52,53,0.8181818,0.0,0.0,11,10,3,8,0,0,3,0,0,0,1,1,1,0,0,0,1,0,33,277,0,9,22,4,8,68,65,44,16,38,3,0,0,0,114,17,0
c:\Users\arthur.menezes_evolu\Desktop\Pes\YCSB\core\src\main\java\site\ycsb\generator\NumberGenerator.java,site.ycsb.generator.NumberGenerator,class,1,16,15,1,3,2,10,0,1,0.33333334,0.0,0.0,3,0,2,0,1,0,3,1,0,0,1,0,0,1,0,0,0,0,0,10,1,0,0,0,0,0,0,1,0,1,0,0,0,0,31,1025,0
c:\Users\arthur.menezes_evolu\Desktop\Pes\YCSB\ignite\src\test\java\site\ycsb\db\ignite\IgniteClientTestBase.java,site.ycsb.db.ignite.IgniteClientTestBase,class,8,10,2,8,4,1,2,13,0,0.44444445,0.0,0.0,3,1,3,0,0,0,3,0,0,0,3,2,0,0,3,0,1,0,2,30,0,0,0,1,0,6,3,6,0,8,1,0,0,0,38,1,0
c:\Users\arthur.menezes_evolu\Desktop\Pes\YCSB\core\src\main\java\site\ycsb\Client.java,site.ycsb.RemainingFormatter,class,0,1,1,0,11,1,0,7,1,0.0,NaN,NaN,2,1,1,1,0,0,1,0,0,0,0,0,0,0,0,0,0,0,0,28,1,0,5,0,0,8,9,7,0,4,2,0,0,0,25,16,0
c:\Users\arthur.menezes_evolu\Desktop\Pes\YCSB\core\src\main\java\site\ycsb\DBFactory.java,site.ycsb.DBFactory,class,4,6,2,4,3,1,0,5,1,0.0,NaN,NaN,2,1,1,1,0,0,1,0,0,0,0,0,0,0,0,0,0,0,0,18,2,0,0,1,0,0,0,3,0,3,1,0,0,0,27,17,0
c:\Users\arthur.menezes_evolu\Desktop\Pes\YCSB\jdbc\src\main\java\site\ycsb\db\JdbcDBClient.java,site.ycsb.db.JdbcDBClient,class,10,12,2,10,82,2,0,63,1,0.888889,0.0,0.0,18,2,7,11,0,0,7,0,0,0,26,14,13,13,0,0,14,0,10,380,36,10,25,9,1,41,32,94,18,80,6,0,1,0,228,1,0
c:\Users\arthur.menezes_evolu\Desktop\Pes\YCSB\voltdb\src\main\java\site\ycsb\db\voltdb\VoltClient4.java,site.ycsb.db.voltdb.VoltClient4,class,15,17,2,15,44,2,0,51,4,0.7032967,0.0,0.0,13,0,8,5,0,0,8,0,0,0,7,1,0,7,0,0,1,0,8,195,19,6,11,6,0,21,15,53,6,46,4,0,1,0,111,1,7
c:\Users\arthur.menezes_evolu\Desktop\Pes\YCSB\core\src\main\java\site\ycsb\GoodBadUglyDB.java,site.ycsb.GoodBadUglyDB,class,5,6,1,5,16,2,0,17,22,0.8125,0.0,0.0,8,0,7,1,0,0,7,0,0,0,4,3,2,2,0,0,3,0,7,70,5,2,2,1,1,4,16,17,5,13,2,0,0,0,120,1,0
c:\Users\arthur.menezes_evolu\Desktop\Pes\YCSB\azuretablestorage\src\main\java\site\ycsb\db\azuretablestorage\AzureClient.java,site.ycsb.db.azuretablestorage.AzureClient$Anonymous1,anonymous,3,3,0,3,2,1,0,5,0,0.0,NaN,NaN,1,0,1,0,0,0,1,0,0,0,0,0,0,0,0,0,0,0,0,11,1,1,0,0,0,0,0,3,0,3,1,0,0,0,10,-1,0
c:\Users\arthur.menezes_evolu\Desktop\Pes\YCSB\core\src\main\java\site\ycsb\NumericByteIterator.java,site.ycsb.NumericByteIterator,class,3,9,6,3,12,2,0,4,0,0.33333334,0.0,0.0,9,0,9,0,0,0,9,0,0,0,3,0,0,3,0,0,2,0,4,42,6,0,0,0,0,2,3,7,1,3,1,0,0,0,43,1,0
c:\Users\arthur.menezes_evolu\Desktop\Pes\YCSB\googledatastore\src\main\java\site\ycsb\db\GoogleDatastoreClient.java,site.ycsb.db.GoogleDatastoreClient$EntityGroupingMode,enum,0,0,0,0,0,1,0,0,0,0.0,-1.0,-1.0,0,0,0,0,0,0,0,0,0,0,0,0,0,0,0,0,0,0,0,1,0,0,0,0,0,0,0,0,0,0,0,0,0,0,21,2,0
c:\Users\arthur.menezes_evolu\Desktop\Pes\YCSB\ignite\src\test\java\site\ycsb\db\ignite\IgniteSqlClientTest.java,site.ycsb.db.ignite.IgniteSqlClientTest$Anonymous1,anonymous,3,3,0,3,3,1,0,5,0,0.0,NaN,NaN,1,0,1,0,0,0,1,0,0,0,0,0,0,0,0,0,0,0,1,12,0,1,0,0,0,2,3,3,1,2,2,0,0,0,7,-1,0
c:\Users\arthur.menezes_evolu\Desktop\Pes\YCSB\rest\src\test\java\site\ycsb\webservice\rest\IntegrationTest.java,site.ycsb.webservice.rest.IntegrationTest,class,15,17,2,15,13,1,0,20,6,0.7380952,0.0,0.0,12,3,10,2,0,0,10,0,0,0,7,6,1,6,0,0,5,0,12,153,2,1,0,0,0,35,60,35,11,10,1,8,0,0,115,1,0
c:\Users\arthur.menezes_evolu\Desktop\Pes\YCSB\tablestore\src\main\java\site\ycsb\db\tablestore\TableStoreClient.java,site.ycsb.db.tablestore.TableStoreClient,class,25,26,1,25,36,2,0,49,0,0.3611111,0.0,0.0,9,0,6,3,0,0,6,0,0,0,4,2,0,4,0,0,1,0,1,186,17,5,6,6,1,17,18,45,2,38,3,0,0,6,94,1,8
c:\Users\arthur.menezes_evolu\Desktop\Pes\YCSB\core\src\test\java\site\ycsb\measurements\exporter\TestMeasurementsExporter.java,site.ycsb.measurements.exporter.TestMeasurementsExporter,class,6,6,0,6,2,1,0,13,0,0.0,NaN,NaN,1,0,1,0,0,0,1,0,0,0,0,0,0,0,0,0,0,0,0,25,0,1,0,0,0,10,7,11,0,11,1,0,0,0,36,1,0
c:\Users\arthur.menezes_evolu\Desktop\Pes\YCSB\core\src\test\java\site\ycsb\TestNumericByteIterator.java,site.ycsb.TestNumericByteIterator,class,3,3,0,3,6,1,0,12,1,0.0,0.0,0.0,2,0,2,0,0,0,2,0,0,0,0,0,0,0,0,0,0,0,0,94,0,0,0,4,0,4,41,2,0,2,1,0,0,0,21,1,0
c:\Users\arthur.menezes_evolu\Desktop\Pes\YCSB\core\src\test\java\site\ycsb\workloads\TestCoreWorkload.java,site.ycsb.workloads.TestCoreWorkload,class,5,5,0,5,8,1,0,4,1,0.0,0.0,0.0,2,0,2,0,0,0,2,0,0,0,0,0,0,0,0,0,0,0,2,36,0,2,0,0,0,9,9,4,0,4,2,0,0,0,19,1,0
c:\Users\arthur.menezes_evolu\Desktop\Pes\YCSB\nosqldb\src\main\java\site\ycsb\db\NoSqlDbClient.java,site.ycsb.db.NoSqlDbClient,class,12,13,1,12,32,2,0,37,35,0.54545456,0.0,0.0,11,3,7,4,0,0,7,0,0,0,1,0,0,1,0,0,0,0,7,147,13,2,6,7,0,22,2,24,1,20,2,0,0,0,98,1,0
c:\Users\arthur.menezes_evolu\Desktop\Pes\YCSB\jdbc\src\main\java\site\ycsb\db\StatementType.java,site.ycsb.db.StatementType,class,2,7,5,2,18,1,0,4,0,0.43333334,0.0,0.0,6,0,6,0,0,0,6,0,0,0,5,0,0,5,0,0,0,0,0,75,14,0,10,0,4,0,5,11,8,8,2,0,1,0,46,1,0
