file,class,type,cbo,cboModified,fanin,fanout,wmc,dit,noc,rfc,lcom,lcom*,tcc,lcc,totalMethodsQty,staticMethodsQty,publicMethodsQty,privateMethodsQty,protectedMethodsQty,defaultMethodsQty,visibleMethodsQty,abstractMethodsQty,finalMethodsQty,synchronizedMethodsQty,totalFieldsQty,staticFieldsQty,publicFieldsQty,privateFieldsQty,protectedFieldsQty,defaultFieldsQty,finalFieldsQty,synchronizedFieldsQty,nosi,loc,returnQty,loopQty,comparisonsQty,tryCatchQty,parenthesizedExpsQty,stringLiteralsQty,numbersQty,assignmentsQty,mathOperationsQty,variablesQty,maxNestedBlocksQty,anonymousClassesQty,innerClassesQty,lambdasQty,uniqueWordsQty,modifiers,logStatementsQty
c:\Users\arthur.menezes_evolu\Desktop\Pes\google-java-format\core\src\main\java\com\google\googlejavaformat\java\javadoc\Token.java,com.google.googlejavaformat.java.javadoc.Token$Type,enum,0,0,0,0,0,1,0,0,0,0.0,-1.0,-1.0,0,0,0,0,0,0,0,0,0,0,0,0,0,0,0,0,0,0,0,10,0,0,0,0,0,0,0,0,0,0,0,0,0,0,196,0,0
c:\Users\arthur.menezes_evolu\Desktop\Pes\google-java-format\core\src\main\java\com\google\googlejavaformat\java\JavaCommentsHelper.java,com.google.googlejavaformat.java.JavaCommentsHelper,class,6,8,2,6,34,1,0,39,5,0.61904764,0.0,0.0,7,1,2,5,0,0,2,0,0,0,3,1,0,3,0,0,3,0,5,119,12,9,1,0,1,13,15,30,5,25,3,0,0,1,57,17,0
c:\Users\arthur.menezes_evolu\Desktop\Pes\google-java-format\core\src\test\java\com\google\googlejavaformat\java\DiagnosticTest.java,com.google.googlejavaformat.java.DiagnosticTest,class,8,8,0,8,10,1,0,18,13,0.6,0.0,0.0,10,0,10,0,0,0,10,0,0,0,2,0,1,1,0,0,0,0,13,119,0,0,0,0,0,41,8,64,0,64,0,0,0,0,73,1,0
c:\Users\arthur.menezes_evolu\Desktop\Pes\google-java-format\core\src\main\java\com\google\googlejavaformat\java\GoogleJavaFormatToolProvider.java,com.google.googlejavaformat.java.GoogleJavaFormatToolProvider,class,2,2,0,2,3,1,0,4,1,0.0,0.0,0.0,2,0,2,0,0,0,2,0,0,0,0,0,0,0,0,0,0,0,1,15,3,0,0,1,0,1,1,0,0,0,1,0,0,0,23,1,0
c:\Users\arthur.menezes_evolu\Desktop\Pes\google-java-format\core\src\main\java\com\google\googlejavaformat\CloseOp.java,com.google.googlejavaformat.CloseOp,enum,3,6,3,3,3,1,0,3,3,0.0,0.0,0.0,3,1,3,0,0,0,3,0,0,0,0,0,0,0,0,0,0,0,0,11,2,0,0,0,0,0,0,0,0,0,0,0,0,0,45,1,0
c:\Users\arthur.menezes_evolu\Desktop\Pes\google-java-format\core\src\main\java\com\google\googlejavaformat\java\filer\FormattingFiler.java,com.google.googlejavaformat.java.filer.FormattingFiler,class,3,4,1,3,6,1,0,5,0,0.5,0.0,0.0,6,0,6,0,0,0,6,0,0,0,3,0,0,3,0,0,3,0,0,24,4,0,0,0,0,0,0,3,0,3,0,0,0,0,49,17,0
c:\Users\arthur.menezes_evolu\Desktop\Pes\google-java-format\core\src\main\java\com\google\googlejavaformat\java\TypeNameClassifier.java,com.google.googlejavaformat.java.TypeNameClassifier$TyParseState$Anonymous1,anonymous,2,2,0,2,5,1,0,0,0,0.0,NaN,NaN,1,0,1,0,0,0,1,0,0,0,0,0,0,0,0,0,0,0,0,15,4,0,0,0,0,0,0,0,0,0,1,0,0,0,10,-1,0
c:\Users\arthur.menezes_evolu\Desktop\Pes\google-java-format\core\src\main\java\com\google\googlejavaformat\java\CommandLineOptions.java,com.google.googlejavaformat.java.CommandLineOptions$Builder,innerclass,4,4,0,4,18,1,0,5,119,0.8888891,0.0,0.0,18,0,0,0,0,18,18,0,0,0,17,0,0,17,0,0,4,0,2,88,18,0,0,0,0,0,0,30,0,17,0,0,0,0,42,8,0
c:\Users\arthur.menezes_evolu\Desktop\Pes\google-java-format\core\src\test\java\com\google\googlejavaformat\java\TypeNameClassifierTest.java,com.google.googlejavaformat.java.TypeNameClassifierTest,class,6,7,1,6,4,1,0,9,6,0.0,0.0,0.0,4,1,3,1,0,0,3,0,0,0,0,0,0,0,0,0,0,0,28,38,1,0,0,0,0,27,11,0,0,0,0,0,0,0,16,17,0
c:\Users\arthur.menezes_evolu\Desktop\Pes\google-java-format\core\src\main\java\com\google\googlejavaformat\java\GoogleJavaFormatTool.java,com.google.googlejavaformat.java.GoogleJavaFormatTool,class,2,2,0,2,4,1,0,8,3,0.0,0.0,0.0,3,0,3,0,0,0,3,0,0,0,0,0,0,0,0,0,0,0,3,20,4,0,0,1,0,1,1,2,0,2,1,0,0,0,32,1,0
c:\Users\arthur.menezes_evolu\Desktop\Pes\google-java-format\core\src\main\java\com\google\googlejavaformat\Doc.java,com.google.googlejavaformat.Doc$State,innerclass,1,1,0,1,5,1,0,3,0,0.2,0.0,0.0,5,0,2,0,0,3,5,0,0,0,4,0,0,0,0,4,4,0,0,24,3,0,0,0,0,4,0,4,0,4,0,0,0,0,13,25,0
c:\Users\arthur.menezes_evolu\Desktop\Pes\google-java-format\core\src\main\java\com\google\googlejavaformat\DocBuilder.java,com.google.googlejavaformat.DocBuilder,class,6,15,9,6,9,1,0,9,0,0.5416667,0.0,0.0,8,0,4,0,0,4,8,0,0,0,3,0,0,3,0,0,2,0,2,35,3,1,0,0,0,3,0,6,0,5,1,0,0,0,112,17,0
c:\Users\arthur.menezes_evolu\Desktop\Pes\google-java-format\core\src\main\java\com\google\googlejavaformat\java\JavaFormatterOptions.java,com.google.googlejavaformat.java.JavaFormatterOptions$Style,enum,0,0,0,0,2,1,0,0,0,0.0,0.0,0.0,2,0,0,0,0,2,2,0,0,0,1,0,0,1,0,0,1,0,0,10,1,0,0,0,0,0,2,1,0,1,0,0,0,0,15,1,0
c:\Users\arthur.menezes_evolu\Desktop\Pes\google-java-format\core\src\main\java\com\google\googlejavaformat\java\SnippetFormatter.java,com.google.googlejavaformat.java.SnippetFormatter,class,9,13,4,9,29,1,0,37,15,0.8333333,0.0,0.0,6,3,2,4,0,0,2,0,0,0,3,2,0,3,0,0,3,0,5,135,10,8,8,0,3,14,23,28,15,24,2,0,2,1,97,1,0
c:\Users\arthur.menezes_evolu\Desktop\Pes\google-java-format\core\src\main\java\com\google\googlejavaformat\java\JavacTokens.java,com.google.googlejavaformat.java.JavacTokens$CommentWithTextAndPosition,innerclass,4,4,0,4,9,1,0,4,9,0.7,0.0,0.0,6,0,6,0,0,0,6,0,0,0,5,0,0,5,0,0,4,0,1,33,5,0,1,0,1,2,1,8,3,6,1,0,0,0,69,8,0
c:\Users\arthur.menezes_evolu\Desktop\Pes\google-java-format\core\src\main\java\com\google\googlejavaformat\java\FormatFileCallable.java,com.google.googlejavaformat.java.FormatFileCallable$Result,innerclass,5,5,0,5,6,1,0,3,15,0.0,0.0,0.0,6,1,0,0,0,6,6,4,0,0,0,0,0,0,0,0,0,0,0,12,2,0,0,0,0,0,0,0,0,0,0,0,0,0,16,1032,0
c:\Users\arthur.menezes_evolu\Desktop\Pes\google-java-format\core\src\main\java\com\google\googlejavaformat\java\JavaInputAstVisitor.java,com.google.googlejavaformat.java.JavaInputAstVisitor$BreakOrNot,enum,0,0,0,0,2,1,0,0,0,0.0,NaN,NaN,1,0,0,0,0,1,1,0,0,0,0,0,0,0,0,0,0,0,0,4,1,0,1,0,0,0,0,0,0,0,0,0,0,0,14,4,0
c:\Users\arthur.menezes_evolu\Desktop\Pes\google-java-format\idea_plugin\src\main\java\com\google\googlejavaformat\intellij\JreConfigurationChecker.java,com.google.googlejavaformat.intellij.JreConfigurationChecker,class,4,9,5,4,10,1,0,18,9,0.72222215,0.0,0.0,6,4,1,4,0,1,2,0,0,0,3,2,0,3,0,0,3,0,3,45,6,1,0,1,0,12,0,6,1,8,2,0,0,1,60,0,1
c:\Users\arthur.menezes_evolu\Desktop\Pes\google-java-format\core\src\main\java\com\google\googlejavaformat\java\JavaInputAstVisitor.java,com.google.googlejavaformat.java.JavaInputAstVisitor$AllowTrailingBlankLine,enum,1,1,0,1,2,1,0,0,0,0.0,NaN,NaN,1,1,0,0,0,1,1,0,0,0,0,0,0,0,0,0,0,0,0,4,1,0,0,0,0,0,0,0,0,0,0,0,0,0,20,4,0
c:\Users\arthur.menezes_evolu\Desktop\Pes\google-java-format\core\src\main\java\com\google\googlejavaformat\Output.java,com.google.googlejavaformat.Output,class,5,13,8,5,6,2,1,4,15,0.0,0.0,0.0,6,0,6,0,0,0,6,5,0,0,0,0,0,0,0,0,0,0,0,19,1,0,0,0,0,1,0,0,0,0,0,0,1,0,49,1025,0
c:\Users\arthur.menezes_evolu\Desktop\Pes\google-java-format\core\src\main\java\com\google\googlejavaformat\java\Formatter.java,com.google.googlejavaformat.java.Formatter$Anonymous1,anonymous,1,1,0,1,1,1,0,1,0,0.0,NaN,NaN,1,0,1,0,0,0,1,0,0,0,0,0,0,0,0,0,0,0,0,5,1,0,0,0,0,0,0,0,0,0,0,0,0,0,10,-1,0
c:\Users\arthur.menezes_evolu\Desktop\Pes\google-java-format\core\src\main\java\com\google\googlejavaformat\OpenOp.java,com.google.googlejavaformat.OpenOp,class,4,7,3,4,4,1,0,4,0,0.0,0.0,0.0,4,1,3,1,0,0,3,0,0,0,1,0,0,1,0,0,1,0,0,15,2,0,0,0,0,1,0,1,0,1,0,0,0,0,39,17,0
c:\Users\arthur.menezes_evolu\Desktop\Pes\google-java-format\core\src\main\java\com\google\googlejavaformat\java\RemoveUnusedImports.java,com.google.googlejavaformat.java.RemoveUnusedImports,class,16,23,7,16,23,3,0,53,21,0.0,NaN,NaN,7,7,1,6,0,0,1,0,0,0,0,0,0,0,0,0,0,0,11,192,13,2,2,2,1,9,1,27,6,23,2,1,1,0,105,1,0
c:\Users\arthur.menezes_evolu\Desktop\Pes\google-java-format\core\src\main\java\com\google\googlejavaformat\java\Trees.java,com.google.googlejavaformat.java.Trees,class,13,16,3,13,21,1,0,21,45,0.0,0.0,0.0,10,10,0,0,0,10,10,0,0,0,0,0,0,0,0,0,0,0,4,61,11,1,2,1,9,2,0,8,2,6,2,0,0,0,86,0,0
c:\Users\arthur.menezes_evolu\Desktop\Pes\google-java-format\idea_plugin\src\test\java\com\google\googlejavaformat\intellij\GoogleJavaFormatImportOptimizerTest.java,com.google.googlejavaformat.intellij.GoogleJavaFormatImportOptimizerTest$DelegatingFormatter$Anonymous1,anonymous,2,2,0,2,2,1,0,3,1,0.0,0.0,0.0,2,0,2,0,0,0,2,0,0,0,0,0,0,0,0,0,0,0,0,12,2,0,0,0,0,0,0,1,0,0,1,0,0,1,8,-1,0
c:\Users\arthur.menezes_evolu\Desktop\Pes\google-java-format\core\src\test\java\com\google\googlejavaformat\java\CommandLineFlagsTest.java,com.google.googlejavaformat.java.CommandLineFlagsTest,class,4,4,0,4,22,1,0,5,28,0.0,0.0,0.0,8,0,8,0,0,0,8,0,0,0,0,0,0,0,0,0,0,0,21,113,0,0,0,14,0,67,0,0,0,0,1,0,0,0,72,1,0
c:\Users\arthur.menezes_evolu\Desktop\Pes\google-java-format\core\src\test\java\com\google\googlejavaformat\java\MainTest.java,com.google.googlejavaformat.java.MainTest,class,11,11,0,11,25,1,0,51,97,0.71014494,0.0,0.0,23,0,23,0,0,0,23,0,0,0,3,1,1,2,0,0,2,0,25,235,1,0,0,3,0,217,21,102,12,102,1,0,0,0,166,1,0
c:\Users\arthur.menezes_evolu\Desktop\Pes\google-java-format\idea_plugin\src\test\java\com\google\googlejavaformat\intellij\GoogleJavaFormatImportOptimizerTest.java,com.google.googlejavaformat.intellij.GoogleJavaFormatImportOptimizerTest$DelegatingFormatter,innerclass,5,5,0,5,3,3,0,5,3,0.6666667,NaN,NaN,3,0,1,2,0,0,1,0,0,0,1,0,0,1,0,0,0,0,0,24,3,0,0,0,0,0,0,1,0,1,0,1,0,0,23,26,0
c:\Users\arthur.menezes_evolu\Desktop\Pes\google-java-format\core\src\main\java\com\google\googlejavaformat\java\DimensionHelpers.java,com.google.googlejavaformat.java.DimensionHelpers$SortedDims,enum,0,0,0,0,0,1,0,0,0,0.0,-1.0,-1.0,0,0,0,0,0,0,0,0,0,0,0,0,0,0,0,0,0,0,0,1,0,0,0,0,0,0,0,0,0,0,0,0,0,0,5,0,0
c:\Users\arthur.menezes_evolu\Desktop\Pes\google-java-format\core\src\test\java\com\google\googlejavaformat\java\filer\FormattingFilerTest.java,com.google.googlejavaformat.java.filer.FormattingFilerTest,class,7,7,0,7,2,1,0,10,1,1.0,0.0,0.0,2,0,2,0,0,0,2,0,0,0,1,0,1,0,0,0,0,0,0,58,0,0,0,2,0,12,0,9,0,9,1,1,2,0,36,1,0
c:\Users\arthur.menezes_evolu\Desktop\Pes\google-java-format\core\src\main\java\com\google\googlejavaformat\java\TypeNameClassifier.java,com.google.googlejavaformat.java.TypeNameClassifier,class,2,4,2,2,5,1,0,7,1,0.0,NaN,NaN,2,1,0,1,0,1,1,0,0,0,0,0,0,0,0,0,0,0,3,111,1,1,1,0,0,0,1,5,0,3,2,0,2,0,84,17,0
c:\Users\arthur.menezes_evolu\Desktop\Pes\google-java-format\idea_plugin\src\main\java\com\google\googlejavaformat\intellij\Notifications.java,com.google.googlejavaformat.intellij.Notifications,class,2,5,3,2,2,1,0,3,1,0.5,0.0,0.0,2,2,0,0,0,2,2,0,0,0,2,2,0,0,0,2,2,0,1,10,1,0,0,0,0,3,0,2,1,2,0,0,0,0,30,0,0
c:\Users\arthur.menezes_evolu\Desktop\Pes\google-java-format\core\src\main\java\com\google\googlejavaformat\java\TypeNameClassifier.java,com.google.googlejavaformat.java.TypeNameClassifier$TyParseState$Anonymous4,anonymous,2,2,0,2,1,1,0,0,0,0.0,NaN,NaN,1,0,1,0,0,0,1,0,0,0,0,0,0,0,0,0,0,0,0,5,1,0,0,0,0,0,0,0,0,0,0,0,0,0,8,-1,0
c:\Users\arthur.menezes_evolu\Desktop\Pes\google-java-format\idea_plugin\src\main\java\com\google\googlejavaformat\intellij\GoogleJavaFormatImportOptimizer.java,com.google.googlejavaformat.intellij.GoogleJavaFormatImportOptimizer,class,12,13,1,12,8,1,0,21,1,0.0,0.0,0.0,2,0,2,0,0,0,2,0,0,0,0,0,0,0,0,0,0,0,7,40,7,0,2,1,0,0,1,7,0,7,2,0,0,1,33,1,0
c:\Users\arthur.menezes_evolu\Desktop\Pes\google-java-format\core\src\main\java\com\google\googlejavaformat\java\JavaInputAstVisitor.java,com.google.googlejavaformat.java.JavaInputAstVisitor$DeclarationModifiersAndTypeAnnotations,innerclass,6,6,0,6,5,1,0,5,10,0.0,0.0,0.0,5,2,0,0,0,5,5,2,0,0,0,0,0,0,0,0,0,0,1,13,3,0,0,0,0,0,0,0,0,0,0,0,0,0,43,1032,0
c:\Users\arthur.menezes_evolu\Desktop\Pes\google-java-format\core\src\main\java\com\google\googlejavaformat\java\TypeNameClassifier.java,com.google.googlejavaformat.java.TypeNameClassifier$TyParseState$Anonymous5,anonymous,2,2,0,2,5,1,0,0,0,0.0,NaN,NaN,1,0,1,0,0,0,1,0,0,0,0,0,0,0,0,0,0,0,0,14,3,0,0,0,0,0,0,0,0,0,1,0,0,0,18,-1,0
c:\Users\arthur.menezes_evolu\Desktop\Pes\google-java-format\core\src\main\java\com\google\googlejavaformat\java\TypeNameClassifier.java,com.google.googlejavaformat.java.TypeNameClassifier$TyParseState$Anonymous2,anonymous,2,2,0,2,5,1,0,0,0,0.0,NaN,NaN,1,0,1,0,0,0,1,0,0,0,0,0,0,0,0,0,0,0,0,13,2,0,0,0,0,0,0,0,0,0,1,0,0,0,10,-1,0
c:\Users\arthur.menezes_evolu\Desktop\Pes\google-java-format\core\src\main\java\com\google\googlejavaformat\java\TypeNameClassifier.java,com.google.googlejavaformat.java.TypeNameClassifier$TyParseState$Anonymous3,anonymous,2,2,0,2,1,1,0,0,0,0.0,NaN,NaN,1,0,1,0,0,0,1,0,0,0,0,0,0,0,0,0,0,0,0,5,1,0,0,0,0,0,0,0,0,0,0,0,0,0,8,-1,0
c:\Users\arthur.menezes_evolu\Desktop\Pes\google-java-format\idea_plugin\src\main\java\com\google\googlejavaformat\intellij\GoogleJavaFormatFormattingService.java,com.google.googlejavaformat.intellij.GoogleJavaFormatFormattingService$GoogleJavaFormatFormattingTask,innerclass,7,7,0,7,11,1,0,22,3,0.5,0.0,0.0,6,2,3,3,0,0,3,0,0,0,2,0,0,2,0,0,2,0,3,33,5,0,2,1,0,0,5,4,0,5,1,0,0,1,29,26,0
c:\Users\arthur.menezes_evolu\Desktop\Pes\google-java-format\core\src\main\java\com\google\googlejavaformat\java\javadoc\CharStream.java,com.google.googlejavaformat.java.javadoc.CharStream,class,0,1,1,0,8,1,0,11,0,0.2,0.0,0.0,5,0,0,0,0,5,5,0,0,0,2,0,0,0,0,2,0,0,0,32,6,0,1,0,0,0,3,7,0,4,1,0,0,0,57,16,0
c:\Users\arthur.menezes_evolu\Desktop\Pes\google-java-format\core\src\main\java\com\google\googlejavaformat\java\StringWrapper.java,com.google.googlejavaformat.java.StringWrapper,class,19,27,8,19,64,1,0,99,134,0.91176474,0.0,0.0,17,16,1,13,0,3,4,0,0,0,2,2,1,1,0,0,2,0,27,320,21,10,11,3,6,24,29,51,11,44,4,1,1,4,214,17,0
c:\Users\arthur.menezes_evolu\Desktop\Pes\google-java-format\core\src\main\java\com\google\googlejavaformat\Doc.java,com.google.googlejavaformat.Doc$Token$RealOrImaginary,enum,0,0,0,0,2,1,0,0,0,0.0,NaN,NaN,1,0,0,0,0,1,1,0,0,0,0,0,0,0,0,0,0,0,0,4,1,0,1,0,0,0,0,0,0,0,0,0,0,0,25,1,0
c:\Users\arthur.menezes_evolu\Desktop\Pes\google-java-format\core\src\main\java\com\google\googlejavaformat\java\JavaOutput.java,com.google.googlejavaformat.java.JavaOutput,class,14,17,3,14,73,3,0,82,96,0.859375,0.0,0.0,16,5,13,3,0,0,13,0,0,0,12,0,0,12,0,0,7,0,12,253,13,16,8,0,2,11,32,63,11,47,6,0,0,1,148,17,0
c:\Users\arthur.menezes_evolu\Desktop\Pes\google-java-format\core\src\test\java\com\google\googlejavaformat\java\SnippetFormatterTest.java,com.google.googlejavaformat.java.SnippetFormatterTest,class,5,5,0,5,5,1,0,8,10,0.0,0.0,0.0,5,0,5,0,0,0,5,0,0,0,0,0,0,0,0,0,0,0,7,27,0,0,0,0,0,13,23,10,0,10,0,0,0,0,18,1,0
c:\Users\arthur.menezes_evolu\Desktop\Pes\google-java-format\core\src\main\java\com\google\googlejavaformat\java\JavaFormatterOptions.java,com.google.googlejavaformat.java.JavaFormatterOptions,class,6,15,9,6,6,1,0,7,15,0.0,0.0,0.0,6,2,6,0,0,0,6,3,0,0,0,0,0,0,0,0,0,0,1,30,3,0,0,0,0,0,0,0,0,0,0,0,2,0,71,1025,0
c:\Users\arthur.menezes_evolu\Desktop\Pes\google-java-format\core\src\main\java\com\google\googlejavaformat\java\StringWrapper.java,com.google.googlejavaformat.java.StringWrapper$Reflower,innerclass,11,11,0,11,14,3,0,43,0,0.2,0.0,0.0,4,0,0,2,0,2,2,0,0,0,5,0,0,5,0,0,5,0,14,103,1,5,4,0,1,5,11,30,6,30,3,0,1,1,66,10,0
c:\Users\arthur.menezes_evolu\Desktop\Pes\google-java-format\core\src\main\java\com\google\googlejavaformat\java\filer\FormattingJavaFileObject.java,com.google.googlejavaformat.java.filer.FormattingJavaFileObject,class,3,4,1,3,2,3,0,1,1,0.5,0.0,0.0,2,0,1,0,0,1,2,0,0,0,3,1,0,3,0,0,3,0,0,42,1,0,0,0,0,0,2,4,1,4,0,1,0,0,48,16,0
c:\Users\arthur.menezes_evolu\Desktop\Pes\google-java-format\core\src\main\java\com\google\googlejavaformat\java\ImportOrderer.java,com.google.googlejavaformat.java.ImportOrderer,class,14,21,7,14,60,1,0,63,74,0.85294116,0.0,0.0,17,4,2,15,0,0,2,0,0,0,10,5,0,10,0,0,10,0,9,289,23,9,1,0,0,20,9,43,7,39,3,0,3,1,217,1,0
c:\Users\arthur.menezes_evolu\Desktop\Pes\google-java-format\core\src\main\java\com\google\googlejavaformat\java\RemoveUnusedImports.java,com.google.googlejavaformat.java.RemoveUnusedImports$UnusedImportScanner$DocTreeScanner$ReferenceScanner,innerclass,2,2,0,2,3,2,0,6,0,0.0,0.0,0.0,2,0,2,0,0,0,2,0,0,0,1,0,0,1,0,0,1,0,0,10,1,0,1,0,0,0,1,1,1,1,0,0,0,0,10,2,0
c:\Users\arthur.menezes_evolu\Desktop\Pes\google-java-format\eclipse_plugin\src\com\google\googlejavaformat\java\GoogleJavaFormatter.java,com.google.googlejavaformat.java.GoogleJavaFormatter,class,11,12,1,11,22,2,0,22,21,0.85714287,0.0,0.0,7,0,3,4,0,0,3,0,0,0,1,1,0,1,0,0,1,0,1,82,11,3,3,1,1,2,6,19,3,15,3,0,0,0,79,1,0
c:\Users\arthur.menezes_evolu\Desktop\Pes\google-java-format\core\src\main\java\com\google\googlejavaformat\java\ImportOrderer.java,com.google.googlejavaformat.java.ImportOrderer$Import,innerclass,1,1,0,1,13,1,0,16,8,0.5925926,0.0,0.0,9,0,2,0,0,7,9,0,0,0,3,0,0,3,0,0,3,0,1,52,9,0,0,0,1,9,0,4,0,4,1,0,0,0,61,0,0
c:\Users\arthur.menezes_evolu\Desktop\Pes\google-java-format\core\src\test\java\com\google\googlejavaformat\java\RemoveUnusedImportsCaseLabelsTest.java,com.google.googlejavaformat.java.RemoveUnusedImportsCaseLabelsTest,class,4,4,0,4,2,1,0,8,0,0.0,NaN,NaN,1,0,1,0,0,0,1,0,0,0,0,0,0,0,0,0,0,0,2,7,0,0,0,0,0,12,1,1,0,1,0,0,0,0,35,1,0
c:\Users\arthur.menezes_evolu\Desktop\Pes\google-java-format\core\src\main\java\com\google\googlejavaformat\Input.java,com.google.googlejavaformat.Input,class,7,12,5,7,10,2,1,7,45,0.0,0.0,0.0,10,0,10,0,0,0,10,8,0,0,0,0,0,0,0,0,0,0,1,34,2,0,0,0,0,1,0,0,0,0,0,0,2,0,54,1025,0
c:\Users\arthur.menezes_evolu\Desktop\Pes\google-java-format\core\src\main\java\com\google\googlejavaformat\java\javadoc\JavadocLexer.java,com.google.googlejavaformat.java.javadoc.JavadocLexer,class,9,11,2,9,106,3,0,70,69,0.9079863,NaN,NaN,18,12,0,17,0,1,1,0,0,0,32,26,0,32,0,0,31,0,37,338,44,12,20,0,1,51,12,67,4,55,4,0,1,0,213,16,0
c:\Users\arthur.menezes_evolu\Desktop\Pes\google-java-format\core\src\test\java\com\google\googlejavaformat\java\RemoveUnusedImportsTest.java,com.google.googlejavaformat.java.RemoveUnusedImportsTest,class,6,6,0,6,4,1,0,9,0,0.0,0.0,0.0,3,1,3,0,0,0,3,0,0,0,2,0,0,2,0,0,2,0,1,23,1,1,0,0,0,147,3,7,2,7,1,0,0,0,39,1,0
c:\Users\arthur.menezes_evolu\Desktop\Pes\google-java-format\idea_plugin\src\test\java\com\google\googlejavaformat\intellij\GoogleJavaFormatFormattingServiceTest.java,com.google.googlejavaformat.intellij.GoogleJavaFormatFormattingServiceTest$DelegatingFormatter$Anonymous1,anonymous,0,0,0,0,2,1,0,2,1,0.0,0.0,0.0,2,0,2,0,0,0,2,0,0,0,0,0,0,0,0,0,0,0,0,9,1,0,0,0,0,0,0,1,0,0,0,0,0,0,4,-1,0
c:\Users\arthur.menezes_evolu\Desktop\Pes\google-java-format\core\src\main\java\com\google\googlejavaformat\java\JavaInputAstVisitor.java,com.google.googlejavaformat.java.JavaInputAstVisitor$DeclarationKind,enum,0,0,0,0,0,1,0,0,0,0.0,-1.0,-1.0,0,0,0,0,0,0,0,0,0,0,0,0,0,0,0,0,0,0,0,1,0,0,0,0,0,0,0,0,0,0,0,0,0,0,10,4,0
c:\Users\arthur.menezes_evolu\Desktop\Pes\google-java-format\core\src\main\java\com\google\googlejavaformat\Newlines.java,com.google.googlejavaformat.Newlines$LineOffsetIterator,innerclass,1,1,0,1,12,1,0,3,2,0.59999996,0.0,0.0,5,0,3,2,0,0,3,0,0,0,3,0,0,3,0,0,1,0,0,40,3,1,3,0,0,1,7,7,2,5,3,0,0,0,20,10,0
c:\Users\arthur.menezes_evolu\Desktop\Pes\google-java-format\core\src\main\java\com\google\googlejavaformat\java\JavacTokens.java,com.google.googlejavaformat.java.JavacTokens$AccessibleReader,innerclass,3,3,0,3,1,2,0,0,0,0.0,NaN,NaN,1,0,0,0,1,0,1,0,0,0,0,0,0,0,0,0,0,0,0,5,0,0,0,0,0,0,0,0,0,0,0,0,0,0,6,8,0
c:\Users\arthur.menezes_evolu\Desktop\Pes\google-java-format\core\src\main\java\com\google\googlejavaformat\java\javadoc\JavadocLexer.java,com.google.googlejavaformat.java.javadoc.JavadocLexer$LexException,innerclass,0,0,0,0,0,3,0,0,0,0.0,-1.0,-1.0,0,0,0,0,0,0,0,0,0,0,0,0,0,0,0,0,0,0,0,2,0,0,0,0,0,0,0,0,0,0,0,0,0,0,2,8,0
c:\Users\arthur.menezes_evolu\Desktop\Pes\google-java-format\core\src\main\java\com\google\googlejavaformat\Input.java,com.google.googlejavaformat.Input$Token,interface,2,2,0,2,3,1,0,0,3,0.0,0.0,0.0,3,0,0,0,0,3,3,0,0,0,0,0,0,0,0,0,0,0,0,5,0,0,0,0,0,0,0,0,0,0,0,0,0,0,18,1,0
c:\Users\arthur.menezes_evolu\Desktop\Pes\google-java-format\core\src\main\java\com\google\googlejavaformat\java\Formatter.java,com.google.googlejavaformat.java.Formatter,class,30,49,19,30,21,1,0,66,35,0.8181818,0.0,0.0,11,4,8,1,0,2,10,0,0,0,3,2,1,1,0,1,3,0,16,125,9,1,1,3,0,8,12,31,3,24,1,1,0,0,261,17,0
c:\Users\arthur.menezes_evolu\Desktop\Pes\google-java-format\core\src\test\java\com\google\googlejavaformat\java\filer\FormattingFilerTest.java,com.google.googlejavaformat.java.filer.FormattingFilerTest$Anonymous1,anonymous,0,0,0,0,4,1,0,1,6,0.0,0.0,0.0,4,0,4,0,0,0,4,0,0,0,0,0,0,0,0,0,0,0,0,11,0,0,0,0,0,1,0,0,1,0,0,0,0,0,13,-1,0
c:\Users\arthur.menezes_evolu\Desktop\Pes\google-java-format\core\src\main\java\com\google\googlejavaformat\Newlines.java,com.google.googlejavaformat.Newlines,class,4,20,16,4,19,1,0,12,24,0.5555556,0.0,0.0,9,9,9,0,0,0,9,0,0,0,1,1,0,1,0,0,1,0,2,130,14,3,1,0,0,8,6,4,3,4,3,0,2,0,83,1,0
c:\Users\arthur.menezes_evolu\Desktop\Pes\google-java-format\core\src\main\java\com\google\googlejavaformat\FormatterDiagnostic.java,com.google.googlejavaformat.FormatterDiagnostic,class,1,6,5,1,13,1,0,6,0,0.3809524,0.0,0.0,7,2,6,1,0,0,6,0,0,0,3,0,0,3,0,0,3,0,0,42,6,0,0,0,0,1,9,4,1,4,1,0,0,0,37,1,0
c:\Users\arthur.menezes_evolu\Desktop\Pes\google-java-format\core\src\main\java\com\google\googlejavaformat\Output.java,com.google.googlejavaformat.Output$BreakTag,innerclass,0,0,0,0,2,1,0,3,0,0.0,0.0,0.0,2,0,2,0,0,0,2,0,0,0,1,0,0,0,0,1,0,0,2,9,1,0,0,0,0,0,0,2,0,1,0,0,0,0,12,25,0
c:\Users\arthur.menezes_evolu\Desktop\Pes\google-java-format\core\src\main\java\com\google\googlejavaformat\java\StringWrapper.java,com.google.googlejavaformat.java.StringWrapper$Reflower$LongStringsAndTextBlockScanner,innerclass,7,7,0,7,8,3,0,16,0,0.0,0.0,0.0,2,0,1,0,0,1,2,0,0,0,2,0,0,2,0,0,2,0,4,32,5,1,2,0,1,1,3,6,2,6,1,0,0,0,32,2,0
c:\Users\arthur.menezes_evolu\Desktop\Pes\google-java-format\core\src\main\java\com\google\googlejavaformat\java\JavaInputAstVisitor.java,com.google.googlejavaformat.java.JavaInputAstVisitor,class,111,115,4,111,621,3,1,448,3467,0.9058064,0.0,0.0,155,22,66,58,19,12,97,0,9,0,15,7,0,5,9,1,15,0,176,2914,152,75,106,1,37,381,111,329,24,250,5,1,13,8,610,1,0
c:\Users\arthur.menezes_evolu\Desktop\Pes\google-java-format\core\src\main\java\com\google\googlejavaformat\java\JavaInputAstVisitor.java,com.google.googlejavaformat.java.JavaInputAstVisitor$BracesOrNot,enum,0,0,0,0,2,1,0,0,0,0.0,NaN,NaN,1,0,0,0,0,1,1,0,0,0,0,0,0,0,0,0,0,0,0,4,1,0,1,0,0,0,0,0,0,0,0,0,0,0,14,4,0
c:\Users\arthur.menezes_evolu\Desktop\Pes\google-java-format\core\src\test\java\com\google\googlejavaformat\java\GoogleJavaFormatToolProviderTest.java,com.google.googlejavaformat.java.GoogleJavaFormatToolProviderTest,class,3,3,0,3,1,1,0,12,0,0.0,NaN,NaN,1,0,1,0,0,0,1,0,0,0,0,0,0,0,0,0,0,0,2,14,0,0,0,0,0,4,1,6,0,6,0,0,0,0,27,1,0
c:\Users\arthur.menezes_evolu\Desktop\Pes\google-java-format\core\src\main\java\com\google\googlejavaformat\java\JavaInput.java,com.google.googlejavaformat.java.JavaInput$Tok,innerclass,4,4,0,4,17,1,0,9,39,0.7714286,0.0,0.0,15,0,13,0,0,2,15,0,0,0,7,0,0,7,0,0,7,0,1,60,14,0,1,0,0,9,1,7,0,7,0,0,0,0,86,24,0
c:\Users\arthur.menezes_evolu\Desktop\Pes\google-java-format\idea_plugin\src\main\java\com\google\googlejavaformat\intellij\GoogleJavaFormatFormattingService.java,com.google.googlejavaformat.intellij.GoogleJavaFormatFormattingService,class,18,23,5,18,9,2,4,17,21,0.85714287,0.0,0.0,7,1,3,1,3,0,6,0,0,0,1,1,1,0,0,0,1,0,6,67,8,0,0,0,0,1,0,5,0,5,1,0,1,0,54,1,0
c:\Users\arthur.menezes_evolu\Desktop\Pes\google-java-format\core\src\main\java\com\google\googlejavaformat\java\CommandLineOptions.java,com.google.googlejavaformat.java.CommandLineOptions,class,4,10,6,4,20,1,0,4,148,0.89117646,0.0,0.0,20,1,0,0,0,20,20,0,0,0,17,0,0,17,0,0,17,0,0,183,19,0,0,0,0,0,0,17,0,17,0,0,1,0,101,16,0
c:\Users\arthur.menezes_evolu\Desktop\Pes\google-java-format\core\src\main\java\com\google\googlejavaformat\OpsBuilder.java,com.google.googlejavaformat.OpsBuilder$BlankLineWanted$SimpleBlankLine,innerclass,2,2,0,2,3,2,0,0,1,0.33333334,0.0,0.0,3,0,2,0,0,1,3,0,0,0,1,0,0,1,0,0,1,0,0,12,2,0,0,0,0,0,0,1,0,1,0,0,0,0,7,26,0
c:\Users\arthur.menezes_evolu\Desktop\Pes\google-java-format\core\src\main\java\com\google\googlejavaformat\java\RemoveUnusedImports.java,com.google.googlejavaformat.java.RemoveUnusedImports$UnusedImportScanner$DocTreeScanner,innerclass,8,8,0,8,5,4,0,5,1,0.0,0.0,0.0,2,0,2,0,0,0,2,0,0,0,0,0,0,0,0,0,0,0,0,28,2,1,2,0,0,0,1,2,0,2,2,0,1,0,20,0,0
c:\Users\arthur.menezes_evolu\Desktop\Pes\google-java-format\core\src\main\java\com\google\googlejavaformat\OpsBuilder.java,com.google.googlejavaformat.OpsBuilder$BlankLineWanted$ConditionalBlankLine,innerclass,4,4,0,4,6,2,0,5,0,0.0,0.0,0.0,3,0,2,0,0,1,3,0,0,0,1,0,0,1,0,0,1,0,2,20,4,1,0,0,2,0,0,1,0,1,2,0,0,0,12,26,0
c:\Users\arthur.menezes_evolu\Desktop\Pes\google-java-format\core\src\main\java\com\google\googlejavaformat\java\ImportOrderer.java,com.google.googlejavaformat.java.ImportOrderer$ImportsAndIndex,innerclass,2,2,0,2,1,1,0,0,0,0.0,NaN,NaN,1,0,0,0,0,1,1,0,0,0,2,0,0,0,0,2,2,0,0,8,0,0,0,0,0,0,0,2,0,2,0,0,0,0,5,10,0
c:\Users\arthur.menezes_evolu\Desktop\Pes\google-java-format\core\src\main\java\com\google\googlejavaformat\java\filer\FormattingJavaFileObject.java,com.google.googlejavaformat.java.filer.FormattingJavaFileObject$Anonymous1,anonymous,3,3,0,3,6,1,0,9,6,0.0,0.0,0.0,4,0,4,0,0,0,4,0,0,0,0,0,0,0,0,0,0,0,0,28,0,0,1,2,0,1,0,1,2,1,2,1,0,0,21,-1,0
c:\Users\arthur.menezes_evolu\Desktop\Pes\google-java-format\idea_plugin\src\main\java\com\google\googlejavaformat\intellij\GoogleJavaFormatSettings.java,com.google.googlejavaformat.intellij.GoogleJavaFormatSettings$EnabledState,enum,0,0,0,0,0,1,0,0,0,0.0,-1.0,-1.0,0,0,0,0,0,0,0,0,0,0,0,0,0,0,0,0,0,0,0,1,0,0,0,0,0,0,0,0,0,0,0,0,0,0,10,0,0
c:\Users\arthur.menezes_evolu\Desktop\Pes\google-java-format\core\src\main\java\com\google\googlejavaformat\java\Main.java,com.google.googlejavaformat.java.Main,class,9,18,9,9,57,1,0,63,6,0.6444444,0.0,0.0,9,5,4,2,0,3,7,0,0,0,5,2,0,5,0,0,5,0,16,211,10,5,4,6,0,17,12,39,7,30,3,0,0,0,160,17,0
c:\Users\arthur.menezes_evolu\Desktop\Pes\google-java-format\core\src\main\java\com\google\googlejavaformat\Indent.java,com.google.googlejavaformat.Indent$If,innerclass,3,3,0,3,5,2,0,5,0,0.0,0.0,0.0,4,1,2,1,0,1,3,0,0,0,3,0,0,3,0,0,3,0,0,19,3,0,0,0,1,3,0,3,0,3,0,0,0,0,20,25,0
c:\Users\arthur.menezes_evolu\Desktop\Pes\google-java-format\core\src\main\java\com\google\googlejavaformat\java\javadoc\JavadocWriter.java,com.google.googlejavaformat.java.javadoc.JavadocWriter$RequestedWhitespace,enum,0,0,0,0,0,1,0,0,0,0.0,-1.0,-1.0,0,0,0,0,0,0,0,0,0,0,0,0,0,0,0,0,0,0,0,1,0,0,0,0,0,0,0,0,0,0,0,0,0,0,43,0,0
c:\Users\arthur.menezes_evolu\Desktop\Pes\google-java-format\core\src\main\java\com\google\googlejavaformat\java\JavaInput.java,com.google.googlejavaformat.java.JavaInput$Anonymous1,anonymous,0,0,0,0,1,1,0,0,0,0.0,NaN,NaN,1,0,1,0,0,0,1,0,0,0,0,0,0,0,0,0,0,0,0,5,1,0,0,0,0,0,0,0,0,0,0,0,0,0,11,-1,0
c:\Users\arthur.menezes_evolu\Desktop\Pes\google-java-format\idea_plugin\src\test\java\com\google\googlejavaformat\intellij\GoogleJavaFormatImportOptimizerTest.java,com.google.googlejavaformat.intellij.GoogleJavaFormatImportOptimizerTest,class,13,14,1,13,5,3,0,32,0,0.4,0.0,0.0,5,0,4,1,0,0,4,0,0,0,2,0,0,2,0,0,0,0,2,72,1,0,0,0,0,25,0,11,1,11,1,0,1,2,52,1,0
c:\Users\arthur.menezes_evolu\Desktop\Pes\google-java-format\core\src\main\java\com\google\googlejavaformat\Doc.java,com.google.googlejavaformat.Doc$Space,innerclass,8,8,0,8,9,2,0,6,36,0.8888889,0.0,0.0,9,1,4,1,0,4,8,0,0,0,1,1,0,1,0,0,1,0,0,29,6,0,0,0,0,2,2,1,1,1,0,0,0,0,42,24,0
c:\Users\arthur.menezes_evolu\Desktop\Pes\google-java-format\core\src\main\java\com\google\googlejavaformat\java\JavacTokens.java,com.google.googlejavaformat.java.JavacTokens$RawTok,innerclass,1,1,0,1,6,1,0,2,2,0.6,0.0,0.0,5,0,4,0,0,1,5,0,0,0,4,0,0,4,0,0,4,0,0,26,4,0,0,0,0,2,0,4,0,4,0,0,0,0,30,8,0
c:\Users\arthur.menezes_evolu\Desktop\Pes\google-java-format\core\src\main\java\com\google\googlejavaformat\java\JavaInputAstVisitor.java,com.google.googlejavaformat.java.JavaInputAstVisitor$ReceiverParameter,enum,0,0,0,0,2,1,0,0,0,0.0,NaN,NaN,1,0,0,0,0,1,1,0,0,0,0,0,0,0,0,0,0,0,0,4,1,0,1,0,0,0,0,0,0,0,0,0,0,0,16,0,0
c:\Users\arthur.menezes_evolu\Desktop\Pes\google-java-format\core\src\test\java\com\google\googlejavaformat\java\FormatterIntegrationTest.java,com.google.googlejavaformat.java.FormatterIntegrationTest,class,9,10,1,9,16,1,0,41,0,0.29999998,0.0,0.0,6,1,6,0,0,0,6,0,0,0,5,1,0,5,0,0,5,0,9,96,1,2,0,5,0,41,6,30,4,29,3,0,0,0,72,1,0
c:\Users\arthur.menezes_evolu\Desktop\Pes\google-java-format\core\src\main\java\com\google\googlejavaformat\java\javadoc\JavadocFormatter.java,com.google.googlejavaformat.java.javadoc.JavadocFormatter,class,5,7,2,5,44,1,0,42,26,0.85,NaN,NaN,8,7,1,7,0,0,1,0,0,0,5,5,0,4,0,1,5,0,10,136,12,1,0,1,0,10,2,11,2,11,2,0,0,0,104,17,0
c:\Users\arthur.menezes_evolu\Desktop\Pes\google-java-format\core\src\main\java\com\google\googlejavaformat\java\javadoc\NestingCounter.java,com.google.googlejavaformat.java.javadoc.NestingCounter,class,0,2,2,0,9,1,0,0,0,0.0,0.0,0.0,6,0,0,0,0,6,6,0,0,0,1,0,0,1,0,0,0,0,0,25,2,0,0,0,0,0,4,1,0,1,1,0,0,0,15,16,0
c:\Users\arthur.menezes_evolu\Desktop\Pes\google-java-format\core\src\main\java\com\google\googlejavaformat\java\Replacement.java,com.google.googlejavaformat.java.Replacement,class,2,9,7,2,10,1,0,8,0,0.16666667,0.0,0.0,6,1,5,1,0,0,5,0,0,0,2,0,0,2,0,0,2,0,1,32,7,0,1,0,0,4,1,3,0,3,1,0,0,0,50,17,0
c:\Users\arthur.menezes_evolu\Desktop\Pes\google-java-format\core\src\main\java\com\google\googlejavaformat\java\TypeNameClassifier.java,com.google.googlejavaformat.java.TypeNameClassifier$JavaCaseFormat,enum,1,1,0,1,8,1,0,7,0,0.0,NaN,NaN,1,1,0,0,0,1,1,0,0,0,0,0,0,0,0,0,0,0,4,27,2,1,1,0,1,0,2,10,0,6,2,0,0,0,31,1,0
c:\Users\arthur.menezes_evolu\Desktop\Pes\google-java-format\core\src\main\java\com\google\googlejavaformat\java\SnippetFormatter.java,com.google.googlejavaformat.java.SnippetFormatter$SnippetWrapper,innerclass,2,2,0,2,4,1,0,3,0,0.33333334,0.0,0.0,3,0,3,0,0,0,3,0,0,0,2,0,0,0,0,2,1,0,0,18,2,1,0,0,0,2,1,3,0,3,1,0,0,0,17,2,0
c:\Users\arthur.menezes_evolu\Desktop\Pes\google-java-format\core\src\main\java\com\google\googlejavaformat\java\java21\Java21InputAstVisitor.java,com.google.googlejavaformat.java.java21.Java21InputAstVisitor,class,14,15,1,14,15,5,0,23,45,0.0,0.0,0.0,10,0,7,1,2,0,9,0,0,0,0,0,0,0,0,0,0,0,0,75,8,2,0,0,0,11,2,3,1,2,2,0,0,0,59,1,0
c:\Users\arthur.menezes_evolu\Desktop\Pes\google-java-format\core\src\test\java\com\google\googlejavaformat\java\StringWrapperIntegrationTest.java,com.google.googlejavaformat.java.StringWrapperIntegrationTest,class,6,6,0,6,6,1,0,13,0,0.11111111,0.0,0.0,6,1,6,0,0,0,6,0,0,0,3,0,0,3,0,0,3,0,5,30,2,0,0,0,0,241,7,5,16,6,1,0,0,1,43,1,0
c:\Users\arthur.menezes_evolu\Desktop\Pes\google-java-format\core\src\main\java\com\google\googlejavaformat\java\JavaInputAstVisitor.java,com.google.googlejavaformat.java.JavaInputAstVisitor$AnnotationOrModifier$Kind,enum,0,0,0,0,0,1,0,0,0,0.0,-1.0,-1.0,0,0,0,0,0,0,0,0,0,0,0,0,0,0,0,0,0,0,0,1,0,0,0,0,0,0,0,0,0,0,0,0,0,0,7,0,0
c:\Users\arthur.menezes_evolu\Desktop\Pes\google-java-format\idea_plugin\src\test\java\com\google\googlejavaformat\intellij\GoogleJavaFormatFormattingServiceTest.java,com.google.googlejavaformat.intellij.GoogleJavaFormatFormattingServiceTest$DelegatingFormatter,innerclass,4,4,0,4,2,3,0,1,1,0.5,NaN,NaN,2,0,0,1,1,0,1,0,0,0,1,0,0,1,0,0,0,0,0,19,2,0,0,0,0,0,0,2,0,2,0,1,0,0,17,26,0
c:\Users\arthur.menezes_evolu\Desktop\Pes\google-java-format\core\src\main\java\com\google\googlejavaformat\java\JavaInputAstVisitor.java,com.google.googlejavaformat.java.JavaInputAstVisitor$AllowLeadingBlankLine,enum,1,1,0,1,2,1,0,0,0,0.0,NaN,NaN,1,1,0,0,0,1,1,0,0,0,0,0,0,0,0,0,0,0,0,4,1,0,0,0,0,0,0,0,0,0,0,0,0,0,20,4,0
c:\Users\arthur.menezes_evolu\Desktop\Pes\google-java-format\core\src\main\java\com\google\googlejavaformat\java\java17\Java17InputAstVisitor.java,com.google.googlejavaformat.java.java17.Java17InputAstVisitor,class,19,21,2,19,43,4,1,74,78,0.0,0.0,0.0,13,1,8,2,3,0,11,0,0,0,0,0,0,0,0,0,0,0,7,196,9,2,9,0,2,28,4,12,0,12,3,0,0,2,118,1,0
c:\Users\arthur.menezes_evolu\Desktop\Pes\google-java-format\core\src\test\java\com\google\googlejavaformat\NewlinesTest.java,com.google.googlejavaformat.NewlinesTest,class,4,4,0,4,8,1,0,8,6,0.0,0.0,0.0,4,0,4,0,0,0,4,0,0,0,0,0,0,0,0,0,0,0,16,59,0,0,0,4,0,28,15,4,0,2,1,0,0,0,16,1,0
c:\Users\arthur.menezes_evolu\Desktop\Pes\google-java-format\idea_plugin\src\main\java\com\google\googlejavaformat\intellij\GoogleJavaFormatConfigurable.java,com.google.googlejavaformat.intellij.GoogleJavaFormatConfigurable,class,14,15,1,14,18,2,0,21,51,0.69642854,0.0,0.0,14,0,11,3,0,0,12,0,0,0,4,0,0,4,0,0,1,0,6,66,8,0,1,0,1,4,29,9,0,9,0,0,0,0,82,0,0
c:\Users\arthur.menezes_evolu\Desktop\Pes\google-java-format\core\src\main\java\com\google\googlejavaformat\java\JavaInputAstVisitor.java,com.google.googlejavaformat.java.JavaInputAstVisitor$DimensionsOrNot,enum,0,0,0,0,2,1,0,0,0,0.0,NaN,NaN,1,0,0,0,0,1,1,0,0,0,0,0,0,0,0,0,0,0,0,4,1,0,1,0,0,0,0,0,0,0,0,0,0,0,16,0,0
c:\Users\arthur.menezes_evolu\Desktop\Pes\google-java-format\core\src\test\java\com\google\googlejavaformat\java\ImportOrdererTest.java,com.google.googlejavaformat.java.ImportOrdererTest,class,2,4,2,2,2,1,0,5,0,0.0,-1.0,-1.0,1,1,0,1,0,0,0,0,0,0,0,0,0,0,0,0,0,0,0,69,1,0,1,0,1,2,6,5,2,3,1,0,2,0,13,1,0
c:\Users\arthur.menezes_evolu\Desktop\Pes\google-java-format\core\src\main\java\com\google\googlejavaformat\Doc.java,com.google.googlejavaformat.Doc,class,8,17,9,8,8,6,10,4,28,0.925,0.0,0.0,8,0,2,0,0,6,8,5,3,0,5,2,0,5,0,0,5,0,0,371,3,0,0,0,0,0,2,5,0,5,0,0,7,0,134,1025,0
c:\Users\arthur.menezes_evolu\Desktop\Pes\google-java-format\core\src\main\java\com\google\googlejavaformat\Indent.java,com.google.googlejavaformat.Indent$Const,innerclass,2,2,0,2,4,2,0,3,0,0.5,0.0,0.0,4,1,2,1,0,1,3,0,0,0,2,1,1,1,0,0,2,0,0,16,3,0,0,0,0,1,1,2,1,2,0,0,0,0,17,25,0
c:\Users\arthur.menezes_evolu\Desktop\Pes\google-java-format\idea_plugin\src\main\java\com\google\googlejavaformat\intellij\GoogleJavaFormatSettings.java,com.google.googlejavaformat.intellij.GoogleJavaFormatSettings,class,11,18,7,11,12,1,0,4,0,0.5,0.0,0.0,10,1,2,0,0,8,10,0,0,0,2,0,0,2,0,0,1,0,1,63,5,0,0,0,0,2,0,5,0,2,1,0,2,0,28,0,0
c:\Users\arthur.menezes_evolu\Desktop\Pes\google-java-format\core\src\main\java\com\google\googlejavaformat\Doc.java,com.google.googlejavaformat.Doc$Level,innerclass,8,8,0,8,37,2,0,39,24,0.7,0.0,0.0,16,6,3,7,0,6,9,0,0,0,5,0,0,2,0,3,2,0,8,120,12,10,1,0,1,2,9,27,7,17,2,0,0,0,99,24,0
c:\Users\arthur.menezes_evolu\Desktop\Pes\google-java-format\core\src\main\java\com\google\googlejavaformat\java\javadoc\JavadocWriter.java,com.google.googlejavaformat.java.javadoc.JavadocWriter$AutoIndent,enum,0,0,0,0,0,1,0,0,0,0.0,-1.0,-1.0,0,0,0,0,0,0,0,0,0,0,0,0,0,0,0,0,0,0,0,1,0,0,0,0,0,0,0,0,0,0,0,0,0,0,12,0,0
c:\Users\arthur.menezes_evolu\Desktop\Pes\google-java-format\core\src\main\java\com\google\googlejavaformat\java\RemoveUnusedImports.java,com.google.googlejavaformat.java.RemoveUnusedImports$UnusedImportScanner,innerclass,14,14,0,14,14,5,0,15,19,0.8285715,0.0,0.0,7,1,4,3,0,0,4,0,0,0,5,1,0,3,0,2,5,0,1,85,10,0,5,2,0,2,0,6,0,6,2,0,1,0,56,10,0
c:\Users\arthur.menezes_evolu\Desktop\Pes\google-java-format\core\src\main\java\com\google\googlejavaformat\Indent.java,com.google.googlejavaformat.Indent,class,1,11,10,1,1,3,4,0,0,0.0,NaN,NaN,1,0,0,0,0,1,1,1,0,0,0,0,0,0,0,0,0,0,0,38,0,0,0,0,0,0,0,0,0,0,0,0,2,0,19,1025,0
c:\Users\arthur.menezes_evolu\Desktop\Pes\google-java-format\core\src\main\java\com\google\googlejavaformat\Doc.java,com.google.googlejavaformat.Doc$Tok,innerclass,10,10,0,10,16,2,0,25,0,0.44444445,0.0,0.0,9,1,4,1,0,4,8,0,0,0,2,0,0,1,0,1,1,0,4,48,10,0,1,0,0,5,3,4,4,4,2,0,0,0,47,24,0
c:\Users\arthur.menezes_evolu\Desktop\Pes\google-java-format\core\src\main\java\com\google\googlejavaformat\java\JavacTokens.java,com.google.googlejavaformat.java.JavacTokens$AccessibleScanner,innerclass,3,3,0,3,1,2,0,0,0,0.0,NaN,NaN,1,0,0,0,1,0,1,0,0,0,0,0,0,0,0,0,0,0,0,5,0,0,0,0,0,0,0,0,0,0,0,0,0,0,6,8,0
c:\Users\arthur.menezes_evolu\Desktop\Pes\google-java-format\core\src\main\java\com\google\googlejavaformat\java\SnippetFormatter.java,com.google.googlejavaformat.java.SnippetFormatter$SnippetKind,enum,0,0,0,0,0,1,0,0,0,0.0,-1.0,-1.0,0,0,0,0,0,0,0,0,0,0,0,0,0,0,0,0,0,0,0,1,0,0,0,0,0,0,0,0,0,0,0,0,0,0,16,1,0
c:\Users\arthur.menezes_evolu\Desktop\Pes\google-java-format\core\src\test\java\com\google\googlejavaformat\java\filer\FormattingFilerTest.java,com.google.googlejavaformat.java.filer.FormattingFilerTest$ObservingJavaFileObject,innerclass,0,0,0,0,3,1,0,2,1,0.33333334,0.0,0.0,3,0,2,0,0,1,3,0,0,0,1,0,0,1,0,0,1,0,1,12,2,0,0,0,0,0,0,1,0,1,0,0,0,0,22,10,0
c:\Users\arthur.menezes_evolu\Desktop\Pes\google-java-format\core\src\main\java\com\google\googlejavaformat\Doc.java,com.google.googlejavaformat.Doc$Break,innerclass,11,11,0,11,19,2,0,17,13,0.65476185,0.0,0.0,14,3,8,1,0,5,13,0,0,0,6,0,0,4,0,2,4,0,3,71,11,0,1,0,0,7,2,8,2,6,1,0,0,0,78,25,0
c:\Users\arthur.menezes_evolu\Desktop\Pes\google-java-format\core\src\main\java\com\google\googlejavaformat\java\JavaInputAstVisitor.java,com.google.googlejavaformat.java.JavaInputAstVisitor$CollapseEmptyOrNot,enum,1,1,0,1,4,1,0,0,1,0.0,0.0,0.0,2,1,0,0,0,2,2,0,0,0,0,0,0,0,0,0,0,0,0,7,2,0,1,0,0,0,0,0,0,0,0,0,0,0,19,4,0
c:\Users\arthur.menezes_evolu\Desktop\Pes\google-java-format\core\src\main\java\com\google\googlejavaformat\Input.java,com.google.googlejavaformat.Input$Tok,interface,0,0,0,0,11,1,0,0,55,0.0,0.0,0.0,11,0,0,0,0,11,11,0,0,0,0,0,0,0,0,0,0,0,0,13,0,0,0,0,0,0,0,0,0,0,0,0,0,0,52,1,0
c:\Users\arthur.menezes_evolu\Desktop\Pes\google-java-format\core\src\main\java\com\google\googlejavaformat\java\ImportOrderer.java,com.google.googlejavaformat.java.ImportOrderer$StringAndIndex,innerclass,0,0,0,0,1,1,0,0,0,0.0,NaN,NaN,1,0,0,0,0,1,1,0,0,0,2,0,0,2,0,0,2,0,0,8,0,0,0,0,0,0,0,2,0,2,0,0,0,0,5,10,0
c:\Users\arthur.menezes_evolu\Desktop\Pes\google-java-format\core\src\main\java\com\google\googlejavaformat\java\JavaInputAstVisitor.java,com.google.googlejavaformat.java.JavaInputAstVisitor$AnnotationOrModifier,innerclass,6,6,0,6,11,1,0,10,34,0.7777778,0.0,0.0,9,2,1,0,0,8,9,3,0,0,1,1,0,1,0,0,1,0,2,31,7,0,0,0,0,0,0,1,0,1,1,0,1,0,35,1032,0
c:\Users\arthur.menezes_evolu\Desktop\Pes\google-java-format\core\src\main\java\com\google\googlejavaformat\java\StringWrapper.java,com.google.googlejavaformat.java.StringWrapper$Anonymous1,anonymous,0,0,0,0,1,1,0,0,0,0.0,NaN,NaN,1,0,1,0,0,0,1,0,0,0,0,0,0,0,0,0,0,0,0,5,1,0,0,0,0,0,0,0,0,0,0,0,0,0,8,-1,0
c:\Users\arthur.menezes_evolu\Desktop\Pes\google-java-format\core\src\test\java\com\google\googlejavaformat\java\FormatterTest.java,com.google.googlejavaformat.java.FormatterTest,class,10,11,1,10,38,1,0,35,569,0.8857143,0.0,0.0,35,0,33,2,0,0,33,0,0,0,2,1,1,1,0,0,1,0,14,231,1,0,1,2,0,213,8,91,25,91,1,0,0,0,200,17,0
c:\Users\arthur.menezes_evolu\Desktop\Pes\google-java-format\core\src\main\java\com\google\googlejavaformat\InputOutput.java,com.google.googlejavaformat.InputOutput,class,6,11,5,6,18,1,2,19,0,0.625,0.0,0.0,8,2,5,1,2,0,7,0,5,0,4,2,0,2,2,0,3,0,2,58,5,5,0,0,0,3,9,17,5,15,3,0,0,0,72,1025,0
c:\Users\arthur.menezes_evolu\Desktop\Pes\google-java-format\core\src\main\java\com\google\googlejavaformat\java\JavaInputAstVisitor.java,com.google.googlejavaformat.java.JavaInputAstVisitor$VarArgsOrNot,enum,3,3,0,3,6,1,0,1,3,0.0,0.0,0.0,3,2,0,0,0,3,3,0,0,0,0,0,0,0,0,0,0,0,1,10,3,0,2,0,2,0,0,0,0,0,0,0,0,0,24,0,0
c:\Users\arthur.menezes_evolu\Desktop\Pes\google-java-format\core\src\main\java\com\google\googlejavaformat\Doc.java,com.google.googlejavaformat.Doc$Token,innerclass,12,12,0,12,13,2,0,14,0,0.61538464,0.0,0.0,13,1,4,1,0,8,12,0,0,0,4,0,0,4,0,0,4,0,0,54,10,0,0,0,0,3,0,6,1,6,0,0,1,0,86,25,0
c:\Users\arthur.menezes_evolu\Desktop\Pes\google-java-format\core\src\main\java\com\google\googlejavaformat\java\JavaInputAstVisitor.java,com.google.googlejavaformat.java.JavaInputAstVisitor$Anonymous1,anonymous,2,2,0,2,7,1,0,6,0,0.0,NaN,NaN,1,0,1,0,0,0,1,0,0,0,0,0,0,0,0,0,0,0,0,23,1,0,2,0,1,0,2,3,0,1,2,0,0,0,21,-1,0
c:\Users\arthur.menezes_evolu\Desktop\Pes\google-java-format\core\src\main\java\com\google\googlejavaformat\java\JavaInputAstVisitor.java,com.google.googlejavaformat.java.JavaInputAstVisitor$FirstDeclarationsOrNot,enum,0,0,0,0,2,1,0,0,0,0.0,NaN,NaN,1,0,0,0,0,1,1,0,0,0,0,0,0,0,0,0,0,0,0,4,1,0,1,0,0,0,0,0,0,0,0,0,0,0,19,4,0
c:\Users\arthur.menezes_evolu\Desktop\Pes\google-java-format\core\src\main\java\com\google\googlejavaformat\java\ModifierOrderer.java,com.google.googlejavaformat.java.ModifierOrderer,class,10,13,3,10,33,1,0,45,10,0.0,0.0,0.0,5,5,0,3,0,2,2,0,0,0,0,0,0,0,0,0,0,0,9,111,20,5,3,0,2,4,5,18,2,15,4,0,0,0,64,16,0
c:\Users\arthur.menezes_evolu\Desktop\Pes\google-java-format\core\src\main\java\com\google\googlejavaformat\java\JavaFormatterOptions.java,com.google.googlejavaformat.java.JavaFormatterOptions$Builder,innerclass,4,4,0,4,4,1,0,0,6,0.0,0.0,0.0,4,0,4,0,0,0,4,4,0,0,0,0,0,0,0,0,0,0,0,6,0,0,0,0,0,0,0,0,0,0,0,0,0,0,13,1033,0
c:\Users\arthur.menezes_evolu\Desktop\Pes\google-java-format\idea_plugin\src\main\java\com\google\googlejavaformat\intellij\UiFormatterStyle.java,com.google.googlejavaformat.intellij.UiFormatterStyle,enum,2,4,2,2,4,1,0,6,0,0.375,0.0,0.0,4,1,2,0,0,2,4,0,0,0,2,0,0,2,0,0,2,0,3,16,3,0,0,0,0,2,0,2,0,3,0,0,0,1,26,0,0
c:\Users\arthur.menezes_evolu\Desktop\Pes\google-java-format\core\src\main\java\com\google\googlejavaformat\java\javadoc\JavadocWriter.java,com.google.googlejavaformat.java.javadoc.JavadocWriter,class,7,9,2,7,53,1,0,25,475,0.90966386,0.0,0.0,34,0,1,9,0,24,25,0,0,0,14,1,0,14,0,0,6,0,0,224,4,0,7,0,3,9,10,30,8,16,1,0,2,0,195,16,0
c:\Users\arthur.menezes_evolu\Desktop\Pes\google-java-format\core\src\test\java\com\google\googlejavaformat\java\PartialFormattingTest.java,com.google.googlejavaformat.java.PartialFormattingTest,class,12,13,1,12,77,1,0,40,1930,0.8161765,0.0,0.0,68,2,62,5,0,1,63,0,0,0,2,0,1,1,0,0,1,0,45,594,6,9,0,0,1,908,59,326,43,324,1,0,0,0,248,17,0
c:\Users\arthur.menezes_evolu\Desktop\Pes\google-java-format\core\src\test\java\com\google\googlejavaformat\java\CommandLineOptionsParserTest.java,com.google.googlejavaformat.java.CommandLineOptionsParserTest,class,7,7,0,7,20,1,0,35,171,0.94736844,0.0,0.0,19,0,19,0,0,0,19,0,0,0,1,0,1,0,0,0,0,0,44,94,0,0,0,1,1,58,16,8,3,8,1,0,0,0,66,1,0
c:\Users\arthur.menezes_evolu\Desktop\Pes\google-java-format\core\src\main\java\com\google\googlejavaformat\FormattingError.java,com.google.googlejavaformat.FormattingError,class,2,5,3,2,3,3,0,4,1,0.33333334,0.0,0.0,3,0,3,0,0,0,3,0,0,0,1,0,0,1,0,0,1,0,0,13,1,0,0,0,0,2,0,1,1,1,0,0,0,0,9,1,0
c:\Users\arthur.menezes_evolu\Desktop\Pes\google-java-format\core\src\main\java\com\google\googlejavaformat\java\DimensionHelpers.java,com.google.googlejavaformat.java.DimensionHelpers$TypeWithDims,innerclass,3,3,0,3,1,1,0,0,0,0.0,NaN,NaN,1,0,1,0,0,0,1,0,0,0,2,0,0,0,0,2,2,0,0,8,0,0,0,0,0,0,0,2,0,2,0,0,0,0,17,8,0
c:\Users\arthur.menezes_evolu\Desktop\Pes\google-java-format\core\src\main\java\com\google\googlejavaformat\java\JavaInput.java,com.google.googlejavaformat.java.JavaInput,class,25,31,6,25,77,3,0,100,109,0.8195489,0.0,0.0,19,5,12,5,0,2,14,0,0,0,7,0,0,7,0,0,5,0,24,361,19,15,7,0,2,25,26,73,9,48,5,1,2,1,174,17,0
c:\Users\arthur.menezes_evolu\Desktop\Pes\google-java-format\core\src\main\java\com\google\googlejavaformat\java\JavacTokens.java,com.google.googlejavaformat.java.JavacTokens$CommentSavingTokenizer,innerclass,10,10,0,10,11,2,0,11,10,0.8,0.0,0.0,5,2,0,2,1,2,3,0,0,0,1,1,0,1,0,0,1,0,1,44,6,0,1,4,2,3,0,4,0,3,2,0,0,0,53,8,0
c:\Users\arthur.menezes_evolu\Desktop\Pes\google-java-format\core\src\test\java\com\google\googlejavaformat\java\ArrayDimensionTest.java,com.google.googlejavaformat.java.ArrayDimensionTest,class,6,6,0,6,3,1,0,12,0,0.0,0.0,0.0,3,1,3,0,0,0,3,0,0,0,1,0,0,1,0,0,1,0,1,17,1,0,0,0,0,42,0,6,2,6,0,0,0,1,50,1,0
c:\Users\arthur.menezes_evolu\Desktop\Pes\google-java-format\core\src\test\java\com\google\googlejavaformat\java\ModifierOrdererTest.java,com.google.googlejavaformat.java.ModifierOrdererTest,class,5,5,0,5,6,1,0,13,15,0.0,0.0,0.0,6,0,6,0,0,0,6,0,0,0,0,0,0,0,0,0,0,0,8,33,0,0,0,0,0,25,0,12,6,12,0,0,0,0,27,1,0
c:\Users\arthur.menezes_evolu\Desktop\Pes\google-java-format\core\src\main\java\com\google\googlejavaformat\java\UsageException.java,com.google.googlejavaformat.java.UsageException,class,3,5,2,3,6,3,0,12,10,0.8,0.0,0.0,5,3,0,3,0,2,2,0,0,0,4,4,0,4,0,0,4,0,11,30,1,0,1,0,0,46,0,5,1,5,1,0,0,0,145,16,0
c:\Users\arthur.menezes_evolu\Desktop\Pes\google-java-format\core\src\main\java\com\google\googlejavaformat\java\filer\FormattingJavaFileObject.java,com.google.googlejavaformat.java.filer.FormattingJavaFileObject$Anonymous1$Anonymous2,anonymous,0,0,0,0,1,1,0,1,0,0.0,NaN,NaN,1,0,1,0,0,0,1,0,0,0,0,0,0,0,0,0,0,0,0,5,1,0,0,0,0,0,0,0,0,0,0,0,0,0,6,-1,0
c:\Users\arthur.menezes_evolu\Desktop\Pes\google-java-format\core\src\main\java\com\google\googlejavaformat\java\CommandLineOptionsParser.java,com.google.googlejavaformat.java.CommandLineOptionsParser,class,6,9,3,6,52,1,0,50,15,0.8333333,NaN,NaN,6,6,0,5,0,1,1,0,0,0,3,3,0,3,0,0,3,0,16,157,6,3,1,2,0,39,15,18,9,16,2,0,0,0,121,16,0
c:\Users\arthur.menezes_evolu\Desktop\Pes\google-java-format\idea_plugin\src\test\java\com\google\googlejavaformat\intellij\GoogleJavaFormatFormattingServiceTest.java,com.google.googlejavaformat.intellij.GoogleJavaFormatFormattingServiceTest,class,16,17,1,16,9,3,0,41,0,0.4074074,0.0,0.0,9,0,8,1,0,0,8,0,0,0,3,0,0,3,0,0,0,0,3,99,1,0,0,0,0,47,2,25,0,25,0,0,1,6,72,1,0
c:\Users\arthur.menezes_evolu\Desktop\Pes\google-java-format\core\src\main\java\com\google\googlejavaformat\OpsBuilder.java,com.google.googlejavaformat.OpsBuilder$BlankLineWanted,innerclass,4,4,0,4,3,3,0,3,3,1.0,0.0,0.0,3,1,3,0,0,0,3,2,0,0,3,3,3,0,0,0,3,0,3,42,1,0,0,0,0,0,0,3,0,3,0,0,2,0,51,1033,0
c:\Users\arthur.menezes_evolu\Desktop\Pes\google-java-format\idea_plugin\src\main\java\com\google\googlejavaformat\intellij\InitialConfigurationStartupActivity.java,com.google.googlejavaformat.intellij.InitialConfigurationStartupActivity,class,8,9,1,8,4,1,0,13,1,0.5,NaN,NaN,2,0,1,1,0,0,1,0,0,0,2,2,0,2,0,0,2,0,2,23,0,0,0,0,0,3,0,4,1,6,1,0,0,1,44,16,0
c:\Users\arthur.menezes_evolu\Desktop\Pes\google-java-format\core\src\main\java\com\google\googlejavaformat\java\TypeNameClassifier.java,com.google.googlejavaformat.java.TypeNameClassifier$TyParseState,enum,2,2,0,2,3,1,0,0,1,0.33333334,0.0,0.0,3,0,2,0,0,1,3,1,0,0,1,0,0,1,0,0,1,0,0,66,1,0,0,0,0,0,0,1,0,1,0,5,0,0,57,2,0
c:\Users\arthur.menezes_evolu\Desktop\Pes\google-java-format\core\src\main\java\com\google\googlejavaformat\java\DimensionHelpers.java,com.google.googlejavaformat.java.DimensionHelpers,class,8,10,2,8,10,1,0,12,3,0.0,NaN,NaN,3,3,0,2,0,1,1,0,0,0,0,0,0,0,0,0,0,0,5,58,7,1,2,0,3,0,5,13,1,8,3,0,2,0,107,0,0
c:\Users\arthur.menezes_evolu\Desktop\Pes\google-java-format\core\src\main\java\com\google\googlejavaformat\java\FormatterException.java,com.google.googlejavaformat.java.FormatterException,class,3,13,10,3,6,3,0,11,9,0.5,0.0,0.0,6,2,5,1,0,0,5,0,0,0,1,0,0,1,0,0,1,0,2,22,3,0,0,0,0,0,0,1,0,1,0,0,0,0,24,17,0
c:\Users\arthur.menezes_evolu\Desktop\Pes\google-java-format\core\src\main\java\com\google\googlejavaformat\OpsBuilder.java,com.google.googlejavaformat.OpsBuilder,class,24,29,5,24,106,1,0,77,374,0.8302469,0.0,0.0,36,3,33,3,0,0,33,0,25,0,9,2,0,8,0,1,5,0,36,364,17,18,6,0,10,18,32,69,17,53,6,0,1,0,234,17,0
c:\Users\arthur.menezes_evolu\Desktop\Pes\google-java-format\core\src\main\java\com\google\googlejavaformat\java\javadoc\Token.java,com.google.googlejavaformat.java.javadoc.Token,class,2,6,4,2,5,1,0,3,2,0.5,0.0,0.0,5,0,1,0,0,4,5,0,0,0,2,0,0,2,0,0,2,0,0,30,4,0,0,0,0,2,0,2,1,2,0,0,1,0,214,16,0
c:\Users\arthur.menezes_evolu\Desktop\Pes\google-java-format\core\src\test\java\com\google\googlejavaformat\java\GoogleJavaFormatToolTest.java,com.google.googlejavaformat.java.GoogleJavaFormatToolTest,class,4,4,0,4,1,1,0,16,0,0.0,NaN,NaN,1,0,1,0,0,0,1,0,0,0,0,0,0,0,0,0,0,0,2,15,0,0,0,0,0,4,2,7,0,8,0,0,0,1,30,1,0
c:\Users\arthur.menezes_evolu\Desktop\Pes\google-java-format\core\src\test\java\com\google\googlejavaformat\java\filer\FormattingFilerTest.java,com.google.googlejavaformat.java.filer.FormattingFilerTest$FakeFiler,innerclass,1,1,0,1,4,1,0,1,6,0.0,0.0,0.0,4,0,4,0,0,0,4,0,0,0,0,0,0,0,0,0,0,0,0,14,4,0,0,0,0,0,0,0,2,0,0,0,0,0,21,10,0
c:\Users\arthur.menezes_evolu\Desktop\Pes\google-java-format\core\src\main\java\com\google\googlejavaformat\Newlines.java,com.google.googlejavaformat.Newlines$LineIterator,innerclass,2,2,0,2,8,1,0,7,2,0.5,0.0,0.0,5,0,3,2,0,0,3,0,0,0,4,0,0,2,0,2,2,0,1,34,2,0,0,0,0,1,0,7,0,5,1,0,0,0,20,10,0
c:\Users\arthur.menezes_evolu\Desktop\Pes\google-java-format\core\src\main\java\com\google\googlejavaformat\Op.java,com.google.googlejavaformat.Op,interface,1,11,10,1,1,1,0,0,0,0.0,NaN,NaN,1,0,0,0,0,1,1,0,0,0,0,0,0,0,0,0,0,0,0,3,0,0,0,0,0,0,0,0,0,0,0,0,0,0,32,1,0
c:\Users\arthur.menezes_evolu\Desktop\Pes\google-java-format\core\src\main\java\com\google\googlejavaformat\Doc.java,com.google.googlejavaformat.Doc$FillMode,enum,0,0,0,0,0,1,0,0,0,0.0,-1.0,-1.0,0,0,0,0,0,0,0,0,0,0,0,0,0,0,0,0,0,0,0,4,0,0,0,0,0,0,0,0,0,0,0,0,0,0,45,1,0
c:\Users\arthur.menezes_evolu\Desktop\Pes\google-java-format\core\src\main\java\com\google\googlejavaformat\java\JavaInputAstVisitor.java,com.google.googlejavaformat.java.JavaInputAstVisitor$Direction,enum,0,0,0,0,2,1,0,0,0,0.0,NaN,NaN,1,0,0,0,0,1,1,0,0,0,0,0,0,0,0,0,0,0,0,4,1,0,1,0,0,0,0,0,0,0,0,0,0,0,18,4,0
c:\Users\arthur.menezes_evolu\Desktop\Pes\google-java-format\core\src\test\java\com\google\googlejavaformat\java\ImportOrdererTest.java,com.google.googlejavaformat.java.ImportOrdererTest$GoogleStyle,innerclass,8,8,0,8,5,1,0,17,0,0.16666667,0.0,0.0,3,1,3,0,0,0,3,0,0,0,2,0,0,2,0,0,2,0,3,28,1,0,0,1,0,298,2,5,2,6,2,0,0,1,77,9,0
c:\Users\arthur.menezes_evolu\Desktop\Pes\google-java-format\core\src\main\java\com\google\googlejavaformat\java\FormatFileCallable.java,com.google.googlejavaformat.java.FormatFileCallable,class,9,11,2,9,13,1,0,25,0,0.1875,0.0,0.0,4,0,2,2,0,0,2,0,0,0,4,0,0,4,0,0,4,0,7,66,6,1,1,1,0,0,4,14,1,9,2,0,1,0,38,0,0
c:\Users\arthur.menezes_evolu\Desktop\Pes\google-java-format\core\src\test\java\com\google\googlejavaformat\java\StringWrapperTest.java,com.google.googlejavaformat.java.StringWrapperTest,class,6,7,1,6,10,1,0,9,15,0.0,0.0,0.0,6,1,5,1,0,0,5,0,0,0,0,0,0,0,0,0,0,0,17,35,1,0,0,0,0,65,9,11,3,11,0,0,0,0,56,1,0
c:\Users\arthur.menezes_evolu\Desktop\Pes\google-java-format\core\src\main\java\com\google\googlejavaformat\java\RemoveUnusedImports.java,com.google.googlejavaformat.java.RemoveUnusedImports$Anonymous1,anonymous,0,0,0,0,1,1,0,0,0,0.0,NaN,NaN,1,0,1,0,0,0,1,0,0,0,0,0,0,0,0,0,0,0,0,5,1,0,0,0,0,0,0,0,0,0,0,0,0,0,12,-1,0
c:\Users\arthur.menezes_evolu\Desktop\Pes\google-java-format\core\src\main\java\com\google\googlejavaformat\CommentsHelper.java,com.google.googlejavaformat.CommentsHelper,interface,1,10,9,1,4,1,0,9,1,0.5,0.0,0.0,2,1,0,0,0,2,2,0,0,0,1,0,0,0,0,1,0,0,5,14,3,0,0,0,0,2,1,2,0,2,1,0,0,0,45,1,0
c:\Users\arthur.menezes_evolu\Desktop\Pes\google-java-format\core\src\main\java\com\google\googlejavaformat\java\JavacTokens.java,com.google.googlejavaformat.java.JavacTokens,class,14,16,2,14,25,4,0,37,6,0.75,0.0,0.0,4,3,1,2,0,1,2,0,0,0,2,2,0,2,0,0,2,0,10,207,5,6,8,0,1,4,6,24,5,20,4,0,5,2,77,16,0
c:\Users\arthur.menezes_evolu\Desktop\Pes\google-java-format\core\src\main\java\com\google\googlejavaformat\java\JavaInput.java,com.google.googlejavaformat.java.JavaInput$Token,innerclass,3,3,0,3,5,1,0,4,0,0.4,0.0,0.0,5,0,4,0,0,1,5,0,0,0,3,0,0,3,0,0,3,0,0,22,4,0,0,0,0,3,0,3,0,3,0,0,0,0,49,24,0
c:\Users\arthur.menezes_evolu\Desktop\Pes\google-java-format\core\src\test\java\com\google\googlejavaformat\java\ImportOrdererTest.java,com.google.googlejavaformat.java.ImportOrdererTest$AospStyle,innerclass,8,8,0,8,5,1,0,17,0,0.16666667,0.0,0.0,3,1,3,0,0,0,3,0,0,0,2,0,0,2,0,0,2,0,3,28,1,0,0,1,0,203,2,5,2,6,2,0,0,1,30,9,0
c:\Users\arthur.menezes_evolu\Desktop\Pes\google-java-format\core\src\test\java\com\google\googlejavaformat\java\LineRangesToCharRangesTest.java,com.google.googlejavaformat.java.LineRangesToCharRangesTest,class,7,8,1,7,5,1,0,9,6,0.0,0.0,0.0,4,0,3,0,0,1,4,0,1,0,0,0,0,0,0,0,0,0,1,23,1,1,0,0,0,8,26,1,0,1,1,0,0,0,17,1,0
c:\Users\arthur.menezes_evolu\Desktop\Pes\google-java-format\core\src\test\java\com\google\googlejavaformat\java\JavadocFormattingTest.java,com.google.googlejavaformat.java.JavadocFormattingTest,class,5,6,1,5,64,1,0,10,1879,0.9354839,0.0,0.0,62,0,61,1,0,0,61,0,0,0,1,0,0,1,0,0,1,0,1,321,0,1,0,1,0,832,0,126,53,126,1,0,0,0,222,17,0
c:\Users\arthur.menezes_evolu\Desktop\Pes\google-java-format\idea_plugin\src\main\java\com\google\googlejavaformat\intellij\GoogleJavaFormatSettings.java,com.google.googlejavaformat.intellij.GoogleJavaFormatSettings$State,innerclass,3,3,0,3,6,1,0,1,0,0.5,0.0,0.0,2,0,2,0,0,0,2,0,0,0,2,0,1,1,0,0,0,0,1,25,3,0,1,0,0,2,0,5,0,2,1,0,0,0,8,8,0
