file,class,type,cbo,cboModified,fanin,fanout,wmc,dit,noc,rfc,lcom,lcom*,tcc,lcc,totalMethodsQty,staticMethodsQty,publicMethodsQty,privateMethodsQty,protectedMethodsQty,defaultMethodsQty,visibleMethodsQty,abstractMethodsQty,finalMethodsQty,synchronizedMethodsQty,totalFieldsQty,staticFieldsQty,publicFieldsQty,privateFieldsQty,protectedFieldsQty,defaultFieldsQty,finalFieldsQty,synchronizedFieldsQty,nosi,loc,returnQty,loopQty,comparisonsQty,tryCatchQty,parenthesizedExpsQty,stringLiteralsQty,numbersQty,assignmentsQty,mathOperationsQty,variablesQty,maxNestedBlocksQty,anonymousClassesQty,innerClassesQty,lambdasQty,uniqueWordsQty,modifiers,logStatementsQty
c:\Users\arthur.menezes_evolu\Desktop\Pes\Unblock163MusicClient-Xposed\app\src\main\java\bin\xposed\Unblock163MusicClient\hooker\Eapi.java,bin.xposed.Unblock163MusicClient.hooker.Eapi$Anonymous1,anonymous,6,6,0,6,24,1,0,19,0,0.0,NaN,NaN,1,0,0,0,1,0,1,0,0,0,0,0,0,0,0,0,0,0,12,49,2,0,3,0,5,26,0,14,4,8,2,0,0,0,32,-1,0
c:\Users\arthur.menezes_evolu\Desktop\Pes\Unblock163MusicClient-Xposed\app\src\main\java\bin\xposed\Unblock163MusicClient\CloudMusicPackage.java,bin.xposed.Unblock163MusicClient.CloudMusicPackage$MusicInfo,innerclass,7,7,0,7,13,1,0,20,9,0.7142857,0.0,0.0,7,3,7,0,0,0,7,0,0,0,3,2,0,3,0,0,1,0,11,53,8,0,3,0,0,8,1,11,0,11,3,0,0,0,45,9,0
c:\Users\arthur.menezes_evolu\Desktop\Pes\Unblock163MusicClient-Xposed\app\src\main\java\bin\xposed\Unblock163MusicClient\CloudMusicPackage.java,bin.xposed.Unblock163MusicClient.CloudMusicPackage$Okhttp$HttpUrl,innerclass,1,1,0,1,5,1,0,10,0,0.25,0.0,0.0,2,2,0,0,0,2,2,0,0,0,2,2,0,0,0,2,0,0,0,11,1,0,3,0,0,0,2,2,0,6,0,0,0,4,13,8,0
c:\Users\arthur.menezes_evolu\Desktop\Pes\Unblock163MusicClient-Xposed\app\src\main\java\bin\xposed\Unblock163MusicClient\hooker\QualityBox.java,bin.xposed.Unblock163MusicClient.hooker.QualityBox$Anonymous1,anonymous,4,4,0,4,4,1,0,12,0,0.0,NaN,NaN,1,0,0,0,1,0,1,0,0,0,0,0,0,0,0,0,0,0,1,18,0,1,0,0,0,4,4,7,0,6,3,0,0,0,23,-1,0
c:\Users\arthur.menezes_evolu\Desktop\Pes\Unblock163MusicClient-Xposed\app\src\main\java\bin\xposed\Unblock163MusicClient\hooker\MagiskFix.java,bin.xposed.Unblock163MusicClient.hooker.MagiskFix,class,3,4,1,3,1,2,0,7,0,0.0,NaN,NaN,1,0,0,0,1,0,1,0,0,0,0,0,0,0,0,0,0,0,1,14,0,0,0,0,0,0,0,2,0,2,0,1,0,0,13,1,0
c:\Users\arthur.menezes_evolu\Desktop\Pes\Unblock163MusicClient-Xposed\app\src\main\java\bin\xposed\Unblock163MusicClient\Http.java,bin.xposed.Unblock163MusicClient.Http$Anonymous1,anonymous,0,0,0,0,1,1,0,1,0,0.0,NaN,NaN,0,0,0,0,0,0,1,0,0,0,0,0,0,0,0,0,0,0,0,5,0,0,0,0,0,2,0,0,0,0,0,0,0,0,1,-1,0
c:\Users\arthur.menezes_evolu\Desktop\Pes\Unblock163MusicClient-Xposed\hotxposed\src\main\java\net\androidwing\hotxposed\HotXposed.java,net.androidwing.hotxposed.HotXposed,class,7,9,2,7,6,1,0,21,3,0.0,NaN,NaN,3,3,1,2,0,0,1,0,0,0,0,0,0,0,0,0,0,0,1,35,2,0,1,0,0,11,1,7,1,7,1,1,0,0,37,1,0
c:\Users\arthur.menezes_evolu\Desktop\Pes\Unblock163MusicClient-Xposed\app\src\main\java\bin\xposed\Unblock163MusicClient\hooker\DnsMod.java,bin.xposed.Unblock163MusicClient.hooker.DnsMod$Anonymous2,anonymous,5,5,0,5,8,1,0,9,0,0.0,NaN,NaN,1,0,0,0,1,0,1,0,0,0,0,0,0,0,0,0,0,0,3,28,0,2,0,0,0,5,3,8,0,8,3,0,0,2,21,-1,0
c:\Users\arthur.menezes_evolu\Desktop\Pes\Unblock163MusicClient-Xposed\app\src\main\java\bin\xposed\Unblock163MusicClient\hooker\DnsMod.java,bin.xposed.Unblock163MusicClient.hooker.DnsMod$Anonymous1,anonymous,3,3,0,3,6,1,0,9,0,0.0,NaN,NaN,1,0,0,0,1,0,1,0,0,0,0,0,0,0,0,0,0,0,3,15,0,0,0,0,0,4,3,5,0,5,1,0,0,2,10,-1,0
c:\Users\arthur.menezes_evolu\Desktop\Pes\Unblock163MusicClient-Xposed\app\src\main\java\bin\xposed\Unblock163MusicClient\CloudMusicPackage.java,bin.xposed.Unblock163MusicClient.CloudMusicPackage$Okhttp$RequestBuilder,innerclass,7,7,0,7,11,1,0,37,1,0.6571429,0.0,0.0,7,2,5,0,0,2,7,0,0,0,5,4,0,0,0,5,1,0,6,40,4,0,5,0,0,7,2,8,0,27,1,0,0,19,35,9,0
c:\Users\arthur.menezes_evolu\Desktop\Pes\Unblock163MusicClient-Xposed\app\src\main\java\bin\xposed\Unblock163MusicClient\Settings.java,bin.xposed.Unblock163MusicClient.Settings,class,4,15,11,4,18,1,0,17,91,0.9285714,0.0,0.0,14,14,12,2,0,0,12,0,0,0,4,4,0,4,0,0,1,0,20,72,14,0,3,1,0,1,11,12,1,8,2,0,0,0,57,1,0
c:\Users\arthur.menezes_evolu\Desktop\Pes\Unblock163MusicClient-Xposed\app\src\main\java\bin\xposed\Unblock163MusicClient\CloudMusicPackage.java,bin.xposed.Unblock163MusicClient.CloudMusicPackage$NeteaseMusicApplication,innerclass,5,5,0,5,5,1,0,20,2,0.5833333,0.0,0.0,4,4,0,0,0,4,4,0,0,0,3,3,0,3,0,0,0,0,4,25,3,0,2,0,0,4,2,7,0,11,1,0,0,4,34,8,0
c:\Users\arthur.menezes_evolu\Desktop\Pes\Unblock163MusicClient-Xposed\app\src\main\java\bin\xposed\Unblock163MusicClient\hooker\Eapi.java,bin.xposed.Unblock163MusicClient.hooker.Eapi,class,3,4,1,3,2,2,0,2,0,0.0,NaN,NaN,1,0,0,0,1,0,1,0,0,0,0,0,0,0,0,0,0,0,1,56,0,1,0,0,0,0,0,0,0,0,1,1,0,0,11,1,0
c:\Users\arthur.menezes_evolu\Desktop\Pes\Unblock163MusicClient-Xposed\app\src\main\java\bin\xposed\Unblock163MusicClient\CloudMusicPackage.java,bin.xposed.Unblock163MusicClient.CloudMusicPackage$Okhttp,innerclass,1,1,0,1,1,1,0,1,0,0.0,NaN,NaN,1,1,0,0,0,1,1,0,0,0,0,0,0,0,0,0,0,0,1,94,0,0,0,0,0,0,0,0,0,0,0,0,3,0,2,9,0
c:\Users\arthur.menezes_evolu\Desktop\Pes\Unblock163MusicClient-Xposed\app\src\main\java\bin\xposed\Unblock163MusicClient\hooker\Dislike.java,bin.xposed.Unblock163MusicClient.hooker.Dislike$Anonymous1,anonymous,6,6,0,6,4,1,0,11,0,0.0,NaN,NaN,1,0,0,0,1,0,1,0,0,0,0,0,0,0,0,0,0,0,3,22,0,0,0,1,0,3,0,4,0,5,4,0,0,1,23,-1,0
c:\Users\arthur.menezes_evolu\Desktop\Pes\Unblock163MusicClient-Xposed\app\src\main\java\bin\xposed\Unblock163MusicClient\hooker\HttpMod.java,bin.xposed.Unblock163MusicClient.hooker.HttpMod$Anonymous2,anonymous,1,1,0,1,2,1,0,3,0,0.0,NaN,NaN,1,0,0,0,1,0,1,0,0,0,0,0,0,0,0,0,0,0,0,8,0,0,0,0,0,1,1,1,0,1,1,0,0,0,9,-1,0
c:\Users\arthur.menezes_evolu\Desktop\Pes\Unblock163MusicClient-Xposed\app\src\main\java\bin\xposed\Unblock163MusicClient\CloudMusicPackage.java,bin.xposed.Unblock163MusicClient.CloudMusicPackage$HttpEapi,innerclass,8,8,0,8,10,1,0,36,4,0.7714286,0.0,0.0,5,2,5,0,0,0,5,0,0,0,7,6,0,5,0,2,3,0,10,86,4,0,6,0,0,5,1,13,0,28,2,0,1,15,45,9,0
c:\Users\arthur.menezes_evolu\Desktop\Pes\Unblock163MusicClient-Xposed\app\src\main\java\bin\xposed\Unblock163MusicClient\hooker\HttpMod.java,bin.xposed.Unblock163MusicClient.hooker.HttpMod$Anonymous1,anonymous,4,4,0,4,9,1,0,10,0,0.0,NaN,NaN,1,0,0,0,1,0,1,0,0,0,0,0,0,0,0,0,0,0,2,38,0,0,3,0,0,27,0,4,0,4,2,0,0,0,43,-1,0
c:\Users\arthur.menezes_evolu\Desktop\Pes\Unblock163MusicClient-Xposed\app\src\main\java\bin\xposed\Unblock163MusicClient\hooker\Download.java,bin.xposed.Unblock163MusicClient.hooker.Download$Anonymous1,anonymous,1,1,0,1,2,1,0,5,0,0.0,NaN,NaN,1,0,0,0,1,0,1,0,0,0,0,0,0,0,0,0,0,0,0,9,0,0,0,0,0,0,1,2,0,2,1,0,0,0,10,-1,0
c:\Users\arthur.menezes_evolu\Desktop\Pes\Unblock163MusicClient-Xposed\app\src\main\java\bin\xposed\Unblock163MusicClient\CloudMusicPackage.java,bin.xposed.Unblock163MusicClient.CloudMusicPackage,class,3,14,11,3,4,1,0,7,1,0.6666667,0.0,0.0,3,3,2,0,0,1,3,0,0,0,3,3,0,2,0,1,1,0,3,497,3,0,0,1,0,1,1,3,0,3,1,0,11,0,27,1,0
c:\Users\arthur.menezes_evolu\Desktop\Pes\Unblock163MusicClient-Xposed\app\src\main\java\bin\xposed\Unblock163MusicClient\CloudMusicPackage.java,bin.xposed.Unblock163MusicClient.CloudMusicPackage$Okhttp$HeaderBuilder,innerclass,2,2,0,2,10,1,0,16,0,0.4,0.0,0.0,5,1,3,0,0,2,5,0,0,0,3,2,0,0,0,3,1,0,0,38,2,2,1,0,0,1,6,11,1,9,2,0,0,1,24,9,0
c:\Users\arthur.menezes_evolu\Desktop\Pes\Unblock163MusicClient-Xposed\app\src\main\java\bin\xposed\Unblock163MusicClient\HookerDispatcher.java,bin.xposed.Unblock163MusicClient.HookerDispatcher$Anonymous1,anonymous,6,6,0,6,6,1,0,7,0,0.0,NaN,NaN,1,0,0,0,1,0,1,0,0,0,0,0,0,0,0,0,0,0,2,19,0,1,1,0,0,1,1,5,1,3,2,0,0,0,20,-1,0
c:\Users\arthur.menezes_evolu\Desktop\Pes\Unblock163MusicClient-Xposed\app\src\main\java\bin\xposed\Unblock163MusicClient\CloudMusicPackage.java,bin.xposed.Unblock163MusicClient.CloudMusicPackage$HttpEapi$CookieUtil,innerclass,9,9,0,9,6,1,0,27,1,0.5,0.0,0.0,2,2,0,0,0,2,2,0,0,0,3,3,0,3,0,0,0,0,9,36,2,0,8,1,0,15,4,8,1,20,2,0,0,12,28,9,0
c:\Users\arthur.menezes_evolu\Desktop\Pes\Unblock163MusicClient-Xposed\app\src\main\java\bin\xposed\Unblock163MusicClient\Handler.java,bin.xposed.Unblock163MusicClient.Handler,class,8,10,2,8,23,1,0,26,3,0.7333333,0.0,0.0,6,6,5,1,0,0,5,0,0,0,5,5,0,5,0,0,5,0,20,211,11,2,7,3,0,22,10,36,5,32,3,1,1,1,73,1,0
c:\Users\arthur.menezes_evolu\Desktop\Pes\Unblock163MusicClient-Xposed\app\src\main\java\bin\xposed\Unblock163MusicClient\HookerDispatcherSelf.java,bin.xposed.Unblock163MusicClient.HookerDispatcherSelf,class,3,4,1,3,1,1,0,3,0,0.0,NaN,NaN,1,0,1,0,0,0,1,0,0,0,0,0,0,0,0,0,0,0,0,5,0,0,0,0,0,1,0,0,0,0,0,0,0,0,11,1,0
c:\Users\arthur.menezes_evolu\Desktop\Pes\Unblock163MusicClient-Xposed\app\src\main\java\bin\xposed\Unblock163MusicClient\hooker\Download.java,bin.xposed.Unblock163MusicClient.hooker.Download,class,3,4,1,3,1,2,0,3,0,1.0,NaN,NaN,1,0,0,0,1,0,1,0,0,0,1,1,0,1,0,0,1,0,2,15,0,0,0,0,0,1,0,1,0,1,0,1,0,0,17,1,0
c:\Users\arthur.menezes_evolu\Desktop\Pes\Unblock163MusicClient-Xposed\app\src\main\java\bin\xposed\Unblock163MusicClient\ui\SettingsActivity.java,bin.xposed.Unblock163MusicClient.ui.SettingsActivity,class,17,19,2,17,37,2,0,56,171,0.0,0.0,0.0,19,0,1,15,3,0,4,0,0,0,0,0,0,0,0,0,0,0,4,157,6,1,5,1,0,26,2,23,2,20,3,1,0,1,107,1,0
c:\Users\arthur.menezes_evolu\Desktop\Pes\Unblock163MusicClient-Xposed\app\src\main\java\bin\xposed\Unblock163MusicClient\hooker\Dislike.java,bin.xposed.Unblock163MusicClient.hooker.Dislike,class,3,4,1,3,1,2,0,2,0,0.0,NaN,NaN,1,0,0,0,1,0,1,0,0,0,0,0,0,0,0,0,0,0,1,27,0,0,0,0,0,0,0,0,0,0,0,1,0,0,11,1,0
c:\Users\arthur.menezes_evolu\Desktop\Pes\Unblock163MusicClient-Xposed\hotxposed\src\main\java\net\androidwing\hotxposed\HotXposed.java,net.androidwing.hotxposed.HotXposed$Anonymous1,anonymous,1,1,0,1,2,1,0,2,1,0.0,0.0,0.0,2,0,0,0,2,0,2,0,0,0,0,0,0,0,0,0,0,0,0,8,0,0,0,0,0,0,0,0,0,0,0,0,0,0,9,-1,0
c:\Users\arthur.menezes_evolu\Desktop\Pes\Unblock163MusicClient-Xposed\app\src\main\java\bin\xposed\Unblock163MusicClient\CloudMusicPackage.java,bin.xposed.Unblock163MusicClient.CloudMusicPackage$ClassHelper,innerclass,5,5,0,5,11,1,0,24,15,0.0,0.0,0.0,6,6,4,1,0,1,5,0,0,0,0,0,0,0,0,0,0,0,11,48,6,2,1,1,0,4,3,12,1,9,5,0,0,0,40,9,0
c:\Users\arthur.menezes_evolu\Desktop\Pes\Unblock163MusicClient-Xposed\app\src\main\java\bin\xposed\Unblock163MusicClient\hooker\Transparent.java,bin.xposed.Unblock163MusicClient.hooker.Transparent,class,11,15,4,11,18,2,0,26,28,0.875,NaN,NaN,8,0,0,7,1,0,1,0,0,0,1,0,0,1,0,0,0,0,6,107,2,2,3,2,1,5,2,8,2,6,2,3,0,0,43,1,0
c:\Users\arthur.menezes_evolu\Desktop\Pes\Unblock163MusicClient-Xposed\app\src\main\java\bin\xposed\Unblock163MusicClient\Handler.java,bin.xposed.Unblock163MusicClient.Handler$Anonymous1,anonymous,0,0,0,0,1,1,0,3,0,0.0,NaN,NaN,0,0,0,0,0,0,1,0,0,0,0,0,0,0,0,0,0,0,2,6,0,0,0,0,0,2,0,0,0,0,0,0,0,0,5,-1,0
c:\Users\arthur.menezes_evolu\Desktop\Pes\Unblock163MusicClient-Xposed\app\src\main\java\bin\xposed\Unblock163MusicClient\CloudMusicPackage.java,bin.xposed.Unblock163MusicClient.CloudMusicPackage$Transfer,innerclass,3,3,0,3,3,1,0,14,0,0.0,NaN,NaN,1,1,1,0,0,0,1,0,0,0,1,1,0,1,0,0,0,0,3,16,1,0,4,1,0,2,2,3,0,7,2,0,0,4,22,9,0
c:\Users\arthur.menezes_evolu\Desktop\Pes\Unblock163MusicClient-Xposed\app\src\main\java\bin\xposed\Unblock163MusicClient\Main.java,bin.xposed.Unblock163MusicClient.Main,class,6,6,0,6,4,1,0,3,0,0.0,NaN,NaN,1,0,1,0,0,0,1,0,0,0,0,0,0,0,0,0,0,0,3,13,1,0,0,0,0,0,0,0,0,0,1,0,0,0,10,1,0
c:\Users\arthur.menezes_evolu\Desktop\Pes\Unblock163MusicClient-Xposed\app\src\main\java\bin\xposed\Unblock163MusicClient\hooker\Transparent.java,bin.xposed.Unblock163MusicClient.hooker.Transparent$Anonymous1,anonymous,0,0,0,0,1,1,0,1,0,0.0,NaN,NaN,0,0,0,0,0,0,1,0,0,0,0,0,0,0,0,0,0,0,0,10,0,0,0,0,0,6,0,0,0,0,0,0,0,0,1,-1,0
c:\Users\arthur.menezes_evolu\Desktop\Pes\Unblock163MusicClient-Xposed\app\src\main\java\bin\xposed\Unblock163MusicClient\CloudMusicPackage.java,bin.xposed.Unblock163MusicClient.CloudMusicPackage$UIAA,innerclass,6,6,0,6,10,1,0,10,3,0.6666667,0.0,0.0,3,3,3,0,0,0,3,0,0,0,3,3,0,3,0,0,0,0,6,44,3,0,12,4,0,6,9,7,0,13,3,0,0,9,30,9,0
c:\Users\arthur.menezes_evolu\Desktop\Pes\Unblock163MusicClient-Xposed\app\src\main\java\bin\xposed\Unblock163MusicClient\hooker\QualityBox.java,bin.xposed.Unblock163MusicClient.hooker.QualityBox,class,3,4,1,3,1,2,0,2,0,0.0,NaN,NaN,1,0,0,0,1,0,1,0,0,0,0,0,0,0,0,0,0,0,1,23,0,0,0,0,0,0,0,0,0,0,0,1,0,0,12,1,0
c:\Users\arthur.menezes_evolu\Desktop\Pes\Unblock163MusicClient-Xposed\app\src\main\java\bin\xposed\Unblock163MusicClient\hooker\Transparent.java,bin.xposed.Unblock163MusicClient.hooker.Transparent$Anonymous2,anonymous,6,6,0,6,8,1,0,12,0,0.0,NaN,NaN,1,0,0,0,1,0,1,0,0,0,0,0,0,0,0,0,0,0,0,29,0,1,2,0,1,2,3,9,1,7,4,0,0,0,32,-1,0
c:\Users\arthur.menezes_evolu\Desktop\Pes\Unblock163MusicClient-Xposed\app\src\main\java\bin\xposed\Unblock163MusicClient\hooker\Transparent.java,bin.xposed.Unblock163MusicClient.hooker.Transparent$Anonymous3,anonymous,3,3,0,3,3,1,0,3,0,0.0,NaN,NaN,1,0,0,0,1,0,1,0,0,0,0,0,0,0,0,0,0,0,0,8,0,0,0,0,0,0,0,1,0,1,1,0,0,0,14,-1,0
c:\Users\arthur.menezes_evolu\Desktop\Pes\Unblock163MusicClient-Xposed\app\src\main\java\bin\xposed\Unblock163MusicClient\hooker\DnsMod.java,bin.xposed.Unblock163MusicClient.hooker.DnsMod,class,4,5,1,4,2,2,0,3,0,1.0,NaN,NaN,1,0,0,0,1,0,1,0,0,0,1,1,0,1,0,0,1,0,2,53,0,1,0,0,0,4,0,2,0,2,1,2,0,0,18,1,0
c:\Users\arthur.menezes_evolu\Desktop\Pes\Unblock163MusicClient-Xposed\app\src\main\java\bin\xposed\Unblock163MusicClient\Hooker.java,bin.xposed.Unblock163MusicClient.Hooker,class,2,16,14,2,3,1,11,2,1,0.0,0.0,0.0,2,0,0,0,1,1,2,1,0,0,0,0,0,0,0,0,0,0,1,11,0,0,0,1,0,0,0,0,0,0,1,0,0,0,8,1025,0
c:\Users\arthur.menezes_evolu\Desktop\Pes\Unblock163MusicClient-Xposed\app\src\main\java\bin\xposed\Unblock163MusicClient\Utils.java,bin.xposed.Unblock163MusicClient.Utils$Anonymous2,anonymous,1,1,0,1,17,1,0,7,3,0.0,NaN,NaN,3,0,1,2,0,0,1,0,0,0,0,0,0,0,0,0,0,0,0,64,5,4,4,0,0,0,10,17,3,11,5,0,0,0,20,-1,0
c:\Users\arthur.menezes_evolu\Desktop\Pes\Unblock163MusicClient-Xposed\app\src\main\java\bin\xposed\Unblock163MusicClient\CloudMusicPackage.java,bin.xposed.Unblock163MusicClient.CloudMusicPackage$NeteaseMusicUtils,innerclass,2,2,0,2,3,1,0,6,1,0.5,0.0,0.0,2,2,1,0,0,1,2,0,0,0,1,1,0,1,0,0,0,0,4,13,2,0,1,0,0,3,0,2,0,2,1,0,0,0,16,9,0
c:\Users\arthur.menezes_evolu\Desktop\Pes\Unblock163MusicClient-Xposed\app\src\main\java\bin\xposed\Unblock163MusicClient\hooker\About.java,bin.xposed.Unblock163MusicClient.hooker.About$Anonymous1,anonymous,10,10,0,10,3,1,0,12,0,0.0,NaN,NaN,1,0,0,0,1,0,1,0,0,0,0,0,0,0,0,0,0,0,3,24,0,0,0,0,1,0,6,9,2,8,2,0,0,1,26,-1,0
c:\Users\arthur.menezes_evolu\Desktop\Pes\Unblock163MusicClient-Xposed\app\src\main\java\bin\xposed\Unblock163MusicClient\Utils.java,bin.xposed.Unblock163MusicClient.Utils$Anonymous1,anonymous,0,0,0,0,7,1,0,3,0,0.0,NaN,NaN,1,0,1,0,0,0,1,0,0,0,1,0,0,0,0,1,0,0,0,12,2,0,1,0,3,0,1,1,0,1,1,0,0,0,10,-1,0
c:\Users\arthur.menezes_evolu\Desktop\Pes\Unblock163MusicClient-Xposed\app\src\main\java\bin\xposed\Unblock163MusicClient\hooker\MagiskFix.java,bin.xposed.Unblock163MusicClient.hooker.MagiskFix$Anonymous1,anonymous,1,1,0,1,1,1,0,4,0,0.0,NaN,NaN,1,0,0,0,1,0,1,0,0,0,0,0,0,0,0,0,0,0,0,7,0,0,0,0,0,0,0,1,0,1,0,0,0,0,8,-1,0
c:\Users\arthur.menezes_evolu\Desktop\Pes\Unblock163MusicClient-Xposed\hotxposed\src\main\java\net\androidwing\hotxposed\IHookerDispatcher.java,net.androidwing.hotxposed.IHookerDispatcher,interface,1,3,2,1,1,1,0,0,0,0.0,NaN,NaN,1,0,0,0,0,1,1,0,0,0,0,0,0,0,0,0,0,0,0,3,0,0,0,0,0,0,0,0,0,0,0,0,0,0,9,1,0
c:\Users\arthur.menezes_evolu\Desktop\Pes\Unblock163MusicClient-Xposed\app\src\main\java\bin\xposed\Unblock163MusicClient\Handler.java,bin.xposed.Unblock163MusicClient.Handler$Process,innerclass,7,7,0,7,27,1,0,33,0,0.5,0.0,0.0,8,1,0,2,0,6,6,0,0,0,5,0,0,0,0,5,3,0,15,96,7,0,3,3,1,15,4,18,1,15,3,0,0,3,58,8,0
c:\Users\arthur.menezes_evolu\Desktop\Pes\Unblock163MusicClient-Xposed\app\src\main\java\bin\xposed\Unblock163MusicClient\hooker\HttpMod.java,bin.xposed.Unblock163MusicClient.hooker.HttpMod,class,5,6,1,5,2,2,0,13,0,0.0,NaN,NaN,1,0,0,0,1,0,1,0,0,0,0,0,0,0,0,0,0,0,3,55,0,0,1,0,0,2,0,3,0,5,0,2,0,2,23,1,0
c:\Users\arthur.menezes_evolu\Desktop\Pes\Unblock163MusicClient-Xposed\app\src\main\java\bin\xposed\Unblock163MusicClient\CloudMusicPackage.java,bin.xposed.Unblock163MusicClient.CloudMusicPackage$E,innerclass,6,6,0,6,9,1,0,28,6,0.75,0.0,0.0,4,4,0,0,0,4,4,0,0,0,2,2,0,2,0,0,0,0,8,34,3,0,5,1,0,3,3,5,0,14,2,0,0,10,30,8,0
c:\Users\arthur.menezes_evolu\Desktop\Pes\Unblock163MusicClient-Xposed\app\src\main\java\bin\xposed\Unblock163MusicClient\CloudMusicPackage.java,bin.xposed.Unblock163MusicClient.CloudMusicPackage$Program,innerclass,1,1,0,1,4,1,0,3,1,0.5,0.0,0.0,3,1,3,0,0,0,3,0,0,0,2,1,0,2,0,0,1,0,1,16,2,0,1,0,0,2,0,2,0,2,1,0,0,0,13,9,0
c:\Users\arthur.menezes_evolu\Desktop\Pes\Unblock163MusicClient-Xposed\app\src\main\java\bin\xposed\Unblock163MusicClient\HookerDispatcher.java,bin.xposed.Unblock163MusicClient.HookerDispatcher,class,17,19,2,17,10,1,0,9,3,0.0,NaN,NaN,3,0,1,2,0,0,1,0,0,0,0,0,0,0,0,0,0,0,7,58,2,0,0,0,0,2,0,2,0,2,2,1,0,0,34,1,0
c:\Users\arthur.menezes_evolu\Desktop\Pes\Unblock163MusicClient-Xposed\app\src\main\java\bin\xposed\Unblock163MusicClient\Song.java,bin.xposed.Unblock163MusicClient.Song,class,8,12,4,8,40,1,0,31,183,0.88235295,0.0,0.0,23,4,0,1,0,22,22,0,0,0,17,1,0,17,0,0,0,0,14,153,26,1,13,1,0,23,6,34,0,24,3,0,0,0,72,0,0
c:\Users\arthur.menezes_evolu\Desktop\Pes\Unblock163MusicClient-Xposed\app\src\main\java\bin\xposed\Unblock163MusicClient\ui\SettingsActivity.java,bin.xposed.Unblock163MusicClient.ui.SettingsActivity$Anonymous1,anonymous,1,1,0,1,2,1,0,1,0,0.0,NaN,NaN,1,0,1,0,0,0,1,0,0,0,1,0,0,0,0,1,0,0,0,10,1,0,0,0,0,0,2,1,0,1,1,0,0,0,7,-1,0
c:\Users\arthur.menezes_evolu\Desktop\Pes\Unblock163MusicClient-Xposed\app\src\main\java\bin\xposed\Unblock163MusicClient\hooker\About.java,bin.xposed.Unblock163MusicClient.hooker.About,class,4,5,1,4,1,2,0,2,0,0.0,NaN,NaN,1,0,0,0,1,0,1,0,0,0,0,0,0,0,0,0,0,0,1,29,0,0,0,0,0,2,0,0,0,0,0,1,0,0,12,1,0
c:\Users\arthur.menezes_evolu\Desktop\Pes\Unblock163MusicClient-Xposed\app\src\main\java\bin\xposed\Unblock163MusicClient\hooker\Gray.java,bin.xposed.Unblock163MusicClient.hooker.Gray,class,2,3,1,2,1,2,0,3,0,0.0,NaN,NaN,1,0,0,0,1,0,1,0,0,0,0,0,0,0,0,0,0,0,1,5,0,0,0,0,0,0,0,0,0,0,0,0,0,0,9,1,0
c:\Users\arthur.menezes_evolu\Desktop\Pes\Unblock163MusicClient-Xposed\app\src\main\java\bin\xposed\Unblock163MusicClient\hooker\TipsFor3rd.java,bin.xposed.Unblock163MusicClient.hooker.TipsFor3rd$Anonymous1,anonymous,2,2,0,2,4,1,0,6,0,0.0,NaN,NaN,1,0,0,0,1,0,1,0,0,0,0,0,0,0,0,0,0,0,0,15,0,0,1,0,0,2,0,6,2,5,2,0,0,0,19,-1,0
c:\Users\arthur.menezes_evolu\Desktop\Pes\Unblock163MusicClient-Xposed\app\src\main\java\bin\xposed\Unblock163MusicClient\hooker\TipsFor3rd.java,bin.xposed.Unblock163MusicClient.hooker.TipsFor3rd,class,4,5,1,4,3,2,0,3,0,0.0,NaN,NaN,1,0,0,0,1,0,1,0,0,0,0,0,0,0,0,0,0,0,4,32,0,0,0,2,0,2,0,1,0,1,1,1,0,0,17,1,0
c:\Users\arthur.menezes_evolu\Desktop\Pes\Unblock163MusicClient-Xposed\app\src\main\java\bin\xposed\Unblock163MusicClient\Utils.java,bin.xposed.Unblock163MusicClient.Utils,class,14,35,21,14,74,1,0,109,628,0.9629629,0.0,0.0,36,36,16,0,0,20,36,0,0,0,3,3,0,3,0,0,2,0,18,331,36,5,10,6,1,37,15,29,7,32,3,2,0,6,158,1,0
c:\Users\arthur.menezes_evolu\Desktop\Pes\Unblock163MusicClient-Xposed\app\src\main\java\bin\xposed\Unblock163MusicClient\Http.java,bin.xposed.Unblock163MusicClient.Http,class,4,8,4,4,32,1,0,43,37,0.8,0.0,0.0,10,4,6,2,0,2,8,0,0,0,4,0,0,4,0,0,0,0,12,136,10,3,4,2,2,31,8,18,5,14,3,1,0,0,58,0,0
c:\Users\arthur.menezes_evolu\Desktop\Pes\Unblock163MusicClient-Xposed\app\src\main\java\bin\xposed\Unblock163MusicClient\CloudMusicPackage.java,bin.xposed.Unblock163MusicClient.CloudMusicPackage$PlayerActivity,innerclass,8,8,0,8,11,1,0,24,2,0.68,0.0,0.0,5,2,5,0,0,0,5,0,0,0,5,4,0,5,0,0,1,0,8,46,4,0,5,1,0,4,0,10,0,12,3,0,0,2,41,9,0
