file,class,type,cbo,cboModified,fanin,fanout,wmc,dit,noc,rfc,lcom,lcom*,tcc,lcc,totalMethodsQty,staticMethodsQty,publicMethodsQty,privateMethodsQty,protectedMethodsQty,defaultMethodsQty,visibleMethodsQty,abstractMethodsQty,finalMethodsQty,synchronizedMethodsQty,totalFieldsQty,staticFieldsQty,publicFieldsQty,privateFieldsQty,protectedFieldsQty,defaultFieldsQty,finalFieldsQty,synchronizedFieldsQty,nosi,loc,returnQty,loopQty,comparisonsQty,tryCatchQty,parenthesizedExpsQty,stringLiteralsQty,numbersQty,assignmentsQty,mathOperationsQty,variablesQty,maxNestedBlocksQty,anonymousClassesQty,innerClassesQty,lambdasQty,uniqueWordsQty,modifiers,logStatementsQty
c:\Users\arthur.menezes_evolu\Desktop\Pes\java-faker\src\main\java\com\github\javafaker\Matz.java,com.github.javafaker.Matz,class,1,3,2,1,2,1,0,1,0,0.0,0.0,0.0,2,0,1,0,1,0,2,0,0,0,1,0,0,1,0,0,1,0,0,9,1,0,0,0,0,1,0,1,0,1,0,0,0,0,4,1,0
c:\Users\arthur.menezes_evolu\Desktop\Pes\java-faker\src\main\java\com\github\javafaker\Color.java,com.github.javafaker.Color,class,4,7,3,4,5,1,0,5,0,0.25,0.0,0.0,4,0,3,0,1,0,4,0,0,0,1,0,0,1,0,0,1,0,0,17,4,0,0,0,0,2,1,2,1,2,1,0,0,0,10,1,0
c:\Users\arthur.menezes_evolu\Desktop\Pes\java-faker\src\main\java\com\github\javafaker\StarCraft.java,com.github.javafaker.StarCraft,class,2,4,2,2,5,1,0,2,0,0.0,0.0,0.0,5,0,4,0,1,0,5,0,0,0,1,0,0,1,0,0,1,0,0,18,4,0,0,0,0,4,0,1,0,1,0,0,0,0,8,1,0
c:\Users\arthur.menezes_evolu\Desktop\Pes\java-faker\src\main\java\com\github\javafaker\Kaamelott.java,com.github.javafaker.Kaamelott,class,2,4,2,2,3,1,0,2,0,0.0,0.0,0.0,3,0,2,0,1,0,3,0,0,0,1,0,0,1,0,0,1,0,0,12,2,0,0,0,0,2,0,1,0,1,0,0,0,0,5,1,0
c:\Users\arthur.menezes_evolu\Desktop\Pes\java-faker\src\main\java\com\github\javafaker\Relationships.java,com.github.javafaker.Relationships,class,3,6,3,3,12,1,0,9,0,0.0,0.0,0.0,8,0,7,0,1,0,8,0,0,0,1,0,0,1,0,0,1,0,0,47,7,0,0,1,0,10,0,7,4,6,1,0,0,0,28,1,0
c:\Users\arthur.menezes_evolu\Desktop\Pes\java-faker\src\test\java\com\github\javafaker\BarcodeTest.java,com.github.javafaker.BarcodeTest,class,5,5,0,5,3,2,0,6,3,0.0,0.0,0.0,3,0,3,0,0,0,3,0,0,0,0,0,0,0,0,0,0,0,3,11,0,0,0,0,0,5,0,0,1,0,0,0,0,0,31,1,0
c:\Users\arthur.menezes_evolu\Desktop\Pes\java-faker\src\test\java\com\github\javafaker\RickAndMortyTest.java,com.github.javafaker.RickAndMortyTest,class,5,5,0,5,3,2,0,8,3,0.0,0.0,0.0,3,0,3,0,0,0,3,0,0,0,0,0,0,0,0,0,0,0,2,11,0,0,0,0,0,2,0,0,0,0,0,0,0,0,16,1,0
c:\Users\arthur.menezes_evolu\Desktop\Pes\java-faker\src\test\java\com\github\javafaker\repeating\RepeatRule.java,com.github.javafaker.repeating.RepeatRule,class,5,6,1,5,2,2,0,2,0,0.0,NaN,NaN,1,0,1,0,0,0,1,0,0,0,0,0,0,0,0,0,0,0,0,24,1,0,1,0,0,0,0,4,0,3,1,0,1,0,16,1,0
c:\Users\arthur.menezes_evolu\Desktop\Pes\java-faker\src\main\java\com\github\javafaker\HarryPotter.java,com.github.javafaker.HarryPotter,class,1,3,2,1,7,1,0,1,0,0.0,0.0,0.0,7,0,6,0,1,0,7,0,0,0,1,0,0,1,0,0,1,0,0,24,6,0,0,0,0,6,0,1,0,1,0,0,0,0,10,1,0
c:\Users\arthur.menezes_evolu\Desktop\Pes\java-faker\src\main\java\com\github\javafaker\Aviation.java,com.github.javafaker.Aviation,class,2,4,2,2,4,1,0,2,0,0.0,0.0,0.0,4,0,3,0,1,0,4,0,0,0,1,0,0,1,0,0,1,0,0,15,3,0,0,0,0,3,0,1,0,1,0,0,0,0,30,1,0
c:\Users\arthur.menezes_evolu\Desktop\Pes\java-faker\src\main\java\com\github\javafaker\Educator.java,com.github.javafaker.Educator,class,2,4,2,2,5,1,0,2,0,0.0,0.0,0.0,5,0,4,0,1,0,5,0,0,0,1,0,0,1,0,0,1,0,0,18,4,0,0,0,0,11,0,1,4,1,0,0,0,0,8,1,0
c:\Users\arthur.menezes_evolu\Desktop\Pes\java-faker\src\main\java\com\github\javafaker\Animal.java,com.github.javafaker.Animal,class,2,4,2,2,2,1,0,2,0,0.0,0.0,0.0,2,0,1,0,1,0,2,0,0,0,1,0,0,1,0,0,1,0,0,9,1,0,0,0,0,1,0,1,0,1,0,0,0,0,4,1,0
c:\Users\arthur.menezes_evolu\Desktop\Pes\java-faker\src\main\java\com\github\javafaker\IdNumber.java,com.github.javafaker.IdNumber,class,4,6,2,4,6,1,0,6,0,0.0,0.0,0.0,6,0,5,0,1,0,6,0,0,0,1,0,0,1,0,0,1,0,0,24,5,0,0,0,0,2,0,4,0,4,0,0,0,0,19,1,0
c:\Users\arthur.menezes_evolu\Desktop\Pes\java-faker\src\test\java\com\github\javafaker\FoodTest.java,com.github.javafaker.FoodTest,class,5,5,0,5,7,2,0,10,21,0.0,0.0,0.0,7,0,7,0,0,0,7,0,0,0,0,0,0,0,0,0,0,0,7,23,0,0,0,0,0,7,0,0,0,0,0,0,0,0,17,1,0
c:\Users\arthur.menezes_evolu\Desktop\Pes\java-faker\src\main\java\com\github\javafaker\Music.java,com.github.javafaker.Music,class,3,6,3,3,5,1,0,4,0,0.6,0.0,0.0,5,0,4,0,1,0,5,0,0,0,4,3,0,4,0,0,4,0,0,21,4,0,0,0,0,24,0,4,2,4,0,0,0,0,23,1,0
c:\Users\arthur.menezes_evolu\Desktop\Pes\java-faker\src\main\java\com\github\javafaker\CreditCardType.java,com.github.javafaker.CreditCardType,enum,0,2,2,0,0,1,0,0,0,0.0,-1.0,-1.0,0,0,0,0,0,0,0,0,0,0,0,0,0,0,0,0,0,0,0,1,0,0,0,0,0,0,0,0,0,0,0,0,0,0,9,1,0
c:\Users\arthur.menezes_evolu\Desktop\Pes\java-faker\src\main\java\com\github\javafaker\Options.java,com.github.javafaker.Options,class,3,9,6,3,5,1,0,5,0,0.0,0.0,0.0,5,0,4,0,1,0,5,0,0,0,1,0,0,1,0,0,1,0,0,19,4,0,0,0,0,0,0,2,0,2,0,0,0,0,32,1,0
c:\Users\arthur.menezes_evolu\Desktop\Pes\java-faker\src\main\java\com\github\javafaker\PrincessBride.java,com.github.javafaker.PrincessBride,class,1,3,2,1,3,1,0,1,0,0.0,0.0,0.0,3,0,2,0,1,0,3,0,0,0,1,0,0,1,0,0,1,0,0,12,2,0,0,0,0,2,0,1,0,1,0,0,0,0,6,1,0
c:\Users\arthur.menezes_evolu\Desktop\Pes\java-faker\src\main\java\com\github\javafaker\Internet.java,com.github.javafaker.Internet,class,12,18,6,12,53,1,0,56,22,0.3030303,0.0,0.0,33,0,30,2,1,0,31,0,0,0,1,0,0,1,0,0,1,0,19,182,34,5,6,0,1,30,78,36,11,30,2,0,1,0,186,1,0
c:\Users\arthur.menezes_evolu\Desktop\Pes\java-faker\src\test\java\com\github\javafaker\ColorTest.java,com.github.javafaker.ColorTest,class,5,5,0,5,3,2,0,6,3,0.0,0.0,0.0,3,0,3,0,0,0,3,0,0,0,0,0,0,0,0,0,0,0,3,11,0,0,0,0,0,3,0,0,0,0,0,0,0,0,15,1,0
c:\Users\arthur.menezes_evolu\Desktop\Pes\java-faker\src\main\java\com\github\javafaker\service\FakeValues.java,com.github.javafaker.service.FakeValues,class,3,8,5,3,18,1,0,17,6,0.625,0.0,0.0,8,2,1,4,0,3,4,0,0,0,4,0,0,4,0,0,3,0,4,71,10,1,6,1,0,11,0,15,3,13,2,0,0,0,50,1,0
c:\Users\arthur.menezes_evolu\Desktop\Pes\java-faker\src\test\java\com\github\javafaker\ChuckNorrisTest.java,com.github.javafaker.ChuckNorrisTest,class,4,4,0,4,1,2,0,5,0,0.0,NaN,NaN,1,0,1,0,0,0,1,0,0,0,0,0,0,0,0,0,0,0,0,5,0,0,0,0,0,0,0,0,0,0,0,0,0,0,14,1,0
c:\Users\arthur.menezes_evolu\Desktop\Pes\java-faker\src\test\java\com\github\javafaker\NumberTest.java,com.github.javafaker.NumberTest,class,11,15,4,11,42,2,0,45,245,0.9254659,0.0,0.0,23,0,20,3,0,0,20,0,0,0,7,5,3,2,0,2,7,0,6,235,3,14,1,1,1,17,103,75,5,73,3,3,0,0,184,1,2
c:\Users\arthur.menezes_evolu\Desktop\Pes\java-faker\src\test\java\com\github\javafaker\DogTest.java,com.github.javafaker.DogTest,class,5,5,0,5,8,2,0,11,28,0.0,0.0,0.0,8,0,8,0,0,0,8,0,0,0,0,0,0,0,0,0,0,0,8,26,0,0,0,0,0,8,0,0,0,0,0,0,0,0,19,1,0
c:\Users\arthur.menezes_evolu\Desktop\Pes\java-faker\src\test\java\com\github\javafaker\RobinTest.java,com.github.javafaker.RobinTest,class,5,5,0,5,1,2,0,4,0,0.0,NaN,NaN,1,0,1,0,0,0,1,0,0,0,0,0,0,0,0,0,0,0,1,5,0,0,0,0,0,1,0,0,0,0,0,0,0,0,7,1,0
c:\Users\arthur.menezes_evolu\Desktop\Pes\java-faker\src\main\java\com\github\javafaker\Nation.java,com.github.javafaker.Nation,class,2,4,2,2,6,1,0,9,0,0.4,0.0,0.0,5,0,4,0,1,0,5,0,0,0,2,1,0,2,0,0,2,0,2,24,4,1,0,0,0,6,0,4,0,4,1,0,0,0,25,1,0
c:\Users\arthur.menezes_evolu\Desktop\Pes\java-faker\src\main\java\com\github\javafaker\Hacker.java,com.github.javafaker.Hacker,class,2,4,2,2,6,1,0,2,0,0.0,0.0,0.0,6,0,5,0,1,0,6,0,0,0,1,0,0,1,0,0,1,0,0,21,5,0,0,0,0,5,0,1,0,1,0,0,0,0,8,1,0
c:\Users\arthur.menezes_evolu\Desktop\Pes\java-faker\src\test\java\com\github\javafaker\NationTest.java,com.github.javafaker.NationTest,class,5,5,0,5,4,2,0,11,6,0.0,0.0,0.0,4,0,4,0,0,0,4,0,0,0,0,0,0,0,0,0,0,0,3,16,0,0,0,0,0,3,2,1,0,1,0,0,0,0,19,1,0
c:\Users\arthur.menezes_evolu\Desktop\Pes\java-faker\src\test\java\com\github\javafaker\FunnyNameTest.java,com.github.javafaker.FunnyNameTest,class,5,5,0,5,1,2,0,4,0,0.0,NaN,NaN,1,0,1,0,0,0,1,0,0,0,0,0,0,0,0,0,0,0,1,5,0,0,0,0,0,1,0,0,0,0,0,0,0,0,8,1,0
c:\Users\arthur.menezes_evolu\Desktop\Pes\java-faker\src\test\java\com\github\javafaker\KaamelottTest.java,com.github.javafaker.KaamelottTest,class,5,5,0,5,2,2,0,5,1,0.0,0.0,0.0,2,0,2,0,0,0,2,0,0,0,0,0,0,0,0,0,0,0,2,8,0,0,0,0,0,2,0,0,0,0,0,0,0,0,12,1,0
c:\Users\arthur.menezes_evolu\Desktop\Pes\java-faker\src\main\java\com\github\javafaker\idnumbers\EnIdNumber.java,com.github.javafaker.idnumbers.EnIdNumber,class,2,4,2,2,4,1,0,3,0,0.0,NaN,NaN,1,0,1,0,0,0,1,0,0,0,1,1,0,1,0,0,1,0,0,17,1,1,0,0,0,6,0,5,0,3,2,0,0,0,17,1,0
c:\Users\arthur.menezes_evolu\Desktop\Pes\java-faker\src\test\java\com\github\javafaker\GameOfThronesTest.java,com.github.javafaker.GameOfThronesTest,class,5,5,0,5,5,2,0,10,10,0.0,0.0,0.0,5,0,5,0,0,0,5,0,0,0,0,0,0,0,0,0,0,0,4,17,0,0,0,0,0,4,0,0,0,0,0,0,0,0,19,1,0
c:\Users\arthur.menezes_evolu\Desktop\Pes\java-faker\src\test\java\com\github\javafaker\LordOfTheRingsTest.java,com.github.javafaker.LordOfTheRingsTest,class,5,5,0,5,2,2,0,5,1,0.0,0.0,0.0,2,0,2,0,0,0,2,0,0,0,0,0,0,0,0,0,0,0,2,8,0,0,0,0,0,2,0,0,0,0,0,0,0,0,13,1,0
c:\Users\arthur.menezes_evolu\Desktop\Pes\java-faker\src\main\java\com\github\javafaker\Faker.java,com.github.javafaker.Faker,class,94,290,196,94,111,1,0,8,5827,0.98110986,0.0,0.0,111,4,110,0,0,1,111,0,0,0,93,0,0,93,0,0,93,0,0,520,105,0,0,0,0,0,0,93,0,93,0,0,0,0,299,1,0
c:\Users\arthur.menezes_evolu\Desktop\Pes\java-faker\src\test\java\com\github\javafaker\BoolTest.java,com.github.javafaker.BoolTest,class,4,4,0,4,2,2,0,4,0,0.0,NaN,NaN,1,0,1,0,0,0,1,0,0,0,0,0,0,0,0,0,0,0,0,7,0,1,0,0,0,0,2,1,0,1,1,0,0,0,8,1,0
c:\Users\arthur.menezes_evolu\Desktop\Pes\java-faker\src\test\java\com\github\javafaker\HackerTest.java,com.github.javafaker.HackerTest,class,5,5,0,5,5,2,0,8,10,0.0,0.0,0.0,5,0,5,0,0,0,5,0,0,0,0,0,0,0,0,0,0,0,5,17,0,0,0,0,0,5,0,0,0,0,0,0,0,0,13,1,0
c:\Users\arthur.menezes_evolu\Desktop\Pes\java-faker\src\main\java\com\github\javafaker\SlackEmoji.java,com.github.javafaker.SlackEmoji,class,2,4,2,2,10,1,0,3,0,0.0,0.0,0.0,10,0,9,0,1,0,10,0,0,0,1,0,0,1,0,0,1,0,0,33,9,0,0,0,0,9,0,1,0,1,0,0,0,0,17,1,0
c:\Users\arthur.menezes_evolu\Desktop\Pes\java-faker\src\main\java\com\github\javafaker\Zelda.java,com.github.javafaker.Zelda,class,1,3,2,1,3,1,0,1,0,0.0,0.0,0.0,3,0,2,0,1,0,3,0,0,0,1,0,0,1,0,0,1,0,0,12,2,0,0,0,0,2,0,1,0,1,0,0,0,0,5,1,0
c:\Users\arthur.menezes_evolu\Desktop\Pes\java-faker\src\main\java\com\github\javafaker\Finance.java,com.github.javafaker.Finance,class,6,9,3,6,18,1,0,39,15,0.55,0.0,0.0,10,3,5,4,1,0,6,0,0,0,2,1,0,2,0,0,2,0,14,144,9,4,1,0,4,143,16,26,10,23,2,0,0,0,64,1,0
c:\Users\arthur.menezes_evolu\Desktop\Pes\java-faker\src\main\java\com\github\javafaker\GameOfThrones.java,com.github.javafaker.GameOfThrones,class,1,3,2,1,6,1,0,1,0,0.0,0.0,0.0,6,0,5,0,1,0,6,0,0,0,1,0,0,1,0,0,1,0,0,21,5,0,0,0,0,5,0,1,0,1,0,0,0,0,10,1,0
c:\Users\arthur.menezes_evolu\Desktop\Pes\java-faker\src\main\java\com\github\javafaker\FunnyName.java,com.github.javafaker.FunnyName,class,2,4,2,2,2,1,0,2,0,0.0,0.0,0.0,2,0,1,0,1,0,2,0,0,0,1,0,0,1,0,0,1,0,0,9,1,0,0,0,0,1,0,1,0,1,0,0,0,0,5,1,0
c:\Users\arthur.menezes_evolu\Desktop\Pes\java-faker\src\test\java\com\github\javafaker\integration\Issue194SlashFormatRegexIT.java,com.github.javafaker.integration.Issue194SlashFormatRegexIT,class,4,4,0,4,3,1,0,4,3,0.0,0.0,0.0,3,0,3,0,0,0,3,0,0,0,0,0,0,0,0,0,0,0,3,17,0,0,0,0,0,6,0,6,0,6,0,0,0,0,38,1,0
c:\Users\arthur.menezes_evolu\Desktop\Pes\java-faker\src\test\java\com\github\javafaker\LoremTest.java,com.github.javafaker.LoremTest,class,5,5,0,5,16,2,0,26,120,0.0,0.0,0.0,16,0,16,0,0,0,16,0,0,0,0,0,0,0,0,0,0,0,23,64,0,0,0,0,0,20,32,0,0,0,0,0,0,0,48,1,0
c:\Users\arthur.menezes_evolu\Desktop\Pes\java-faker\src\main\java\com\github\javafaker\Friends.java,com.github.javafaker.Friends,class,1,3,2,1,4,1,0,1,0,0.0,0.0,0.0,4,0,3,0,1,0,4,0,0,0,1,0,0,1,0,0,1,0,0,15,3,0,0,0,0,3,0,1,0,1,0,0,0,0,6,1,0
c:\Users\arthur.menezes_evolu\Desktop\Pes\java-faker\src\main\java\com\github\javafaker\Internet.java,com.github.javafaker.Internet$UserAgent,enum,1,1,0,1,3,1,0,2,1,0.33333334,0.0,0.0,3,1,1,1,0,1,2,0,0,0,1,0,0,1,0,0,0,0,2,13,2,0,0,0,1,7,0,3,1,3,0,0,0,0,27,1,0
c:\Users\arthur.menezes_evolu\Desktop\Pes\java-faker\src\test\java\com\github\javafaker\CoinTest.java,com.github.javafaker.CoinTest,class,5,5,0,5,1,2,0,4,0,0.0,NaN,NaN,1,0,1,0,0,0,1,0,0,0,0,0,0,0,0,0,0,0,1,5,0,0,0,0,0,1,0,0,0,0,0,0,0,0,8,1,0
c:\Users\arthur.menezes_evolu\Desktop\Pes\java-faker\src\test\java\com\github\javafaker\service\FakeValuesServiceTest.java,com.github.javafaker.service.FakeValuesServiceTest,class,11,12,1,11,30,2,0,40,0,0.75,0.0,0.0,28,0,27,1,0,0,27,0,0,0,4,2,0,4,0,0,2,0,3,173,0,0,0,2,0,67,9,37,7,38,1,0,1,0,152,1,0
c:\Users\arthur.menezes_evolu\Desktop\Pes\java-faker\src\main\java\com\github\javafaker\BackToTheFuture.java,com.github.javafaker.BackToTheFuture,class,1,3,2,1,4,1,0,1,0,0.0,0.0,0.0,4,0,3,0,1,0,4,0,0,0,1,0,0,1,0,0,1,0,0,15,3,0,0,0,0,3,0,1,0,1,0,0,0,0,9,1,0
c:\Users\arthur.menezes_evolu\Desktop\Pes\java-faker\src\main\java\com\github\javafaker\LordOfTheRings.java,com.github.javafaker.LordOfTheRings,class,1,3,2,1,3,1,0,1,0,0.0,0.0,0.0,3,0,2,0,1,0,3,0,0,0,1,0,0,1,0,0,1,0,0,12,2,0,0,0,0,2,0,1,0,1,0,0,0,0,8,1,0
c:\Users\arthur.menezes_evolu\Desktop\Pes\java-faker\src\main\java\com\github\javafaker\BojackHorseman.java,com.github.javafaker.BojackHorseman,class,2,4,2,2,4,1,0,2,0,0.0,0.0,0.0,4,0,3,0,1,0,4,0,0,0,1,0,0,1,0,0,1,0,0,15,3,0,0,0,0,3,0,1,0,1,0,0,0,0,26,1,0
c:\Users\arthur.menezes_evolu\Desktop\Pes\java-faker\src\main\java\com\github\javafaker\Weather.java,com.github.javafaker.Weather,class,3,6,3,3,7,1,0,4,15,0.8,0.0,0.0,7,0,5,1,1,0,6,0,0,0,5,4,0,5,0,0,5,0,0,28,6,0,0,0,0,5,4,5,1,5,0,0,0,0,43,1,0
c:\Users\arthur.menezes_evolu\Desktop\Pes\java-faker\src\test\java\com\github\javafaker\YodaTest.java,com.github.javafaker.YodaTest,class,4,4,0,4,1,2,0,5,0,0.0,NaN,NaN,1,0,1,0,0,0,1,0,0,0,0,0,0,0,0,0,0,0,0,5,0,0,0,0,0,0,0,0,0,0,0,0,0,0,14,1,0
c:\Users\arthur.menezes_evolu\Desktop\Pes\java-faker\src\test\java\com\github\javafaker\CodeTest.java,com.github.javafaker.CodeTest,class,8,9,1,8,13,2,0,24,76,0.84615386,0.0,0.0,13,0,11,2,0,0,11,0,0,0,1,1,0,1,0,0,1,0,8,70,0,0,0,0,0,23,9,13,10,13,0,0,0,0,57,1,0
c:\Users\arthur.menezes_evolu\Desktop\Pes\java-faker\src\main\java\com\github\javafaker\Dune.java,com.github.javafaker.Dune$Saying,enum,0,0,0,0,1,1,0,0,0,0.0,NaN,NaN,1,0,0,0,0,1,1,0,0,0,1,0,0,1,0,0,1,0,0,5,0,0,0,0,0,5,0,1,0,1,0,0,0,0,22,1,0
c:\Users\arthur.menezes_evolu\Desktop\Pes\java-faker\src\main\java\com\github\javafaker\EnglandFootBall.java,com.github.javafaker.EnglandFootBall,class,2,4,2,2,3,1,0,2,0,0.0,0.0,0.0,3,0,2,0,1,0,3,0,0,0,1,0,0,1,0,0,1,0,0,12,2,0,0,0,0,2,0,1,0,1,0,0,0,0,7,1,0
c:\Users\arthur.menezes_evolu\Desktop\Pes\java-faker\src\test\java\com\github\javafaker\HobbitTest.java,com.github.javafaker.HobbitTest,class,5,5,0,5,4,2,0,9,6,0.0,0.0,0.0,4,0,4,0,0,0,4,0,0,0,0,0,0,0,0,0,0,0,3,14,0,0,0,0,0,3,0,0,0,0,0,0,0,0,12,1,0
c:\Users\arthur.menezes_evolu\Desktop\Pes\java-faker\src\main\java\com\github\javafaker\ProgrammingLanguage.java,com.github.javafaker.ProgrammingLanguage,class,2,4,2,2,3,1,0,2,0,0.0,0.0,0.0,3,0,3,0,0,0,3,0,0,0,1,0,0,1,0,0,1,0,0,12,2,0,0,0,0,2,0,1,0,1,0,0,0,0,6,1,0
c:\Users\arthur.menezes_evolu\Desktop\Pes\java-faker\src\main\java\com\github\javafaker\Currency.java,com.github.javafaker.Currency,class,2,4,2,2,3,1,0,2,0,0.0,0.0,0.0,3,0,3,0,0,0,3,0,0,0,1,0,0,1,0,0,1,0,0,12,2,0,0,0,0,2,0,1,0,1,0,0,0,0,5,1,0
c:\Users\arthur.menezes_evolu\Desktop\Pes\java-faker\src\main\java\com\github\javafaker\LeagueOfLegends.java,com.github.javafaker.LeagueOfLegends,class,2,4,2,2,7,1,0,2,0,0.0,0.0,0.0,7,0,6,0,1,0,7,0,0,0,1,0,0,1,0,0,1,0,0,24,6,0,0,0,0,6,0,1,0,1,0,0,0,0,12,1,0
c:\Users\arthur.menezes_evolu\Desktop\Pes\java-faker\src\test\java\com\github\javafaker\matchers\CountOfCharactersMatcher.java,com.github.javafaker.matchers.CountOfCharactersMatcher,class,5,7,2,5,8,2,0,6,0,0.16666667,0.0,0.0,6,1,3,1,2,0,5,0,0,0,2,0,0,2,0,0,1,0,0,29,3,1,1,0,1,4,3,5,2,4,1,0,0,0,18,1,0
c:\Users\arthur.menezes_evolu\Desktop\Pes\java-faker\src\test\java\com\github\javafaker\MedicalTest.java,com.github.javafaker.MedicalTest,class,5,5,0,5,4,2,0,7,6,0.0,0.0,0.0,4,0,4,0,0,0,4,0,0,0,0,0,0,0,0,0,0,0,4,14,0,0,0,0,0,0,0,0,0,0,0,0,0,0,12,1,0
c:\Users\arthur.menezes_evolu\Desktop\Pes\java-faker\src\test\java\com\github\javafaker\BojackHorsemanTest.java,com.github.javafaker.BojackHorsemanTest,class,5,5,0,5,12,2,0,10,15,0.0,0.0,0.0,6,0,6,0,0,0,6,0,0,0,0,0,0,0,0,0,0,0,1,47,0,3,0,0,0,4,6,18,0,15,2,0,0,0,46,1,0
c:\Users\arthur.menezes_evolu\Desktop\Pes\java-faker\src\test\java\com\github\javafaker\LeagueOfLegendsTest.java,com.github.javafaker.LeagueOfLegendsTest,class,5,5,0,5,6,2,0,11,15,0.0,0.0,0.0,6,0,6,0,0,0,6,0,0,0,0,0,0,0,0,0,0,0,5,20,0,0,0,0,0,5,0,0,0,0,0,0,0,0,16,1,0
c:\Users\arthur.menezes_evolu\Desktop\Pes\java-faker\src\test\java\com\github\javafaker\AbstractFakerTest.java,com.github.javafaker.AbstractFakerTest,class,5,100,95,5,2,1,95,6,0,1.0,NaN,NaN,1,0,1,0,0,0,1,0,0,0,2,0,1,0,1,0,0,0,1,13,0,1,0,0,0,1,0,3,0,4,1,0,0,0,13,1,0
c:\Users\arthur.menezes_evolu\Desktop\Pes\java-faker\src\test\java\com\github\javafaker\FileTest.java,com.github.javafaker.FileTest,class,6,6,0,6,7,2,0,7,21,0.0,0.0,0.0,7,0,7,0,0,0,7,0,0,0,0,0,0,0,0,0,0,0,7,23,0,0,0,0,0,11,3,0,0,0,0,0,0,0,49,1,0
c:\Users\arthur.menezes_evolu\Desktop\Pes\java-faker\src\test\java\com\github\javafaker\DragonBallTest.java,com.github.javafaker.DragonBallTest,class,5,5,0,5,1,2,0,4,0,0.0,NaN,NaN,1,0,1,0,0,0,1,0,0,0,0,0,0,0,0,0,0,0,1,5,0,0,0,0,0,1,0,0,0,0,0,0,0,0,8,1,0
c:\Users\arthur.menezes_evolu\Desktop\Pes\java-faker\src\test\java\com\github\javafaker\AddressTest.java,com.github.javafaker.AddressTest,class,7,7,0,7,19,2,0,29,134,0.88235295,0.0,0.0,17,0,17,0,0,0,17,0,0,0,1,1,0,1,0,0,1,0,13,78,0,2,0,0,0,18,9,15,0,12,1,0,0,0,65,1,0
c:\Users\arthur.menezes_evolu\Desktop\Pes\java-faker\src\main\java\com\github\javafaker\Address.java,com.github.javafaker.Address,class,5,11,6,5,28,1,0,13,0,0.0,0.0,0.0,27,0,26,0,1,0,27,0,0,0,1,0,0,1,0,0,1,0,3,88,26,0,0,0,2,24,5,3,7,2,1,0,0,0,31,1,0
c:\Users\arthur.menezes_evolu\Desktop\Pes\java-faker\src\test\java\com\github\javafaker\LebowskiTest.java,com.github.javafaker.LebowskiTest,class,5,5,0,5,3,2,0,6,3,0.0,0.0,0.0,3,0,3,0,0,0,3,0,0,0,0,0,0,0,0,0,0,0,3,11,0,0,0,0,0,3,0,0,0,0,0,0,0,0,9,1,0
c:\Users\arthur.menezes_evolu\Desktop\Pes\java-faker\src\main\java\com\github\javafaker\File.java,com.github.javafaker.File,class,4,7,3,4,9,1,0,9,0,0.2,0.0,0.0,5,0,4,0,1,0,5,0,0,0,1,0,0,1,0,0,1,0,1,22,4,0,4,0,0,4,0,5,1,5,0,0,0,0,16,1,0
c:\Users\arthur.menezes_evolu\Desktop\Pes\java-faker\src\main\java\com\github\javafaker\Pokemon.java,com.github.javafaker.Pokemon,class,1,3,2,1,3,1,0,1,0,0.0,0.0,0.0,3,0,2,0,1,0,3,0,0,0,1,0,0,1,0,0,1,0,0,12,2,0,0,0,0,2,0,1,0,1,0,0,0,0,5,1,0
c:\Users\arthur.menezes_evolu\Desktop\Pes\java-faker\src\test\java\com\github\javafaker\DateAndTimeTest.java,com.github.javafaker.DateAndTimeTest,class,5,5,0,5,17,2,0,23,36,0.0,0.0,0.0,9,0,9,0,0,0,9,0,0,0,0,0,0,0,0,0,0,0,6,87,0,7,0,1,0,19,34,37,12,37,1,0,0,0,58,1,0
c:\Users\arthur.menezes_evolu\Desktop\Pes\java-faker\src\test\java\com\github\javafaker\MusicTest.java,com.github.javafaker.MusicTest,class,5,5,0,5,4,2,0,7,6,0.0,0.0,0.0,4,0,4,0,0,0,4,0,0,0,0,0,0,0,0,0,0,0,4,14,0,0,0,0,0,4,0,0,0,0,0,0,0,0,14,1,0
c:\Users\arthur.menezes_evolu\Desktop\Pes\java-faker\src\main\java\com\github\javafaker\Esports.java,com.github.javafaker.Esports,class,1,3,2,1,6,1,0,1,0,0.0,0.0,0.0,6,0,5,0,1,0,6,0,0,0,1,0,0,1,0,0,1,0,0,21,5,0,0,0,0,5,0,1,0,1,0,0,0,0,8,1,0
c:\Users\arthur.menezes_evolu\Desktop\Pes\java-faker\src\test\java\com\github\javafaker\ArtistTest.java,com.github.javafaker.ArtistTest,class,5,5,0,5,1,2,0,4,0,0.0,NaN,NaN,1,0,1,0,0,0,1,0,0,0,0,0,0,0,0,0,0,0,1,5,0,0,0,0,0,1,0,0,0,0,0,0,0,0,7,1,0
c:\Users\arthur.menezes_evolu\Desktop\Pes\java-faker\src\test\java\com\github\javafaker\NumberTest.java,com.github.javafaker.NumberTest$Anonymous3$Anonymous4,anonymous,2,2,0,2,1,1,0,2,0,0.0,NaN,NaN,1,0,1,0,0,0,1,0,0,0,0,0,0,0,0,0,0,0,0,5,1,0,0,0,0,0,0,0,0,0,0,0,0,0,3,-1,0
c:\Users\arthur.menezes_evolu\Desktop\Pes\java-faker\src\test\java\com\github\javafaker\OptionsTest.java,com.github.javafaker.OptionsTest,class,6,6,0,6,9,2,0,11,0,0.0,0.0,0.0,7,0,7,0,0,0,7,0,0,0,1,0,0,1,0,0,0,0,2,32,0,2,0,0,0,6,26,6,0,6,1,0,1,0,31,1,0
c:\Users\arthur.menezes_evolu\Desktop\Pes\java-faker\src\test\java\com\github\javafaker\ShakespeareTest.java,com.github.javafaker.ShakespeareTest,class,4,4,0,4,4,2,0,8,6,0.0,0.0,0.0,4,0,4,0,0,0,4,0,0,0,0,0,0,0,0,0,0,0,0,14,0,0,0,0,0,0,0,0,0,0,0,0,0,0,24,1,0
c:\Users\arthur.menezes_evolu\Desktop\Pes\java-faker\src\test\java\com\github\javafaker\BookTest.java,com.github.javafaker.BookTest,class,5,5,0,5,4,2,0,7,6,0.0,0.0,0.0,4,0,4,0,0,0,4,0,0,0,0,0,0,0,0,0,0,0,4,14,0,0,0,0,0,4,0,0,0,0,0,0,0,0,12,1,0
c:\Users\arthur.menezes_evolu\Desktop\Pes\java-faker\src\main\java\com\github\javafaker\ElderScrolls.java,com.github.javafaker.ElderScrolls,class,2,4,2,2,9,1,0,2,0,0.0,0.0,0.0,9,0,8,0,1,0,9,0,0,0,1,0,0,1,0,0,1,0,0,30,8,0,0,0,0,8,0,1,0,1,0,0,0,0,13,1,0
c:\Users\arthur.menezes_evolu\Desktop\Pes\java-faker\src\test\java\com\github\javafaker\repeating\RepeatRule.java,com.github.javafaker.repeating.RepeatRule$RepeatStatement,innerclass,1,1,0,1,3,2,0,1,0,0.0,NaN,NaN,2,0,1,1,0,0,1,0,0,0,2,0,0,2,0,0,2,0,0,13,0,1,0,0,0,0,1,3,0,3,1,0,0,0,7,10,0
c:\Users\arthur.menezes_evolu\Desktop\Pes\java-faker\src\main\java\com\github\javafaker\Demographic.java,com.github.javafaker.Demographic,class,2,4,2,2,6,1,0,2,0,0.0,0.0,0.0,6,0,5,0,1,0,6,0,0,0,1,0,0,1,0,0,1,0,0,21,5,0,0,0,0,5,0,1,0,1,0,0,0,0,10,1,0
c:\Users\arthur.menezes_evolu\Desktop\Pes\java-faker\src\test\java\com\github\javafaker\BeerTest.java,com.github.javafaker.BeerTest,class,5,5,0,5,5,2,0,8,10,0.0,0.0,0.0,5,0,5,0,0,0,5,0,0,0,0,0,0,0,0,0,0,0,5,17,0,0,0,0,0,5,0,0,0,0,0,0,0,0,14,1,0
c:\Users\arthur.menezes_evolu\Desktop\Pes\java-faker\src\main\java\com\github\javafaker\HowIMetYourMother.java,com.github.javafaker.HowIMetYourMother,class,2,4,2,2,5,1,0,2,0,0.0,0.0,0.0,5,0,4,0,1,0,5,0,0,0,1,0,0,1,0,0,1,0,0,18,4,0,0,0,0,4,0,1,0,1,0,0,0,0,13,1,0
c:\Users\arthur.menezes_evolu\Desktop\Pes\java-faker\src\test\java\com\github\javafaker\RandomFakerTest.java,com.github.javafaker.RandomFakerTest,class,7,8,1,7,6,2,0,11,0,0.5555555,0.0,0.0,6,0,5,1,0,0,5,0,0,0,3,1,0,3,0,0,1,0,0,41,0,0,0,0,0,4,1,11,0,11,0,0,0,0,35,1,0
c:\Users\arthur.menezes_evolu\Desktop\Pes\java-faker\src\main\java\com\github\javafaker\Sip.java,com.github.javafaker.Sip,class,6,9,3,6,21,1,0,17,0,0.475,0.0,0.0,20,0,19,0,1,0,20,0,0,0,2,0,0,2,0,0,2,0,6,70,19,1,0,0,0,30,6,4,4,3,1,0,0,0,117,17,0
c:\Users\arthur.menezes_evolu\Desktop\Pes\java-faker\src\test\java\com\github\javafaker\NumberTest.java,com.github.javafaker.NumberTest$Anonymous5,anonymous,2,2,0,2,1,1,0,4,0,0.0,NaN,NaN,1,0,1,0,0,0,1,0,0,0,0,0,0,0,0,0,0,0,0,12,1,0,0,0,0,0,0,3,0,3,0,1,0,0,14,-1,0
c:\Users\arthur.menezes_evolu\Desktop\Pes\java-faker\src\test\java\com\github\javafaker\NumberTest.java,com.github.javafaker.NumberTest$Anonymous5$Anonymous6,anonymous,2,2,0,2,1,1,0,2,0,0.0,NaN,NaN,1,0,1,0,0,0,1,0,0,0,0,0,0,0,0,0,0,0,0,5,1,0,0,0,0,0,0,0,0,0,0,0,0,0,3,-1,0
c:\Users\arthur.menezes_evolu\Desktop\Pes\java-faker\src\test\java\com\github\javafaker\CompanyTest.java,com.github.javafaker.CompanyTest,class,5,5,0,5,9,2,0,12,36,0.0,0.0,0.0,9,0,9,0,0,0,9,0,0,0,0,0,0,0,0,0,0,0,9,30,0,0,0,0,0,9,0,1,0,1,0,0,0,0,27,1,0
c:\Users\arthur.menezes_evolu\Desktop\Pes\java-faker\src\main\java\com\github\javafaker\Code.java,com.github.javafaker.Code,class,7,10,3,7,37,1,0,34,46,0.8088235,0.0,0.0,17,0,13,3,1,0,14,0,3,0,4,3,0,4,0,0,4,0,10,137,23,6,5,0,8,37,104,45,35,32,3,0,0,0,102,1,0
c:\Users\arthur.menezes_evolu\Desktop\Pes\java-faker\src\test\java\com\github\javafaker\FinanceTest.java,com.github.javafaker.FinanceTest,class,7,8,1,7,8,2,0,13,15,0.0,0.0,0.0,6,0,5,1,0,0,5,0,0,0,0,0,0,0,0,0,0,0,4,27,0,2,0,0,0,6,2,4,0,4,1,0,0,0,24,1,0
c:\Users\arthur.menezes_evolu\Desktop\Pes\java-faker\src\test\java\com\github\javafaker\idnumbers\SwedishIdNumberTest.java,com.github.javafaker.idnumbers.SwedishIdNumberTest,class,2,2,0,2,2,1,0,3,1,0.0,0.0,0.0,2,0,2,0,0,0,2,0,0,0,0,0,0,0,0,0,0,0,0,16,0,0,0,0,0,8,0,2,0,2,0,0,0,0,14,1,0
c:\Users\arthur.menezes_evolu\Desktop\Pes\java-faker\src\test\java\com\github\javafaker\TwinPeaksTest.java,com.github.javafaker.TwinPeaksTest,class,5,5,0,5,3,2,0,8,3,0.0,0.0,0.0,3,0,3,0,0,0,3,0,0,0,0,0,0,0,0,0,0,0,2,11,0,0,0,0,0,2,0,0,0,0,0,0,0,0,17,1,0
c:\Users\arthur.menezes_evolu\Desktop\Pes\java-faker\src\test\java\com\github\javafaker\PrincessBrideTest.java,com.github.javafaker.PrincessBrideTest,class,5,5,0,5,2,2,0,7,1,0.0,0.0,0.0,2,0,2,0,0,0,2,0,0,0,0,0,0,0,0,0,0,0,1,8,0,0,0,0,0,1,0,0,0,0,0,0,0,0,16,1,0
c:\Users\arthur.menezes_evolu\Desktop\Pes\java-faker\src\main\java\com\github\javafaker\Ancient.java,com.github.javafaker.Ancient,class,1,3,2,1,5,1,0,1,0,0.0,0.0,0.0,5,0,4,0,1,0,5,0,0,0,1,0,0,1,0,0,1,0,0,18,4,0,0,0,0,4,0,1,0,1,0,0,0,0,7,1,0
c:\Users\arthur.menezes_evolu\Desktop\Pes\java-faker\src\main\java\com\github\javafaker\HitchhikersGuideToTheGalaxy.java,com.github.javafaker.HitchhikersGuideToTheGalaxy,class,2,4,2,2,8,1,0,2,0,0.0,0.0,0.0,8,0,7,0,1,0,8,0,0,0,1,0,0,1,0,0,1,0,0,27,7,0,0,0,0,7,0,1,0,1,0,0,0,0,15,1,0
c:\Users\arthur.menezes_evolu\Desktop\Pes\java-faker\src\main\java\com\github\javafaker\service\RandomService.java,com.github.javafaker.service.RandomService,class,2,24,22,2,16,1,0,6,1,0.55,0.0,0.0,10,0,10,0,0,0,10,0,0,0,2,1,0,2,0,0,2,0,0,57,9,2,1,0,5,2,12,10,12,8,2,0,0,0,44,1,0
c:\Users\arthur.menezes_evolu\Desktop\Pes\java-faker\src\test\java\com\github\javafaker\integration\FakerIT.java,com.github.javafaker.integration.FakerIT,class,9,10,1,9,15,1,0,122,3,0.6666666,0.0,0.0,6,1,4,2,0,0,5,0,0,0,4,2,0,4,0,0,4,0,11,163,3,2,5,0,0,50,9,20,3,16,2,0,0,0,116,1,1
c:\Users\arthur.menezes_evolu\Desktop\Pes\java-faker\src\test\java\com\github\javafaker\SipTest.java,com.github.javafaker.SipTest,class,6,6,0,6,19,2,0,31,171,0.0,0.0,0.0,19,0,19,0,0,0,19,0,0,0,0,0,0,0,0,0,0,0,15,80,0,0,0,0,0,27,40,7,4,7,0,0,0,0,89,1,0
c:\Users\arthur.menezes_evolu\Desktop\Pes\java-faker\src\main\java\com\github\javafaker\University.java,com.github.javafaker.University,class,2,4,2,2,4,1,0,2,0,0.0,0.0,0.0,4,0,3,0,1,0,4,0,0,0,1,0,0,1,0,0,1,0,0,15,3,0,0,0,0,3,0,1,0,1,0,0,0,0,6,1,0
c:\Users\arthur.menezes_evolu\Desktop\Pes\java-faker\src\test\java\com\github\javafaker\NumberTest.java,com.github.javafaker.NumberTest$Anonymous1,anonymous,2,2,0,2,1,1,0,5,0,0.0,NaN,NaN,1,0,1,0,0,0,1,0,0,0,0,0,0,0,0,0,0,0,0,12,1,0,0,0,0,0,0,3,0,3,0,1,0,0,14,-1,0
c:\Users\arthur.menezes_evolu\Desktop\Pes\java-faker\src\test\java\com\github\javafaker\NumberTest.java,com.github.javafaker.NumberTest$Anonymous3,anonymous,2,2,0,2,1,1,0,5,0,0.0,NaN,NaN,1,0,1,0,0,0,1,0,0,0,0,0,0,0,0,0,0,0,0,13,1,0,0,0,0,0,0,3,0,3,0,1,0,0,14,-1,0
c:\Users\arthur.menezes_evolu\Desktop\Pes\java-faker\src\main\java\com\github\javafaker\idnumbers\SvSEIdNumber.java,com.github.javafaker.idnumbers.SvSEIdNumber,class,3,6,3,3,17,1,0,15,28,0.875,0.0,0.0,8,0,2,5,0,1,3,0,0,0,1,1,0,1,0,0,1,0,3,77,11,4,3,1,2,6,22,29,8,24,2,0,0,0,63,1,0
c:\Users\arthur.menezes_evolu\Desktop\Pes\java-faker\src\main\java\com\github\javafaker\service\FakeValuesService.java,com.github.javafaker.service.FakeValuesService,class,9,74,65,9,81,1,0,88,334,0.9,0.0,0.0,28,0,13,13,2,0,15,0,0,0,5,2,0,5,0,0,5,0,8,298,40,10,24,3,7,47,26,63,11,52,3,0,1,0,319,1,0
c:\Users\arthur.menezes_evolu\Desktop\Pes\java-faker\src\test\java\com\github\javafaker\SuperheroTest.java,com.github.javafaker.SuperheroTest,class,5,5,0,5,5,2,0,8,10,0.0,0.0,0.0,5,0,5,0,0,0,5,0,0,0,0,0,0,0,0,0,0,0,5,17,0,0,0,0,0,5,0,0,0,0,0,0,0,0,14,1,0
c:\Users\arthur.menezes_evolu\Desktop\Pes\java-faker\src\test\java\com\github\javafaker\WeatherTest.java,com.github.javafaker.WeatherTest,class,5,5,0,5,7,2,0,10,10,0.0,0.0,0.0,5,0,5,0,0,0,5,0,0,0,0,0,0,0,0,0,0,0,4,21,0,2,0,0,0,4,8,2,0,2,1,0,0,0,18,1,0
c:\Users\arthur.menezes_evolu\Desktop\Pes\java-faker\src\test\java\com\github\javafaker\ElderScrollsTest.java,com.github.javafaker.ElderScrollsTest,class,4,4,0,4,8,2,0,12,28,0.0,0.0,0.0,8,0,8,0,0,0,8,0,0,0,0,0,0,0,0,0,0,0,0,26,0,0,0,0,0,0,0,0,0,0,0,0,0,0,22,1,0
c:\Users\arthur.menezes_evolu\Desktop\Pes\java-faker\src\test\java\com\github\javafaker\EducatorTest.java,com.github.javafaker.EducatorTest,class,5,5,0,5,4,2,0,7,6,0.0,0.0,0.0,4,0,4,0,0,0,4,0,0,0,0,0,0,0,0,0,0,0,4,14,0,0,0,0,0,4,0,0,0,0,0,0,0,0,12,1,0
c:\Users\arthur.menezes_evolu\Desktop\Pes\java-faker\src\main\java\com\github\javafaker\Lebowski.java,com.github.javafaker.Lebowski,class,2,4,2,2,4,1,0,2,0,0.0,0.0,0.0,4,0,4,0,0,0,4,0,0,0,1,0,0,1,0,0,1,0,0,15,3,0,0,0,0,3,0,1,0,1,0,0,0,0,6,1,0
c:\Users\arthur.menezes_evolu\Desktop\Pes\java-faker\src\test\java\com\github\javafaker\service\FakeValuesGroupingTest.java,com.github.javafaker.service.FakeValuesGroupingTest,class,4,4,0,4,3,1,0,6,0,0.0,0.0,0.0,3,0,3,0,0,0,3,0,0,0,2,0,0,2,0,0,0,0,0,21,0,0,0,0,0,13,0,3,0,3,0,0,0,0,16,1,0
c:\Users\arthur.menezes_evolu\Desktop\Pes\java-faker\src\main\java\com\github\javafaker\service\FakeValuesGrouping.java,com.github.javafaker.service.FakeValuesGrouping,class,2,4,2,2,5,1,0,4,0,0.0,0.0,0.0,2,0,2,0,0,0,2,0,0,0,1,0,0,1,0,0,0,0,0,21,1,1,1,0,0,2,0,4,0,3,3,0,0,0,14,1,0
c:\Users\arthur.menezes_evolu\Desktop\Pes\java-faker\src\main\java\com\github\javafaker\Artist.java,com.github.javafaker.Artist,class,2,4,2,2,2,1,0,2,0,0.0,0.0,0.0,2,0,1,0,1,0,2,0,0,0,1,0,0,1,0,0,1,0,0,9,1,0,0,0,0,1,0,1,0,1,0,0,0,0,4,1,0
c:\Users\arthur.menezes_evolu\Desktop\Pes\java-faker\src\test\java\com\github\javafaker\AquaTeenHungerForceTest.java,com.github.javafaker.AquaTeenHungerForceTest,class,5,5,0,5,1,2,0,4,0,0.0,NaN,NaN,1,0,1,0,0,0,1,0,0,0,0,0,0,0,0,0,0,0,1,5,0,0,0,0,0,1,0,0,0,0,0,0,0,0,12,1,0
c:\Users\arthur.menezes_evolu\Desktop\Pes\java-faker\src\test\java\com\github\javafaker\HowIMetYourMotherTest.java,com.github.javafaker.HowIMetYourMotherTest,class,5,5,0,5,4,2,0,9,6,0.0,0.0,0.0,4,0,4,0,0,0,4,0,0,0,0,0,0,0,0,0,0,0,2,14,0,0,0,0,0,2,0,0,0,0,0,0,0,0,17,1,0
c:\Users\arthur.menezes_evolu\Desktop\Pes\java-faker\src\main\java\com\github\javafaker\Yoda.java,com.github.javafaker.Yoda,class,1,3,2,1,2,1,0,1,0,0.0,0.0,0.0,2,0,1,0,1,0,2,0,0,0,1,0,0,1,0,0,1,0,0,9,1,0,0,0,0,1,0,1,0,1,0,0,0,0,4,1,0
c:\Users\arthur.menezes_evolu\Desktop\Pes\java-faker\src\test\java\com\github\javafaker\UniversityTest.java,com.github.javafaker.UniversityTest,class,5,5,0,5,3,2,0,6,3,0.0,0.0,0.0,3,0,3,0,0,0,3,0,0,0,0,0,0,0,0,0,0,0,3,11,0,0,0,0,0,3,0,0,0,0,0,0,0,0,11,1,0
c:\Users\arthur.menezes_evolu\Desktop\Pes\java-faker\src\main\java\com\github\javafaker\service\FakeValuesInterface.java,com.github.javafaker.service.FakeValuesInterface,interface,0,3,3,0,1,1,0,0,0,0.0,NaN,NaN,1,0,0,0,0,1,1,0,0,0,0,0,0,0,0,0,0,0,0,3,0,0,0,0,0,0,0,0,0,0,0,0,0,0,6,1,0
c:\Users\arthur.menezes_evolu\Desktop\Pes\java-faker\src\test\java\com\github\javafaker\service\FakeValuesTest.java,com.github.javafaker.service.FakeValuesTest,class,3,3,0,3,8,1,0,6,0,0.25,0.0,0.0,8,0,8,0,0,0,8,0,0,0,2,1,0,2,0,0,1,0,0,31,0,0,0,0,0,6,0,5,0,5,0,0,0,0,44,1,0
c:\Users\arthur.menezes_evolu\Desktop\Pes\java-faker\src\test\java\com\github\javafaker\EsportsTest.java,com.github.javafaker.EsportsTest,class,5,5,0,5,5,2,0,8,10,0.0,0.0,0.0,5,0,5,0,0,0,5,0,0,0,0,0,0,0,0,0,0,0,5,17,0,0,0,0,0,5,0,0,0,0,0,0,0,0,11,1,0
c:\Users\arthur.menezes_evolu\Desktop\Pes\java-faker\src\main\java\com\github\javafaker\Witcher.java,com.github.javafaker.Witcher,class,2,4,2,2,7,1,0,2,0,0.0,0.0,0.0,7,0,6,0,1,0,7,0,0,0,1,0,0,1,0,0,1,0,0,24,6,0,0,0,0,6,0,1,0,1,0,0,0,0,9,1,0
c:\Users\arthur.menezes_evolu\Desktop\Pes\java-faker\src\main\java\com\github\javafaker\Crypto.java,com.github.javafaker.Crypto,class,3,6,3,3,7,1,0,9,13,0.6666667,0.0,0.0,6,0,4,1,1,0,5,0,0,0,1,0,0,1,0,0,1,0,1,29,5,0,0,1,0,4,3,3,0,3,1,0,0,0,22,1,0
c:\Users\arthur.menezes_evolu\Desktop\Pes\java-faker\src\test\java\com\github\javafaker\NumberTest.java,com.github.javafaker.NumberTest$Anonymous1$Anonymous2,anonymous,2,2,0,2,1,1,0,2,0,0.0,NaN,NaN,1,0,1,0,0,0,1,0,0,0,0,0,0,0,0,0,0,0,0,5,1,0,0,0,0,0,1,0,0,0,0,0,0,0,3,-1,0
c:\Users\arthur.menezes_evolu\Desktop\Pes\java-faker\src\main\java\com\github\javafaker\Hobbit.java,com.github.javafaker.Hobbit,class,2,4,2,2,5,1,0,2,0,0.0,0.0,0.0,5,0,4,0,1,0,5,0,0,0,1,0,0,1,0,0,1,0,0,18,4,0,0,0,0,4,0,1,0,1,0,0,0,0,8,1,0
c:\Users\arthur.menezes_evolu\Desktop\Pes\java-faker\src\test\java\com\github\javafaker\DemographicTest.java,com.github.javafaker.DemographicTest,class,5,5,0,5,5,2,0,8,10,0.0,0.0,0.0,5,0,5,0,0,0,5,0,0,0,0,0,0,0,0,0,0,0,5,17,0,0,0,0,0,5,0,0,0,0,0,0,0,0,13,1,0
c:\Users\arthur.menezes_evolu\Desktop\Pes\java-faker\src\test\java\com\github\javafaker\PokemonTest.java,com.github.javafaker.PokemonTest,class,5,5,0,5,2,2,0,5,1,0.0,0.0,0.0,2,0,2,0,0,0,2,0,0,0,0,0,0,0,0,0,0,0,2,8,0,0,0,0,0,2,0,0,0,0,0,0,0,0,8,1,0
c:\Users\arthur.menezes_evolu\Desktop\Pes\java-faker\src\test\java\com\github\javafaker\service\FakeValuesServiceTest.java,com.github.javafaker.service.FakeValuesServiceTest$DummyService,innerclass,0,0,0,0,3,1,0,0,3,0.0,0.0,0.0,3,0,3,0,0,0,3,0,0,0,0,0,0,0,0,0,0,0,0,11,3,0,0,0,0,3,0,0,0,0,0,0,0,0,6,9,0
c:\Users\arthur.menezes_evolu\Desktop\Pes\java-faker\src\test\java\com\github\javafaker\AncientTest.java,com.github.javafaker.AncientTest,class,5,5,0,5,4,2,0,7,6,0.0,0.0,0.0,4,0,4,0,0,0,4,0,0,0,0,0,0,0,0,0,0,0,4,14,0,0,0,0,0,4,0,0,0,0,0,0,0,0,10,1,0
c:\Users\arthur.menezes_evolu\Desktop\Pes\java-faker\src\test\java\com\github\javafaker\FriendsTest.java,com.github.javafaker.FriendsTest,class,5,5,0,5,3,2,0,8,3,0.0,0.0,0.0,3,0,3,0,0,0,3,0,0,0,0,0,0,0,0,0,0,0,2,11,0,0,0,0,0,2,0,0,0,0,0,0,0,0,16,1,0
c:\Users\arthur.menezes_evolu\Desktop\Pes\java-faker\src\main\java\com\github\javafaker\Gender.java,com.github.javafaker.Gender,class,2,4,2,2,4,1,0,2,0,0.0,0.0,0.0,4,0,3,0,1,0,4,0,0,0,1,0,0,1,0,0,1,0,0,15,3,0,0,0,0,3,0,1,0,1,0,0,0,0,20,1,0
c:\Users\arthur.menezes_evolu\Desktop\Pes\java-faker\src\test\java\com\github\javafaker\matchers\MatchesRegularExpression.java,com.github.javafaker.matchers.MatchesRegularExpression,class,5,86,81,5,4,2,0,2,0,0.0,0.0,0.0,4,1,3,0,1,0,4,0,0,0,1,0,0,1,0,0,1,0,0,15,2,0,0,0,0,1,0,1,1,1,0,0,0,0,14,1,0
c:\Users\arthur.menezes_evolu\Desktop\Pes\java-faker\src\main\java\com\github\javafaker\Company.java,com.github.javafaker.Company,class,5,8,3,5,15,1,0,18,0,0.15384616,0.0,0.0,13,0,9,3,1,0,10,0,0,0,1,0,0,1,0,0,1,0,1,54,12,2,0,0,0,22,2,7,2,7,1,0,0,0,48,1,0
c:\Users\arthur.menezes_evolu\Desktop\Pes\java-faker\src\main\java\com\github\javafaker\RockBand.java,com.github.javafaker.RockBand,class,1,3,2,1,2,1,0,1,0,0.0,0.0,0.0,2,0,1,0,1,0,2,0,0,0,1,0,0,1,0,0,1,0,0,9,1,0,0,0,0,1,0,1,0,1,0,0,0,0,5,1,0
c:\Users\arthur.menezes_evolu\Desktop\Pes\java-faker\src\main\java\com\github\javafaker\Disease.java,com.github.javafaker.Disease,class,2,4,2,2,8,1,0,2,0,0.0,0.0,0.0,8,0,7,0,1,0,8,0,0,0,1,0,0,1,0,0,1,0,0,27,7,0,0,0,0,7,0,1,0,1,0,0,0,0,32,1,0
c:\Users\arthur.menezes_evolu\Desktop\Pes\java-faker\src\test\java\com\github\javafaker\AvatarTest.java,com.github.javafaker.AvatarTest,class,6,6,0,6,1,2,0,4,0,0.0,NaN,NaN,1,0,1,0,0,0,1,0,0,0,0,0,0,0,0,0,0,0,1,6,0,0,0,0,0,1,1,1,0,1,0,0,0,0,12,1,0
c:\Users\arthur.menezes_evolu\Desktop\Pes\java-faker\src\main\java\com\github\javafaker\Dune.java,com.github.javafaker.Dune,class,6,9,3,6,8,1,0,7,0,0.0,0.0,0.0,8,0,7,0,1,0,8,0,0,0,1,0,0,1,0,0,1,0,0,37,7,0,0,0,0,5,0,1,2,1,0,0,2,0,36,1,0
c:\Users\arthur.menezes_evolu\Desktop\Pes\java-faker\src\test\java\com\github\javafaker\EnglandFootBallTest.java,com.github.javafaker.EnglandFootBallTest,class,4,4,0,4,2,2,0,6,1,0.0,0.0,0.0,2,0,2,0,0,0,2,0,0,0,0,0,0,0,0,0,0,0,0,10,0,0,0,0,0,0,0,2,0,2,0,0,0,0,18,1,0
c:\Users\arthur.menezes_evolu\Desktop\Pes\java-faker\src\test\java\com\github\javafaker\IdNumberTest.java,com.github.javafaker.IdNumberTest,class,5,5,0,5,7,2,0,5,10,0.0,0.0,0.0,5,0,5,0,0,0,5,0,0,0,0,0,0,0,0,0,0,0,5,23,0,2,0,0,0,7,4,4,0,4,1,0,0,0,15,1,0
c:\Users\arthur.menezes_evolu\Desktop\Pes\java-faker\src\main\java\com\github\javafaker\Team.java,com.github.javafaker.Team,class,2,4,2,2,5,1,0,2,0,0.0,0.0,0.0,5,0,4,0,1,0,5,0,0,0,1,0,0,1,0,0,1,0,0,18,4,0,0,0,0,4,0,1,0,1,0,0,0,0,7,1,0
c:\Users\arthur.menezes_evolu\Desktop\Pes\java-faker\src\test\java\com\github\javafaker\RelationshipTest.java,com.github.javafaker.RelationshipTest,class,5,5,0,5,12,2,0,16,46,0.5833333,0.0,0.0,12,0,12,0,0,0,12,0,0,0,1,0,0,1,0,0,0,0,0,44,0,0,0,0,0,0,0,1,0,1,0,0,0,0,33,1,0
c:\Users\arthur.menezes_evolu\Desktop\Pes\java-faker\src\main\java\com\github\javafaker\Food.java,com.github.javafaker.Food,class,2,4,2,2,8,1,0,2,0,0.0,0.0,0.0,8,0,7,0,1,0,8,0,0,0,1,0,0,1,0,0,1,0,0,27,7,0,0,0,0,9,0,1,1,1,0,0,0,0,10,1,0
c:\Users\arthur.menezes_evolu\Desktop\Pes\java-faker\src\main\java\com\github\javafaker\Hipster.java,com.github.javafaker.Hipster,class,1,3,2,1,2,1,0,1,0,0.0,0.0,0.0,2,0,1,0,1,0,2,0,0,0,1,0,0,1,0,0,1,0,0,9,1,0,0,0,0,1,0,1,0,1,0,0,0,0,4,1,0
c:\Users\arthur.menezes_evolu\Desktop\Pes\java-faker\src\main\java\com\github\javafaker\service\files\EnFile.java,com.github.javafaker.service.files.EnFile,class,1,3,2,1,6,1,0,5,0,0.5,0.0,0.0,5,1,3,2,0,0,3,0,0,0,4,2,0,4,0,0,2,0,2,27,3,1,0,0,0,179,0,5,0,5,1,0,0,0,22,1,0
c:\Users\arthur.menezes_evolu\Desktop\Pes\java-faker\src\main\java\com\github\javafaker\Space.java,com.github.javafaker.Space,class,2,4,2,2,14,1,0,3,0,0.0,0.0,0.0,14,0,13,0,1,0,14,0,0,0,1,0,0,1,0,0,1,0,0,45,13,0,0,0,0,13,2,1,1,1,0,0,0,0,18,1,0
c:\Users\arthur.menezes_evolu\Desktop\Pes\java-faker\src\main\java\com\github\javafaker\DateAndTime.java,com.github.javafaker.DateAndTime,class,3,6,3,3,12,1,0,13,33,0.8,0.0,0.0,10,0,9,0,1,0,10,0,0,0,3,2,0,3,0,0,3,0,3,61,10,0,0,0,0,1,8,23,14,21,1,0,0,0,92,1,0
c:\Users\arthur.menezes_evolu\Desktop\Pes\java-faker\src\main\java\com\github\javafaker\Basketball.java,com.github.javafaker.Basketball,class,2,4,2,2,5,1,0,2,0,0.0,0.0,0.0,5,0,4,0,1,0,5,0,0,0,1,0,0,1,0,0,1,0,0,18,4,0,0,0,0,4,0,1,0,1,0,0,0,0,28,1,0
c:\Users\arthur.menezes_evolu\Desktop\Pes\java-faker\src\test\java\com\github\javafaker\TeamTest.java,com.github.javafaker.TeamTest,class,6,6,0,6,5,2,0,8,10,0.0,0.0,0.0,5,0,5,0,0,0,5,0,0,0,0,0,0,0,0,0,0,0,5,18,0,0,0,0,0,5,0,1,0,1,0,0,0,0,16,1,0
c:\Users\arthur.menezes_evolu\Desktop\Pes\java-faker\src\test\java\com\github\javafaker\AppTest.java,com.github.javafaker.AppTest,class,5,5,0,5,3,2,0,6,3,0.0,0.0,0.0,3,0,3,0,0,0,3,0,0,0,0,0,0,0,0,0,0,0,3,11,0,0,0,0,0,3,0,0,0,0,0,0,0,0,10,1,0
c:\Users\arthur.menezes_evolu\Desktop\Pes\java-faker\src\main\java\com\github\javafaker\service\FakerIDN.java,com.github.javafaker.service.FakerIDN,class,0,2,2,0,5,1,0,6,0,0.0,NaN,NaN,1,1,1,0,0,0,1,0,1,0,0,0,0,0,0,0,0,0,2,21,2,1,1,2,0,2,3,2,2,2,2,0,0,0,47,1,0
c:\Users\arthur.menezes_evolu\Desktop\Pes\java-faker\src\main\java\com\github\javafaker\Avatar.java,com.github.javafaker.Avatar,class,2,4,2,2,2,1,0,2,0,0.0,0.0,0.0,2,0,1,0,1,0,2,0,0,0,2,0,0,2,0,0,2,0,0,11,1,0,0,0,0,2,0,2,1,2,0,0,0,0,9,1,0
c:\Users\arthur.menezes_evolu\Desktop\Pes\java-faker\src\main\java\com\github\javafaker\Beer.java,com.github.javafaker.Beer,class,2,4,2,2,6,1,0,2,0,0.0,0.0,0.0,6,0,5,0,1,0,6,0,0,0,1,0,0,1,0,0,1,0,0,21,5,0,0,0,0,5,0,1,0,1,0,0,0,0,8,1,0
c:\Users\arthur.menezes_evolu\Desktop\Pes\java-faker\src\test\java\com\github\javafaker\CryptoTest.java,com.github.javafaker.CryptoTest,class,5,5,0,5,4,2,0,7,6,0.0,0.0,0.0,4,0,4,0,0,0,4,0,0,0,0,0,0,0,0,0,0,0,4,14,0,0,0,0,0,4,0,0,0,0,0,0,0,0,11,1,0
c:\Users\arthur.menezes_evolu\Desktop\Pes\java-faker\src\main\java\com\github\javafaker\Commerce.java,com.github.javafaker.Commerce,class,5,8,3,5,11,1,0,18,0,0.22222222,0.0,0.0,9,0,8,0,1,0,9,0,0,0,1,0,0,1,0,0,1,0,1,42,9,1,0,0,2,12,6,5,4,5,1,0,0,0,27,1,0
c:\Users\arthur.menezes_evolu\Desktop\Pes\java-faker\src\test\java\com\github\javafaker\SpaceTest.java,com.github.javafaker.SpaceTest,class,5,5,0,5,13,2,0,16,78,0.0,0.0,0.0,13,0,13,0,0,0,13,0,0,0,0,0,0,0,0,0,0,0,13,41,0,0,0,0,0,13,0,0,0,0,0,0,0,0,21,1,0
c:\Users\arthur.menezes_evolu\Desktop\Pes\java-faker\src\main\java\com\github\javafaker\Number.java,com.github.javafaker.Number,class,3,13,10,3,19,1,0,19,60,0.75,0.0,0.0,12,0,10,1,1,0,11,0,0,0,1,0,0,1,0,0,1,0,6,64,15,1,5,0,0,0,15,16,10,16,1,0,0,0,71,1,0
c:\Users\arthur.menezes_evolu\Desktop\Pes\java-faker\src\test\java\com\github\javafaker\PhotographyTest.java,com.github.javafaker.PhotographyTest,class,7,8,1,7,10,2,0,18,45,0.0,0.0,0.0,10,0,9,1,0,0,9,0,0,0,0,0,0,0,0,0,0,0,2,42,0,0,0,0,0,3,2,9,0,9,0,0,0,0,26,1,0
c:\Users\arthur.menezes_evolu\Desktop\Pes\java-faker\src\test\java\com\github\javafaker\HitchhikersGuideToTheGalaxyTest.java,com.github.javafaker.HitchhikersGuideToTheGalaxyTest,class,5,5,0,5,6,2,0,11,15,0.0,0.0,0.0,6,0,6,0,0,0,6,0,0,0,0,0,0,0,0,0,0,0,4,20,0,0,0,0,0,4,0,0,0,0,0,0,0,0,18,1,0
c:\Users\arthur.menezes_evolu\Desktop\Pes\java-faker\src\main\java\com\github\javafaker\Dog.java,com.github.javafaker.Dog,class,2,4,2,2,9,1,0,2,0,0.0,0.0,0.0,9,0,8,0,1,0,9,0,0,0,1,0,0,1,0,0,1,0,0,30,8,0,0,0,0,8,0,1,0,1,0,0,0,0,13,1,0
c:\Users\arthur.menezes_evolu\Desktop\Pes\java-faker\src\test\java\com\github\javafaker\BuffyTest.java,com.github.javafaker.BuffyTest,class,5,5,0,5,5,2,0,8,10,0.0,0.0,0.0,5,0,5,0,0,0,5,0,0,0,0,0,0,0,0,0,0,0,5,17,0,0,0,0,0,0,0,0,0,0,0,0,0,0,13,1,0
c:\Users\arthur.menezes_evolu\Desktop\Pes\java-faker\src\test\java\com\github\javafaker\StarCraftTest.java,com.github.javafaker.StarCraftTest,class,5,5,0,5,4,2,0,9,0,0.0,0.0,0.0,4,0,4,0,0,0,4,0,0,0,1,0,0,1,0,0,1,0,4,23,0,0,0,0,0,1,0,5,0,5,0,0,0,0,28,1,0
c:\Users\arthur.menezes_evolu\Desktop\Pes\java-faker\src\test\java\com\github\javafaker\RockBandTest.java,com.github.javafaker.RockBandTest,class,5,5,0,5,1,2,0,4,0,0.0,NaN,NaN,1,0,1,0,0,0,1,0,0,0,0,0,0,0,0,0,0,0,1,5,0,0,0,0,0,1,0,0,0,0,0,0,0,0,8,1,0
c:\Users\arthur.menezes_evolu\Desktop\Pes\java-faker\src\main\java\com\github\javafaker\Stock.java,com.github.javafaker.Stock,class,2,4,2,2,3,1,0,2,0,0.0,0.0,0.0,3,0,2,0,1,0,3,0,0,0,1,0,0,1,0,0,1,0,0,12,2,0,0,0,0,2,0,1,0,1,0,0,0,0,6,1,0
c:\Users\arthur.menezes_evolu\Desktop\Pes\java-faker\src\test\java\com\github\javafaker\MatzTest.java,com.github.javafaker.MatzTest,class,4,4,0,4,1,2,0,5,0,0.0,NaN,NaN,1,0,1,0,0,0,1,0,0,0,0,0,0,0,0,0,0,0,0,5,0,0,0,0,0,0,0,0,0,0,0,0,0,0,12,1,0
c:\Users\arthur.menezes_evolu\Desktop\Pes\java-faker\src\test\java\com\github\javafaker\matchers\IsStringWithContents.java,com.github.javafaker.matchers.IsStringWithContents,class,5,16,11,5,5,2,0,3,3,0.0,0.0,0.0,3,1,2,0,1,0,3,0,0,0,0,0,0,0,0,0,0,0,0,12,3,0,1,0,0,1,1,0,0,0,1,0,0,0,16,1,0
c:\Users\arthur.menezes_evolu\Desktop\Pes\java-faker\src\main\java\com\github\javafaker\Medical.java,com.github.javafaker.Medical,class,2,4,2,2,5,1,0,2,0,0.0,0.0,0.0,5,0,4,0,1,0,5,0,0,0,1,0,0,1,0,0,1,0,0,18,4,0,0,0,0,4,0,1,0,1,0,0,0,0,8,1,0
c:\Users\arthur.menezes_evolu\Desktop\Pes\java-faker\src\main\java\com\github\javafaker\Coin.java,com.github.javafaker.Coin,class,2,4,2,2,2,1,0,2,0,0.0,0.0,0.0,2,0,1,0,1,0,2,0,0,0,1,0,0,1,0,0,1,0,0,9,1,0,0,0,0,1,0,1,0,1,0,0,0,0,6,1,0
c:\Users\arthur.menezes_evolu\Desktop\Pes\java-faker\src\main\java\com\github\javafaker\Dune.java,com.github.javafaker.Dune$Quote,enum,0,0,0,0,1,1,0,0,0,0.0,NaN,NaN,1,0,0,0,0,1,1,0,0,0,1,0,0,1,0,0,1,0,0,5,0,0,0,0,0,18,0,1,0,1,0,0,0,0,27,1,0
c:\Users\arthur.menezes_evolu\Desktop\Pes\java-faker\src\main\java\com\github\javafaker\Country.java,com.github.javafaker.Country,class,2,4,2,2,8,1,0,2,0,0.375,0.0,0.0,8,0,7,0,1,0,8,0,0,0,2,0,0,2,0,0,2,0,0,29,7,0,0,0,0,9,0,2,1,2,0,0,0,0,15,1,0
c:\Users\arthur.menezes_evolu\Desktop\Pes\java-faker\src\main\java\com\github\javafaker\App.java,com.github.javafaker.App,class,2,4,2,2,4,1,0,3,0,0.0,0.0,0.0,4,0,3,0,1,0,4,0,0,0,1,0,0,1,0,0,1,0,0,15,3,0,0,0,0,3,0,1,0,1,0,0,0,0,6,1,0
c:\Users\arthur.menezes_evolu\Desktop\Pes\java-faker\src\test\java\com\github\javafaker\integration\MostSpecificLocaleIT.java,com.github.javafaker.integration.MostSpecificLocaleIT,class,3,3,0,3,2,1,0,5,0,0.0,0.0,0.0,2,0,2,0,0,0,2,0,0,0,2,0,0,2,0,0,0,0,0,15,0,0,0,0,0,7,2,4,0,4,0,0,0,0,49,1,0
c:\Users\arthur.menezes_evolu\Desktop\Pes\java-faker\src\main\java\com\github\javafaker\ChuckNorris.java,com.github.javafaker.ChuckNorris,class,2,4,2,2,2,1,0,2,0,0.0,0.0,0.0,2,0,1,0,1,0,2,0,0,0,1,0,0,1,0,0,1,0,0,9,1,0,0,0,0,1,0,1,0,1,0,0,0,0,5,1,0
c:\Users\arthur.menezes_evolu\Desktop\Pes\java-faker\src\main\java\com\github\javafaker\Mountain.java,com.github.javafaker.Mountain,class,2,4,2,2,3,1,0,2,0,0.0,0.0,0.0,3,0,2,0,1,0,3,0,0,0,1,0,0,1,0,0,1,0,0,12,2,0,0,0,0,2,0,1,0,1,0,0,0,0,5,1,0
c:\Users\arthur.menezes_evolu\Desktop\Pes\java-faker\src\test\java\com\github\javafaker\InternetTest.java,com.github.javafaker.InternetTest,class,8,8,0,8,42,2,0,58,496,0.0,0.0,0.0,32,0,32,0,0,0,32,0,0,0,0,0,0,0,0,0,0,0,47,182,0,10,0,0,0,71,72,37,4,37,1,0,0,0,101,1,0
c:\Users\arthur.menezes_evolu\Desktop\Pes\java-faker\src\test\java\com\github\javafaker\HarryPotterTest.java,com.github.javafaker.HarryPotterTest,class,5,5,0,5,6,2,0,11,15,0.0,0.0,0.0,6,0,6,0,0,0,6,0,0,0,0,0,0,0,0,0,0,0,5,20,0,0,0,0,0,5,0,0,0,0,0,0,0,0,23,1,0
c:\Users\arthur.menezes_evolu\Desktop\Pes\java-faker\src\main\java\com\github\javafaker\TwinPeaks.java,com.github.javafaker.TwinPeaks,class,1,3,2,1,4,1,0,1,0,0.0,0.0,0.0,4,0,3,0,1,0,4,0,0,0,1,0,0,1,0,0,1,0,0,15,3,0,0,0,0,3,0,1,0,1,0,0,0,0,7,1,0
c:\Users\arthur.menezes_evolu\Desktop\Pes\java-faker\src\test\java\com\github\javafaker\AviationTest.java,com.github.javafaker.AviationTest,class,6,6,0,6,3,2,0,7,3,0.0,0.0,0.0,3,0,3,0,0,0,3,0,0,0,0,0,0,0,0,0,0,0,3,11,0,0,0,0,0,1,0,0,0,0,0,0,0,0,9,1,0
c:\Users\arthur.menezes_evolu\Desktop\Pes\java-faker\src\test\java\com\github\javafaker\ProgrammingLanguageTest.java,com.github.javafaker.ProgrammingLanguageTest,class,5,5,0,5,2,2,0,5,1,0.0,0.0,0.0,2,0,2,0,0,0,2,0,0,0,0,0,0,0,0,0,0,0,2,8,0,0,0,0,0,2,0,0,0,0,0,0,0,0,12,1,0
c:\Users\arthur.menezes_evolu\Desktop\Pes\java-faker\src\main\java\com\github\javafaker\Overwatch.java,com.github.javafaker.Overwatch,class,2,4,2,2,4,1,0,2,0,0.0,0.0,0.0,4,0,3,0,1,0,4,0,0,0,1,0,0,1,0,0,1,0,0,15,3,0,0,0,0,3,0,1,0,1,0,0,0,0,6,1,0
c:\Users\arthur.menezes_evolu\Desktop\Pes\java-faker\src\main\java\com\github\javafaker\Barcode.java,com.github.javafaker.Barcode,class,1,3,2,1,4,1,0,1,0,0.0,0.0,0.0,4,0,4,0,0,0,4,0,0,0,1,0,0,1,0,0,0,0,0,15,3,0,0,0,0,3,0,1,0,1,0,0,0,0,7,1,0
c:\Users\arthur.menezes_evolu\Desktop\Pes\java-faker\src\test\java\com\github\javafaker\ZeldaTest.java,com.github.javafaker.ZeldaTest,class,5,5,0,5,2,2,0,5,1,0.0,0.0,0.0,2,0,2,0,0,0,2,0,0,0,0,0,0,0,0,0,0,0,2,8,0,0,0,0,0,2,0,0,0,0,0,0,0,0,9,1,0
c:\Users\arthur.menezes_evolu\Desktop\Pes\java-faker\src\main\java\com\github\javafaker\RickAndMorty.java,com.github.javafaker.RickAndMorty,class,1,3,2,1,4,1,0,1,0,0.0,0.0,0.0,4,0,3,0,1,0,4,0,0,0,1,0,0,1,0,0,1,0,0,15,3,0,0,0,0,3,0,1,0,1,0,0,0,0,8,1,0
c:\Users\arthur.menezes_evolu\Desktop\Pes\java-faker\src\test\java\com\github\javafaker\service\RandomServiceTest.java,com.github.javafaker.service.RandomServiceTest,class,7,7,0,7,10,2,0,14,0,0.125,0.0,0.0,8,1,8,0,0,0,8,0,0,0,1,0,0,1,0,0,0,0,3,34,1,2,0,0,0,5,15,4,0,4,1,0,0,0,39,1,0
c:\Users\arthur.menezes_evolu\Desktop\Pes\java-faker\src\test\java\com\github\javafaker\JobTest.java,com.github.javafaker.JobTest,class,5,5,0,5,5,2,0,8,10,0.0,0.0,0.0,5,0,5,0,0,0,5,0,0,0,0,0,0,0,0,0,0,0,5,17,0,0,0,0,0,5,0,0,0,0,0,0,0,0,14,1,0
c:\Users\arthur.menezes_evolu\Desktop\Pes\java-faker\src\main\java\com\github\javafaker\DragonBall.java,com.github.javafaker.DragonBall,class,2,4,2,2,2,1,0,2,0,0.0,0.0,0.0,2,0,1,0,1,0,2,0,0,0,1,0,0,1,0,0,1,0,0,9,1,0,0,0,0,1,0,1,0,1,0,0,0,0,5,1,0
c:\Users\arthur.menezes_evolu\Desktop\Pes\java-faker\src\test\java\com\github\javafaker\matchers\IsANumberTest.java,com.github.javafaker.matchers.IsANumberTest,class,2,2,0,2,4,1,0,3,6,0.0,0.0,0.0,4,0,4,0,0,0,4,0,0,0,0,0,0,0,0,0,0,0,0,14,0,0,0,0,0,4,0,0,0,0,0,0,0,0,17,1,0
c:\Users\arthur.menezes_evolu\Desktop\Pes\java-faker\src\test\java\com\github\javafaker\SlackEmojiTest.java,com.github.javafaker.SlackEmojiTest,class,5,5,0,5,9,2,0,12,0,0.0,0.0,0.0,9,0,9,0,0,0,9,0,0,0,1,1,0,1,0,0,1,0,9,30,0,0,0,0,0,1,0,1,0,1,0,0,0,0,31,1,0
c:\Users\arthur.menezes_evolu\Desktop\Pes\java-faker\src\main\java\com\github\javafaker\service\FakeValuesService.java,com.github.javafaker.service.FakeValuesService$MethodAndCoercedArgs,innerclass,2,2,0,2,4,1,0,4,1,0.33333334,-1.0,-1.0,3,0,0,3,0,0,0,0,0,0,2,0,0,2,0,0,2,0,0,17,2,0,1,0,0,2,0,2,0,2,1,0,0,0,63,10,0
c:\Users\arthur.menezes_evolu\Desktop\Pes\java-faker\src\main\java\com\github\javafaker\Lorem.java,com.github.javafaker.Lorem,class,6,13,7,6,35,1,0,28,175,0.8484848,0.0,0.0,22,0,21,0,1,0,23,0,0,0,3,2,0,3,0,0,3,0,1,116,22,7,1,0,0,5,18,20,9,17,2,0,0,0,64,1,0
c:\Users\arthur.menezes_evolu\Desktop\Pes\java-faker\src\test\java\com\github\javafaker\PhoneNumberTest.java,com.github.javafaker.PhoneNumberTest,class,5,5,0,5,8,2,0,8,21,0.0,0.0,0.0,7,0,7,0,0,0,7,0,0,0,0,0,0,0,0,0,0,0,8,28,0,1,0,0,0,9,3,3,0,3,1,0,0,0,21,1,0
c:\Users\arthur.menezes_evolu\Desktop\Pes\java-faker\src\main\java\com\github\javafaker\Name.java,com.github.javafaker.Name,class,3,10,7,3,11,1,0,9,0,0.18181819,0.0,0.0,11,0,10,0,1,0,11,0,0,0,1,0,0,1,0,0,1,0,0,37,10,0,0,0,0,16,0,2,0,2,0,0,0,0,97,1,0
c:\Users\arthur.menezes_evolu\Desktop\Pes\java-faker\src\test\java\com\github\javafaker\GenderTest.java,com.github.javafaker.GenderTest,class,5,5,0,5,3,2,0,6,3,0.0,0.0,0.0,3,0,3,0,0,0,3,0,0,0,0,0,0,0,0,0,0,0,3,11,0,0,0,0,0,3,0,0,0,0,0,0,0,0,13,1,0
c:\Users\arthur.menezes_evolu\Desktop\Pes\java-faker\src\test\java\com\github\javafaker\CatTest.java,com.github.javafaker.CatTest,class,5,5,0,5,3,2,0,6,3,0.0,0.0,0.0,3,0,3,0,0,0,3,0,0,0,0,0,0,0,0,0,0,0,3,11,0,0,0,0,0,3,0,0,0,0,0,0,0,0,10,1,0
c:\Users\arthur.menezes_evolu\Desktop\Pes\java-faker\src\main\java\com\github\javafaker\Superhero.java,com.github.javafaker.Superhero,class,2,5,3,2,6,1,0,2,0,0.0,0.0,0.0,6,0,5,0,1,0,6,0,0,0,1,0,0,1,0,0,1,0,0,21,5,0,0,0,0,5,0,1,0,1,0,0,0,0,8,1,0
c:\Users\arthur.menezes_evolu\Desktop\Pes\java-faker\src\test\java\com\github\javafaker\OverwatchTest.java,com.github.javafaker.OverwatchTest,class,5,5,0,5,3,2,0,8,3,0.0,0.0,0.0,3,0,3,0,0,0,3,0,0,0,0,0,0,0,0,0,0,0,2,11,0,0,0,0,0,2,0,0,0,0,0,0,0,0,10,1,0
c:\Users\arthur.menezes_evolu\Desktop\Pes\java-faker\src\test\java\com\github\javafaker\OptionsTest.java,com.github.javafaker.OptionsTest$Day,enum,0,0,0,0,0,1,0,0,0,0.0,-1.0,-1.0,0,0,0,0,0,0,0,0,0,0,0,0,0,0,0,0,0,0,0,1,0,0,0,0,0,0,0,0,0,0,0,0,0,0,8,1,0
c:\Users\arthur.menezes_evolu\Desktop\Pes\java-faker\src\test\java\com\github\javafaker\CommerceTest.java,com.github.javafaker.CommerceTest,class,5,5,0,5,8,2,0,12,24,0.8333333,0.0,0.0,8,0,8,0,0,0,8,0,0,0,3,3,0,3,0,0,3,0,8,29,0,0,0,0,0,13,3,3,5,3,0,0,0,0,40,1,0
c:\Users\arthur.menezes_evolu\Desktop\Pes\java-faker\src\test\java\com\github\javafaker\DuneTest.java,com.github.javafaker.DuneTest,class,9,9,0,9,7,2,0,13,21,0.0,0.0,0.0,7,0,7,0,0,0,7,0,0,0,0,0,0,0,0,0,0,0,7,23,0,0,0,0,0,7,2,0,0,0,0,0,0,0,18,1,0
c:\Users\arthur.menezes_evolu\Desktop\Pes\java-faker\src\test\java\com\github\javafaker\matchers\IsANumber.java,com.github.javafaker.matchers.IsANumber,class,5,8,3,5,4,2,0,1,3,0.0,0.0,0.0,3,1,2,0,1,0,3,0,0,0,0,0,0,0,0,0,0,0,0,17,3,0,0,1,0,1,0,0,0,0,1,0,0,0,18,1,0
c:\Users\arthur.menezes_evolu\Desktop\Pes\java-faker\src\main\java\com\github\javafaker\Business.java,com.github.javafaker.Business,class,2,4,2,2,4,1,0,2,0,0.0,0.0,0.0,4,0,3,0,1,0,4,0,0,0,1,0,0,1,0,0,1,0,0,15,3,0,0,0,0,3,0,1,0,1,0,0,0,0,8,1,0
c:\Users\arthur.menezes_evolu\Desktop\Pes\java-faker\src\test\java\com\github\javafaker\StarTrekTest.java,com.github.javafaker.StarTrekTest,class,5,5,0,5,5,2,0,10,10,0.0,0.0,0.0,5,0,5,0,0,0,5,0,0,0,0,0,0,0,0,0,0,0,4,17,0,0,0,0,0,4,0,0,0,0,0,0,0,0,17,1,0
c:\Users\arthur.menezes_evolu\Desktop\Pes\java-faker\src\test\java\com\github\javafaker\integration\UkLocalDirectivesTest.java,com.github.javafaker.integration.UkLocalDirectivesTest,class,3,3,0,3,3,1,0,6,0,0.0,NaN,NaN,1,0,1,0,0,0,1,0,0,0,0,0,0,0,0,0,0,0,0,16,0,2,0,0,0,10,0,8,0,6,1,0,0,0,90,1,0
c:\Users\arthur.menezes_evolu\Desktop\Pes\java-faker\src\test\java\com\github\javafaker\StockTest.java,com.github.javafaker.StockTest,class,4,4,0,4,2,2,0,6,1,0.0,0.0,0.0,2,0,2,0,0,0,2,0,0,0,0,0,0,0,0,0,0,0,0,8,0,0,0,0,0,0,0,0,0,0,0,0,0,0,17,1,0
c:\Users\arthur.menezes_evolu\Desktop\Pes\java-faker\src\test\java\com\github\javafaker\matchers\IsStringWithContentsTest.java,com.github.javafaker.matchers.IsStringWithContentsTest,class,3,3,0,3,5,1,0,3,0,0.0,0.0,0.0,5,0,5,0,0,0,5,0,0,0,1,0,0,1,0,0,0,0,0,18,0,0,0,0,0,3,0,1,0,1,0,0,0,0,19,1,0
c:\Users\arthur.menezes_evolu\Desktop\Pes\java-faker\src\test\java\com\github\javafaker\AnimalTest.java,com.github.javafaker.AnimalTest,class,5,5,0,5,1,2,0,4,0,0.0,NaN,NaN,1,0,1,0,0,0,1,0,0,0,0,0,0,0,0,0,0,0,1,5,0,0,0,0,0,1,0,0,0,0,0,0,0,0,9,1,0
c:\Users\arthur.menezes_evolu\Desktop\Pes\java-faker\src\test\java\com\github\javafaker\MountainTest.java,com.github.javafaker.MountainTest,class,4,4,0,4,2,2,0,6,1,0.0,0.0,0.0,2,0,2,0,0,0,2,0,0,0,0,0,0,0,0,0,0,0,0,10,0,0,0,0,0,0,0,2,0,2,0,0,0,0,15,1,0
c:\Users\arthur.menezes_evolu\Desktop\Pes\java-faker\src\test\java\com\github\javafaker\DiseaseTest.java,com.github.javafaker.DiseaseTest,class,7,7,0,7,16,2,0,13,91,0.0,0.0,0.0,14,0,14,0,0,0,14,0,0,0,0,0,0,0,0,0,0,0,13,65,0,1,0,0,0,8,8,18,0,17,2,0,0,0,30,1,0
c:\Users\arthur.menezes_evolu\Desktop\Pes\java-faker\src\test\java\com\github\javafaker\CurrencyTest.java,com.github.javafaker.CurrencyTest,class,5,5,0,5,2,2,0,5,1,0.0,0.0,0.0,2,0,2,0,0,0,2,0,0,0,0,0,0,0,0,0,0,0,2,9,0,0,0,0,0,2,0,1,0,1,0,0,0,0,10,1,0
c:\Users\arthur.menezes_evolu\Desktop\Pes\java-faker\src\main\java\com\github\javafaker\Cat.java,com.github.javafaker.Cat,class,2,4,2,2,4,1,0,2,0,0.0,0.0,0.0,4,0,3,0,1,0,4,0,0,0,1,0,0,1,0,0,1,0,0,15,3,0,0,0,0,3,0,1,0,1,0,0,0,0,6,1,0
c:\Users\arthur.menezes_evolu\Desktop\Pes\java-faker\src\test\java\com\github\javafaker\BackToTheFutureTest.java,com.github.javafaker.BackToTheFutureTest,class,6,6,0,6,3,2,0,7,3,0.0,0.0,0.0,3,0,3,0,0,0,3,0,0,0,0,0,0,0,0,0,0,0,3,11,0,0,0,0,0,1,0,0,0,0,0,0,0,0,13,1,0
c:\Users\arthur.menezes_evolu\Desktop\Pes\java-faker\src\main\java\com\github\javafaker\Book.java,com.github.javafaker.Book,class,2,4,2,2,5,1,0,2,0,0.0,0.0,0.0,5,0,4,0,1,0,5,0,0,0,1,0,0,1,0,0,1,0,0,18,4,0,0,0,0,4,0,1,0,1,0,0,0,0,7,1,0
c:\Users\arthur.menezes_evolu\Desktop\Pes\java-faker\src\test\java\com\github\javafaker\FakerTest.java,com.github.javafaker.FakerTest,class,5,5,0,5,28,2,0,17,378,0.0,0.0,0.0,28,0,28,0,0,0,28,0,0,0,0,0,0,0,0,0,0,0,32,101,0,0,0,0,0,62,4,5,0,5,0,0,0,0,91,1,0
c:\Users\arthur.menezes_evolu\Desktop\Pes\java-faker\src\main\java\com\github\javafaker\Bool.java,com.github.javafaker.Bool,class,2,6,4,2,2,1,0,2,0,0.0,0.0,0.0,2,0,1,0,1,0,2,0,0,0,1,0,0,1,0,0,1,0,0,9,1,0,0,0,0,0,0,1,0,1,0,0,0,0,4,1,0
c:\Users\arthur.menezes_evolu\Desktop\Pes\java-faker\src\test\java\com\github\javafaker\CountryTest.java,com.github.javafaker.CountryTest,class,7,7,0,7,7,2,0,11,21,0.0,0.0,0.0,7,0,7,0,0,0,7,0,0,0,0,0,0,0,0,0,0,0,7,24,0,0,0,0,0,6,1,1,0,1,0,0,0,0,20,1,0
c:\Users\arthur.menezes_evolu\Desktop\Pes\java-faker\src\test\java\com\github\javafaker\BasketballTest.java,com.github.javafaker.BasketballTest,class,5,5,0,5,16,2,0,9,28,0.0,0.0,0.0,8,0,8,0,0,0,8,0,0,0,0,0,0,0,0,0,0,0,4,62,0,4,0,0,0,8,8,24,0,20,2,0,0,0,23,1,0
c:\Users\arthur.menezes_evolu\Desktop\Pes\java-faker\src\test\java\com\github\javafaker\NameTest.java,com.github.javafaker.NameTest,class,6,6,0,6,12,2,0,21,66,0.0,0.0,0.0,12,0,12,0,0,0,12,0,0,0,0,0,0,0,0,0,0,0,11,45,0,0,0,0,0,13,3,5,0,5,0,0,0,0,39,1,0
c:\Users\arthur.menezes_evolu\Desktop\Pes\java-faker\src\main\java\com\github\javafaker\Robin.java,com.github.javafaker.Robin,class,2,4,2,2,2,1,0,2,0,0.0,0.0,0.0,2,0,1,0,1,0,2,0,0,0,1,0,0,1,0,0,1,0,0,9,1,0,0,0,0,1,0,1,0,1,0,0,0,0,4,1,0
c:\Users\arthur.menezes_evolu\Desktop\Pes\java-faker\src\test\java\com\github\javafaker\HipsterTest.java,com.github.javafaker.HipsterTest,class,5,5,0,5,1,2,0,4,0,0.0,NaN,NaN,1,0,1,0,0,0,1,0,0,0,0,0,0,0,0,0,0,0,1,5,0,0,0,0,0,1,0,0,0,0,0,0,0,0,7,1,0
c:\Users\arthur.menezes_evolu\Desktop\Pes\java-faker\src\main\java\com\github\javafaker\Job.java,com.github.javafaker.Job,class,2,4,2,2,6,1,0,2,0,0.0,0.0,0.0,6,0,6,0,0,0,6,0,0,0,1,0,0,1,0,0,1,0,0,21,5,0,0,0,0,5,0,1,0,1,0,0,0,0,9,1,0
c:\Users\arthur.menezes_evolu\Desktop\Pes\java-faker\src\main\java\com\github\javafaker\Photography.java,com.github.javafaker.Photography,class,2,4,2,2,10,1,0,2,0,0.0,0.0,0.0,10,0,9,0,1,0,10,0,0,0,1,0,0,1,0,0,1,0,0,33,9,0,0,0,0,9,0,1,0,1,0,0,0,0,33,1,0
c:\Users\arthur.menezes_evolu\Desktop\Pes\java-faker\src\main\java\com\github\javafaker\StarTrek.java,com.github.javafaker.StarTrek,class,2,4,2,2,6,1,0,2,0,0.0,0.0,0.0,6,0,5,0,1,0,6,0,0,0,1,0,0,1,0,0,1,0,0,21,5,0,0,0,0,5,0,1,0,1,0,0,0,0,9,1,0
c:\Users\arthur.menezes_evolu\Desktop\Pes\java-faker\src\main\java\com\github\javafaker\AquaTeenHungerForce.java,com.github.javafaker.AquaTeenHungerForce,class,2,4,2,2,2,1,0,2,0,0.0,0.0,0.0,2,0,1,0,1,0,2,0,0,0,1,0,0,1,0,0,1,0,0,9,1,0,0,0,0,1,0,1,0,1,0,0,0,0,7,1,0
c:\Users\arthur.menezes_evolu\Desktop\Pes\java-faker\src\test\java\com\github\javafaker\WitcherTest.java,com.github.javafaker.WitcherTest,class,5,5,0,5,6,2,0,9,15,0.0,0.0,0.0,6,0,6,0,0,0,6,0,0,0,0,0,0,0,0,0,0,0,6,20,0,0,0,0,0,6,0,0,0,0,0,0,0,0,16,1,0
c:\Users\arthur.menezes_evolu\Desktop\Pes\java-faker\src\main\java\com\github\javafaker\Buffy.java,com.github.javafaker.Buffy,class,2,4,2,2,6,1,0,2,0,0.0,0.0,0.0,6,0,5,0,1,0,6,0,0,0,1,0,0,1,0,0,1,0,0,21,5,0,0,0,0,5,0,1,0,1,0,0,0,0,9,1,0
c:\Users\arthur.menezes_evolu\Desktop\Pes\java-faker\src\main\java\com\github\javafaker\PhoneNumber.java,com.github.javafaker.PhoneNumber,class,3,6,3,3,7,1,0,7,3,0.33333334,0.0,0.0,6,0,5,0,1,0,6,0,0,0,1,0,0,1,0,0,1,0,0,25,5,1,0,0,0,3,2,3,0,3,1,0,0,0,12,1,0
c:\Users\arthur.menezes_evolu\Desktop\Pes\java-faker\src\main\java\com\github\javafaker\Shakespeare.java,com.github.javafaker.Shakespeare,class,3,6,3,3,6,1,0,3,13,0.79999995,0.0,0.0,6,0,4,1,1,0,5,0,0,0,5,4,0,5,0,0,5,0,0,25,5,0,0,0,0,45,0,5,0,5,0,0,0,0,237,1,0
c:\Users\arthur.menezes_evolu\Desktop\Pes\java-faker\src\test\java\com\github\javafaker\BusinessTest.java,com.github.javafaker.BusinessTest,class,5,5,0,5,3,2,0,6,3,0.0,0.0,0.0,3,0,3,0,0,0,3,0,0,0,0,0,0,0,0,0,0,0,3,11,0,0,0,0,0,0,0,0,0,0,0,0,0,0,11,1,0
