file,class,type,cbo,cboModified,fanin,fanout,wmc,dit,noc,rfc,lcom,lcom*,tcc,lcc,totalMethodsQty,staticMethodsQty,publicMethodsQty,privateMethodsQty,protectedMethodsQty,defaultMethodsQty,visibleMethodsQty,abstractMethodsQty,finalMethodsQty,synchronizedMethodsQty,totalFieldsQty,staticFieldsQty,publicFieldsQty,privateFieldsQty,protectedFieldsQty,defaultFieldsQty,finalFieldsQty,synchronizedFieldsQty,nosi,loc,returnQty,loopQty,comparisonsQty,tryCatchQty,parenthesizedExpsQty,stringLiteralsQty,numbersQty,assignmentsQty,mathOperationsQty,variablesQty,maxNestedBlocksQty,anonymousClassesQty,innerClassesQty,lambdasQty,uniqueWordsQty,modifiers,logStatementsQty
c:\Users\arthur.menezes_evolu\Desktop\Pes\winlator\app\src\main\java\com\winlator\ControlsEditorActivity.java,com.winlator.ControlsEditorActivity$Anonymous4,anonymous,2,2,0,2,2,1,0,1,1,0.0,0.0,0.0,2,0,2,0,0,0,2,0,0,0,0,0,0,0,0,0,0,0,0,7,0,0,0,0,0,0,0,0,0,0,0,0,0,0,7,-1,0
c:\Users\arthur.menezes_evolu\Desktop\Pes\winlator\app\src\main\java\com\winlator\widget\NumberPicker.java,com.winlator.widget.NumberPicker,class,11,14,3,11,24,2,0,19,66,0.7647059,0.0,0.0,17,0,16,1,0,0,16,0,0,0,6,0,0,6,0,0,1,0,2,91,7,0,6,0,0,0,6,16,2,10,1,0,1,0,51,1,0
c:\Users\arthur.menezes_evolu\Desktop\Pes\winlator\app\src\main\java\com\winlator\ControlsEditorActivity.java,com.winlator.ControlsEditorActivity$Anonymous5,anonymous,5,5,0,5,6,1,0,8,1,0.0,0.0,0.0,2,0,2,0,0,0,2,0,0,0,0,0,0,0,0,0,0,0,3,23,0,0,1,0,0,0,3,4,0,1,1,0,0,0,10,-1,0
c:\Users\arthur.menezes_evolu\Desktop\Pes\winlator\app\src\main\java\com\winlator\ControlsEditorActivity.java,com.winlator.ControlsEditorActivity$Anonymous2,anonymous,5,5,0,5,2,1,0,5,1,0.0,0.0,0.0,2,0,2,0,0,0,2,0,0,0,0,0,0,0,0,0,0,0,1,10,0,0,0,0,0,0,0,0,0,0,0,0,0,0,7,-1,0
c:\Users\arthur.menezes_evolu\Desktop\Pes\winlator\app\src\main\java\com\winlator\xserver\Property.java,com.winlator.xserver.Property,class,7,10,3,7,15,1,0,12,0,0.5416667,0.0,0.0,6,0,6,0,0,0,6,0,0,0,4,0,3,1,0,0,3,0,8,70,5,1,1,0,1,4,4,11,2,9,3,0,2,0,38,1,0
c:\Users\arthur.menezes_evolu\Desktop\Pes\winlator\app\src\main\java\com\winlator\ControlsEditorActivity.java,com.winlator.ControlsEditorActivity$Anonymous3,anonymous,5,5,0,5,2,1,0,4,1,0.0,0.0,0.0,2,0,2,0,0,0,2,0,0,0,0,0,0,0,0,0,0,0,1,9,0,0,0,0,0,0,0,0,0,0,0,0,0,0,7,-1,0
c:\Users\arthur.menezes_evolu\Desktop\Pes\winlator\app\src\main\java\com\winlator\ControlsEditorActivity.java,com.winlator.ControlsEditorActivity$Anonymous1,anonymous,4,4,0,4,4,1,0,6,3,0.0,0.0,0.0,3,0,3,0,0,0,3,0,0,0,0,0,0,0,0,0,0,0,1,16,0,0,0,0,0,1,2,1,2,0,1,0,0,0,13,-1,0
c:\Users\arthur.menezes_evolu\Desktop\Pes\winlator\app\src\main\java\com\winlator\xserver\XKeycode.java,com.winlator.xserver.XKeycode,enum,0,3,3,0,1,1,0,0,0,0.0,NaN,NaN,1,0,0,0,0,1,1,0,0,0,1,0,1,0,0,0,1,0,0,5,0,0,0,0,0,0,101,1,0,1,0,0,0,0,52,1,0
c:\Users\arthur.menezes_evolu\Desktop\Pes\winlator\app\src\main\java\com\winlator\inputcontrols\ControlElement.java,com.winlator.inputcontrols.ControlElement$Range,enum,1,1,0,1,3,1,0,3,1,0.5,0.0,0.0,2,1,1,0,0,1,2,0,0,0,1,0,1,0,0,0,1,0,1,11,1,1,0,0,0,2,4,5,0,4,1,0,0,0,19,1,0
c:\Users\arthur.menezes_evolu\Desktop\Pes\winlator\app\src\main\java\com\winlator\xconnector\XStreamLock.java,com.winlator.xconnector.XStreamLock,interface,0,2,2,0,1,1,0,0,0,0.0,NaN,NaN,1,0,0,0,0,1,1,0,0,0,0,0,0,0,0,0,0,0,0,3,0,0,0,0,0,0,0,0,0,0,0,0,0,0,9,1,0
c:\Users\arthur.menezes_evolu\Desktop\Pes\winlator\app\src\main\java\com\winlator\renderer\VertexAttribute.java,com.winlator.renderer.VertexAttribute,class,3,5,2,3,17,1,0,13,6,0.6851852,0.0,0.0,9,0,9,0,0,0,9,0,0,0,6,0,0,6,0,0,2,0,1,60,4,0,6,0,0,0,18,15,2,9,1,0,0,0,27,1,0
c:\Users\arthur.menezes_evolu\Desktop\Pes\winlator\app\src\main\java\com\winlator\xserver\Visual.java,com.winlator.xserver.Visual,class,0,6,6,0,1,1,0,0,0,0.22222222,NaN,NaN,1,0,1,0,0,0,1,0,0,0,9,0,9,0,0,0,9,0,0,20,0,0,0,0,0,0,2,9,0,9,0,0,0,0,18,1,0
c:\Users\arthur.menezes_evolu\Desktop\Pes\winlator\app\src\main\java\com\winlator\alsaserver\ALSAClientConnectionHandler.java,com.winlator.alsaserver.ALSAClientConnectionHandler,class,3,4,1,3,2,1,0,4,1,0.0,0.0,0.0,2,0,2,0,0,0,2,0,0,0,0,0,0,0,0,0,0,0,0,9,0,0,0,0,1,0,0,0,0,0,0,0,0,0,10,1,0
c:\Users\arthur.menezes_evolu\Desktop\Pes\winlator\app\src\main\java\com\winlator\renderer\Texture.java,com.winlator.renderer.Texture,class,3,10,7,3,25,1,1,13,83,0.8015873,0.0,0.0,18,0,18,0,0,0,18,0,0,0,7,0,0,5,2,0,0,0,0,96,9,0,2,0,0,0,23,19,0,10,1,0,0,0,37,1,0
c:\Users\arthur.menezes_evolu\Desktop\Pes\winlator\app\src\main\java\com\winlator\renderer\GLRenderer.java,com.winlator.renderer.GLRenderer,class,30,36,6,30,65,1,0,79,205,0.8874999,0.0,0.0,30,0,20,10,0,0,20,0,0,0,16,0,1,15,0,0,10,0,11,247,6,5,9,3,8,5,34,56,18,42,6,0,0,1,115,1,0
c:\Users\arthur.menezes_evolu\Desktop\Pes\winlator\app\src\main\java\com\winlator\alsaserver\ALSAClient.java,com.winlator.alsaserver.ALSAClient$DataType,enum,0,0,0,0,1,1,0,0,0,0.0,NaN,NaN,1,0,0,0,0,1,1,0,0,0,1,0,1,0,0,0,1,0,0,5,0,0,0,0,0,0,5,1,0,1,0,0,0,0,14,1,0
c:\Users\arthur.menezes_evolu\Desktop\Pes\winlator\app\src\main\java\com\winlator\xserver\WindowAttributes.java,com.winlator.xserver.WindowAttributes$WinGravity,enum,0,0,0,0,0,1,0,0,0,0.0,-1.0,-1.0,0,0,0,0,0,0,0,0,0,0,0,0,0,0,0,0,0,0,0,1,0,0,0,0,0,0,0,0,0,0,0,0,0,0,8,1,0
c:\Users\arthur.menezes_evolu\Desktop\Pes\winlator\app\src\main\java\com\winlator\xserver\WindowManager.java,com.winlator.xserver.WindowManager$FocusRevertTo,enum,0,0,0,0,0,1,0,0,0,0.0,-1.0,-1.0,0,0,0,0,0,0,0,0,0,0,0,0,0,0,0,0,0,0,0,1,0,0,0,0,0,0,0,0,0,0,0,0,0,0,10,1,0
c:\Users\arthur.menezes_evolu\Desktop\Pes\winlator\app\src\main\java\com\winlator\xserver\requests\DrawRequests.java,com.winlator.xserver.requests.DrawRequests,class,14,15,1,14,33,1,0,29,10,0.0,0.0,0.0,5,5,5,0,0,0,5,0,0,0,0,0,0,0,0,0,0,0,3,124,0,2,22,1,3,3,24,57,3,53,2,0,2,0,79,1025,0
c:\Users\arthur.menezes_evolu\Desktop\Pes\winlator\app\src\main\java\com\winlator\inputcontrols\ControlElement.java,com.winlator.inputcontrols.ControlElement,class,16,25,9,16,130,1,0,90,308,0.8621421,0.0,0.0,41,2,34,7,0,0,34,0,0,0,23,3,3,20,0,0,5,0,36,582,32,7,37,1,51,26,130,183,181,114,5,0,3,0,155,1,0
c:\Users\arthur.menezes_evolu\Desktop\Pes\winlator\app\src\main\java\com\winlator\xserver\extensions\MITSHMExtension.java,com.winlator.xserver.extensions.MITSHMExtension$ClientOpcodes,innerclass,0,0,0,0,0,1,0,0,0,NaN,-1.0,-1.0,0,0,0,0,0,0,0,0,0,0,4,4,0,4,0,0,4,0,0,6,0,0,0,0,0,0,4,4,0,4,0,0,0,0,21,1034,0
c:\Users\arthur.menezes_evolu\Desktop\Pes\winlator\app\src\main\java\com\winlator\xserver\errors\BadImplementation.java,com.winlator.xserver.errors.BadImplementation,class,1,5,4,1,1,4,0,0,0,0.0,NaN,NaN,1,0,1,0,0,0,1,0,0,0,0,0,0,0,0,0,0,0,0,5,0,0,0,0,0,0,2,0,0,0,0,0,0,0,5,1,0
c:\Users\arthur.menezes_evolu\Desktop\Pes\winlator\app\src\main\java\com\winlator\core\EnvVars.java,com.winlator.core.EnvVars,class,2,9,7,2,20,1,0,20,0,0.21428572,0.0,0.0,14,0,14,0,0,0,14,0,0,0,1,0,0,1,0,0,1,0,2,60,8,3,1,0,0,9,3,12,3,9,2,0,0,0,28,1,0
c:\Users\arthur.menezes_evolu\Desktop\Pes\winlator\app\src\main\java\com\winlator\core\ProcessHelper.java,com.winlator.core.ProcessHelper,class,3,7,4,3,34,1,0,31,53,0.8863637,0.0,0.0,11,11,9,2,0,0,9,0,0,0,4,4,2,2,0,0,2,0,14,128,7,4,11,3,2,6,13,35,3,23,4,0,0,2,63,1025,0
c:\Users\arthur.menezes_evolu\Desktop\Pes\winlator\app\src\main\java\com\winlator\math\Mathf.java,com.winlator.math.Mathf,class,0,11,11,0,11,1,0,1,10,0.0,0.0,0.0,5,5,5,0,0,0,5,0,0,0,0,0,0,0,0,0,0,0,1,17,5,0,0,0,8,0,5,0,5,0,0,0,0,0,12,1025,0
c:\Users\arthur.menezes_evolu\Desktop\Pes\winlator\app\src\main\java\com\winlator\xserver\errors\BadAlloc.java,com.winlator.xserver.errors.BadAlloc,class,1,2,1,1,1,4,0,0,0,0.0,NaN,NaN,1,0,1,0,0,0,1,0,0,0,0,0,0,0,0,0,0,0,0,5,0,0,0,0,0,0,2,0,0,0,0,0,0,0,5,1,0
c:\Users\arthur.menezes_evolu\Desktop\Pes\winlator\app\src\main\java\com\winlator\xserver\events\PointerWindowEvent.java,com.winlator.xserver.events.PointerWindowEvent,class,6,8,2,6,4,2,2,8,0,0.0,0.0,0.0,2,0,2,0,0,0,2,0,0,0,12,0,0,12,0,0,12,0,1,49,0,0,1,1,1,0,3,13,0,13,1,0,2,0,44,1025,0
c:\Users\arthur.menezes_evolu\Desktop\Pes\winlator\app\src\main\java\com\winlator\xserver\requests\DrawRequests.java,com.winlator.xserver.requests.DrawRequests$CoordinateMode,enum,0,0,0,0,0,1,0,0,0,0.0,-1.0,-1.0,0,0,0,0,0,0,0,0,0,0,0,0,0,0,0,0,0,0,0,1,0,0,0,0,0,0,0,0,0,0,0,0,0,0,11,2,0
c:\Users\arthur.menezes_evolu\Desktop\Pes\winlator\app\src\main\java\com\winlator\xserver\Property.java,com.winlator.xserver.Property$Format,enum,1,1,0,1,5,1,0,0,1,0.5,0.0,0.0,2,1,1,0,0,1,2,0,0,0,1,0,1,0,0,0,1,0,0,16,4,0,0,0,0,0,6,1,0,1,1,0,0,0,18,1,0
c:\Users\arthur.menezes_evolu\Desktop\Pes\winlator\app\src\main\java\com\winlator\ContainersFragment.java,com.winlator.ContainersFragment$ContainersAdapter,innerclass,12,12,0,12,11,2,0,27,4,0.4,0.0,0.0,5,0,4,1,0,0,4,0,2,0,1,0,0,1,0,0,1,0,0,76,3,0,0,0,0,1,0,6,0,8,3,0,1,6,39,2,0
c:\Users\arthur.menezes_evolu\Desktop\Pes\winlator\app\src\main\java\com\winlator\ControlsEditorActivity.java,com.winlator.ControlsEditorActivity,class,31,32,1,31,35,2,0,98,30,0.7222222,0.0,0.0,9,0,2,7,0,0,2,0,0,0,2,0,0,2,0,0,0,0,20,291,0,4,9,2,4,4,30,44,2,45,3,6,0,7,122,1,0
c:\Users\arthur.menezes_evolu\Desktop\Pes\winlator\app\src\main\java\com\winlator\xserver\errors\BadDrawable.java,com.winlator.xserver.errors.BadDrawable,class,1,7,6,1,1,4,0,0,0,0.0,NaN,NaN,1,0,1,0,0,0,1,0,0,0,0,0,0,0,0,0,0,0,0,5,0,0,0,0,0,0,1,0,0,0,0,0,0,0,6,1,0
c:\Users\arthur.menezes_evolu\Desktop\Pes\winlator\app\src\main\java\com\winlator\container\ContainerManager.java,com.winlator.container.ContainerManager,class,11,17,6,11,40,1,0,83,25,0.66071427,0.0,0.0,14,0,10,4,0,0,10,0,0,0,4,0,0,4,0,0,3,0,18,184,13,4,4,2,0,57,6,29,13,29,6,0,0,6,56,1,0
c:\Users\arthur.menezes_evolu\Desktop\Pes\winlator\app\src\main\java\com\winlator\xenvironment\components\EtcHostsFileUpdateComponent.java,com.winlator.xenvironment.components.EtcHostsFileUpdateComponent$Anonymous1,anonymous,4,4,0,4,6,1,0,7,0,0.0,NaN,NaN,1,0,1,0,0,0,1,0,0,0,0,0,0,0,0,0,0,0,0,11,0,0,3,0,7,4,8,4,4,3,2,0,0,0,15,-1,0
c:\Users\arthur.menezes_evolu\Desktop\Pes\winlator\app\src\main\java\com\winlator\SettingsFragment.java,com.winlator.SettingsFragment,class,42,46,4,42,37,2,0,108,41,0.78181815,0.0,0.0,11,2,6,5,0,0,6,0,0,0,5,2,2,3,0,0,2,0,27,290,8,2,11,1,5,45,5,64,10,84,6,2,0,31,147,1,0
c:\Users\arthur.menezes_evolu\Desktop\Pes\winlator\app\src\main\java\com\winlator\ControlsEditorActivity.java,com.winlator.ControlsEditorActivity$Anonymous6,anonymous,5,5,0,5,2,1,0,4,1,0.0,0.0,0.0,2,0,2,0,0,0,2,0,0,0,0,0,0,0,0,0,0,0,1,9,0,0,0,0,0,0,0,0,0,0,0,0,0,0,7,-1,0
c:\Users\arthur.menezes_evolu\Desktop\Pes\winlator\app\src\main\java\com\winlator\sysvshm\SysVSHMConnectionHandler.java,com.winlator.sysvshm.SysVSHMConnectionHandler,class,3,4,1,3,3,1,0,2,1,0.33333334,0.0,0.0,3,0,3,0,0,0,3,0,0,0,1,0,0,1,0,0,1,0,0,12,0,0,0,0,0,0,0,1,0,1,0,0,0,0,15,1,0
c:\Users\arthur.menezes_evolu\Desktop\Pes\winlator\app\src\main\java\com\winlator\winhandler\OnGetProcessInfoListener.java,com.winlator.winhandler.OnGetProcessInfoListener,interface,1,3,2,1,1,1,0,0,0,0.0,NaN,NaN,1,0,0,0,0,1,1,0,0,0,0,0,0,0,0,0,0,0,0,3,0,0,0,0,0,0,0,0,0,0,0,0,0,0,7,1,0
c:\Users\arthur.menezes_evolu\Desktop\Pes\winlator\app\src\main\java\com\winlator\xserver\errors\BadSHMSegment.java,com.winlator.xserver.errors.BadSHMSegment,class,1,3,2,1,1,4,0,0,0,0.0,NaN,NaN,1,0,1,0,0,0,1,0,0,0,0,0,0,0,0,0,0,0,0,5,0,0,0,0,0,0,1,0,0,0,0,0,0,0,9,1,0
c:\Users\arthur.menezes_evolu\Desktop\Pes\winlator\app\src\main\java\com\winlator\xserver\events\MapNotify.java,com.winlator.xserver.events.MapNotify,class,4,5,1,4,3,2,0,6,0,0.0,0.0,0.0,2,0,2,0,0,0,2,0,0,0,2,0,0,2,0,0,2,0,0,20,0,0,0,1,1,0,5,3,0,3,1,0,0,0,19,1,0
c:\Users\arthur.menezes_evolu\Desktop\Pes\winlator\app\src\main\java\com\winlator\xserver\extensions\BigReqExtension.java,com.winlator.xserver.extensions.BigReqExtension,class,4,5,1,4,5,1,0,6,10,0.8,0.0,0.0,5,0,5,0,0,0,5,0,0,0,2,2,1,1,0,0,2,0,0,26,4,0,0,1,0,1,7,3,0,3,1,0,0,0,41,1,0
c:\Users\arthur.menezes_evolu\Desktop\Pes\winlator\app\src\main\java\com\winlator\xserver\events\PointerWindowEvent.java,com.winlator.xserver.events.PointerWindowEvent$Detail,enum,0,0,0,0,0,1,0,0,0,0.0,-1.0,-1.0,0,0,0,0,0,0,0,0,0,0,0,0,0,0,0,0,0,0,0,1,0,0,0,0,0,0,0,0,0,0,0,0,0,0,13,1,0
c:\Users\arthur.menezes_evolu\Desktop\Pes\winlator\app\src\main\java\com\winlator\xserver\requests\FontRequests.java,com.winlator.xserver.requests.FontRequests,class,3,4,1,3,3,1,0,10,1,0.0,0.0,0.0,2,2,2,0,0,0,2,0,0,0,0,0,0,0,0,0,0,0,0,22,0,0,0,1,0,2,7,4,0,4,1,0,0,0,34,1025,0
c:\Users\arthur.menezes_evolu\Desktop\Pes\winlator\app\src\main\java\com\winlator\XServerDisplayActivity.java,com.winlator.XServerDisplayActivity$Anonymous1,anonymous,5,5,0,5,2,1,0,5,0,0.0,NaN,NaN,1,0,1,0,0,0,1,0,0,0,0,0,0,0,0,0,0,0,0,9,0,0,0,0,0,0,1,0,0,0,1,0,0,0,6,-1,0
c:\Users\arthur.menezes_evolu\Desktop\Pes\winlator\app\src\main\java\com\winlator\box86_64\Box86_64EditPresetDialog.java,com.winlator.box86_64.Box86_64EditPresetDialog,class,22,24,2,22,20,3,0,51,2,0.5,0.0,0.0,4,0,2,2,0,0,2,0,0,0,5,0,0,5,0,0,4,0,9,88,2,2,8,1,3,15,3,32,5,31,4,0,0,2,61,1,0
c:\Users\arthur.menezes_evolu\Desktop\Pes\winlator\app\src\main\java\com\winlator\xconnector\XOutputStream.java,com.winlator.xconnector.XOutputStream$OutputStreamLock,innerclass,2,2,0,2,2,1,0,3,1,0.0,0.0,0.0,2,0,2,0,0,0,2,0,0,0,0,0,0,0,0,0,0,0,0,13,0,0,0,1,0,0,0,0,0,0,1,0,0,0,9,2,0
c:\Users\arthur.menezes_evolu\Desktop\Pes\winlator\app\src\main\java\com\winlator\xserver\SHMSegmentManager.java,com.winlator.xserver.SHMSegmentManager,class,5,9,4,5,7,1,0,7,0,0.25,0.0,0.0,4,0,4,0,0,0,4,0,0,0,2,0,0,2,0,0,2,0,0,22,1,0,2,0,0,0,1,4,0,4,1,0,0,0,24,1,0
c:\Users\arthur.menezes_evolu\Desktop\Pes\winlator\app\src\main\java\com\winlator\xserver\XClient.java,com.winlator.xserver.XClient,class,20,49,29,20,33,1,0,32,140,0.8528139,0.0,0.0,21,0,21,0,0,0,21,0,0,0,11,0,2,9,0,0,6,0,0,125,11,2,3,3,0,0,3,21,4,19,3,0,0,0,68,1,0
c:\Users\arthur.menezes_evolu\Desktop\Pes\winlator\app\src\main\java\com\winlator\container\Container.java,com.winlator.container.Container$Anonymous2,anonymous,0,0,0,0,4,1,0,3,1,0.0,0.0,0.0,2,0,2,0,0,0,2,0,0,0,0,0,0,0,0,0,0,0,0,14,2,0,1,0,0,2,16,6,2,1,1,0,0,0,5,-1,0
c:\Users\arthur.menezes_evolu\Desktop\Pes\winlator\app\src\main\java\com\winlator\core\WineThemeManager.java,com.winlator.core.WineThemeManager$Theme,enum,0,0,0,0,0,1,0,0,0,0.0,-1.0,-1.0,0,0,0,0,0,0,0,0,0,0,0,0,0,0,0,0,0,0,0,1,0,0,0,0,0,0,0,0,0,0,0,0,0,0,6,1,0
c:\Users\arthur.menezes_evolu\Desktop\Pes\winlator\app\src\main\java\com\winlator\xserver\errors\BadMatch.java,com.winlator.xserver.errors.BadMatch,class,1,7,6,1,1,4,0,0,0,0.0,NaN,NaN,1,0,1,0,0,0,1,0,0,0,0,0,0,0,0,0,0,0,0,5,0,0,0,0,0,0,2,0,0,0,0,0,0,0,5,1,0
c:\Users\arthur.menezes_evolu\Desktop\Pes\winlator\app\src\main\java\com\winlator\xserver\XLock.java,com.winlator.xserver.XLock,interface,0,3,3,0,1,1,0,0,0,0.0,NaN,NaN,1,0,0,0,0,1,1,0,0,0,0,0,0,0,0,0,0,0,0,3,0,0,0,0,0,0,0,0,0,0,0,0,0,0,5,1,0
c:\Users\arthur.menezes_evolu\Desktop\Pes\winlator\app\src\main\java\com\winlator\contentdialog\ContentDialog.java,com.winlator.contentdialog.ContentDialog,class,15,25,10,15,27,2,4,35,85,0.85714287,0.0,0.0,14,3,14,0,0,0,14,0,0,0,3,0,0,3,0,0,1,0,1,124,1,1,6,0,0,3,3,22,0,23,3,0,0,4,64,1,0
c:\Users\arthur.menezes_evolu\Desktop\Pes\winlator\app\src\main\java\com\winlator\inputcontrols\Binding.java,com.winlator.inputcontrols.Binding,enum,4,12,8,4,56,1,0,16,91,0.9285714,0.0,0.0,14,7,13,0,0,1,14,0,0,0,1,0,1,0,0,0,1,0,8,120,37,6,5,1,0,28,6,9,0,8,2,0,0,0,54,1,0
c:\Users\arthur.menezes_evolu\Desktop\Pes\winlator\app\src\main\java\com\winlator\container\Container.java,com.winlator.container.Container$Anonymous1,anonymous,0,0,0,0,4,1,0,5,1,0.0,0.0,0.0,2,0,2,0,0,0,2,0,0,0,0,0,0,0,0,0,0,0,1,12,2,0,2,0,0,1,13,4,4,1,0,0,0,0,5,-1,0
c:\Users\arthur.menezes_evolu\Desktop\Pes\winlator\app\src\main\java\com\winlator\xserver\extensions\PresentExtension.java,com.winlator.xserver.extensions.PresentExtension,class,25,27,2,25,31,1,0,40,35,0.76666665,0.0,0.0,10,1,5,5,0,0,5,0,0,0,3,1,1,2,0,0,2,0,5,140,4,2,11,3,0,1,19,36,3,30,3,0,4,0,82,1,0
c:\Users\arthur.menezes_evolu\Desktop\Pes\winlator\app\src\main\java\com\winlator\xserver\XServer.java,com.winlator.xserver.XServer$Lockable,enum,0,0,0,0,0,1,0,0,0,0.0,-1.0,-1.0,0,0,0,0,0,0,0,0,0,0,0,0,0,0,0,0,0,0,0,1,0,0,0,0,0,0,0,0,0,0,0,0,0,0,12,1,0
c:\Users\arthur.menezes_evolu\Desktop\Pes\winlator\app\src\main\java\com\winlator\xserver\extensions\MITSHMExtension.java,com.winlator.xserver.extensions.MITSHMExtension,class,15,17,2,15,17,1,0,24,36,0.8888889,0.0,0.0,9,4,5,4,0,0,5,0,0,0,1,1,1,0,0,0,1,0,4,94,4,0,4,4,0,2,12,23,0,23,1,0,1,0,73,1,0
c:\Users\arthur.menezes_evolu\Desktop\Pes\winlator\app\src\main\java\com\winlator\box86_64\Box86_64PresetManager.java,com.winlator.box86_64.Box86_64PresetManager,class,9,15,6,9,40,1,0,33,45,0.0,0.0,0.0,10,10,9,1,0,0,9,0,0,0,0,0,0,0,0,0,0,0,12,162,9,10,3,0,3,76,17,43,33,35,3,1,0,1,52,1025,0
c:\Users\arthur.menezes_evolu\Desktop\Pes\winlator\app\src\main\java\com\winlator\inputcontrols\InputControlsManager.java,com.winlator.inputcontrols.InputControlsManager,class,7,13,6,7,44,1,0,45,0,0.5625,0.0,0.0,12,2,12,0,0,0,12,0,0,0,4,0,0,4,0,0,1,0,17,159,13,6,5,4,1,16,7,42,2,35,4,0,0,0,60,1,0
c:\Users\arthur.menezes_evolu\Desktop\Pes\winlator\app\src\main\java\com\winlator\widget\TouchpadView.java,com.winlator.widget.TouchpadView$Finger,innerclass,2,2,0,2,10,1,0,6,0,0.52380955,0.0,0.0,6,0,2,4,0,0,2,0,0,0,7,0,0,7,0,0,3,0,11,34,4,0,0,0,5,0,1,13,7,9,0,0,0,0,34,2,0
c:\Users\arthur.menezes_evolu\Desktop\Pes\winlator\app\src\main\java\com\winlator\winhandler\MouseEventFlags.java,com.winlator.winhandler.MouseEventFlags,class,1,2,1,1,9,1,0,0,0,0.41666666,NaN,NaN,1,1,1,0,0,0,1,0,0,0,12,12,12,0,0,0,12,0,0,29,5,0,0,0,0,0,13,12,0,12,1,0,0,0,43,1025,0
c:\Users\arthur.menezes_evolu\Desktop\Pes\winlator\app\src\main\java\com\winlator\container\Container.java,com.winlator.container.Container,class,5,17,12,5,57,1,0,15,845,0.9456521,0.0,0.0,46,2,46,0,0,0,46,0,0,0,26,8,9,17,0,0,9,0,3,235,27,0,5,3,0,37,4,45,5,32,2,2,0,2,111,1,0
c:\Users\arthur.menezes_evolu\Desktop\Pes\winlator\app\src\main\java\com\winlator\xenvironment\components\EtcHostsFileUpdateComponent.java,com.winlator.xenvironment.components.EtcHostsFileUpdateComponent,class,10,12,2,10,4,2,0,8,1,0.33333334,0.0,0.0,3,0,2,1,0,0,2,0,0,0,1,0,0,1,0,0,0,0,1,33,0,0,1,0,0,3,0,7,1,6,1,1,0,0,25,1,0
c:\Users\arthur.menezes_evolu\Desktop\Pes\winlator\app\src\main\java\com\winlator\xserver\Cursor.java,com.winlator.xserver.Cursor,class,2,7,5,2,3,2,0,0,1,0.61111116,0.0,0.0,3,0,3,0,0,0,3,0,0,0,6,0,5,1,0,0,5,0,0,22,1,0,0,0,0,0,0,7,0,6,0,0,0,0,17,1,0
c:\Users\arthur.menezes_evolu\Desktop\Pes\winlator\app\src\main\java\com\winlator\xserver\events\MotionNotify.java,com.winlator.xserver.events.MotionNotify,class,3,4,1,3,2,3,0,0,0,0.0,NaN,NaN,1,0,1,0,0,0,1,0,0,0,0,0,0,0,0,0,0,0,0,5,0,0,0,0,1,0,3,0,0,0,0,0,0,0,9,1,0
c:\Users\arthur.menezes_evolu\Desktop\Pes\winlator\app\src\main\java\com\winlator\xserver\WindowAttributes.java,com.winlator.xserver.WindowAttributes$BitGravity,enum,0,0,0,0,0,1,0,0,0,0.0,-1.0,-1.0,0,0,0,0,0,0,0,0,0,0,0,0,0,0,0,0,0,0,0,1,0,0,0,0,0,0,0,0,0,0,0,0,0,0,8,1,0
c:\Users\arthur.menezes_evolu\Desktop\Pes\winlator\app\src\main\java\com\winlator\xserver\CursorManager.java,com.winlator.xserver.CursorManager,class,7,12,5,7,12,2,0,14,7,0.5833334,0.0,0.0,6,1,5,1,0,0,5,0,0,0,2,0,0,2,0,0,2,0,1,40,4,1,3,0,0,0,4,9,0,8,2,0,0,0,36,1,0
c:\Users\arthur.menezes_evolu\Desktop\Pes\winlator\app\src\main\java\com\winlator\InputControlsFragment.java,com.winlator.InputControlsFragment$Anonymous3,anonymous,2,2,0,2,3,1,0,2,1,0.0,0.0,0.0,2,0,2,0,0,0,2,0,0,0,0,0,0,0,0,0,0,0,0,8,0,0,0,0,0,0,2,1,1,0,0,0,0,0,11,-1,0
c:\Users\arthur.menezes_evolu\Desktop\Pes\winlator\app\src\main\java\com\winlator\InputControlsFragment.java,com.winlator.InputControlsFragment$Anonymous2,anonymous,2,2,0,2,4,1,0,6,3,0.0,0.0,0.0,3,0,3,0,0,0,3,0,0,0,0,0,0,0,0,0,0,0,1,14,0,0,0,0,0,2,2,1,2,0,1,0,0,0,13,-1,0
c:\Users\arthur.menezes_evolu\Desktop\Pes\winlator\app\src\main\java\com\winlator\InputControlsFragment.java,com.winlator.InputControlsFragment$Anonymous1,anonymous,2,2,0,2,4,1,0,3,3,0.0,0.0,0.0,3,0,3,0,0,0,3,0,0,0,0,0,0,0,0,0,0,0,0,13,0,0,1,0,0,1,1,0,2,0,1,0,0,0,16,-1,0
c:\Users\arthur.menezes_evolu\Desktop\Pes\winlator\app\src\main\java\com\winlator\xserver\DesktopHelper.java,com.winlator.xserver.DesktopHelper$Anonymous1,anonymous,2,2,0,2,1,1,0,1,0,0.0,NaN,NaN,1,0,1,0,0,0,1,0,0,0,0,0,0,0,0,0,0,0,1,5,0,0,0,0,0,0,0,0,0,0,0,0,0,0,10,-1,0
c:\Users\arthur.menezes_evolu\Desktop\Pes\winlator\app\src\main\java\com\winlator\xserver\DesktopHelper.java,com.winlator.xserver.DesktopHelper$Anonymous2,anonymous,2,2,0,2,1,1,0,1,0,0.0,NaN,NaN,1,0,1,0,0,0,1,0,0,0,0,0,0,0,0,0,0,0,1,5,0,0,0,0,0,0,0,0,0,0,0,0,0,0,6,-1,0
c:\Users\arthur.menezes_evolu\Desktop\Pes\winlator\app\src\main\java\com\winlator\core\WineUtils.java,com.winlator.core.WineUtils,class,13,16,3,13,39,1,0,50,15,0.0,0.0,0.0,6,6,6,0,0,0,6,0,0,0,0,0,0,0,0,0,0,0,19,147,7,7,10,4,3,60,18,47,6,44,4,0,0,3,98,1025,0
c:\Users\arthur.menezes_evolu\Desktop\Pes\winlator\app\src\main\java\com\winlator\xserver\Pointer.java,com.winlator.xserver.Pointer$OnPointerMotionListener,interface,1,1,0,1,3,1,0,0,3,0.0,0.0,0.0,3,0,0,0,0,3,3,0,0,0,0,0,0,0,0,0,0,0,0,8,0,0,0,0,0,0,0,0,0,0,0,0,0,0,11,1,0
c:\Users\arthur.menezes_evolu\Desktop\Pes\winlator\app\src\main\java\com\winlator\xserver\IDGenerator.java,com.winlator.xserver.IDGenerator,class,0,2,2,0,1,1,0,0,0,0.0,NaN,NaN,1,1,1,0,0,0,1,0,0,0,1,1,0,1,0,0,0,0,0,6,1,0,0,0,0,0,1,1,0,1,0,0,0,0,5,1025,0
c:\Users\arthur.menezes_evolu\Desktop\Pes\winlator\app\src\main\java\com\winlator\xserver\WindowAttributes.java,com.winlator.xserver.WindowAttributes$WindowClass,enum,0,0,0,0,0,1,0,0,0,0.0,-1.0,-1.0,0,0,0,0,0,0,0,0,0,0,0,0,0,0,0,0,0,0,0,1,0,0,0,0,0,0,0,0,0,0,0,0,0,0,12,1,0
c:\Users\arthur.menezes_evolu\Desktop\Pes\winlator\app\src\main\java\com\winlator\inputcontrols\ControlElement.java,com.winlator.inputcontrols.ControlElement$Shape,enum,1,1,0,1,2,1,0,3,0,0.0,NaN,NaN,1,1,1,0,0,0,1,0,0,0,0,0,0,0,0,0,0,0,1,7,1,1,0,0,0,2,1,4,0,3,1,0,0,0,12,1,0
c:\Users\arthur.menezes_evolu\Desktop\Pes\winlator\app\src\main\java\com\winlator\core\ArrayUtils.java,com.winlator.core.ArrayUtils,class,3,7,4,3,7,1,0,5,3,0.0,0.0,0.0,3,3,3,0,0,0,3,0,0,0,0,0,0,0,0,0,0,0,6,31,3,3,0,1,0,0,9,11,2,8,2,0,0,0,17,1025,0
c:\Users\arthur.menezes_evolu\Desktop\Pes\winlator\app\src\main\java\com\winlator\core\MSLink.java,com.winlator.core.MSLink,class,3,5,2,3,13,1,0,20,15,0.0,NaN,NaN,6,6,1,5,0,0,1,0,0,0,0,0,0,0,0,0,0,0,42,88,5,1,1,1,1,12,128,41,9,30,1,0,0,0,78,1025,0
c:\Users\arthur.menezes_evolu\Desktop\Pes\winlator\app\src\main\java\com\winlator\core\DownloadProgressDialog.java,com.winlator.core.DownloadProgressDialog,class,6,8,2,6,14,1,0,18,0,0.4166667,0.0,0.0,6,0,5,1,0,0,5,0,0,0,2,0,0,2,0,0,1,0,0,45,4,0,6,1,2,1,1,3,1,4,2,0,0,1,28,1,0
c:\Users\arthur.menezes_evolu\Desktop\Pes\winlator\app\src\main\java\com\winlator\xserver\extensions\Extension.java,com.winlator.xserver.extensions.Extension,interface,3,11,8,3,5,1,0,0,10,0.0,0.0,0.0,5,0,0,0,0,5,5,0,0,0,0,0,0,0,0,0,0,0,0,7,0,0,0,0,0,0,0,0,0,0,0,0,0,0,17,1,0
c:\Users\arthur.menezes_evolu\Desktop\Pes\winlator\app\src\main\java\com\winlator\MainActivity.java,com.winlator.MainActivity,class,27,30,3,27,33,2,0,52,33,0.8909092,0.0,0.0,10,0,6,3,1,0,7,0,0,0,11,6,7,4,0,0,7,0,4,138,6,1,8,1,2,15,15,28,2,26,2,0,0,0,129,1,0
c:\Users\arthur.menezes_evolu\Desktop\Pes\winlator\app\src\main\java\com\winlator\renderer\GPUImage.java,com.winlator.renderer.GPUImage,class,4,8,4,4,21,2,0,11,33,0.7285715,0.0,0.0,14,2,8,6,0,0,9,0,0,0,5,1,0,5,0,0,0,0,1,55,4,0,4,0,0,1,6,12,0,7,1,0,0,0,45,1,0
c:\Users\arthur.menezes_evolu\Desktop\Pes\winlator\app\src\main\java\com\winlator\xserver\extensions\SyncExtension.java,com.winlator.xserver.extensions.SyncExtension,class,11,14,3,11,28,1,0,14,25,0.6818182,0.0,0.0,11,0,6,5,0,0,6,0,0,0,2,1,1,1,0,0,2,0,0,103,4,3,2,0,0,1,15,16,1,13,4,0,1,0,53,1,0
c:\Users\arthur.menezes_evolu\Desktop\Pes\winlator\app\src\main\java\com\winlator\xenvironment\components\VirGLRendererComponent.java,com.winlator.xenvironment.components.VirGLRendererComponent,class,13,15,2,13,21,2,0,27,71,0.82142854,0.0,0.0,14,0,6,8,0,0,7,0,0,0,4,0,0,4,0,0,2,0,2,82,6,0,4,1,0,1,3,14,1,13,3,0,0,1,54,1,0
c:\Users\arthur.menezes_evolu\Desktop\Pes\winlator\app\src\main\java\com\winlator\core\WineInfo.java,com.winlator.core.WineInfo$Anonymous1,anonymous,1,1,0,1,2,1,0,0,1,0.0,0.0,0.0,2,0,2,0,0,0,2,0,0,0,0,0,0,0,0,0,0,0,0,8,2,0,0,0,0,0,0,0,0,0,0,0,0,0,9,-1,0
c:\Users\arthur.menezes_evolu\Desktop\Pes\winlator\app\src\main\java\com\winlator\widget\InputControlsView.java,com.winlator.widget.InputControlsView,class,27,33,6,27,140,2,0,86,373,0.9185715,0.0,0.0,35,0,27,7,1,0,28,0,0,7,20,1,1,19,0,0,7,0,13,389,25,10,55,1,6,2,53,84,18,57,5,1,0,0,148,1,0
c:\Users\arthur.menezes_evolu\Desktop\Pes\winlator\app\src\main\java\com\winlator\sysvshm\RequestCodes.java,com.winlator.sysvshm.RequestCodes,class,0,0,0,0,0,1,0,0,0,NaN,-1.0,-1.0,0,0,0,0,0,0,0,0,0,0,3,3,3,0,0,0,3,0,0,5,0,0,0,0,0,0,3,3,0,3,0,0,0,0,12,1025,0
c:\Users\arthur.menezes_evolu\Desktop\Pes\winlator\app\src\main\java\com\winlator\xserver\extensions\DRI3Extension.java,com.winlator.xserver.extensions.DRI3Extension,class,20,22,2,20,20,1,0,32,45,0.9,0.0,0.0,10,0,5,5,0,0,5,0,0,0,2,1,1,1,0,0,2,0,3,126,4,0,6,6,1,1,19,35,2,36,2,0,1,1,67,1,0
c:\Users\arthur.menezes_evolu\Desktop\Pes\winlator\app\src\main\java\com\winlator\winhandler\ProcessInfo.java,com.winlator.winhandler.ProcessInfo,class,1,4,3,1,6,1,0,7,0,0.5,0.0,0.0,3,0,3,0,0,0,3,0,0,0,4,0,4,0,0,0,4,0,4,23,2,1,1,0,2,1,4,7,1,7,2,0,0,0,19,1,0
c:\Users\arthur.menezes_evolu\Desktop\Pes\winlator\app\src\main\java\com\winlator\SettingsFragment.java,com.winlator.SettingsFragment$Anonymous1,anonymous,1,1,0,1,3,1,0,1,3,0.0,0.0,0.0,3,0,3,0,0,0,3,0,0,0,0,0,0,0,0,0,0,0,0,9,0,0,0,0,0,1,0,0,1,0,0,0,0,0,13,-1,0
c:\Users\arthur.menezes_evolu\Desktop\Pes\winlator\app\src\main\java\com\winlator\SettingsFragment.java,com.winlator.SettingsFragment$Anonymous2,anonymous,0,0,0,0,1,1,0,1,0,0.0,NaN,NaN,0,0,0,0,0,0,1,0,0,0,0,0,0,0,0,0,0,0,0,6,0,0,0,0,0,2,0,0,0,0,0,0,0,0,1,-1,0
c:\Users\arthur.menezes_evolu\Desktop\Pes\winlator\app\src\main\java\com\winlator\xenvironment\components\SysVSharedMemoryComponent.java,com.winlator.xenvironment.components.SysVSharedMemoryComponent,class,8,9,1,8,5,2,0,4,0,0.33333334,0.0,0.0,3,0,3,0,0,0,3,0,0,0,4,0,1,3,0,0,2,0,0,24,1,0,2,0,0,0,0,5,0,4,1,0,0,0,28,1,0
c:\Users\arthur.menezes_evolu\Desktop\Pes\winlator\app\src\main\java\com\winlator\xserver\XResource.java,com.winlator.xserver.XResource,class,0,11,11,0,2,1,5,0,0,0.0,0.0,0.0,2,0,2,0,0,0,2,0,0,0,1,0,1,0,0,0,1,0,0,9,1,0,0,0,0,0,0,1,0,1,0,0,0,0,5,1025,0
c:\Users\arthur.menezes_evolu\Desktop\Pes\winlator\app\src\main\java\com\winlator\xserver\events\ConfigureRequest.java,com.winlator.xserver.events.ConfigureRequest,class,5,6,1,5,4,2,0,7,0,0.0,0.0,0.0,2,0,2,0,0,0,2,0,0,0,10,0,0,10,0,0,10,0,0,42,0,0,2,1,0,0,3,11,0,11,1,0,0,0,32,1,0
c:\Users\arthur.menezes_evolu\Desktop\Pes\winlator\app\src\main\java\com\winlator\xserver\requests\ExtensionRequests.java,com.winlator.xserver.requests.ExtensionRequests,class,5,6,1,5,2,1,0,13,0,0.0,NaN,NaN,1,1,1,0,0,0,1,0,0,0,0,0,0,0,0,0,0,0,0,25,0,0,1,1,0,0,7,4,0,4,2,0,0,0,27,1025,0
c:\Users\arthur.menezes_evolu\Desktop\Pes\winlator\app\src\main\java\com\winlator\core\AppUtils.java,com.winlator.core.AppUtils$Anonymous1,anonymous,2,2,0,2,3,1,0,2,3,0.0,0.0,0.0,3,0,3,0,0,0,3,0,0,0,0,0,0,0,0,0,0,0,0,10,0,0,0,0,0,0,0,0,0,0,0,0,0,0,6,-1,0
c:\Users\arthur.menezes_evolu\Desktop\Pes\winlator\app\src\main\java\com\winlator\core\HttpUtils.java,com.winlator.core.HttpUtils,class,6,9,3,6,13,1,0,23,6,0.0,0.0,0.0,4,4,2,2,0,0,2,0,0,0,0,0,0,0,0,0,0,0,5,73,2,1,4,4,5,0,5,14,2,15,4,0,0,7,45,1025,0
c:\Users\arthur.menezes_evolu\Desktop\Pes\winlator\app\src\main\java\com\winlator\core\TarZstdUtils.java,com.winlator.core.TarZstdUtils,class,13,18,5,13,35,1,0,33,55,0.0,0.0,0.0,11,11,8,3,0,0,8,0,0,0,0,0,0,0,0,0,0,0,17,114,14,3,6,8,1,2,6,12,3,11,6,0,0,0,45,1025,0
c:\Users\arthur.menezes_evolu\Desktop\Pes\winlator\app\src\main\java\com\winlator\ShortcutsFragment.java,com.winlator.ShortcutsFragment,class,17,20,3,17,5,2,0,16,2,0.5,0.0,0.0,4,0,4,0,0,0,4,0,0,0,3,0,0,3,0,0,0,0,0,92,1,0,0,0,1,0,0,5,0,5,1,0,1,0,40,1,0
c:\Users\arthur.menezes_evolu\Desktop\Pes\winlator\app\src\main\java\com\winlator\xserver\EventListener.java,com.winlator.xserver.EventListener,class,3,7,4,3,5,1,0,6,0,0.375,0.0,0.0,4,0,4,0,0,0,4,0,0,0,2,0,2,0,0,0,2,0,0,22,2,0,0,1,0,0,0,2,0,2,1,0,0,0,18,1,0
c:\Users\arthur.menezes_evolu\Desktop\Pes\winlator\app\src\main\java\com\winlator\alsaserver\ALSAClient.java,com.winlator.alsaserver.ALSAClient,class,5,8,3,5,43,1,0,22,86,0.8,0.0,0.0,20,0,19,1,0,0,19,0,0,0,8,0,0,8,0,0,0,0,1,120,9,0,14,0,1,0,8,22,4,12,2,0,1,0,54,1,0
c:\Users\arthur.menezes_evolu\Desktop\Pes\winlator\app\src\main\java\com\winlator\xserver\events\MapRequest.java,com.winlator.xserver.events.MapRequest,class,3,4,1,3,2,2,0,5,0,0.0,0.0,0.0,2,0,2,0,0,0,2,0,0,0,2,0,0,2,0,0,2,0,0,19,0,0,0,1,0,0,3,3,0,3,1,0,0,0,19,1,0
c:\Users\arthur.menezes_evolu\Desktop\Pes\winlator\app\src\main\java\com\winlator\xserver\events\DestroyNotify.java,com.winlator.xserver.events.DestroyNotify,class,3,4,1,3,2,2,0,5,0,0.0,0.0,0.0,2,0,2,0,0,0,2,0,0,0,2,0,0,2,0,0,2,0,0,19,0,0,0,1,0,0,3,3,0,3,1,0,0,0,19,1,0
c:\Users\arthur.menezes_evolu\Desktop\Pes\winlator\app\src\main\java\com\winlator\xserver\extensions\PresentExtension.java,com.winlator.xserver.extensions.PresentExtension$Event,innerclass,3,3,0,3,0,1,0,0,0,NaN,-1.0,-1.0,0,0,0,0,0,0,0,0,0,0,4,0,0,4,0,0,0,0,0,6,0,0,0,0,0,0,0,0,0,4,0,0,0,0,9,10,0
c:\Users\arthur.menezes_evolu\Desktop\Pes\winlator\app\src\main\java\com\winlator\xserver\requests\GrabRequests.java,com.winlator.xserver.requests.GrabRequests$Status,enum,0,0,0,0,0,1,0,0,0,0.0,-1.0,-1.0,0,0,0,0,0,0,0,0,0,0,0,0,0,0,0,0,0,0,0,1,0,0,0,0,0,0,0,0,0,0,0,0,0,0,8,2,0
c:\Users\arthur.menezes_evolu\Desktop\Pes\winlator\app\src\main\java\com\winlator\ContainerDetailFragment.java,com.winlator.ContainerDetailFragment$Anonymous2,anonymous,2,2,0,2,2,1,0,1,1,0.0,0.0,0.0,2,0,2,0,0,0,2,0,0,0,0,0,0,0,0,0,0,0,0,7,0,0,0,0,0,0,0,0,0,0,0,0,0,0,7,-1,0
c:\Users\arthur.menezes_evolu\Desktop\Pes\winlator\app\src\main\java\com\winlator\widget\CPUListView.java,com.winlator.widget.CPUListView,class,10,13,3,10,13,2,0,20,7,0.5714286,0.0,0.0,7,0,6,1,0,0,6,0,0,0,2,0,0,2,0,0,1,0,3,49,2,3,1,0,2,7,5,15,4,13,2,0,0,0,53,1,0
c:\Users\arthur.menezes_evolu\Desktop\Pes\winlator\app\src\main\java\com\winlator\xserver\XServer.java,com.winlator.xserver.XServer,class,32,57,25,32,23,1,0,20,164,0.9404762,0.0,0.0,20,0,19,1,0,0,19,0,0,0,21,3,17,4,0,0,18,0,5,137,9,2,0,6,0,2,4,29,2,29,2,0,3,0,100,1,0
c:\Users\arthur.menezes_evolu\Desktop\Pes\winlator\app\src\main\java\com\winlator\ContainerDetailFragment.java,com.winlator.ContainerDetailFragment$Anonymous1,anonymous,2,2,0,2,3,1,0,4,1,0.0,0.0,0.0,2,0,2,0,0,0,2,0,0,0,0,0,0,0,0,0,0,0,0,8,0,0,0,0,0,1,0,1,0,1,0,0,0,0,9,-1,0
c:\Users\arthur.menezes_evolu\Desktop\Pes\winlator\app\src\main\java\com\winlator\core\TarXZUtils.java,com.winlator.core.TarXZUtils,class,8,10,2,8,18,1,0,19,6,0.0,0.0,0.0,4,4,3,1,0,0,3,0,0,0,0,0,0,0,0,0,0,0,6,56,12,1,4,5,1,0,1,5,0,5,6,0,0,0,32,1025,0
c:\Users\arthur.menezes_evolu\Desktop\Pes\winlator\app\src\main\java\com\winlator\sysvshm\SysVSharedMemory.java,com.winlator.sysvshm.SysVSharedMemory$SHMemory,innerclass,0,0,0,0,0,1,0,0,0,NaN,-1.0,-1.0,0,0,0,0,0,0,0,0,0,0,3,0,0,3,0,0,0,0,0,5,0,0,0,0,0,0,0,0,0,3,0,0,0,0,8,10,0
c:\Users\arthur.menezes_evolu\Desktop\Pes\winlator\app\src\main\java\com\winlator\sysvshm\SysVSharedMemory.java,com.winlator.sysvshm.SysVSharedMemory,class,5,13,8,5,27,1,0,17,25,0.6818182,0.0,0.0,11,5,9,2,0,0,10,0,0,0,2,0,0,2,0,0,1,0,6,92,7,2,8,2,0,3,12,21,2,15,4,0,1,0,49,1,0
c:\Users\arthur.menezes_evolu\Desktop\Pes\winlator\app\src\main\java\com\winlator\xserver\events\CreateNotify.java,com.winlator.xserver.events.CreateNotify,class,4,5,1,4,3,2,0,11,0,0.0,0.0,0.0,2,0,2,0,0,0,2,0,0,0,2,0,0,2,0,0,2,0,0,25,0,0,0,1,1,0,5,3,0,3,1,0,0,0,19,1,0
c:\Users\arthur.menezes_evolu\Desktop\Pes\winlator\app\src\main\java\com\winlator\widget\XServerView.java,com.winlator.widget.XServerView,class,6,9,3,6,2,2,0,6,0,0.0,0.0,0.0,2,0,2,0,0,0,2,0,0,0,1,0,0,1,0,0,1,0,0,16,1,0,0,0,0,1,7,1,0,1,0,0,0,0,37,1,0
c:\Users\arthur.menezes_evolu\Desktop\Pes\winlator\app\src\main\java\com\winlator\xserver\WindowAttributes.java,com.winlator.xserver.WindowAttributes$BackingStore,enum,0,0,0,0,0,1,0,0,0,0.0,-1.0,-1.0,0,0,0,0,0,0,0,0,0,0,0,0,0,0,0,0,0,0,0,1,0,0,0,0,0,0,0,0,0,0,0,0,0,0,8,1,0
c:\Users\arthur.menezes_evolu\Desktop\Pes\winlator\app\src\main\java\com\winlator\widget\ColorPickerView.java,com.winlator.widget.ColorPickerView,class,17,19,2,17,15,2,0,35,21,0.7,0.0,0.0,10,2,9,0,1,0,10,0,0,0,3,1,0,3,0,0,2,0,13,80,5,1,4,0,3,1,36,21,10,19,3,0,0,1,70,1,0
c:\Users\arthur.menezes_evolu\Desktop\Pes\winlator\app\src\main\java\com\winlator\winhandler\WinHandler.java,com.winlator.winhandler.WinHandler,class,12,19,7,12,71,1,0,65,88,0.8439153,0.0,0.0,21,0,16,5,0,0,16,0,0,0,18,4,2,16,0,0,11,0,8,301,11,3,20,5,3,3,28,55,2,43,6,0,0,10,129,1,0
c:\Users\arthur.menezes_evolu\Desktop\Pes\winlator\app\src\main\java\com\winlator\xserver\DesktopHelper.java,com.winlator.xserver.DesktopHelper,class,10,14,4,10,11,1,0,21,6,0.0,NaN,NaN,4,4,1,3,0,0,1,0,0,0,0,0,0,0,0,0,0,0,4,47,0,1,5,1,0,9,0,9,0,9,2,2,0,0,30,1025,0
c:\Users\arthur.menezes_evolu\Desktop\Pes\winlator\app\src\main\java\com\winlator\core\CursorLocker.java,com.winlator.core.CursorLocker,class,6,12,6,6,14,2,0,13,4,0.625,0.0,0.0,8,0,8,0,0,0,8,0,0,0,4,0,0,4,0,0,1,0,6,56,3,0,2,0,5,0,9,13,16,10,2,0,1,0,31,1,0
c:\Users\arthur.menezes_evolu\Desktop\Pes\winlator\app\src\main\java\com\winlator\widget\NumberPicker.java,com.winlator.widget.NumberPicker$OnValueChangeListener,interface,1,1,0,1,1,1,0,0,0,0.0,NaN,NaN,1,0,0,0,0,1,1,0,0,0,0,0,0,0,0,0,0,0,0,3,0,0,0,0,0,0,0,0,0,0,0,0,0,0,8,1,0
c:\Users\arthur.menezes_evolu\Desktop\Pes\winlator\app\src\main\java\com\winlator\core\StringUtils.java,com.winlator.core.StringUtils,class,3,15,12,3,21,1,0,20,55,0.0,0.0,0.0,11,11,11,0,0,0,11,0,0,0,0,0,0,0,0,0,0,0,6,51,12,1,3,1,1,24,9,10,8,7,1,0,0,0,44,1,0
c:\Users\arthur.menezes_evolu\Desktop\Pes\winlator\app\src\main\java\com\winlator\sysvshm\SysVSHMRequestHandler.java,com.winlator.sysvshm.SysVSHMRequestHandler,class,5,6,1,5,5,1,0,14,0,0.0,NaN,NaN,1,0,1,0,0,0,1,0,0,0,0,0,0,0,0,0,0,0,0,36,2,0,0,2,0,0,2,10,0,10,2,0,0,0,30,1,0
c:\Users\arthur.menezes_evolu\Desktop\Pes\winlator\app\src\main\java\com\winlator\inputcontrols\ExternalController.java,com.winlator.inputcontrols.ExternalController,class,9,18,9,9,100,1,0,40,207,0.88461536,0.0,0.0,26,8,24,2,0,0,24,0,0,0,17,12,13,4,0,0,14,0,21,257,59,8,27,1,5,15,40,53,0,39,3,0,0,0,89,1,0
c:\Users\arthur.menezes_evolu\Desktop\Pes\winlator\app\src\main\java\com\winlator\xserver\events\SelectionClear.java,com.winlator.xserver.events.SelectionClear,class,3,4,1,3,2,2,0,5,0,0.0,0.0,0.0,2,0,2,0,0,0,2,0,0,0,3,0,0,3,0,0,3,0,0,22,0,0,0,1,0,0,3,4,0,4,1,0,0,0,20,1,0
c:\Users\arthur.menezes_evolu\Desktop\Pes\winlator\app\src\main\java\com\winlator\xenvironment\components\XServerComponent.java,com.winlator.xenvironment.components.XServerComponent,class,6,7,1,6,6,2,0,4,0,0.41666666,0.0,0.0,4,0,4,0,0,0,4,0,0,0,3,0,0,3,0,0,2,0,0,25,2,0,2,0,0,0,1,4,0,3,1,0,0,0,21,1,0
c:\Users\arthur.menezes_evolu\Desktop\Pes\winlator\app\src\main\java\com\winlator\inputcontrols\ExternalControllerBinding.java,com.winlator.inputcontrols.ExternalControllerBinding,class,3,8,5,3,28,1,0,4,1,0.6714286,0.0,0.0,7,1,7,0,0,0,7,0,0,0,10,8,8,2,0,0,8,0,0,75,20,0,0,1,0,14,14,12,0,11,1,0,0,0,36,1,0
c:\Users\arthur.menezes_evolu\Desktop\Pes\winlator\app\src\main\java\com\winlator\xserver\Drawable.java,com.winlator.xserver.Drawable,class,10,33,23,10,48,2,0,23,13,0.73611116,0.0,0.0,27,8,19,8,0,0,20,0,0,0,8,0,4,4,0,0,4,0,24,138,7,1,9,0,22,1,36,35,34,11,2,0,0,0,66,1,0
c:\Users\arthur.menezes_evolu\Desktop\Pes\winlator\app\src\main\java\com\winlator\core\PreloaderDialog.java,com.winlator.core.PreloaderDialog,class,5,14,9,5,14,1,0,15,0,0.42857143,0.0,0.0,7,0,6,1,0,0,6,0,0,2,2,0,0,2,0,0,1,0,0,45,3,0,5,1,1,0,0,3,0,3,2,0,0,1,24,1,0
c:\Users\arthur.menezes_evolu\Desktop\Pes\winlator\app\src\main\java\com\winlator\renderer\material\WindowMaterial.java,com.winlator.renderer.material.WindowMaterial,class,1,2,1,1,3,2,0,1,3,0.0,0.0,0.0,3,0,1,0,2,0,3,0,0,0,0,0,0,0,0,0,0,0,0,11,2,0,0,0,0,18,0,0,2,0,0,0,0,0,29,1,0
c:\Users\arthur.menezes_evolu\Desktop\Pes\winlator\app\src\main\java\com\winlator\xserver\InputDeviceManager.java,com.winlator.xserver.InputDeviceManager,class,32,38,6,32,79,1,0,51,25,0.6315789,0.0,0.0,19,0,15,4,0,0,15,0,0,0,3,1,0,3,0,0,2,0,2,224,10,0,27,0,1,0,23,69,0,57,3,0,0,0,79,1,0
c:\Users\arthur.menezes_evolu\Desktop\Pes\winlator\app\src\main\java\com\winlator\xserver\events\KeyRelease.java,com.winlator.xserver.events.KeyRelease,class,3,4,1,3,1,3,0,0,0,0.0,NaN,NaN,1,0,1,0,0,0,1,0,0,0,0,0,0,0,0,0,0,0,0,5,0,0,0,0,0,0,1,0,0,0,0,0,0,0,8,1,0
c:\Users\arthur.menezes_evolu\Desktop\Pes\winlator\app\src\main\java\com\winlator\xserver\events\InputDeviceEvent.java,com.winlator.xserver.events.InputDeviceEvent,class,4,9,5,4,3,2,5,6,0,0.0,0.0,0.0,2,0,2,0,0,0,2,0,0,0,10,0,0,10,0,0,10,0,1,43,0,0,1,1,0,0,3,11,0,11,1,0,0,0,26,1,0
c:\Users\arthur.menezes_evolu\Desktop\Pes\winlator\app\src\main\java\com\winlator\xserver\Window.java,com.winlator.xserver.Window$StackMode,enum,0,0,0,0,0,1,0,0,0,0.0,-1.0,-1.0,0,0,0,0,0,0,0,0,0,0,0,0,0,0,0,0,0,0,0,1,0,0,0,0,0,0,0,0,0,0,0,0,0,0,9,1,0
c:\Users\arthur.menezes_evolu\Desktop\Pes\winlator\app\src\main\java\com\winlator\xserver\extensions\DRI3Extension.java,com.winlator.xserver.extensions.DRI3Extension$ClientOpcodes,innerclass,0,0,0,0,0,1,0,0,0,NaN,-1.0,-1.0,0,0,0,0,0,0,0,0,0,0,4,4,0,4,0,0,4,0,0,6,0,0,0,0,0,0,4,4,0,4,0,0,0,0,19,1034,0
c:\Users\arthur.menezes_evolu\Desktop\Pes\winlator\app\src\main\java\com\winlator\xenvironment\components\GuestProgramLauncherComponent.java,com.winlator.xenvironment.components.GuestProgramLauncherComponent,class,11,15,4,11,33,2,0,32,155,0.8333334,0.0,0.0,22,0,18,4,0,0,18,0,0,0,9,2,0,9,0,0,1,0,7,156,8,1,7,0,2,65,7,40,12,26,2,0,0,1,77,1,0
c:\Users\arthur.menezes_evolu\Desktop\Pes\winlator\app\src\main\java\com\winlator\xserver\Window.java,com.winlator.xserver.Window$MapState,enum,0,0,0,0,0,1,0,0,0,0.0,-1.0,-1.0,0,0,0,0,0,0,0,0,0,0,0,0,0,0,0,0,0,0,0,1,0,0,0,0,0,0,0,0,0,0,0,0,0,0,10,1,0
c:\Users\arthur.menezes_evolu\Desktop\Pes\winlator\app\src\main\java\com\winlator\winhandler\RequestCodes.java,com.winlator.winhandler.RequestCodes,class,0,0,0,0,0,1,0,0,0,NaN,-1.0,-1.0,0,0,0,0,0,0,0,0,0,0,12,12,12,0,0,0,12,0,0,14,0,0,0,0,0,0,12,12,0,12,0,0,0,0,24,1024,0
c:\Users\arthur.menezes_evolu\Desktop\Pes\winlator\app\src\main\java\com\winlator\xserver\Bitmask.java,com.winlator.xserver.Bitmask,class,4,33,29,4,16,1,0,2,0,0.16666667,0.0,0.0,12,0,12,0,0,0,12,0,0,0,1,0,0,1,0,0,0,0,0,52,6,0,3,0,2,0,4,6,0,2,1,1,0,0,17,1,0
c:\Users\arthur.menezes_evolu\Desktop\Pes\winlator\app\src\main\java\com\winlator\xserver\Pointer.java,com.winlator.xserver.Pointer$Button,enum,1,1,0,1,2,1,0,2,1,0.0,0.0,0.0,2,0,2,0,0,0,2,0,0,0,0,0,0,0,0,0,0,0,0,7,2,0,0,0,2,0,2,0,3,0,0,0,0,0,22,1,0
c:\Users\arthur.menezes_evolu\Desktop\Pes\winlator\app\src\main\java\com\winlator\xserver\WindowManager.java,com.winlator.xserver.WindowManager,class,29,45,16,29,90,2,0,66,184,0.8066667,0.0,0.0,25,0,16,7,2,0,18,0,0,0,6,0,2,4,0,0,4,0,2,268,7,8,20,0,2,0,17,60,6,39,2,0,2,2,110,1,0
c:\Users\arthur.menezes_evolu\Desktop\Pes\winlator\app\src\main\java\com\winlator\widget\InputControlsView.java,com.winlator.widget.InputControlsView$Anonymous1,anonymous,1,1,0,1,1,1,0,1,0,0.0,NaN,NaN,1,0,1,0,0,0,1,0,0,0,0,0,0,0,0,0,0,0,0,5,0,0,0,0,2,0,2,0,2,0,0,0,0,0,3,-1,0
c:\Users\arthur.menezes_evolu\Desktop\Pes\winlator\app\src\main\java\com\winlator\xserver\XClientRequestHandler.java,com.winlator.xserver.XClientRequestHandler,class,24,26,2,24,74,1,0,81,6,0.8333333,NaN,NaN,4,0,1,3,0,0,1,0,0,0,3,3,3,0,0,0,3,0,42,368,8,2,5,39,7,4,52,58,15,56,4,0,0,0,71,1,0
c:\Users\arthur.menezes_evolu\Desktop\Pes\winlator\app\src\main\java\com\winlator\xserver\events\EnterNotify.java,com.winlator.xserver.events.EnterNotify,class,5,6,1,5,1,3,0,0,0,0.0,NaN,NaN,1,0,1,0,0,0,1,0,0,0,0,0,0,0,0,0,0,0,0,5,0,0,0,0,0,0,1,0,0,0,0,0,0,0,12,1,0
c:\Users\arthur.menezes_evolu\Desktop\Pes\winlator\app\src\main\java\com\winlator\xserver\SelectionManager.java,com.winlator.xserver.SelectionManager$Selection,innerclass,2,2,0,2,0,1,0,0,0,NaN,-1.0,-1.0,0,0,0,0,0,0,0,0,0,0,2,0,1,1,0,0,0,0,0,4,0,0,0,0,0,0,0,0,0,2,0,0,0,0,6,9,0
c:\Users\arthur.menezes_evolu\Desktop\Pes\winlator\app\src\main\java\com\winlator\xserver\errors\BadIdChoice.java,com.winlator.xserver.errors.BadIdChoice,class,1,8,7,1,1,4,0,0,0,0.0,NaN,NaN,1,0,1,0,0,0,1,0,0,0,0,0,0,0,0,0,0,0,0,5,0,0,0,0,0,0,1,0,0,0,0,0,0,0,7,1,0
c:\Users\arthur.menezes_evolu\Desktop\Pes\winlator\app\src\main\java\com\winlator\renderer\RenderableWindow.java,com.winlator.renderer.RenderableWindow,class,1,2,1,1,2,1,0,0,0,0.125,0.0,0.0,2,0,2,0,0,0,2,0,0,0,4,0,0,0,0,4,2,0,0,15,0,0,0,0,0,0,0,4,0,4,0,0,0,0,9,0,0
c:\Users\arthur.menezes_evolu\Desktop\Pes\winlator\app\src\main\java\com\winlator\xserver\Window.java,com.winlator.xserver.Window,class,18,61,43,18,116,2,0,40,940,0.93301886,0.0,0.0,53,0,53,0,0,0,53,0,0,0,20,7,9,11,0,0,13,0,2,316,48,19,29,0,0,3,25,63,9,39,2,0,2,0,120,1,0
c:\Users\arthur.menezes_evolu\Desktop\Pes\winlator\app\src\main\java\com\winlator\core\Callback.java,com.winlator.core.Callback,interface,1,18,17,1,1,1,0,0,0,0.0,NaN,NaN,1,0,0,0,0,1,1,0,0,0,0,0,0,0,0,0,0,0,0,3,0,0,0,0,0,0,0,0,0,0,0,0,0,0,3,1,0
c:\Users\arthur.menezes_evolu\Desktop\Pes\winlator\app\src\main\java\com\winlator\xserver\XClientConnectionHandler.java,com.winlator.xserver.XClientConnectionHandler,class,4,5,1,4,3,1,0,6,1,0.33333334,0.0,0.0,3,0,3,0,0,0,3,0,0,0,1,0,0,1,0,0,1,0,0,13,0,0,0,0,1,0,0,1,0,1,0,0,0,0,10,1,0
c:\Users\arthur.menezes_evolu\Desktop\Pes\winlator\app\src\main\java\com\winlator\xserver\events\ButtonRelease.java,com.winlator.xserver.events.ButtonRelease,class,3,4,1,3,1,3,0,0,0,0.0,NaN,NaN,1,0,1,0,0,0,1,0,0,0,0,0,0,0,0,0,0,0,0,5,0,0,0,0,0,0,1,0,0,0,0,0,0,0,8,1,0
c:\Users\arthur.menezes_evolu\Desktop\Pes\winlator\app\src\main\java\com\winlator\xserver\events\UnmapNotify.java,com.winlator.xserver.events.UnmapNotify,class,3,4,1,3,2,2,0,5,0,0.0,0.0,0.0,2,0,2,0,0,0,2,0,0,0,2,0,0,2,0,0,2,0,0,20,0,0,0,1,0,0,4,3,0,3,1,0,0,0,19,1,0
c:\Users\arthur.menezes_evolu\Desktop\Pes\winlator\app\src\main\java\com\winlator\xserver\XResourceManager.java,com.winlator.xserver.XResourceManager,class,2,10,8,2,6,1,5,6,0,0.0,0.0,0.0,4,0,4,0,0,0,4,0,0,0,1,0,0,1,0,0,1,0,0,25,0,2,0,0,0,0,4,3,2,3,1,0,1,0,15,1025,0
c:\Users\arthur.menezes_evolu\Desktop\Pes\winlator\app\src\main\java\com\winlator\xserver\events\MappingNotify.java,com.winlator.xserver.events.MappingNotify,class,3,4,1,3,2,2,0,5,0,0.0,0.0,0.0,2,0,2,0,0,0,2,0,0,0,3,0,0,3,0,0,3,0,0,23,0,0,0,1,0,0,3,4,0,4,1,0,1,0,27,1,0
c:\Users\arthur.menezes_evolu\Desktop\Pes\winlator\app\src\main\java\com\winlator\xserver\GraphicsContext.java,com.winlator.xserver.GraphicsContext$Function,enum,0,0,0,0,0,1,0,0,0,0.0,-1.0,-1.0,0,0,0,0,0,0,0,0,0,0,0,0,0,0,0,0,0,0,0,1,0,0,0,0,0,0,0,0,0,0,0,0,0,0,5,1,0
c:\Users\arthur.menezes_evolu\Desktop\Pes\winlator\app\src\main\java\com\winlator\xserver\errors\BadValue.java,com.winlator.xserver.errors.BadValue,class,1,2,1,1,1,4,0,0,0,0.0,NaN,NaN,1,0,1,0,0,0,1,0,0,0,0,0,0,0,0,0,0,0,0,5,0,0,0,0,0,0,1,0,0,0,0,0,0,0,6,1,0
c:\Users\arthur.menezes_evolu\Desktop\Pes\winlator\app\src\main\java\com\winlator\inputcontrols\GamepadState.java,com.winlator.inputcontrols.GamepadState,class,3,9,6,3,25,1,0,7,9,0.7619048,0.0,0.0,7,0,7,0,0,0,7,0,0,0,6,0,6,0,0,0,1,0,1,49,5,0,1,0,10,0,41,19,6,9,8,0,0,0,29,1,0
c:\Users\arthur.menezes_evolu\Desktop\Pes\winlator\app\src\main\java\com\winlator\xserver\events\PointerWindowEvent.java,com.winlator.xserver.events.PointerWindowEvent$Mode,enum,0,0,0,0,0,1,0,0,0,0.0,-1.0,-1.0,0,0,0,0,0,0,0,0,0,0,0,0,0,0,0,0,0,0,0,1,0,0,0,0,0,0,0,0,0,0,0,0,0,0,8,1,0
c:\Users\arthur.menezes_evolu\Desktop\Pes\winlator\app\src\main\java\com\winlator\core\UnitUtils.java,com.winlator.core.UnitUtils,class,0,4,4,0,2,1,0,2,1,0.0,0.0,0.0,2,2,2,0,0,0,2,0,0,0,0,0,0,0,0,0,0,0,0,8,2,0,0,0,0,0,0,0,2,0,0,0,0,0,7,1,0
c:\Users\arthur.menezes_evolu\Desktop\Pes\winlator\app\src\main\java\com\winlator\contentdialog\ShortcutSettingsDialog.java,com.winlator.contentdialog.ShortcutSettingsDialog$Anonymous1,anonymous,2,2,0,2,3,1,0,4,1,0.0,0.0,0.0,2,0,2,0,0,0,2,0,0,0,0,0,0,0,0,0,0,0,0,8,0,0,0,0,0,1,0,1,0,1,0,0,0,0,9,-1,0
c:\Users\arthur.menezes_evolu\Desktop\Pes\winlator\app\src\main\java\com\winlator\box86_64\Box86_64PresetManager.java,com.winlator.box86_64.Box86_64PresetManager$Anonymous1,anonymous,0,0,0,0,3,1,0,2,1,0.0,0.0,0.0,2,0,2,0,0,0,2,0,0,0,0,0,0,0,0,0,0,0,0,8,2,0,0,0,0,1,2,0,0,0,0,0,0,0,3,-1,0
c:\Users\arthur.menezes_evolu\Desktop\Pes\winlator\app\src\main\java\com\winlator\xserver\ScreenInfo.java,com.winlator.xserver.ScreenInfo,class,0,4,4,0,5,1,0,2,0,0.2,0.0,0.0,5,0,5,0,0,0,5,0,0,0,2,0,2,0,0,0,2,0,2,22,3,0,0,0,2,2,4,5,3,3,0,0,0,0,13,1,0
c:\Users\arthur.menezes_evolu\Desktop\Pes\winlator\app\src\main\java\com\winlator\xconnector\XOutputStream.java,com.winlator.xconnector.XOutputStream,class,5,48,43,5,20,1,0,24,8,0.7875,0.0,0.0,16,0,14,2,0,0,14,0,0,0,5,1,1,4,0,0,3,0,2,92,2,0,2,0,1,0,13,12,3,9,2,0,1,0,44,1,0
c:\Users\arthur.menezes_evolu\Desktop\Pes\winlator\app\src\main\java\com\winlator\core\StreamUtils.java,com.winlator.core.StreamUtils,class,2,7,5,2,5,1,0,5,0,0.0,0.0,0.0,2,2,2,0,0,0,2,0,0,0,1,1,1,0,0,0,1,0,1,23,4,1,2,1,1,0,5,4,1,4,2,0,0,0,28,1,0
c:\Users\arthur.menezes_evolu\Desktop\Pes\winlator\app\src\main\java\com\winlator\core\GPUInformation.java,com.winlator.core.GPUInformation,class,10,12,2,10,9,1,0,25,10,0.0,0.0,0.0,5,5,4,1,0,0,4,0,0,0,0,0,0,0,0,0,0,0,8,67,8,0,0,1,1,25,10,24,0,23,2,0,0,1,36,1025,0
c:\Users\arthur.menezes_evolu\Desktop\Pes\winlator\app\src\main\java\com\winlator\core\WineThemeManager.java,com.winlator.core.WineThemeManager,class,5,7,2,5,4,1,0,8,1,1.0,0.0,0.0,2,2,2,0,0,0,2,0,0,0,2,2,2,0,0,0,2,0,2,79,0,0,2,1,0,182,0,6,2,6,2,0,1,0,35,1025,0
c:\Users\arthur.menezes_evolu\Desktop\Pes\winlator\app\src\main\java\com\winlator\renderer\TransformationInfo.java,com.winlator.renderer.TransformationInfo,class,0,1,1,0,1,1,0,2,0,0.0,NaN,NaN,1,0,0,0,0,1,1,0,0,0,8,0,0,0,0,8,0,0,3,21,0,0,0,0,8,0,4,9,20,9,0,0,0,0,14,0,0
c:\Users\arthur.menezes_evolu\Desktop\Pes\winlator\app\src\main\java\com\winlator\xserver\errors\XRequestError.java,com.winlator.xserver.errors.XRequestError,class,2,17,15,2,4,3,14,8,0,0.25,0.0,0.0,4,0,4,0,0,0,4,0,0,0,2,0,0,2,0,0,2,0,0,26,2,0,0,1,0,0,1,4,0,4,1,0,0,0,27,1,0
c:\Users\arthur.menezes_evolu\Desktop\Pes\winlator\app\src\main\java\com\winlator\xserver\requests\AtomRequests.java,com.winlator.xserver.requests.AtomRequests,class,5,6,1,5,4,1,0,12,0,0.0,NaN,NaN,1,1,1,0,0,0,1,0,0,0,0,0,0,0,0,0,0,0,2,18,0,0,1,1,0,0,6,5,0,5,1,0,0,0,30,1025,0
c:\Users\arthur.menezes_evolu\Desktop\Pes\winlator\app\src\main\java\com\winlator\xconnector\Client.java,com.winlator.xconnector.Client,class,4,14,10,4,10,1,0,8,13,0.80357146,0.0,0.0,7,0,6,0,1,0,7,0,0,0,8,0,1,4,3,0,2,0,1,42,4,0,2,1,1,0,2,6,0,9,1,0,0,0,34,1,0
c:\Users\arthur.menezes_evolu\Desktop\Pes\winlator\app\src\main\java\com\winlator\xserver\GraphicsContext.java,com.winlator.xserver.GraphicsContext,class,4,9,5,4,13,2,0,0,66,0.9666666,0.0,0.0,13,0,13,0,0,0,13,0,0,0,30,23,24,6,0,0,24,0,0,74,6,0,0,0,0,0,50,36,23,30,0,0,2,0,50,1,0
c:\Users\arthur.menezes_evolu\Desktop\Pes\winlator\app\src\main\java\com\winlator\xserver\XServer.java,com.winlator.xserver.XServer$SingleXLock,innerclass,2,2,0,2,2,1,0,3,0,0.0,NaN,NaN,2,0,1,1,0,0,1,0,0,0,1,0,0,1,0,0,1,0,0,10,0,0,0,0,0,0,0,1,0,1,0,0,0,0,8,2,0
c:\Users\arthur.menezes_evolu\Desktop\Pes\winlator\app\src\main\java\com\winlator\xserver\Keyboard.java,com.winlator.xserver.Keyboard$OnKeyboardListener,interface,0,0,0,0,2,1,0,0,1,0.0,0.0,0.0,2,0,0,0,0,2,2,0,0,0,0,0,0,0,0,0,0,0,0,4,0,0,0,0,0,0,0,0,0,0,0,0,0,0,9,1,0
c:\Users\arthur.menezes_evolu\Desktop\Pes\winlator\app\src\main\java\com\winlator\xserver\requests\SelectionRequests.java,com.winlator.xserver.requests.SelectionRequests,class,9,10,1,9,6,1,0,11,1,0.0,0.0,0.0,2,2,2,0,0,0,2,0,0,0,0,0,0,0,0,0,0,0,2,24,0,0,2,1,0,0,4,7,0,7,1,0,0,0,34,1025,0
c:\Users\arthur.menezes_evolu\Desktop\Pes\winlator\app\src\main\java\com\winlator\core\CPUStatus.java,com.winlator.core.CPUStatus,class,2,3,1,2,3,1,0,3,1,0.0,0.0,0.0,2,2,2,0,0,0,2,0,0,0,0,0,0,0,0,0,0,0,3,15,2,1,0,0,2,4,3,6,4,5,1,0,0,0,23,1025,0
c:\Users\arthur.menezes_evolu\Desktop\Pes\winlator\app\src\main\java\com\winlator\alsaserver\ALSARequestHandler.java,com.winlator.alsaserver.ALSARequestHandler,class,9,11,2,9,17,1,0,32,1,0.5,NaN,NaN,2,0,1,1,0,0,1,0,0,0,1,0,0,1,0,0,0,0,4,69,4,0,2,2,1,1,6,12,1,12,3,0,0,0,37,1,0
c:\Users\arthur.menezes_evolu\Desktop\Pes\winlator\app\src\main\java\com\winlator\xserver\events\KeyPress.java,com.winlator.xserver.events.KeyPress,class,3,4,1,3,1,3,0,0,0,0.0,NaN,NaN,1,0,1,0,0,0,1,0,0,0,0,0,0,0,0,0,0,0,0,5,0,0,0,0,0,0,1,0,0,0,0,0,0,0,8,1,0
c:\Users\arthur.menezes_evolu\Desktop\Pes\winlator\app\src\main\java\com\winlator\xserver\requests\DrawRequests.java,com.winlator.xserver.requests.DrawRequests$Format,enum,0,0,0,0,0,1,0,0,0,0.0,-1.0,-1.0,0,0,0,0,0,0,0,0,0,0,0,0,0,0,0,0,0,0,0,1,0,0,0,0,0,0,0,0,0,0,0,0,0,0,9,1,0
c:\Users\arthur.menezes_evolu\Desktop\Pes\winlator\app\src\main\java\com\winlator\xserver\extensions\PresentExtension.java,com.winlator.xserver.extensions.PresentExtension$ClientOpcodes,innerclass,0,0,0,0,0,1,0,0,0,NaN,-1.0,-1.0,0,0,0,0,0,0,0,0,0,0,3,3,0,3,0,0,3,0,0,5,0,0,0,0,0,0,3,3,0,3,0,0,0,0,20,1034,0
c:\Users\arthur.menezes_evolu\Desktop\Pes\winlator\app\src\main\java\com\winlator\xserver\requests\GraphicsContextRequests.java,com.winlator.xserver.requests.GraphicsContextRequests,class,11,12,1,11,9,1,0,9,3,0.0,0.0,0.0,3,3,3,0,0,0,3,0,0,0,0,0,0,0,0,0,0,0,0,24,0,0,3,0,0,0,0,8,0,8,1,0,0,0,27,1025,0
c:\Users\arthur.menezes_evolu\Desktop\Pes\winlator\app\src\main\java\com\winlator\winhandler\TaskManagerDialog.java,com.winlator.winhandler.TaskManagerDialog$Anonymous1,anonymous,0,0,0,0,1,1,0,1,0,0.0,NaN,NaN,1,0,1,0,0,0,1,0,0,0,0,0,0,0,0,0,0,0,0,5,0,0,0,0,0,0,0,0,0,0,0,0,0,0,1,-1,0
c:\Users\arthur.menezes_evolu\Desktop\Pes\winlator\app\src\main\java\com\winlator\xserver\events\LeaveNotify.java,com.winlator.xserver.events.LeaveNotify,class,5,6,1,5,1,3,0,0,0,0.0,NaN,NaN,1,0,1,0,0,0,1,0,0,0,0,0,0,0,0,0,0,0,0,5,0,0,0,0,0,0,1,0,0,0,0,0,0,0,12,1,0
c:\Users\arthur.menezes_evolu\Desktop\Pes\winlator\app\src\main\java\com\winlator\xserver\errors\BadAccess.java,com.winlator.xserver.errors.BadAccess,class,1,3,2,1,1,4,0,0,0,0.0,NaN,NaN,1,0,1,0,0,0,1,0,0,0,0,0,0,0,0,0,0,0,0,5,0,0,0,0,0,0,2,0,0,0,0,0,0,0,5,1,0
c:\Users\arthur.menezes_evolu\Desktop\Pes\winlator\app\src\main\java\com\winlator\xconnector\UnixSocketConfig.java,com.winlator.xconnector.UnixSocketConfig,class,2,10,8,2,3,1,0,6,1,0.9166667,NaN,NaN,2,1,1,1,0,0,1,0,0,0,6,5,6,0,0,0,6,0,3,22,1,0,0,0,0,6,1,9,0,9,1,0,0,0,29,1,0
c:\Users\arthur.menezes_evolu\Desktop\Pes\winlator\app\src\main\java\com\winlator\ExternalControllerBindingsActivity.java,com.winlator.ExternalControllerBindingsActivity$ControllerBindingsAdapter$ViewHolder,innerclass,5,5,0,5,1,2,0,1,0,0.0,-1.0,-1.0,1,0,0,1,0,0,0,0,0,0,4,0,0,4,0,0,4,0,0,13,0,0,0,0,0,0,0,4,0,4,0,0,0,0,11,2,0
c:\Users\arthur.menezes_evolu\Desktop\Pes\winlator\app\src\main\java\com\winlator\xserver\GraphicsContextManager.java,com.winlator.xserver.GraphicsContextManager,class,8,13,5,8,29,2,0,16,0,0.25,0.0,0.0,4,0,4,0,0,0,4,0,0,0,1,0,0,1,0,0,1,0,2,60,3,1,0,0,0,0,2,2,0,2,2,0,0,0,27,1,0
c:\Users\arthur.menezes_evolu\Desktop\Pes\winlator\app\src\main\java\com\winlator\xserver\events\ButtonPress.java,com.winlator.xserver.events.ButtonPress,class,3,4,1,3,1,3,0,0,0,0.0,NaN,NaN,1,0,1,0,0,0,1,0,0,0,0,0,0,0,0,0,0,0,0,5,0,0,0,0,0,0,1,0,0,0,0,0,0,0,8,1,0
c:\Users\arthur.menezes_evolu\Desktop\Pes\winlator\app\src\main\java\com\winlator\XServerDisplayActivity.java,com.winlator.XServerDisplayActivity,class,62,68,6,62,139,2,0,224,150,0.8472906,0.0,0.0,29,0,10,17,2,0,12,0,0,0,21,0,0,21,0,0,2,0,64,614,14,12,26,3,7,217,35,142,39,130,5,1,0,12,290,1,0
c:\Users\arthur.menezes_evolu\Desktop\Pes\winlator\app\src\main\java\com\winlator\xenvironment\XEnvironment.java,com.winlator.xenvironment.XEnvironment,class,7,14,7,7,18,1,0,14,41,0.75757575,0.0,0.0,11,0,11,0,0,0,11,0,0,0,3,0,0,3,0,0,3,0,2,51,6,3,3,0,0,1,1,7,0,6,2,0,0,0,31,1,0
c:\Users\arthur.menezes_evolu\Desktop\Pes\winlator\app\src\main\java\com\winlator\xserver\errors\BadPixmap.java,com.winlator.xserver.errors.BadPixmap,class,1,3,2,1,1,4,0,0,0,0.0,NaN,NaN,1,0,1,0,0,0,1,0,0,0,0,0,0,0,0,0,0,0,0,5,0,0,0,0,0,0,1,0,0,0,0,0,0,0,6,1,0
c:\Users\arthur.menezes_evolu\Desktop\Pes\winlator\app\src\main\java\com\winlator\xserver\events\Expose.java,com.winlator.xserver.events.Expose,class,3,4,1,3,2,2,0,7,0,0.0,0.0,0.0,2,0,2,0,0,0,2,0,0,0,5,0,0,5,0,0,5,0,0,29,0,0,0,1,0,0,6,6,0,6,1,0,0,0,21,1,0
c:\Users\arthur.menezes_evolu\Desktop\Pes\winlator\app\src\main\java\com\winlator\InputControlsFragment.java,com.winlator.InputControlsFragment,class,35,37,2,35,43,2,0,90,9,0.6969697,0.0,0.0,11,0,6,5,0,0,6,0,0,0,6,1,0,6,0,0,2,0,7,291,2,4,19,2,5,12,9,49,6,58,4,3,0,23,133,1,0
c:\Users\arthur.menezes_evolu\Desktop\Pes\winlator\app\src\main\java\com\winlator\xenvironment\ImageFs.java,com.winlator.xenvironment.ImageFs,class,4,17,13,4,16,1,0,17,33,0.88095236,0.0,0.0,14,1,13,1,0,0,13,0,0,0,6,4,4,2,0,0,5,0,6,59,11,0,0,1,0,13,2,9,3,8,1,0,0,0,50,1,0
c:\Users\arthur.menezes_evolu\Desktop\Pes\winlator\app\src\main\java\com\winlator\xenvironment\EnvironmentComponent.java,com.winlator.xenvironment.EnvironmentComponent,class,1,9,8,1,2,1,7,0,1,1.0,0.0,0.0,2,0,2,0,0,0,2,2,0,0,1,0,0,0,1,0,0,0,0,5,0,0,0,0,0,0,0,0,0,1,0,0,0,0,6,1025,0
c:\Users\arthur.menezes_evolu\Desktop\Pes\winlator\app\src\main\java\com\winlator\xenvironment\components\ALSAServerComponent.java,com.winlator.xenvironment.components.ALSAServerComponent,class,5,6,1,5,5,2,0,3,0,0.33333334,0.0,0.0,3,0,3,0,0,0,3,0,0,0,2,0,0,2,0,0,1,0,0,19,1,0,2,0,0,0,0,3,0,2,1,0,0,0,22,1,0
c:\Users\arthur.menezes_evolu\Desktop\Pes\winlator\app\src\main\java\com\winlator\xserver\extensions\PresentExtension.java,com.winlator.xserver.extensions.PresentExtension$Kind,enum,0,0,0,0,0,1,0,0,0,0.0,-1.0,-1.0,0,0,0,0,0,0,0,0,0,0,0,0,0,0,0,0,0,0,0,1,0,0,0,0,0,0,0,0,0,0,0,0,0,0,12,1,0
c:\Users\arthur.menezes_evolu\Desktop\Pes\winlator\app\src\main\java\com\winlator\xserver\Property.java,com.winlator.xserver.Property$Mode,enum,0,0,0,0,0,1,0,0,0,0.0,-1.0,-1.0,0,0,0,0,0,0,0,0,0,0,0,0,0,0,0,0,0,0,0,1,0,0,0,0,0,0,0,0,0,0,0,0,0,0,7,1,0
c:\Users\arthur.menezes_evolu\Desktop\Pes\winlator\app\src\main\java\com\winlator\xserver\XServer.java,com.winlator.xserver.XServer$MultiXLock,innerclass,2,2,0,2,4,1,0,3,0,0.0,NaN,NaN,2,0,1,1,0,0,1,0,0,0,1,0,0,1,0,0,1,0,0,12,0,2,0,0,0,0,2,2,1,2,1,0,0,0,8,2,0
c:\Users\arthur.menezes_evolu\Desktop\Pes\winlator\app\src\main\java\com\winlator\ShortcutsFragment.java,com.winlator.ShortcutsFragment$ShortcutsAdapter,innerclass,13,13,0,13,12,2,0,21,9,0.5,0.0,0.0,6,0,4,2,0,0,4,0,1,0,1,0,0,1,0,0,1,0,0,64,3,0,4,0,1,2,0,7,0,10,4,0,1,4,37,2,0
c:\Users\arthur.menezes_evolu\Desktop\Pes\winlator\app\src\main\java\com\winlator\xserver\Keyboard.java,com.winlator.xserver.Keyboard,class,9,13,4,9,52,1,0,28,92,0.8875,0.0,0.0,16,5,13,3,0,0,13,0,0,0,10,4,5,5,0,0,10,0,10,319,15,2,29,0,1,0,211,122,13,20,3,0,1,0,66,1,0
c:\Users\arthur.menezes_evolu\Desktop\Pes\winlator\app\src\main\java\com\winlator\xserver\events\Event.java,com.winlator.xserver.events.Event,class,1,23,22,1,2,1,17,0,1,0.9807692,0.0,0.0,2,0,2,0,0,0,2,1,0,0,26,25,25,0,1,0,26,0,0,32,0,0,0,0,0,0,50,26,25,26,0,0,0,0,37,1025,0
c:\Users\arthur.menezes_evolu\Desktop\Pes\winlator\app\src\main\java\com\winlator\xserver\requests\WindowRequests.java,com.winlator.xserver.requests.WindowRequests,class,31,33,2,31,83,1,0,89,210,0.0,0.0,0.0,21,21,20,1,0,0,20,0,0,0,0,0,0,0,0,0,0,0,8,354,4,1,39,8,13,0,88,111,18,107,3,0,0,0,112,1025,0
c:\Users\arthur.menezes_evolu\Desktop\Pes\winlator\app\src\main\java\com\winlator\ContainersFragment.java,com.winlator.ContainersFragment,class,30,32,2,30,11,2,0,42,17,0.75,0.0,0.0,7,0,5,2,0,0,5,0,0,0,4,0,0,4,0,0,0,0,10,172,4,0,1,0,5,3,5,27,4,30,2,0,1,5,89,1,0
c:\Users\arthur.menezes_evolu\Desktop\Pes\winlator\app\src\main\java\com\winlator\core\WineInfo.java,com.winlator.core.WineInfo,class,6,13,7,6,17,1,0,13,0,0.6785715,0.0,0.0,12,1,11,1,0,0,11,0,0,0,7,3,5,2,0,0,6,0,2,72,9,0,2,0,2,11,4,19,4,10,1,1,0,0,51,1,0
c:\Users\arthur.menezes_evolu\Desktop\Pes\winlator\app\src\main\java\com\winlator\xenvironment\components\PulseAudioComponent.java,com.winlator.xenvironment.components.PulseAudioComponent,class,8,10,2,8,6,2,0,16,2,0.5,0.0,0.0,4,0,3,1,0,0,3,0,0,0,3,2,0,3,0,0,2,0,5,47,1,0,1,0,0,20,5,19,6,10,2,0,0,0,46,1,0
c:\Users\arthur.menezes_evolu\Desktop\Pes\winlator\app\src\main\java\com\winlator\xserver\Atom.java,com.winlator.xserver.Atom,class,1,7,6,1,10,1,0,6,0,0.0,0.0,0.0,4,4,4,0,0,0,4,0,0,4,1,1,0,1,0,0,1,0,2,22,6,1,2,0,0,68,5,4,0,3,2,0,0,0,12,1025,0
c:\Users\arthur.menezes_evolu\Desktop\Pes\winlator\app\src\main\java\com\winlator\xserver\errors\BadFence.java,com.winlator.xserver.errors.BadFence,class,1,2,1,1,1,4,0,0,0,0.0,NaN,NaN,1,0,1,0,0,0,1,0,0,0,0,0,0,0,0,0,0,0,0,5,0,0,0,0,0,0,1,0,1,0,0,0,0,0,6,1,0
c:\Users\arthur.menezes_evolu\Desktop\Pes\winlator\app\src\main\java\com\winlator\xserver\extensions\PresentExtension.java,com.winlator.xserver.extensions.PresentExtension$Mode,enum,0,0,0,0,0,1,0,0,0,0.0,-1.0,-1.0,0,0,0,0,0,0,0,0,0,0,0,0,0,0,0,0,0,0,0,1,0,0,0,0,0,0,0,0,0,0,0,0,0,0,6,1,0
c:\Users\arthur.menezes_evolu\Desktop\Pes\winlator\app\src\main\java\com\winlator\widget\TouchpadView.java,com.winlator.widget.TouchpadView,class,10,13,3,10,62,2,0,34,43,0.8444445,0.0,0.0,15,0,8,7,0,0,8,0,0,0,15,4,0,15,0,0,6,0,3,213,7,3,12,0,3,0,29,46,10,30,4,0,1,2,89,1,0
c:\Users\arthur.menezes_evolu\Desktop\Pes\winlator\app\src\main\java\com\winlator\box86_64\Box86_64Preset.java,com.winlator.box86_64.Box86_64Preset,class,1,3,2,1,3,1,0,1,0,0.72222227,0.0,0.0,3,0,3,0,0,0,3,0,0,0,6,4,6,0,0,0,6,0,0,18,2,0,0,0,0,4,0,6,0,6,0,0,0,0,26,1,0
c:\Users\arthur.menezes_evolu\Desktop\Pes\winlator\app\src\main\java\com\winlator\xserver\requests\CursorRequests.java,com.winlator.xserver.requests.CursorRequests,class,10,11,1,10,9,1,0,8,1,0.0,0.0,0.0,2,2,2,0,0,0,2,0,0,0,0,0,0,0,0,0,0,0,0,29,0,0,6,0,1,0,1,14,0,14,1,0,0,0,28,1025,0
c:\Users\arthur.menezes_evolu\Desktop\Pes\winlator\app\src\main\java\com\winlator\xserver\ClientOpcodes.java,com.winlator.xserver.ClientOpcodes,class,0,0,0,0,0,1,0,0,0,NaN,-1.0,-1.0,0,0,0,0,0,0,0,0,0,0,52,52,52,0,0,0,52,0,0,54,0,0,0,0,0,0,52,52,0,52,0,0,0,0,27,1025,0
c:\Users\arthur.menezes_evolu\Desktop\Pes\winlator\app\src\main\java\com\winlator\core\AppUtils.java,com.winlator.core.AppUtils,class,22,34,12,22,53,1,0,87,210,0.95238096,0.0,0.0,21,21,21,0,0,0,21,0,0,0,1,1,0,1,0,0,0,0,16,218,20,4,9,1,3,10,40,36,3,34,3,1,0,5,108,1025,0
c:\Users\arthur.menezes_evolu\Desktop\Pes\winlator\app\src\main\java\com\winlator\ExternalControllerBindingsActivity.java,com.winlator.ExternalControllerBindingsActivity$ControllerBindingsAdapter,innerclass,7,7,0,7,4,2,0,13,6,0.0,0.0,0.0,4,0,3,1,0,0,3,0,2,0,0,0,0,0,0,0,0,0,0,35,2,0,0,0,0,0,0,1,0,2,1,0,1,1,27,2,0
c:\Users\arthur.menezes_evolu\Desktop\Pes\winlator\app\src\main\java\com\winlator\xserver\WindowManager.java,com.winlator.xserver.WindowManager$OnWindowModificationListener,interface,2,2,0,2,6,1,0,0,15,0.0,0.0,0.0,6,0,0,0,0,6,6,0,0,0,0,0,0,0,0,0,0,0,0,14,0,0,0,0,0,0,0,0,0,0,0,0,0,0,18,1,0
c:\Users\arthur.menezes_evolu\Desktop\Pes\winlator\app\src\main\java\com\winlator\xserver\XResourceManager.java,com.winlator.xserver.XResourceManager$OnResourceLifecycleListener,interface,1,1,0,1,2,1,0,0,1,0.0,0.0,0.0,2,0,0,0,0,2,2,0,0,0,0,0,0,0,0,0,0,0,0,6,0,0,0,0,0,0,0,0,0,0,0,0,0,0,9,1,0
c:\Users\arthur.menezes_evolu\Desktop\Pes\winlator\app\src\main\java\com\winlator\core\FileUtils.java,com.winlator.core.FileUtils,class,8,33,25,8,91,1,0,80,435,0.0,0.0,0.0,30,30,29,1,0,0,29,0,0,0,0,0,0,0,0,0,0,0,32,270,46,8,18,14,8,16,12,48,6,41,4,0,0,1,98,1025,0
c:\Users\arthur.menezes_evolu\Desktop\Pes\winlator\app\src\main\java\com\winlator\xconnector\ClientSocket.java,com.winlator.xconnector.ClientSocket,class,2,7,5,2,20,1,0,13,18,0.5833333,0.0,0.0,12,0,8,4,0,0,9,0,0,0,2,0,1,1,0,0,2,0,1,61,6,0,2,0,0,5,9,8,2,8,1,0,0,0,29,1,0
c:\Users\arthur.menezes_evolu\Desktop\Pes\winlator\app\src\main\java\com\winlator\ShortcutsFragment.java,com.winlator.ShortcutsFragment$ShortcutsAdapter$ViewHolder,innerclass,5,5,0,5,1,2,0,1,0,0.0,-1.0,-1.0,1,0,0,1,0,0,0,0,0,0,5,0,0,5,0,0,5,0,0,15,0,0,0,0,0,0,0,5,0,5,0,0,0,0,12,2,0
c:\Users\arthur.menezes_evolu\Desktop\Pes\winlator\app\src\main\java\com\winlator\xserver\errors\BadWindow.java,com.winlator.xserver.errors.BadWindow,class,1,6,5,1,1,4,0,0,0,0.0,NaN,NaN,1,0,1,0,0,0,1,0,0,0,0,0,0,0,0,0,0,0,0,5,0,0,0,0,0,0,1,0,0,0,0,0,0,0,6,1,0
c:\Users\arthur.menezes_evolu\Desktop\Pes\winlator\app\src\main\java\com\winlator\math\XForm.java,com.winlator.math.XForm,class,2,4,2,2,12,1,0,9,60,0.75,0.0,0.0,12,12,12,0,0,0,12,0,0,3,1,1,0,1,0,0,1,0,17,62,12,0,0,0,0,0,49,35,24,17,0,0,0,0,45,1,0
c:\Users\arthur.menezes_evolu\Desktop\Pes\winlator\app\src\main\java\com\winlator\core\OBBImageInstaller.java,com.winlator.core.OBBImageInstaller,class,13,15,2,13,34,1,0,50,21,0.85714287,0.0,0.0,7,7,3,4,0,0,3,0,0,0,2,2,1,1,0,0,2,0,22,121,3,3,4,1,1,12,12,28,4,24,6,0,0,4,73,1025,0
c:\Users\arthur.menezes_evolu\Desktop\Pes\winlator\app\src\main\java\com\winlator\ContainerDetailFragment.java,com.winlator.ContainerDetailFragment,class,38,40,2,38,80,2,0,151,122,0.84999996,0.0,0.0,20,0,6,14,0,0,6,0,0,0,6,0,0,6,0,0,1,0,32,409,8,10,22,6,19,84,44,144,11,145,5,2,0,11,194,1,0
c:\Users\arthur.menezes_evolu\Desktop\Pes\winlator\app\src\main\java\com\winlator\xserver\requests\GrabRequests.java,com.winlator.xserver.requests.GrabRequests,class,10,11,1,10,8,1,0,19,1,0.0,0.0,0.0,2,2,2,0,0,0,2,0,0,0,0,0,0,0,0,0,0,0,0,44,1,0,6,2,0,0,7,9,0,7,2,0,1,0,41,1025,0
c:\Users\arthur.menezes_evolu\Desktop\Pes\winlator\app\src\main\java\com\winlator\xserver\Bitmask.java,com.winlator.xserver.Bitmask$Anonymous1,anonymous,0,0,0,0,3,1,0,1,1,0.0,0.0,0.0,2,0,2,0,0,0,2,0,0,0,0,0,0,0,0,0,0,0,1,10,2,0,1,0,0,0,4,2,0,1,0,0,0,0,5,-1,0
c:\Users\arthur.menezes_evolu\Desktop\Pes\winlator\app\src\main\java\com\winlator\renderer\material\ShaderMaterial.java,com.winlator.renderer.material.ShaderMaterial,class,3,7,4,3,14,1,2,24,9,0.5714286,0.0,0.0,7,1,4,0,3,0,7,0,0,0,2,0,1,1,0,0,1,0,1,59,4,2,5,0,0,8,14,13,3,11,2,0,0,0,35,1,0
c:\Users\arthur.menezes_evolu\Desktop\Pes\winlator\app\src\main\java\com\winlator\xserver\errors\BadAtom.java,com.winlator.xserver.errors.BadAtom,class,1,3,2,1,1,4,0,0,0,0.0,NaN,NaN,1,0,1,0,0,0,1,0,0,0,0,0,0,0,0,0,0,0,0,5,0,0,0,0,0,0,1,0,0,0,0,0,0,0,6,1,0
c:\Users\arthur.menezes_evolu\Desktop\Pes\winlator\app\src\main\java\com\winlator\xserver\events\PropertyNotify.java,com.winlator.xserver.events.PropertyNotify,class,3,4,1,3,3,2,0,6,0,0.0,0.0,0.0,2,0,2,0,0,0,2,0,0,0,4,0,0,4,0,0,4,0,1,25,0,0,0,1,1,0,5,5,0,5,1,0,0,0,21,1,0
c:\Users\arthur.menezes_evolu\Desktop\Pes\winlator\app\src\main\java\com\winlator\xserver\events\PresentIdleNotify.java,com.winlator.xserver.events.PresentIdleNotify,class,5,7,2,5,4,2,0,5,4,0.5,0.0,0.0,4,2,4,0,0,0,4,0,0,0,5,0,0,5,0,0,5,0,2,36,2,0,0,1,0,0,5,6,1,6,1,0,0,0,29,1,0
c:\Users\arthur.menezes_evolu\Desktop\Pes\winlator\app\src\main\java\com\winlator\ExternalControllerBindingsActivity.java,com.winlator.ExternalControllerBindingsActivity,class,26,27,1,26,32,2,0,60,0,0.625,0.0,0.0,8,0,3,4,1,0,4,0,0,0,5,0,0,5,0,0,0,0,4,148,6,1,16,0,2,2,13,30,1,23,3,0,1,1,81,1,0
c:\Users\arthur.menezes_evolu\Desktop\Pes\winlator\app\src\main\java\com\winlator\contentdialog\AddEnvVarDialog.java,com.winlator.contentdialog.AddEnvVarDialog,class,6,6,0,6,4,3,0,17,0,0.0,NaN,NaN,1,0,1,0,0,0,1,0,0,0,0,0,0,0,0,0,0,0,0,28,0,0,1,0,2,0,1,7,0,8,3,0,0,2,31,1,0
c:\Users\arthur.menezes_evolu\Desktop\Pes\winlator\app\src\main\java\com\winlator\xconnector\XInputStream.java,com.winlator.xconnector.XInputStream,class,3,30,27,3,29,1,0,29,0,0.6333334,0.0,0.0,20,0,19,1,0,0,19,0,0,0,3,0,1,2,0,0,1,0,5,98,13,0,3,0,1,0,6,12,3,10,2,0,0,0,48,1,0
c:\Users\arthur.menezes_evolu\Desktop\Pes\winlator\app\src\main\java\com\winlator\xserver\events\MappingNotify.java,com.winlator.xserver.events.MappingNotify$Request,enum,0,0,0,0,0,1,0,0,0,0.0,-1.0,-1.0,0,0,0,0,0,0,0,0,0,0,0,0,0,0,0,0,0,0,0,1,0,0,0,0,0,0,0,0,0,0,0,0,0,0,9,1,0
c:\Users\arthur.menezes_evolu\Desktop\Pes\winlator\app\src\main\java\com\winlator\core\WineRegistryEditor.java,com.winlator.core.WineRegistryEditor$Location,innerclass,0,0,0,0,2,1,0,0,0,0.16666667,-1.0,-1.0,2,0,0,2,0,0,0,0,0,0,3,0,0,3,0,0,3,0,0,13,1,0,0,0,0,0,0,3,1,3,0,0,0,0,5,10,0
c:\Users\arthur.menezes_evolu\Desktop\Pes\winlator\app\src\main\java\com\winlator\container\Shortcut.java,com.winlator.container.Shortcut,class,6,12,6,6,27,1,0,25,0,0.62500006,0.0,0.0,5,0,5,0,0,0,5,0,0,0,8,0,7,1,0,0,8,0,5,99,3,4,3,4,0,21,10,29,6,20,6,0,0,0,37,1,0
c:\Users\arthur.menezes_evolu\Desktop\Pes\winlator\app\src\main\java\com\winlator\core\WineRegistryEditor.java,com.winlator.core.WineRegistryEditor,class,5,10,5,5,91,1,0,57,197,0.7536232,0.0,0.0,23,3,12,11,0,0,12,0,0,0,3,0,0,3,0,0,2,0,27,294,25,11,37,7,16,34,78,108,45,71,4,0,1,0,77,1,0
c:\Users\arthur.menezes_evolu\Desktop\Pes\winlator\app\src\main\java\com\winlator\xserver\SelectionManager.java,com.winlator.xserver.SelectionManager,class,10,13,3,10,10,1,0,7,4,0.5,0.0,0.0,4,0,4,0,0,0,4,0,0,0,1,0,0,1,0,0,1,0,0,31,2,1,5,0,1,0,1,9,0,5,2,0,1,0,21,1,0
c:\Users\arthur.menezes_evolu\Desktop\Pes\winlator\app\src\main\java\com\winlator\xconnector\ConnectionHandler.java,com.winlator.xconnector.ConnectionHandler,interface,1,6,5,1,2,1,0,0,1,0.0,0.0,0.0,2,0,0,0,0,2,2,0,0,0,0,0,0,0,0,0,0,0,0,4,0,0,0,0,0,0,0,0,0,0,0,0,0,0,7,1,0
c:\Users\arthur.menezes_evolu\Desktop\Pes\winlator\app\src\main\java\com\winlator\xserver\DrawableManager.java,com.winlator.xserver.DrawableManager,class,12,23,11,12,12,2,0,14,3,0.5,0.0,0.0,7,0,7,0,0,0,7,0,0,0,2,0,0,2,0,0,2,0,0,36,6,0,3,0,1,0,2,6,0,6,1,0,0,0,24,1,0
c:\Users\arthur.menezes_evolu\Desktop\Pes\winlator\app\src\main\java\com\winlator\xserver\events\ConfigureNotify.java,com.winlator.xserver.events.ConfigureNotify,class,3,4,1,3,4,2,0,5,0,0.0,0.0,0.0,2,0,2,0,0,0,2,0,0,0,9,0,0,9,0,0,9,0,0,40,0,0,1,1,1,0,6,10,0,10,1,0,0,0,30,1,0
c:\Users\arthur.menezes_evolu\Desktop\Pes\winlator\app\src\main\java\com\winlator\inputcontrols\ControlsProfile.java,com.winlator.inputcontrols.ControlsProfile,class,16,30,14,16,56,1,0,58,109,0.8057851,0.0,0.0,22,1,22,0,0,0,22,0,0,0,11,0,1,10,0,0,5,0,19,184,19,8,4,3,2,33,6,54,3,40,4,0,0,0,67,1,0
c:\Users\arthur.menezes_evolu\Desktop\Pes\winlator\app\src\main\java\com\winlator\xserver\errors\BadCursor.java,com.winlator.xserver.errors.BadCursor,class,1,1,0,1,1,4,0,0,0,0.0,NaN,NaN,1,0,1,0,0,0,1,0,0,0,0,0,0,0,0,0,0,0,0,5,0,0,0,0,0,0,1,0,0,0,0,0,0,0,6,1,0
c:\Users\arthur.menezes_evolu\Desktop\Pes\winlator\app\src\main\java\com\winlator\alsaserver\RequestCodes.java,com.winlator.alsaserver.RequestCodes,class,0,0,0,0,0,1,0,0,0,NaN,-1.0,-1.0,0,0,0,0,0,0,0,0,0,0,8,8,8,0,0,0,8,0,0,10,0,0,0,0,0,0,8,8,0,8,0,0,0,0,16,1025,0
c:\Users\arthur.menezes_evolu\Desktop\Pes\winlator\app\src\main\java\com\winlator\ContainersFragment.java,com.winlator.ContainersFragment$ContainersAdapter$ViewHolder,innerclass,5,5,0,5,1,2,0,1,0,0.0,-1.0,-1.0,1,0,0,1,0,0,0,0,0,0,3,0,0,3,0,0,3,0,0,11,0,0,0,0,0,0,0,3,0,3,0,0,0,0,9,2,0
c:\Users\arthur.menezes_evolu\Desktop\Pes\winlator\app\src\main\java\com\winlator\xserver\extensions\SyncExtension.java,com.winlator.xserver.extensions.SyncExtension$ClientOpcodes,innerclass,0,0,0,0,0,1,0,0,0,NaN,-1.0,-1.0,0,0,0,0,0,0,0,0,0,0,5,5,0,5,0,0,5,0,0,7,0,0,0,0,0,0,5,5,0,5,0,0,0,0,17,1034,0
c:\Users\arthur.menezes_evolu\Desktop\Pes\winlator\app\src\main\java\com\winlator\xserver\GraphicsContext.java,com.winlator.xserver.GraphicsContext$SubwindowMode,enum,0,0,0,0,0,1,0,0,0,0.0,-1.0,-1.0,0,0,0,0,0,0,0,0,0,0,0,0,0,0,0,0,0,0,0,1,0,0,0,0,0,0,0,0,0,0,0,0,0,0,15,1,0
c:\Users\arthur.menezes_evolu\Desktop\Pes\winlator\app\src\main\java\com\winlator\xserver\PixmapFormat.java,com.winlator.xserver.PixmapFormat,class,0,1,1,0,1,1,0,0,0,0.0,NaN,NaN,1,0,1,0,0,0,1,0,0,0,3,0,3,0,0,0,3,0,0,10,0,0,0,0,0,0,0,3,0,3,0,0,0,0,8,1,0
c:\Users\arthur.menezes_evolu\Desktop\Pes\winlator\app\src\main\java\com\winlator\xconnector\XConnectorEpoll.java,com.winlator.xconnector.XConnectorEpoll,class,9,18,9,9,56,1,0,34,217,0.85493827,0.0,0.0,27,1,16,11,0,0,17,0,0,2,12,0,0,12,0,0,6,0,14,180,9,7,5,4,1,5,11,33,1,20,4,0,0,1,85,1,0
c:\Users\arthur.menezes_evolu\Desktop\Pes\winlator\app\src\main\java\com\winlator\xserver\requests\PixmapRequests.java,com.winlator.xserver.requests.PixmapRequests,class,9,10,1,9,6,1,0,9,1,0.0,0.0,0.0,2,2,2,0,0,0,2,0,0,0,0,0,0,0,0,0,0,0,0,20,0,0,3,0,0,0,0,8,0,8,1,0,0,0,24,1025,0
c:\Users\arthur.menezes_evolu\Desktop\Pes\winlator\app\src\main\java\com\winlator\xserver\GrabManager.java,com.winlator.xserver.GrabManager,class,9,13,4,9,16,1,0,8,1,0.6545454,0.0,0.0,11,0,10,1,0,0,10,0,0,0,5,0,0,5,0,0,1,0,0,54,5,0,5,0,0,0,0,8,0,6,1,0,0,0,28,1,0
c:\Users\arthur.menezes_evolu\Desktop\Pes\winlator\app\src\main\java\com\winlator\xserver\WindowAttributes.java,com.winlator.xserver.WindowAttributes,class,13,21,8,13,37,1,0,11,135,0.91833055,0.0,0.0,19,0,19,0,0,0,19,0,0,0,29,15,16,13,0,0,16,0,3,136,14,1,4,0,0,0,37,42,15,30,2,0,4,0,72,1,0
c:\Users\arthur.menezes_evolu\Desktop\Pes\winlator\app\src\main\java\com\winlator\contentdialog\ShortcutSettingsDialog.java,com.winlator.contentdialog.ShortcutSettingsDialog,class,25,26,1,25,41,3,0,80,0,0.33333334,NaN,NaN,9,0,1,8,0,0,1,0,0,0,2,0,0,2,0,0,2,0,27,191,6,4,5,0,13,43,16,68,9,69,3,1,0,6,108,1,0
c:\Users\arthur.menezes_evolu\Desktop\Pes\winlator\app\src\main\java\com\winlator\core\CursorLocker.java,com.winlator.core.CursorLocker$State,enum,0,0,0,0,0,1,0,0,0,0.0,-1.0,-1.0,0,0,0,0,0,0,0,0,0,0,0,0,0,0,0,0,0,0,0,1,0,0,0,0,0,0,0,0,0,0,0,0,0,0,9,1,0
c:\Users\arthur.menezes_evolu\Desktop\Pes\winlator\app\src\main\java\com\winlator\xserver\Pixmap.java,com.winlator.xserver.Pixmap,class,2,11,9,2,1,2,0,0,0,0.0,NaN,NaN,1,0,1,0,0,0,1,0,0,0,1,0,1,0,0,0,1,0,0,7,0,0,0,0,0,0,0,1,0,1,0,0,0,0,5,1,0
c:\Users\arthur.menezes_evolu\Desktop\Pes\winlator\app\src\main\java\com\winlator\inputcontrols\ControlElement.java,com.winlator.inputcontrols.ControlElement$Type,enum,1,1,0,1,2,1,0,3,0,0.0,NaN,NaN,1,1,1,0,0,0,1,0,0,0,0,0,0,0,0,0,0,0,1,7,1,1,0,0,0,2,1,4,0,3,1,0,0,0,11,1,0
c:\Users\arthur.menezes_evolu\Desktop\Pes\winlator\app\src\main\java\com\winlator\core\OnExtractFileListener.java,com.winlator.core.OnExtractFileListener,interface,0,2,2,0,1,1,0,0,0,0.0,NaN,NaN,1,0,0,0,0,1,1,0,0,0,0,0,0,0,0,0,0,0,0,3,0,0,0,0,0,0,0,0,0,0,0,0,0,0,7,1,0
c:\Users\arthur.menezes_evolu\Desktop\Pes\winlator\app\src\main\java\com\winlator\xserver\events\RawEvent.java,com.winlator.xserver.events.RawEvent,class,3,4,1,3,2,2,0,2,0,0.0,0.0,0.0,2,0,2,0,0,0,2,0,0,0,1,0,0,1,0,0,1,0,0,12,0,0,0,1,0,0,1,2,0,2,1,0,0,0,13,1,0
c:\Users\arthur.menezes_evolu\Desktop\Pes\winlator\app\src\main\java\com\winlator\core\WineStartMenuCreator.java,com.winlator.core.WineStartMenuCreator,class,7,9,2,7,13,1,0,19,6,0.0,NaN,NaN,4,4,1,3,0,0,1,0,0,0,0,0,0,0,0,0,0,0,10,40,1,4,0,1,1,13,4,13,2,11,2,0,0,0,27,1025,0
c:\Users\arthur.menezes_evolu\Desktop\Pes\winlator\app\src\main\java\com\winlator\xserver\errors\BadGraphicsContext.java,com.winlator.xserver.errors.BadGraphicsContext,class,1,4,3,1,1,4,0,0,0,0.0,NaN,NaN,1,0,1,0,0,0,1,0,0,0,0,0,0,0,0,0,0,0,0,5,0,0,0,0,0,0,1,0,0,0,0,0,0,0,7,1,0
c:\Users\arthur.menezes_evolu\Desktop\Pes\winlator\app\src\main\java\com\winlator\xserver\events\ResizeRequest.java,com.winlator.xserver.events.ResizeRequest,class,3,4,1,3,2,2,0,5,0,0.0,0.0,0.0,2,0,2,0,0,0,2,0,0,0,3,0,0,3,0,0,3,0,0,22,0,0,0,1,0,0,3,4,0,4,1,0,0,0,20,1,0
c:\Users\arthur.menezes_evolu\Desktop\Pes\winlator\app\src\main\java\com\winlator\xserver\ResourceIDs.java,com.winlator.xserver.ResourceIDs,class,1,3,2,1,8,1,0,7,0,0.375,0.0,0.0,4,0,4,0,0,0,4,0,0,2,2,0,1,1,0,0,2,0,2,24,3,1,2,0,3,0,8,8,6,7,1,0,0,0,21,1,0
c:\Users\arthur.menezes_evolu\Desktop\Pes\winlator\app\src\main\java\com\winlator\xconnector\RequestHandler.java,com.winlator.xconnector.RequestHandler,interface,1,6,5,1,1,1,0,0,0,0.0,NaN,NaN,1,0,0,0,0,1,1,0,0,0,0,0,0,0,0,0,0,0,0,3,0,0,0,0,0,0,0,0,0,0,0,0,0,0,8,1,0
c:\Users\arthur.menezes_evolu\Desktop\Pes\winlator\app\src\main\java\com\winlator\winhandler\TaskManagerDialog.java,com.winlator.winhandler.TaskManagerDialog,class,18,20,2,18,20,3,0,55,0,0.5625,0.0,0.0,8,0,3,5,0,0,3,0,0,0,4,0,0,4,0,0,3,0,6,140,2,2,6,0,7,9,12,34,13,36,4,1,0,8,87,1,0
c:\Users\arthur.menezes_evolu\Desktop\Pes\winlator\app\src\main\java\com\winlator\xserver\Pointer.java,com.winlator.xserver.Pointer,class,6,15,9,6,21,1,0,17,50,0.78125,0.0,0.0,16,0,13,3,0,0,13,0,0,0,6,1,1,5,0,0,4,0,2,86,6,3,1,0,0,0,11,10,5,10,2,0,2,0,51,1,0
c:\Users\arthur.menezes_evolu\Desktop\Pes\winlator\app\src\main\java\com\winlator\renderer\material\CursorMaterial.java,com.winlator.renderer.material.CursorMaterial,class,1,2,1,1,3,2,0,1,3,0.0,0.0,0.0,3,0,1,0,2,0,3,0,0,0,0,0,0,0,0,0,0,0,0,11,2,0,0,0,0,18,0,0,2,0,0,0,0,0,29,1,0
c:\Users\arthur.menezes_evolu\Desktop\Pes\winlator\app\src\main\java\com\winlator\xserver\PixmapManager.java,com.winlator.xserver.PixmapManager,class,7,16,9,7,14,2,0,7,3,0.5833333,0.0,0.0,6,0,6,0,0,0,6,0,0,0,4,0,3,1,0,0,4,0,2,39,9,2,4,0,0,0,20,5,0,5,2,0,0,0,27,1,0
c:\Users\arthur.menezes_evolu\Desktop\Pes\winlator\app\src\main\java\com\winlator\xserver\events\PresentCompleteNotify.java,com.winlator.xserver.events.PresentCompleteNotify,class,6,8,2,6,4,2,0,8,4,0.5,0.0,0.0,4,2,4,0,0,0,4,0,0,0,7,0,0,7,0,0,7,0,2,41,2,0,0,1,0,0,4,8,1,8,1,0,0,0,29,1,0
c:\Users\arthur.menezes_evolu\Desktop\Pes\winlator\app\src\main\java\com\winlator\xserver\requests\KeyboardRequests.java,com.winlator.xserver.requests.KeyboardRequests,class,3,4,1,3,3,1,0,9,1,0.0,0.0,0.0,2,2,2,0,0,0,2,0,0,0,0,0,0,0,0,0,0,0,0,30,0,1,1,2,0,0,7,5,1,5,2,0,0,0,32,1025,0
