file,class,type,cbo,cboModified,fanin,fanout,wmc,dit,noc,rfc,lcom,lcom*,tcc,lcc,totalMethodsQty,staticMethodsQty,publicMethodsQty,privateMethodsQty,protectedMethodsQty,defaultMethodsQty,visibleMethodsQty,abstractMethodsQty,finalMethodsQty,synchronizedMethodsQty,totalFieldsQty,staticFieldsQty,publicFieldsQty,privateFieldsQty,protectedFieldsQty,defaultFieldsQty,finalFieldsQty,synchronizedFieldsQty,nosi,loc,returnQty,loopQty,comparisonsQty,tryCatchQty,parenthesizedExpsQty,stringLiteralsQty,numbersQty,assignmentsQty,mathOperationsQty,variablesQty,maxNestedBlocksQty,anonymousClassesQty,innerClassesQty,lambdasQty,uniqueWordsQty,modifiers,logStatementsQty
c:\Users\arthur.menezes_evolu\Desktop\Pes\jieba-analysis\src\main\java\com\huaban\analysis\jieba\viterbi\FinalSeg.java,com.huaban.analysis.jieba.viterbi.FinalSeg,class,6,8,2,6,36,1,0,43,9,0.7291666,0.0,0.0,6,1,3,3,0,0,3,0,0,1,8,8,0,8,0,0,1,0,15,174,1,9,11,2,1,6,37,58,10,41,5,0,0,0,80,1,3
c:\Users\arthur.menezes_evolu\Desktop\Pes\jieba-analysis\src\main\java\com\huaban\analysis\jieba\Pair.java,com.huaban.analysis.jieba.Pair,class,1,3,2,1,2,1,0,0,0,0.0,0.0,0.0,2,0,2,0,0,0,2,0,0,0,2,0,2,0,0,0,0,0,0,11,1,0,0,0,0,3,1,3,1,2,0,0,0,0,7,1,0
c:\Users\arthur.menezes_evolu\Desktop\Pes\jieba-analysis\src\main\java\com\huaban\analysis\jieba\WordDictionary.java,com.huaban.analysis.jieba.WordDictionary,class,3,6,3,3,39,1,0,41,45,0.8035714,0.0,0.0,14,1,12,2,0,0,12,0,0,0,8,3,2,6,0,0,3,0,51,172,9,6,6,6,1,20,18,41,8,33,4,0,0,0,79,1,12
c:\Users\arthur.menezes_evolu\Desktop\Pes\jieba-analysis\src\main\java\com\huaban\analysis\jieba\Log.java,com.huaban.analysis.jieba.Log,class,0,2,2,0,4,1,0,3,0,0.0,0.0,0.0,2,2,2,0,0,0,2,0,2,0,1,1,0,1,0,0,1,0,2,13,0,0,0,0,0,2,0,1,0,1,1,0,0,0,19,1,0
c:\Users\arthur.menezes_evolu\Desktop\Pes\jieba-analysis\src\main\java\com\huaban\analysis\jieba\DictSegment.java,com.huaban.analysis.jieba.DictSegment,class,3,7,4,3,42,1,0,20,61,0.81632656,0.0,0.0,14,0,1,5,0,8,9,0,0,1,7,2,0,7,0,0,2,0,3,156,11,1,19,0,0,1,29,33,5,22,3,0,0,0,51,0,0
c:\Users\arthur.menezes_evolu\Desktop\Pes\jieba-analysis\src\main\java\com\huaban\analysis\jieba\JiebaSegmenter.java,com.huaban.analysis.jieba.JiebaSegmenter,class,10,13,3,10,49,1,0,33,0,0.41666666,0.0,0.0,6,0,4,2,0,0,4,0,0,0,2,2,0,2,0,0,0,0,4,187,4,14,6,0,0,0,48,57,27,38,9,0,1,0,64,1,0
c:\Users\arthur.menezes_evolu\Desktop\Pes\jieba-analysis\src\main\java\com\qianxinyao\analysis\jieba\keyword\TFIDFAnalyzer.java,com.qianxinyao.analysis.jieba.keyword.TFIDFAnalyzer,class,3,4,1,3,25,1,0,37,6,0.6666667,0.0,0.0,5,1,2,3,0,0,2,0,0,0,3,3,0,0,0,3,0,0,3,103,3,7,5,4,2,7,10,24,8,22,3,0,0,0,67,1,0
c:\Users\arthur.menezes_evolu\Desktop\Pes\jieba-analysis\src\main\java\com\huaban\analysis\jieba\SegToken.java,com.huaban.analysis.jieba.SegToken,class,0,2,2,0,2,1,0,0,0,0.0,0.0,0.0,2,0,2,0,0,0,2,0,0,0,3,0,3,0,0,0,0,0,0,13,1,0,0,0,0,4,0,3,1,3,0,0,0,0,8,1,0
c:\Users\arthur.menezes_evolu\Desktop\Pes\jieba-analysis\src\main\java\com\huaban\analysis\jieba\CharacterUtil.java,com.huaban.analysis.jieba.CharacterUtil,class,2,5,3,2,25,1,0,5,15,0.9166666,0.0,0.0,6,6,6,0,0,0,6,0,0,0,2,2,1,1,0,0,1,0,5,39,17,1,2,0,4,1,14,3,1,2,2,0,0,0,35,1,0
c:\Users\arthur.menezes_evolu\Desktop\Pes\jieba-analysis\src\main\java\com\huaban\analysis\jieba\Hit.java,com.huaban.analysis.jieba.Hit,class,1,3,2,1,15,1,0,0,30,0.78571427,0.0,0.0,12,0,12,0,0,0,12,0,0,0,7,3,0,7,0,0,3,0,0,45,6,0,1,0,2,0,5,10,0,7,0,0,0,0,33,1,0
c:\Users\arthur.menezes_evolu\Desktop\Pes\jieba-analysis\src\main\java\com\qianxinyao\analysis\jieba\keyword\Keyword.java,com.qianxinyao.analysis.jieba.keyword.Keyword,class,1,3,2,1,17,1,0,5,0,0.375,0.0,0.0,8,0,8,0,0,0,8,0,0,0,2,0,0,2,0,0,0,0,2,51,12,0,7,0,4,0,9,10,7,6,2,0,0,0,29,1,0
c:\Users\arthur.menezes_evolu\Desktop\Pes\jieba-analysis\src\test\java\com\huaban\analysis\jieba\JiebaSegmenterTest.java,com.huaban.analysis.jieba.JiebaSegmenterTest,class,5,5,0,5,14,2,0,13,1,0.5714286,0.0,0.0,7,0,5,0,2,0,7,0,0,0,3,0,0,1,0,2,0,0,16,54,0,7,0,0,8,122,20,21,16,17,2,0,0,0,36,1,0
c:\Users\arthur.menezes_evolu\Desktop\Pes\jieba-analysis\src\main\java\com\huaban\analysis\jieba\Node.java,com.huaban.analysis.jieba.Node,class,1,3,2,1,1,1,0,0,0,0.0,NaN,NaN,1,0,1,0,0,0,1,0,0,0,2,0,2,0,0,0,0,0,0,8,0,0,0,0,0,0,0,2,0,2,0,0,0,0,4,1,0
c:\Users\arthur.menezes_evolu\Desktop\Pes\jieba-analysis\src\main\java\com\huaban\analysis\jieba\JiebaSegmenter.java,com.huaban.analysis.jieba.JiebaSegmenter$SegMode,enum,0,0,0,0,0,1,0,0,0,0.0,-1.0,-1.0,0,0,0,0,0,0,0,0,0,0,0,0,0,0,0,0,0,0,0,1,0,0,0,0,0,0,0,0,0,0,0,0,0,0,9,9,0
