file,class,method,constructor,line,cbo,cboModified,fanin,fanout,wmc,rfc,loc,returnsQty,variablesQty,parametersQty,methodsInvokedQty,methodsInvokedLocalQty,methodsInvokedIndirectLocalQty,loopQty,comparisonsQty,tryCatchQty,parenthesizedExpsQty,stringLiteralsQty,numbersQty,assignmentsQty,mathOperationsQty,maxNestedBlocksQty,anonymousClassesQty,innerClassesQty,lambdasQty,uniqueWordsQty,modifiers,logStatementsQty,hasJavaDoc
c:\Users\arthur.menezes_evolu\Desktop\Pes\jieba-analysis\src\main\java\com\huaban\analysis\jieba\viterbi\FinalSeg.java,com.huaban.analysis.jieba.viterbi.FinalSeg,getInstance/0,false,37,1,2,0,2,2,1,7,1,0,0,1,1,1,0,1,0,0,0,0,1,0,1,0,0,0,6,41,0,false
c:\Users\arthur.menezes_evolu\Desktop\Pes\jieba-analysis\src\main\java\com\huaban\analysis\jieba\viterbi\FinalSeg.java,com.huaban.analysis.jieba.viterbi.FinalSeg,"cut/2[java.lang.String,java.util.List<java.lang.String>]",false,112,2,4,1,3,6,8,25,0,4,2,8,2,1,1,0,0,0,0,4,6,0,3,0,0,0,13,1,0,false
c:\Users\arthur.menezes_evolu\Desktop\Pes\jieba-analysis\src\main\java\com\huaban\analysis\jieba\viterbi\FinalSeg.java,com.huaban.analysis.jieba.viterbi.FinalSeg,loadModel/0,false,46,2,3,1,2,6,17,59,0,10,0,17,0,0,1,2,2,0,5,18,15,1,3,0,0,0,35,2,3,false
c:\Users\arthur.menezes_evolu\Desktop\Pes\jieba-analysis\src\main\java\com\huaban\analysis\jieba\viterbi\FinalSeg.java,com.huaban.analysis.jieba.viterbi.FinalSeg,FinalSeg/0,true,33,0,1,1,0,1,0,2,0,0,0,0,0,0,0,0,0,0,0,0,0,0,0,0,0,0,2,2,0,false
c:\Users\arthur.menezes_evolu\Desktop\Pes\jieba-analysis\src\main\java\com\huaban\analysis\jieba\viterbi\FinalSeg.java,com.huaban.analysis.jieba.viterbi.FinalSeg,"viterbi/2[java.lang.String,java.util.List<java.lang.String>]",false,141,2,3,1,2,17,16,59,0,17,2,16,0,0,6,8,0,1,0,13,30,9,5,0,0,0,37,1,0,false
c:\Users\arthur.menezes_evolu\Desktop\Pes\jieba-analysis\src\main\java\com\huaban\analysis\jieba\viterbi\FinalSeg.java,com.huaban.analysis.jieba.viterbi.FinalSeg,"processOtherUnknownWords/2[java.lang.String,java.util.List<java.lang.String>]",false,214,0,1,1,0,4,9,12,0,2,2,9,0,0,1,0,0,0,0,1,3,0,2,0,0,0,9,2,0,false
c:\Users\arthur.menezes_evolu\Desktop\Pes\jieba-analysis\src\main\java\com\huaban\analysis\jieba\Pair.java,com.huaban.analysis.jieba.Pair,toString/0,false,13,0,0,0,0,1,0,3,1,0,0,0,0,0,0,0,0,0,3,0,0,1,0,0,0,0,4,1,0,false
c:\Users\arthur.menezes_evolu\Desktop\Pes\jieba-analysis\src\main\java\com\huaban\analysis\jieba\Pair.java,com.huaban.analysis.jieba.Pair,"Pair/2[K,double]",true,7,1,0,0,0,1,0,4,0,0,2,0,0,0,0,0,0,0,0,0,2,0,0,0,0,0,4,1,0,false
c:\Users\arthur.menezes_evolu\Desktop\Pes\jieba-analysis\src\main\java\com\huaban\analysis\jieba\WordDictionary.java,com.huaban.analysis.jieba.WordDictionary,resetDict/0,false,95,1,1,0,1,1,1,4,0,0,0,1,0,0,0,0,0,0,0,1,1,0,0,0,0,0,14,1,0,true
c:\Users\arthur.menezes_evolu\Desktop\Pes\jieba-analysis\src\main\java\com\huaban\analysis\jieba\WordDictionary.java,com.huaban.analysis.jieba.WordDictionary,"loadUserDict/2[java.nio.file.Path,java.nio.charset.Charset]",false,163,2,4,1,3,5,15,25,0,7,2,15,1,1,1,1,1,0,3,6,9,2,3,0,0,0,26,1,2,false
c:\Users\arthur.menezes_evolu\Desktop\Pes\jieba-analysis\src\main\java\com\huaban\analysis\jieba\WordDictionary.java,com.huaban.analysis.jieba.WordDictionary,loadUserDict/1[java.nio.file.Path],false,155,1,2,1,1,1,1,3,0,0,1,1,1,2,0,0,0,0,0,0,0,0,0,0,0,0,5,1,0,false
c:\Users\arthur.menezes_evolu\Desktop\Pes\jieba-analysis\src\main\java\com\huaban\analysis\jieba\WordDictionary.java,com.huaban.analysis.jieba.WordDictionary,"loadUserDict/2[java.lang.String,java.nio.charset.Charset]",false,194,2,4,1,3,5,15,26,0,8,2,15,1,1,1,1,1,0,3,6,10,2,3,0,0,0,29,1,2,false
c:\Users\arthur.menezes_evolu\Desktop\Pes\jieba-analysis\src\main\java\com\huaban\analysis\jieba\WordDictionary.java,com.huaban.analysis.jieba.WordDictionary,init/1[java.lang.String[]],false,76,2,4,1,3,4,7,16,0,0,1,7,1,3,1,0,1,0,2,0,0,1,4,0,0,0,9,1,2,false
c:\Users\arthur.menezes_evolu\Desktop\Pes\jieba-analysis\src\main\java\com\huaban\analysis\jieba\WordDictionary.java,com.huaban.analysis.jieba.WordDictionary,containsWord/1[java.lang.String],false,232,0,3,3,0,1,1,3,1,0,1,1,0,0,0,0,0,0,0,0,0,0,0,0,0,0,3,1,0,false
c:\Users\arthur.menezes_evolu\Desktop\Pes\jieba-analysis\src\main\java\com\huaban\analysis\jieba\WordDictionary.java,com.huaban.analysis.jieba.WordDictionary,getTrie/0,false,227,1,1,1,0,1,0,3,1,0,0,0,0,0,0,0,0,0,0,0,0,0,0,0,0,0,4,1,0,false
c:\Users\arthur.menezes_evolu\Desktop\Pes\jieba-analysis\src\main\java\com\huaban\analysis\jieba\WordDictionary.java,com.huaban.analysis.jieba.WordDictionary,init/1[java.nio.file.Path],false,55,2,5,2,3,4,10,19,1,2,1,10,1,3,1,0,1,0,4,0,2,1,3,0,0,0,20,1,3,true
c:\Users\arthur.menezes_evolu\Desktop\Pes\jieba-analysis\src\main\java\com\huaban\analysis\jieba\WordDictionary.java,com.huaban.analysis.jieba.WordDictionary,addWord/1[java.lang.String],false,144,1,4,3,1,3,6,8,2,1,1,6,0,0,0,1,0,0,1,0,1,0,1,0,0,0,5,2,0,false
c:\Users\arthur.menezes_evolu\Desktop\Pes\jieba-analysis\src\main\java\com\huaban\analysis\jieba\WordDictionary.java,com.huaban.analysis.jieba.WordDictionary,getInstance/0,false,37,1,2,1,1,3,0,11,2,0,0,0,0,0,0,2,0,0,0,0,1,0,3,0,0,0,6,9,0,false
c:\Users\arthur.menezes_evolu\Desktop\Pes\jieba-analysis\src\main\java\com\huaban\analysis\jieba\WordDictionary.java,com.huaban.analysis.jieba.WordDictionary,loadUserDict/1[java.lang.String],false,159,1,2,1,1,1,1,3,0,0,1,1,1,2,0,0,0,0,0,0,0,0,0,0,0,0,5,1,0,false
c:\Users\arthur.menezes_evolu\Desktop\Pes\jieba-analysis\src\main\java\com\huaban\analysis\jieba\WordDictionary.java,com.huaban.analysis.jieba.WordDictionary,getFreq/1[java.lang.String],false,237,1,2,1,1,2,2,4,2,0,1,2,1,1,0,0,0,0,0,0,0,0,1,0,0,0,7,1,0,false
c:\Users\arthur.menezes_evolu\Desktop\Pes\jieba-analysis\src\main\java\com\huaban\analysis\jieba\WordDictionary.java,com.huaban.analysis.jieba.WordDictionary,WordDictionary/0,true,32,1,2,1,1,1,1,3,0,0,0,1,1,2,0,0,0,0,0,0,0,0,0,0,0,0,2,2,0,false
c:\Users\arthur.menezes_evolu\Desktop\Pes\jieba-analysis\src\main\java\com\huaban\analysis\jieba\WordDictionary.java,com.huaban.analysis.jieba.WordDictionary,loadDict/0,false,101,3,5,1,4,7,20,34,0,7,0,20,1,1,2,1,2,1,5,4,11,2,3,0,0,0,38,1,3,false
c:\Users\arthur.menezes_evolu\Desktop\Pes\jieba-analysis\src\main\java\com\huaban\analysis\jieba\Log.java,com.huaban.analysis.jieba.Log,debug/1[java.lang.String],false,12,0,6,6,0,2,1,5,0,0,1,1,0,0,0,0,0,0,0,0,0,0,1,0,0,0,10,25,0,false
c:\Users\arthur.menezes_evolu\Desktop\Pes\jieba-analysis\src\main\java\com\huaban\analysis\jieba\Log.java,com.huaban.analysis.jieba.Log,error/1[java.lang.String],false,18,0,6,6,0,2,1,5,0,0,1,1,0,0,0,0,0,0,0,0,0,0,1,0,0,0,10,25,0,false
c:\Users\arthur.menezes_evolu\Desktop\Pes\jieba-analysis\src\main\java\com\huaban\analysis\jieba\DictSegment.java,com.huaban.analysis.jieba.DictSegment,"match/4[char[],int,int,com.huaban.analysis.jieba.Hit]",false,87,3,13,3,10,10,10,40,3,6,4,10,2,1,0,6,0,0,0,7,9,2,3,0,0,0,17,0,0,true
c:\Users\arthur.menezes_evolu\Desktop\Pes\jieba-analysis\src\main\java\com\huaban\analysis\jieba\DictSegment.java,com.huaban.analysis.jieba.DictSegment,"fillSegment/4[char[],int,int,int]",false,180,2,5,3,2,5,4,17,0,3,4,4,2,2,0,3,0,0,0,4,5,2,2,0,0,0,14,34,0,true
c:\Users\arthur.menezes_evolu\Desktop\Pes\jieba-analysis\src\main\java\com\huaban\analysis\jieba\DictSegment.java,com.huaban.analysis.jieba.DictSegment,"migrate/2[com.huaban.analysis.jieba.DictSegment[],java.util.Map<java.lang.Character,com.huaban.analysis.jieba.DictSegment>]",false,311,1,1,1,0,3,1,7,0,0,2,1,0,0,1,1,0,0,0,0,0,0,2,0,0,0,7,2,0,true
c:\Users\arthur.menezes_evolu\Desktop\Pes\jieba-analysis\src\main\java\com\huaban\analysis\jieba\DictSegment.java,com.huaban.analysis.jieba.DictSegment,compareTo/1[com.huaban.analysis.jieba.DictSegment],false,326,1,0,0,0,1,1,3,1,0,1,1,0,0,0,0,0,0,0,0,0,0,0,0,0,0,5,1,0,true
c:\Users\arthur.menezes_evolu\Desktop\Pes\jieba-analysis\src\main\java\com\huaban\analysis\jieba\DictSegment.java,com.huaban.analysis.jieba.DictSegment,match/1[char[]],false,60,3,1,0,1,1,1,3,1,0,1,1,1,2,0,0,0,0,0,1,0,0,0,0,0,0,4,0,0,true
c:\Users\arthur.menezes_evolu\Desktop\Pes\jieba-analysis\src\main\java\com\huaban\analysis\jieba\DictSegment.java,com.huaban.analysis.jieba.DictSegment,"lookforSegment/2[java.lang.Character,int]",false,216,1,5,1,4,8,7,36,1,6,2,7,3,1,0,4,0,0,0,5,12,0,3,0,0,0,28,2,0,true
c:\Users\arthur.menezes_evolu\Desktop\Pes\jieba-analysis\src\main\java\com\huaban\analysis\jieba\DictSegment.java,com.huaban.analysis.jieba.DictSegment,DictSegment/1[java.lang.Character],true,33,0,4,4,0,2,0,6,0,0,1,0,0,0,0,1,0,0,1,0,1,0,1,0,0,0,9,0,0,false
c:\Users\arthur.menezes_evolu\Desktop\Pes\jieba-analysis\src\main\java\com\huaban\analysis\jieba\DictSegment.java,com.huaban.analysis.jieba.DictSegment,getNodeChar/0,false,41,0,0,0,0,1,0,3,1,0,0,0,0,0,0,0,0,0,0,0,0,0,0,0,0,0,5,0,0,false
c:\Users\arthur.menezes_evolu\Desktop\Pes\jieba-analysis\src\main\java\com\huaban\analysis\jieba\DictSegment.java,com.huaban.analysis.jieba.DictSegment,"match/3[char[],int,int]",false,73,3,2,1,1,1,1,3,1,0,3,1,1,2,0,0,0,0,0,0,0,0,0,0,0,0,6,0,0,true
c:\Users\arthur.menezes_evolu\Desktop\Pes\jieba-analysis\src\main\java\com\huaban\analysis\jieba\DictSegment.java,com.huaban.analysis.jieba.DictSegment,hasNextNode/0,false,49,0,1,1,0,2,0,3,1,0,0,0,0,0,0,0,0,0,0,1,0,0,0,0,0,0,3,0,0,false
c:\Users\arthur.menezes_evolu\Desktop\Pes\jieba-analysis\src\main\java\com\huaban\analysis\jieba\DictSegment.java,com.huaban.analysis.jieba.DictSegment,getChildrenMap/0,false,294,1,1,1,0,3,0,10,1,0,0,0,0,0,0,2,0,0,0,2,1,1,3,0,0,0,16,2,0,true
c:\Users\arthur.menezes_evolu\Desktop\Pes\jieba-analysis\src\main\java\com\huaban\analysis\jieba\DictSegment.java,com.huaban.analysis.jieba.DictSegment,getChildrenArray/0,false,279,1,1,1,0,3,0,10,1,0,0,0,0,0,0,2,0,0,0,0,1,0,3,0,0,0,4,2,0,true
c:\Users\arthur.menezes_evolu\Desktop\Pes\jieba-analysis\src\main\java\com\huaban\analysis\jieba\DictSegment.java,com.huaban.analysis.jieba.DictSegment,fillSegment/1[char[]],false,157,2,2,1,1,1,1,3,0,0,1,1,1,3,0,0,0,0,0,2,0,0,0,0,0,0,4,0,0,true
c:\Users\arthur.menezes_evolu\Desktop\Pes\jieba-analysis\src\main\java\com\huaban\analysis\jieba\DictSegment.java,com.huaban.analysis.jieba.DictSegment,disableSegment/1[char[]],false,167,2,1,0,1,1,1,3,0,0,1,1,1,3,0,0,0,0,0,2,0,0,0,0,0,0,4,0,0,true
c:\Users\arthur.menezes_evolu\Desktop\Pes\jieba-analysis\src\main\java\com\huaban\analysis\jieba\JiebaSegmenter.java,com.huaban.analysis.jieba.JiebaSegmenter,"calc/2[java.lang.String,java.util.Map<java.lang.Integer,java.util.List<java.lang.Integer>>]",false,75,2,3,1,2,5,6,20,1,5,2,6,0,0,2,1,0,0,0,6,8,4,3,0,0,0,10,2,0,false
c:\Users\arthur.menezes_evolu\Desktop\Pes\jieba-analysis\src\main\java\com\huaban\analysis\jieba\JiebaSegmenter.java,com.huaban.analysis.jieba.JiebaSegmenter,createDAG/1[java.lang.String],false,35,4,5,1,4,9,9,37,1,9,1,9,0,0,2,0,0,0,0,7,15,2,4,0,0,0,16,2,0,false
c:\Users\arthur.menezes_evolu\Desktop\Pes\jieba-analysis\src\main\java\com\huaban\analysis\jieba\JiebaSegmenter.java,com.huaban.analysis.jieba.JiebaSegmenter,initUserDict/1[java.nio.file.Path],false,26,1,1,0,1,1,1,3,0,0,1,1,0,0,0,0,0,0,0,0,0,0,0,0,0,0,10,1,0,true
c:\Users\arthur.menezes_evolu\Desktop\Pes\jieba-analysis\src\main\java\com\huaban\analysis\jieba\JiebaSegmenter.java,com.huaban.analysis.jieba.JiebaSegmenter,initUserDict/1[java.lang.String[]],false,30,1,1,0,1,1,1,3,0,0,1,1,0,0,0,0,0,0,0,0,0,0,0,0,0,0,4,1,0,false
c:\Users\arthur.menezes_evolu\Desktop\Pes\jieba-analysis\src\main\java\com\huaban\analysis\jieba\JiebaSegmenter.java,com.huaban.analysis.jieba.JiebaSegmenter,sentenceProcess/1[java.lang.String],false,182,4,6,2,4,9,11,49,1,9,1,11,2,1,1,3,0,0,0,8,13,2,6,0,0,0,19,1,0,false
c:\Users\arthur.menezes_evolu\Desktop\Pes\jieba-analysis\src\main\java\com\huaban\analysis\jieba\JiebaSegmenter.java,com.huaban.analysis.jieba.JiebaSegmenter,"process/2[java.lang.String,com.huaban.analysis.jieba.JiebaSegmenter.SegMode]",false,97,5,10,5,5,24,11,70,1,13,2,11,1,2,9,2,0,0,0,27,19,19,9,0,0,0,18,1,0,false
c:\Users\arthur.menezes_evolu\Desktop\Pes\jieba-analysis\src\main\java\com\qianxinyao\analysis\jieba\keyword\TFIDFAnalyzer.java,com.qianxinyao.analysis.jieba.keyword.TFIDFAnalyzer,getTF/1[java.lang.String],false,74,1,3,1,2,8,9,23,2,5,1,9,0,0,2,1,0,0,1,5,5,3,3,0,0,0,19,2,0,true
c:\Users\arthur.menezes_evolu\Desktop\Pes\jieba-analysis\src\main\java\com\qianxinyao\analysis\jieba\keyword\TFIDFAnalyzer.java,com.qianxinyao.analysis.jieba.keyword.TFIDFAnalyzer,"loadStopWords/2[java.util.Set<java.lang.String>,java.io.InputStream]",false,110,0,1,1,0,4,5,19,0,2,2,5,0,0,1,1,2,1,0,0,3,0,2,0,0,0,23,2,0,true
c:\Users\arthur.menezes_evolu\Desktop\Pes\jieba-analysis\src\main\java\com\qianxinyao\analysis\jieba\keyword\TFIDFAnalyzer.java,com.qianxinyao.analysis.jieba.keyword.TFIDFAnalyzer,"analyze/2[java.lang.String,int]",false,35,2,5,1,4,7,13,26,1,4,2,13,3,1,2,2,0,0,2,1,6,3,2,0,0,0,24,1,0,true
c:\Users\arthur.menezes_evolu\Desktop\Pes\jieba-analysis\src\main\java\com\qianxinyao\analysis\jieba\keyword\TFIDFAnalyzer.java,com.qianxinyao.analysis.jieba.keyword.TFIDFAnalyzer,"loadIDFMap/2[java.util.Map<java.lang.String,java.lang.Double>,java.io.InputStream]",false,140,0,1,1,0,4,11,23,0,4,2,11,0,0,1,1,2,1,1,3,6,1,2,0,0,0,27,2,0,true
c:\Users\arthur.menezes_evolu\Desktop\Pes\jieba-analysis\src\main\java\com\qianxinyao\analysis\jieba\keyword\TFIDFAnalyzer.java,com.qianxinyao.analysis.jieba.keyword.TFIDFAnalyzer,main/1[java.lang.String[]],false,171,2,4,0,4,2,4,7,0,4,1,4,1,2,1,0,0,0,3,1,4,1,1,0,0,0,14,9,0,false
c:\Users\arthur.menezes_evolu\Desktop\Pes\jieba-analysis\src\main\java\com\huaban\analysis\jieba\SegToken.java,com.huaban.analysis.jieba.SegToken,"SegToken/3[java.lang.String,int,int]",true,11,0,1,1,0,1,0,5,0,0,3,0,0,0,0,0,0,0,0,0,3,0,0,0,0,0,6,1,0,false
c:\Users\arthur.menezes_evolu\Desktop\Pes\jieba-analysis\src\main\java\com\huaban\analysis\jieba\SegToken.java,com.huaban.analysis.jieba.SegToken,toString/0,false,19,0,0,0,0,1,0,3,1,0,0,0,0,0,0,0,0,0,4,0,0,1,0,0,0,0,6,1,0,false
c:\Users\arthur.menezes_evolu\Desktop\Pes\jieba-analysis\src\main\java\com\huaban\analysis\jieba\CharacterUtil.java,com.huaban.analysis.jieba.CharacterUtil,isConnector/1[char],false,32,0,1,1,0,3,0,4,2,0,1,0,0,0,1,1,0,0,0,0,0,0,2,0,0,0,7,9,0,false
c:\Users\arthur.menezes_evolu\Desktop\Pes\jieba-analysis\src\main\java\com\huaban\analysis\jieba\CharacterUtil.java,com.huaban.analysis.jieba.CharacterUtil,isEnglishLetter/1[char],false,18,0,1,1,0,5,0,4,2,0,1,0,0,0,0,0,0,2,0,4,0,0,1,0,0,0,11,9,0,false
c:\Users\arthur.menezes_evolu\Desktop\Pes\jieba-analysis\src\main\java\com\huaban\analysis\jieba\CharacterUtil.java,com.huaban.analysis.jieba.CharacterUtil,regularize/1[char],false,60,0,1,1,0,6,0,12,4,0,1,0,0,0,0,1,0,2,0,6,1,1,1,0,0,0,3,9,0,true
c:\Users\arthur.menezes_evolu\Desktop\Pes\jieba-analysis\src\main\java\com\huaban\analysis\jieba\CharacterUtil.java,com.huaban.analysis.jieba.CharacterUtil,isDigit/1[char],false,25,0,1,1,0,3,0,4,2,0,1,0,0,0,0,0,0,0,0,2,0,0,1,0,0,0,7,9,0,false
c:\Users\arthur.menezes_evolu\Desktop\Pes\jieba-analysis\src\main\java\com\huaban\analysis\jieba\CharacterUtil.java,com.huaban.analysis.jieba.CharacterUtil,isChineseLetter/1[char],false,11,0,2,2,0,3,0,4,2,0,1,0,0,0,0,0,0,0,0,2,0,0,1,0,0,0,11,9,0,false
c:\Users\arthur.menezes_evolu\Desktop\Pes\jieba-analysis\src\main\java\com\huaban\analysis\jieba\CharacterUtil.java,com.huaban.analysis.jieba.CharacterUtil,ccFind/1[char],false,40,1,5,1,4,5,4,7,5,0,1,4,4,1,0,0,0,0,0,0,0,0,1,0,0,0,11,9,0,false
c:\Users\arthur.menezes_evolu\Desktop\Pes\jieba-analysis\src\main\java\com\huaban\analysis\jieba\Hit.java,com.huaban.analysis.jieba.Hit,setUnmatch/0,false,89,0,1,1,0,1,0,3,0,0,0,0,0,0,0,0,0,0,0,0,1,0,0,0,0,0,9,1,0,true
c:\Users\arthur.menezes_evolu\Desktop\Pes\jieba-analysis\src\main\java\com\huaban\analysis\jieba\Hit.java,com.huaban.analysis.jieba.Hit,getBegin/0,false,101,0,0,0,0,1,0,3,1,0,0,0,0,0,0,0,0,0,0,0,0,0,0,0,0,0,3,1,0,false
c:\Users\arthur.menezes_evolu\Desktop\Pes\jieba-analysis\src\main\java\com\huaban\analysis\jieba\Hit.java,com.huaban.analysis.jieba.Hit,setPrefix/0,false,77,0,1,1,0,1,0,3,0,0,0,0,0,0,0,0,0,0,0,0,1,0,0,0,0,0,8,1,0,true
c:\Users\arthur.menezes_evolu\Desktop\Pes\jieba-analysis\src\main\java\com\huaban\analysis\jieba\Hit.java,com.huaban.analysis.jieba.Hit,isUnmatch/0,false,83,0,0,0,0,2,0,3,1,0,0,0,0,0,0,1,0,0,0,0,0,0,0,0,0,0,9,1,0,true
c:\Users\arthur.menezes_evolu\Desktop\Pes\jieba-analysis\src\main\java\com\huaban\analysis\jieba\Hit.java,com.huaban.analysis.jieba.Hit,getEnd/0,false,109,0,0,0,0,1,0,3,1,0,0,0,0,0,0,0,0,0,0,0,0,0,0,0,0,0,3,1,0,false
c:\Users\arthur.menezes_evolu\Desktop\Pes\jieba-analysis\src\main\java\com\huaban\analysis\jieba\Hit.java,com.huaban.analysis.jieba.Hit,isMatch/0,false,58,0,1,1,0,2,0,3,1,0,0,0,0,0,0,0,0,1,0,1,0,0,0,0,0,0,7,1,0,true
c:\Users\arthur.menezes_evolu\Desktop\Pes\jieba-analysis\src\main\java\com\huaban\analysis\jieba\Hit.java,com.huaban.analysis.jieba.Hit,setBegin/1[int],false,105,0,1,1,0,1,0,3,0,0,1,0,0,0,0,0,0,0,0,0,1,0,0,0,0,0,3,1,0,false
c:\Users\arthur.menezes_evolu\Desktop\Pes\jieba-analysis\src\main\java\com\huaban\analysis\jieba\Hit.java,com.huaban.analysis.jieba.Hit,getMatchedDictSegment/0,false,93,1,0,0,0,1,0,3,1,0,0,0,0,0,0,0,0,0,0,0,0,0,0,0,0,0,5,1,0,false
c:\Users\arthur.menezes_evolu\Desktop\Pes\jieba-analysis\src\main\java\com\huaban\analysis\jieba\Hit.java,com.huaban.analysis.jieba.Hit,setMatch/0,false,64,0,1,1,0,1,0,3,0,0,0,0,0,0,0,0,0,0,0,0,1,0,0,0,0,0,7,1,0,true
c:\Users\arthur.menezes_evolu\Desktop\Pes\jieba-analysis\src\main\java\com\huaban\analysis\jieba\Hit.java,com.huaban.analysis.jieba.Hit,setEnd/1[int],false,113,0,1,1,0,1,0,3,0,0,1,0,0,0,0,0,0,0,0,0,1,0,0,0,0,0,3,1,0,false
c:\Users\arthur.menezes_evolu\Desktop\Pes\jieba-analysis\src\main\java\com\huaban\analysis\jieba\Hit.java,com.huaban.analysis.jieba.Hit,isPrefix/0,false,71,0,1,1,0,2,0,3,1,0,0,0,0,0,0,0,0,1,0,1,0,0,0,0,0,0,8,1,0,true
c:\Users\arthur.menezes_evolu\Desktop\Pes\jieba-analysis\src\main\java\com\huaban\analysis\jieba\Hit.java,com.huaban.analysis.jieba.Hit,setMatchedDictSegment/1[com.huaban.analysis.jieba.DictSegment],false,97,1,1,1,0,1,0,3,0,0,1,0,0,0,0,0,0,0,0,0,1,0,0,0,0,0,5,1,0,false
c:\Users\arthur.menezes_evolu\Desktop\Pes\jieba-analysis\src\main\java\com\qianxinyao\analysis\jieba\keyword\Keyword.java,com.qianxinyao.analysis.jieba.keyword.Keyword,getName/0,false,31,0,1,1,0,1,0,3,1,0,0,0,0,0,0,0,0,0,0,0,0,0,0,0,0,0,4,1,0,true
c:\Users\arthur.menezes_evolu\Desktop\Pes\jieba-analysis\src\main\java\com\qianxinyao\analysis\jieba\keyword\Keyword.java,com.qianxinyao.analysis.jieba.keyword.Keyword,equals/1[java.lang.Object],false,79,1,0,0,0,7,2,11,6,1,1,2,0,0,0,5,0,0,0,0,1,0,2,0,0,0,11,1,0,false
c:\Users\arthur.menezes_evolu\Desktop\Pes\jieba-analysis\src\main\java\com\qianxinyao\analysis\jieba\keyword\Keyword.java,com.qianxinyao.analysis.jieba.keyword.Keyword,"Keyword/2[java.lang.String,double]",true,44,0,1,1,0,1,1,4,0,0,2,1,0,0,0,0,0,0,0,2,2,2,0,0,0,0,3,1,0,false
c:\Users\arthur.menezes_evolu\Desktop\Pes\jieba-analysis\src\main\java\com\qianxinyao\analysis\jieba\keyword\Keyword.java,com.qianxinyao.analysis.jieba.keyword.Keyword,hashCode/0,false,68,0,0,0,0,2,2,9,1,3,0,2,0,0,0,1,0,4,0,4,5,5,0,0,0,0,8,1,0,true
c:\Users\arthur.menezes_evolu\Desktop\Pes\jieba-analysis\src\main\java\com\qianxinyao\analysis\jieba\keyword\Keyword.java,com.qianxinyao.analysis.jieba.keyword.Keyword,compareTo/1[com.qianxinyao.analysis.jieba.keyword.Keyword],false,54,1,0,0,0,3,0,11,3,0,1,0,0,0,0,1,0,0,0,3,0,0,1,0,0,0,4,1,0,true
c:\Users\arthur.menezes_evolu\Desktop\Pes\jieba-analysis\src\main\java\com\qianxinyao\analysis\jieba\keyword\Keyword.java,com.qianxinyao.analysis.jieba.keyword.Keyword,getTfidfvalue/0,false,16,0,1,1,0,1,0,3,1,0,0,0,0,0,0,0,0,0,0,0,0,0,0,0,0,0,4,1,0,true
c:\Users\arthur.menezes_evolu\Desktop\Pes\jieba-analysis\src\main\java\com\qianxinyao\analysis\jieba\keyword\Keyword.java,com.qianxinyao.analysis.jieba.keyword.Keyword,setName/1[java.lang.String],false,39,0,0,0,0,1,0,3,0,0,1,0,0,0,0,0,0,0,0,0,1,0,0,0,0,0,5,1,0,true
c:\Users\arthur.menezes_evolu\Desktop\Pes\jieba-analysis\src\main\java\com\qianxinyao\analysis\jieba\keyword\Keyword.java,com.qianxinyao.analysis.jieba.keyword.Keyword,setTfidfvalue/1[double],false,23,0,0,0,0,1,0,3,0,0,1,0,0,0,0,0,0,0,0,0,1,0,0,0,0,0,5,1,0,true
c:\Users\arthur.menezes_evolu\Desktop\Pes\jieba-analysis\src\test\java\com\huaban\analysis\jieba\JiebaSegmenterTest.java,com.huaban.analysis.jieba.JiebaSegmenterTest,testCutForIndex/0,false,142,3,1,0,1,2,5,6,0,1,0,5,0,0,1,0,0,0,1,0,1,0,1,0,0,0,7,1,0,false
c:\Users\arthur.menezes_evolu\Desktop\Pes\jieba-analysis\src\test\java\com\huaban\analysis\jieba\JiebaSegmenterTest.java,com.huaban.analysis.jieba.JiebaSegmenterTest,testLongTextSegmentSpeed/0,false,185,2,1,0,1,3,7,12,0,5,0,7,0,0,2,0,0,4,1,10,7,8,2,0,0,0,16,1,0,false
c:\Users\arthur.menezes_evolu\Desktop\Pes\jieba-analysis\src\test\java\com\huaban\analysis\jieba\JiebaSegmenterTest.java,com.huaban.analysis.jieba.JiebaSegmenterTest,tearDown/0,false,127,0,0,0,0,1,1,3,0,0,0,1,0,0,0,0,0,0,0,0,0,0,0,0,0,0,3,4,0,false
c:\Users\arthur.menezes_evolu\Desktop\Pes\jieba-analysis\src\test\java\com\huaban\analysis\jieba\JiebaSegmenterTest.java,com.huaban.analysis.jieba.JiebaSegmenterTest,testSegmentSpeed/0,false,168,2,1,0,1,3,7,12,0,5,0,7,0,0,2,0,0,4,1,10,7,8,2,0,0,0,13,1,0,false
c:\Users\arthur.menezes_evolu\Desktop\Pes\jieba-analysis\src\test\java\com\huaban\analysis\jieba\JiebaSegmenterTest.java,com.huaban.analysis.jieba.JiebaSegmenterTest,testBugSentence/0,false,151,3,1,0,1,2,5,7,0,2,0,5,0,0,1,0,0,0,7,0,2,0,1,0,0,0,6,1,0,false
c:\Users\arthur.menezes_evolu\Desktop\Pes\jieba-analysis\src\test\java\com\huaban\analysis\jieba\JiebaSegmenterTest.java,com.huaban.analysis.jieba.JiebaSegmenterTest,testCutForSearch/0,false,133,3,1,0,1,2,5,6,0,1,0,5,0,0,1,0,0,0,1,0,1,0,1,0,0,0,7,1,0,false
c:\Users\arthur.menezes_evolu\Desktop\Pes\jieba-analysis\src\test\java\com\huaban\analysis\jieba\JiebaSegmenterTest.java,com.huaban.analysis.jieba.JiebaSegmenterTest,setUp/0,false,121,1,2,0,2,1,3,3,0,0,0,3,0,0,0,0,0,0,1,0,0,0,0,0,0,0,3,4,0,false
c:\Users\arthur.menezes_evolu\Desktop\Pes\jieba-analysis\src\main\java\com\huaban\analysis\jieba\Node.java,com.huaban.analysis.jieba.Node,"Node/2[java.lang.Character,com.huaban.analysis.jieba.Node]",true,7,1,1,1,0,1,0,4,0,0,2,0,0,0,0,0,0,0,0,0,2,0,0,0,0,0,4,1,0,false
