file,class,type,cbo,cboModified,fanin,fanout,wmc,dit,noc,rfc,lcom,lcom*,tcc,lcc,totalMethodsQty,staticMethodsQty,publicMethodsQty,privateMethodsQty,protectedMethodsQty,defaultMethodsQty,visibleMethodsQty,abstractMethodsQty,finalMethodsQty,synchronizedMethodsQty,totalFieldsQty,staticFieldsQty,publicFieldsQty,privateFieldsQty,protectedFieldsQty,defaultFieldsQty,finalFieldsQty,synchronizedFieldsQty,nosi,loc,returnQty,loopQty,comparisonsQty,tryCatchQty,parenthesizedExpsQty,stringLiteralsQty,numbersQty,assignmentsQty,mathOperationsQty,variablesQty,maxNestedBlocksQty,anonymousClassesQty,innerClassesQty,lambdasQty,uniqueWordsQty,modifiers,logStatementsQty
c:\Users\arthur.menezes_evolu\Desktop\Pes\react-native-sqlite-storage\platforms\android\src\main\java\org\pgsqlite\SQLitePlugin.java,org.pgsqlite.SQLitePlugin$DBRunner,innerclass,6,6,0,6,23,1,0,15,0,0.071428575,0.0,0.0,2,0,1,0,0,1,2,0,0,0,7,0,0,2,0,5,4,0,3,94,2,1,6,5,0,19,3,15,4,11,5,0,0,0,50,2,5
c:\Users\arthur.menezes_evolu\Desktop\Pes\react-native-sqlite-storage\platforms\android-native\src\main\java\io\liteglue\SQLitePluginConverter.java,io.liteglue.SQLitePluginConverter,class,3,6,3,3,54,1,0,10,15,0.0,0.0,0.0,6,6,0,0,0,6,6,0,0,0,0,0,0,0,0,0,0,0,6,205,42,0,10,6,0,4,2,25,0,14,3,0,0,0,34,1025,0
c:\Users\arthur.menezes_evolu\Desktop\Pes\react-native-sqlite-storage\platforms\android-native\src\main\java\io\liteglue\SQLiteAndroidDatabase.java,io.liteglue.SQLiteAndroidDatabase,class,11,15,4,11,53,1,2,52,22,0.75,0.0,0.0,9,1,0,3,0,6,6,0,0,0,4,1,0,1,0,3,1,0,3,244,5,5,20,8,0,34,20,64,4,37,5,0,1,0,122,0,1
c:\Users\arthur.menezes_evolu\Desktop\Pes\react-native-sqlite-storage\platforms\android\src\main\java\org\pgsqlite\SQLitePlugin.java,org.pgsqlite.SQLitePlugin$DBQuery,innerclass,2,2,0,2,3,1,0,0,0,0.0,0.0,0.0,3,0,0,0,0,3,3,0,0,0,7,0,0,0,0,7,7,0,0,36,0,0,0,0,0,0,0,21,0,7,0,0,0,0,21,18,0
c:\Users\arthur.menezes_evolu\Desktop\Pes\react-native-sqlite-storage\platforms\android-native\src\main\java\io\liteglue\SQLitePlugin.java,io.liteglue.SQLitePlugin$DBQuery,innerclass,2,2,0,2,3,1,0,0,0,0.0,0.0,0.0,3,0,0,0,0,3,3,0,0,0,7,0,0,0,0,7,7,0,0,36,0,0,0,0,0,0,0,21,0,7,0,0,0,0,21,18,0
c:\Users\arthur.menezes_evolu\Desktop\Pes\react-native-sqlite-storage\platforms\android-native\src\main\java\io\liteglue\SQLitePlugin.java,io.liteglue.SQLitePlugin,class,17,20,3,17,83,3,0,58,163,0.8347826,0.0,0.0,23,0,10,10,3,0,13,0,0,0,5,3,1,1,1,2,1,0,16,643,8,3,18,22,1,79,14,80,19,54,5,0,4,0,275,1,9
c:\Users\arthur.menezes_evolu\Desktop\Pes\react-native-sqlite-storage\platforms\android\src\main\java\org\pgsqlite\SQLitePlugin.java,org.pgsqlite.SQLitePlugin,class,22,25,3,22,129,2,0,104,300,0.87356323,0.0,0.0,29,0,10,16,3,0,13,0,0,0,6,4,1,2,2,1,3,0,20,740,12,8,36,30,2,117,32,138,25,88,5,0,4,0,289,1,10
c:\Users\arthur.menezes_evolu\Desktop\Pes\react-native-sqlite-storage\platforms\android\src\main\java\org\pgsqlite\SQLitePluginPackage.java,org.pgsqlite.SQLitePluginPackage,class,6,6,0,6,5,1,0,2,10,0.0,0.0,0.0,5,0,5,0,0,0,5,0,0,0,0,0,0,0,0,0,0,0,2,18,3,0,0,0,0,0,0,1,0,1,0,0,0,0,28,1,0
c:\Users\arthur.menezes_evolu\Desktop\Pes\react-native-sqlite-storage\platforms\android\src\main\java\org\pgsqlite\CallbackContext.java,org.pgsqlite.CallbackContext,class,4,8,4,4,7,1,0,2,0,0.61904764,0.0,0.0,7,0,7,0,0,0,7,0,0,0,3,1,0,3,0,0,1,0,0,27,0,0,0,0,0,1,0,3,0,3,0,0,0,0,24,1,0
c:\Users\arthur.menezes_evolu\Desktop\Pes\react-native-sqlite-storage\platforms\android-native\src\main\java\io\liteglue\SQLitePlugin.java,io.liteglue.SQLitePlugin$Action,enum,0,0,0,0,0,1,0,0,0,0.0,-1.0,-1.0,0,0,0,0,0,0,0,0,0,0,0,0,0,0,0,0,0,0,0,1,0,0,0,0,0,0,0,0,0,0,0,0,0,0,5,2,0
c:\Users\arthur.menezes_evolu\Desktop\Pes\react-native-sqlite-storage\platforms\android-native\src\main\java\io\liteglue\SQLitePlugin.java,io.liteglue.SQLitePlugin$DBRunner,innerclass,6,6,0,6,22,1,0,16,0,0.0625,0.0,0.0,2,0,1,0,0,1,2,0,0,0,8,0,0,3,0,5,4,0,4,86,1,1,5,5,1,20,3,15,4,12,5,0,0,0,51,2,4
c:\Users\arthur.menezes_evolu\Desktop\Pes\react-native-sqlite-storage\platforms\android\src\main\java\org\pgsqlite\SQLitePluginConverter.java,org.pgsqlite.SQLitePluginConverter,class,3,5,2,3,54,1,0,10,15,0.0,0.0,0.0,6,6,0,0,0,6,6,0,0,0,0,0,0,0,0,0,0,0,6,205,42,0,10,6,0,4,2,25,0,14,3,0,0,0,34,1025,0
c:\Users\arthur.menezes_evolu\Desktop\Pes\react-native-sqlite-storage\platforms\android\src\main\java\org\pgsqlite\SQLitePlugin.java,org.pgsqlite.SQLitePlugin$QueryType,enum,0,0,0,0,0,1,0,0,0,0.0,-1.0,-1.0,0,0,0,0,0,0,0,0,0,0,0,0,0,0,0,0,0,0,0,1,0,0,0,0,0,0,0,0,0,0,0,0,0,0,4,2,0
c:\Users\arthur.menezes_evolu\Desktop\Pes\react-native-sqlite-storage\platforms\android-native\src\main\java\io\liteglue\CallbackContext.java,io.liteglue.CallbackContext,class,3,8,5,3,7,1,0,1,0,0.61904764,0.0,0.0,7,0,7,0,0,0,7,0,0,0,3,1,0,3,0,0,1,0,0,27,0,0,0,0,0,2,0,3,0,3,0,0,0,0,24,1,0
c:\Users\arthur.menezes_evolu\Desktop\Pes\react-native-sqlite-storage\platforms\android-native\src\main\java\io\liteglue\SQLiteAndroidDatabase.java,io.liteglue.SQLiteAndroidDatabase$QueryType,enum,0,0,0,0,0,1,0,0,0,0.0,-1.0,-1.0,0,0,0,0,0,0,0,0,0,0,0,0,0,0,0,0,0,0,0,1,0,0,0,0,0,0,0,0,0,0,0,0,0,0,4,8,0
c:\Users\arthur.menezes_evolu\Desktop\Pes\react-native-sqlite-storage\platforms\android-native\src\main\java\io\liteglue\SQLitePlugin.java,io.liteglue.SQLitePlugin$SQLiteDatabaseNDK,innerclass,11,11,0,11,31,2,0,37,3,0.33333334,0.0,0.0,6,0,0,1,0,5,5,0,0,0,1,0,0,0,0,1,0,0,1,142,2,4,8,5,0,19,9,29,5,26,6,0,0,0,99,0,1
c:\Users\arthur.menezes_evolu\Desktop\Pes\react-native-sqlite-storage\platforms\android-native\src\main\java\io\liteglue\SQLitePluginPackage.java,io.liteglue.SQLitePluginPackage,class,6,6,0,6,5,1,0,2,10,0.0,0.0,0.0,5,0,5,0,0,0,5,0,0,0,0,0,0,0,0,0,0,0,2,18,3,0,0,0,0,0,0,1,0,1,0,0,0,0,29,1,0
c:\Users\arthur.menezes_evolu\Desktop\Pes\react-native-sqlite-storage\platforms\android\src\main\java\org\pgsqlite\SQLitePlugin.java,org.pgsqlite.SQLitePlugin$Action,enum,0,0,0,0,0,1,0,0,0,0.0,-1.0,-1.0,0,0,0,0,0,0,0,0,0,0,0,0,0,0,0,0,0,0,0,1,0,0,0,0,0,0,0,0,0,0,0,0,0,0,5,2,0
