file,class,method,constructor,line,cbo,cboModified,fanin,fanout,wmc,rfc,loc,returnsQty,variablesQty,parametersQty,methodsInvokedQty,methodsInvokedLocalQty,methodsInvokedIndirectLocalQty,loopQty,comparisonsQty,tryCatchQty,parenthesizedExpsQty,stringLiteralsQty,numbersQty,assignmentsQty,mathOperationsQty,maxNestedBlocksQty,anonymousClassesQty,innerClassesQty,lambdasQty,uniqueWordsQty,modifiers,logStatementsQty,hasJavaDoc
c:\Users\arthur.menezes_evolu\Desktop\Pes\ViewAnimator\viewanimator\src\main\java\com\github\florent37\viewanimator\AnimationBuilder.java,com.github.florent37.viewanimator.AnimationBuilder$Anonymous2,"update/2[com.github.florent37.viewanimator.View,float]",false,181,1,0,0,0,1,2,4,0,0,2,2,0,0,0,0,0,0,0,0,1,0,0,0,0,0,3,1,0,false
c:\Users\arthur.menezes_evolu\Desktop\Pes\ViewAnimator\viewanimator\src\main\java\com\github\florent37\viewanimator\AnimationListener.java,com.github.florent37.viewanimator.AnimationListener$Stop,onStop/0,false,17,0,1,1,0,1,0,1,0,0,0,0,0,0,0,0,0,0,0,0,0,0,0,0,0,0,2,0,0,false
c:\Users\arthur.menezes_evolu\Desktop\Pes\ViewAnimator\viewanimator\src\main\java\com\github\florent37\viewanimator\AnimationBuilder.java,com.github.florent37.viewanimator.AnimationBuilder$Anonymous3,"update/2[com.github.florent37.viewanimator.View,float]",false,191,1,0,0,0,1,2,4,0,0,2,2,0,0,0,0,0,0,0,0,1,0,0,0,0,0,3,1,0,false
c:\Users\arthur.menezes_evolu\Desktop\Pes\ViewAnimator\viewanimator\src\main\java\com\github\florent37\viewanimator\AnimationBuilder.java,com.github.florent37.viewanimator.AnimationBuilder$Anonymous1,onAnimationUpdate/1[com.github.florent37.viewanimator.ValueAnimator],false,168,2,1,0,1,1,2,3,0,0,1,2,0,0,0,0,0,0,0,0,0,0,0,0,0,0,7,1,0,false
c:\Users\arthur.menezes_evolu\Desktop\Pes\ViewAnimator\sample\src\androidTest\java\com\github\florent37\viewanimator\ApplicationTest.java,com.github.florent37.viewanimator.ApplicationTest,ApplicationTest/0,true,10,1,0,0,0,1,0,3,0,0,0,0,0,0,0,0,0,0,0,0,0,0,0,0,0,0,2,1,0,false
c:\Users\arthur.menezes_evolu\Desktop\Pes\ViewAnimator\viewanimator\src\main\java\com\github\florent37\viewanimator\AnimationListener.java,com.github.florent37.viewanimator.AnimationListener$Update,"update/2[V,float]",false,21,1,0,0,0,1,0,1,0,0,2,0,0,0,0,0,0,0,0,0,0,0,0,0,0,0,3,0,0,false
c:\Users\arthur.menezes_evolu\Desktop\Pes\ViewAnimator\viewanimator\src\main\java\com\github\florent37\viewanimator\AnimationBuilder.java,com.github.florent37.viewanimator.AnimationBuilder$Anonymous4,"update/2[com.github.florent37.viewanimator.View,float]",false,471,2,0,0,0,2,4,12,1,3,2,4,0,0,0,1,0,0,3,3,3,1,1,0,0,0,9,1,0,false
c:\Users\arthur.menezes_evolu\Desktop\Pes\ViewAnimator\sample2\src\main\java\cn\qqtheme\AnimatorSample\MainActivity.java,cn.qqtheme.AnimatorSample.MainActivity$Anonymous3$Anonymous4,run/0,false,317,1,3,0,3,1,1,3,0,0,0,1,0,0,0,0,0,0,0,0,0,0,0,0,0,0,3,1,0,false
c:\Users\arthur.menezes_evolu\Desktop\Pes\ViewAnimator\sample\src\main\java\com\github\florent37\sample\viewanimator\ViewAnimatorMainActivity.java,com.github.florent37.sample.viewanimator.ViewAnimatorMainActivity$Anonymous5,run/0,false,112,1,3,0,3,1,4,4,0,0,0,4,0,0,0,0,0,0,1,0,0,0,0,0,0,0,4,1,0,false
c:\Users\arthur.menezes_evolu\Desktop\Pes\ViewAnimator\sample2\src\main\java\cn\qqtheme\AnimatorSample\WelcomeActivity.java,cn.qqtheme.AnimatorSample.WelcomeActivity,onCreate/1[cn.qqtheme.AnimatorSample.Bundle],false,24,5,2,0,2,1,11,14,0,1,1,11,0,0,0,0,0,0,0,1,1,0,0,1,0,0,24,4,0,false
c:\Users\arthur.menezes_evolu\Desktop\Pes\ViewAnimator\sample\src\main\java\com\github\florent37\sample\viewanimator\ViewAnimatorMainActivity.java,com.github.florent37.sample.viewanimator.ViewAnimatorMainActivity,onCreate/1[com.github.florent37.sample.viewanimator.Bundle],false,30,4,0,0,0,1,4,26,0,0,1,4,0,0,0,0,0,0,0,0,4,0,0,3,0,0,25,4,0,false
c:\Users\arthur.menezes_evolu\Desktop\Pes\ViewAnimator\sample\src\main\java\com\github\florent37\sample\viewanimator\ViewAnimatorMainActivity.java,com.github.florent37.sample.viewanimator.ViewAnimatorMainActivity,animateParallel/0,false,78,6,3,1,2,1,17,15,0,1,0,17,0,0,0,0,0,0,0,13,1,0,0,2,0,0,21,4,0,false
c:\Users\arthur.menezes_evolu\Desktop\Pes\ViewAnimator\sample\src\main\java\com\github\florent37\sample\viewanimator\ViewAnimatorMainActivity.java,com.github.florent37.sample.viewanimator.ViewAnimatorMainActivity,animateSequentially/0,false,119,3,2,1,1,1,8,3,0,0,0,8,0,0,0,0,0,0,0,10,0,0,0,0,0,0,6,4,0,false
c:\Users\arthur.menezes_evolu\Desktop\Pes\ViewAnimator\sample\src\main\java\com\github\florent37\sample\viewanimator\ViewAnimatorMainActivity.java,com.github.florent37.sample.viewanimator.ViewAnimatorMainActivity,simpleAnimation/0,false,61,3,2,1,1,1,10,3,0,0,0,10,0,0,0,0,0,0,0,11,0,0,0,0,0,0,7,4,0,false
c:\Users\arthur.menezes_evolu\Desktop\Pes\ViewAnimator\sample\src\main\java\com\github\florent37\sample\viewanimator\ViewAnimatorMainActivity.java,com.github.florent37.sample.viewanimator.ViewAnimatorMainActivity$Anonymous1,onClick/1[com.github.florent37.sample.viewanimator.View],false,40,2,3,0,3,1,1,3,0,0,1,1,0,0,0,0,0,0,0,0,0,0,0,0,0,0,6,1,0,false
c:\Users\arthur.menezes_evolu\Desktop\Pes\ViewAnimator\sample\src\main\java\com\github\florent37\sample\viewanimator\ViewAnimatorMainActivity.java,com.github.florent37.sample.viewanimator.ViewAnimatorMainActivity$Anonymous2,onClick/1[com.github.florent37.sample.viewanimator.View],false,47,2,3,0,3,1,1,3,0,0,1,1,0,0,0,0,0,0,0,0,0,0,0,0,0,0,6,1,0,false
c:\Users\arthur.menezes_evolu\Desktop\Pes\ViewAnimator\sample\src\main\java\com\github\florent37\sample\viewanimator\ViewAnimatorMainActivity.java,com.github.florent37.sample.viewanimator.ViewAnimatorMainActivity$Anonymous3,onClick/1[com.github.florent37.sample.viewanimator.View],false,54,2,3,0,3,1,1,3,0,0,1,1,0,0,0,0,0,0,0,0,0,0,0,0,0,0,6,1,0,false
c:\Users\arthur.menezes_evolu\Desktop\Pes\ViewAnimator\sample\src\main\java\com\github\florent37\sample\viewanimator\ViewAnimatorMainActivity.java,com.github.florent37.sample.viewanimator.ViewAnimatorMainActivity$Anonymous4,"update/2[com.github.florent37.sample.viewanimator.TextView,float]",false,98,1,0,0,0,1,2,3,0,0,2,2,0,0,0,0,0,0,1,0,0,0,0,0,0,0,4,1,0,false
c:\Users\arthur.menezes_evolu\Desktop\Pes\ViewAnimator\sample2\src\main\java\cn\qqtheme\AnimatorSample\MainActivity.java,cn.qqtheme.AnimatorSample.MainActivity,onPulse/1[cn.qqtheme.AnimatorSample.View],false,171,2,1,0,1,1,3,3,0,0,1,3,0,0,0,0,0,0,0,0,0,0,0,0,0,0,4,1,0,false
c:\Users\arthur.menezes_evolu\Desktop\Pes\ViewAnimator\sample2\src\main\java\cn\qqtheme\AnimatorSample\MainActivity.java,cn.qqtheme.AnimatorSample.MainActivity,onFadeIn/1[cn.qqtheme.AnimatorSample.View],false,254,2,1,0,1,1,3,3,0,0,1,3,0,0,0,0,0,0,0,0,0,0,0,0,0,0,5,1,0,false
c:\Users\arthur.menezes_evolu\Desktop\Pes\ViewAnimator\sample2\src\main\java\cn\qqtheme\AnimatorSample\MainActivity.java,cn.qqtheme.AnimatorSample.MainActivity,onPath/1[cn.qqtheme.AnimatorSample.View],false,260,3,1,0,1,1,8,8,0,1,1,8,0,0,0,0,0,0,0,10,1,0,0,0,0,0,7,1,0,false
c:\Users\arthur.menezes_evolu\Desktop\Pes\ViewAnimator\sample2\src\main\java\cn\qqtheme\AnimatorSample\MainActivity.java,cn.qqtheme.AnimatorSample.MainActivity,onSlit/1[cn.qqtheme.AnimatorSample.View],false,209,2,1,0,1,1,3,3,0,0,1,3,0,0,0,0,0,0,0,0,0,0,0,0,0,0,4,1,0,false
c:\Users\arthur.menezes_evolu\Desktop\Pes\ViewAnimator\sample2\src\main\java\cn\qqtheme\AnimatorSample\MainActivity.java,cn.qqtheme.AnimatorSample.MainActivity,onShake/1[cn.qqtheme.AnimatorSample.View],false,118,3,1,0,1,1,4,3,0,0,1,4,0,0,0,0,0,0,0,0,0,0,0,0,0,0,6,1,0,false
c:\Users\arthur.menezes_evolu\Desktop\Pes\ViewAnimator\sample2\src\main\java\cn\qqtheme\AnimatorSample\MainActivity.java,cn.qqtheme.AnimatorSample.MainActivity,onFollower/1[cn.qqtheme.AnimatorSample.View],false,294,3,3,1,2,1,6,3,0,0,1,6,0,0,0,0,0,0,0,1,0,0,0,0,0,0,6,1,0,false
c:\Users\arthur.menezes_evolu\Desktop\Pes\ViewAnimator\sample2\src\main\java\cn\qqtheme\AnimatorSample\MainActivity.java,cn.qqtheme.AnimatorSample.MainActivity,onSlideTopIn/1[cn.qqtheme.AnimatorSample.View],false,227,2,1,0,1,1,3,3,0,0,1,3,0,0,0,0,0,0,0,0,0,0,0,0,0,0,6,1,0,false
c:\Users\arthur.menezes_evolu\Desktop\Pes\ViewAnimator\sample2\src\main\java\cn\qqtheme\AnimatorSample\MainActivity.java,cn.qqtheme.AnimatorSample.MainActivity,onStandUp/1[cn.qqtheme.AnimatorSample.View],false,177,3,1,0,1,1,4,3,0,0,1,4,0,0,0,0,0,0,0,0,0,0,0,0,0,0,8,1,0,false
c:\Users\arthur.menezes_evolu\Desktop\Pes\ViewAnimator\sample2\src\main\java\cn\qqtheme\AnimatorSample\MainActivity.java,cn.qqtheme.AnimatorSample.MainActivity,onFall/1[cn.qqtheme.AnimatorSample.View],false,196,3,1,0,1,1,4,3,0,0,1,4,0,0,0,0,0,0,0,0,0,0,0,0,0,0,7,1,0,false
c:\Users\arthur.menezes_evolu\Desktop\Pes\ViewAnimator\sample2\src\main\java\cn\qqtheme\AnimatorSample\MainActivity.java,cn.qqtheme.AnimatorSample.MainActivity,onZoomIn/1[cn.qqtheme.AnimatorSample.View],false,239,2,1,0,1,1,3,3,0,0,1,3,0,0,0,0,0,0,0,0,0,0,0,0,0,0,5,1,0,false
c:\Users\arthur.menezes_evolu\Desktop\Pes\ViewAnimator\sample2\src\main\java\cn\qqtheme\AnimatorSample\MainActivity.java,cn.qqtheme.AnimatorSample.MainActivity,onSlideRightIn/1[cn.qqtheme.AnimatorSample.View],false,221,2,1,0,1,1,3,3,0,0,1,3,0,0,0,0,0,0,0,0,0,0,0,0,0,0,6,1,0,false
c:\Users\arthur.menezes_evolu\Desktop\Pes\ViewAnimator\sample2\src\main\java\cn\qqtheme\AnimatorSample\MainActivity.java,cn.qqtheme.AnimatorSample.MainActivity,onFlipVertical/1[cn.qqtheme.AnimatorSample.View],false,152,2,1,0,1,1,3,3,0,0,1,3,0,0,0,0,0,0,0,0,0,0,0,0,0,0,5,1,0,false
c:\Users\arthur.menezes_evolu\Desktop\Pes\ViewAnimator\sample2\src\main\java\cn\qqtheme\AnimatorSample\MainActivity.java,cn.qqtheme.AnimatorSample.MainActivity,onNewsPaper/1[cn.qqtheme.AnimatorSample.View],false,203,2,1,0,1,1,3,3,0,0,1,3,0,0,0,0,0,0,0,0,0,0,0,0,0,0,5,1,0,false
c:\Users\arthur.menezes_evolu\Desktop\Pes\ViewAnimator\sample2\src\main\java\cn\qqtheme\AnimatorSample\MainActivity.java,cn.qqtheme.AnimatorSample.MainActivity,onWobble/1[cn.qqtheme.AnimatorSample.View],false,190,2,1,0,1,1,3,3,0,0,1,3,0,0,0,0,0,0,0,0,0,0,0,0,0,0,4,1,0,false
c:\Users\arthur.menezes_evolu\Desktop\Pes\ViewAnimator\sample2\src\main\java\cn\qqtheme\AnimatorSample\MainActivity.java,cn.qqtheme.AnimatorSample.MainActivity,onSlideLeftIn/1[cn.qqtheme.AnimatorSample.View],false,215,2,1,0,1,1,3,3,0,0,1,3,0,0,0,0,0,0,0,0,0,0,0,0,0,0,6,1,0,false
c:\Users\arthur.menezes_evolu\Desktop\Pes\ViewAnimator\sample2\src\main\java\cn\qqtheme\AnimatorSample\MainActivity.java,cn.qqtheme.AnimatorSample.MainActivity,onSvgPath/1[cn.qqtheme.AnimatorSample.View],false,274,5,4,1,3,1,9,11,0,1,1,9,0,0,0,0,0,0,0,3,1,0,0,1,0,0,18,1,0,false
c:\Users\arthur.menezes_evolu\Desktop\Pes\ViewAnimator\sample2\src\main\java\cn\qqtheme\AnimatorSample\MainActivity.java,cn.qqtheme.AnimatorSample.MainActivity,onDialog/1[cn.qqtheme.AnimatorSample.View],false,96,6,1,0,1,2,12,17,0,3,1,12,0,0,0,1,0,0,3,0,3,0,0,1,0,0,16,1,0,false
c:\Users\arthur.menezes_evolu\Desktop\Pes\ViewAnimator\sample2\src\main\java\cn\qqtheme\AnimatorSample\MainActivity.java,cn.qqtheme.AnimatorSample.MainActivity,onFlipHorizontal/1[cn.qqtheme.AnimatorSample.View],false,146,2,1,0,1,1,3,3,0,0,1,3,0,0,0,0,0,0,0,0,0,0,0,0,0,0,5,1,0,false
c:\Users\arthur.menezes_evolu\Desktop\Pes\ViewAnimator\sample2\src\main\java\cn\qqtheme\AnimatorSample\MainActivity.java,cn.qqtheme.AnimatorSample.MainActivity,onWave/1[cn.qqtheme.AnimatorSample.View],false,158,2,1,0,1,1,4,3,0,0,1,4,0,0,0,0,0,0,0,1,0,0,0,0,0,0,4,1,0,false
c:\Users\arthur.menezes_evolu\Desktop\Pes\ViewAnimator\sample2\src\main\java\cn\qqtheme\AnimatorSample\MainActivity.java,cn.qqtheme.AnimatorSample.MainActivity,onBounce/1[cn.qqtheme.AnimatorSample.View],false,125,3,1,0,1,1,4,3,0,0,1,4,0,0,0,0,0,0,0,0,0,0,0,0,0,0,5,1,0,false
c:\Users\arthur.menezes_evolu\Desktop\Pes\ViewAnimator\sample2\src\main\java\cn\qqtheme\AnimatorSample\MainActivity.java,cn.qqtheme.AnimatorSample.MainActivity,onRollIn/1[cn.qqtheme.AnimatorSample.View],false,245,2,1,0,1,1,6,3,0,0,1,6,0,0,0,0,0,0,0,5,0,0,0,0,0,0,6,1,0,false
c:\Users\arthur.menezes_evolu\Desktop\Pes\ViewAnimator\sample2\src\main\java\cn\qqtheme\AnimatorSample\MainActivity.java,cn.qqtheme.AnimatorSample.MainActivity,onFlash/1[cn.qqtheme.AnimatorSample.View],false,139,2,1,0,1,1,4,3,0,0,1,4,0,0,0,0,0,0,0,1,0,0,0,0,0,0,4,1,0,false
c:\Users\arthur.menezes_evolu\Desktop\Pes\ViewAnimator\sample2\src\main\java\cn\qqtheme\AnimatorSample\MainActivity.java,cn.qqtheme.AnimatorSample.MainActivity,onSwing/1[cn.qqtheme.AnimatorSample.View],false,184,2,1,0,1,1,3,3,0,0,1,3,0,0,0,0,0,0,0,0,0,0,0,0,0,0,4,1,0,false
c:\Users\arthur.menezes_evolu\Desktop\Pes\ViewAnimator\sample2\src\main\java\cn\qqtheme\AnimatorSample\MainActivity.java,cn.qqtheme.AnimatorSample.MainActivity,onCreate/1[cn.qqtheme.AnimatorSample.Bundle],false,78,5,4,0,4,2,8,16,0,0,1,8,3,1,0,0,0,0,0,1,6,0,1,0,0,0,26,4,0,false
c:\Users\arthur.menezes_evolu\Desktop\Pes\ViewAnimator\sample2\src\main\java\cn\qqtheme\AnimatorSample\MainActivity.java,cn.qqtheme.AnimatorSample.MainActivity,onBubble/1[cn.qqtheme.AnimatorSample.View],false,305,2,3,1,2,2,4,19,0,0,1,4,0,0,1,0,0,0,0,2,1,0,1,1,0,0,14,1,0,false
c:\Users\arthur.menezes_evolu\Desktop\Pes\ViewAnimator\sample2\src\main\java\cn\qqtheme\AnimatorSample\MainActivity.java,cn.qqtheme.AnimatorSample.MainActivity,onTada/1[cn.qqtheme.AnimatorSample.View],false,165,2,1,0,1,1,3,3,0,0,1,3,0,0,0,0,0,0,0,0,0,0,0,0,0,0,4,1,0,false
c:\Users\arthur.menezes_evolu\Desktop\Pes\ViewAnimator\sample2\src\main\java\cn\qqtheme\AnimatorSample\MainActivity.java,cn.qqtheme.AnimatorSample.MainActivity,onRubber/1[cn.qqtheme.AnimatorSample.View],false,233,2,1,0,1,1,3,3,0,0,1,3,0,0,0,0,0,0,0,0,0,0,0,0,0,0,4,1,0,false
c:\Users\arthur.menezes_evolu\Desktop\Pes\ViewAnimator\sample2\src\main\java\cn\qqtheme\AnimatorSample\MainActivity.java,cn.qqtheme.AnimatorSample.MainActivity,onBounceIn/1[cn.qqtheme.AnimatorSample.View],false,132,3,1,0,1,1,4,3,0,0,1,4,0,0,0,0,0,0,0,0,0,0,0,0,0,0,6,1,0,false
c:\Users\arthur.menezes_evolu\Desktop\Pes\ViewAnimator\sample2\src\main\java\cn\qqtheme\AnimatorSample\MainActivity.java,cn.qqtheme.AnimatorSample.MainActivity,addHeart/0,false,325,5,9,1,8,2,15,20,1,3,0,15,0,0,0,1,0,0,2,2,4,1,1,0,0,0,14,2,0,false
c:\Users\arthur.menezes_evolu\Desktop\Pes\ViewAnimator\sample\src\test\java\com\github\florent37\viewanimator\ExampleUnitTest.java,com.github.florent37.viewanimator.ExampleUnitTest,addition_isCorrect/0,false,12,1,0,0,0,1,1,3,0,0,0,1,0,0,0,0,0,0,0,3,0,1,0,0,0,0,6,1,0,false
c:\Users\arthur.menezes_evolu\Desktop\Pes\ViewAnimator\sample2\src\main\java\cn\qqtheme\AnimatorSample\ScreenUtils.java,cn.qqtheme.AnimatorSample.ScreenUtils,heightPixels/1[cn.qqtheme.AnimatorSample.Context],false,51,2,1,0,1,1,1,3,1,0,1,1,1,1,0,0,0,0,0,0,0,0,0,0,0,0,9,9,0,true
c:\Users\arthur.menezes_evolu\Desktop\Pes\ViewAnimator\sample2\src\main\java\cn\qqtheme\AnimatorSample\ScreenUtils.java,cn.qqtheme.AnimatorSample.ScreenUtils,widthPixels/1[cn.qqtheme.AnimatorSample.Context],false,41,2,1,0,1,1,1,3,1,0,1,1,1,1,0,0,0,0,0,0,0,0,0,0,0,0,9,9,0,true
c:\Users\arthur.menezes_evolu\Desktop\Pes\ViewAnimator\sample2\src\main\java\cn\qqtheme\AnimatorSample\ScreenUtils.java,cn.qqtheme.AnimatorSample.ScreenUtils,displayMetrics/1[cn.qqtheme.AnimatorSample.Context],false,25,3,5,5,0,1,3,6,1,2,1,3,0,0,0,0,0,0,0,0,2,0,0,0,0,0,11,9,0,true
c:\Users\arthur.menezes_evolu\Desktop\Pes\ViewAnimator\sample2\src\main\java\cn\qqtheme\AnimatorSample\ScreenUtils.java,cn.qqtheme.AnimatorSample.ScreenUtils,keepBright/1[cn.qqtheme.AnimatorSample.Activity],false,106,1,0,0,0,1,2,4,0,1,1,2,0,0,0,0,0,0,0,0,1,0,0,0,0,0,8,9,0,true
c:\Users\arthur.menezes_evolu\Desktop\Pes\ViewAnimator\sample2\src\main\java\cn\qqtheme\AnimatorSample\ScreenUtils.java,cn.qqtheme.AnimatorSample.ScreenUtils,density/1[cn.qqtheme.AnimatorSample.Context],false,61,2,1,0,1,1,1,3,1,0,1,1,1,1,0,0,0,0,0,0,0,0,0,0,0,0,7,9,0,true
c:\Users\arthur.menezes_evolu\Desktop\Pes\ViewAnimator\sample2\src\main\java\cn\qqtheme\AnimatorSample\ScreenUtils.java,cn.qqtheme.AnimatorSample.ScreenUtils,isFullScreen/0,false,80,0,0,0,0,1,0,3,1,0,0,0,0,0,0,0,0,0,0,0,0,0,0,0,0,0,7,9,0,true
c:\Users\arthur.menezes_evolu\Desktop\Pes\ViewAnimator\sample2\src\main\java\cn\qqtheme\AnimatorSample\ScreenUtils.java,cn.qqtheme.AnimatorSample.ScreenUtils,toggleFullScreen/1[cn.qqtheme.AnimatorSample.Activity],false,89,2,0,0,0,2,3,12,0,2,1,3,0,0,0,0,0,0,0,0,4,0,1,0,0,0,15,9,0,true
c:\Users\arthur.menezes_evolu\Desktop\Pes\ViewAnimator\sample2\src\main\java\cn\qqtheme\AnimatorSample\ScreenUtils.java,cn.qqtheme.AnimatorSample.ScreenUtils,densityDpi/1[cn.qqtheme.AnimatorSample.Context],false,71,2,1,0,1,1,1,3,1,0,1,1,1,1,0,0,0,0,0,0,0,0,0,0,0,0,9,9,0,true
c:\Users\arthur.menezes_evolu\Desktop\Pes\ViewAnimator\viewanimator\src\main\java\com\github\florent37\viewanimator\AnimationListener.java,com.github.florent37.viewanimator.AnimationListener$Start,onStart/0,false,13,0,1,1,0,1,0,1,0,0,0,0,0,0,0,0,0,0,0,0,0,0,0,0,0,0,2,0,0,false
c:\Users\arthur.menezes_evolu\Desktop\Pes\ViewAnimator\viewanimator\src\main\java\com\github\florent37\viewanimator\ViewAnimator.java,com.github.florent37.viewanimator.ViewAnimator$Anonymous1,onAnimationStart/1[com.github.florent37.viewanimator.Animator],false,83,2,1,0,1,2,1,3,0,0,1,1,0,0,0,1,0,0,0,0,0,0,1,0,0,0,8,1,0,false
c:\Users\arthur.menezes_evolu\Desktop\Pes\ViewAnimator\viewanimator\src\main\java\com\github\florent37\viewanimator\ViewAnimator.java,com.github.florent37.viewanimator.ViewAnimator$Anonymous1,onAnimationCancel/1[com.github.florent37.viewanimator.Animator],false,97,1,0,0,0,1,0,2,0,0,1,0,0,0,0,0,0,0,0,0,0,0,0,0,0,0,5,1,0,false
c:\Users\arthur.menezes_evolu\Desktop\Pes\ViewAnimator\viewanimator\src\main\java\com\github\florent37\viewanimator\ViewAnimator.java,com.github.florent37.viewanimator.ViewAnimator$Anonymous1,onAnimationEnd/1[com.github.florent37.viewanimator.Animator],false,88,3,2,0,2,3,2,7,0,0,1,2,0,0,0,2,0,0,0,0,1,0,1,0,0,0,9,1,0,false
c:\Users\arthur.menezes_evolu\Desktop\Pes\ViewAnimator\viewanimator\src\main\java\com\github\florent37\viewanimator\ViewAnimator.java,com.github.florent37.viewanimator.ViewAnimator$Anonymous1,onAnimationRepeat/1[com.github.florent37.viewanimator.Animator],false,102,1,0,0,0,1,0,2,0,0,1,0,0,0,0,0,0,0,0,0,0,0,0,0,0,0,5,1,0,false
c:\Users\arthur.menezes_evolu\Desktop\Pes\ViewAnimator\viewanimator\src\main\java\com\github\florent37\viewanimator\ViewAnimator.java,com.github.florent37.viewanimator.ViewAnimator$Anonymous2,onPreDraw/0,false,145,0,0,0,0,1,3,5,1,0,0,3,0,0,0,0,0,0,0,0,0,0,0,0,0,0,4,1,0,false
c:\Users\arthur.menezes_evolu\Desktop\Pes\ViewAnimator\sample2\src\main\java\cn\qqtheme\AnimatorSample\PathUtils.java,cn.qqtheme.AnimatorSample.PathUtils,PathUtils/0,true,23,0,0,0,0,1,0,2,0,0,0,0,0,0,0,0,0,0,0,0,0,0,0,0,0,0,2,2,0,false
c:\Users\arthur.menezes_evolu\Desktop\Pes\ViewAnimator\sample2\src\main\java\cn\qqtheme\AnimatorSample\PathUtils.java,cn.qqtheme.AnimatorSample.PathUtils,"createBubble/2[int,int]",false,33,2,2,1,1,1,1,3,1,0,2,1,1,2,0,0,0,0,0,3,0,0,0,0,0,0,9,9,0,true
c:\Users\arthur.menezes_evolu\Desktop\Pes\ViewAnimator\sample2\src\main\java\cn\qqtheme\AnimatorSample\PathUtils.java,cn.qqtheme.AnimatorSample.PathUtils,"createFollower/5[int,int,int,int,float]",false,93,4,3,1,2,4,3,24,1,7,5,3,1,1,1,2,0,4,0,14,10,12,3,0,0,0,29,9,0,true
c:\Users\arthur.menezes_evolu\Desktop\Pes\ViewAnimator\sample2\src\main\java\cn\qqtheme\AnimatorSample\PathUtils.java,cn.qqtheme.AnimatorSample.PathUtils,"createFollower/2[int,int]",false,78,2,2,1,1,1,1,3,1,0,2,1,1,2,0,0,0,0,0,3,0,0,0,0,0,0,8,9,0,true
c:\Users\arthur.menezes_evolu\Desktop\Pes\ViewAnimator\sample2\src\main\java\cn\qqtheme\AnimatorSample\PathUtils.java,cn.qqtheme.AnimatorSample.PathUtils,"createBubble/5[int,int,int,int,float]",false,48,4,3,1,2,4,3,24,1,7,5,3,1,1,1,2,0,4,0,12,10,12,3,0,0,0,32,9,0,true
c:\Users\arthur.menezes_evolu\Desktop\Pes\ViewAnimator\sample2\src\main\java\cn\qqtheme\AnimatorSample\PathUtils.java,cn.qqtheme.AnimatorSample.PathUtils,"createCubicSpline/2[java.util.ArrayList<cn.qqtheme.AnimatorSample.PathUtils.BezierPoint>,float]",false,124,4,2,2,0,5,4,30,1,8,2,4,0,0,1,3,0,14,0,11,14,22,2,0,0,0,18,9,0,true
c:\Users\arthur.menezes_evolu\Desktop\Pes\ViewAnimator\sample2\src\main\java\cn\qqtheme\AnimatorSample\SvgPathParser.java,cn.qqtheme.AnimatorSample.SvgPathParser,tryParsePath/1[java.lang.String],false,29,4,2,1,1,2,1,8,2,0,1,1,1,2,0,0,1,0,0,0,0,0,1,0,0,0,21,9,0,true
c:\Users\arthur.menezes_evolu\Desktop\Pes\ViewAnimator\sample2\src\main\java\cn\qqtheme\AnimatorSample\SvgPathParser.java,cn.qqtheme.AnimatorSample.SvgPathParser,parsePath/1[java.lang.String],false,60,4,7,1,6,43,13,197,1,37,1,13,1,1,1,12,0,2,0,13,86,5,3,0,0,0,116,9,0,true
c:\Users\arthur.menezes_evolu\Desktop\Pes\ViewAnimator\sample2\src\main\java\cn\qqtheme\AnimatorSample\SvgPathParser.java,cn.qqtheme.AnimatorSample.SvgPathParser,"drawArc/10[cn.qqtheme.AnimatorSample.Path,float,float,float,float,float,float,float,int,int]",false,252,1,1,1,0,1,0,2,0,0,10,0,0,0,0,0,0,0,0,0,0,0,0,0,0,0,4,10,0,false
c:\Users\arthur.menezes_evolu\Desktop\Pes\ViewAnimator\sample2\src\main\java\cn\qqtheme\AnimatorSample\PathUtils.java,cn.qqtheme.AnimatorSample.PathUtils$BezierPoint,"BezierPoint/2[float,float]",true,182,0,2,2,0,1,0,4,0,0,2,0,0,0,0,0,0,0,0,0,2,0,0,0,0,0,8,1,0,true
c:\Users\arthur.menezes_evolu\Desktop\Pes\ViewAnimator\sample2\src\main\java\cn\qqtheme\AnimatorSample\WelcomeActivity.java,cn.qqtheme.AnimatorSample.WelcomeActivity$Anonymous1,onStop/0,false,36,2,0,0,0,1,2,5,0,1,0,2,0,0,0,0,0,0,0,0,1,0,0,0,0,0,7,1,0,false
c:\Users\arthur.menezes_evolu\Desktop\Pes\ViewAnimator\sample2\src\main\java\cn\qqtheme\AnimatorSample\SvgPathParser.java,cn.qqtheme.AnimatorSample.SvgPathParser$ParserHelper,skipNumberSeparator/0,false,299,1,2,1,1,6,2,15,1,1,0,2,1,2,1,0,0,0,0,0,1,0,2,0,0,0,7,1,0,false
c:\Users\arthur.menezes_evolu\Desktop\Pes\ViewAnimator\sample2\src\main\java\cn\qqtheme\AnimatorSample\SvgPathParser.java,cn.qqtheme.AnimatorSample.SvgPathParser$ParserHelper,(initializer 1),false,627,0,0,0,0,2,1,5,0,1,0,1,0,0,1,0,0,0,0,2,2,0,1,0,0,0,1,8,0,false
c:\Users\arthur.menezes_evolu\Desktop\Pes\ViewAnimator\sample2\src\main\java\cn\qqtheme\AnimatorSample\SvgPathParser.java,cn.qqtheme.AnimatorSample.SvgPathParser$ParserHelper,advance/0,false,315,1,4,3,1,1,1,3,0,0,0,1,1,1,0,0,0,0,0,0,1,0,0,0,0,0,3,1,0,false
c:\Users\arthur.menezes_evolu\Desktop\Pes\ViewAnimator\sample2\src\main\java\cn\qqtheme\AnimatorSample\SvgPathParser.java,cn.qqtheme.AnimatorSample.SvgPathParser$ParserHelper,read/0,false,274,0,2,2,0,3,1,11,2,0,0,1,0,0,0,1,0,0,0,0,0,0,1,0,0,0,3,2,0,false
c:\Users\arthur.menezes_evolu\Desktop\Pes\ViewAnimator\sample2\src\main\java\cn\qqtheme\AnimatorSample\SvgPathParser.java,cn.qqtheme.AnimatorSample.SvgPathParser$ParserHelper,parseFloat/0,false,322,1,4,1,3,138,3,248,7,8,0,3,3,1,6,2,0,3,0,17,28,9,6,0,0,0,32,1,0,true
c:\Users\arthur.menezes_evolu\Desktop\Pes\ViewAnimator\sample2\src\main\java\cn\qqtheme\AnimatorSample\SvgPathParser.java,cn.qqtheme.AnimatorSample.SvgPathParser$ParserHelper,nextFloat/0,false,633,1,4,1,3,1,3,6,1,1,0,3,3,4,0,0,0,0,0,0,1,0,0,0,0,0,8,1,0,false
c:\Users\arthur.menezes_evolu\Desktop\Pes\ViewAnimator\sample2\src\main\java\cn\qqtheme\AnimatorSample\SvgPathParser.java,cn.qqtheme.AnimatorSample.SvgPathParser$ParserHelper,"ParserHelper/2[java.lang.CharSequence,int]",true,267,0,1,1,0,1,2,6,0,0,2,2,0,0,0,0,0,0,0,0,4,0,0,0,0,0,8,1,0,false
c:\Users\arthur.menezes_evolu\Desktop\Pes\ViewAnimator\sample2\src\main\java\cn\qqtheme\AnimatorSample\SvgPathParser.java,cn.qqtheme.AnimatorSample.SvgPathParser$ParserHelper,skipWhitespace/0,false,289,1,3,2,1,3,3,10,0,0,0,3,1,2,1,0,0,0,0,0,0,0,2,0,0,0,5,1,0,false
c:\Users\arthur.menezes_evolu\Desktop\Pes\ViewAnimator\sample2\src\main\java\cn\qqtheme\AnimatorSample\SvgPathParser.java,cn.qqtheme.AnimatorSample.SvgPathParser$ParserHelper,getPosition/0,false,285,0,1,1,0,1,0,3,1,0,0,0,0,0,0,0,0,0,0,0,0,0,0,0,0,0,3,1,0,false
c:\Users\arthur.menezes_evolu\Desktop\Pes\ViewAnimator\sample2\src\main\java\cn\qqtheme\AnimatorSample\SvgPathParser.java,cn.qqtheme.AnimatorSample.SvgPathParser$ParserHelper,"buildFloat/2[int,int]",false,600,0,1,1,0,8,0,15,4,0,2,0,0,0,0,2,0,4,0,9,0,3,1,0,0,0,9,9,0,true
c:\Users\arthur.menezes_evolu\Desktop\Pes\ViewAnimator\sample2\src\main\java\cn\qqtheme\AnimatorSample\SvgPathParser.java,cn.qqtheme.AnimatorSample.SvgPathParser$ParserHelper,reportUnexpectedCharacterError/1[char],false,593,0,1,1,0,1,0,3,0,0,1,0,0,0,0,0,0,0,2,0,0,1,0,0,0,0,7,2,0,false
c:\Users\arthur.menezes_evolu\Desktop\Pes\ViewAnimator\viewanimator\src\main\java\com\github\florent37\viewanimator\ViewAnimator.java,com.github.florent37.viewanimator.ViewAnimator,cancel/0,false,157,1,4,3,1,3,2,9,0,0,0,2,1,0,0,2,0,0,0,0,1,0,1,0,0,0,5,1,0,false
c:\Users\arthur.menezes_evolu\Desktop\Pes\ViewAnimator\viewanimator\src\main\java\com\github\florent37\viewanimator\ViewAnimator.java,com.github.florent37.viewanimator.ViewAnimator,createAnimatorSet/0,false,46,4,5,1,4,9,12,48,1,4,0,12,0,0,4,2,0,0,0,0,5,0,3,1,0,0,32,4,0,false
c:\Users\arthur.menezes_evolu\Desktop\Pes\ViewAnimator\viewanimator\src\main\java\com\github\florent37\viewanimator\ViewAnimator.java,com.github.florent37.viewanimator.ViewAnimator,addAnimationBuilder/1[com.github.florent37.viewanimator.View[]],false,122,2,4,3,1,1,1,5,1,1,1,1,0,0,0,0,0,0,0,0,1,0,0,0,0,0,5,1,0,false
c:\Users\arthur.menezes_evolu\Desktop\Pes\ViewAnimator\viewanimator\src\main\java\com\github\florent37\viewanimator\ViewAnimator.java,com.github.florent37.viewanimator.ViewAnimator,animate/1[com.github.florent37.viewanimator.View[]],false,110,3,33,31,2,1,1,4,1,1,1,1,1,1,0,0,0,0,0,0,1,0,0,0,0,0,6,9,0,false
c:\Users\arthur.menezes_evolu\Desktop\Pes\ViewAnimator\viewanimator\src\main\java\com\github\florent37\viewanimator\ViewAnimator.java,com.github.florent37.viewanimator.ViewAnimator,thenAnimate/1[com.github.florent37.viewanimator.View[]],false,115,3,3,1,2,1,1,6,1,1,1,1,1,1,0,0,0,0,0,0,3,0,0,0,0,0,8,1,0,false
c:\Users\arthur.menezes_evolu\Desktop\Pes\ViewAnimator\viewanimator\src\main\java\com\github\florent37\viewanimator\ViewAnimator.java,com.github.florent37.viewanimator.ViewAnimator,startDelay/1[long],false,172,2,1,1,0,1,0,4,1,0,1,0,0,0,0,0,0,0,0,1,1,0,0,0,0,0,5,1,0,false
c:\Users\arthur.menezes_evolu\Desktop\Pes\ViewAnimator\viewanimator\src\main\java\com\github\florent37\viewanimator\ViewAnimator.java,com.github.florent37.viewanimator.ViewAnimator,repeatCount/1[int],false,131,2,1,1,0,1,0,4,1,0,1,0,0,0,0,0,0,0,0,1,1,0,0,0,0,0,13,1,0,true
c:\Users\arthur.menezes_evolu\Desktop\Pes\ViewAnimator\viewanimator\src\main\java\com\github\florent37\viewanimator\ViewAnimator.java,com.github.florent37.viewanimator.ViewAnimator,repeatMode/1[int],false,183,2,1,1,0,1,0,4,1,0,1,0,0,0,0,0,0,0,0,0,1,0,0,0,0,0,4,1,0,false
c:\Users\arthur.menezes_evolu\Desktop\Pes\ViewAnimator\viewanimator\src\main\java\com\github\florent37\viewanimator\ViewAnimator.java,com.github.florent37.viewanimator.ViewAnimator,interpolator/1[com.github.florent37.viewanimator.Interpolator],false,201,2,3,3,0,1,0,4,1,0,1,0,0,0,0,0,0,0,0,0,1,0,0,0,0,0,8,1,0,true
c:\Users\arthur.menezes_evolu\Desktop\Pes\ViewAnimator\viewanimator\src\main\java\com\github\florent37\viewanimator\ViewAnimator.java,com.github.florent37.viewanimator.ViewAnimator,onStop/1[com.github.florent37.viewanimator.AnimationListener.Stop],false,193,2,1,1,0,1,0,4,1,0,1,0,0,0,0,0,0,0,0,0,1,0,0,0,0,0,6,1,0,false
c:\Users\arthur.menezes_evolu\Desktop\Pes\ViewAnimator\viewanimator\src\main\java\com\github\florent37\viewanimator\ViewAnimator.java,com.github.florent37.viewanimator.ViewAnimator,start/0,false,136,2,5,3,2,3,5,21,0,0,0,5,2,1,0,2,0,0,0,0,1,0,2,1,0,0,16,1,0,false
c:\Users\arthur.menezes_evolu\Desktop\Pes\ViewAnimator\viewanimator\src\main\java\com\github\florent37\viewanimator\ViewAnimator.java,com.github.florent37.viewanimator.ViewAnimator,onStart/1[com.github.florent37.viewanimator.AnimationListener.Start],false,188,2,1,1,0,1,0,4,1,0,1,0,0,0,0,0,0,0,0,0,1,0,0,0,0,0,6,1,0,false
c:\Users\arthur.menezes_evolu\Desktop\Pes\ViewAnimator\viewanimator\src\main\java\com\github\florent37\viewanimator\ViewAnimator.java,com.github.florent37.viewanimator.ViewAnimator,duration/1[long],false,167,2,1,1,0,1,0,4,1,0,1,0,0,0,0,0,0,0,0,1,1,0,0,0,0,0,4,1,0,false
c:\Users\arthur.menezes_evolu\Desktop\Pes\ViewAnimator\sample2\src\main\java\cn\qqtheme\AnimatorSample\MainActivity.java,cn.qqtheme.AnimatorSample.MainActivity$Anonymous1,"onClick/2[cn.qqtheme.AnimatorSample.DialogInterface,int]",false,103,1,0,0,0,1,1,3,0,0,2,1,0,0,0,0,0,0,0,0,0,0,0,0,0,0,5,1,0,false
c:\Users\arthur.menezes_evolu\Desktop\Pes\ViewAnimator\sample2\src\main\java\cn\qqtheme\AnimatorSample\MainActivity.java,cn.qqtheme.AnimatorSample.MainActivity$Anonymous2,onStop/0,false,285,0,0,0,0,1,2,4,0,0,0,2,0,0,0,0,0,0,0,2,0,0,0,0,0,0,2,1,0,false
c:\Users\arthur.menezes_evolu\Desktop\Pes\ViewAnimator\viewanimator\src\main\java\com\github\florent37\viewanimator\AnimationBuilder.java,com.github.florent37.viewanimator.AnimationBuilder,height/1[float[]],false,178,3,2,0,2,1,1,9,1,0,1,1,1,3,0,0,0,0,0,0,0,0,0,1,0,0,7,1,0,false
c:\Users\arthur.menezes_evolu\Desktop\Pes\ViewAnimator\viewanimator\src\main\java\com\github\florent37\viewanimator\AnimationBuilder.java,com.github.florent37.viewanimator.AnimationBuilder,thenAnimate/1[com.github.florent37.viewanimator.View[]],false,211,3,1,0,1,1,1,3,1,0,1,1,0,0,0,0,0,0,0,0,0,0,0,0,0,0,5,1,0,false
c:\Users\arthur.menezes_evolu\Desktop\Pes\ViewAnimator\viewanimator\src\main\java\com\github\florent37\viewanimator\AnimationBuilder.java,com.github.florent37.viewanimator.AnimationBuilder,pulse/0,false,325,1,2,0,2,1,2,5,1,0,0,2,2,4,0,0,0,0,0,6,0,0,0,0,0,0,6,1,0,false
c:\Users\arthur.menezes_evolu\Desktop\Pes\ViewAnimator\viewanimator\src\main\java\com\github\florent37\viewanimator\AnimationBuilder.java,com.github.florent37.viewanimator.AnimationBuilder,zoomOut/0,false,413,1,3,0,3,1,3,6,1,0,0,3,3,4,0,0,0,0,0,9,0,0,0,0,0,0,8,1,0,false
c:\Users\arthur.menezes_evolu\Desktop\Pes\ViewAnimator\viewanimator\src\main\java\com\github\florent37\viewanimator\AnimationBuilder.java,com.github.florent37.viewanimator.AnimationBuilder,tada/0,false,377,1,3,0,3,1,3,6,1,0,0,3,3,4,0,0,0,0,0,30,0,0,0,0,0,0,7,1,0,false
c:\Users\arthur.menezes_evolu\Desktop\Pes\ViewAnimator\viewanimator\src\main\java\com\github\florent37\viewanimator\AnimationBuilder.java,com.github.florent37.viewanimator.AnimationBuilder,andAnimate/1[com.github.florent37.viewanimator.View[]],false,207,3,1,0,1,1,1,3,1,0,1,1,0,0,0,0,0,0,0,0,0,0,0,0,0,0,5,1,0,false
c:\Users\arthur.menezes_evolu\Desktop\Pes\ViewAnimator\viewanimator\src\main\java\com\github\florent37\viewanimator\AnimationBuilder.java,com.github.florent37.viewanimator.AnimationBuilder,onStart/1[com.github.florent37.viewanimator.AnimationListener.Start],false,235,3,1,0,1,1,1,4,1,0,1,1,0,0,0,0,0,0,0,0,0,0,0,0,0,0,6,1,0,false
c:\Users\arthur.menezes_evolu\Desktop\Pes\ViewAnimator\viewanimator\src\main\java\com\github\florent37\viewanimator\AnimationBuilder.java,com.github.florent37.viewanimator.AnimationBuilder,scale/1[float[]],false,99,2,2,0,2,1,2,5,1,0,1,2,2,4,0,0,0,0,0,0,0,0,0,0,0,0,5,1,0,false
c:\Users\arthur.menezes_evolu\Desktop\Pes\ViewAnimator\viewanimator\src\main\java\com\github\florent37\viewanimator\AnimationBuilder.java,com.github.florent37.viewanimator.AnimationBuilder,rotation/1[float[]],false,137,2,8,7,1,1,1,3,1,0,1,1,1,3,0,0,0,0,1,0,0,0,0,0,0,0,4,1,0,false
c:\Users\arthur.menezes_evolu\Desktop\Pes\ViewAnimator\viewanimator\src\main\java\com\github\florent37\viewanimator\AnimationBuilder.java,com.github.florent37.viewanimator.AnimationBuilder,accelerate/0,false,259,2,1,0,1,1,1,3,1,0,0,1,0,0,0,0,0,0,0,0,0,0,0,0,0,0,5,1,0,false
c:\Users\arthur.menezes_evolu\Desktop\Pes\ViewAnimator\viewanimator\src\main\java\com\github\florent37\viewanimator\AnimationBuilder.java,com.github.florent37.viewanimator.AnimationBuilder,start/0,false,270,1,2,1,1,1,1,4,1,0,0,1,0,0,0,0,0,0,0,0,0,0,0,0,0,0,4,1,0,true
c:\Users\arthur.menezes_evolu\Desktop\Pes\ViewAnimator\viewanimator\src\main\java\com\github\florent37\viewanimator\AnimationBuilder.java,com.github.florent37.viewanimator.AnimationBuilder,scaleX/1[float[]],false,91,2,11,10,1,1,1,3,1,0,1,1,1,3,0,0,0,0,1,0,0,0,0,0,0,0,5,1,0,false
c:\Users\arthur.menezes_evolu\Desktop\Pes\ViewAnimator\viewanimator\src\main\java\com\github\florent37\viewanimator\AnimationBuilder.java,com.github.florent37.viewanimator.AnimationBuilder,scaleY/1[float[]],false,95,2,11,10,1,1,1,3,1,0,1,1,1,3,0,0,0,0,1,0,0,0,0,0,0,0,5,1,0,false
c:\Users\arthur.menezes_evolu\Desktop\Pes\ViewAnimator\viewanimator\src\main\java\com\github\florent37\viewanimator\AnimationBuilder.java,com.github.florent37.viewanimator.AnimationBuilder,slideBottomIn/0,false,458,1,2,0,2,1,2,5,1,0,0,2,2,4,0,0,0,0,0,4,0,0,0,0,0,0,8,1,0,false
c:\Users\arthur.menezes_evolu\Desktop\Pes\ViewAnimator\viewanimator\src\main\java\com\github\florent37\viewanimator\AnimationBuilder.java,com.github.florent37.viewanimator.AnimationBuilder,flipHorizontal/0,false,317,1,1,0,1,1,1,3,1,0,0,1,1,4,0,0,0,0,0,4,0,0,0,0,0,0,6,1,0,false
c:\Users\arthur.menezes_evolu\Desktop\Pes\ViewAnimator\viewanimator\src\main\java\com\github\florent37\viewanimator\AnimationBuilder.java,com.github.florent37.viewanimator.AnimationBuilder,alpha/1[float[]],false,87,2,16,15,1,1,1,3,1,0,1,1,1,3,0,0,0,0,1,0,0,0,0,0,0,0,4,1,0,false
c:\Users\arthur.menezes_evolu\Desktop\Pes\ViewAnimator\viewanimator\src\main\java\com\github\florent37\viewanimator\AnimationBuilder.java,com.github.florent37.viewanimator.AnimationBuilder,toPx/1[float],false,57,0,1,1,0,1,3,3,1,0,1,3,0,0,0,0,0,0,0,1,0,1,0,0,0,0,3,4,0,false
c:\Users\arthur.menezes_evolu\Desktop\Pes\ViewAnimator\viewanimator\src\main\java\com\github\florent37\viewanimator\AnimationBuilder.java,com.github.florent37.viewanimator.AnimationBuilder,toDp/1[float],false,53,0,0,0,0,1,3,3,1,0,1,3,0,0,0,0,0,0,0,1,0,1,0,0,0,0,3,4,0,false
c:\Users\arthur.menezes_evolu\Desktop\Pes\ViewAnimator\viewanimator\src\main\java\com\github\florent37\viewanimator\AnimationBuilder.java,com.github.florent37.viewanimator.AnimationBuilder,swing/0,false,373,1,1,0,1,1,1,3,1,0,0,1,1,4,0,0,0,0,0,8,0,0,0,0,0,0,4,1,0,false
c:\Users\arthur.menezes_evolu\Desktop\Pes\ViewAnimator\viewanimator\src\main\java\com\github\florent37\viewanimator\AnimationBuilder.java,com.github.florent37.viewanimator.AnimationBuilder,pivotX/1[float],false,105,1,0,0,0,2,1,6,1,0,1,1,0,0,1,0,0,0,0,0,0,0,1,0,0,0,7,1,0,false
c:\Users\arthur.menezes_evolu\Desktop\Pes\ViewAnimator\viewanimator\src\main\java\com\github\florent37\viewanimator\AnimationBuilder.java,com.github.florent37.viewanimator.AnimationBuilder,rubber/0,false,349,1,2,0,2,1,2,5,1,0,0,2,2,4,0,0,0,0,0,10,0,0,0,0,0,0,6,1,0,false
c:\Users\arthur.menezes_evolu\Desktop\Pes\ViewAnimator\viewanimator\src\main\java\com\github\florent37\viewanimator\AnimationBuilder.java,com.github.florent37.viewanimator.AnimationBuilder,flash/0,false,313,1,1,0,1,1,1,3,1,0,0,1,1,4,0,0,0,0,0,5,0,0,0,0,0,0,4,1,0,false
c:\Users\arthur.menezes_evolu\Desktop\Pes\ViewAnimator\viewanimator\src\main\java\com\github\florent37\viewanimator\AnimationBuilder.java,com.github.florent37.viewanimator.AnimationBuilder,dp/0,false,43,1,0,0,0,1,0,4,1,0,0,0,0,0,0,0,0,0,0,0,1,0,0,0,0,0,9,1,0,false
c:\Users\arthur.menezes_evolu\Desktop\Pes\ViewAnimator\viewanimator\src\main\java\com\github\florent37\viewanimator\AnimationBuilder.java,com.github.florent37.viewanimator.AnimationBuilder,wobble/0,false,396,1,2,0,2,2,3,9,1,2,0,3,2,4,1,0,0,1,0,16,2,8,1,0,0,0,11,1,0,false
c:\Users\arthur.menezes_evolu\Desktop\Pes\ViewAnimator\viewanimator\src\main\java\com\github\florent37\viewanimator\AnimationBuilder.java,com.github.florent37.viewanimator.AnimationBuilder,repeatCount/1[int],false,225,3,2,1,1,1,1,4,1,0,1,1,0,0,0,0,0,0,0,1,0,0,0,0,0,0,5,1,0,false
c:\Users\arthur.menezes_evolu\Desktop\Pes\ViewAnimator\viewanimator\src\main\java\com\github\florent37\viewanimator\AnimationBuilder.java,com.github.florent37.viewanimator.AnimationBuilder,fall/0,false,420,1,1,0,1,1,1,4,1,0,0,1,1,4,0,0,0,0,0,4,0,0,0,0,0,0,4,1,0,false
c:\Users\arthur.menezes_evolu\Desktop\Pes\ViewAnimator\viewanimator\src\main\java\com\github\florent37\viewanimator\AnimationBuilder.java,com.github.florent37.viewanimator.AnimationBuilder,slideTopIn/0,false,452,1,2,0,2,1,2,5,1,0,0,2,2,4,0,0,0,0,0,4,0,0,0,0,0,0,8,1,0,false
c:\Users\arthur.menezes_evolu\Desktop\Pes\ViewAnimator\viewanimator\src\main\java\com\github\florent37\viewanimator\AnimationBuilder.java,com.github.florent37.viewanimator.AnimationBuilder,slideRightIn/0,false,446,1,2,0,2,1,2,5,1,0,0,2,2,4,0,0,0,0,0,4,0,0,0,0,0,0,8,1,0,false
c:\Users\arthur.menezes_evolu\Desktop\Pes\ViewAnimator\viewanimator\src\main\java\com\github\florent37\viewanimator\AnimationBuilder.java,com.github.florent37.viewanimator.AnimationBuilder,getValues/1[float[]],false,61,2,5,4,1,3,1,10,2,2,1,1,1,1,1,0,0,0,0,1,3,0,1,0,0,0,12,4,0,false
c:\Users\arthur.menezes_evolu\Desktop\Pes\ViewAnimator\viewanimator\src\main\java\com\github\florent37\viewanimator\AnimationBuilder.java,com.github.florent37.viewanimator.AnimationBuilder,bounceIn/0,false,291,1,3,0,3,1,3,6,1,0,0,3,3,4,0,0,0,0,0,12,0,0,0,0,0,0,8,1,0,false
c:\Users\arthur.menezes_evolu\Desktop\Pes\ViewAnimator\viewanimator\src\main\java\com\github\florent37\viewanimator\AnimationBuilder.java,com.github.florent37.viewanimator.AnimationBuilder,fadeOut/0,false,309,1,2,1,1,1,1,3,1,0,0,1,1,4,0,0,0,0,0,5,0,0,0,0,0,0,5,1,0,false
c:\Users\arthur.menezes_evolu\Desktop\Pes\ViewAnimator\viewanimator\src\main\java\com\github\florent37\viewanimator\AnimationBuilder.java,com.github.florent37.viewanimator.AnimationBuilder,add/1[com.github.florent37.viewanimator.Animator],false,48,2,1,1,0,1,1,4,1,0,1,1,0,0,0,0,0,0,0,0,0,0,0,0,0,0,5,4,0,false
c:\Users\arthur.menezes_evolu\Desktop\Pes\ViewAnimator\viewanimator\src\main\java\com\github\florent37\viewanimator\AnimationBuilder.java,com.github.florent37.viewanimator.AnimationBuilder,rollIn/0,false,331,1,3,0,3,2,6,8,1,0,0,6,3,4,1,0,0,1,0,5,0,1,1,0,0,0,11,1,0,false
c:\Users\arthur.menezes_evolu\Desktop\Pes\ViewAnimator\viewanimator\src\main\java\com\github\florent37\viewanimator\AnimationBuilder.java,com.github.florent37.viewanimator.AnimationBuilder,translationX/1[float[]],false,83,2,7,6,1,1,1,3,1,0,1,1,1,3,0,0,0,0,1,0,0,0,0,0,0,0,6,1,0,false
c:\Users\arthur.menezes_evolu\Desktop\Pes\ViewAnimator\viewanimator\src\main\java\com\github\florent37\viewanimator\AnimationBuilder.java,com.github.florent37.viewanimator.AnimationBuilder,translationY/1[float[]],false,79,2,4,3,1,1,1,3,1,0,1,1,1,3,0,0,0,0,1,0,0,0,0,0,0,0,6,1,0,false
c:\Users\arthur.menezes_evolu\Desktop\Pes\ViewAnimator\viewanimator\src\main\java\com\github\florent37\viewanimator\AnimationBuilder.java,com.github.florent37.viewanimator.AnimationBuilder,"AnimationBuilder/2[com.github.florent37.viewanimator.ViewAnimator,com.github.florent37.viewanimator.View[]]",true,38,2,1,1,0,1,0,4,0,0,2,0,0,0,0,0,0,0,0,0,2,0,0,0,0,0,6,1,0,false
c:\Users\arthur.menezes_evolu\Desktop\Pes\ViewAnimator\viewanimator\src\main\java\com\github\florent37\viewanimator\AnimationBuilder.java,com.github.florent37.viewanimator.AnimationBuilder,textColor/1[int[]],false,150,6,0,0,0,3,3,11,1,2,1,3,0,0,1,0,0,0,1,0,2,0,2,0,0,0,14,1,0,false
c:\Users\arthur.menezes_evolu\Desktop\Pes\ViewAnimator\viewanimator\src\main\java\com\github\florent37\viewanimator\AnimationBuilder.java,com.github.florent37.viewanimator.AnimationBuilder,pivotY/1[float],false,112,1,0,0,0,2,1,6,1,0,1,1,0,0,1,0,0,0,0,0,0,0,1,0,0,0,7,1,0,false
c:\Users\arthur.menezes_evolu\Desktop\Pes\ViewAnimator\viewanimator\src\main\java\com\github\florent37\viewanimator\AnimationBuilder.java,com.github.florent37.viewanimator.AnimationBuilder,getView/0,false,279,1,3,3,0,1,0,3,1,0,0,0,0,0,0,0,0,0,0,1,0,0,0,0,0,0,2,1,0,false
c:\Users\arthur.menezes_evolu\Desktop\Pes\ViewAnimator\viewanimator\src\main\java\com\github\florent37\viewanimator\AnimationBuilder.java,com.github.florent37.viewanimator.AnimationBuilder,bounceOut/0,false,298,1,3,0,3,1,3,6,1,0,0,3,3,4,0,0,0,0,0,12,0,0,0,0,0,0,8,1,0,false
c:\Users\arthur.menezes_evolu\Desktop\Pes\ViewAnimator\viewanimator\src\main\java\com\github\florent37\viewanimator\AnimationBuilder.java,com.github.florent37.viewanimator.AnimationBuilder,fadeIn/0,false,305,1,1,0,1,1,1,3,1,0,0,1,1,4,0,0,0,0,0,5,0,0,0,0,0,0,5,1,0,false
c:\Users\arthur.menezes_evolu\Desktop\Pes\ViewAnimator\viewanimator\src\main\java\com\github\florent37\viewanimator\AnimationBuilder.java,com.github.florent37.viewanimator.AnimationBuilder,width/1[float[]],false,188,3,2,0,2,1,1,9,1,0,1,1,1,3,0,0,0,0,0,0,0,0,0,1,0,0,7,1,0,false
c:\Users\arthur.menezes_evolu\Desktop\Pes\ViewAnimator\viewanimator\src\main\java\com\github\florent37\viewanimator\AnimationBuilder.java,com.github.florent37.viewanimator.AnimationBuilder,decelerate/0,false,263,2,1,0,1,1,1,3,1,0,0,1,0,0,0,0,0,0,0,0,0,0,0,0,0,0,5,1,0,false
c:\Users\arthur.menezes_evolu\Desktop\Pes\ViewAnimator\viewanimator\src\main\java\com\github\florent37\viewanimator\AnimationBuilder.java,com.github.florent37.viewanimator.AnimationBuilder,"property/2[java.lang.String,float[]]",false,72,2,9,8,1,2,3,6,1,0,2,3,1,2,1,0,0,0,0,0,0,0,1,0,0,0,7,1,0,false
c:\Users\arthur.menezes_evolu\Desktop\Pes\ViewAnimator\viewanimator\src\main\java\com\github\florent37\viewanimator\AnimationBuilder.java,com.github.florent37.viewanimator.AnimationBuilder,backgroundColor/1[int[]],false,141,4,0,0,0,2,3,8,1,1,1,3,0,0,1,0,0,0,1,0,1,0,1,0,0,0,13,1,0,false
c:\Users\arthur.menezes_evolu\Desktop\Pes\ViewAnimator\viewanimator\src\main\java\com\github\florent37\viewanimator\AnimationBuilder.java,com.github.florent37.viewanimator.AnimationBuilder,rollOut/0,false,340,1,3,0,3,2,4,8,1,0,0,4,3,4,1,0,0,0,0,5,0,0,1,0,0,0,11,1,0,false
c:\Users\arthur.menezes_evolu\Desktop\Pes\ViewAnimator\viewanimator\src\main\java\com\github\florent37\viewanimator\AnimationBuilder.java,com.github.florent37.viewanimator.AnimationBuilder,singleInterpolator/1[com.github.florent37.viewanimator.Interpolator],false,250,2,0,0,0,1,0,4,1,0,1,0,0,0,0,0,0,0,0,0,1,0,0,0,0,0,5,1,0,false
c:\Users\arthur.menezes_evolu\Desktop\Pes\ViewAnimator\viewanimator\src\main\java\com\github\florent37\viewanimator\AnimationBuilder.java,com.github.florent37.viewanimator.AnimationBuilder,slit/0,false,432,1,4,0,4,1,4,7,1,0,0,4,4,4,0,0,0,0,0,19,0,0,0,0,0,0,8,1,0,false
c:\Users\arthur.menezes_evolu\Desktop\Pes\ViewAnimator\viewanimator\src\main\java\com\github\florent37\viewanimator\AnimationBuilder.java,com.github.florent37.viewanimator.AnimationBuilder,interpolator/1[com.github.florent37.viewanimator.Interpolator],false,245,3,3,2,1,1,1,4,1,0,1,1,0,0,0,0,0,0,0,0,0,0,0,0,0,0,4,1,0,false
c:\Users\arthur.menezes_evolu\Desktop\Pes\ViewAnimator\viewanimator\src\main\java\com\github\florent37\viewanimator\AnimationBuilder.java,com.github.florent37.viewanimator.AnimationBuilder,shake/0,false,355,2,2,0,2,1,2,5,1,0,0,2,2,4,0,0,0,0,0,11,0,0,0,0,0,0,8,1,0,false
c:\Users\arthur.menezes_evolu\Desktop\Pes\ViewAnimator\viewanimator\src\main\java\com\github\florent37\viewanimator\AnimationBuilder.java,com.github.florent37.viewanimator.AnimationBuilder,slideLeftIn/0,false,440,1,2,0,2,1,2,5,1,0,0,2,2,4,0,0,0,0,0,4,0,0,0,0,0,0,8,1,0,false
c:\Users\arthur.menezes_evolu\Desktop\Pes\ViewAnimator\viewanimator\src\main\java\com\github\florent37\viewanimator\AnimationBuilder.java,com.github.florent37.viewanimator.AnimationBuilder,startDelay/1[long],false,220,3,1,0,1,1,1,4,1,0,1,1,0,0,0,0,0,0,0,1,0,0,0,0,0,0,5,1,0,false
c:\Users\arthur.menezes_evolu\Desktop\Pes\ViewAnimator\viewanimator\src\main\java\com\github\florent37\viewanimator\AnimationBuilder.java,com.github.florent37.viewanimator.AnimationBuilder,wave/0,false,384,1,3,0,3,2,8,10,1,2,0,8,3,5,1,0,0,1,0,6,2,4,1,0,0,0,12,1,0,false
c:\Users\arthur.menezes_evolu\Desktop\Pes\ViewAnimator\viewanimator\src\main\java\com\github\florent37\viewanimator\AnimationBuilder.java,com.github.florent37.viewanimator.AnimationBuilder,waitForHeight/0,false,198,1,0,0,0,1,0,4,1,0,0,0,0,0,0,0,0,0,0,0,1,0,0,0,0,0,6,1,0,false
c:\Users\arthur.menezes_evolu\Desktop\Pes\ViewAnimator\viewanimator\src\main\java\com\github\florent37\viewanimator\AnimationBuilder.java,com.github.florent37.viewanimator.AnimationBuilder,repeatMode/1[int],false,230,3,1,0,1,1,1,4,1,0,1,1,0,0,0,0,0,0,0,0,0,0,0,0,0,0,4,1,0,false
c:\Users\arthur.menezes_evolu\Desktop\Pes\ViewAnimator\viewanimator\src\main\java\com\github\florent37\viewanimator\AnimationBuilder.java,com.github.florent37.viewanimator.AnimationBuilder,onStop/1[com.github.florent37.viewanimator.AnimationListener.Stop],false,240,3,1,0,1,1,1,4,1,0,1,1,0,0,0,0,0,0,0,0,0,0,0,0,0,0,6,1,0,false
c:\Users\arthur.menezes_evolu\Desktop\Pes\ViewAnimator\viewanimator\src\main\java\com\github\florent37\viewanimator\AnimationBuilder.java,com.github.florent37.viewanimator.AnimationBuilder,pivotX/1[float[]],false,119,2,4,2,2,1,3,4,1,0,1,3,2,2,0,0,0,0,1,0,0,0,0,0,0,0,6,1,0,false
c:\Users\arthur.menezes_evolu\Desktop\Pes\ViewAnimator\viewanimator\src\main\java\com\github\florent37\viewanimator\AnimationBuilder.java,com.github.florent37.viewanimator.AnimationBuilder,createAnimators/0,false,203,1,1,1,0,1,0,3,1,0,0,0,0,0,0,0,0,0,0,0,0,0,0,0,0,0,4,4,0,false
c:\Users\arthur.menezes_evolu\Desktop\Pes\ViewAnimator\viewanimator\src\main\java\com\github\florent37\viewanimator\AnimationBuilder.java,com.github.florent37.viewanimator.AnimationBuilder,pivotY/1[float[]],false,124,2,4,2,2,1,3,4,1,0,1,3,2,2,0,0,0,0,1,0,0,0,0,0,0,0,6,1,0,false
c:\Users\arthur.menezes_evolu\Desktop\Pes\ViewAnimator\viewanimator\src\main\java\com\github\florent37\viewanimator\AnimationBuilder.java,com.github.florent37.viewanimator.AnimationBuilder,"custom/2[com.github.florent37.viewanimator.AnimationListener.Update,float[]]",false,162,4,5,3,2,3,4,13,1,1,2,4,2,2,1,1,0,0,0,0,1,0,2,1,0,0,19,1,0,false
c:\Users\arthur.menezes_evolu\Desktop\Pes\ViewAnimator\viewanimator\src\main\java\com\github\florent37\viewanimator\AnimationBuilder.java,com.github.florent37.viewanimator.AnimationBuilder,path/1[com.github.florent37.viewanimator.Path],false,464,4,3,1,2,2,2,21,2,1,1,2,1,3,0,1,0,0,0,1,1,0,1,1,0,0,15,1,0,false
c:\Users\arthur.menezes_evolu\Desktop\Pes\ViewAnimator\viewanimator\src\main\java\com\github\florent37\viewanimator\AnimationBuilder.java,com.github.florent37.viewanimator.AnimationBuilder,getSingleInterpolator/0,false,255,1,1,1,0,1,0,3,1,0,0,0,0,0,0,0,0,0,0,0,0,0,0,0,0,0,4,1,0,false
c:\Users\arthur.menezes_evolu\Desktop\Pes\ViewAnimator\viewanimator\src\main\java\com\github\florent37\viewanimator\AnimationBuilder.java,com.github.florent37.viewanimator.AnimationBuilder,duration/1[long],false,215,3,2,1,1,1,1,4,1,0,1,1,0,0,0,0,0,0,0,1,0,0,0,0,0,0,4,1,0,false
c:\Users\arthur.menezes_evolu\Desktop\Pes\ViewAnimator\viewanimator\src\main\java\com\github\florent37\viewanimator\AnimationBuilder.java,com.github.florent37.viewanimator.AnimationBuilder,isWaitForHeight/0,false,283,0,1,1,0,1,0,3,1,0,0,0,0,0,0,0,0,0,0,0,0,0,0,0,0,0,5,1,0,false
c:\Users\arthur.menezes_evolu\Desktop\Pes\ViewAnimator\viewanimator\src\main\java\com\github\florent37\viewanimator\AnimationBuilder.java,com.github.florent37.viewanimator.AnimationBuilder,bounce/0,false,287,1,1,0,1,1,1,3,1,0,0,1,1,4,0,0,0,0,0,7,0,0,0,0,0,0,5,1,0,false
c:\Users\arthur.menezes_evolu\Desktop\Pes\ViewAnimator\viewanimator\src\main\java\com\github\florent37\viewanimator\AnimationBuilder.java,com.github.florent37.viewanimator.AnimationBuilder,zoomIn/0,false,406,1,3,0,3,1,3,6,1,0,0,3,3,4,0,0,0,0,0,6,0,0,0,0,0,0,8,1,0,false
c:\Users\arthur.menezes_evolu\Desktop\Pes\ViewAnimator\viewanimator\src\main\java\com\github\florent37\viewanimator\AnimationBuilder.java,com.github.florent37.viewanimator.AnimationBuilder,getViews/0,false,275,1,0,0,0,1,0,3,1,0,0,0,0,0,0,0,0,0,0,0,0,0,0,0,0,0,3,1,0,false
c:\Users\arthur.menezes_evolu\Desktop\Pes\ViewAnimator\viewanimator\src\main\java\com\github\florent37\viewanimator\AnimationBuilder.java,com.github.florent37.viewanimator.AnimationBuilder,rotationX/1[float[]],false,129,2,3,2,1,1,1,3,1,0,1,1,1,3,0,0,0,0,1,0,0,0,0,0,0,0,5,1,0,false
c:\Users\arthur.menezes_evolu\Desktop\Pes\ViewAnimator\viewanimator\src\main\java\com\github\florent37\viewanimator\AnimationBuilder.java,com.github.florent37.viewanimator.AnimationBuilder,flipVertical/0,false,321,1,1,0,1,1,1,3,1,0,0,1,1,4,0,0,0,0,0,4,0,0,0,0,0,0,6,1,0,false
c:\Users\arthur.menezes_evolu\Desktop\Pes\ViewAnimator\viewanimator\src\main\java\com\github\florent37\viewanimator\AnimationBuilder.java,com.github.florent37.viewanimator.AnimationBuilder,standUp/0,false,361,1,3,0,3,2,8,10,1,2,0,8,3,5,1,0,0,1,0,6,2,4,1,0,0,0,13,1,0,false
c:\Users\arthur.menezes_evolu\Desktop\Pes\ViewAnimator\viewanimator\src\main\java\com\github\florent37\viewanimator\AnimationBuilder.java,com.github.florent37.viewanimator.AnimationBuilder,newsPaper/0,false,425,1,3,0,3,1,3,6,1,0,0,3,3,4,0,0,0,0,0,8,0,0,0,0,0,0,8,1,0,false
c:\Users\arthur.menezes_evolu\Desktop\Pes\ViewAnimator\viewanimator\src\main\java\com\github\florent37\viewanimator\AnimationBuilder.java,com.github.florent37.viewanimator.AnimationBuilder,rotationY/1[float[]],false,133,2,3,2,1,1,1,3,1,0,1,1,1,3,0,0,0,0,1,0,0,0,0,0,0,0,5,1,0,false
c:\Users\arthur.menezes_evolu\Desktop\Pes\ViewAnimator\sample2\src\main\java\cn\qqtheme\AnimatorSample\MainActivity.java,cn.qqtheme.AnimatorSample.MainActivity$Anonymous3,run/0,false,314,0,3,0,3,1,1,8,0,0,0,1,0,0,0,0,0,0,0,0,0,0,0,1,0,0,4,1,0,false
c:\Users\arthur.menezes_evolu\Desktop\Pes\ViewAnimator\viewanimator\src\main\java\com\github\florent37\viewanimator\AnimationListener.java,com.github.florent37.viewanimator.AnimationListener,AnimationListener/0,true,10,0,0,0,0,1,0,2,0,0,0,0,0,0,0,0,0,0,0,0,0,0,0,0,0,0,2,2,0,false
