file,class,type,cbo,cboModified,fanin,fanout,wmc,dit,noc,rfc,lcom,lcom*,tcc,lcc,totalMethodsQty,staticMethodsQty,publicMethodsQty,privateMethodsQty,protectedMethodsQty,defaultMethodsQty,visibleMethodsQty,abstractMethodsQty,finalMethodsQty,synchronizedMethodsQty,totalFieldsQty,staticFieldsQty,publicFieldsQty,privateFieldsQty,protectedFieldsQty,defaultFieldsQty,finalFieldsQty,synchronizedFieldsQty,nosi,loc,returnQty,loopQty,comparisonsQty,tryCatchQty,parenthesizedExpsQty,stringLiteralsQty,numbersQty,assignmentsQty,mathOperationsQty,variablesQty,maxNestedBlocksQty,anonymousClassesQty,innerClassesQty,lambdasQty,uniqueWordsQty,modifiers,logStatementsQty
c:\Users\arthur.menezes_evolu\Desktop\Pes\disunity\disunity-cli\src\main\java\info\ata4\disunity\cli\command\asset\AssetUnpack.java,info.ata4.disunity.cli.command.asset.AssetUnpack,class,8,10,2,8,11,5,0,27,1,0.5,NaN,NaN,2,0,0,1,1,0,1,0,0,0,2,1,0,2,0,0,1,0,8,67,0,1,0,3,0,16,5,24,2,23,4,0,0,0,46,1,0
c:\Users\arthur.menezes_evolu\Desktop\Pes\disunity\disunity-core\src\main\java\info\ata4\junity\serialize\typetree\StringTable.java,info.ata4.junity.serialize.typetree.StringTable,class,3,5,2,3,7,1,0,14,6,0.75,0.0,0.0,4,3,2,2,0,0,2,0,0,0,1,1,0,1,0,0,0,0,2,32,3,1,0,1,1,3,3,9,6,11,2,0,0,2,40,1,0
c:\Users\arthur.menezes_evolu\Desktop\Pes\disunity\disunity-core\src\main\java\info\ata4\junity\progress\Progress.java,info.ata4.junity.progress.Progress,interface,0,3,3,0,1,1,0,0,0,0.0,NaN,NaN,1,0,0,0,0,1,1,0,0,0,0,0,0,0,0,0,0,0,0,3,0,0,0,0,0,0,0,0,0,0,0,0,0,0,6,1,0
c:\Users\arthur.menezes_evolu\Desktop\Pes\disunity\disunity-core\src\main\java\info\ata4\util\lz4\LZ4SafeUtils.java,info.ata4.util.lz4.LZ4SafeUtils,enum,6,8,2,6,35,1,0,7,91,0.0,0.0,0.0,14,14,0,0,0,14,14,0,0,0,0,0,0,0,0,0,0,0,12,128,8,7,6,1,9,3,28,35,33,10,2,0,1,0,76,0,0
c:\Users\arthur.menezes_evolu\Desktop\Pes\disunity\disunity-cli\src\main\java\info\ata4\disunity\cli\command\bundle\BundleRoot.java,info.ata4.disunity.cli.command.bundle.BundleRoot,class,7,8,1,7,1,2,0,2,0,0.0,NaN,NaN,1,0,1,0,0,0,1,0,0,0,0,0,0,0,0,0,0,0,0,9,0,0,0,0,0,4,0,0,0,0,0,0,0,0,18,1,0
c:\Users\arthur.menezes_evolu\Desktop\Pes\disunity\disunity-core\src\main\java\info\ata4\junity\serialize\objectinfo\ObjectInfoTable.java,info.ata4.junity.serialize.objectinfo.ObjectInfoTable,class,2,7,5,2,3,2,0,1,1,0.33333334,0.0,0.0,3,0,3,0,0,0,3,0,0,0,1,0,0,0,1,0,0,0,1,12,1,0,0,0,0,0,0,2,0,1,0,0,0,0,10,1025,0
c:\Users\arthur.menezes_evolu\Desktop\Pes\disunity\disunity-core\src\main\java\info\ata4\util\lz4\ByteBufferUtils.java,info.ata4.util.lz4.ByteBufferUtils,enum,2,5,3,2,27,1,0,14,105,0.0,0.0,0.0,15,15,15,0,0,0,15,0,0,0,0,0,0,0,0,0,0,0,3,71,10,0,6,0,4,0,9,0,6,0,1,0,0,0,36,1,0
c:\Users\arthur.menezes_evolu\Desktop\Pes\disunity\disunity-core\src\main\java\info\ata4\junity\serialize\typetree\TypeTreeV1.java,info.ata4.junity.serialize.typetree.TypeTreeV1,class,8,11,3,8,11,3,0,18,10,0.0,0.0,0.0,5,0,3,2,0,0,3,0,0,0,0,0,0,0,0,0,0,0,0,52,1,4,0,0,0,0,4,15,0,14,1,0,0,0,37,1,0
c:\Users\arthur.menezes_evolu\Desktop\Pes\disunity\disunity-core\src\main\java\info\ata4\junity\serialize\typetree\TypeTreeV2.java,info.ata4.junity.serialize.typetree.TypeTreeV2,class,5,7,2,5,7,4,0,8,0,0.42857143,0.0,0.0,7,0,7,0,0,0,7,0,0,0,2,0,0,0,2,0,0,0,1,31,2,0,0,0,0,0,2,5,0,2,0,0,0,0,23,1,0
c:\Users\arthur.menezes_evolu\Desktop\Pes\disunity\disunity-core\src\main\java\info\ata4\junity\serialize\typetree\TypeTreeV3.java,info.ata4.junity.serialize.typetree.TypeTreeV3,class,15,17,2,15,24,5,0,57,15,0.0,0.0,0.0,6,0,3,3,0,0,3,0,0,0,0,0,0,0,0,0,0,0,3,133,3,8,3,0,0,2,10,35,5,32,3,0,0,3,72,1,0
c:\Users\arthur.menezes_evolu\Desktop\Pes\disunity\disunity-core\src\main\java\info\ata4\junity\serialize\objectidentifier\ObjectIdentifierTable.java,info.ata4.junity.serialize.objectidentifier.ObjectIdentifierTable,class,4,5,1,4,3,3,0,3,3,0.0,0.0,0.0,3,0,3,0,0,0,3,0,0,0,0,0,0,0,0,0,0,0,0,13,0,0,0,0,0,0,2,0,0,0,0,0,0,0,16,1,0
c:\Users\arthur.menezes_evolu\Desktop\Pes\disunity\disunity-core\src\main\java\info\ata4\util\lz4\LZ4FastDecompressor.java,info.ata4.util.lz4.LZ4FastDecompressor,class,2,5,3,2,8,1,1,10,28,0.0,0.0,0.0,8,0,8,0,0,0,8,2,5,0,0,0,0,0,0,0,0,0,0,26,5,0,0,0,0,0,4,2,1,2,0,0,0,0,75,1025,0
c:\Users\arthur.menezes_evolu\Desktop\Pes\disunity\disunity-core\src\main\java\info\ata4\disunity\DisUnity.java,info.ata4.disunity.DisUnity,class,1,4,3,1,5,1,0,2,10,0.0,0.0,0.0,5,4,4,1,0,0,4,0,0,0,0,0,0,0,0,0,0,0,2,16,4,0,0,0,0,4,0,0,1,0,0,0,0,0,11,1,0
c:\Users\arthur.menezes_evolu\Desktop\Pes\disunity\disunity-core\src\main\java\info\ata4\junity\serialize\fileidentifier\FileIdentifierTable.java,info.ata4.junity.serialize.fileidentifier.FileIdentifierTable,class,2,4,2,2,1,3,0,0,0,0.0,NaN,NaN,1,0,1,0,0,0,1,0,0,0,0,0,0,0,0,0,0,0,0,5,0,0,0,0,0,0,0,0,0,0,0,0,0,0,8,1,0
c:\Users\arthur.menezes_evolu\Desktop\Pes\disunity\disunity-cli\src\main\java\info\ata4\disunity\cli\command\asset\AssetBlocks.java,info.ata4.disunity.cli.command.asset.AssetBlocks,class,8,9,1,8,1,6,0,20,0,0.0,NaN,NaN,1,0,0,0,1,0,1,0,0,0,0,0,0,0,0,0,0,0,1,21,1,0,0,0,0,10,1,5,0,8,1,0,0,2,26,1,0
c:\Users\arthur.menezes_evolu\Desktop\Pes\disunity\disunity-cli\src\main\java\info\ata4\disunity\cli\command\bundle\BundleCommand.java,info.ata4.disunity.cli.command.bundle.BundleCommand,class,5,8,3,5,4,4,2,5,3,0.6666667,0.0,0.0,3,0,0,0,3,0,3,1,0,0,1,1,0,1,0,0,1,0,1,16,1,0,0,1,0,1,0,3,1,3,1,0,0,0,22,1025,0
c:\Users\arthur.menezes_evolu\Desktop\Pes\disunity\disunity-cli\src\main\java\info\ata4\disunity\cli\util\TableBuilder.java,info.ata4.disunity.cli.util.TableBuilder,class,3,11,8,3,7,1,0,11,0,0.0,0.0,0.0,3,0,3,0,0,0,3,0,0,0,1,0,0,1,0,0,1,0,0,26,4,2,0,0,0,0,6,8,3,8,1,0,0,0,16,1,0
c:\Users\arthur.menezes_evolu\Desktop\Pes\disunity\disunity-core\src\main\java\info\ata4\junity\serialize\objectinfo\ObjectInfo.java,info.ata4.junity.serialize.objectinfo.ObjectInfo,class,1,10,9,1,10,1,2,0,24,0.75,0.0,0.0,9,0,9,0,0,0,9,0,0,0,4,0,0,0,4,0,0,0,0,33,5,0,0,0,0,0,1,4,0,4,0,0,0,0,17,1025,0
c:\Users\arthur.menezes_evolu\Desktop\Pes\disunity\disunity-core\src\main\java\info\ata4\junity\serialize\fileidentifier\FileIdentifier.java,info.ata4.junity.serialize.fileidentifier.FileIdentifier,class,2,4,2,2,6,1,1,2,9,0.6666667,0.0,0.0,6,0,6,0,0,0,6,0,0,0,3,0,0,0,3,0,1,0,0,23,3,0,0,0,0,0,0,3,0,3,0,0,0,0,15,1025,0
c:\Users\arthur.menezes_evolu\Desktop\Pes\disunity\disunity-core\src\main\java\info\ata4\util\lz4\LZ4ByteBufferUtils.java,info.ata4.util.lz4.LZ4ByteBufferUtils$Match,innerclass,0,0,0,0,2,1,0,0,0,0.16666667,0.0,0.0,2,0,0,0,0,2,2,0,0,0,1,0,0,0,0,1,0,0,0,11,1,0,0,0,0,0,0,3,1,3,0,0,0,0,7,8,0
c:\Users\arthur.menezes_evolu\Desktop\Pes\disunity\disunity-cli\src\main\java\info\ata4\disunity\cli\util\TablePrinter.java,info.ata4.disunity.cli.util.TablePrinter,class,5,11,6,5,6,1,2,1,6,0.6,0.0,0.0,5,1,5,0,0,0,5,1,0,0,2,0,0,0,2,0,1,0,0,22,2,0,0,0,0,0,0,2,0,2,1,0,0,0,20,1025,0
c:\Users\arthur.menezes_evolu\Desktop\Pes\disunity\disunity-core\src\main\java\info\ata4\junity\serialize\objectinfo\ObjectInfoV1.java,info.ata4.junity.serialize.objectinfo.ObjectInfoV1,class,3,4,1,3,4,2,0,6,0,0.0,0.0,0.0,4,0,4,0,0,0,4,0,0,0,1,0,0,1,0,0,0,0,0,23,1,0,0,0,0,0,0,6,0,1,0,0,0,0,25,1,0
c:\Users\arthur.menezes_evolu\Desktop\Pes\disunity\disunity-core\src\main\java\info\ata4\junity\serialize\objectinfo\ObjectInfoV2.java,info.ata4.junity.serialize.objectinfo.ObjectInfoV2,class,3,6,3,3,4,2,1,6,0,0.0,0.0,0.0,4,0,4,0,0,0,4,0,0,0,1,0,0,1,0,0,0,0,0,23,1,0,0,0,0,0,0,6,0,1,0,0,0,0,25,1,0
c:\Users\arthur.menezes_evolu\Desktop\Pes\disunity\disunity-cli\src\main\java\info\ata4\disunity\cli\command\DisUnityRoot.java,info.ata4.disunity.cli.command.DisUnityRoot,class,6,7,1,6,4,2,0,5,1,0.5,0.0,0.0,2,0,2,0,0,0,2,0,0,0,2,0,0,2,0,0,0,0,0,19,1,0,0,0,0,8,0,0,0,2,1,0,0,0,25,1,0
c:\Users\arthur.menezes_evolu\Desktop\Pes\disunity\disunity-core\src\main\java\info\ata4\junity\serialize\objectinfo\ObjectInfoV3.java,info.ata4.junity.serialize.objectinfo.ObjectInfoV3,class,3,5,2,3,4,3,0,4,0,0.0,0.0,0.0,4,0,4,0,0,0,4,0,0,0,1,0,0,1,0,0,0,0,0,17,1,0,0,0,0,0,0,2,0,1,0,0,0,0,21,1,0
c:\Users\arthur.menezes_evolu\Desktop\Pes\disunity\disunity-cli\src\main\java\info\ata4\disunity\cli\command\bundle\BundleUnpack.java,info.ata4.disunity.cli.command.bundle.BundleUnpack,class,10,11,1,10,10,3,0,29,0,0.0,NaN,NaN,1,0,0,0,1,0,1,0,0,0,4,1,0,4,0,0,1,0,7,48,0,0,6,2,0,13,2,12,3,14,4,0,0,2,43,1,0
c:\Users\arthur.menezes_evolu\Desktop\Pes\disunity\disunity-core\src\main\java\info\ata4\util\lz4\Utils.java,info.ata4.util.lz4.Utils,enum,0,0,0,0,2,1,0,3,0,0.5,0.0,0.0,1,1,1,0,0,0,2,0,0,0,2,2,1,1,0,0,2,0,2,10,1,0,0,0,0,5,0,3,0,3,0,0,0,0,22,1,0
c:\Users\arthur.menezes_evolu\Desktop\Pes\disunity\disunity-cli\src\main\java\info\ata4\disunity\cli\command\bundle\BundleProps.java,info.ata4.disunity.cli.command.bundle.BundleProps,class,8,11,3,8,2,1,0,30,0,0.0,0.0,0.0,2,2,0,0,0,2,2,0,0,0,6,1,0,1,0,5,1,0,4,38,0,0,0,2,0,1,0,15,0,17,1,0,0,2,44,0,0
c:\Users\arthur.menezes_evolu\Desktop\Pes\disunity\disunity-cli\src\main\java\info\ata4\disunity\cli\command\asset\AssetCommand.java,info.ata4.disunity.cli.command.asset.AssetCommand,class,10,14,4,10,5,4,3,15,1,0.5,0.0,0.0,2,0,0,0,2,0,2,1,0,0,1,1,0,1,0,0,1,0,5,30,0,0,0,3,0,2,0,7,2,8,4,0,0,1,28,1025,0
c:\Users\arthur.menezes_evolu\Desktop\Pes\disunity\disunity-cli\src\main\java\info\ata4\disunity\cli\command\RecursiveFileCommand.java,info.ata4.disunity.cli.command.RecursiveFileCommand,class,3,6,3,3,8,3,2,10,10,0.8,0.0,0.0,5,0,0,0,5,0,5,1,0,0,3,1,0,3,0,0,1,0,3,28,3,0,0,1,0,7,1,3,1,3,2,0,0,0,35,1025,0
c:\Users\arthur.menezes_evolu\Desktop\Pes\disunity\disunity-core\src\main\java\info\ata4\util\function\Predicates.java,info.ata4.util.function.Predicates,class,1,2,1,1,2,1,0,1,1,0.0,NaN,NaN,2,1,1,1,0,0,1,0,0,0,0,0,0,0,0,0,0,0,0,7,1,0,0,0,0,0,0,0,0,0,0,0,0,0,9,1,0
c:\Users\arthur.menezes_evolu\Desktop\Pes\disunity\disunity-cli\src\main\java\info\ata4\disunity\cli\command\asset\AssetTableCommand.java,info.ata4.disunity.cli.command.asset.AssetTableCommand,class,8,14,6,8,2,5,5,6,1,0.5,0.0,0.0,2,0,0,0,2,0,2,1,0,0,1,0,0,1,0,0,1,0,1,9,0,0,0,0,0,0,0,2,0,2,0,0,0,0,19,1025,0
c:\Users\arthur.menezes_evolu\Desktop\Pes\disunity\disunity-core\src\main\java\info\ata4\junity\serialize\SerializedFileWriter.java,info.ata4.junity.serialize.SerializedFileWriter,class,8,10,2,8,12,1,0,41,0,0.49999994,0.0,0.0,6,0,3,3,0,0,3,0,0,0,5,3,0,5,0,0,4,0,2,86,0,1,0,0,1,3,13,21,5,17,2,0,0,0,44,1,0
c:\Users\arthur.menezes_evolu\Desktop\Pes\disunity\disunity-core\src\main\java\info\ata4\junity\UnityStruct.java,info.ata4.junity.UnityStruct,class,2,11,9,2,4,1,0,1,0,0.0,0.0,0.0,3,0,2,0,1,0,3,0,0,0,1,0,0,0,1,0,1,0,0,17,2,0,0,1,0,0,0,1,0,1,1,0,0,0,16,1025,0
c:\Users\arthur.menezes_evolu\Desktop\Pes\disunity\disunity-core\src\main\java\info\ata4\junity\serialize\SerializedObjectData.java,info.ata4.junity.serialize.SerializedObjectData,class,3,7,4,3,8,1,0,0,20,0.75,0.0,0.0,8,0,8,0,0,0,8,0,0,0,4,0,0,4,0,0,1,0,0,30,4,0,0,0,0,0,0,4,0,4,0,0,0,0,14,1,0
c:\Users\arthur.menezes_evolu\Desktop\Pes\disunity\disunity-cli\src\main\java\info\ata4\disunity\cli\command\asset\AssetRoot.java,info.ata4.disunity.cli.command.asset.AssetRoot,class,10,11,1,10,1,2,0,2,0,0.0,NaN,NaN,1,0,1,0,0,0,1,0,0,0,0,0,0,0,0,0,0,0,0,12,0,0,0,0,0,7,0,0,0,0,0,0,0,0,24,1,0
c:\Users\arthur.menezes_evolu\Desktop\Pes\disunity\disunity-core\src\main\java\info\ata4\util\lz4\LZ4ByteBufferUtils.java,info.ata4.util.lz4.LZ4ByteBufferUtils,enum,5,7,2,5,43,1,0,20,78,0.0,0.0,0.0,13,13,0,0,0,13,13,0,0,0,0,0,0,0,0,0,0,0,27,181,9,9,5,1,10,3,47,45,37,13,3,0,1,0,91,0,0
c:\Users\arthur.menezes_evolu\Desktop\Pes\disunity\disunity-cli\src\main\java\info\ata4\disunity\cli\command\asset\AssetTypes.java,info.ata4.disunity.cli.command.asset.AssetTypes,class,17,19,2,17,11,5,0,35,10,0.8,NaN,NaN,5,0,0,4,1,0,1,0,0,0,1,0,0,1,0,0,1,0,0,69,2,0,2,0,0,14,2,10,1,16,3,0,0,4,41,1,0
c:\Users\arthur.menezes_evolu\Desktop\Pes\disunity\disunity-core\src\main\java\info\ata4\junity\bundle\BundleWriter.java,info.ata4.junity.bundle.BundleWriter,class,10,12,2,10,12,1,0,53,0,0.3125,0.0,0.0,4,0,3,1,0,0,3,0,0,0,4,0,0,4,0,0,3,0,5,92,2,4,3,3,0,3,11,21,5,23,2,0,0,2,47,1,0
c:\Users\arthur.menezes_evolu\Desktop\Pes\disunity\disunity-core\src\main\java\info\ata4\junity\bundle\BundleReader.java,info.ata4.junity.bundle.BundleReader,class,14,19,5,14,22,1,0,36,0,0.5,0.0,0.0,6,0,3,3,0,0,3,0,0,0,4,0,0,4,0,0,1,0,2,115,4,3,3,0,0,2,12,30,3,28,2,0,0,2,56,1,0
c:\Users\arthur.menezes_evolu\Desktop\Pes\disunity\disunity-core\src\main\java\info\ata4\util\lz4\LZ4Exception.java,info.ata4.util.lz4.LZ4Exception,class,0,3,3,0,3,4,0,0,3,1.0,0.0,0.0,3,0,3,0,0,0,3,0,0,0,1,1,0,1,0,0,1,0,0,12,0,0,0,0,0,0,1,1,0,1,0,0,0,0,16,1,0
c:\Users\arthur.menezes_evolu\Desktop\Pes\disunity\disunity-core\src\main\java\info\ata4\junity\bundle\BundleExternalEntry.java,info.ata4.junity.bundle.BundleExternalEntry,class,1,2,1,1,5,2,0,4,0,0.0,0.0,0.0,4,0,4,0,0,0,4,0,0,0,1,0,0,1,0,0,1,0,2,20,4,0,0,1,0,0,1,1,0,1,1,0,0,0,17,1,0
c:\Users\arthur.menezes_evolu\Desktop\Pes\disunity\disunity-core\src\main\java\info\ata4\util\lz4\LZ4Utils.java,info.ata4.util.lz4.LZ4Utils,enum,1,3,2,1,7,1,0,0,10,0.8,0.0,0.0,5,5,0,0,0,5,5,0,0,0,1,1,0,1,0,0,1,0,0,36,4,0,0,0,9,2,10,4,17,1,1,0,1,0,41,0,0
c:\Users\arthur.menezes_evolu\Desktop\Pes\disunity\disunity-cli\src\main\java\info\ata4\disunity\cli\command\bundle\BundlePack.java,info.ata4.disunity.cli.command.bundle.BundlePack,class,7,8,1,7,3,3,0,7,0,0.0,NaN,NaN,1,0,0,0,1,0,1,0,0,0,2,1,0,2,0,0,1,0,1,18,0,0,1,1,0,6,0,5,2,5,1,0,0,0,30,1,0
c:\Users\arthur.menezes_evolu\Desktop\Pes\disunity\disunity-core\src\main\java\info\ata4\junity\serialize\fileidentifier\FileIdentifierV1.java,info.ata4.junity.serialize.fileidentifier.FileIdentifierV1,class,3,5,2,3,2,2,1,6,1,0.0,0.0,0.0,2,0,2,0,0,0,2,0,0,0,0,0,0,0,0,0,0,0,0,12,0,0,0,0,0,0,0,2,0,0,0,0,0,0,20,1,0
c:\Users\arthur.menezes_evolu\Desktop\Pes\disunity\disunity-core\src\main\java\info\ata4\junity\serialize\fileidentifier\FileIdentifierV2.java,info.ata4.junity.serialize.fileidentifier.FileIdentifierV2,class,3,5,2,3,4,3,0,4,0,0.0,0.0,0.0,4,0,4,0,0,0,4,0,0,0,1,0,0,1,0,0,0,0,0,17,1,0,0,0,0,0,0,2,0,1,0,0,0,0,19,1,0
c:\Users\arthur.menezes_evolu\Desktop\Pes\disunity\disunity-cli\src\main\java\info\ata4\disunity\cli\converters\PathConverter.java,info.ata4.disunity.cli.converters.PathConverter,class,1,4,3,1,1,1,0,1,0,0.0,NaN,NaN,1,0,1,0,0,0,1,0,0,0,0,0,0,0,0,0,0,0,1,5,1,0,0,0,0,0,0,0,0,0,0,0,0,0,7,1,0
c:\Users\arthur.menezes_evolu\Desktop\Pes\disunity\disunity-core\src\main\java\info\ata4\junity\bundle\BundleException.java,info.ata4.junity.bundle.BundleException,class,0,1,1,0,2,4,0,0,1,0.0,0.0,0.0,2,0,2,0,0,0,2,0,0,0,0,0,0,0,0,0,0,0,0,7,0,0,0,0,0,0,0,0,0,0,0,0,0,0,23,1,0
c:\Users\arthur.menezes_evolu\Desktop\Pes\disunity\disunity-cli\src\main\java\info\ata4\disunity\cli\command\asset\AssetObjects.java,info.ata4.disunity.cli.command.asset.AssetObjects,class,16,17,1,16,7,6,0,29,0,0.0,NaN,NaN,1,0,0,0,1,0,1,0,0,0,0,0,0,0,0,0,0,0,0,40,1,0,0,0,2,10,1,11,0,12,2,0,0,1,38,1,0
c:\Users\arthur.menezes_evolu\Desktop\Pes\disunity\disunity-cli\src\main\java\info\ata4\disunity\cli\util\TextTablePrinter.java,info.ata4.disunity.cli.util.TextTablePrinter,class,4,5,1,4,11,2,0,24,1,0.5555556,0.0,0.0,3,0,2,1,0,0,2,0,0,0,3,0,0,3,0,0,3,0,1,44,0,1,6,0,0,3,8,12,4,11,4,0,0,1,26,1,0
c:\Users\arthur.menezes_evolu\Desktop\Pes\disunity\disunity-cli\src\main\java\info\ata4\disunity\cli\command\asset\AssetObjectIDs.java,info.ata4.disunity.cli.command.asset.AssetObjectIDs,class,8,9,1,8,1,6,0,8,0,0.0,NaN,NaN,1,0,0,0,1,0,1,0,0,0,0,0,0,0,0,0,0,0,0,11,1,0,0,0,0,4,0,1,0,2,1,0,0,1,22,1,0
c:\Users\arthur.menezes_evolu\Desktop\Pes\disunity\disunity-core\src\main\java\info\ata4\junity\serialize\SerializedFileReader.java,info.ata4.junity.serialize.SerializedFileReader,class,12,15,3,12,16,1,0,61,0,0.4375,0.0,0.0,8,0,4,4,0,0,4,0,0,0,4,1,0,4,0,0,2,0,5,108,1,2,1,0,0,10,4,34,6,29,3,0,0,0,55,1,1
c:\Users\arthur.menezes_evolu\Desktop\Pes\disunity\disunity-core\src\main\java\info\ata4\junity\serialize\objectinfo\ObjectInfoTableV2.java,info.ata4.junity.serialize.objectinfo.ObjectInfoTableV2,class,6,7,1,6,5,4,0,13,3,0.0,0.0,0.0,3,0,3,0,0,0,3,0,0,0,0,0,0,0,0,0,0,0,0,26,0,2,0,0,0,0,3,7,0,7,1,0,0,0,28,1,0
c:\Users\arthur.menezes_evolu\Desktop\Pes\disunity\disunity-core\src\main\java\info\ata4\junity\serialize\objectinfo\ObjectInfoTableV1.java,info.ata4.junity.serialize.objectinfo.ObjectInfoTableV1,class,6,8,2,6,5,3,0,12,3,0.0,0.0,0.0,3,0,3,0,0,0,3,0,0,0,0,0,0,0,0,0,0,0,0,24,0,2,0,0,0,0,1,7,0,7,1,0,0,0,28,1,0
c:\Users\arthur.menezes_evolu\Desktop\Pes\disunity\disunity-cli\src\main\java\info\ata4\disunity\cli\util\TableModel.java,info.ata4.disunity.cli.util.TableModel,class,2,14,12,2,7,1,0,0,13,0.71428573,0.0,0.0,7,0,7,0,0,0,7,0,0,0,4,0,0,4,0,0,2,0,0,28,4,0,0,0,0,0,0,6,0,4,0,0,0,0,13,1,0
c:\Users\arthur.menezes_evolu\Desktop\Pes\disunity\disunity-cli\src\main\java\info\ata4\disunity\cli\command\Command.java,info.ata4.disunity.cli.command.Command,class,4,13,9,4,10,1,4,18,0,0.5555555,0.0,0.0,6,0,3,0,3,0,6,0,0,0,3,0,0,2,1,0,1,0,3,43,3,0,1,0,0,0,1,7,0,9,2,0,0,1,25,1025,0
c:\Users\arthur.menezes_evolu\Desktop\Pes\disunity\disunity-core\src\main\java\info\ata4\junity\bundle\BundleEntryInfo.java,info.ata4.junity.bundle.BundleEntryInfo,class,4,12,8,4,9,1,1,5,0,0.5185185,0.0,0.0,9,0,9,0,0,0,9,0,0,0,3,0,0,3,0,0,0,0,0,36,4,0,0,0,0,0,0,6,0,3,0,0,0,0,23,1,0
c:\Users\arthur.menezes_evolu\Desktop\Pes\disunity\disunity-core\src\main\java\info\ata4\junity\serialize\SerializedFileException.java,info.ata4.junity.serialize.SerializedFileException,class,0,1,1,0,2,4,0,0,1,0.0,0.0,0.0,2,0,2,0,0,0,2,0,0,0,0,0,0,0,0,0,0,0,0,7,0,0,0,0,0,0,0,0,0,0,0,0,0,0,21,1,0
c:\Users\arthur.menezes_evolu\Desktop\Pes\disunity\disunity-core\src\main\java\info\ata4\junity\UnityTableStruct.java,info.ata4.junity.UnityTableStruct,class,5,10,5,5,8,2,0,10,9,0.5,0.0,0.0,6,0,4,0,2,0,6,0,0,0,1,0,0,1,0,0,1,0,0,31,2,2,0,0,0,0,1,5,0,5,1,0,0,0,25,1,0
c:\Users\arthur.menezes_evolu\Desktop\Pes\disunity\disunity-cli\src\main\java\info\ata4\disunity\cli\util\TextTableAlignment.java,info.ata4.disunity.cli.util.TextTableAlignment,enum,0,1,1,0,0,1,0,0,0,0.0,-1.0,-1.0,0,0,0,0,0,0,0,0,0,0,0,0,0,0,0,0,0,0,0,1,0,0,0,0,0,0,0,0,0,0,0,0,0,0,11,1,0
c:\Users\arthur.menezes_evolu\Desktop\Pes\disunity\disunity-core\src\main\java\info\ata4\junity\serialize\objectidentifier\ObjectIdentifier.java,info.ata4.junity.serialize.objectidentifier.ObjectIdentifier,class,3,5,2,3,6,1,0,4,0,0.33333334,0.0,0.0,6,0,6,0,0,0,6,0,0,0,2,0,0,2,0,0,0,0,0,24,2,0,0,0,0,0,0,4,0,2,0,0,0,0,23,1,0
c:\Users\arthur.menezes_evolu\Desktop\Pes\disunity\disunity-cli\src\main\java\info\ata4\disunity\cli\DisUnityCli.java,info.ata4.disunity.cli.DisUnityCli,class,3,3,0,3,3,1,0,11,0,0.0,NaN,NaN,1,1,1,0,0,0,1,0,0,0,1,1,0,1,0,0,1,0,1,21,0,0,0,1,0,2,0,4,0,4,1,0,0,0,29,1,0
c:\Users\arthur.menezes_evolu\Desktop\Pes\disunity\disunity-core\src\main\java\info\ata4\util\collection\Node.java,info.ata4.util.collection.Node,class,2,10,8,2,36,1,0,24,0,0.56,0.0,0.0,25,0,24,1,0,0,24,0,0,0,3,0,0,3,0,0,1,0,8,126,21,0,4,0,1,0,3,16,4,16,1,0,0,4,44,1,0
c:\Users\arthur.menezes_evolu\Desktop\Pes\disunity\disunity-core\src\main\java\info\ata4\junity\serialize\typetree\TypeV2.java,info.ata4.junity.serialize.typetree.TypeV2,class,3,5,2,3,8,3,0,8,0,0.5,0.0,0.0,8,0,8,0,0,0,8,0,0,0,3,0,0,0,3,0,0,0,0,43,3,0,0,0,0,0,0,11,0,3,0,0,0,0,28,1,0
c:\Users\arthur.menezes_evolu\Desktop\Pes\disunity\disunity-core\src\main\java\info\ata4\junity\serialize\typetree\TypeV1.java,info.ata4.junity.serialize.typetree.TypeV1,class,3,5,2,3,4,2,1,4,1,0.0,0.0,0.0,2,0,2,0,0,0,2,0,0,0,0,0,0,0,0,0,0,0,0,20,0,0,1,0,0,0,5,7,0,0,0,0,0,0,24,1,0
c:\Users\arthur.menezes_evolu\Desktop\Pes\disunity\disunity-core\src\main\java\info\ata4\junity\serialize\typetree\TypeTree.java,info.ata4.junity.serialize.typetree.TypeTree,class,3,9,6,3,5,2,0,1,6,0.6,0.0,0.0,5,0,5,0,0,0,5,0,0,0,2,0,0,0,2,0,0,0,1,19,2,0,0,0,0,0,0,3,0,2,0,0,0,0,20,1025,0
c:\Users\arthur.menezes_evolu\Desktop\Pes\disunity\disunity-core\src\main\java\info\ata4\junity\serialize\SerializedFileHeader.java,info.ata4.junity.serialize.SerializedFileHeader,class,4,9,5,4,14,1,0,8,14,0.6944444,0.0,0.0,12,0,12,0,0,0,12,0,0,0,6,0,0,6,0,0,1,0,0,58,5,0,0,0,0,0,3,11,0,6,1,0,0,0,25,1,0
c:\Users\arthur.menezes_evolu\Desktop\Pes\disunity\disunity-core\src\main\java\info\ata4\util\function\IOFunction.java,info.ata4.util.function.IOFunction,interface,3,5,2,3,3,1,0,1,1,0.0,0.0,0.0,2,1,1,0,0,1,2,0,0,0,0,0,0,0,0,0,0,0,0,14,2,0,0,1,0,0,0,0,0,1,2,0,0,1,21,1,0
c:\Users\arthur.menezes_evolu\Desktop\Pes\disunity\disunity-core\src\main\java\info\ata4\junity\bundle\BundleEntryInfoFS.java,info.ata4.junity.bundle.BundleEntryInfoFS,class,3,4,1,3,5,2,0,12,0,0.2,0.0,0.0,5,0,5,0,0,0,5,0,0,0,1,0,0,1,0,0,0,0,0,24,2,0,0,0,0,0,0,2,0,1,0,0,0,0,26,1,0
c:\Users\arthur.menezes_evolu\Desktop\Pes\disunity\disunity-core\src\main\java\info\ata4\junity\UnityVersion.java,info.ata4.junity.UnityVersion,class,1,6,5,1,44,1,0,15,53,0.6421052,0.0,0.0,19,0,17,2,0,0,17,0,0,0,5,0,0,5,0,0,0,0,7,153,32,0,12,1,0,4,22,15,8,7,3,0,0,0,44,1,0
c:\Users\arthur.menezes_evolu\Desktop\Pes\disunity\disunity-core\src\main\java\info\ata4\junity\serialize\SerializedFileMetadata.java,info.ata4.junity.serialize.SerializedFileMetadata,class,22,33,11,22,24,1,0,15,56,0.77647054,0.0,0.0,17,0,17,0,0,0,17,0,0,0,10,1,0,10,0,0,5,0,4,127,10,0,0,0,0,8,7,20,0,11,1,0,0,0,38,1,0
c:\Users\arthur.menezes_evolu\Desktop\Pes\disunity\disunity-cli\src\main\java\info\ata4\disunity\cli\command\asset\AssetExternalRefs.java,info.ata4.disunity.cli.command.asset.AssetExternalRefs,class,11,12,1,11,3,6,0,13,0,0.0,NaN,NaN,1,0,0,0,1,0,1,0,0,0,0,0,0,0,0,0,0,0,0,22,1,0,0,0,1,6,0,4,0,5,2,0,0,1,22,1,0
c:\Users\arthur.menezes_evolu\Desktop\Pes\disunity\disunity-cli\src\main\java\info\ata4\disunity\cli\command\bundle\BundleInfo.java,info.ata4.disunity.cli.command.bundle.BundleInfo,class,14,16,2,14,6,5,0,26,1,0.5,NaN,NaN,2,0,0,1,1,0,1,0,0,0,1,0,0,1,0,0,1,0,1,38,1,1,1,0,0,18,3,7,2,7,1,0,0,0,30,1,0
c:\Users\arthur.menezes_evolu\Desktop\Pes\disunity\disunity-core\src\main\java\info\ata4\junity\serialize\typetree\Type.java,info.ata4.junity.serialize.typetree.Type,class,1,8,7,1,14,1,1,0,77,0.87500006,0.0,0.0,14,0,14,0,0,0,14,0,0,0,8,1,1,0,7,0,1,0,0,52,7,0,0,0,0,0,1,8,0,8,0,0,0,0,38,1025,0
c:\Users\arthur.menezes_evolu\Desktop\Pes\disunity\disunity-core\src\main\java\info\ata4\util\lz4\LZ4SafeUtils.java,info.ata4.util.lz4.LZ4SafeUtils$Match,innerclass,0,0,0,0,2,1,0,0,0,0.16666667,0.0,0.0,2,0,0,0,0,2,2,0,0,0,1,0,0,0,0,1,0,0,0,11,1,0,0,0,0,0,0,3,1,3,0,0,0,0,7,8,0
c:\Users\arthur.menezes_evolu\Desktop\Pes\disunity\disunity-core\src\main\java\info\ata4\junity\bundle\BundleUtils.java,info.ata4.junity.bundle.BundleUtils,class,6,9,3,6,7,1,0,15,6,0.75,0.0,0.0,4,3,3,1,0,0,3,0,0,0,1,1,0,1,0,0,1,0,8,38,5,0,0,1,0,2,3,9,1,8,1,0,0,0,47,1,0
c:\Users\arthur.menezes_evolu\Desktop\Pes\disunity\disunity-cli\src\main\java\info\ata4\disunity\cli\util\JsonTablePrinter.java,info.ata4.disunity.cli.util.JsonTablePrinter,class,11,13,2,11,8,2,0,19,10,0.0,0.0,0.0,5,0,4,1,0,0,4,0,0,0,0,0,0,0,0,0,0,0,1,46,3,0,3,0,0,2,2,8,0,12,2,0,0,3,32,1,0
c:\Users\arthur.menezes_evolu\Desktop\Pes\disunity\disunity-core\src\main\java\info\ata4\junity\UnityHash128.java,info.ata4.junity.UnityHash128,class,4,7,3,4,4,1,0,3,0,0.0,0.0,0.0,4,0,4,0,0,0,4,0,0,0,1,0,0,1,0,0,1,0,0,15,2,0,0,0,0,0,1,1,0,1,0,0,0,0,19,1,0
c:\Users\arthur.menezes_evolu\Desktop\Pes\disunity\disunity-core\src\main\java\info\ata4\util\function\IOConsumer.java,info.ata4.util.function.IOConsumer,interface,2,6,4,2,3,1,0,1,1,0.0,0.0,0.0,2,1,1,0,0,1,2,0,0,0,0,0,0,0,0,0,0,0,0,14,1,0,0,1,0,0,0,0,0,1,2,0,0,1,20,1,0
c:\Users\arthur.menezes_evolu\Desktop\Pes\disunity\disunity-core\src\main\java\info\ata4\junity\bundle\Bundle.java,info.ata4.junity.bundle.Bundle,class,3,13,10,3,3,1,0,0,3,0.6666667,0.0,0.0,3,0,3,0,0,0,3,0,0,0,3,0,0,3,0,0,3,0,0,14,3,0,0,0,0,0,0,3,0,3,0,0,0,0,9,1,0
c:\Users\arthur.menezes_evolu\Desktop\Pes\disunity\disunity-core\src\main\java\info\ata4\util\lz4\LZ4Utils.java,info.ata4.util.lz4.LZ4Utils$Match,innerclass,0,0,0,0,2,1,0,0,0,0.16666667,0.0,0.0,2,0,0,0,0,2,2,0,0,0,1,0,0,0,0,1,0,0,0,11,1,0,0,0,0,0,0,3,1,3,0,0,0,0,7,8,0
c:\Users\arthur.menezes_evolu\Desktop\Pes\disunity\disunity-core\src\main\java\info\ata4\junity\bundle\BundleHeader.java,info.ata4.junity.bundle.BundleHeader,class,6,12,6,6,41,1,0,18,248,0.86666673,0.0,0.0,29,0,29,0,0,0,29,0,0,0,15,3,3,12,0,0,3,0,2,152,17,2,3,0,6,3,13,33,0,17,2,0,0,0,77,1,0
c:\Users\arthur.menezes_evolu\Desktop\Pes\disunity\disunity-core\src\test\java\info\ata4\test\ParameterizedUtils.java,info.ata4.test.ParameterizedUtils,class,0,2,2,0,2,1,0,5,1,0.0,NaN,NaN,2,1,1,1,0,0,1,0,0,0,0,0,0,0,0,0,0,0,2,7,1,0,0,0,0,0,0,0,0,1,0,0,0,1,13,1,0
c:\Users\arthur.menezes_evolu\Desktop\Pes\disunity\disunity-core\src\main\java\info\ata4\junity\serialize\typetree\TypeRoot.java,info.ata4.junity.serialize.typetree.TypeRoot,class,3,10,7,3,8,1,0,0,20,0.75,0.0,0.0,8,0,8,0,0,0,8,0,0,0,4,0,0,4,0,0,0,0,0,30,4,0,0,0,0,0,0,4,0,4,0,0,0,0,13,1,0
c:\Users\arthur.menezes_evolu\Desktop\Pes\disunity\disunity-core\src\test\java\info\ata4\test\junity\SerializedFileTest.java,info.ata4.test.junity.SerializedFileTest,class,18,18,0,18,16,1,0,44,0,0.21428573,0.0,0.0,7,1,7,0,0,0,7,0,0,0,2,0,0,2,0,0,1,0,5,68,1,0,3,3,1,20,3,10,1,17,4,0,0,5,71,1,0
c:\Users\arthur.menezes_evolu\Desktop\Pes\disunity\disunity-cli\src\main\java\info\ata4\disunity\cli\util\Formatters.java,info.ata4.disunity.cli.util.Formatters,class,0,0,0,0,6,1,0,7,3,0.0,0.0,0.0,3,2,2,1,0,0,2,0,0,0,0,0,0,0,0,0,0,0,7,24,5,0,0,0,4,5,2,5,5,5,1,0,0,0,15,1,0
c:\Users\arthur.menezes_evolu\Desktop\Pes\disunity\disunity-core\src\test\java\info\ata4\test\junity\BundleTest.java,info.ata4.test.junity.BundleTest,class,14,14,0,14,12,1,0,32,0,0.38888893,0.0,0.0,6,1,6,0,0,0,6,0,0,0,3,0,0,3,0,0,2,0,4,47,1,0,2,0,0,13,2,8,0,10,1,0,0,2,60,1,0
c:\Users\arthur.menezes_evolu\Desktop\Pes\disunity\disunity-core\src\main\java\info\ata4\util\io\DataBlock.java,info.ata4.util.io.DataBlock,class,2,10,8,2,15,1,0,6,0,0.40909094,0.0,0.0,11,0,11,0,0,0,11,0,0,0,2,0,0,2,0,0,0,0,0,37,6,0,0,0,0,3,0,3,3,2,0,0,0,0,23,1,0
c:\Users\arthur.menezes_evolu\Desktop\Pes\disunity\disunity-core\src\main\java\info\ata4\junity\serialize\SerializedFile.java,info.ata4.junity.serialize.SerializedFile,class,5,18,13,5,9,1,0,4,30,0.84126985,0.0,0.0,9,0,9,0,0,0,9,0,0,0,7,0,0,7,0,0,6,0,0,39,8,0,0,0,0,0,0,8,0,8,0,0,0,0,18,1,0
c:\Users\arthur.menezes_evolu\Desktop\Pes\disunity\disunity-core\src\main\java\info\ata4\util\lz4\LZ4Constants.java,info.ata4.util.lz4.LZ4Constants,enum,0,0,0,0,0,1,0,1,0,NaN,-1.0,-1.0,0,0,0,0,0,0,0,0,0,0,23,23,0,0,0,23,23,0,1,24,0,0,0,0,4,0,29,23,20,23,0,0,0,0,28,0,0
c:\Users\arthur.menezes_evolu\Desktop\Pes\disunity\disunity-cli\src\main\java\info\ata4\disunity\cli\command\asset\AssetHeader.java,info.ata4.disunity.cli.command.asset.AssetHeader,class,6,7,1,6,2,6,0,8,0,0.0,NaN,NaN,1,0,0,0,1,0,1,0,0,0,0,0,0,0,0,0,0,0,0,15,1,0,0,0,0,9,1,2,0,2,1,0,0,0,17,1,0
c:\Users\arthur.menezes_evolu\Desktop\Pes\disunity\disunity-core\src\main\java\info\ata4\junity\bundle\BundleEntry.java,info.ata4.junity.bundle.BundleEntry,class,1,11,10,1,5,1,2,3,10,0.0,0.0,0.0,5,2,5,0,0,0,5,3,0,0,0,0,0,0,0,0,0,0,0,13,2,0,0,0,0,3,0,2,0,2,0,0,0,0,18,1025,0
c:\Users\arthur.menezes_evolu\Desktop\Pes\disunity\disunity-core\src\main\java\info\ata4\junity\UnityGUID.java,info.ata4.junity.UnityGUID,class,4,6,2,4,5,1,0,8,0,0.0,0.0,0.0,5,0,5,0,0,0,5,0,0,0,1,0,0,1,0,0,0,0,1,27,2,0,0,0,0,0,0,6,0,5,0,0,0,0,27,1,0
c:\Users\arthur.menezes_evolu\Desktop\Pes\disunity\disunity-cli\src\main\java\info\ata4\disunity\cli\command\FileCommand.java,info.ata4.disunity.cli.command.FileCommand,class,3,6,3,3,2,2,3,1,1,0.5,0.0,0.0,2,0,1,0,1,0,2,1,0,0,1,0,0,1,0,0,0,0,0,7,0,0,0,0,0,1,0,0,0,1,0,0,0,0,11,1025,0
c:\Users\arthur.menezes_evolu\Desktop\Pes\disunity\disunity-cli\src\main\java\info\ata4\disunity\cli\OutputFormat.java,info.ata4.disunity.cli.OutputFormat,enum,0,2,2,0,0,1,0,0,0,0.0,-1.0,-1.0,0,0,0,0,0,0,0,0,0,0,0,0,0,0,0,0,0,0,0,1,0,0,0,0,0,0,0,0,0,0,0,0,0,0,16,1,0
c:\Users\arthur.menezes_evolu\Desktop\Pes\disunity\disunity-cli\src\main\java\info\ata4\disunity\cli\OutputFormatDelegate.java,info.ata4.disunity.cli.OutputFormatDelegate,class,2,6,4,2,1,1,0,0,0,0.0,NaN,NaN,1,0,1,0,0,0,1,0,0,0,1,0,0,1,0,0,0,0,0,6,1,0,0,0,0,3,0,1,0,1,0,0,0,0,10,1,0
c:\Users\arthur.menezes_evolu\Desktop\Pes\disunity\disunity-core\src\main\java\info\ata4\util\lz4\SafeUtils.java,info.ata4.util.lz4.SafeUtils,enum,4,8,4,4,20,1,0,4,105,0.0,0.0,0.0,15,15,15,0,0,0,15,0,0,0,0,0,0,0,0,0,0,0,5,60,9,0,1,0,33,1,52,5,31,0,1,0,0,0,31,1,0
c:\Users\arthur.menezes_evolu\Desktop\Pes\disunity\disunity-core\src\main\java\info\ata4\util\lz4\LZ4JavaSafeFastDecompressor.java,info.ata4.util.lz4.LZ4JavaSafeFastDecompressor,class,8,9,1,8,28,2,0,21,1,1.0,0.0,0.0,2,0,2,0,0,0,2,0,0,0,1,1,1,0,0,0,1,0,24,142,5,6,14,0,4,8,26,53,26,25,3,0,0,0,46,17,0
c:\Users\arthur.menezes_evolu\Desktop\Pes\disunity\disunity-cli\src\main\java\info\ata4\disunity\cli\command\bundle\BundleList.java,info.ata4.disunity.cli.command.bundle.BundleList,class,14,16,2,14,3,5,0,17,1,0.5,NaN,NaN,2,0,0,1,1,0,1,0,0,0,1,0,0,1,0,0,1,0,1,25,1,0,1,0,0,5,1,6,0,7,1,0,0,1,30,1,0
c:\Users\arthur.menezes_evolu\Desktop\Pes\disunity\disunity-core\src\main\java\info\ata4\junity\bundle\BundleInternalEntry.java,info.ata4.junity.bundle.BundleInternalEntry,class,4,6,2,4,5,2,0,4,0,0.4,0.0,0.0,5,0,5,0,0,0,5,0,0,0,2,0,0,2,0,0,2,0,0,20,4,0,0,0,0,0,0,2,0,2,0,0,0,0,20,1,0
c:\Users\arthur.menezes_evolu\Desktop\Pes\disunity\disunity-cli\src\main\java\info\ata4\disunity\cli\util\TextTableFormat.java,info.ata4.disunity.cli.util.TextTableFormat,class,8,13,5,8,22,1,0,41,3,0.625,0.0,0.0,10,0,6,0,0,4,10,0,0,0,4,0,0,4,0,0,3,0,0,83,6,0,1,0,1,0,5,19,4,19,3,0,0,4,40,1,0
