file,class,type,cbo,cboModified,fanin,fanout,wmc,dit,noc,rfc,lcom,lcom*,tcc,lcc,totalMethodsQty,staticMethodsQty,publicMethodsQty,privateMethodsQty,protectedMethodsQty,defaultMethodsQty,visibleMethodsQty,abstractMethodsQty,finalMethodsQty,synchronizedMethodsQty,totalFieldsQty,staticFieldsQty,publicFieldsQty,privateFieldsQty,protectedFieldsQty,defaultFieldsQty,finalFieldsQty,synchronizedFieldsQty,nosi,loc,returnQty,loopQty,comparisonsQty,tryCatchQty,parenthesizedExpsQty,stringLiteralsQty,numbersQty,assignmentsQty,mathOperationsQty,variablesQty,maxNestedBlocksQty,anonymousClassesQty,innerClassesQty,lambdasQty,uniqueWordsQty,modifiers,logStatementsQty
c:\Users\arthur.menezes_evolu\Desktop\Pes\Android-PullToRefresh\library\src\com\handmark\pulltorefresh\library\PullToRefreshBase.java,com.handmark.pulltorefresh.library.PullToRefreshBase$OnPullEventListener,interface,4,4,0,4,1,1,0,0,0,0.0,NaN,NaN,1,0,1,0,0,0,1,0,0,0,0,0,0,0,0,0,0,0,0,3,0,0,0,0,0,0,0,0,0,0,0,0,0,0,54,9,0
c:\Users\arthur.menezes_evolu\Desktop\Pes\Android-PullToRefresh\sample\src\com\handmark\pulltorefresh\samples\PullToRefreshListInViewPagerActivity.java,com.handmark.pulltorefresh.samples.PullToRefreshListInViewPagerActivity$GetDataTask,innerclass,2,2,0,2,4,2,0,3,1,0.33333334,0.0,0.0,3,0,1,0,2,0,3,0,0,0,1,0,0,0,0,1,0,0,1,18,1,0,0,1,0,0,1,1,0,1,1,0,0,0,20,10,0
c:\Users\arthur.menezes_evolu\Desktop\Pes\Android-PullToRefresh\library\src\com\handmark\pulltorefresh\library\internal\RotateLoadingLayout.java,com.handmark.pulltorefresh.library.internal.RotateLoadingLayout,class,10,12,2,10,12,3,0,17,26,0.77777785,0.0,0.0,9,0,2,1,6,0,8,0,0,0,5,1,0,4,0,1,4,0,4,56,1,0,2,0,0,0,12,8,5,7,1,0,0,0,57,1,0
c:\Users\arthur.menezes_evolu\Desktop\Pes\Android-PullToRefresh\library\src\com\handmark\pulltorefresh\library\PullToRefreshExpandableListView.java,com.handmark.pulltorefresh.library.PullToRefreshExpandableListView$InternalExpandableListView,innerclass,6,6,0,6,3,2,0,2,3,0.0,0.0,0.0,3,0,3,0,0,0,3,0,0,0,0,0,0,0,0,0,0,0,0,11,0,0,0,0,0,0,0,0,0,0,0,0,0,0,13,0,0
c:\Users\arthur.menezes_evolu\Desktop\Pes\Android-PullToRefresh\sample\src\com\handmark\pulltorefresh\samples\PullToRefreshListInViewPagerActivity.java,com.handmark.pulltorefresh.samples.PullToRefreshListInViewPagerActivity,class,10,11,1,10,2,4,0,5,1,0.75,0.0,0.0,2,0,1,0,1,0,2,0,0,0,2,1,0,2,0,0,1,0,0,51,0,0,0,0,0,26,0,2,0,2,0,0,2,0,36,1,0
c:\Users\arthur.menezes_evolu\Desktop\Pes\Android-PullToRefresh\library\src\com\handmark\pulltorefresh\library\internal\ViewCompat.java,com.handmark.pulltorefresh.library.internal.ViewCompat$SDK16,innerclass,3,3,0,3,2,1,0,2,1,0.0,0.0,0.0,2,2,2,0,0,0,2,0,0,0,0,0,0,0,0,0,0,0,0,8,0,0,0,0,0,0,1,0,0,0,0,0,0,0,13,8,0
c:\Users\arthur.menezes_evolu\Desktop\Pes\Android-PullToRefresh\sample\src\com\handmark\pulltorefresh\samples\PullToRefreshGridActivity.java,com.handmark.pulltorefresh.samples.PullToRefreshGridActivity$GetDataTask,innerclass,2,2,0,2,3,2,0,7,1,0.0,0.0,0.0,2,0,0,0,2,0,2,0,0,0,0,0,0,0,0,0,0,0,2,17,1,0,0,1,0,1,1,0,0,0,1,0,0,0,17,2,0
c:\Users\arthur.menezes_evolu\Desktop\Pes\Android-PullToRefresh\library\src\com\handmark\pulltorefresh\library\extras\SoundPullEventListener.java,com.handmark.pulltorefresh.library.extras.SoundPullEventListener,class,8,10,2,8,9,1,0,9,0,0.5555556,0.0,0.0,6,0,5,1,0,0,5,0,1,0,3,0,0,3,0,0,2,0,0,34,1,0,3,0,0,0,0,4,0,4,1,0,0,0,70,1,0
c:\Users\arthur.menezes_evolu\Desktop\Pes\Android-PullToRefresh\library\src\com\handmark\pulltorefresh\library\PullToRefreshExpandableListView.java,com.handmark.pulltorefresh.library.PullToRefreshExpandableListView$InternalExpandableListViewSDK9,innerclass,5,5,0,5,2,3,0,2,1,0.0,0.0,0.0,2,0,1,0,1,0,2,0,0,0,0,0,0,0,0,0,0,0,1,10,1,0,0,0,0,0,1,1,0,1,0,0,0,0,19,16,0
c:\Users\arthur.menezes_evolu\Desktop\Pes\Android-PullToRefresh\sample\src\com\handmark\pulltorefresh\samples\PullToRefreshWebView2Activity.java,com.handmark.pulltorefresh.samples.PullToRefreshWebView2Activity,class,8,9,1,8,2,3,0,10,1,0.0,0.0,0.0,2,0,2,0,0,0,2,0,0,0,0,0,0,0,0,0,0,0,0,26,0,0,0,0,0,1,2,2,1,2,0,1,1,0,33,17,0
c:\Users\arthur.menezes_evolu\Desktop\Pes\Android-PullToRefresh\sample\src\com\handmark\pulltorefresh\samples\PullToRefreshListFragmentActivity.java,com.handmark.pulltorefresh.samples.PullToRefreshListFragmentActivity$GetDataTask,innerclass,2,2,0,2,3,2,0,5,1,0.0,0.0,0.0,2,0,0,0,2,0,2,0,0,0,0,0,0,0,0,0,0,0,1,16,1,0,0,1,0,1,1,0,0,0,1,0,0,0,17,2,0
c:\Users\arthur.menezes_evolu\Desktop\Pes\Android-PullToRefresh\library\src\com\handmark\pulltorefresh\library\IPullToRefresh.java,com.handmark.pulltorefresh.library.IPullToRefresh,interface,8,9,1,8,25,1,0,0,300,0.0,0.0,0.0,25,0,25,0,0,0,25,0,0,0,0,0,0,0,0,0,0,0,0,27,0,0,0,0,0,0,0,0,0,0,0,0,0,0,221,1,0
c:\Users\arthur.menezes_evolu\Desktop\Pes\Android-PullToRefresh\sample\src\com\handmark\pulltorefresh\samples\PullToRefreshWebView2Activity.java,com.handmark.pulltorefresh.samples.PullToRefreshWebView2Activity$SampleWebViewClient,innerclass,2,2,0,2,1,2,0,1,0,0.0,NaN,NaN,1,0,1,0,0,0,1,0,0,0,0,0,0,0,0,0,0,0,0,6,1,0,0,0,0,0,0,0,0,0,0,0,0,0,10,10,0
c:\Users\arthur.menezes_evolu\Desktop\Pes\Android-PullToRefresh\library\src\com\handmark\pulltorefresh\library\internal\ViewCompat.java,com.handmark.pulltorefresh.library.internal.ViewCompat$SDK11,innerclass,2,2,0,2,1,1,0,1,0,0.0,NaN,NaN,1,1,1,0,0,0,1,0,0,0,0,0,0,0,0,0,0,0,0,5,0,0,0,0,0,0,1,0,0,0,0,0,0,0,8,8,0
c:\Users\arthur.menezes_evolu\Desktop\Pes\Android-PullToRefresh\library\src\com\handmark\pulltorefresh\library\PullToRefreshListView.java,com.handmark.pulltorefresh.library.PullToRefreshListView$InternalListView,innerclass,9,9,0,9,10,2,0,7,15,0.8333333,0.0,0.0,6,0,5,0,1,0,6,0,0,0,1,0,0,1,0,0,0,0,0,36,2,0,1,2,0,0,0,2,0,1,1,0,0,0,38,4,0
c:\Users\arthur.menezes_evolu\Desktop\Pes\Android-PullToRefresh\extras\PullToRefreshListFragment\src\com\handmark\pulltorefresh\extras\listfragment\PullToRefreshExpandableListFragment.java,com.handmark.pulltorefresh.extras.listfragment.PullToRefreshExpandableListFragment,class,4,4,0,4,1,2,0,1,0,0.0,NaN,NaN,1,0,0,0,1,0,1,0,0,0,0,0,0,0,0,0,0,0,0,5,1,0,0,0,0,0,0,0,0,0,0,0,0,0,55,1,0
c:\Users\arthur.menezes_evolu\Desktop\Pes\Android-PullToRefresh\sample\src\com\handmark\pulltorefresh\samples\PullToRefreshWebViewActivity.java,com.handmark.pulltorefresh.samples.PullToRefreshWebViewActivity,class,7,8,1,7,1,3,0,8,0,0.0,NaN,NaN,1,0,1,0,0,0,1,0,0,0,2,0,0,0,0,2,0,0,0,19,0,0,0,0,0,1,0,2,0,2,0,0,1,0,27,17,0
c:\Users\arthur.menezes_evolu\Desktop\Pes\Android-PullToRefresh\library\src\com\handmark\pulltorefresh\library\PullToRefreshGridView.java,com.handmark.pulltorefresh.library.PullToRefreshGridView,class,10,11,1,10,7,7,0,1,15,0.0,0.0,0.0,6,0,5,0,1,0,6,0,2,0,0,0,0,0,0,0,0,0,0,49,2,0,0,0,0,0,0,2,0,1,1,0,2,0,26,1,0
c:\Users\arthur.menezes_evolu\Desktop\Pes\Android-PullToRefresh\library\src\com\handmark\pulltorefresh\library\PullToRefreshWebView.java,com.handmark.pulltorefresh.library.PullToRefreshWebView$InternalWebViewSDK9,innerclass,6,6,0,6,3,2,0,10,3,0.6666667,0.0,0.0,3,0,1,1,1,0,2,0,0,0,2,2,0,0,0,2,2,0,2,15,2,0,0,0,1,0,4,3,3,3,0,0,0,0,38,16,0
c:\Users\arthur.menezes_evolu\Desktop\Pes\Android-PullToRefresh\library\src\com\handmark\pulltorefresh\library\PullToRefreshBase.java,com.handmark.pulltorefresh.library.PullToRefreshBase,class,34,77,43,34,233,2,0,133,3334,0.95475245,0.0,0.0,89,0,46,10,32,1,79,4,47,0,35,13,2,21,0,12,13,0,26,945,49,0,34,0,5,17,37,125,18,68,5,3,10,0,415,1025,0
c:\Users\arthur.menezes_evolu\Desktop\Pes\Android-PullToRefresh\sample\src\com\handmark\pulltorefresh\samples\PullToRefreshGridActivity.java,com.handmark.pulltorefresh.samples.PullToRefreshGridActivity,class,12,13,1,12,8,3,0,18,0,0.5416667,0.0,0.0,4,0,4,0,0,0,4,0,0,0,6,1,0,5,0,1,1,0,0,66,3,0,3,0,0,18,3,8,0,8,1,1,1,0,56,17,0
c:\Users\arthur.menezes_evolu\Desktop\Pes\Android-PullToRefresh\sample\src\com\handmark\pulltorefresh\samples\PullToRefreshListFragmentActivity.java,com.handmark.pulltorefresh.samples.PullToRefreshListFragmentActivity,class,12,13,1,12,2,4,0,12,1,0.5,0.0,0.0,2,0,2,0,0,0,2,0,0,0,5,0,0,5,0,0,0,0,1,39,0,0,0,0,0,26,0,6,0,6,0,0,1,0,39,17,0
c:\Users\arthur.menezes_evolu\Desktop\Pes\Android-PullToRefresh\sample\src\com\handmark\pulltorefresh\samples\PullToRefreshHorizontalScrollViewActivity.java,com.handmark.pulltorefresh.samples.PullToRefreshHorizontalScrollViewActivity$GetDataTask,innerclass,2,2,0,2,3,2,0,3,1,0.0,0.0,0.0,2,0,0,0,2,0,2,0,0,0,0,0,0,0,0,0,0,0,1,14,1,0,0,1,0,0,1,0,0,0,1,0,0,0,15,2,0
c:\Users\arthur.menezes_evolu\Desktop\Pes\Android-PullToRefresh\sample\src\com\handmark\pulltorefresh\samples\PullToRefreshWebView2Activity.java,com.handmark.pulltorefresh.samples.PullToRefreshWebView2Activity$Anonymous1,anonymous,0,0,0,0,1,1,0,1,0,0.0,NaN,NaN,1,0,1,0,0,0,1,0,0,0,0,0,0,0,0,0,0,0,0,5,0,0,0,0,0,0,0,0,0,0,0,0,0,0,1,-1,0
c:\Users\arthur.menezes_evolu\Desktop\Pes\Android-PullToRefresh\library\src\com\handmark\pulltorefresh\library\internal\LoadingLayout.java,com.handmark.pulltorefresh.library.internal.LoadingLayout,class,21,28,7,21,80,2,2,41,236,0.87267905,0.0,0.0,29,0,17,5,7,0,24,7,11,0,13,2,0,7,4,2,8,0,3,272,2,0,28,0,3,6,0,38,0,22,3,0,0,0,100,1025,0
c:\Users\arthur.menezes_evolu\Desktop\Pes\Android-PullToRefresh\library\src\com\handmark\pulltorefresh\library\PullToRefreshGridView.java,com.handmark.pulltorefresh.library.PullToRefreshGridView$InternalGridView,innerclass,6,6,0,6,3,2,0,2,3,0.0,0.0,0.0,3,0,3,0,0,0,3,0,0,0,0,0,0,0,0,0,0,0,0,11,0,0,0,0,0,0,0,0,0,0,0,0,0,0,12,0,0
c:\Users\arthur.menezes_evolu\Desktop\Pes\Android-PullToRefresh\sample\src\com\handmark\pulltorefresh\samples\PullToRefreshExpandableListActivity.java,com.handmark.pulltorefresh.samples.PullToRefreshExpandableListActivity,class,9,10,1,9,3,3,0,8,0,0.0,NaN,NaN,1,0,1,0,0,0,1,0,0,0,7,1,0,7,0,0,1,0,0,59,0,2,0,0,0,10,0,10,0,10,2,1,1,0,39,17,0
c:\Users\arthur.menezes_evolu\Desktop\Pes\Android-PullToRefresh\library\src\com\handmark\pulltorefresh\library\PullToRefreshBase.java,com.handmark.pulltorefresh.library.PullToRefreshBase$Anonymous1,anonymous,1,1,0,1,1,1,0,1,0,0.0,NaN,NaN,1,0,1,0,0,0,1,0,0,0,0,0,0,0,0,0,0,0,0,5,0,0,0,0,0,0,0,0,0,0,0,0,0,0,7,-1,0
c:\Users\arthur.menezes_evolu\Desktop\Pes\Android-PullToRefresh\library\src\com\handmark\pulltorefresh\library\PullToRefreshBase.java,com.handmark.pulltorefresh.library.PullToRefreshBase$AnimationStyle,enum,8,8,0,8,7,1,0,0,3,0.0,0.0,0.0,3,2,0,0,0,3,3,0,0,0,0,0,0,0,0,0,0,0,0,24,5,0,0,0,0,0,2,0,0,0,1,0,0,0,74,9,0
c:\Users\arthur.menezes_evolu\Desktop\Pes\Android-PullToRefresh\sample\src\com\handmark\pulltorefresh\samples\PullToRefreshViewPagerActivity.java,com.handmark.pulltorefresh.samples.PullToRefreshViewPagerActivity$GetDataTask,innerclass,2,2,0,2,3,2,0,3,1,0.0,0.0,0.0,2,0,0,0,2,0,2,0,0,0,0,0,0,0,0,0,0,0,1,14,1,0,0,1,0,0,1,0,0,0,1,0,0,0,16,2,0
c:\Users\arthur.menezes_evolu\Desktop\Pes\Android-PullToRefresh\library\src\com\handmark\pulltorefresh\library\PullToRefreshBase.java,com.handmark.pulltorefresh.library.PullToRefreshBase$Anonymous3,anonymous,1,1,0,1,1,1,0,1,0,0.0,NaN,NaN,1,0,1,0,0,0,1,0,0,0,0,0,0,0,0,0,0,0,0,5,0,0,0,0,0,0,1,0,0,0,0,0,0,0,6,-1,0
c:\Users\arthur.menezes_evolu\Desktop\Pes\Android-PullToRefresh\library\src\com\handmark\pulltorefresh\library\PullToRefreshBase.java,com.handmark.pulltorefresh.library.PullToRefreshBase$Anonymous2,anonymous,0,0,0,0,1,1,0,1,0,0.0,NaN,NaN,1,0,1,0,0,0,1,0,0,0,0,0,0,0,0,0,0,0,0,5,0,0,0,0,0,0,0,0,0,0,0,0,0,0,3,-1,0
c:\Users\arthur.menezes_evolu\Desktop\Pes\Android-PullToRefresh\sample\src\com\handmark\pulltorefresh\samples\PullToRefreshExpandableListActivity.java,com.handmark.pulltorefresh.samples.PullToRefreshExpandableListActivity$GetDataTask,innerclass,2,2,0,2,4,2,0,7,1,0.0,0.0,0.0,2,0,0,0,2,0,2,0,0,0,0,0,0,0,0,0,0,0,1,25,1,1,0,1,0,1,1,3,0,3,1,0,0,0,23,2,0
c:\Users\arthur.menezes_evolu\Desktop\Pes\Android-PullToRefresh\library\src\com\handmark\pulltorefresh\library\PullToRefreshBase.java,com.handmark.pulltorefresh.library.PullToRefreshBase$State,enum,1,1,0,1,5,1,0,2,0,0.0,0.0,0.0,3,1,0,0,0,3,3,0,0,0,1,0,0,1,0,0,0,0,1,23,3,1,1,0,0,0,6,1,0,1,2,0,0,0,82,9,0
c:\Users\arthur.menezes_evolu\Desktop\Pes\Android-PullToRefresh\library\src\com\handmark\pulltorefresh\library\PullToRefreshBase.java,com.handmark.pulltorefresh.library.PullToRefreshBase$Orientation,enum,0,0,0,0,0,1,0,0,0,0.0,-1.0,-1.0,0,0,0,0,0,0,0,0,0,0,0,0,0,0,0,0,0,0,0,1,0,0,0,0,0,0,0,0,0,0,0,0,0,0,11,9,0
c:\Users\arthur.menezes_evolu\Desktop\Pes\Android-PullToRefresh\sample\src\com\handmark\pulltorefresh\samples\PullToRefreshExpandableListActivity.java,com.handmark.pulltorefresh.samples.PullToRefreshExpandableListActivity$Anonymous1,anonymous,3,3,0,3,1,1,0,1,0,0.0,NaN,NaN,1,0,1,0,0,0,1,0,0,0,0,0,0,0,0,0,0,0,0,5,0,0,0,0,0,0,0,0,0,0,0,0,0,0,7,-1,0
c:\Users\arthur.menezes_evolu\Desktop\Pes\Android-PullToRefresh\library\src\com\handmark\pulltorefresh\library\extras\PullToRefreshWebView2.java,com.handmark.pulltorefresh.library.extras.PullToRefreshWebView2$JsValueCallback,innerclass,0,0,0,0,2,1,0,1,1,0.0,0.0,0.0,2,0,2,0,0,0,2,0,0,0,0,0,0,0,0,0,0,0,0,8,0,0,0,0,0,0,0,0,0,0,0,0,0,0,16,16,0
c:\Users\arthur.menezes_evolu\Desktop\Pes\Android-PullToRefresh\sample\src\com\handmark\pulltorefresh\samples\PullToRefreshHorizontalScrollViewActivity.java,com.handmark.pulltorefresh.samples.PullToRefreshHorizontalScrollViewActivity,class,7,8,1,7,1,3,0,5,0,0.0,NaN,NaN,1,0,1,0,0,0,1,0,0,0,2,0,0,0,0,2,0,0,0,30,0,0,0,0,0,0,0,2,0,2,0,1,1,0,25,17,0
c:\Users\arthur.menezes_evolu\Desktop\Pes\Android-PullToRefresh\library\src\com\handmark\pulltorefresh\library\PullToRefreshScrollView.java,com.handmark.pulltorefresh.library.PullToRefreshScrollView,class,9,10,1,9,11,4,0,4,28,0.0,0.0,0.0,8,0,5,0,3,0,8,0,1,0,0,0,0,0,0,0,0,0,0,56,5,0,2,0,1,0,2,3,1,2,1,0,1,0,34,1,0
c:\Users\arthur.menezes_evolu\Desktop\Pes\Android-PullToRefresh\library\src\com\handmark\pulltorefresh\library\PullToRefreshWebView.java,com.handmark.pulltorefresh.library.PullToRefreshWebView,class,11,13,2,11,13,4,1,12,33,0.6,0.0,0.0,10,0,5,0,5,0,10,0,1,0,2,1,0,2,0,0,2,0,0,80,4,0,1,0,1,0,1,5,2,4,1,2,1,0,49,1,0
c:\Users\arthur.menezes_evolu\Desktop\Pes\Android-PullToRefresh\library\src\com\handmark\pulltorefresh\library\PullToRefreshBase.java,com.handmark.pulltorefresh.library.PullToRefreshBase$OnRefreshListener2,interface,2,2,0,2,2,1,0,0,1,0.0,0.0,0.0,2,0,2,0,0,0,2,0,0,0,0,0,0,0,0,0,0,0,0,4,0,0,0,0,0,0,0,0,0,0,0,0,0,0,39,9,0
c:\Users\arthur.menezes_evolu\Desktop\Pes\Android-PullToRefresh\sample\src\com\handmark\pulltorefresh\samples\PullToRefreshHorizontalScrollViewActivity.java,com.handmark.pulltorefresh.samples.PullToRefreshHorizontalScrollViewActivity$Anonymous1,anonymous,3,3,0,3,1,1,0,1,0,0.0,NaN,NaN,1,0,1,0,0,0,1,0,0,0,0,0,0,0,0,0,0,0,0,5,0,0,0,0,0,0,0,0,0,0,0,0,0,0,7,-1,0
c:\Users\arthur.menezes_evolu\Desktop\Pes\Android-PullToRefresh\library\src\com\handmark\pulltorefresh\library\PullToRefreshBase.java,com.handmark.pulltorefresh.library.PullToRefreshBase$OnSmoothScrollFinishedListener,interface,0,0,0,0,1,1,0,0,0,0.0,NaN,NaN,1,0,0,0,0,1,1,0,0,0,0,0,0,0,0,0,0,0,0,3,0,0,0,0,0,0,0,0,0,0,0,0,0,0,6,8,0
c:\Users\arthur.menezes_evolu\Desktop\Pes\Android-PullToRefresh\library\src\com\handmark\pulltorefresh\library\PullToRefreshScrollView.java,com.handmark.pulltorefresh.library.PullToRefreshScrollView$InternalScrollViewSDK9,innerclass,7,7,0,7,4,2,0,9,3,0.0,0.0,0.0,3,0,1,1,1,0,2,0,0,0,0,0,0,0,0,0,0,0,2,18,2,0,0,0,1,0,5,4,2,3,1,0,0,0,35,16,0
c:\Users\arthur.menezes_evolu\Desktop\Pes\Android-PullToRefresh\library\src\com\handmark\pulltorefresh\library\PullToRefreshHorizontalScrollView.java,com.handmark.pulltorefresh.library.PullToRefreshHorizontalScrollView$InternalHorizontalScrollViewSDK9,innerclass,7,7,0,7,4,2,0,9,3,0.0,0.0,0.0,3,0,1,1,1,0,2,0,0,0,0,0,0,0,0,0,0,0,2,18,2,0,0,0,1,0,5,4,2,3,1,0,0,0,36,16,0
c:\Users\arthur.menezes_evolu\Desktop\Pes\Android-PullToRefresh\library\src\com\handmark\pulltorefresh\library\PullToRefreshListView.java,com.handmark.pulltorefresh.library.PullToRefreshListView$InternalListViewSDK9,innerclass,5,5,0,5,2,3,0,2,1,0.0,0.0,0.0,2,0,1,0,1,0,2,0,0,0,0,0,0,0,0,0,0,0,1,10,1,0,0,0,0,0,1,1,0,1,0,0,0,0,18,16,0
c:\Users\arthur.menezes_evolu\Desktop\Pes\Android-PullToRefresh\library\src\com\handmark\pulltorefresh\library\internal\Utils.java,com.handmark.pulltorefresh.library.internal.Utils,class,0,2,2,0,1,1,0,1,0,0.0,NaN,NaN,1,1,1,0,0,0,1,0,0,0,1,1,0,0,0,1,1,0,0,6,0,0,0,0,0,3,0,1,1,1,0,0,0,0,17,1,0
c:\Users\arthur.menezes_evolu\Desktop\Pes\Android-PullToRefresh\sample\src\com\handmark\pulltorefresh\samples\PullToRefreshViewPagerActivity.java,com.handmark.pulltorefresh.samples.PullToRefreshViewPagerActivity$SamplePagerAdapter,innerclass,5,5,0,5,5,2,0,4,4,0.5,0.0,0.0,4,0,4,0,0,0,4,0,0,0,1,1,0,1,0,0,0,0,0,18,3,0,1,0,0,0,0,2,0,2,0,0,0,0,20,8,0
c:\Users\arthur.menezes_evolu\Desktop\Pes\Android-PullToRefresh\extras\PullToRefreshListFragment\src\com\handmark\pulltorefresh\extras\listfragment\PullToRefreshListFragment.java,com.handmark.pulltorefresh.extras.listfragment.PullToRefreshListFragment,class,4,5,1,4,1,2,0,1,0,0.0,NaN,NaN,1,0,0,0,1,0,1,0,0,0,0,0,0,0,0,0,0,0,0,5,1,0,0,0,0,0,0,0,0,0,0,0,0,0,53,1,0
c:\Users\arthur.menezes_evolu\Desktop\Pes\Android-PullToRefresh\sample\src\com\handmark\pulltorefresh\samples\PullToRefreshListActivity.java,com.handmark.pulltorefresh.samples.PullToRefreshListActivity$GetDataTask,innerclass,2,2,0,2,3,2,0,5,1,0.0,0.0,0.0,2,0,0,0,2,0,2,0,0,0,0,0,0,0,0,0,0,0,1,16,1,0,0,1,0,1,1,0,0,0,1,0,0,0,17,2,0
c:\Users\arthur.menezes_evolu\Desktop\Pes\Android-PullToRefresh\sample\src\com\handmark\pulltorefresh\samples\PullToRefreshListActivity.java,com.handmark.pulltorefresh.samples.PullToRefreshListActivity,class,18,19,1,18,14,3,0,30,0,0.57500005,0.0,0.0,5,0,5,0,0,0,5,0,0,0,8,4,0,4,0,4,4,0,1,97,3,0,3,0,0,41,12,13,1,13,1,2,1,0,76,17,0
c:\Users\arthur.menezes_evolu\Desktop\Pes\Android-PullToRefresh\library\src\com\handmark\pulltorefresh\library\PullToRefreshBase.java,com.handmark.pulltorefresh.library.PullToRefreshBase$Mode,enum,1,1,0,1,16,1,0,3,15,0.85714287,0.0,0.0,7,2,2,0,0,5,7,0,0,0,3,2,2,1,0,0,0,0,2,36,7,1,8,0,1,0,5,3,0,3,2,0,0,0,103,9,0
c:\Users\arthur.menezes_evolu\Desktop\Pes\Android-PullToRefresh\extras\PullToRefreshViewPager\src\com\handmark\pulltorefresh\extras\viewpager\PullToRefreshViewPager.java,com.handmark.pulltorefresh.extras.viewpager.PullToRefreshViewPager,class,6,7,1,6,8,3,0,5,15,0.0,0.0,0.0,6,0,3,0,3,0,6,0,1,0,0,0,0,0,0,0,0,0,0,32,6,0,4,0,0,0,2,5,1,5,1,0,0,0,27,1,0
c:\Users\arthur.menezes_evolu\Desktop\Pes\Android-PullToRefresh\library\src\com\handmark\pulltorefresh\library\PullToRefreshAdapterViewBase.java,com.handmark.pulltorefresh.library.PullToRefreshAdapterViewBase,class,24,34,10,24,88,3,0,55,357,0.8583334,0.0,0.0,30,1,14,7,9,0,23,0,6,0,8,0,0,8,0,0,0,0,1,285,11,0,22,0,6,7,6,36,7,23,3,0,0,0,160,1025,0
c:\Users\arthur.menezes_evolu\Desktop\Pes\Android-PullToRefresh\sample\src\com\handmark\pulltorefresh\samples\PullToRefreshScrollViewActivity.java,com.handmark.pulltorefresh.samples.PullToRefreshScrollViewActivity$GetDataTask,innerclass,2,2,0,2,3,2,0,3,1,0.0,0.0,0.0,2,0,0,0,2,0,2,0,0,0,0,0,0,0,0,0,0,0,1,14,1,0,0,1,0,0,1,0,0,0,1,0,0,0,15,2,0
c:\Users\arthur.menezes_evolu\Desktop\Pes\Android-PullToRefresh\library\src\com\handmark\pulltorefresh\library\PullToRefreshBase.java,com.handmark.pulltorefresh.library.PullToRefreshBase$OnRefreshListener,interface,2,2,0,2,1,1,0,0,0,0.0,NaN,NaN,1,0,1,0,0,0,1,0,0,0,0,0,0,0,0,0,0,0,0,3,0,0,0,0,0,0,0,0,0,0,0,0,0,0,21,9,0
c:\Users\arthur.menezes_evolu\Desktop\Pes\Android-PullToRefresh\library\src\com\handmark\pulltorefresh\library\LoadingLayoutProxy.java,com.handmark.pulltorefresh.library.LoadingLayoutProxy,class,4,6,2,4,15,1,0,7,0,0.0,0.0,0.0,8,0,7,0,0,1,8,0,0,0,1,0,0,1,0,0,1,0,0,41,0,6,1,0,0,0,0,1,0,1,1,0,0,0,45,1,0
c:\Users\arthur.menezes_evolu\Desktop\Pes\Android-PullToRefresh\library\src\com\handmark\pulltorefresh\library\PullToRefreshExpandableListView.java,com.handmark.pulltorefresh.library.PullToRefreshExpandableListView,class,10,12,2,10,7,7,0,1,15,0.0,0.0,0.0,6,0,5,0,1,0,6,0,1,0,0,0,0,0,0,0,0,0,0,49,2,0,0,0,0,0,0,2,0,1,1,0,2,0,27,1,0
c:\Users\arthur.menezes_evolu\Desktop\Pes\Android-PullToRefresh\library\src\com\handmark\pulltorefresh\library\PullToRefreshGridView.java,com.handmark.pulltorefresh.library.PullToRefreshGridView$InternalGridViewSDK9,innerclass,5,5,0,5,2,3,0,2,1,0.0,0.0,0.0,2,0,1,0,1,0,2,0,0,0,0,0,0,0,0,0,0,0,1,10,1,0,0,0,0,0,1,1,0,1,0,0,0,0,18,16,0
c:\Users\arthur.menezes_evolu\Desktop\Pes\Android-PullToRefresh\library\src\com\handmark\pulltorefresh\library\PullToRefreshWebView.java,com.handmark.pulltorefresh.library.PullToRefreshWebView$Anonymous2,anonymous,2,2,0,2,2,1,0,1,0,0.0,NaN,NaN,1,0,1,0,0,0,1,0,0,0,0,0,0,0,0,0,0,0,0,7,0,0,1,0,0,0,1,0,0,0,1,0,0,0,8,-1,0
c:\Users\arthur.menezes_evolu\Desktop\Pes\Android-PullToRefresh\library\src\com\handmark\pulltorefresh\library\PullToRefreshWebView.java,com.handmark.pulltorefresh.library.PullToRefreshWebView$Anonymous1,anonymous,2,2,0,2,1,1,0,2,0,0.0,NaN,NaN,1,0,1,0,0,0,1,0,0,0,0,0,0,0,0,0,0,0,0,5,0,0,0,0,0,0,0,0,0,0,0,0,0,0,4,-1,0
c:\Users\arthur.menezes_evolu\Desktop\Pes\Android-PullToRefresh\extras\PullToRefreshListFragment\src\com\handmark\pulltorefresh\extras\listfragment\PullToRefreshBaseListFragment.java,com.handmark.pulltorefresh.extras.listfragment.PullToRefreshBaseListFragment,class,8,12,4,8,3,1,0,8,1,0.33333334,0.0,0.0,3,0,2,0,1,0,3,1,2,0,1,0,0,1,0,0,0,0,0,17,2,0,0,0,0,0,0,5,0,5,0,0,0,0,48,1024,0
c:\Users\arthur.menezes_evolu\Desktop\Pes\Android-PullToRefresh\library\src\com\handmark\pulltorefresh\library\internal\ViewCompat.java,com.handmark.pulltorefresh.library.internal.ViewCompat,class,4,7,3,4,6,1,0,5,3,0.0,0.0,0.0,3,3,3,0,0,0,3,0,0,0,0,0,0,0,0,0,0,0,3,36,0,0,0,0,0,1,1,0,0,0,1,0,2,0,14,1,0
c:\Users\arthur.menezes_evolu\Desktop\Pes\Android-PullToRefresh\sample\src\com\handmark\pulltorefresh\samples\PullToRefreshViewPagerActivity.java,com.handmark.pulltorefresh.samples.PullToRefreshViewPagerActivity,class,10,11,1,10,2,4,0,7,1,0.5,0.0,0.0,2,0,2,0,0,0,2,0,0,0,1,0,0,1,0,0,0,0,0,46,0,0,0,0,0,0,0,2,0,2,0,0,2,0,25,1,0
c:\Users\arthur.menezes_evolu\Desktop\Pes\Android-PullToRefresh\library\src\com\handmark\pulltorefresh\library\internal\EmptyViewMethodAccessor.java,com.handmark.pulltorefresh.library.internal.EmptyViewMethodAccessor,interface,1,8,7,1,2,1,0,0,1,0.0,0.0,0.0,2,0,2,0,0,0,2,0,0,0,0,0,0,0,0,0,0,0,0,4,0,0,0,0,0,0,0,0,0,0,0,0,0,0,28,1,0
c:\Users\arthur.menezes_evolu\Desktop\Pes\Android-PullToRefresh\library\src\com\handmark\pulltorefresh\library\PullToRefreshBase.java,com.handmark.pulltorefresh.library.PullToRefreshBase$SmoothScrollRunnable,innerclass,4,4,0,4,7,1,0,9,0,0.41666666,0.0,0.0,3,0,3,0,0,0,3,0,0,0,8,0,0,8,0,0,4,0,6,41,0,0,3,0,3,0,7,14,7,10,2,0,0,0,34,16,0
c:\Users\arthur.menezes_evolu\Desktop\Pes\Android-PullToRefresh\sample\src\com\handmark\pulltorefresh\samples\PullToRefreshListActivity.java,com.handmark.pulltorefresh.samples.PullToRefreshListActivity$Anonymous2,anonymous,0,0,0,0,1,1,0,2,0,0.0,NaN,NaN,1,0,1,0,0,0,1,0,0,0,0,0,0,0,0,0,0,0,0,5,0,0,0,0,0,1,0,0,0,0,0,0,0,0,6,-1,0
c:\Users\arthur.menezes_evolu\Desktop\Pes\Android-PullToRefresh\sample\src\com\handmark\pulltorefresh\samples\PullToRefreshListActivity.java,com.handmark.pulltorefresh.samples.PullToRefreshListActivity$Anonymous1,anonymous,3,3,0,3,1,1,0,6,0,0.0,NaN,NaN,1,0,1,0,0,0,1,0,0,0,0,0,0,0,0,0,0,0,1,7,0,0,0,0,0,0,0,1,0,1,0,0,0,0,11,-1,0
c:\Users\arthur.menezes_evolu\Desktop\Pes\Android-PullToRefresh\sample\src\com\handmark\pulltorefresh\samples\PullToRefreshScrollViewActivity.java,com.handmark.pulltorefresh.samples.PullToRefreshScrollViewActivity$Anonymous1,anonymous,3,3,0,3,1,1,0,1,0,0.0,NaN,NaN,1,0,1,0,0,0,1,0,0,0,0,0,0,0,0,0,0,0,0,5,0,0,0,0,0,0,0,0,0,0,0,0,0,0,7,-1,0
c:\Users\arthur.menezes_evolu\Desktop\Pes\Android-PullToRefresh\library\src\com\handmark\pulltorefresh\library\OverscrollHelper.java,com.handmark.pulltorefresh.library.OverscrollHelper,class,5,13,8,5,23,1,0,17,6,0.75,0.0,0.0,4,4,3,0,0,1,4,0,0,0,2,2,0,0,0,2,2,0,4,60,1,0,5,0,7,8,8,10,10,7,5,0,0,0,114,17,0
c:\Users\arthur.menezes_evolu\Desktop\Pes\Android-PullToRefresh\library\src\com\handmark\pulltorefresh\library\PullToRefreshBase.java,com.handmark.pulltorefresh.library.PullToRefreshBase$OnLastItemVisibleListener,interface,0,0,0,0,1,1,0,0,0,0.0,NaN,NaN,1,0,1,0,0,0,1,0,0,0,0,0,0,0,0,0,0,0,0,3,0,0,0,0,0,0,0,0,0,0,0,0,0,0,25,9,0
c:\Users\arthur.menezes_evolu\Desktop\Pes\Android-PullToRefresh\sample\src\com\handmark\pulltorefresh\samples\PullToRefreshWebViewActivity.java,com.handmark.pulltorefresh.samples.PullToRefreshWebViewActivity$SampleWebViewClient,innerclass,2,2,0,2,1,2,0,1,0,0.0,NaN,NaN,1,0,1,0,0,0,1,0,0,0,0,0,0,0,0,0,0,0,0,6,1,0,0,0,0,0,0,0,0,0,0,0,0,0,10,10,0
c:\Users\arthur.menezes_evolu\Desktop\Pes\Android-PullToRefresh\library\src\com\handmark\pulltorefresh\library\internal\IndicatorLayout.java,com.handmark.pulltorefresh.library.internal.IndicatorLayout,class,12,13,1,12,15,2,0,22,6,0.6851852,0.0,0.0,9,0,9,0,0,0,9,0,1,0,4,1,0,3,0,1,2,0,0,81,2,0,5,0,0,1,12,15,2,13,1,0,0,0,68,1,0
c:\Users\arthur.menezes_evolu\Desktop\Pes\Android-PullToRefresh\sample\src\com\handmark\pulltorefresh\samples\PullToRefreshGridActivity.java,com.handmark.pulltorefresh.samples.PullToRefreshGridActivity$Anonymous1,anonymous,3,3,0,3,2,1,0,3,1,0.0,0.0,0.0,2,0,2,0,0,0,2,0,0,0,0,0,0,0,0,0,0,0,0,10,0,0,0,0,0,2,0,0,0,0,0,0,0,0,11,-1,0
c:\Users\arthur.menezes_evolu\Desktop\Pes\Android-PullToRefresh\library\src\com\handmark\pulltorefresh\library\PullToRefreshListView.java,com.handmark.pulltorefresh.library.PullToRefreshListView,class,17,22,5,17,36,7,0,41,43,0.7045454,0.0,0.0,11,0,5,0,6,0,11,0,1,0,4,0,0,4,0,0,0,0,2,189,6,0,3,0,0,0,7,32,6,21,2,0,2,0,102,1,0
c:\Users\arthur.menezes_evolu\Desktop\Pes\Android-PullToRefresh\sample\src\com\handmark\pulltorefresh\samples\PullToRefreshScrollViewActivity.java,com.handmark.pulltorefresh.samples.PullToRefreshScrollViewActivity,class,7,8,1,7,1,3,0,5,0,0.0,NaN,NaN,1,0,1,0,0,0,1,0,0,0,2,0,0,0,0,2,0,0,0,30,0,0,0,0,0,0,0,2,0,2,0,1,1,0,24,17,0
c:\Users\arthur.menezes_evolu\Desktop\Pes\Android-PullToRefresh\sample\src\com\handmark\pulltorefresh\samples\PullToRefreshListInViewPagerActivity.java,com.handmark.pulltorefresh.samples.PullToRefreshListInViewPagerActivity$ListViewPagerAdapter,innerclass,9,9,0,9,5,2,0,8,6,0.0,0.0,0.0,4,0,4,0,0,0,4,0,0,0,0,0,0,0,0,0,0,0,1,20,3,0,1,0,0,0,1,3,0,3,0,0,0,0,29,2,0
c:\Users\arthur.menezes_evolu\Desktop\Pes\Android-PullToRefresh\library\src\com\handmark\pulltorefresh\library\PullToRefreshHorizontalScrollView.java,com.handmark.pulltorefresh.library.PullToRefreshHorizontalScrollView,class,9,10,1,9,11,4,0,4,28,0.0,0.0,0.0,8,0,5,0,3,0,8,0,1,0,0,0,0,0,0,0,0,0,0,56,5,0,2,0,1,0,2,3,1,2,1,0,1,0,35,1,0
c:\Users\arthur.menezes_evolu\Desktop\Pes\Android-PullToRefresh\library\src\com\handmark\pulltorefresh\library\extras\PullToRefreshWebView2.java,com.handmark.pulltorefresh.library.extras.PullToRefreshWebView2,class,7,8,1,7,6,4,0,5,9,0.75,0.0,0.0,6,0,3,0,3,0,6,0,0,0,6,3,0,3,0,3,5,0,0,39,3,0,0,0,0,3,0,7,0,7,0,0,1,0,124,1,0
c:\Users\arthur.menezes_evolu\Desktop\Pes\Android-PullToRefresh\sample\src\com\handmark\pulltorefresh\samples\LauncherActivity.java,com.handmark.pulltorefresh.samples.LauncherActivity,class,16,16,0,16,12,2,0,3,1,0.5,0.0,0.0,2,0,0,0,2,0,2,0,0,0,1,1,1,0,0,0,1,0,0,44,0,0,0,0,0,10,10,11,0,2,1,0,0,0,21,1,0
c:\Users\arthur.menezes_evolu\Desktop\Pes\Android-PullToRefresh\library\src\com\handmark\pulltorefresh\library\ILoadingLayout.java,com.handmark.pulltorefresh.library.ILoadingLayout,interface,2,6,4,2,6,1,0,0,15,0.0,0.0,0.0,6,0,6,0,0,0,6,0,0,0,0,0,0,0,0,0,0,0,0,8,0,0,0,0,0,0,0,0,0,0,0,0,0,0,55,1,0
c:\Users\arthur.menezes_evolu\Desktop\Pes\Android-PullToRefresh\library\src\com\handmark\pulltorefresh\library\internal\FlipLoadingLayout.java,com.handmark.pulltorefresh.library.internal.FlipLoadingLayout,class,12,14,2,12,16,3,0,17,30,0.77777773,0.0,0.0,9,0,1,1,7,0,8,0,0,0,2,1,0,1,0,1,2,0,1,74,2,0,5,0,2,1,17,14,6,9,2,0,0,0,65,1,0
