file,class,type,cbo,cboModified,fanin,fanout,wmc,dit,noc,rfc,lcom,lcom*,tcc,lcc,totalMethodsQty,staticMethodsQty,publicMethodsQty,privateMethodsQty,protectedMethodsQty,defaultMethodsQty,visibleMethodsQty,abstractMethodsQty,finalMethodsQty,synchronizedMethodsQty,totalFieldsQty,staticFieldsQty,publicFieldsQty,privateFieldsQty,protectedFieldsQty,defaultFieldsQty,finalFieldsQty,synchronizedFieldsQty,nosi,loc,returnQty,loopQty,comparisonsQty,tryCatchQty,parenthesizedExpsQty,stringLiteralsQty,numbersQty,assignmentsQty,mathOperationsQty,variablesQty,maxNestedBlocksQty,anonymousClassesQty,innerClassesQty,lambdasQty,uniqueWordsQty,modifiers,logStatementsQty
c:\Users\arthur.menezes_evolu\Desktop\Pes\baseAdapter\baseadapter-recyclerview\src\main\java\com\zhy\adapter\recyclerview\CommonAdapter.java,com.zhy.adapter.recyclerview.CommonAdapter$Anonymous1,anonymous,3,3,0,3,3,1,0,1,3,0.0,0.0,0.0,3,0,3,0,0,0,3,0,0,0,0,0,0,0,0,0,0,0,0,11,2,0,0,0,0,0,0,0,0,0,0,0,0,0,14,-1,0
c:\Users\arthur.menezes_evolu\Desktop\Pes\baseAdapter\sample\src\main\java\com\zhy\sample\MultiItemRvActivity.java,com.zhy.sample.MultiItemRvActivity,class,10,11,1,10,1,2,0,11,0,0.0,NaN,NaN,1,0,0,0,1,0,1,0,0,0,3,0,0,3,0,0,0,0,0,41,0,0,0,0,0,0,0,4,0,4,0,2,0,0,31,1,0
c:\Users\arthur.menezes_evolu\Desktop\Pes\baseAdapter\base-adapter-library\src\androidTest\java\com\zhy\quickdev\adapter\ApplicationTest.java,com.zhy.quickdev.adapter.ApplicationTest,class,2,2,0,2,1,2,0,0,0,0.0,NaN,NaN,1,0,1,0,0,0,1,0,0,0,0,0,0,0,0,0,0,0,0,5,0,0,0,0,0,0,0,0,0,0,0,0,0,0,7,1,0
c:\Users\arthur.menezes_evolu\Desktop\Pes\baseAdapter\sample\src\main\java\com\zhy\sample\adapter\rv\ChatAdapterForRv.java,com.zhy.sample.adapter.rv.ChatAdapterForRv,class,5,6,1,5,1,2,0,1,0,0.0,NaN,NaN,1,0,1,0,0,0,1,0,0,0,0,0,0,0,0,0,0,0,0,7,0,0,0,0,0,0,0,0,0,0,0,0,0,0,18,1,0
c:\Users\arthur.menezes_evolu\Desktop\Pes\baseAdapter\base-adapter-library\src\main\java\com\zhy\adapter\abslistview\base\ItemViewDelegateManager.java,com.zhy.adapter.abslistview.base.ItemViewDelegateManager,class,5,7,2,5,22,1,0,13,0,0.09090909,0.0,0.0,11,0,11,0,0,0,11,0,0,0,1,0,0,0,0,1,0,0,0,78,11,3,3,0,0,9,7,13,6,13,2,0,0,0,46,1,0
c:\Users\arthur.menezes_evolu\Desktop\Pes\baseAdapter\baseadapter-recyclerview\src\main\java\com\zhy\adapter\recyclerview\wrapper\EmptyWrapper.java,com.zhy.adapter.recyclerview.wrapper.EmptyWrapper,class,9,12,3,9,19,1,0,11,0,0.625,0.0,0.0,10,0,9,1,0,0,9,0,0,0,4,1,1,3,0,0,1,0,4,67,8,0,4,0,1,0,4,6,1,5,2,1,0,0,41,1,0
c:\Users\arthur.menezes_evolu\Desktop\Pes\baseAdapter\sample\src\main\java\com\zhy\sample\adapter\lv\ChatAdapter.java,com.zhy.sample.adapter.lv.ChatAdapter,class,5,6,1,5,1,3,0,1,0,0.0,NaN,NaN,1,0,1,0,0,0,1,0,0,0,0,0,0,0,0,0,0,0,0,7,0,0,0,0,0,0,0,0,0,0,0,0,0,0,16,1,0
c:\Users\arthur.menezes_evolu\Desktop\Pes\baseAdapter\baseadapter-recyclerview\src\main\java\com\zhy\adapter\recyclerview\utils\WrapperUtils.java,com.zhy.adapter.recyclerview.utils.WrapperUtils,class,9,12,3,9,5,1,0,8,1,0.0,0.0,0.0,2,2,2,0,0,0,2,0,0,0,0,0,0,0,0,0,0,0,0,27,0,0,1,0,0,0,0,5,0,5,1,1,1,0,29,1,0
c:\Users\arthur.menezes_evolu\Desktop\Pes\baseAdapter\base-adapter-library\src\main\java\com\zhy\adapter\abslistview\base\ItemViewDelegate.java,com.zhy.adapter.abslistview.base.ItemViewDelegate,interface,2,7,5,2,3,1,0,0,3,0.0,0.0,0.0,3,0,3,0,0,0,3,3,0,0,0,0,0,0,0,0,0,0,0,5,0,0,0,0,0,0,0,0,0,0,0,0,0,0,16,1,0
c:\Users\arthur.menezes_evolu\Desktop\Pes\baseAdapter\base-adapter-library\src\main\java\com\zhy\adapter\abslistview\CommonAdapter.java,com.zhy.adapter.abslistview.CommonAdapter,class,5,8,3,5,2,3,0,1,1,0.0,0.0,0.0,2,0,1,0,1,0,2,1,0,0,0,0,0,0,0,0,0,0,0,18,0,0,0,0,0,0,0,0,0,0,0,1,0,0,12,1025,0
c:\Users\arthur.menezes_evolu\Desktop\Pes\baseAdapter\sample\src\androidTest\java\com\zhy\sample\ApplicationTest.java,com.zhy.sample.ApplicationTest,class,2,2,0,2,1,2,0,0,0,0.0,NaN,NaN,1,0,1,0,0,0,1,0,0,0,0,0,0,0,0,0,0,0,0,5,0,0,0,0,0,0,0,0,0,0,0,0,0,0,7,1,0
c:\Users\arthur.menezes_evolu\Desktop\Pes\baseAdapter\sample\src\main\java\com\zhy\sample\MainActivity.java,com.zhy.sample.MainActivity$Anonymous2,anonymous,6,6,0,6,5,1,0,1,0,0.0,NaN,NaN,1,0,1,0,0,0,1,0,0,0,0,0,0,0,0,0,0,0,0,18,0,0,1,0,0,0,3,4,0,1,1,0,0,0,11,-1,0
c:\Users\arthur.menezes_evolu\Desktop\Pes\baseAdapter\sample\src\main\java\com\zhy\sample\MainActivity.java,com.zhy.sample.MainActivity$Anonymous1,anonymous,2,2,0,2,2,1,0,2,1,0.0,0.0,0.0,2,0,2,0,0,0,2,0,0,0,0,0,0,0,0,0,0,0,0,8,0,0,0,0,0,0,0,0,0,0,0,0,0,0,7,-1,0
c:\Users\arthur.menezes_evolu\Desktop\Pes\baseAdapter\base-adapter-library\src\main\java\com\zhy\adapter\abslistview\MultiItemTypeAdapter.java,com.zhy.adapter.abslistview.MultiItemTypeAdapter,class,9,12,3,9,15,2,0,18,0,0.57575756,0.0,0.0,11,0,9,1,1,0,10,0,0,0,3,0,0,1,2,0,0,0,0,59,10,0,1,0,0,0,1,12,0,8,1,0,0,0,30,1,0
c:\Users\arthur.menezes_evolu\Desktop\Pes\baseAdapter\baseadapter-recyclerview\src\main\java\com\zhy\adapter\recyclerview\wrapper\HeaderAndFooterWrapper.java,com.zhy.adapter.recyclerview.wrapper.HeaderAndFooterWrapper,class,10,13,3,10,24,1,0,19,29,0.75714284,0.0,0.0,14,0,11,3,0,0,11,0,0,0,5,2,0,5,0,0,2,0,4,86,14,0,2,0,0,0,2,8,7,8,1,1,0,0,53,1,0
c:\Users\arthur.menezes_evolu\Desktop\Pes\baseAdapter\sample\src\main\java\com\zhy\sample\RecyclerViewActivity.java,com.zhy.sample.RecyclerViewActivity$Anonymous2$Anonymous3,anonymous,0,0,0,0,2,1,0,2,0,0.0,NaN,NaN,1,0,1,0,0,0,1,0,0,0,0,0,0,0,0,0,0,0,0,8,0,1,0,0,0,1,2,1,1,1,1,0,0,0,2,-1,0
c:\Users\arthur.menezes_evolu\Desktop\Pes\baseAdapter\baseadapter-recyclerview\src\main\java\com\zhy\adapter\recyclerview\wrapper\HeaderAndFooterWrapper.java,com.zhy.adapter.recyclerview.wrapper.HeaderAndFooterWrapper$Anonymous1,anonymous,3,3,0,3,4,1,0,4,0,0.0,NaN,NaN,1,0,1,0,0,0,1,0,0,0,0,0,0,0,0,0,0,0,0,13,4,0,3,0,0,0,1,1,0,1,1,0,0,0,14,-1,0
c:\Users\arthur.menezes_evolu\Desktop\Pes\baseAdapter\sample\src\main\java\com\zhy\sample\RecyclerViewActivity.java,com.zhy.sample.RecyclerViewActivity$Anonymous4,anonymous,2,2,0,2,2,1,0,3,1,0.0,0.0,0.0,2,0,2,0,0,0,2,0,0,0,0,0,0,0,0,0,0,0,0,9,1,0,0,0,0,1,0,0,1,0,0,0,0,0,7,-1,0
c:\Users\arthur.menezes_evolu\Desktop\Pes\baseAdapter\sample\src\main\java\com\zhy\sample\adapter\rv\MsgComingItemDelagate.java,com.zhy.sample.adapter.rv.MsgComingItemDelagate,class,3,4,1,3,3,1,0,6,3,0.0,0.0,0.0,3,0,3,0,0,0,3,0,0,0,0,0,0,0,0,0,0,0,0,13,2,0,0,0,0,0,0,0,0,0,0,0,0,0,20,1,0
c:\Users\arthur.menezes_evolu\Desktop\Pes\baseAdapter\sample\src\main\java\com\zhy\sample\RecyclerViewActivity.java,com.zhy.sample.RecyclerViewActivity$Anonymous1,anonymous,1,1,0,1,1,1,0,3,0,0.0,NaN,NaN,1,0,0,0,1,0,1,0,0,0,0,0,0,0,0,0,0,0,0,5,0,0,0,0,0,2,0,0,1,0,0,0,0,0,4,-1,0
c:\Users\arthur.menezes_evolu\Desktop\Pes\baseAdapter\sample\src\main\java\com\zhy\sample\MultiItemRvActivity.java,com.zhy.sample.MultiItemRvActivity$Anonymous1,anonymous,1,1,0,1,1,1,0,1,0,0.0,NaN,NaN,1,0,1,0,0,0,1,0,0,0,0,0,0,0,0,0,0,0,0,14,0,0,0,0,0,0,1,0,0,0,0,1,0,0,6,-1,0
c:\Users\arthur.menezes_evolu\Desktop\Pes\baseAdapter\sample\src\main\java\com\zhy\sample\MultiItemRvActivity.java,com.zhy.sample.MultiItemRvActivity$Anonymous3,anonymous,2,2,0,2,2,1,0,2,1,0.0,0.0,0.0,2,0,2,0,0,0,2,0,0,0,0,0,0,0,0,0,0,0,0,9,1,0,0,0,0,2,0,0,2,0,0,0,0,0,7,-1,0
c:\Users\arthur.menezes_evolu\Desktop\Pes\baseAdapter\sample\src\main\java\com\zhy\sample\RecyclerViewActivity.java,com.zhy.sample.RecyclerViewActivity$Anonymous2,anonymous,1,1,0,1,1,1,0,1,0,0.0,NaN,NaN,1,0,1,0,0,0,1,0,0,0,0,0,0,0,0,0,0,0,0,13,0,0,0,0,0,0,1,0,0,0,0,1,0,0,6,-1,0
c:\Users\arthur.menezes_evolu\Desktop\Pes\baseAdapter\base-adapter-library\src\main\java\com\zhy\adapter\abslistview\ViewHolder.java,com.zhy.adapter.abslistview.ViewHolder,class,20,29,9,20,35,1,0,33,413,0.9133333,0.0,0.0,30,1,30,0,0,0,30,0,0,0,5,0,0,3,2,0,0,0,0,174,29,1,2,0,0,1,1,35,0,32,1,0,0,0,68,1,0
c:\Users\arthur.menezes_evolu\Desktop\Pes\baseAdapter\sample\src\main\java\com\zhy\sample\MultiItemListViewActivity.java,com.zhy.sample.MultiItemListViewActivity,class,5,6,1,5,1,2,0,5,0,0.5,NaN,NaN,1,0,0,0,1,0,1,0,0,0,2,0,0,2,0,0,0,0,0,11,0,0,0,0,0,0,0,1,0,2,0,0,0,0,23,1,0
c:\Users\arthur.menezes_evolu\Desktop\Pes\baseAdapter\baseadapter-recyclerview\src\main\java\com\zhy\adapter\recyclerview\utils\WrapperUtils.java,com.zhy.adapter.recyclerview.utils.WrapperUtils$SpanSizeCallback,interface,2,2,0,2,1,1,0,0,0,0.0,NaN,NaN,1,0,0,0,0,1,1,0,0,0,0,0,0,0,0,0,0,0,0,3,0,0,0,0,0,0,0,0,0,0,0,0,0,0,8,1,0
c:\Users\arthur.menezes_evolu\Desktop\Pes\baseAdapter\baseadapter-recyclerview\src\main\java\com\zhy\adapter\recyclerview\wrapper\LoadmoreWrapper.java,com.zhy.adapter.recyclerview.wrapper.LoadMoreWrapper$Anonymous1,anonymous,3,3,0,3,3,1,0,3,0,0.0,NaN,NaN,1,0,1,0,0,0,1,0,0,0,0,0,0,0,0,0,0,0,0,11,3,0,1,0,0,0,1,0,0,0,1,0,0,0,14,-1,0
c:\Users\arthur.menezes_evolu\Desktop\Pes\baseAdapter\baseadapter-recyclerview\src\main\java\com\zhy\adapter\recyclerview\wrapper\LoadmoreWrapper.java,com.zhy.adapter.recyclerview.wrapper.LoadMoreWrapper,class,12,16,4,12,26,1,0,16,10,0.72307694,0.0,0.0,13,0,10,3,0,0,10,0,0,0,5,1,1,4,0,0,1,0,3,91,11,0,7,0,2,0,4,9,2,8,2,1,1,0,56,1,0
c:\Users\arthur.menezes_evolu\Desktop\Pes\baseAdapter\sample\src\main\java\com\zhy\sample\DividerItemDecoration.java,com.zhy.sample.DividerItemDecoration,class,10,12,2,10,12,2,0,23,0,0.59999996,0.0,0.0,6,0,6,0,0,0,6,0,0,0,5,3,2,3,0,0,3,0,0,62,0,2,4,0,0,1,9,23,6,23,1,0,0,0,65,1,0
c:\Users\arthur.menezes_evolu\Desktop\Pes\baseAdapter\sample\src\main\java\com\zhy\sample\MultiItemRvActivity.java,com.zhy.sample.MultiItemRvActivity$Anonymous1$Anonymous2,anonymous,1,1,0,1,4,1,0,4,0,0.0,NaN,NaN,1,0,1,0,0,0,1,0,0,0,0,0,0,0,0,0,0,0,1,9,0,0,0,0,0,3,1,3,1,2,0,0,0,0,8,-1,0
c:\Users\arthur.menezes_evolu\Desktop\Pes\baseAdapter\baseadapter-recyclerview\src\androidTest\java\com\zhy\baseadapter_recyclerview\ApplicationTest.java,com.zhy.baseadapter_recyclerview.ApplicationTest,class,2,2,0,2,1,2,0,0,0,0.0,NaN,NaN,1,0,1,0,0,0,1,0,0,0,0,0,0,0,0,0,0,0,0,5,0,0,0,0,0,0,0,0,0,0,0,0,0,0,7,1,0
c:\Users\arthur.menezes_evolu\Desktop\Pes\baseAdapter\baseadapter-recyclerview\src\main\java\com\zhy\adapter\recyclerview\base\ItemViewDelegateManager.java,com.zhy.adapter.recyclerview.base.ItemViewDelegateManager,class,5,7,2,5,19,1,0,12,0,0.1,0.0,0.0,10,0,10,0,0,0,10,0,0,0,1,0,0,0,0,1,0,0,0,68,10,2,3,0,0,7,5,10,4,10,2,0,0,0,46,1,0
c:\Users\arthur.menezes_evolu\Desktop\Pes\baseAdapter\sample\src\main\java\com\zhy\sample\adapter\lv\MsgSendItemDelagate.java,com.zhy.sample.adapter.lv.MsgSendItemDelagate,class,3,4,1,3,3,1,0,6,3,0.0,0.0,0.0,3,0,3,0,0,0,3,0,0,0,0,0,0,0,0,0,0,0,0,13,2,0,0,0,0,0,0,0,0,0,0,0,0,0,20,1,0
c:\Users\arthur.menezes_evolu\Desktop\Pes\baseAdapter\baseadapter-recyclerview\src\main\java\com\zhy\adapter\recyclerview\utils\WrapperUtils.java,com.zhy.adapter.recyclerview.utils.WrapperUtils$Anonymous1,anonymous,1,1,0,1,1,1,0,1,0,0.0,NaN,NaN,1,0,1,0,0,0,1,0,0,0,0,0,0,0,0,0,0,0,0,5,1,0,0,0,0,0,0,0,0,0,0,0,0,0,4,-1,0
c:\Users\arthur.menezes_evolu\Desktop\Pes\baseAdapter\baseadapter-recyclerview\src\main\java\com\zhy\adapter\recyclerview\MultiItemTypeAdapter.java,com.zhy.adapter.recyclerview.MultiItemTypeAdapter$Anonymous1,anonymous,2,2,0,2,2,1,0,2,0,0.0,NaN,NaN,1,0,1,0,0,0,1,0,0,0,0,0,0,0,0,0,0,0,0,8,0,0,1,0,0,0,0,1,0,1,1,0,0,0,10,-1,0
c:\Users\arthur.menezes_evolu\Desktop\Pes\baseAdapter\baseadapter-recyclerview\src\main\java\com\zhy\adapter\recyclerview\MultiItemTypeAdapter.java,com.zhy.adapter.recyclerview.MultiItemTypeAdapter$Anonymous2,anonymous,2,2,0,2,2,1,0,2,0,0.0,NaN,NaN,1,0,1,0,0,0,1,0,0,0,0,0,0,0,0,0,0,0,0,9,2,0,1,0,0,0,0,1,0,1,1,0,0,0,12,-1,0
c:\Users\arthur.menezes_evolu\Desktop\Pes\baseAdapter\base-adapter-library\src\main\java\com\zhy\adapter\abslistview\CommonAdapter.java,com.zhy.adapter.abslistview.CommonAdapter$Anonymous1,anonymous,3,3,0,3,3,1,0,1,3,0.0,0.0,0.0,3,0,3,0,0,0,3,0,0,0,0,0,0,0,0,0,0,0,0,11,2,0,0,0,0,0,0,0,0,0,0,0,0,0,14,-1,0
c:\Users\arthur.menezes_evolu\Desktop\Pes\baseAdapter\baseadapter-recyclerview\src\main\java\com\zhy\adapter\recyclerview\CommonAdapter.java,com.zhy.adapter.recyclerview.CommonAdapter,class,6,8,2,6,2,2,0,2,1,0.5,0.0,0.0,2,0,1,0,1,0,2,1,0,0,4,0,0,0,4,0,0,0,0,26,0,0,0,0,0,0,0,4,0,4,0,1,0,0,23,1025,0
c:\Users\arthur.menezes_evolu\Desktop\Pes\baseAdapter\sample\src\main\java\com\zhy\sample\MainActivity.java,com.zhy.sample.MainActivity,class,6,6,0,6,1,2,0,7,0,0.0,NaN,NaN,1,0,0,0,1,0,1,0,0,0,3,0,0,3,0,0,0,0,1,40,0,0,0,0,1,3,0,3,0,3,0,2,0,0,20,1,0
c:\Users\arthur.menezes_evolu\Desktop\Pes\baseAdapter\baseadapter-recyclerview\src\main\java\com\zhy\adapter\recyclerview\wrapper\EmptyWrapper.java,com.zhy.adapter.recyclerview.wrapper.EmptyWrapper$Anonymous1,anonymous,3,3,0,3,3,1,0,3,0,0.0,NaN,NaN,1,0,1,0,0,0,1,0,0,0,0,0,0,0,0,0,0,0,0,11,3,0,1,0,0,0,1,0,0,0,1,0,0,0,12,-1,0
c:\Users\arthur.menezes_evolu\Desktop\Pes\baseAdapter\baseadapter-recyclerview\src\test\java\com\zhy\baseadapter_recyclerview\ExampleUnitTest.java,com.zhy.baseadapter_recyclerview.ExampleUnitTest,class,1,1,0,1,1,1,0,1,0,0.0,NaN,NaN,1,0,1,0,0,0,1,0,0,0,0,0,0,0,0,0,0,0,0,5,0,0,0,0,0,0,3,0,1,0,0,0,0,0,18,1,0
c:\Users\arthur.menezes_evolu\Desktop\Pes\baseAdapter\sample\src\main\java\com\zhy\sample\bean\ChatMessage.java,com.zhy.sample.bean.ChatMessage,class,1,10,9,1,13,1,0,2,14,0.78125,0.0,0.0,12,0,12,0,0,0,13,0,0,0,8,3,3,5,0,0,2,0,0,103,6,0,0,0,0,56,2,39,1,9,0,0,0,0,38,1,0
c:\Users\arthur.menezes_evolu\Desktop\Pes\baseAdapter\sample\src\main\java\com\zhy\sample\adapter\rv\MsgSendItemDelagate.java,com.zhy.sample.adapter.rv.MsgSendItemDelagate,class,3,4,1,3,3,1,0,6,3,0.0,0.0,0.0,3,0,3,0,0,0,3,0,0,0,0,0,0,0,0,0,0,0,0,13,2,0,0,0,0,0,0,0,0,0,0,0,0,0,20,1,0
c:\Users\arthur.menezes_evolu\Desktop\Pes\baseAdapter\sample\src\main\java\com\zhy\sample\RecyclerViewActivity.java,com.zhy.sample.RecyclerViewActivity,class,18,20,2,18,12,2,0,22,16,0.7291667,0.0,0.0,8,0,4,3,1,0,5,0,0,0,6,0,0,6,0,0,0,0,0,95,2,1,0,0,0,3,3,10,1,10,1,3,0,0,50,1,0
c:\Users\arthur.menezes_evolu\Desktop\Pes\baseAdapter\baseadapter-recyclerview\src\main\java\com\zhy\adapter\recyclerview\MultiItemTypeAdapter.java,com.zhy.adapter.recyclerview.MultiItemTypeAdapter$OnItemClickListener,interface,2,2,0,2,2,1,0,0,1,0.0,0.0,0.0,2,0,0,0,0,2,2,0,0,0,0,0,0,0,0,0,0,0,0,4,0,0,0,0,0,0,0,0,0,0,0,0,0,0,8,1,0
c:\Users\arthur.menezes_evolu\Desktop\Pes\baseAdapter\baseadapter-recyclerview\src\main\java\com\zhy\adapter\recyclerview\wrapper\LoadmoreWrapper.java,com.zhy.adapter.recyclerview.wrapper.LoadMoreWrapper$OnLoadMoreListener,interface,0,0,0,0,1,1,0,0,0,0.0,NaN,NaN,1,0,0,0,0,1,1,0,0,0,0,0,0,0,0,0,0,0,0,3,0,0,0,0,0,0,0,0,0,0,0,0,0,0,6,1,0
c:\Users\arthur.menezes_evolu\Desktop\Pes\baseAdapter\baseadapter-recyclerview\src\main\java\com\zhy\adapter\recyclerview\base\ViewHolder.java,com.zhy.adapter.recyclerview.base.ViewHolder,class,21,33,12,21,32,2,0,32,370,0.9166667,0.0,0.0,28,2,28,0,0,0,28,0,0,0,3,0,0,3,0,0,0,0,0,158,27,1,1,0,0,1,1,31,0,30,1,0,0,0,63,1,0
c:\Users\arthur.menezes_evolu\Desktop\Pes\baseAdapter\sample\src\main\java\com\zhy\sample\adapter\lv\MsgComingItemDelagate.java,com.zhy.sample.adapter.lv.MsgComingItemDelagate,class,3,4,1,3,3,1,0,6,3,0.0,0.0,0.0,3,0,3,0,0,0,3,0,0,0,0,0,0,0,0,0,0,0,0,13,2,0,0,0,0,0,0,0,0,0,0,0,0,0,20,1,0
c:\Users\arthur.menezes_evolu\Desktop\Pes\baseAdapter\baseadapter-recyclerview\src\main\java\com\zhy\adapter\recyclerview\base\ItemViewDelegate.java,com.zhy.adapter.recyclerview.base.ItemViewDelegate,interface,2,7,5,2,3,1,0,0,3,0.0,0.0,0.0,3,0,0,0,0,3,3,0,0,0,0,0,0,0,0,0,0,0,0,5,0,0,0,0,0,0,0,0,0,0,0,0,0,0,16,1,0
c:\Users\arthur.menezes_evolu\Desktop\Pes\baseAdapter\baseadapter-recyclerview\src\main\java\com\zhy\adapter\recyclerview\MultiItemTypeAdapter.java,com.zhy.adapter.recyclerview.MultiItemTypeAdapter,class,10,15,5,10,17,1,0,20,31,0.73214287,0.0,0.0,14,0,11,0,3,0,14,0,0,0,4,0,0,0,4,0,0,0,1,81,10,0,0,0,0,0,1,8,0,8,1,2,1,0,40,1,0
