file,class,method,constructor,line,cbo,cboModified,fanin,fanout,wmc,rfc,loc,returnsQty,variablesQty,parametersQty,methodsInvokedQty,methodsInvokedLocalQty,methodsInvokedIndirectLocalQty,loopQty,comparisonsQty,tryCatchQty,parenthesizedExpsQty,stringLiteralsQty,numbersQty,assignmentsQty,mathOperationsQty,maxNestedBlocksQty,anonymousClassesQty,innerClassesQty,lambdasQty,uniqueWordsQty,modifiers,logStatementsQty,hasJavaDoc
c:\Users\arthur.menezes_evolu\Desktop\Pes\500px-android-blur\app\src\main\java\com\fivehundredpx\blurdemo\MainActivity.java,com.fivehundredpx.blurdemo.MainActivity$Anonymous1,onAnimationUpdate/1[com.fivehundredpx.blurdemo.ValueAnimator],false,64,1,0,0,0,1,1,3,0,0,1,1,0,0,0,0,0,0,0,0,0,0,0,0,0,0,6,1,0,false
c:\Users\arthur.menezes_evolu\Desktop\Pes\500px-android-blur\blurringview\src\main\java\com\fivehundredpx\android\blur\BlurringView.java,com.fivehundredpx.android.blur.BlurringView,onDraw/1[com.fivehundredpx.android.blur.Canvas],false,52,3,2,0,2,5,15,21,0,0,1,15,2,1,0,2,0,1,0,2,0,2,3,0,0,0,17,4,0,false
c:\Users\arthur.menezes_evolu\Desktop\Pes\500px-android-blur\blurringview\src\main\java\com\fivehundredpx\android\blur\BlurringView.java,com.fivehundredpx.android.blur.BlurringView,setBlurRadius/1[int],false,78,0,1,1,0,1,1,3,0,0,1,1,0,0,0,0,0,0,0,0,0,0,0,0,0,0,4,1,0,false
c:\Users\arthur.menezes_evolu\Desktop\Pes\500px-android-blur\blurringview\src\main\java\com\fivehundredpx\android\blur\BlurringView.java,com.fivehundredpx.android.blur.BlurringView,BlurringView/1[com.fivehundredpx.android.blur.Context],true,25,1,0,0,0,1,0,3,0,0,1,0,0,0,0,0,0,0,0,0,0,0,0,0,0,0,4,1,0,false
c:\Users\arthur.menezes_evolu\Desktop\Pes\500px-android-blur\blurringview\src\main\java\com\fivehundredpx\android\blur\BlurringView.java,com.fivehundredpx.android.blur.BlurringView,setBlurredView/1[com.fivehundredpx.android.blur.View],false,47,1,1,1,0,1,0,3,0,0,1,0,0,0,0,0,0,0,0,0,1,0,0,0,0,0,5,1,0,false
c:\Users\arthur.menezes_evolu\Desktop\Pes\500px-android-blur\blurringview\src\main\java\com\fivehundredpx\android\blur\BlurringView.java,com.fivehundredpx.android.blur.BlurringView,"BlurringView/2[com.fivehundredpx.android.blur.Context,com.fivehundredpx.android.blur.AttributeSet]",true,29,5,4,0,4,1,10,13,0,5,2,10,4,1,0,0,0,0,0,0,5,0,0,0,0,0,22,1,0,false
c:\Users\arthur.menezes_evolu\Desktop\Pes\500px-android-blur\blurringview\src\main\java\com\fivehundredpx\android\blur\BlurringView.java,com.fivehundredpx.android.blur.BlurringView,prepare/0,false,102,1,1,1,0,10,7,28,3,4,0,7,0,0,0,8,0,0,0,6,14,10,3,0,0,0,23,4,0,false
c:\Users\arthur.menezes_evolu\Desktop\Pes\500px-android-blur\blurringview\src\main\java\com\fivehundredpx\android\blur\BlurringView.java,com.fivehundredpx.android.blur.BlurringView,blur/0,false,145,0,1,1,0,1,4,6,0,0,0,4,0,0,0,0,0,0,0,0,0,0,0,0,0,0,8,4,0,false
c:\Users\arthur.menezes_evolu\Desktop\Pes\500px-android-blur\blurringview\src\main\java\com\fivehundredpx\android\blur\BlurringView.java,com.fivehundredpx.android.blur.BlurringView,initializeRenderScript/1[com.fivehundredpx.android.blur.Context],false,97,1,1,1,0,1,2,4,0,0,1,2,0,0,0,0,0,0,0,0,2,0,0,0,0,0,7,2,0,false
c:\Users\arthur.menezes_evolu\Desktop\Pes\500px-android-blur\blurringview\src\main\java\com\fivehundredpx\android\blur\BlurringView.java,com.fivehundredpx.android.blur.BlurringView,onDetachedFromWindow/0,false,153,0,0,0,0,2,2,6,0,0,0,2,0,0,0,1,0,0,0,0,0,0,1,0,0,0,8,4,0,false
c:\Users\arthur.menezes_evolu\Desktop\Pes\500px-android-blur\blurringview\src\main\java\com\fivehundredpx\android\blur\BlurringView.java,com.fivehundredpx.android.blur.BlurringView,setDownsampleFactor/1[int],false,82,0,1,1,0,3,0,9,0,0,1,0,0,0,0,1,0,0,1,1,2,0,1,0,0,0,14,1,0,false
c:\Users\arthur.menezes_evolu\Desktop\Pes\500px-android-blur\blurringview\src\main\java\com\fivehundredpx\android\blur\BlurringView.java,com.fivehundredpx.android.blur.BlurringView,setOverlayColor/1[int],false,93,0,1,1,0,1,0,3,0,0,1,0,0,0,0,0,0,0,0,0,1,0,0,0,0,0,5,1,0,false
c:\Users\arthur.menezes_evolu\Desktop\Pes\500px-android-blur\app\src\androidTest\java\com\fivehundredpx\blurdemo\ApplicationTest.java,com.fivehundredpx.blurdemo.ApplicationTest,ApplicationTest/0,true,10,1,0,0,0,1,0,3,0,0,0,0,0,0,0,0,0,0,0,0,0,0,0,0,0,0,2,1,0,false
c:\Users\arthur.menezes_evolu\Desktop\Pes\500px-android-blur\blurringview\src\androidTest\java\com\fivehundredpx\blur\ApplicationTest.java,com.fivehundredpx.blur.ApplicationTest,ApplicationTest/0,true,10,1,0,0,0,1,0,3,0,0,0,0,0,0,0,0,0,0,0,0,0,0,0,0,0,0,2,1,0,false
c:\Users\arthur.menezes_evolu\Desktop\Pes\500px-android-blur\app\src\main\java\com\fivehundredpx\blurdemo\MainActivity.java,com.fivehundredpx.blurdemo.MainActivity,onCreate/1[com.fivehundredpx.blurdemo.Bundle],false,23,4,1,0,1,1,4,16,0,1,1,4,0,0,0,0,0,0,0,9,11,0,0,0,0,0,16,4,0,false
c:\Users\arthur.menezes_evolu\Desktop\Pes\500px-android-blur\app\src\main\java\com\fivehundredpx\blurdemo\MainActivity.java,com.fivehundredpx.blurdemo.MainActivity,shift/1[com.fivehundredpx.blurdemo.View],false,69,5,1,0,1,4,8,32,0,6,1,8,0,0,2,0,0,2,0,8,8,4,2,0,0,0,22,1,0,false
c:\Users\arthur.menezes_evolu\Desktop\Pes\500px-android-blur\app\src\main\java\com\fivehundredpx\blurdemo\MainActivity.java,com.fivehundredpx.blurdemo.MainActivity,shuffle/1[com.fivehundredpx.blurdemo.View],false,43,1,0,0,0,3,5,13,0,3,1,5,0,0,2,1,0,1,0,1,4,2,1,0,0,0,12,1,0,false
c:\Users\arthur.menezes_evolu\Desktop\Pes\500px-android-blur\app\src\main\java\com\fivehundredpx\blurdemo\MainActivity.java,com.fivehundredpx.blurdemo.MainActivity$AnimationEndListener,onAnimationEnd/1[com.fivehundredpx.blurdemo.Animator],false,129,1,0,0,0,1,1,3,0,0,1,1,0,0,0,0,0,0,0,0,0,0,0,0,0,0,5,1,0,false
c:\Users\arthur.menezes_evolu\Desktop\Pes\500px-android-blur\app\src\main\java\com\fivehundredpx\blurdemo\MainActivity.java,com.fivehundredpx.blurdemo.MainActivity$AnimationEndListener,onAnimationCancel/1[com.fivehundredpx.blurdemo.Animator],false,134,1,0,0,0,1,1,3,0,0,1,1,0,0,0,0,0,0,0,0,0,0,0,0,0,0,5,1,0,false
c:\Users\arthur.menezes_evolu\Desktop\Pes\500px-android-blur\app\src\main\java\com\fivehundredpx\blurdemo\MainActivity.java,com.fivehundredpx.blurdemo.MainActivity$AnimationEndListener,onAnimationRepeat/1[com.fivehundredpx.blurdemo.Animator],false,139,1,0,0,0,1,0,2,0,0,1,0,0,0,0,0,0,0,0,0,0,0,0,0,0,0,5,1,0,false
c:\Users\arthur.menezes_evolu\Desktop\Pes\500px-android-blur\app\src\main\java\com\fivehundredpx\blurdemo\MainActivity.java,com.fivehundredpx.blurdemo.MainActivity$AnimationEndListener,onAnimationStart/1[com.fivehundredpx.blurdemo.Animator],false,124,1,0,0,0,1,1,3,0,0,1,1,0,0,0,0,0,0,0,0,0,0,0,0,0,0,5,1,0,false
c:\Users\arthur.menezes_evolu\Desktop\Pes\500px-android-blur\app\src\main\java\com\fivehundredpx\blurdemo\MainActivity.java,com.fivehundredpx.blurdemo.MainActivity$AnimationEndListener,AnimationEndListener/1[com.fivehundredpx.blurdemo.View],true,119,1,1,1,0,1,0,3,0,0,1,0,0,0,0,0,0,0,0,0,1,0,0,0,0,0,6,1,0,false
