file,class,type,cbo,cboModified,fanin,fanout,wmc,dit,noc,rfc,lcom,lcom*,tcc,lcc,totalMethodsQty,staticMethodsQty,publicMethodsQty,privateMethodsQty,protectedMethodsQty,defaultMethodsQty,visibleMethodsQty,abstractMethodsQty,finalMethodsQty,synchronizedMethodsQty,totalFieldsQty,staticFieldsQty,publicFieldsQty,privateFieldsQty,protectedFieldsQty,defaultFieldsQty,finalFieldsQty,synchronizedFieldsQty,nosi,loc,returnQty,loopQty,comparisonsQty,tryCatchQty,parenthesizedExpsQty,stringLiteralsQty,numbersQty,assignmentsQty,mathOperationsQty,variablesQty,maxNestedBlocksQty,anonymousClassesQty,innerClassesQty,lambdasQty,uniqueWordsQty,modifiers,logStatementsQty
c:\Users\arthur.menezes_evolu\Desktop\Pes\GreenDroid\GreenDroid\src\greendroid\widget\QuickActionGrid.java,greendroid.widget.QuickActionGrid$Anonymous1,anonymous,6,6,0,6,5,1,0,7,6,0.0,0.0,0.0,4,0,4,0,0,0,4,0,0,0,0,0,0,0,0,0,0,0,0,22,4,0,1,0,0,0,0,4,0,3,1,0,0,0,20,-1,0
c:\Users\arthur.menezes_evolu\Desktop\Pes\GreenDroid\GreenDroid\src\greendroid\app\GDActivity.java,greendroid.app.GDActivity$Anonymous1,anonymous,4,4,0,4,11,1,0,12,0,0.0,NaN,NaN,1,0,1,0,0,0,1,0,0,0,0,0,0,0,0,0,0,0,0,36,0,0,3,0,0,4,0,4,1,4,4,0,0,0,30,-1,0
c:\Users\arthur.menezes_evolu\Desktop\Pes\GreenDroid\GreenDroid\src\greendroid\widget\QuickActionGrid.java,greendroid.widget.QuickActionGrid$Anonymous2,anonymous,4,4,0,4,2,1,0,4,0,0.0,NaN,NaN,1,0,1,0,0,0,1,0,0,0,0,0,0,0,0,0,0,0,0,8,0,0,0,0,0,0,0,0,0,0,1,0,0,0,12,-1,0
c:\Users\arthur.menezes_evolu\Desktop\Pes\GreenDroid\GDCatalog\src\com\cyrilmottier\android\gdcatalog\SimpleAsyncImageViewActivity.java,com.cyrilmottier.android.gdcatalog.SimpleAsyncImageViewActivity,class,4,5,1,4,4,3,0,4,0,0.5625,0.0,0.0,4,0,3,0,1,0,4,0,0,0,4,3,0,4,0,0,3,0,0,20,0,0,0,0,0,3,0,4,0,4,0,0,0,0,68,1,0
c:\Users\arthur.menezes_evolu\Desktop\Pes\GreenDroid\GreenDroid\src\greendroid\widget\PageIndicator.java,greendroid.widget.PageIndicator$SavedState$Anonymous1,anonymous,1,1,0,1,2,1,0,0,1,0.0,0.0,0.0,2,0,2,0,0,0,2,0,0,0,0,0,0,0,0,0,0,0,0,8,2,0,0,0,0,0,0,0,0,0,0,0,0,0,9,-1,0
c:\Users\arthur.menezes_evolu\Desktop\Pes\GreenDroid\GDCatalog\src\com\cyrilmottier\android\gdcatalog\AsyncImageViewListActivity.java,com.cyrilmottier.android.gdcatalog.AsyncImageViewListActivity$MyAdapter,innerclass,17,17,0,17,8,2,0,24,11,0.75,0.0,0.0,6,0,5,1,0,0,5,0,0,0,6,3,0,6,0,0,4,0,1,78,4,0,1,0,0,2,8,19,4,14,1,0,1,0,61,10,0
c:\Users\arthur.menezes_evolu\Desktop\Pes\GreenDroid\GDCatalog\src\com\cyrilmottier\android\gdcatalog\widget\HeadedTextItemView.java,com.cyrilmottier.android.gdcatalog.widget.HeadedTextItemView,class,7,7,0,7,5,2,0,4,4,0.5,0.0,0.0,4,0,4,0,0,0,4,0,0,0,2,0,0,2,0,0,0,0,0,26,0,0,0,0,0,0,0,4,0,4,1,0,0,0,22,1,0
c:\Users\arthur.menezes_evolu\Desktop\Pes\GreenDroid\GDCatalog\src\com\cyrilmottier\android\gdcatalog\TweakedItemViewActivity.java,com.cyrilmottier.android.gdcatalog.TweakedItemViewActivity$FakeCursor,innerclass,11,11,0,11,41,1,0,4,733,0.93589747,0.0,0.0,39,0,39,0,0,0,39,0,0,0,2,0,0,2,0,0,0,0,0,118,31,0,0,0,0,0,12,3,0,3,1,0,0,0,93,2,0
c:\Users\arthur.menezes_evolu\Desktop\Pes\GreenDroid\GreenDroid\src\greendroid\widget\QuickAction.java,greendroid.widget.QuickAction,class,3,9,6,3,4,1,2,3,0,0.33333334,0.0,0.0,4,0,4,0,0,0,4,0,0,0,3,0,2,0,0,1,0,0,0,21,0,0,0,0,0,0,0,8,0,3,0,0,0,0,30,1,0
c:\Users\arthur.menezes_evolu\Desktop\Pes\GreenDroid\GreenDroid\src\greendroid\widget\item\Item.java,greendroid.widget.item.Item,class,8,33,25,8,10,1,1,7,22,0.75,0.0,0.0,8,1,7,0,1,0,8,1,0,0,3,0,1,2,0,0,0,0,0,32,3,0,2,0,1,0,0,5,0,4,1,0,0,0,114,1025,0
c:\Users\arthur.menezes_evolu\Desktop\Pes\GreenDroid\GreenDroid\src\greendroid\widget\LoaderActionBarItem.java,greendroid.widget.LoaderActionBarItem,class,3,7,4,3,8,3,0,7,6,0.6,0.0,0.0,5,0,2,0,3,0,5,0,0,0,3,0,0,3,0,0,0,0,0,27,1,0,1,0,0,0,0,4,0,3,1,0,0,0,57,1,0
c:\Users\arthur.menezes_evolu\Desktop\Pes\GreenDroid\GreenDroid\src\greendroid\widget\PagedView.java,greendroid.widget.PagedView,class,20,28,8,20,81,3,0,74,285,0.9106665,0.0,0.0,30,0,16,11,3,0,19,0,0,0,25,5,0,25,0,0,6,0,5,378,13,3,24,0,7,2,40,93,28,70,2,2,2,0,234,1,0
c:\Users\arthur.menezes_evolu\Desktop\Pes\GreenDroid\GreenDroid\src\greendroid\widget\item\LongTextItem.java,greendroid.widget.item.LongTextItem,class,5,7,2,5,3,3,0,1,3,0.0,0.0,0.0,3,0,3,0,0,0,3,0,0,0,0,0,0,0,0,0,0,0,1,11,1,0,0,0,0,0,0,0,0,0,0,0,0,0,36,1,0
c:\Users\arthur.menezes_evolu\Desktop\Pes\GreenDroid\GreenDroid\src\greendroid\widget\ActionBar.java,greendroid.widget.ActionBar$OnActionBarListener,interface,0,0,0,0,1,1,0,0,0,0.0,NaN,NaN,1,0,0,0,0,1,1,0,0,0,1,0,0,0,0,1,0,0,0,4,0,0,0,0,0,0,1,1,0,1,0,0,0,0,55,1,0
c:\Users\arthur.menezes_evolu\Desktop\Pes\GreenDroid\GreenDroid\src\greendroid\widget\item\TextItem.java,greendroid.widget.item.TextItem,class,8,22,14,8,4,2,8,5,4,0.5,0.0,0.0,4,0,4,0,0,0,4,0,0,0,1,0,1,0,0,0,0,0,1,17,1,0,0,0,0,0,0,3,0,2,0,0,0,0,48,1,0
c:\Users\arthur.menezes_evolu\Desktop\Pes\GreenDroid\GreenDroid\src\greendroid\widget\itemview\SubtextItemView.java,greendroid.widget.itemview.SubtextItemView,class,7,7,0,7,4,2,0,2,4,0.5,0.0,0.0,4,0,4,0,0,0,4,0,0,0,2,0,0,2,0,0,0,0,0,19,0,0,0,0,0,0,0,3,0,3,0,0,0,0,25,1,0
c:\Users\arthur.menezes_evolu\Desktop\Pes\GreenDroid\GreenDroid\src\greendroid\widget\QuickActionWidget.java,greendroid.widget.QuickActionWidget$OnQuickActionClickListener,interface,1,1,0,1,1,1,0,0,0,0.0,NaN,NaN,1,0,0,0,0,1,1,0,0,0,0,0,0,0,0,0,0,0,0,3,0,0,0,0,0,0,0,0,0,0,0,0,0,0,35,9,0
c:\Users\arthur.menezes_evolu\Desktop\Pes\GreenDroid\GDCatalog\src\com\cyrilmottier\android\gdcatalog\TweakedItemViewActivity.java,com.cyrilmottier.android.gdcatalog.TweakedItemViewActivity,class,7,8,1,7,1,6,0,4,0,0.0,NaN,NaN,1,0,0,0,1,0,1,0,0,0,2,2,0,2,0,0,2,0,0,156,0,0,0,0,0,655,0,3,0,3,0,0,2,0,120,1,0
c:\Users\arthur.menezes_evolu\Desktop\Pes\GreenDroid\GDCatalog\src\com\cyrilmottier\android\gdcatalog\TweakedItemViewActivity.java,com.cyrilmottier.android.gdcatalog.TweakedItemViewActivity$SectionedItemAdapter,innerclass,10,10,0,10,6,3,0,9,0,0.0,0.0,0.0,5,0,5,0,0,0,5,0,0,0,1,0,0,1,0,0,0,0,0,28,4,0,1,0,0,0,1,6,0,4,1,0,0,0,45,2,0
c:\Users\arthur.menezes_evolu\Desktop\Pes\GreenDroid\GDCatalog\src\com\cyrilmottier\android\gdcatalog\CatalogApplication.java,com.cyrilmottier.android.gdcatalog.CatalogApplication,class,3,3,0,3,2,3,0,2,1,0.0,0.0,0.0,2,0,2,0,0,0,2,0,0,0,0,0,0,0,0,0,0,0,0,8,2,0,0,0,0,0,0,0,0,0,0,0,0,0,11,1,0
c:\Users\arthur.menezes_evolu\Desktop\Pes\GreenDroid\GDCatalog\src\com\cyrilmottier\android\gdcatalog\ActionBarActivity.java,com.cyrilmottier.android.gdcatalog.ActionBarActivity$Anonymous1,anonymous,1,1,0,1,1,1,0,1,0,0.0,NaN,NaN,1,0,1,0,0,0,1,0,0,0,0,0,0,0,0,0,0,0,0,5,0,0,0,0,0,0,0,0,0,0,0,0,0,0,2,-1,0
c:\Users\arthur.menezes_evolu\Desktop\Pes\GreenDroid\GreenDroid\src\greendroid\app\GDTabActivity.java,greendroid.app.GDTabActivity$Anonymous1,anonymous,4,4,0,4,7,1,0,11,0,0.0,NaN,NaN,1,0,1,0,0,0,1,0,0,0,0,0,0,0,0,0,0,0,0,22,0,0,2,0,0,3,0,2,1,2,3,0,0,0,25,-1,0
c:\Users\arthur.menezes_evolu\Desktop\Pes\GreenDroid\GreenDroid\src\greendroid\widget\item\ThumbnailItem.java,greendroid.widget.item.ThumbnailItem,class,9,13,4,9,5,4,0,6,4,0.5,0.0,0.0,5,0,5,0,0,0,5,0,0,0,2,0,2,0,0,0,0,0,1,24,1,0,0,0,0,0,0,5,0,3,0,0,0,0,98,1,0
c:\Users\arthur.menezes_evolu\Desktop\Pes\GreenDroid\GreenDroid\src\greendroid\widget\ItemAdapter.java,greendroid.widget.ItemAdapter,class,21,28,7,21,55,2,2,33,170,0.8055556,0.0,0.0,24,2,22,2,0,0,22,0,0,0,6,1,0,6,0,0,1,0,6,197,11,3,11,0,5,15,5,35,3,22,2,0,1,0,248,1,0
c:\Users\arthur.menezes_evolu\Desktop\Pes\GreenDroid\GDCatalog\src\com\cyrilmottier\android\gdcatalog\SegmentedActivity.java,com.cyrilmottier.android.gdcatalog.SegmentedActivity$PeopleSegmentedAdapter,innerclass,5,5,0,5,8,2,0,6,3,0.6666667,0.0,0.0,3,0,3,0,0,0,3,0,0,0,1,0,1,0,0,0,0,0,0,24,7,0,0,0,2,0,6,2,2,2,1,0,0,0,20,2,0
c:\Users\arthur.menezes_evolu\Desktop\Pes\GreenDroid\GreenDroid\src\greendroid\app\GDListActivity.java,greendroid.app.GDListActivity$Anonymous2,anonymous,4,4,0,4,1,1,0,1,0,0.0,NaN,NaN,1,0,1,0,0,0,1,0,0,0,0,0,0,0,0,0,0,0,0,5,0,0,0,0,0,0,0,0,0,0,0,0,0,0,6,-1,0
c:\Users\arthur.menezes_evolu\Desktop\Pes\GreenDroid\GreenDroid\src\greendroid\app\GDListActivity.java,greendroid.app.GDListActivity$Anonymous1,anonymous,0,0,0,0,1,1,0,1,0,0.0,NaN,NaN,1,0,1,0,0,0,1,0,0,0,0,0,0,0,0,0,0,0,0,5,0,0,0,0,0,0,0,0,0,0,0,0,0,0,4,-1,0
c:\Users\arthur.menezes_evolu\Desktop\Pes\GreenDroid\GreenDroid\src\greendroid\widget\SegmentedBar.java,greendroid.widget.SegmentedBar$SegmentClickedListener,innerclass,4,4,0,4,4,1,0,4,0,0.0,NaN,NaN,2,0,1,1,0,0,1,0,0,0,1,0,0,1,0,0,1,0,0,15,0,0,1,0,0,0,0,2,0,2,1,0,0,0,19,2,0
c:\Users\arthur.menezes_evolu\Desktop\Pes\GreenDroid\GreenDroid\src\greendroid\widget\SegmentedBar.java,greendroid.widget.SegmentedBar$SegmentCheckedListener,innerclass,3,3,0,3,3,1,0,1,0,0.0,NaN,NaN,2,0,1,1,0,0,1,0,0,0,1,0,0,1,0,0,1,0,0,11,0,0,0,0,0,0,0,1,0,1,1,0,0,0,15,2,0
c:\Users\arthur.menezes_evolu\Desktop\Pes\GreenDroid\GDCatalog\src\com\cyrilmottier\android\gdcatalog\WebContentActivity.java,com.cyrilmottier.android.gdcatalog.WebContentActivity,class,3,4,1,3,2,3,0,7,0,0.0,NaN,NaN,1,0,0,0,1,0,1,0,0,0,1,1,1,0,0,0,1,0,0,12,0,0,0,0,0,1,0,3,0,3,1,0,0,0,34,1,0
c:\Users\arthur.menezes_evolu\Desktop\Pes\GreenDroid\GDCatalog\src\com\cyrilmottier\android\gdcatalog\PagedViewActivity.java,com.cyrilmottier.android.gdcatalog.PagedViewActivity$Anonymous3,anonymous,2,2,0,2,3,1,0,1,3,0.0,0.0,0.0,3,0,3,0,0,0,3,0,0,0,0,0,0,0,0,0,0,0,0,9,0,0,0,0,0,0,0,0,0,0,0,0,0,0,12,-1,0
c:\Users\arthur.menezes_evolu\Desktop\Pes\GreenDroid\GDCatalog\src\com\cyrilmottier\android\gdcatalog\PagedViewActivity.java,com.cyrilmottier.android.gdcatalog.PagedViewActivity$Anonymous2,anonymous,2,2,0,2,1,1,0,1,0,0.0,NaN,NaN,1,0,1,0,0,0,1,0,0,0,0,0,0,0,0,0,0,0,0,5,0,0,0,0,0,0,0,0,0,0,0,0,0,0,4,-1,0
c:\Users\arthur.menezes_evolu\Desktop\Pes\GreenDroid\GDCatalog\src\com\cyrilmottier\android\gdcatalog\QuickActionActivity.java,com.cyrilmottier.android.gdcatalog.QuickActionActivity$MyQuickAction,innerclass,6,6,0,6,2,2,0,4,1,0.5,NaN,NaN,2,1,1,1,0,0,1,0,0,0,1,1,0,1,0,0,1,0,1,11,1,0,0,0,0,0,0,2,0,2,0,0,0,0,20,10,0
c:\Users\arthur.menezes_evolu\Desktop\Pes\GreenDroid\GreenDroid\src\greendroid\widget\ActionBar.java,greendroid.widget.ActionBar,class,17,29,12,17,40,2,0,41,74,0.8557692,0.0,0.0,16,0,14,1,1,0,15,0,0,0,13,1,1,12,0,0,1,0,2,202,9,1,6,1,2,1,15,40,2,26,2,1,2,0,147,1,0
c:\Users\arthur.menezes_evolu\Desktop\Pes\GreenDroid\GDCatalog\src\com\cyrilmottier\android\gdcatalog\AsyncImageViewListActivity.java,com.cyrilmottier.android.gdcatalog.AsyncImageViewListActivity,class,9,11,2,9,7,5,0,9,6,0.0,0.0,0.0,4,0,2,1,1,0,3,0,0,0,0,0,0,0,0,0,0,0,0,101,0,1,3,0,0,0,1,3,0,3,2,0,1,0,34,1,0
c:\Users\arthur.menezes_evolu\Desktop\Pes\GreenDroid\GDCatalog\src\com\cyrilmottier\android\gdcatalog\PagedViewActivity.java,com.cyrilmottier.android.gdcatalog.PagedViewActivity$Anonymous1,anonymous,2,2,0,2,1,1,0,1,0,0.0,NaN,NaN,1,0,1,0,0,0,1,0,0,0,0,0,0,0,0,0,0,0,0,5,0,0,0,0,0,0,0,0,0,0,0,0,0,0,4,-1,0
c:\Users\arthur.menezes_evolu\Desktop\Pes\GreenDroid\GreenDroid\src\greendroid\widget\SegmentedHost.java,greendroid.widget.SegmentedHost$Anonymous1,anonymous,1,1,0,1,2,1,0,1,1,0.0,0.0,0.0,2,0,2,0,0,0,2,0,0,0,0,0,0,0,0,0,0,0,0,7,0,0,0,0,0,0,0,0,0,0,0,0,0,0,9,-1,0
c:\Users\arthur.menezes_evolu\Desktop\Pes\GreenDroid\GreenDroid\src\greendroid\widget\itemview\DrawableItemView.java,greendroid.widget.itemview.DrawableItemView,class,8,8,0,8,5,2,0,4,4,0.5,0.0,0.0,4,0,4,0,0,0,4,0,0,0,2,0,0,2,0,0,0,0,0,26,0,0,1,0,0,0,1,4,0,4,1,0,0,0,27,1,0
c:\Users\arthur.menezes_evolu\Desktop\Pes\GreenDroid\GDCatalog\src\com\cyrilmottier\android\gdcatalog\ActionBarActivity.java,com.cyrilmottier.android.gdcatalog.ActionBarActivity,class,10,11,1,10,5,3,0,16,1,0.5,0.0,0.0,2,0,1,0,1,0,2,0,0,0,1,0,0,1,0,0,1,0,0,34,2,0,0,0,1,0,1,2,0,2,1,1,0,0,33,1,0
c:\Users\arthur.menezes_evolu\Desktop\Pes\GreenDroid\GreenDroid\src\greendroid\widget\item\DrawableItem.java,greendroid.widget.item.DrawableItem,class,9,12,3,9,5,3,0,5,8,0.6,0.0,0.0,5,0,5,0,0,0,5,0,0,0,1,0,1,0,0,0,0,0,1,22,1,0,0,0,0,0,2,3,0,2,0,0,0,0,64,1,0
c:\Users\arthur.menezes_evolu\Desktop\Pes\GreenDroid\GDCatalog\src\com\cyrilmottier\android\gdcatalog\MapPinMapActivity.java,com.cyrilmottier.android.gdcatalog.MapPinMapActivity,class,12,14,2,12,10,4,0,17,15,0.9285714,0.0,0.0,6,3,1,3,2,0,3,0,1,0,7,7,0,7,0,0,6,0,5,73,5,2,0,0,1,30,78,28,3,24,2,0,1,0,76,1,0
c:\Users\arthur.menezes_evolu\Desktop\Pes\GreenDroid\GreenDroid\src\greendroid\util\Md5Util.java,greendroid.util.Md5Util,class,0,0,0,0,6,1,0,10,1,0.5,0.0,0.0,2,1,1,1,0,0,2,0,0,0,2,2,0,2,0,0,0,0,2,28,1,1,0,1,0,1,4,5,0,5,2,0,0,0,35,1,0
c:\Users\arthur.menezes_evolu\Desktop\Pes\GreenDroid\GreenDroid\src\greendroid\widget\item\ProgressItem.java,greendroid.widget.item.ProgressItem,class,9,12,3,9,5,3,0,5,6,0.6,0.0,0.0,5,0,5,0,0,0,5,0,0,0,2,1,1,1,0,0,1,0,1,23,1,0,0,0,0,0,0,4,0,3,0,0,0,0,79,1,0
c:\Users\arthur.menezes_evolu\Desktop\Pes\GreenDroid\GDCatalog\src\com\cyrilmottier\android\gdcatalog\BasicItemActivity.java,com.cyrilmottier.android.gdcatalog.BasicItemActivity$Anonymous1,anonymous,2,2,0,2,1,1,0,3,0,0.0,NaN,NaN,1,0,1,0,0,0,1,0,0,0,0,0,0,0,0,0,0,0,0,10,0,0,0,0,0,2,1,0,0,0,0,0,0,0,9,-1,0
c:\Users\arthur.menezes_evolu\Desktop\Pes\GreenDroid\GreenDroid\src\greendroid\widget\AsyncImageView.java,greendroid.widget.AsyncImageView$OnImageViewLoadListener,interface,2,2,0,2,3,1,0,0,3,0.0,0.0,0.0,3,0,0,0,0,3,3,0,0,0,0,0,0,0,0,0,0,0,0,5,0,0,0,0,0,0,0,0,0,0,0,0,0,0,43,9,0
c:\Users\arthur.menezes_evolu\Desktop\Pes\GreenDroid\GreenDroid\src\greendroid\image\ImageRequest.java,greendroid.image.ImageRequest,class,8,12,4,8,12,1,0,5,10,0.7083333,0.0,0.0,8,0,8,0,0,0,8,0,1,0,6,1,0,6,0,0,0,0,0,70,2,0,3,0,0,0,0,7,0,6,2,0,2,0,55,1,0
c:\Users\arthur.menezes_evolu\Desktop\Pes\GreenDroid\GreenDroid\src\greendroid\graphics\drawable\ActionBarDrawable.java,greendroid.graphics.drawable.ActionBarDrawable,class,10,14,4,10,17,2,0,8,49,0.7878788,0.0,0.0,11,1,9,1,1,0,10,0,0,0,3,1,0,3,0,0,1,0,2,54,4,0,1,0,4,0,0,8,0,6,3,0,0,0,107,1,0
c:\Users\arthur.menezes_evolu\Desktop\Pes\GreenDroid\GreenDroid\src\greendroid\widget\ActionBarHost.java,greendroid.widget.ActionBarHost,class,5,8,3,5,9,2,0,3,6,0.6,0.0,0.0,5,0,4,0,1,0,5,0,0,0,2,0,0,2,0,0,0,0,0,28,2,0,2,0,2,2,0,2,0,2,1,0,0,0,32,1,0
c:\Users\arthur.menezes_evolu\Desktop\Pes\GreenDroid\GreenDroid\src\greendroid\widget\itemview\ProgressItemView.java,greendroid.widget.itemview.ProgressItemView,class,8,8,0,8,6,2,0,3,8,0.6,0.0,0.0,5,0,5,0,0,0,5,0,0,0,2,0,0,2,0,0,0,0,0,22,0,0,0,0,0,0,1,3,0,3,0,0,0,0,28,1,0
c:\Users\arthur.menezes_evolu\Desktop\Pes\GreenDroid\GreenDroid\src\greendroid\app\GDExpandableListActivity.java,greendroid.app.GDExpandableListActivity,class,13,14,1,13,28,3,0,17,134,0.82142854,0.0,0.0,21,0,19,1,1,0,20,0,0,0,4,0,0,3,0,1,0,0,0,94,10,0,3,0,0,3,0,5,1,4,1,0,0,0,138,1,0
c:\Users\arthur.menezes_evolu\Desktop\Pes\GreenDroid\GreenDroid\src\greendroid\widget\ActionBarItem.java,greendroid.widget.ActionBarItem$Type,enum,0,0,0,0,0,1,0,0,0,0.0,-1.0,-1.0,0,0,0,0,0,0,0,0,0,0,0,0,0,0,0,0,0,0,0,28,0,0,0,0,0,0,0,0,0,0,0,0,0,0,82,1,0
c:\Users\arthur.menezes_evolu\Desktop\Pes\GreenDroid\GreenDroid\src\greendroid\widget\QuickActionBar.java,greendroid.widget.QuickActionBar,class,13,14,1,13,8,3,0,25,2,0.6333333,0.0,0.0,5,0,2,0,3,0,5,0,0,0,6,0,0,6,0,0,0,0,0,73,0,1,0,0,2,0,2,16,4,15,1,2,0,0,89,1,0
c:\Users\arthur.menezes_evolu\Desktop\Pes\GreenDroid\GDCatalog\src\com\cyrilmottier\android\gdcatalog\QuickActionActivity.java,com.cyrilmottier.android.gdcatalog.QuickActionActivity$Anonymous1,anonymous,1,1,0,1,1,1,0,2,0,0.0,NaN,NaN,1,0,1,0,0,0,1,0,0,0,0,0,0,0,0,0,0,0,0,5,0,0,0,0,0,2,0,0,1,0,0,0,0,0,6,-1,0
c:\Users\arthur.menezes_evolu\Desktop\Pes\GreenDroid\GDCatalog\src\com\cyrilmottier\android\gdcatalog\SegmentedActivity.java,com.cyrilmottier.android.gdcatalog.SegmentedActivity$Anonymous1,anonymous,1,1,0,1,1,1,0,1,0,0.0,NaN,NaN,1,0,1,0,0,0,1,0,0,0,0,0,0,0,0,0,0,0,0,6,0,0,0,0,0,0,0,1,0,0,0,0,0,0,2,-1,0
c:\Users\arthur.menezes_evolu\Desktop\Pes\GreenDroid\GreenDroid\src\greendroid\widget\SegmentedBar.java,greendroid.widget.SegmentedBar,class,17,21,4,17,27,2,0,30,49,0.75,0.0,0.0,14,0,12,2,0,0,12,0,0,0,4,0,0,4,0,0,0,0,0,135,4,1,7,0,4,0,14,21,2,15,3,0,3,0,124,1,0
c:\Users\arthur.menezes_evolu\Desktop\Pes\GreenDroid\GreenDroid\src\greendroid\widget\PagedView.java,greendroid.widget.PagedView$OnPagedViewChangeListener,interface,1,1,0,1,3,1,0,0,3,0.0,0.0,0.0,3,0,0,0,0,3,3,0,0,0,0,0,0,0,0,0,0,0,0,5,0,0,0,0,0,0,0,0,0,0,0,0,0,0,40,1,0
c:\Users\arthur.menezes_evolu\Desktop\Pes\GreenDroid\GreenDroid\src\greendroid\app\GDActivity.java,greendroid.app.GDActivity,class,17,29,12,17,38,2,9,40,274,0.912,0.0,0.0,25,0,20,0,5,0,25,0,0,0,5,1,0,5,0,0,1,0,0,171,13,0,5,1,0,1,2,16,0,13,3,1,0,0,232,1,0
c:\Users\arthur.menezes_evolu\Desktop\Pes\GreenDroid\GreenDroid\src\greendroid\util\GDUtils.java,greendroid.util.GDUtils,class,4,8,4,4,4,1,0,4,6,0.0,0.0,0.0,4,3,3,1,0,0,3,0,0,0,0,0,0,0,0,0,0,0,2,13,3,0,0,0,0,0,0,0,0,0,0,0,0,0,34,1,0
c:\Users\arthur.menezes_evolu\Desktop\Pes\GreenDroid\GreenDroid\src\greendroid\app\ActionBarActivity.java,greendroid.app.ActionBarActivity,interface,5,8,3,5,11,1,0,0,55,1.0,0.0,0.0,11,0,0,0,0,11,11,0,0,0,2,2,0,0,0,2,2,0,0,15,0,0,0,0,0,2,0,2,0,2,0,0,0,0,137,1,0
c:\Users\arthur.menezes_evolu\Desktop\Pes\GreenDroid\GreenDroid-GoogleAPIs\src\greendroid\app\GDMapActivity.java,greendroid.app.GDMapActivity,class,17,20,3,17,37,2,1,39,274,0.912,0.0,0.0,25,0,20,0,5,0,25,0,0,0,5,1,0,5,0,0,1,0,0,163,12,0,5,1,0,1,2,13,0,10,3,1,0,0,110,1025,0
c:\Users\arthur.menezes_evolu\Desktop\Pes\GreenDroid\GreenDroid\src\greendroid\graphics\drawable\DrawableStateSet.java,greendroid.graphics.drawable.DrawableStateSet,class,1,1,0,1,1,1,0,0,0,1.0,-1.0,-1.0,1,0,0,1,0,0,0,0,0,0,3,3,3,0,0,0,3,0,0,7,0,0,0,0,0,0,0,3,0,3,0,0,0,0,62,1,0
c:\Users\arthur.menezes_evolu\Desktop\Pes\GreenDroid\GreenDroid\src\greendroid\image\ImageLoader.java,greendroid.image.ImageLoader,class,11,15,4,11,7,2,0,9,4,0.84375,0.0,0.0,4,0,4,0,0,0,4,0,0,0,8,8,0,8,0,0,4,0,2,125,3,0,3,0,0,0,3,12,0,8,1,0,3,0,75,1,0
c:\Users\arthur.menezes_evolu\Desktop\Pes\GreenDroid\GreenDroid\src\greendroid\widget\PageIndicator.java,greendroid.widget.PageIndicator,class,12,14,2,12,53,3,0,45,126,0.8368055,0.0,0.0,24,0,19,1,4,0,23,0,0,0,12,4,1,11,0,0,2,0,1,232,10,1,17,0,2,0,19,47,12,29,4,0,2,0,210,1,0
c:\Users\arthur.menezes_evolu\Desktop\Pes\GreenDroid\GDCatalog\src\com\cyrilmottier\android\gdcatalog\widget\HeadedTextItem.java,com.cyrilmottier.android.gdcatalog.widget.HeadedTextItem,class,5,9,4,5,2,3,0,1,1,1.0,0.0,0.0,2,0,2,0,0,0,2,0,0,0,1,0,1,0,0,0,0,0,1,9,1,0,0,0,0,0,0,0,0,1,0,0,0,0,14,1,0
c:\Users\arthur.menezes_evolu\Desktop\Pes\GreenDroid\GreenDroid\src\greendroid\widget\PagedView.java,greendroid.widget.PagedView$Anonymous3,anonymous,2,2,0,2,2,1,0,6,0,0.0,NaN,NaN,1,0,1,0,0,0,1,0,0,0,0,0,0,0,0,0,0,0,0,13,0,0,0,0,0,0,0,1,0,1,1,0,0,0,11,-1,0
c:\Users\arthur.menezes_evolu\Desktop\Pes\GreenDroid\GreenDroid\src\greendroid\widget\item\SubtitleItem.java,greendroid.widget.item.SubtitleItem,class,9,12,3,9,4,3,1,5,4,0.5,0.0,0.0,4,0,4,0,0,0,4,0,0,0,1,0,1,0,0,0,0,0,1,18,1,0,0,0,0,0,0,3,0,2,0,0,0,0,59,1,0
c:\Users\arthur.menezes_evolu\Desktop\Pes\GreenDroid\GreenDroid\src\greendroid\widget\PagedView.java,greendroid.widget.PagedView$Anonymous2,anonymous,1,1,0,1,2,1,0,3,1,0.0,0.0,0.0,2,0,2,0,0,0,2,0,0,0,0,0,0,0,0,0,0,0,0,10,0,0,0,0,0,0,0,2,0,1,0,0,0,0,13,-1,0
c:\Users\arthur.menezes_evolu\Desktop\Pes\GreenDroid\GreenDroid\src\greendroid\widget\SegmentedHost.java,greendroid.widget.SegmentedHost$SegmentSwitcher,innerclass,2,2,0,2,1,1,0,1,0,0.0,NaN,NaN,1,0,1,0,0,0,1,0,0,0,0,0,0,0,0,0,0,0,0,5,0,0,0,0,0,0,0,0,0,0,0,0,0,0,11,2,0
c:\Users\arthur.menezes_evolu\Desktop\Pes\GreenDroid\GreenDroid\src\greendroid\widget\ActionBar.java,greendroid.widget.ActionBar$Type,enum,0,0,0,0,0,1,0,0,0,0.0,-1.0,-1.0,0,0,0,0,0,0,0,0,0,0,0,0,0,0,0,0,0,0,0,4,0,0,0,0,0,0,0,0,0,0,0,0,0,0,41,1,0
c:\Users\arthur.menezes_evolu\Desktop\Pes\GreenDroid\GreenDroid\src\greendroid\image\ImageProcessor.java,greendroid.image.ImageProcessor,interface,1,9,8,1,1,1,0,0,0,0.0,NaN,NaN,1,0,0,0,0,1,1,0,0,0,0,0,0,0,0,0,0,0,0,3,0,0,0,0,0,0,0,0,0,0,0,0,0,0,45,1,0
c:\Users\arthur.menezes_evolu\Desktop\Pes\GreenDroid\GreenDroid\src\greendroid\widget\PageIndicator.java,greendroid.widget.PageIndicator$DotType,interface,0,0,0,0,0,1,0,0,0,NaN,-1.0,-1.0,0,0,0,0,0,0,0,0,0,0,2,0,0,0,0,2,0,0,0,4,0,0,0,0,0,0,2,2,0,2,0,0,0,0,43,1,0
c:\Users\arthur.menezes_evolu\Desktop\Pes\GreenDroid\GreenDroid\src\greendroid\widget\QuickActionBar.java,greendroid.widget.QuickActionBar$Anonymous2,anonymous,3,3,0,3,5,1,0,7,0,0.0,NaN,NaN,1,0,1,0,0,0,1,0,0,0,0,0,0,0,0,0,0,0,0,17,0,1,2,0,0,0,1,3,0,3,3,0,0,0,16,-1,0
c:\Users\arthur.menezes_evolu\Desktop\Pes\GreenDroid\GreenDroid\src\greendroid\widget\QuickActionBar.java,greendroid.widget.QuickActionBar$Anonymous1,anonymous,0,0,0,0,1,1,0,0,0,0.0,NaN,NaN,1,0,1,0,0,0,1,0,0,0,0,0,0,0,0,0,0,0,0,6,1,0,0,0,1,0,3,1,4,1,0,0,0,0,4,-1,0
c:\Users\arthur.menezes_evolu\Desktop\Pes\GreenDroid\GreenDroid\src\greendroid\image\MaskImageProcessor.java,greendroid.image.MaskImageProcessor,class,9,11,2,9,12,1,0,13,0,0.56,0.0,0.0,5,0,4,1,0,0,4,0,0,0,10,2,0,10,0,0,6,0,1,70,2,0,3,0,0,0,12,21,1,16,3,0,0,0,84,1,0
c:\Users\arthur.menezes_evolu\Desktop\Pes\GreenDroid\GreenDroid\src\greendroid\app\GDApplication.java,greendroid.app.GDApplication,class,4,13,9,4,17,2,1,8,16,0.8,0.0,0.0,8,0,8,0,0,0,8,0,0,0,5,2,0,5,0,0,2,0,1,70,4,2,7,0,0,0,3,9,0,9,3,1,1,0,96,1,0
c:\Users\arthur.menezes_evolu\Desktop\Pes\GreenDroid\GDCatalog\src\com\cyrilmottier\android\gdcatalog\BasicItemActivity.java,com.cyrilmottier.android.gdcatalog.BasicItemActivity,class,11,12,1,11,1,4,0,4,0,0.0,NaN,NaN,1,0,1,0,0,0,1,0,0,0,1,0,0,1,0,0,1,0,0,43,0,0,0,0,0,22,1,7,0,7,0,1,0,0,47,1,0
c:\Users\arthur.menezes_evolu\Desktop\Pes\GreenDroid\GDCatalog\src\com\cyrilmottier\android\gdcatalog\PagedViewActivity.java,com.cyrilmottier.android.gdcatalog.PagedViewActivity$PhotoSwipeAdapter,innerclass,4,4,0,4,5,2,0,4,6,0.0,0.0,0.0,4,0,4,0,0,0,4,0,0,0,0,0,0,0,0,0,0,0,1,18,4,0,1,0,1,0,1,1,0,0,1,0,0,0,28,2,0
c:\Users\arthur.menezes_evolu\Desktop\Pes\GreenDroid\GreenDroid\src\greendroid\widget\PageIndicator.java,greendroid.widget.PageIndicator$SavedState,innerclass,3,3,0,3,3,2,0,3,1,0.5,0.0,0.0,3,0,1,1,0,1,2,0,0,0,2,1,1,0,0,1,1,0,0,23,0,0,0,0,0,0,0,2,0,2,0,1,0,0,18,8,0
c:\Users\arthur.menezes_evolu\Desktop\Pes\GreenDroid\GreenDroid\src\greendroid\widget\SegmentedBar.java,greendroid.widget.SegmentedBar$OnSegmentChangeListener,interface,0,0,0,0,1,1,0,0,0,0.0,NaN,NaN,1,0,1,0,0,0,1,0,0,0,0,0,0,0,0,0,0,0,0,3,0,0,0,0,0,0,0,0,0,0,0,0,0,0,33,9,0
c:\Users\arthur.menezes_evolu\Desktop\Pes\GreenDroid\GDCatalog\src\com\cyrilmottier\android\gdcatalog\XmlItemActivity.java,com.cyrilmottier.android.gdcatalog.XmlItemActivity,class,3,4,1,3,2,4,0,4,0,0.0,NaN,NaN,1,0,1,0,0,0,1,0,0,0,0,0,0,0,0,0,0,0,1,13,0,0,0,1,0,0,0,1,0,1,1,0,0,0,17,1,0
c:\Users\arthur.menezes_evolu\Desktop\Pes\GreenDroid\GDCatalog\src\com\cyrilmottier\android\gdcatalog\TabbedActionBarActivity.java,com.cyrilmottier.android.gdcatalog.TabbedActionBarActivity$FakeActivity,innerclass,4,4,0,4,2,2,0,8,0,0.0,NaN,NaN,1,0,0,0,1,0,1,0,0,0,2,2,2,0,0,0,2,0,0,14,0,0,1,0,0,2,0,4,0,4,1,0,0,0,29,9,0
c:\Users\arthur.menezes_evolu\Desktop\Pes\GreenDroid\GDCatalog\src\com\cyrilmottier\android\gdcatalog\AsyncImageViewListActivity.java,com.cyrilmottier.android.gdcatalog.AsyncImageViewListActivity$MyAdapter$ViewHolder,innerclass,2,2,0,2,0,1,0,0,0,NaN,-1.0,-1.0,0,0,0,0,0,0,0,0,0,0,3,0,3,0,0,0,0,0,0,5,0,0,0,0,0,0,0,1,0,3,0,0,0,0,9,8,0
c:\Users\arthur.menezes_evolu\Desktop\Pes\GreenDroid\GreenDroid\src\greendroid\image\ChainImageProcessor.java,greendroid.image.ChainImageProcessor,class,2,3,1,2,3,1,0,1,0,0.0,0.0,0.0,2,0,2,0,0,0,2,0,0,0,1,0,0,0,0,1,0,0,0,12,1,1,0,0,0,0,0,2,0,1,1,0,0,0,28,1,0
c:\Users\arthur.menezes_evolu\Desktop\Pes\GreenDroid\GreenDroid\src\greendroid\image\ImageLoader.java,greendroid.image.ImageLoader$ImageFetcher,innerclass,6,6,0,6,12,1,0,11,0,0.0,0.0,0.0,2,0,2,0,0,0,2,0,0,0,4,0,0,4,0,0,0,0,0,53,0,0,6,1,1,6,0,15,0,9,3,0,0,0,39,2,0
c:\Users\arthur.menezes_evolu\Desktop\Pes\GreenDroid\GDCatalog\src\com\cyrilmottier\android\gdcatalog\TabbedActionBarActivity.java,com.cyrilmottier.android.gdcatalog.TabbedActionBarActivity,class,6,8,2,6,2,4,0,6,1,0.5,NaN,NaN,2,0,0,1,1,0,1,0,0,0,3,3,0,3,0,0,3,0,0,32,0,0,0,0,0,10,6,4,0,4,0,0,1,0,28,1,0
c:\Users\arthur.menezes_evolu\Desktop\Pes\GreenDroid\GreenDroid\src\greendroid\app\GDTabActivity.java,greendroid.app.GDTabActivity,class,18,22,4,18,26,2,2,38,165,0.9298246,0.0,0.0,19,0,16,0,3,0,19,0,0,0,3,1,0,3,0,0,1,0,0,118,11,0,5,1,0,1,2,13,0,11,3,1,0,0,124,1,0
c:\Users\arthur.menezes_evolu\Desktop\Pes\GreenDroid\GreenDroid\src\greendroid\widget\NormalActionBarItem.java,greendroid.widget.NormalActionBarItem,class,3,7,4,3,4,2,1,8,6,0.0,0.0,0.0,4,0,0,0,4,0,4,0,0,0,0,0,0,0,0,0,0,0,0,20,1,0,0,0,0,0,0,2,0,2,0,0,0,0,29,1,0
c:\Users\arthur.menezes_evolu\Desktop\Pes\GreenDroid\GreenDroid\src\greendroid\widget\itemview\SubtitleItemView.java,greendroid.widget.itemview.SubtitleItemView,class,7,7,0,7,4,2,0,2,4,0.5,0.0,0.0,4,0,4,0,0,0,4,0,0,0,2,0,0,2,0,0,0,0,0,19,0,0,0,0,0,0,0,3,0,3,0,0,0,0,25,1,0
c:\Users\arthur.menezes_evolu\Desktop\Pes\GreenDroid\GreenDroid-GoogleAPIs\src\greendroid\app\GDMapActivity.java,greendroid.app.GDMapActivity$Anonymous1,anonymous,4,4,0,4,11,1,0,12,0,0.0,NaN,NaN,1,0,1,0,0,0,1,0,0,0,0,0,0,0,0,0,0,0,0,36,0,0,3,0,0,4,0,4,1,4,4,0,0,0,30,-1,0
c:\Users\arthur.menezes_evolu\Desktop\Pes\GreenDroid\GreenDroid-GoogleAPIs\src\greendroid\graphics\drawable\MapPinDrawable.java,greendroid.graphics.drawable.MapPinDrawable,class,11,13,2,11,31,2,0,14,75,0.86666673,0.0,0.0,15,0,13,1,1,0,15,0,0,0,18,4,0,18,0,0,4,0,0,106,6,0,14,0,4,0,13,28,0,21,2,0,0,0,105,1,0
c:\Users\arthur.menezes_evolu\Desktop\Pes\GreenDroid\GreenDroid\src\greendroid\widget\QuickActionGrid.java,greendroid.widget.QuickActionGrid,class,9,10,1,9,5,3,0,13,1,0.5,0.0,0.0,3,0,1,0,2,0,3,0,0,0,2,0,0,2,0,0,0,0,0,55,0,0,0,0,2,0,0,9,4,9,0,2,0,0,68,1,0
c:\Users\arthur.menezes_evolu\Desktop\Pes\GreenDroid\GreenDroid\src\greendroid\widget\AsyncImageView.java,greendroid.widget.AsyncImageView,class,17,24,7,17,53,3,0,33,192,0.88250005,0.0,0.0,25,0,23,2,0,0,23,0,0,0,16,5,0,16,0,0,5,0,2,225,6,0,19,0,0,1,8,40,0,22,3,0,2,0,231,1,0
c:\Users\arthur.menezes_evolu\Desktop\Pes\GreenDroid\GreenDroid\src\greendroid\app\GDListActivity.java,greendroid.app.GDListActivity,class,10,17,7,10,25,3,5,17,76,0.86764705,0.0,0.0,17,0,14,1,2,0,16,0,0,0,8,1,0,8,0,0,1,0,0,100,8,0,3,0,0,4,0,9,1,8,1,2,0,0,126,1,0
c:\Users\arthur.menezes_evolu\Desktop\Pes\GreenDroid\GreenDroid\src\greendroid\image\ImageLoader.java,greendroid.image.ImageLoader$ImageLoaderCallback,interface,2,2,0,2,3,1,0,0,3,0.0,0.0,0.0,3,0,0,0,0,3,3,0,0,0,0,0,0,0,0,0,0,0,0,5,0,0,0,0,0,0,0,0,0,0,0,0,0,0,15,9,0
c:\Users\arthur.menezes_evolu\Desktop\Pes\GreenDroid\GreenDroid\src\greendroid\widget\QuickActionWidget.java,greendroid.widget.QuickActionWidget,class,11,20,9,11,37,2,2,35,173,0.87987006,0.0,0.0,22,0,10,3,9,0,19,2,0,0,14,1,0,14,0,0,3,0,0,144,6,0,5,0,2,3,12,30,9,26,1,0,1,0,178,1025,0
c:\Users\arthur.menezes_evolu\Desktop\Pes\GreenDroid\GreenDroid\src\greendroid\widget\item\SeparatorItem.java,greendroid.widget.item.SeparatorItem,class,5,7,2,5,3,3,0,1,3,0.0,0.0,0.0,3,0,3,0,0,0,3,0,0,0,0,0,0,0,0,0,0,0,1,12,1,0,0,0,0,0,0,1,0,0,0,0,0,0,35,1,0
c:\Users\arthur.menezes_evolu\Desktop\Pes\GreenDroid\GreenDroid\src\greendroid\util\Time.java,greendroid.util.Time,class,0,0,0,0,1,1,0,0,0,0.0,-1.0,-1.0,1,0,0,1,0,0,0,0,0,0,5,5,5,0,0,0,5,0,0,9,0,0,0,0,0,0,5,5,4,5,0,0,0,0,35,1,0
c:\Users\arthur.menezes_evolu\Desktop\Pes\GreenDroid\GreenDroid\src\greendroid\util\Config.java,greendroid.util.Config,class,0,0,0,0,4,1,0,0,0,0.0,-1.0,-1.0,1,0,0,1,0,0,0,0,0,0,8,8,3,5,0,0,8,0,0,12,0,0,3,0,3,1,4,8,0,8,0,0,0,0,59,1,0
c:\Users\arthur.menezes_evolu\Desktop\Pes\GreenDroid\GreenDroid\src\greendroid\widget\itemview\ThumbnailItemView.java,greendroid.widget.itemview.ThumbnailItemView,class,8,8,0,8,5,2,0,4,8,0.6,0.0,0.0,5,0,5,0,0,0,5,0,0,0,3,0,0,3,0,0,0,0,0,26,0,0,0,0,0,0,1,4,0,4,0,0,0,0,30,1,0
c:\Users\arthur.menezes_evolu\Desktop\Pes\GreenDroid\GreenDroid\src\greendroid\app\GDApplication.java,greendroid.app.GDApplication$Anonymous1,anonymous,0,0,0,0,1,1,0,1,0,0.0,NaN,NaN,1,0,1,0,0,0,1,0,0,0,1,0,0,1,0,0,1,0,0,6,1,0,0,0,0,1,1,1,1,1,0,0,0,0,9,-1,0
c:\Users\arthur.menezes_evolu\Desktop\Pes\GreenDroid\GreenDroid\src\greendroid\widget\item\SubtextItem.java,greendroid.widget.item.SubtextItem,class,9,11,2,9,5,3,0,5,8,0.6,0.0,0.0,5,0,5,0,0,0,5,0,0,0,1,0,1,0,0,0,0,0,1,23,1,0,0,0,0,0,0,4,0,2,0,0,0,0,81,1,0
c:\Users\arthur.menezes_evolu\Desktop\Pes\GreenDroid\GDCatalog\src\com\cyrilmottier\android\gdcatalog\AboutActivity.java,com.cyrilmottier.android.gdcatalog.AboutActivity,class,3,4,1,3,1,3,0,5,0,0.0,NaN,NaN,1,0,0,0,1,0,1,0,0,0,0,0,0,0,0,0,0,0,0,8,0,0,0,0,0,0,0,1,0,1,0,0,0,0,20,1,0
c:\Users\arthur.menezes_evolu\Desktop\Pes\GreenDroid\GreenDroid\src\greendroid\widget\SegmentedAdapter.java,greendroid.widget.SegmentedAdapter,class,4,8,4,4,6,1,2,3,9,0.5,0.0,0.0,6,0,6,0,0,0,6,3,0,0,1,0,0,1,0,0,1,0,0,15,0,0,0,0,0,0,0,1,0,1,0,0,0,0,81,1025,0
c:\Users\arthur.menezes_evolu\Desktop\Pes\GreenDroid\GDCatalog\src\com\cyrilmottier\android\gdcatalog\SegmentedActivity.java,com.cyrilmottier.android.gdcatalog.SegmentedActivity,class,6,7,1,6,1,4,0,5,0,0.0,NaN,NaN,1,0,0,0,1,0,1,0,0,0,2,0,0,2,0,0,1,0,0,42,0,0,0,0,0,0,1,3,0,3,0,1,1,0,25,1,0
c:\Users\arthur.menezes_evolu\Desktop\Pes\GreenDroid\GreenDroid\src\greendroid\widget\SegmentedHost.java,greendroid.widget.SegmentedHost,class,12,16,4,12,24,2,0,20,23,0.7888889,0.0,0.0,10,0,6,3,1,0,7,0,0,0,9,1,0,9,0,0,1,0,0,109,2,1,6,0,1,8,10,16,3,12,2,1,1,0,78,1,0
c:\Users\arthur.menezes_evolu\Desktop\Pes\GreenDroid\GreenDroid\src\greendroid\image\ImageRequest.java,greendroid.image.ImageRequest$InnerCallback,innerclass,5,5,0,5,8,1,0,4,3,0.0,0.0,0.0,3,0,3,0,0,0,3,0,0,0,0,0,0,0,0,0,0,0,0,19,0,0,3,0,0,0,0,2,0,0,1,0,0,0,19,2,0
c:\Users\arthur.menezes_evolu\Desktop\Pes\GreenDroid\GreenDroid\src\greendroid\widget\ItemAdapter.java,greendroid.widget.ItemAdapter$TypeInfo,innerclass,0,0,0,0,0,1,0,0,0,NaN,-1.0,-1.0,0,0,0,0,0,0,0,0,0,0,2,0,0,0,0,2,0,0,0,4,0,0,0,0,0,0,0,0,0,2,0,0,0,0,4,10,0
c:\Users\arthur.menezes_evolu\Desktop\Pes\GreenDroid\GreenDroid\src\greendroid\widget\itemview\TextItemView.java,greendroid.widget.itemview.TextItemView,class,6,6,0,6,5,2,0,1,10,0.0,0.0,0.0,5,0,5,0,0,0,5,0,0,0,0,0,0,0,0,0,0,0,0,16,0,0,0,0,1,0,1,0,0,0,0,0,0,0,19,1,0
c:\Users\arthur.menezes_evolu\Desktop\Pes\GreenDroid\GreenDroid\src\greendroid\image\ScaleImageProcessor.java,greendroid.image.ScaleImageProcessor,class,6,7,1,6,10,1,0,11,0,0.25,0.0,0.0,2,0,2,0,0,0,2,0,0,0,6,0,0,6,0,0,3,0,1,73,2,0,1,0,12,0,19,22,28,18,2,0,0,0,50,1,0
c:\Users\arthur.menezes_evolu\Desktop\Pes\GreenDroid\GreenDroid\src\greendroid\widget\AsyncImageView.java,greendroid.widget.AsyncImageView$SavedState$Anonymous1,anonymous,1,1,0,1,2,1,0,0,1,0.0,0.0,0.0,2,0,2,0,0,0,2,0,0,0,0,0,0,0,0,0,0,0,0,8,2,0,0,0,0,0,0,0,0,0,0,0,0,0,9,-1,0
c:\Users\arthur.menezes_evolu\Desktop\Pes\GreenDroid\GDCatalog\src\com\cyrilmottier\android\gdcatalog\MapPinMapActivity.java,com.cyrilmottier.android.gdcatalog.MapPinMapActivity$BasicItemizedOverlay,innerclass,3,3,0,3,5,2,0,5,4,0.4,0.0,0.0,5,0,3,0,2,0,5,0,0,0,1,0,0,1,0,0,0,0,0,19,3,0,0,0,0,0,0,1,0,1,0,0,0,0,22,2,0
c:\Users\arthur.menezes_evolu\Desktop\Pes\GreenDroid\GreenDroid\src\greendroid\widget\PagedView.java,greendroid.widget.PagedView$SavedState,innerclass,3,3,0,3,3,2,0,3,1,0.5,0.0,0.0,3,0,1,1,0,1,2,0,0,0,2,1,1,0,0,1,1,0,0,23,0,0,0,0,0,0,0,2,0,2,0,1,0,0,18,8,0
c:\Users\arthur.menezes_evolu\Desktop\Pes\GreenDroid\GDCatalog\src\com\cyrilmottier\android\gdcatalog\QuickActionActivity.java,com.cyrilmottier.android.gdcatalog.QuickActionActivity,class,11,13,2,11,7,4,0,11,11,0.72222227,0.0,0.0,6,0,3,2,1,0,4,0,0,0,3,0,0,3,0,0,0,0,0,61,2,0,0,0,0,0,1,3,0,3,1,1,1,0,48,1,0
c:\Users\arthur.menezes_evolu\Desktop\Pes\GreenDroid\GreenDroid\src\greendroid\image\ImageLoader.java,greendroid.image.ImageLoader$ImageHandler,innerclass,5,5,0,5,8,2,0,5,0,0.0,NaN,NaN,2,0,1,1,0,0,1,0,0,0,2,0,0,2,0,0,0,0,0,32,0,0,3,0,0,0,0,3,0,3,2,0,0,0,15,2,0
c:\Users\arthur.menezes_evolu\Desktop\Pes\GreenDroid\GreenDroid\src\greendroid\image\ImageRequest.java,greendroid.image.ImageRequest$ImageRequestCallback,interface,2,2,0,2,4,1,0,0,6,0.0,0.0,0.0,4,0,0,0,0,4,4,0,0,0,0,0,0,0,0,0,0,0,0,6,0,0,0,0,0,0,0,0,0,0,0,0,0,0,31,9,0
c:\Users\arthur.menezes_evolu\Desktop\Pes\GreenDroid\GreenDroid\src\greendroid\image\ImageCache.java,greendroid.image.ImageCache,class,5,10,5,5,8,1,0,8,3,0.33333334,0.0,0.0,6,1,6,0,0,0,6,0,0,0,1,0,0,1,0,0,1,0,2,30,3,0,2,0,0,0,0,3,0,3,1,0,0,0,30,1,0
c:\Users\arthur.menezes_evolu\Desktop\Pes\GreenDroid\GreenDroid\src\greendroid\widget\item\DescriptionItem.java,greendroid.widget.item.DescriptionItem,class,5,7,2,5,3,3,0,1,3,0.0,0.0,0.0,3,0,3,0,0,0,3,0,0,0,0,0,0,0,0,0,0,0,1,12,1,0,0,0,0,0,0,1,0,0,0,0,0,0,34,1,0
c:\Users\arthur.menezes_evolu\Desktop\Pes\GreenDroid\GreenDroid\src\greendroid\widget\itemview\LongTextItemView.java,greendroid.widget.itemview.LongTextItemView,class,6,6,0,6,5,2,0,1,10,0.0,0.0,0.0,5,0,5,0,0,0,5,0,0,0,0,0,0,0,0,0,0,0,0,16,0,0,0,0,1,0,1,0,0,0,0,0,0,0,20,1,0
c:\Users\arthur.menezes_evolu\Desktop\Pes\GreenDroid\GreenDroid\src\greendroid\widget\itemview\DescriptionItemView.java,greendroid.widget.itemview.DescriptionItemView,class,6,6,0,6,5,2,0,1,10,0.0,0.0,0.0,5,0,5,0,0,0,5,0,0,0,0,0,0,0,0,0,0,0,0,16,0,0,0,0,1,0,1,0,0,0,0,0,0,0,20,1,0
c:\Users\arthur.menezes_evolu\Desktop\Pes\GreenDroid\GreenDroid\src\greendroid\widget\AsyncImageView.java,greendroid.widget.AsyncImageView$SavedState,innerclass,3,3,0,3,3,2,0,3,1,0.5,0.0,0.0,3,0,1,1,0,1,2,0,0,0,2,1,1,0,0,1,1,0,0,23,0,0,0,0,0,0,0,2,0,2,0,1,0,0,17,8,0
c:\Users\arthur.menezes_evolu\Desktop\Pes\GreenDroid\GreenDroid\src\greendroid\widget\ActionBarItem.java,greendroid.widget.ActionBarItem,class,9,20,11,9,48,1,1,13,102,0.8645833,0.0,0.0,16,1,8,0,5,3,16,1,0,0,6,0,0,1,5,0,0,0,0,208,11,0,5,0,0,0,2,61,0,9,2,0,1,0,113,1025,0
c:\Users\arthur.menezes_evolu\Desktop\Pes\GreenDroid\GreenDroid\src\greendroid\widget\itemview\ItemView.java,greendroid.widget.itemview.ItemView,interface,1,23,22,1,2,1,0,0,1,0.0,0.0,0.0,2,0,0,0,0,2,2,0,0,0,0,0,0,0,0,0,0,0,0,4,0,0,0,0,0,0,0,0,0,0,0,0,0,0,57,1,0
c:\Users\arthur.menezes_evolu\Desktop\Pes\GreenDroid\GDCatalog\src\com\cyrilmottier\android\gdcatalog\InfoTabActivity.java,com.cyrilmottier.android.gdcatalog.InfoTabActivity,class,7,8,1,7,3,3,0,6,3,0.0,0.0,0.0,3,0,2,0,1,0,3,0,0,0,0,0,0,0,0,0,0,0,0,21,1,0,0,0,0,1,0,5,0,5,0,0,0,0,30,1,0
c:\Users\arthur.menezes_evolu\Desktop\Pes\GreenDroid\GreenDroid\src\greendroid\widget\itemview\SeparatorItemView.java,greendroid.widget.itemview.SeparatorItemView,class,6,6,0,6,5,2,0,1,10,0.0,0.0,0.0,5,0,5,0,0,0,5,0,0,0,0,0,0,0,0,0,0,0,0,17,0,0,0,0,0,0,1,1,0,1,0,0,0,0,21,1,0
c:\Users\arthur.menezes_evolu\Desktop\Pes\GreenDroid\GreenDroid\src\greendroid\widget\PagedView.java,greendroid.widget.PagedView$SavedState$Anonymous1,anonymous,1,1,0,1,2,1,0,0,1,0.0,0.0,0.0,2,0,2,0,0,0,2,0,0,0,0,0,0,0,0,0,0,0,0,8,2,0,0,0,0,0,0,0,0,0,0,0,0,0,9,-1,0
c:\Users\arthur.menezes_evolu\Desktop\Pes\GreenDroid\GreenDroid\src\greendroid\widget\PagedAdapter.java,greendroid.widget.PagedAdapter,class,5,8,3,5,11,1,2,3,49,0.72727275,0.0,0.0,11,0,11,0,0,0,11,4,3,0,1,0,0,1,0,0,1,0,0,28,0,0,0,0,0,4,0,1,0,1,0,0,0,0,58,1025,0
c:\Users\arthur.menezes_evolu\Desktop\Pes\GreenDroid\GDCatalog\src\com\cyrilmottier\android\gdcatalog\CatalogActivity.java,com.cyrilmottier.android.gdcatalog.CatalogActivity,class,25,27,2,25,5,4,0,17,6,0.0,0.0,0.0,4,0,1,1,2,0,3,0,0,0,0,0,0,0,0,0,0,0,0,38,3,0,0,0,0,0,0,4,0,4,1,0,0,0,36,1,0
c:\Users\arthur.menezes_evolu\Desktop\Pes\GreenDroid\GDCatalog\src\com\cyrilmottier\android\gdcatalog\PagedViewActivity.java,com.cyrilmottier.android.gdcatalog.PagedViewActivity,class,9,12,3,9,2,4,0,10,0,0.16666667,NaN,NaN,2,0,0,1,1,0,1,0,0,0,6,2,0,6,0,0,2,0,0,66,0,0,0,0,0,0,2,7,2,7,0,3,1,0,47,1,0
c:\Users\arthur.menezes_evolu\Desktop\Pes\GreenDroid\GreenDroid\src\greendroid\app\GDApplication.java,greendroid.app.GDApplication$OnLowMemoryListener,interface,0,0,0,0,1,1,0,0,0,0.0,NaN,NaN,1,0,1,0,0,0,1,0,0,0,0,0,0,0,0,0,0,0,0,3,0,0,0,0,0,0,0,0,0,0,0,0,0,0,35,9,0
c:\Users\arthur.menezes_evolu\Desktop\Pes\GreenDroid\GreenDroid\src\greendroid\widget\ActionBar.java,greendroid.widget.ActionBar$Anonymous1,anonymous,3,3,0,3,5,1,0,6,0,0.0,NaN,NaN,1,0,1,0,0,0,1,0,0,0,0,0,0,0,0,0,0,0,0,20,1,1,3,0,0,0,1,4,0,4,3,0,0,0,16,-1,0
