file,class,type,cbo,cboModified,fanin,fanout,wmc,dit,noc,rfc,lcom,lcom*,tcc,lcc,totalMethodsQty,staticMethodsQty,publicMethodsQty,privateMethodsQty,protectedMethodsQty,defaultMethodsQty,visibleMethodsQty,abstractMethodsQty,finalMethodsQty,synchronizedMethodsQty,totalFieldsQty,staticFieldsQty,publicFieldsQty,privateFieldsQty,protectedFieldsQty,defaultFieldsQty,finalFieldsQty,synchronizedFieldsQty,nosi,loc,returnQty,loopQty,comparisonsQty,tryCatchQty,parenthesizedExpsQty,stringLiteralsQty,numbersQty,assignmentsQty,mathOperationsQty,variablesQty,maxNestedBlocksQty,anonymousClassesQty,innerClassesQty,lambdasQty,uniqueWordsQty,modifiers,logStatementsQty
c:\Users\arthur.menezes_evolu\Desktop\Pes\vlayout\vlayout\src\main\java\com\alibaba\android\vlayout\layout\DefaultLayoutHelper.java,com.alibaba.android.vlayout.layout.DefaultLayoutHelper,class,4,7,3,4,2,5,0,1,1,0.0,0.0,0.0,2,1,2,0,0,0,2,0,0,0,0,0,0,0,0,0,0,0,0,10,2,0,0,0,0,0,0,1,0,1,0,0,0,0,18,1,0
c:\Users\arthur.menezes_evolu\Desktop\Pes\vlayout\vlayout\src\main\java\com\alibaba\android\vlayout\ExposeLinearLayoutManagerEx.java,com.alibaba.android.vlayout.ExposeLinearLayoutManagerEx$ViewHolderWrapper,innerclass,3,3,0,3,23,1,0,7,0,0.7619048,0.0,0.0,7,1,3,0,0,4,8,0,0,0,6,5,0,6,0,0,0,0,0,97,10,0,3,7,0,6,0,7,0,6,2,0,0,0,29,8,0
c:\Users\arthur.menezes_evolu\Desktop\Pes\vlayout\vlayout\src\androidTest\java\com\alibaba\android\vlayout\VirtualLayoutManagerTest.java,com.alibaba.android.vlayout.VirtualLayoutManagerTest$Item,innerclass,0,0,0,0,2,1,0,1,0,0.375,0.0,0.0,2,0,1,0,0,1,2,0,0,0,4,1,1,0,0,3,3,0,0,13,1,0,0,0,0,4,1,4,2,4,0,0,0,0,15,8,0
c:\Users\arthur.menezes_evolu\Desktop\Pes\vlayout\vlayout\src\main\java\com\alibaba\android\vlayout\extend\ViewLifeCycleHelper.java,com.alibaba.android.vlayout.extend.ViewLifeCycleHelper$STATUS,enum,0,0,0,0,0,1,0,0,0,0.0,-1.0,-1.0,0,0,0,0,0,0,0,0,0,0,0,0,0,0,0,0,0,0,0,1,0,0,0,0,0,0,0,0,0,0,0,0,0,0,10,1,0
c:\Users\arthur.menezes_evolu\Desktop\Pes\vlayout\vlayout\src\main\java\com\alibaba\android\vlayout\LayoutManagerHelper.java,com.alibaba.android.vlayout.LayoutManagerHelper,interface,7,32,25,7,42,1,0,0,861,0.0,0.0,0.0,42,0,0,0,0,42,42,0,0,0,0,0,0,0,0,0,0,0,0,44,0,0,0,0,0,0,0,0,0,0,0,0,0,0,202,1,0
c:\Users\arthur.menezes_evolu\Desktop\Pes\vlayout\examples\src\main\java\com\alibaba\android\vlayout\example\RootActivity.java,com.alibaba.android.vlayout.example.RootActivity,class,12,12,0,12,2,2,0,8,1,0.5,0.0,0.0,2,0,0,0,2,0,2,0,0,0,2,0,0,2,0,0,0,0,0,11,0,0,0,0,0,0,0,2,0,2,0,0,0,0,25,1,0
c:\Users\arthur.menezes_evolu\Desktop\Pes\vlayout\vlayout\src\androidTest\java\com\alibaba\android\vlayout\VirtualLayoutManagerTest.java,com.alibaba.android.vlayout.VirtualLayoutManagerTest$TestAdapter$AddRemoveRunnable,innerclass,4,4,0,4,10,1,0,11,8,0.6,0.0,0.0,5,0,3,2,0,0,3,0,0,0,1,0,0,0,0,1,1,0,0,39,0,3,1,0,0,1,15,4,2,4,2,0,0,0,29,2,0
c:\Users\arthur.menezes_evolu\Desktop\Pes\vlayout\vlayout\src\main\java\com\alibaba\android\vlayout\layout\StaggeredGridLayoutHelper.java,com.alibaba.android.vlayout.layout.StaggeredGridLayoutHelper,class,20,23,3,20,236,4,0,131,454,0.902439,0.0,0.0,41,0,25,16,0,0,25,0,0,0,18,4,0,17,0,1,5,0,9,1120,37,25,81,0,28,17,83,273,98,192,8,1,2,0,212,1,0
c:\Users\arthur.menezes_evolu\Desktop\Pes\vlayout\examples\src\main\java\com\alibaba\android\vlayout\example\VLayoutActivity.java,com.alibaba.android.vlayout.example.VLayoutActivity$Anonymous19$Anonymous20,anonymous,0,0,0,0,1,1,0,1,0,0.0,NaN,NaN,1,0,1,0,0,0,1,0,0,0,0,0,0,0,0,0,0,0,0,5,0,0,0,0,0,0,0,0,0,0,0,0,0,0,2,-1,0
c:\Users\arthur.menezes_evolu\Desktop\Pes\vlayout\vlayout\src\androidTest\java\com\alibaba\android\vlayout\VirtualLayoutManagerTest.java,com.alibaba.android.vlayout.VirtualLayoutManagerTest$TestViewHolder,innerclass,3,3,0,3,2,2,0,2,1,0.5,0.0,0.0,2,0,2,0,0,0,2,0,0,0,1,0,0,0,0,1,0,0,0,10,1,0,0,0,0,1,0,0,1,1,0,0,0,0,10,0,0
c:\Users\arthur.menezes_evolu\Desktop\Pes\vlayout\vlayout\src\main\java\com\alibaba\android\vlayout\layout\StaggeredGridLayoutHelper.java,com.alibaba.android.vlayout.layout.StaggeredGridLayoutHelper$Anonymous1,anonymous,1,1,0,1,1,1,0,1,0,0.0,NaN,NaN,1,0,1,0,0,0,1,0,0,0,0,0,0,0,0,0,0,0,0,5,0,0,0,0,0,0,0,0,0,0,0,0,0,0,4,-1,0
c:\Users\arthur.menezes_evolu\Desktop\Pes\vlayout\vlayout\src\main\java\com\alibaba\android\vlayout\DelegateAdapter.java,com.alibaba.android.vlayout.DelegateAdapter$AdapterDataObserver,innerclass,6,6,0,6,21,2,0,15,0,0.4090909,0.0,0.0,11,0,10,1,0,0,10,0,0,0,2,0,0,0,0,2,0,0,0,77,11,1,1,0,0,0,4,14,8,8,2,0,0,0,40,4,0
c:\Users\arthur.menezes_evolu\Desktop\Pes\vlayout\examples\src\main\java\com\alibaba\android\vlayout\example\TestActivity.java,com.alibaba.android.vlayout.example.TestActivity,class,6,7,1,6,1,3,0,7,0,0.0,NaN,NaN,1,0,0,0,1,0,1,0,0,0,0,0,0,0,0,0,0,0,0,63,0,0,0,0,0,0,1,2,0,2,0,3,1,0,24,1,0
c:\Users\arthur.menezes_evolu\Desktop\Pes\vlayout\vlayout\src\main\java\com\alibaba\android\vlayout\extend\InnerRecycledViewPool.java,com.alibaba.android.vlayout.extend.InnerRecycledViewPool,class,6,8,2,6,23,2,0,16,6,0.6666667,0.0,0.0,9,0,8,1,0,0,8,0,0,0,5,2,0,5,0,0,1,0,0,88,2,4,3,2,2,2,13,23,2,19,2,0,0,0,91,17,0
c:\Users\arthur.menezes_evolu\Desktop\Pes\vlayout\vlayout\src\main\java\com\alibaba\android\vlayout\layout\AbstractFullFillLayoutHelper.java,com.alibaba.android.vlayout.layout.AbstractFullFillLayoutHelper,class,15,19,4,15,52,4,3,27,94,0.8125,0.0,0.0,16,0,7,0,9,0,16,0,1,0,5,1,0,2,3,0,1,0,2,154,12,2,9,0,12,3,16,39,23,17,2,0,0,0,119,1025,0
c:\Users\arthur.menezes_evolu\Desktop\Pes\vlayout\vlayout\src\main\java\com\alibaba\android\vlayout\layout\StickyLayoutHelper.java,com.alibaba.android.vlayout.layout.StickyLayoutHelper,class,20,25,5,20,181,5,0,79,80,0.7888889,0.0,0.0,20,0,15,5,0,0,15,0,0,0,9,1,0,9,0,0,1,0,4,632,10,11,28,0,35,7,49,228,104,88,7,0,2,0,131,1,0
c:\Users\arthur.menezes_evolu\Desktop\Pes\vlayout\vlayout\src\main\java\com\alibaba\android\vlayout\layout\LayoutChunkResult.java,com.alibaba.android.vlayout.layout.LayoutChunkResult,class,0,16,16,0,1,1,0,0,0,0.0,NaN,NaN,1,0,1,0,0,0,1,0,0,0,4,0,4,0,0,0,0,0,0,12,0,0,0,0,0,0,1,4,0,4,0,0,0,0,15,1,0
c:\Users\arthur.menezes_evolu\Desktop\Pes\vlayout\vlayout\src\main\java\com\alibaba\android\vlayout\layout\GridLayoutHelper.java,com.alibaba.android.vlayout.layout.GridLayoutHelper$SpanSizeLookup,innerclass,2,2,0,2,28,1,0,8,17,0.6333334,0.0,0.0,10,0,8,0,0,2,10,1,0,0,3,0,0,1,0,2,1,0,0,102,11,3,4,0,1,0,22,33,10,21,2,0,0,0,140,1033,0
c:\Users\arthur.menezes_evolu\Desktop\Pes\vlayout\vlayout\src\main\java\com\alibaba\android\vlayout\VirtualLayoutManager.java,com.alibaba.android.vlayout.VirtualLayoutManager$Anonymous2,anonymous,0,0,0,0,2,1,0,1,0,0.0,NaN,NaN,1,0,1,0,0,0,1,0,0,0,0,0,0,0,0,0,0,0,0,5,0,0,1,0,0,0,0,0,0,0,1,0,0,0,5,-1,0
c:\Users\arthur.menezes_evolu\Desktop\Pes\vlayout\vlayout\src\main\java\com\alibaba\android\vlayout\VirtualLayoutManager.java,com.alibaba.android.vlayout.VirtualLayoutManager$Anonymous1,anonymous,2,2,0,2,5,1,0,1,0,0.0,NaN,NaN,1,0,1,0,0,0,1,0,0,0,0,0,0,0,0,0,0,0,0,10,4,0,4,0,0,0,3,2,1,2,1,0,0,0,6,-1,0
c:\Users\arthur.menezes_evolu\Desktop\Pes\vlayout\vlayout\src\main\java\com\alibaba\android\vlayout\VirtualLayoutManager.java,com.alibaba.android.vlayout.VirtualLayoutManager$Anonymous3,anonymous,4,4,0,4,1,1,0,0,0,0.0,NaN,NaN,1,0,1,0,0,0,1,0,0,0,0,0,0,0,0,0,0,0,0,5,1,0,0,0,0,0,0,0,0,0,0,0,0,0,5,-1,0
c:\Users\arthur.menezes_evolu\Desktop\Pes\vlayout\examples\src\androidTest\java\com\alibaba\android\vlayout\ApplicationTest.java,com.alibaba.android.vlayout.ApplicationTest,class,2,2,0,2,1,2,0,0,0,0.0,NaN,NaN,1,0,1,0,0,0,1,0,0,0,0,0,0,0,0,0,0,0,0,5,0,0,0,0,0,0,0,0,0,0,0,0,0,0,7,1,0
c:\Users\arthur.menezes_evolu\Desktop\Pes\vlayout\examples\src\main\java\com\alibaba\android\vlayout\example\OnePlusNLayoutActivity.java,com.alibaba.android.vlayout.example.OnePlusNLayoutActivity,class,22,23,1,22,18,6,0,20,0,0.0,NaN,NaN,1,0,0,0,1,0,1,0,0,0,12,7,0,12,0,0,7,0,0,271,0,0,0,0,0,0,112,33,0,33,1,8,3,0,77,1,0
c:\Users\arthur.menezes_evolu\Desktop\Pes\vlayout\vlayout\src\main\java\com\alibaba\android\vlayout\ExposeLinearLayoutManagerEx.java,com.alibaba.android.vlayout.ExposeLinearLayoutManagerEx,class,18,29,11,18,267,2,1,114,910,0.9013888,0.0,0.0,60,2,21,24,15,0,36,0,0,0,24,10,3,16,3,2,11,0,3,1324,74,12,66,5,11,67,101,260,87,121,4,0,4,0,567,0,0
c:\Users\arthur.menezes_evolu\Desktop\Pes\vlayout\vlayout\src\main\java\com\alibaba\android\vlayout\RecyclablePagerAdapter.java,com.alibaba.android.vlayout.RecyclablePagerAdapter,class,10,15,5,10,12,2,0,8,15,0.6428572,0.0,0.0,7,0,7,0,0,0,7,3,0,0,2,0,0,2,0,0,0,0,0,41,2,0,3,0,2,0,0,10,0,6,1,0,0,0,41,1025,0
c:\Users\arthur.menezes_evolu\Desktop\Pes\vlayout\examples\src\main\java\com\alibaba\android\vlayout\example\OnePlusNLayoutActivity.java,com.alibaba.android.vlayout.example.OnePlusNLayoutActivity$SubAdapter,innerclass,8,8,0,8,7,2,0,6,13,0.71428573,0.0,0.0,7,0,6,0,1,0,7,0,0,0,4,0,0,4,0,0,0,0,1,30,3,0,0,0,1,0,2,5,0,4,0,0,0,0,28,8,0
c:\Users\arthur.menezes_evolu\Desktop\Pes\vlayout\examples\src\main\java\com\alibaba\android\vlayout\example\VLayoutActivity.java,com.alibaba.android.vlayout.example.VLayoutActivity$FooterAdapter$Anonymous22,anonymous,0,0,0,0,1,1,0,2,0,0.0,NaN,NaN,1,0,1,0,0,0,1,0,0,0,0,0,0,0,0,0,0,0,0,6,0,0,0,0,0,0,1,0,0,0,0,0,0,0,1,-1,0
c:\Users\arthur.menezes_evolu\Desktop\Pes\vlayout\vlayout\src\main\java\com\alibaba\android\vlayout\layout\GridLayoutHelper.java,com.alibaba.android.vlayout.layout.GridLayoutHelper$DefaultSpanSizeLookup,innerclass,1,1,0,1,2,2,0,0,1,0.0,0.0,0.0,2,0,2,0,0,0,2,0,0,0,0,0,0,0,0,0,0,0,0,8,2,0,0,0,1,0,1,0,2,0,0,0,0,0,12,24,0
c:\Users\arthur.menezes_evolu\Desktop\Pes\vlayout\vlayout\src\main\java\com\alibaba\android\vlayout\Range.java,com.alibaba.android.vlayout.Range,class,3,20,17,3,58,1,0,7,105,0.93333334,0.0,0.0,15,1,15,0,0,0,15,0,0,0,2,0,0,2,0,0,2,0,7,124,26,0,14,0,0,15,27,15,0,15,1,0,0,0,122,17,0
c:\Users\arthur.menezes_evolu\Desktop\Pes\vlayout\examples\src\main\java\com\alibaba\android\vlayout\example\MainActivity.java,com.alibaba.android.vlayout.example.MainActivity$MainViewHolder,innerclass,2,2,0,2,1,2,0,0,0,0.0,NaN,NaN,1,0,1,0,0,0,1,0,0,0,0,0,0,0,0,0,0,0,0,5,0,0,0,0,0,0,0,0,0,0,0,0,0,0,4,8,0
c:\Users\arthur.menezes_evolu\Desktop\Pes\vlayout\vlayout\src\main\java\com\alibaba\android\vlayout\SortedList.java,com.alibaba.android.vlayout.SortedList$BatchedCallback,innerclass,3,3,0,3,21,2,0,10,0,0.69135803,0.0,0.0,9,0,9,0,0,0,9,0,0,0,9,5,0,1,0,8,6,0,3,77,7,0,5,0,1,0,7,25,6,10,1,0,0,0,130,9,0
c:\Users\arthur.menezes_evolu\Desktop\Pes\vlayout\vlayout\src\main\java\com\alibaba\android\vlayout\layout\ScrollFixLayoutHelper.java,com.alibaba.android.vlayout.layout.ScrollFixLayoutHelper,class,4,7,3,4,10,6,0,2,4,0.76000005,0.0,0.0,5,0,4,0,1,0,5,0,0,0,5,4,3,2,0,0,4,0,0,30,4,0,0,0,0,1,5,6,2,5,1,0,0,0,51,1,0
c:\Users\arthur.menezes_evolu\Desktop\Pes\vlayout\vlayout\src\main\java\com\alibaba\android\vlayout\layout\FloatLayoutHelper.java,com.alibaba.android.vlayout.layout.FloatLayoutHelper,class,14,16,2,14,61,5,0,44,66,0.8382353,0.0,0.0,17,0,15,1,1,0,16,0,0,0,12,1,0,10,2,0,2,0,4,301,8,0,13,0,11,1,19,66,44,24,4,1,0,0,132,1,0
c:\Users\arthur.menezes_evolu\Desktop\Pes\vlayout\vlayout\src\main\java\com\alibaba\android\vlayout\VirtualLayoutManager.java,com.alibaba.android.vlayout.VirtualLayoutManager$LayoutViewHolder,innerclass,2,2,0,2,1,2,0,0,0,0.0,NaN,NaN,1,0,1,0,0,0,1,0,0,0,0,0,0,0,0,0,0,0,0,5,0,0,0,0,0,0,0,0,0,0,0,0,0,0,4,10,0
c:\Users\arthur.menezes_evolu\Desktop\Pes\vlayout\vlayout\src\androidTest\java\com\alibaba\android\vlayout\ViewHolderHelper.java,com.alibaba.android.vlayout.ViewHolderHelper,class,3,5,2,3,10,1,0,8,1,0.5,0.0,0.0,3,3,3,0,0,0,3,0,0,0,2,2,0,2,0,0,0,0,0,44,2,0,2,3,0,2,0,4,0,3,2,0,0,0,31,1,0
c:\Users\arthur.menezes_evolu\Desktop\Pes\vlayout\vlayout\src\main\java\com\alibaba\android\vlayout\ExposeLinearLayoutManagerEx.java,com.alibaba.android.vlayout.ExposeLinearLayoutManagerEx$LayoutState,innerclass,7,7,0,7,20,1,0,11,0,0.8300001,0.0,0.0,5,0,3,1,0,1,4,0,0,0,20,7,16,1,0,3,7,0,0,88,5,1,4,2,2,10,10,28,5,28,3,0,0,0,180,9,0
c:\Users\arthur.menezes_evolu\Desktop\Pes\vlayout\vlayout\src\main\java\com\alibaba\android\vlayout\layout\RangeGridLayoutHelper.java,com.alibaba.android.vlayout.layout.RangeGridLayoutHelper,class,22,26,4,22,188,5,0,118,0,0.83760685,0.0,0.0,39,0,35,4,0,0,35,0,0,0,6,3,0,6,0,0,2,0,12,760,23,15,37,0,36,59,105,177,118,98,5,0,1,0,214,1,0
c:\Users\arthur.menezes_evolu\Desktop\Pes\vlayout\vlayout\src\androidTest\java\com\alibaba\android\vlayout\VirtualLayoutManagerTest.java,com.alibaba.android.vlayout.VirtualLayoutManagerTest$WrappedLinearLayoutManager$Anonymous8,anonymous,6,6,0,6,2,1,0,6,0,0.0,NaN,NaN,1,0,1,0,0,0,1,0,0,0,0,0,0,0,0,0,0,0,1,11,0,1,0,0,0,0,1,5,0,5,1,0,0,0,12,-1,0
c:\Users\arthur.menezes_evolu\Desktop\Pes\vlayout\examples\src\main\java\com\alibaba\android\vlayout\example\VLayoutActivity.java,com.alibaba.android.vlayout.example.VLayoutActivity$PagerAdapter,innerclass,6,6,0,6,4,3,0,3,6,0.0,0.0,0.0,4,0,4,0,0,0,4,0,0,0,0,0,0,0,0,0,0,0,0,15,2,0,0,0,1,1,2,0,1,0,0,0,0,0,17,8,0
c:\Users\arthur.menezes_evolu\Desktop\Pes\vlayout\vlayout\src\main\java\com\alibaba\android\vlayout\layout\LinearLayoutHelper.java,com.alibaba.android.vlayout.layout.LinearLayoutHelper,class,15,20,5,15,46,4,1,44,17,0.78571427,0.0,0.0,7,0,7,0,0,0,7,0,0,0,4,2,0,4,0,0,2,0,4,150,5,0,15,0,12,6,27,55,35,31,4,0,0,0,119,1,0
c:\Users\arthur.menezes_evolu\Desktop\Pes\vlayout\examples\src\main\java\com\alibaba\android\vlayout\example\VLayoutActivity.java,com.alibaba.android.vlayout.example.VLayoutActivity$Anonymous6,anonymous,5,5,0,5,8,1,0,5,10,0.0,0.0,0.0,5,0,4,0,1,0,5,0,0,0,0,0,0,0,0,0,0,0,0,23,3,0,1,0,1,0,3,1,0,1,1,0,0,0,23,-1,0
c:\Users\arthur.menezes_evolu\Desktop\Pes\vlayout\vlayout\src\main\java\com\alibaba\android\vlayout\VirtualLayoutManager.java,com.alibaba.android.vlayout.VirtualLayoutManager$LayoutStateWrapper,innerclass,5,5,0,5,18,1,0,3,0,0.8319327,0.0,0.0,17,0,15,0,0,2,17,0,0,0,7,6,4,1,0,2,6,0,0,64,14,0,1,0,0,2,4,13,0,10,0,0,0,0,119,9,0
c:\Users\arthur.menezes_evolu\Desktop\Pes\vlayout\examples\src\main\java\com\alibaba\android\vlayout\example\VLayoutActivity.java,com.alibaba.android.vlayout.example.VLayoutActivity$Anonymous7,anonymous,2,2,0,2,1,1,0,1,0,0.0,NaN,NaN,1,0,1,0,0,0,1,0,0,0,0,0,0,0,0,0,0,0,0,6,0,0,0,0,0,0,0,1,0,1,0,0,0,0,9,-1,0
c:\Users\arthur.menezes_evolu\Desktop\Pes\vlayout\examples\src\main\java\com\alibaba\android\vlayout\example\VLayoutActivity.java,com.alibaba.android.vlayout.example.VLayoutActivity$Anonymous4,anonymous,1,1,0,1,4,1,0,0,6,0.0,0.0,0.0,4,0,4,0,0,0,4,0,0,0,0,0,0,0,0,0,0,0,0,10,0,0,0,0,0,0,0,0,0,0,0,0,0,0,7,-1,0
c:\Users\arthur.menezes_evolu\Desktop\Pes\vlayout\examples\src\main\java\com\alibaba\android\vlayout\example\VLayoutActivity.java,com.alibaba.android.vlayout.example.VLayoutActivity$Anonymous5,anonymous,0,0,0,0,2,1,0,1,1,0.0,0.0,0.0,2,0,2,0,0,0,2,0,0,0,0,0,0,0,0,0,0,0,0,10,2,0,0,0,0,4,0,0,0,0,0,0,0,0,5,-1,0
c:\Users\arthur.menezes_evolu\Desktop\Pes\vlayout\vlayout\src\main\java\com\alibaba\android\vlayout\RangeLayoutHelperFinder.java,com.alibaba.android.vlayout.RangeLayoutHelperFinder$Anonymous1,anonymous,1,1,0,1,1,1,0,1,0,0.0,NaN,NaN,1,0,1,0,0,0,1,0,0,0,0,0,0,0,0,0,0,0,0,5,1,0,0,0,0,0,0,0,1,0,0,0,0,0,5,-1,0
c:\Users\arthur.menezes_evolu\Desktop\Pes\vlayout\examples\src\main\java\com\alibaba\android\vlayout\example\VLayoutActivity.java,com.alibaba.android.vlayout.example.VLayoutActivity$Anonymous2,anonymous,3,3,0,3,2,1,0,4,1,0.0,0.0,0.0,2,0,2,0,0,0,2,0,0,0,0,0,0,0,0,0,0,0,0,10,0,0,0,0,0,5,0,0,4,0,0,0,0,0,9,-1,0
c:\Users\arthur.menezes_evolu\Desktop\Pes\vlayout\vlayout\src\androidTest\java\com\alibaba\android\vlayout\VirtualLayoutManagerTest.java,com.alibaba.android.vlayout.VirtualLayoutManagerTest$WrappedLinearLayoutManager$Anonymous7,anonymous,0,0,0,0,1,1,0,1,0,0.0,NaN,NaN,1,0,1,0,0,0,1,0,0,0,0,0,0,0,0,0,0,0,0,5,0,0,0,0,0,0,0,0,0,0,0,0,0,0,3,-1,0
c:\Users\arthur.menezes_evolu\Desktop\Pes\vlayout\examples\src\main\java\com\alibaba\android\vlayout\example\VLayoutActivity.java,com.alibaba.android.vlayout.example.VLayoutActivity$Anonymous3,anonymous,5,5,0,5,1,1,0,3,0,0.0,NaN,NaN,1,0,1,0,0,0,1,0,0,0,0,0,0,0,0,0,0,0,0,6,0,0,0,0,1,0,4,1,0,1,0,0,0,0,10,-1,0
c:\Users\arthur.menezes_evolu\Desktop\Pes\vlayout\examples\src\main\java\com\alibaba\android\vlayout\example\VLayoutActivity.java,com.alibaba.android.vlayout.example.VLayoutActivity$Anonymous1,anonymous,1,1,0,1,2,1,0,4,0,0.25,0.0,0.0,2,0,2,0,0,0,2,0,0,0,2,0,0,0,0,2,0,0,2,11,0,0,0,0,1,2,0,2,2,2,0,0,0,0,7,-1,0
c:\Users\arthur.menezes_evolu\Desktop\Pes\vlayout\vlayout\src\main\java\com\alibaba\android\vlayout\layout\FixAreaAdjuster.java,com.alibaba.android.vlayout.layout.FixAreaAdjuster,class,1,4,3,1,1,1,0,0,0,0.2,NaN,NaN,1,0,1,0,0,0,1,0,0,0,5,1,5,0,0,0,5,0,0,13,0,0,0,0,0,0,4,5,0,5,0,0,0,0,16,1,0
c:\Users\arthur.menezes_evolu\Desktop\Pes\vlayout\vlayout\src\main\java\com\alibaba\android\vlayout\layout\StickyLayoutHelper.java,com.alibaba.android.vlayout.layout.StickyLayoutHelper$StickyListener,interface,1,1,0,1,2,1,0,0,1,0.0,0.0,0.0,2,0,0,0,0,2,2,0,0,0,0,0,0,0,0,0,0,0,0,4,0,0,0,0,0,0,0,0,0,0,0,0,0,0,6,1,0
c:\Users\arthur.menezes_evolu\Desktop\Pes\vlayout\vlayout\src\main\java\com\alibaba\android\vlayout\VirtualLayoutManager.java,com.alibaba.android.vlayout.VirtualLayoutManager$CacheViewHolder,interface,0,0,0,0,1,1,0,0,0,0.0,NaN,NaN,1,0,0,0,0,1,1,0,0,0,0,0,0,0,0,0,0,0,0,3,0,0,0,0,0,0,0,0,0,0,0,0,0,0,5,1,0
c:\Users\arthur.menezes_evolu\Desktop\Pes\vlayout\examples\src\main\java\com\alibaba\android\vlayout\example\VLayoutActivity.java,com.alibaba.android.vlayout.example.VLayoutActivity$Anonymous8,anonymous,2,2,0,2,2,1,0,1,0,0.0,NaN,NaN,1,0,1,0,0,0,1,0,0,0,0,0,0,0,0,0,0,0,0,9,0,0,1,0,0,0,4,2,1,1,1,0,0,0,9,-1,0
c:\Users\arthur.menezes_evolu\Desktop\Pes\vlayout\vlayout\src\main\java\com\alibaba\android\vlayout\DelegateAdapter.java,com.alibaba.android.vlayout.DelegateAdapter,class,17,22,5,17,85,5,0,57,350,0.87109375,0.0,0.0,32,2,31,0,0,1,32,0,0,0,8,0,0,8,0,0,3,0,7,408,26,8,22,0,1,6,33,70,15,58,4,0,4,0,152,1,0
c:\Users\arthur.menezes_evolu\Desktop\Pes\vlayout\examples\src\main\java\com\alibaba\android\vlayout\example\VLayoutActivity.java,com.alibaba.android.vlayout.example.VLayoutActivity$Anonymous9,anonymous,2,2,0,2,1,1,0,2,0,0.0,NaN,NaN,1,0,1,0,0,0,1,0,0,0,0,0,0,0,0,0,0,0,0,7,0,0,0,0,0,0,1,1,0,1,0,0,0,0,9,-1,0
c:\Users\arthur.menezes_evolu\Desktop\Pes\vlayout\vlayout\src\main\java\com\alibaba\android\vlayout\VirtualLayoutManager.java,com.alibaba.android.vlayout.VirtualLayoutManager$LayoutParams,innerclass,5,5,0,5,13,2,0,0,24,0.82222223,0.0,0.0,9,0,9,0,0,0,9,0,0,0,5,1,3,2,0,0,1,0,0,42,0,0,4,0,0,1,1,9,0,5,1,0,0,0,29,9,0
c:\Users\arthur.menezes_evolu\Desktop\Pes\vlayout\vlayout\src\main\java\com\alibaba\android\vlayout\layout\StaggeredGridLayoutHelper.java,com.alibaba.android.vlayout.layout.StaggeredGridLayoutHelper$Span,innerclass,5,5,0,5,66,1,0,22,0,0.71022725,0.0,0.0,22,0,1,1,0,20,21,0,0,0,8,1,0,1,0,7,2,0,0,206,24,1,23,0,2,0,29,60,5,25,2,0,0,0,83,8,0
c:\Users\arthur.menezes_evolu\Desktop\Pes\vlayout\vlayout\src\main\java\com\alibaba\android\vlayout\layout\SingleLayoutHelper.java,com.alibaba.android.vlayout.layout.SingleLayoutHelper,class,13,16,3,13,23,6,0,27,6,0.875,0.0,0.0,4,0,4,0,0,0,4,0,0,0,2,1,0,2,0,0,1,0,11,91,2,0,4,0,6,1,17,37,30,20,2,0,0,0,83,1,0
c:\Users\arthur.menezes_evolu\Desktop\Pes\vlayout\vlayout\src\main\java\com\alibaba\android\vlayout\VirtualLayoutManager.java,com.alibaba.android.vlayout.VirtualLayoutManager$AnchorInfoWrapper,innerclass,0,0,0,0,1,1,0,0,0,1.0,NaN,NaN,1,0,0,0,0,1,1,0,0,0,3,0,3,0,0,0,0,0,0,7,0,0,0,0,0,0,0,0,0,3,0,0,0,0,8,9,0
c:\Users\arthur.menezes_evolu\Desktop\Pes\vlayout\vlayout\src\main\java\com\alibaba\android\vlayout\layout\RangeGridLayoutHelper.java,com.alibaba.android.vlayout.layout.RangeGridLayoutHelper$GridRangeStyle,innerclass,10,10,0,10,51,2,0,23,172,0.9246032,0.0,0.0,21,2,19,2,0,0,19,0,0,0,12,0,0,12,0,0,0,0,3,163,10,5,12,0,2,2,11,41,9,25,4,0,0,0,90,9,0
c:\Users\arthur.menezes_evolu\Desktop\Pes\vlayout\vlayout\src\androidTest\java\com\alibaba\android\vlayout\VirtualLayoutManagerTest.java,com.alibaba.android.vlayout.VirtualLayoutManagerTest$OnLayoutListener,innerclass,2,2,0,2,2,1,0,0,1,0.0,0.0,0.0,2,0,0,0,0,2,2,0,0,0,0,0,0,0,0,0,0,0,0,6,0,0,0,0,0,0,0,0,0,0,0,0,0,0,6,8,0
c:\Users\arthur.menezes_evolu\Desktop\Pes\vlayout\examples\src\main\java\com\alibaba\android\vlayout\example\MainActivity.java,com.alibaba.android.vlayout.example.MainActivity,class,12,13,1,12,1,3,0,12,0,0.0,NaN,NaN,1,0,0,0,1,0,1,0,0,0,0,0,0,0,0,0,0,0,2,74,0,0,0,0,0,0,7,5,0,5,0,3,1,0,33,1,0
c:\Users\arthur.menezes_evolu\Desktop\Pes\vlayout\vlayout\src\main\java\com\alibaba\android\vlayout\layout\BaseLayoutHelper.java,com.alibaba.android.vlayout.layout.BaseLayoutHelper$DefaultLayoutViewHelper,innerclass,5,5,0,5,7,1,0,4,2,0.5,0.0,0.0,4,0,4,0,0,0,4,0,0,0,2,0,0,2,0,0,2,0,0,24,0,0,3,0,0,0,0,2,0,2,2,0,0,0,62,9,0
c:\Users\arthur.menezes_evolu\Desktop\Pes\vlayout\examples\src\main\java\com\alibaba\android\vlayout\example\OnePlusNLayoutActivity.java,com.alibaba.android.vlayout.example.OnePlusNLayoutActivity$MainViewHolder,innerclass,2,2,0,2,2,2,0,1,0,0.25,0.0,0.0,2,0,1,0,1,0,2,0,0,0,2,2,2,0,0,0,0,0,0,13,0,0,0,0,0,0,2,2,0,2,0,0,0,0,9,8,0
c:\Users\arthur.menezes_evolu\Desktop\Pes\vlayout\examples\src\main\java\com\alibaba\android\vlayout\example\VLayoutActivity.java,com.alibaba.android.vlayout.example.VLayoutActivity$FooterAdapter,innerclass,9,9,0,9,10,2,0,10,26,0.7962963,0.0,0.0,9,0,8,0,1,0,9,0,0,0,6,0,0,6,0,0,0,0,1,54,4,0,0,0,1,0,6,11,0,7,1,1,0,0,36,8,0
c:\Users\arthur.menezes_evolu\Desktop\Pes\vlayout\vlayout\src\main\java\com\alibaba\android\vlayout\DelegateAdapter.java,com.alibaba.android.vlayout.DelegateAdapter$Adapter,innerclass,4,4,0,4,3,1,0,1,3,0.0,0.0,0.0,3,0,1,0,2,0,3,1,0,0,0,0,0,0,0,0,0,0,0,8,0,0,0,0,0,0,0,0,0,0,0,0,0,0,14,1033,0
c:\Users\arthur.menezes_evolu\Desktop\Pes\vlayout\vlayout\src\main\java\com\alibaba\android\vlayout\layout\MarginLayoutHelper.java,com.alibaba.android.vlayout.layout.MarginLayoutHelper,class,2,13,11,2,35,2,1,1,207,0.8148147,0.0,0.0,27,0,27,0,0,0,27,0,0,0,8,0,0,0,8,0,0,0,0,121,21,0,4,0,0,0,1,20,4,12,1,0,0,0,79,1025,0
c:\Users\arthur.menezes_evolu\Desktop\Pes\vlayout\vlayout\src\main\java\com\alibaba\android\vlayout\MismatchChildCountException.java,com.alibaba.android.vlayout.MismatchChildCountException,class,0,1,1,0,2,4,0,0,1,0.0,0.0,0.0,2,0,2,0,0,0,2,0,0,0,0,0,0,0,0,0,0,0,0,8,0,0,0,0,0,0,0,0,0,0,0,0,0,0,17,1,0
c:\Users\arthur.menezes_evolu\Desktop\Pes\vlayout\vlayout\src\main\java\com\alibaba\android\vlayout\layout\RangeStyle.java,com.alibaba.android.vlayout.layout.RangeStyle,class,15,19,4,15,173,1,0,132,2113,0.92334485,0.0,0.0,82,0,70,7,5,0,75,0,0,0,21,2,0,8,13,0,2,0,2,519,53,10,60,0,24,2,49,66,61,44,5,0,1,0,123,1,0
c:\Users\arthur.menezes_evolu\Desktop\Pes\vlayout\vlayout\src\main\java\com\alibaba\android\vlayout\layout\OnePlusNLayoutHelper.java,com.alibaba.android.vlayout.layout.OnePlusNLayoutHelper,class,18,21,3,18,117,5,0,49,115,0.8111111,0.0,0.0,18,0,9,8,1,0,10,0,0,0,5,1,0,5,0,0,1,0,35,418,17,0,20,0,88,2,152,210,251,136,4,0,0,0,174,1,0
c:\Users\arthur.menezes_evolu\Desktop\Pes\vlayout\examples\src\main\java\com\alibaba\android\vlayout\example\MainActivity.java,com.alibaba.android.vlayout.example.MainActivity$Anonymous1,anonymous,4,4,0,4,1,1,0,1,0,0.0,NaN,NaN,1,0,1,0,0,0,1,0,0,0,0,0,0,0,0,0,0,0,0,5,0,0,0,0,0,0,4,0,0,0,0,0,0,0,7,-1,0
c:\Users\arthur.menezes_evolu\Desktop\Pes\vlayout\examples\src\main\java\com\alibaba\android\vlayout\example\MainActivity.java,com.alibaba.android.vlayout.example.MainActivity$Anonymous2,anonymous,7,7,0,7,9,1,0,8,3,0.0,0.0,0.0,3,0,3,0,0,0,3,0,0,0,0,0,0,0,0,0,0,0,1,37,3,1,3,0,3,0,19,9,7,5,1,0,0,0,26,-1,0
c:\Users\arthur.menezes_evolu\Desktop\Pes\vlayout\examples\src\main\java\com\alibaba\android\vlayout\example\VLayoutActivity.java,com.alibaba.android.vlayout.example.VLayoutActivity$SubAdapter,innerclass,8,8,0,8,7,2,0,6,13,0.71428573,0.0,0.0,7,0,6,0,1,0,7,0,0,0,4,0,0,4,0,0,0,0,1,30,3,0,0,0,1,0,2,5,0,4,0,0,0,0,28,8,0
c:\Users\arthur.menezes_evolu\Desktop\Pes\vlayout\examples\src\main\java\com\alibaba\android\vlayout\example\MainActivity.java,com.alibaba.android.vlayout.example.MainActivity$Anonymous3,anonymous,0,0,0,0,1,1,0,3,0,0.0,NaN,NaN,1,0,1,0,0,0,1,0,0,0,0,0,0,0,0,0,0,0,0,6,0,0,0,0,0,0,1,0,0,0,0,0,0,0,1,-1,0
c:\Users\arthur.menezes_evolu\Desktop\Pes\vlayout\vlayout\src\main\java\com\alibaba\android\vlayout\layout\FixAreaLayoutHelper.java,com.alibaba.android.vlayout.layout.FixAreaLayoutHelper$FixViewAnimatorHelper,interface,2,2,0,2,2,1,0,0,1,0.0,0.0,0.0,2,0,0,0,0,2,2,0,0,0,0,0,0,0,0,0,0,0,0,4,0,0,0,0,0,0,0,0,0,0,0,0,0,0,10,1,0
c:\Users\arthur.menezes_evolu\Desktop\Pes\vlayout\vlayout\src\androidTest\java\com\alibaba\android\vlayout\VirtualLayoutManagerTest.java,com.alibaba.android.vlayout.VirtualLayoutManagerTest$TestAdapter,innerclass,8,8,0,8,25,1,0,13,106,0.64705884,0.0,0.0,17,0,16,0,0,1,17,0,0,0,1,0,0,0,0,1,0,0,0,139,3,5,0,0,2,3,7,12,2,7,1,4,1,0,103,0,0
c:\Users\arthur.menezes_evolu\Desktop\Pes\vlayout\examples\src\main\java\com\alibaba\android\vlayout\example\VLayoutActivity.java,com.alibaba.android.vlayout.example.VLayoutActivity,class,38,40,2,38,21,7,0,51,1,0.5,0.0,0.0,2,0,1,0,1,0,2,0,0,0,17,10,0,16,0,1,10,0,0,540,0,0,0,0,0,0,201,49,0,47,1,20,4,0,113,1,0
c:\Users\arthur.menezes_evolu\Desktop\Pes\vlayout\vlayout\src\main\java\com\alibaba\android\vlayout\LayoutView.java,com.alibaba.android.vlayout.LayoutView,class,4,5,1,4,4,2,0,0,6,0.0,0.0,0.0,4,0,4,0,0,0,4,0,0,0,0,0,0,0,0,0,0,0,0,14,0,0,0,0,0,0,0,0,0,0,0,0,0,0,20,17,0
c:\Users\arthur.menezes_evolu\Desktop\Pes\vlayout\vlayout\src\androidTest\java\com\alibaba\android\vlayout\VirtualLayoutManagerTest.java,com.alibaba.android.vlayout.VirtualLayoutManagerTest$Config,innerclass,2,2,0,2,10,1,0,1,27,0.8,0.0,0.0,10,0,4,0,0,6,10,0,0,0,7,1,0,2,0,5,1,0,0,46,8,0,0,0,0,6,1,15,2,7,0,0,0,0,49,8,0
c:\Users\arthur.menezes_evolu\Desktop\Pes\vlayout\examples\src\main\java\com\alibaba\android\vlayout\example\VLayoutActivity.java,com.alibaba.android.vlayout.example.VLayoutActivity$MainViewHolder,innerclass,2,2,0,2,2,2,0,1,0,0.25,0.0,0.0,2,0,1,0,1,0,2,0,0,0,2,2,2,0,0,0,0,0,0,13,0,0,0,0,0,0,2,2,0,2,0,0,0,0,9,8,0
c:\Users\arthur.menezes_evolu\Desktop\Pes\vlayout\vlayout\src\main\java\com\alibaba\android\vlayout\DelegateAdapter.java,com.alibaba.android.vlayout.DelegateAdapter$SimpleViewHolder,innerclass,2,2,0,2,1,2,0,0,0,0.0,NaN,NaN,1,0,1,0,0,0,1,0,0,0,0,0,0,0,0,0,0,0,0,5,0,0,0,0,0,0,0,0,0,0,0,0,0,0,4,8,0
c:\Users\arthur.menezes_evolu\Desktop\Pes\vlayout\vlayout\src\main\java\com\alibaba\android\vlayout\extend\PerformanceMonitor.java,com.alibaba.android.vlayout.extend.PerformanceMonitor,class,2,4,2,2,4,1,0,0,6,0.0,0.0,0.0,4,0,4,0,0,0,4,0,0,0,0,0,0,0,0,0,0,0,0,10,0,0,0,0,0,0,0,0,0,0,0,0,0,0,39,1,0
c:\Users\arthur.menezes_evolu\Desktop\Pes\vlayout\vlayout\src\main\java\com\alibaba\android\vlayout\LayoutHelper.java,com.alibaba.android.vlayout.LayoutHelper,class,13,46,33,13,38,1,1,7,486,0.95,0.0,0.0,32,0,32,0,0,0,32,15,1,0,5,2,2,0,1,2,3,0,3,79,8,0,5,0,1,3,6,8,3,5,1,0,0,0,222,1025,0
c:\Users\arthur.menezes_evolu\Desktop\Pes\vlayout\vlayout\src\androidTest\java\com\alibaba\android\vlayout\VirtualLayoutManagerTest.java,com.alibaba.android.vlayout.VirtualLayoutManagerTest,class,10,12,2,10,20,6,0,27,16,0.7592593,0.0,0.0,9,0,5,1,1,2,8,0,0,0,6,2,0,3,3,0,2,0,1,487,0,2,4,0,0,4,11,13,0,12,2,6,7,0,73,1,0
c:\Users\arthur.menezes_evolu\Desktop\Pes\vlayout\vlayout\src\androidTest\java\com\alibaba\android\vlayout\VirtualLayoutManagerTest.java,com.alibaba.android.vlayout.VirtualLayoutManagerTest$TestAdapter$Anonymous10,anonymous,0,0,0,0,1,1,0,1,0,0.0,NaN,NaN,1,0,1,0,0,0,1,0,0,0,0,0,0,0,0,0,0,0,0,5,0,0,0,0,0,0,0,0,0,0,0,0,0,0,5,-1,0
c:\Users\arthur.menezes_evolu\Desktop\Pes\vlayout\examples\src\main\java\com\alibaba\android\vlayout\example\TestActivity.java,com.alibaba.android.vlayout.example.TestActivity$MainViewHolder,innerclass,2,2,0,2,1,2,0,0,0,0.0,NaN,NaN,1,0,1,0,0,0,1,0,0,0,0,0,0,0,0,0,0,0,0,5,0,0,0,0,0,0,0,0,0,0,0,0,0,0,4,8,0
c:\Users\arthur.menezes_evolu\Desktop\Pes\vlayout\vlayout\src\androidTest\java\com\alibaba\android\vlayout\VirtualLayoutManagerTest.java,com.alibaba.android.vlayout.VirtualLayoutManagerTest$TestAdapter$Anonymous11,anonymous,0,0,0,0,2,1,0,1,0,0.0,NaN,NaN,1,0,1,0,0,0,1,0,0,0,0,0,0,0,0,0,0,0,0,7,0,1,0,0,0,0,3,2,0,1,1,0,0,0,2,-1,0
c:\Users\arthur.menezes_evolu\Desktop\Pes\vlayout\vlayout\src\androidTest\java\com\alibaba\android\vlayout\VirtualLayoutManagerTest.java,com.alibaba.android.vlayout.VirtualLayoutManagerTest$TestAdapter$Anonymous12,anonymous,2,2,0,2,2,1,0,4,0,0.0,NaN,NaN,1,0,1,0,0,0,1,0,0,0,0,0,0,0,0,0,0,0,0,11,0,0,0,0,0,0,1,2,1,1,1,0,0,0,13,-1,0
c:\Users\arthur.menezes_evolu\Desktop\Pes\vlayout\vlayout\src\main\java\com\alibaba\android\vlayout\ExposeLinearLayoutManagerEx.java,com.alibaba.android.vlayout.ExposeLinearLayoutManagerEx$ChildHelperWrapper,innerclass,4,4,0,4,23,1,0,14,0,0.62499994,0.0,0.0,6,0,0,0,0,6,6,0,0,0,12,0,0,12,0,0,0,0,1,119,6,0,5,7,0,8,5,18,0,15,3,0,0,0,55,0,0
c:\Users\arthur.menezes_evolu\Desktop\Pes\vlayout\vlayout\src\main\java\com\alibaba\android\vlayout\SortedList.java,com.alibaba.android.vlayout.SortedList,class,4,5,1,4,53,2,0,17,29,0.8030304,0.0,0.0,18,0,12,6,0,0,12,0,0,0,11,6,1,9,0,1,7,0,6,289,20,3,16,0,2,5,31,46,16,34,4,0,2,0,277,1,0
c:\Users\arthur.menezes_evolu\Desktop\Pes\vlayout\vlayout\src\main\java\com\alibaba\android\vlayout\SortedList.java,com.alibaba.android.vlayout.SortedList$Callback,innerclass,1,1,0,1,7,1,0,0,21,0.0,0.0,0.0,7,0,7,0,0,0,7,7,0,0,0,0,0,0,0,0,0,0,0,9,0,0,0,0,0,0,0,0,0,0,0,0,0,0,117,1033,0
c:\Users\arthur.menezes_evolu\Desktop\Pes\vlayout\vlayout\src\main\java\com\alibaba\android\vlayout\extend\ViewLifeCycleHelper.java,com.alibaba.android.vlayout.extend.ViewLifeCycleHelper,class,7,9,2,7,48,1,0,25,42,0.7916667,0.0,0.0,12,0,2,10,0,0,2,0,0,0,4,0,0,4,0,0,0,0,0,109,10,1,14,0,0,0,8,6,0,6,3,0,1,0,41,1,0
c:\Users\arthur.menezes_evolu\Desktop\Pes\vlayout\vlayout\src\main\java\com\alibaba\android\vlayout\layout\BaseLayoutHelper.java,com.alibaba.android.vlayout.layout.BaseLayoutHelper$LayoutViewBindListener,interface,2,2,0,2,1,1,0,0,0,0.0,NaN,NaN,1,0,0,0,0,1,1,0,0,0,0,0,0,0,0,0,0,0,0,3,0,0,0,0,0,0,0,0,0,0,0,0,0,0,13,1,0
c:\Users\arthur.menezes_evolu\Desktop\Pes\vlayout\vlayout\src\main\java\com\alibaba\android\vlayout\ExposeLinearLayoutManagerEx.java,com.alibaba.android.vlayout.ExposeLinearLayoutManagerEx$AnchorInfo,innerclass,6,6,0,6,13,1,0,13,0,0.26666668,0.0,0.0,5,0,3,0,0,2,5,0,0,0,3,0,3,0,0,0,0,0,0,42,3,0,0,0,0,12,1,8,7,4,2,0,0,0,65,4,0
c:\Users\arthur.menezes_evolu\Desktop\Pes\vlayout\vlayout\src\main\java\com\alibaba\android\vlayout\layout\FixLayoutHelper.java,com.alibaba.android.vlayout.layout.FixLayoutHelper,class,17,22,5,17,71,7,1,52,123,0.88544893,0.0,0.0,19,0,15,3,1,0,16,0,0,0,17,5,4,9,4,0,5,0,4,310,9,0,18,0,14,1,25,77,32,32,3,1,2,0,159,1,0
c:\Users\arthur.menezes_evolu\Desktop\Pes\vlayout\examples\src\main\java\com\alibaba\android\vlayout\example\TestActivity.java,com.alibaba.android.vlayout.example.TestActivity$Anonymous1,anonymous,2,2,0,2,3,1,0,8,0,0.0,NaN,NaN,1,0,1,0,0,0,1,0,0,0,0,0,0,0,0,0,0,0,1,14,0,0,0,1,0,1,0,2,0,2,2,0,0,0,13,-1,0
c:\Users\arthur.menezes_evolu\Desktop\Pes\vlayout\vlayout\src\main\java\com\alibaba\android\vlayout\VirtualLayoutAdapter.java,com.alibaba.android.vlayout.VirtualLayoutAdapter,class,4,8,4,4,3,1,0,2,0,0.0,0.0,0.0,3,0,3,0,0,0,3,0,0,0,1,0,0,0,1,0,0,0,0,12,1,0,0,0,0,0,0,1,0,1,0,0,0,0,12,1025,0
c:\Users\arthur.menezes_evolu\Desktop\Pes\vlayout\examples\src\main\java\com\alibaba\android\vlayout\example\TestActivity.java,com.alibaba.android.vlayout.example.TestActivity$Anonymous2,anonymous,4,4,0,4,1,1,0,1,0,0.0,NaN,NaN,1,0,1,0,0,0,1,0,0,0,0,0,0,0,0,0,0,0,0,5,0,0,0,0,0,0,4,0,0,0,0,0,0,0,7,-1,0
c:\Users\arthur.menezes_evolu\Desktop\Pes\vlayout\vlayout\src\main\java\com\alibaba\android\vlayout\OrientationHelperEx.java,com.alibaba.android.vlayout.OrientationHelperEx$Anonymous1,anonymous,3,3,0,3,14,1,0,11,55,0.0,0.0,0.0,11,0,11,0,0,0,11,0,0,0,0,0,0,0,0,0,0,0,0,39,9,0,0,0,0,0,0,4,6,4,0,0,0,0,18,-1,0
c:\Users\arthur.menezes_evolu\Desktop\Pes\vlayout\examples\src\main\java\com\alibaba\android\vlayout\example\TestActivity.java,com.alibaba.android.vlayout.example.TestActivity$Anonymous3,anonymous,7,7,0,7,5,1,0,8,3,0.0,0.0,0.0,3,0,3,0,0,0,3,0,0,0,0,0,0,0,0,0,0,0,1,27,2,0,1,0,4,0,6,5,3,4,2,0,0,0,22,-1,0
c:\Users\arthur.menezes_evolu\Desktop\Pes\vlayout\vlayout\src\main\java\com\alibaba\android\vlayout\layout\FixLayoutHelper.java,com.alibaba.android.vlayout.layout.FixLayoutHelper$FixViewAppearAnimatorListener,innerclass,4,4,0,4,3,2,0,1,1,0.5,0.0,0.0,3,0,3,0,0,0,3,0,0,0,2,0,0,2,0,0,0,0,0,13,0,0,0,0,0,0,0,2,0,2,0,0,0,0,19,10,0
c:\Users\arthur.menezes_evolu\Desktop\Pes\vlayout\vlayout\src\main\java\com\alibaba\android\vlayout\layout\BaseLayoutHelper.java,com.alibaba.android.vlayout.layout.BaseLayoutHelper$LayoutViewUnBindListener,interface,2,2,0,2,1,1,0,0,0,0.0,NaN,NaN,1,0,0,0,0,1,1,0,0,0,0,0,0,0,0,0,0,0,0,3,0,0,0,0,0,0,0,0,0,0,0,0,0,0,15,1,0
c:\Users\arthur.menezes_evolu\Desktop\Pes\vlayout\vlayout\src\main\java\com\alibaba\android\vlayout\OrientationHelperEx.java,com.alibaba.android.vlayout.OrientationHelperEx$Anonymous2,anonymous,3,3,0,3,14,1,0,11,55,0.0,0.0,0.0,11,0,11,0,0,0,11,0,0,0,0,0,0,0,0,0,0,0,0,39,9,0,0,0,0,0,0,4,6,4,0,0,0,0,18,-1,0
c:\Users\arthur.menezes_evolu\Desktop\Pes\vlayout\examples\src\main\java\com\alibaba\android\vlayout\example\OnePlusNLayoutActivity.java,com.alibaba.android.vlayout.example.OnePlusNLayoutActivity$Anonymous5,anonymous,1,1,0,1,1,1,0,1,0,0.0,NaN,NaN,1,0,1,0,0,0,1,0,0,0,0,0,0,0,0,0,0,0,0,5,0,0,0,0,0,0,0,0,0,0,0,0,0,0,6,-1,0
c:\Users\arthur.menezes_evolu\Desktop\Pes\vlayout\vlayout\src\main\java\com\alibaba\android\vlayout\layout\BaseLayoutHelper.java,com.alibaba.android.vlayout.layout.BaseLayoutHelper$LayoutViewHelper,interface,1,1,0,1,1,1,0,0,0,0.0,NaN,NaN,1,0,0,0,0,1,1,0,0,0,0,0,0,0,0,0,0,0,0,3,0,0,0,0,0,0,0,0,0,0,0,0,0,0,32,1,0
c:\Users\arthur.menezes_evolu\Desktop\Pes\vlayout\examples\src\main\java\com\alibaba\android\vlayout\example\OnePlusNLayoutActivity.java,com.alibaba.android.vlayout.example.OnePlusNLayoutActivity$Anonymous4,anonymous,5,5,0,5,8,1,0,5,10,0.0,0.0,0.0,5,0,4,0,1,0,5,0,0,0,0,0,0,0,0,0,0,0,0,23,3,0,1,0,1,0,3,1,0,1,1,0,0,0,23,-1,0
c:\Users\arthur.menezes_evolu\Desktop\Pes\vlayout\examples\src\main\java\com\alibaba\android\vlayout\example\OnePlusNLayoutActivity.java,com.alibaba.android.vlayout.example.OnePlusNLayoutActivity$Anonymous7,anonymous,2,2,0,2,1,1,0,2,0,0.0,NaN,NaN,1,0,1,0,0,0,1,0,0,0,0,0,0,0,0,0,0,0,0,7,0,0,0,0,0,0,2,1,0,1,0,0,0,0,9,-1,0
c:\Users\arthur.menezes_evolu\Desktop\Pes\vlayout\examples\src\main\java\com\alibaba\android\vlayout\example\VLayoutActivity.java,com.alibaba.android.vlayout.example.VLayoutActivity$Anonymous19,anonymous,0,0,0,0,1,1,0,1,0,0.0,NaN,NaN,1,0,1,0,0,0,1,0,0,0,0,0,0,0,0,0,0,0,0,10,0,0,0,0,0,0,1,0,0,0,0,1,0,0,3,-1,0
c:\Users\arthur.menezes_evolu\Desktop\Pes\vlayout\examples\src\main\java\com\alibaba\android\vlayout\example\DebugActivity.java,com.alibaba.android.vlayout.example.DebugActivity$SubAdapter,innerclass,5,5,0,5,6,2,0,7,11,0.6666667,0.0,0.0,6,0,4,1,1,0,5,0,0,0,2,0,0,2,0,0,0,0,1,25,3,0,0,0,0,0,0,3,0,3,0,0,0,0,25,10,0
c:\Users\arthur.menezes_evolu\Desktop\Pes\vlayout\examples\src\main\java\com\alibaba\android\vlayout\example\OnePlusNLayoutActivity.java,com.alibaba.android.vlayout.example.OnePlusNLayoutActivity$Anonymous6,anonymous,1,1,0,1,1,1,0,1,0,0.0,NaN,NaN,1,0,1,0,0,0,1,0,0,0,0,0,0,0,0,0,0,0,0,5,0,0,0,0,0,0,0,0,0,0,0,0,0,0,6,-1,0
c:\Users\arthur.menezes_evolu\Desktop\Pes\vlayout\vlayout\src\main\java\com\alibaba\android\vlayout\layout\BaseLayoutHelper.java,com.alibaba.android.vlayout.layout.BaseLayoutHelper,class,20,43,23,20,96,3,6,62,397,0.8924731,0.0,0.0,31,0,20,1,10,0,30,1,2,0,9,2,1,4,1,3,1,0,0,317,16,2,28,0,5,4,28,51,43,27,5,0,4,0,187,1025,0
c:\Users\arthur.menezes_evolu\Desktop\Pes\vlayout\examples\src\main\java\com\alibaba\android\vlayout\example\OnePlusNLayoutActivity.java,com.alibaba.android.vlayout.example.OnePlusNLayoutActivity$Anonymous1,anonymous,2,2,0,2,3,1,0,9,0,0.0,NaN,NaN,1,0,1,0,0,0,1,0,0,0,0,0,0,0,0,0,0,0,1,17,0,0,0,1,0,1,0,2,0,2,2,0,0,0,13,-1,0
c:\Users\arthur.menezes_evolu\Desktop\Pes\vlayout\vlayout\src\main\java\com\alibaba\android\vlayout\LayoutViewFactory.java,com.alibaba.android.vlayout.LayoutViewFactory,interface,3,4,1,3,1,1,0,0,0,0.0,NaN,NaN,1,0,0,0,0,1,1,0,0,0,0,0,0,0,0,0,0,0,0,3,0,0,0,0,0,0,0,0,0,0,0,0,0,0,10,1,0
c:\Users\arthur.menezes_evolu\Desktop\Pes\vlayout\vlayout\src\androidTest\java\com\alibaba\android\vlayout\VirtualLayoutManagerTest.java,com.alibaba.android.vlayout.VirtualLayoutManagerTest$VisibleChildren,innerclass,0,0,0,0,1,1,0,0,0,0.0,NaN,NaN,1,0,1,0,0,0,1,0,0,0,4,0,0,0,0,4,0,0,0,9,1,0,0,0,0,5,0,4,2,4,0,0,0,0,8,8,0
c:\Users\arthur.menezes_evolu\Desktop\Pes\vlayout\examples\src\main\java\com\alibaba\android\vlayout\example\OnePlusNLayoutActivity.java,com.alibaba.android.vlayout.example.OnePlusNLayoutActivity$Anonymous3,anonymous,5,5,0,5,1,1,0,3,0,0.0,NaN,NaN,1,0,1,0,0,0,1,0,0,0,0,0,0,0,0,0,0,0,0,6,0,0,0,0,1,0,4,1,0,1,0,0,0,0,10,-1,0
c:\Users\arthur.menezes_evolu\Desktop\Pes\vlayout\examples\src\main\java\com\alibaba\android\vlayout\example\OnePlusNLayoutActivity.java,com.alibaba.android.vlayout.example.OnePlusNLayoutActivity$Anonymous2,anonymous,3,3,0,3,2,1,0,4,1,0.0,0.0,0.0,2,0,2,0,0,0,2,0,0,0,0,0,0,0,0,0,0,0,0,10,0,0,0,0,0,5,0,0,4,0,0,0,0,0,9,-1,0
c:\Users\arthur.menezes_evolu\Desktop\Pes\vlayout\vlayout\src\androidTest\java\com\alibaba\android\vlayout\VirtualLayoutManagerTest.java,com.alibaba.android.vlayout.VirtualLayoutManagerTest$Anonymous1,anonymous,3,3,0,3,1,1,0,7,0,0.0,NaN,NaN,1,0,1,0,0,0,1,0,0,0,0,0,0,0,0,0,0,0,0,10,0,0,0,0,0,4,0,2,4,2,0,0,0,0,14,-1,0
c:\Users\arthur.menezes_evolu\Desktop\Pes\vlayout\vlayout\src\androidTest\java\com\alibaba\android\vlayout\VirtualLayoutManagerTest.java,com.alibaba.android.vlayout.VirtualLayoutManagerTest$Anonymous2,anonymous,0,0,0,0,1,1,0,1,0,0.0,NaN,NaN,1,0,1,0,0,0,1,0,0,0,0,0,0,0,0,0,0,0,0,5,0,0,0,0,0,0,0,0,0,0,0,0,0,0,3,-1,0
c:\Users\arthur.menezes_evolu\Desktop\Pes\vlayout\vlayout\src\androidTest\java\com\alibaba\android\vlayout\VirtualLayoutManagerTest.java,com.alibaba.android.vlayout.VirtualLayoutManagerTest$Anonymous3,anonymous,1,1,0,1,2,1,0,3,0,0.0,NaN,NaN,1,0,1,0,0,0,1,0,0,0,0,0,0,0,0,0,0,0,0,11,0,0,1,0,0,0,2,0,2,0,1,0,0,0,17,-1,0
c:\Users\arthur.menezes_evolu\Desktop\Pes\vlayout\vlayout\src\main\java\com\alibaba\android\vlayout\RangeLayoutHelperFinder.java,com.alibaba.android.vlayout.RangeLayoutHelperFinder$LayoutHelperItem,innerclass,2,2,0,2,3,1,0,3,0,0.0,0.0,0.0,3,0,2,0,0,1,3,0,0,0,1,0,0,0,0,1,0,0,0,12,2,0,0,0,0,0,0,1,0,1,0,0,0,0,9,8,0
c:\Users\arthur.menezes_evolu\Desktop\Pes\vlayout\examples\src\main\java\com\alibaba\android\vlayout\example\OnePlusNLayoutActivity.java,com.alibaba.android.vlayout.example.OnePlusNLayoutActivity$Anonymous8,anonymous,0,0,0,0,1,1,0,1,0,0.0,NaN,NaN,1,0,1,0,0,0,1,0,0,0,0,0,0,0,0,0,0,0,0,5,0,0,0,0,0,0,0,0,0,0,0,0,0,0,1,-1,0
c:\Users\arthur.menezes_evolu\Desktop\Pes\vlayout\vlayout\src\androidTest\java\com\alibaba\android\vlayout\VirtualLayoutManagerTest.java,com.alibaba.android.vlayout.VirtualLayoutManagerTest$Anonymous4,anonymous,0,0,0,0,1,1,0,1,0,0.0,NaN,NaN,1,0,1,0,0,0,1,0,0,0,0,0,0,0,0,0,0,0,0,5,0,0,0,0,0,0,0,0,0,0,0,0,0,0,3,-1,0
c:\Users\arthur.menezes_evolu\Desktop\Pes\vlayout\vlayout\src\androidTest\java\com\alibaba\android\vlayout\VirtualLayoutManagerTest.java,com.alibaba.android.vlayout.VirtualLayoutManagerTest$Anonymous5,anonymous,3,3,0,3,3,1,0,4,1,0.0,0.0,0.0,2,0,2,0,0,0,2,0,0,0,0,0,0,0,0,0,0,0,4,16,2,0,1,0,0,3,4,1,0,1,1,0,0,0,9,-1,0
c:\Users\arthur.menezes_evolu\Desktop\Pes\vlayout\vlayout\src\main\java\com\alibaba\android\vlayout\layout\FloatLayoutHelper.java,com.alibaba.android.vlayout.layout.FloatLayoutHelper$Anonymous1,anonymous,8,8,0,8,14,1,0,26,0,0.36363637,NaN,NaN,2,0,1,1,0,0,1,0,0,0,11,0,0,11,0,0,1,0,2,85,1,0,1,0,8,2,7,33,23,26,3,0,0,0,49,-1,0
c:\Users\arthur.menezes_evolu\Desktop\Pes\vlayout\vlayout\src\androidTest\java\com\alibaba\android\vlayout\VirtualLayoutManagerTest.java,com.alibaba.android.vlayout.VirtualLayoutManagerTest$Anonymous6,anonymous,1,1,0,1,1,1,0,3,0,0.0,NaN,NaN,1,0,1,0,0,0,1,0,0,0,0,0,0,0,0,0,0,0,0,5,0,0,0,0,1,0,0,0,0,0,0,0,0,0,6,-1,0
c:\Users\arthur.menezes_evolu\Desktop\Pes\vlayout\vlayout\src\main\java\com\alibaba\android\vlayout\OrientationHelperEx.java,com.alibaba.android.vlayout.OrientationHelperEx,class,4,25,21,4,20,1,0,3,134,0.92941177,0.0,0.0,17,3,16,1,0,0,16,11,0,0,5,3,2,2,1,0,4,0,2,120,5,0,1,0,0,1,1,6,1,5,1,2,0,0,150,1025,0
c:\Users\arthur.menezes_evolu\Desktop\Pes\vlayout\vlayout\src\main\java\com\alibaba\android\vlayout\layout\OnePlusNLayoutHelperEx.java,com.alibaba.android.vlayout.layout.OnePlusNLayoutHelperEx,class,15,17,2,15,75,5,0,37,44,0.75,0.0,0.0,12,0,8,4,0,0,8,0,0,0,5,1,0,5,0,0,1,0,35,295,12,0,13,0,45,5,132,148,204,123,2,0,0,0,175,1,0
c:\Users\arthur.menezes_evolu\Desktop\Pes\vlayout\vlayout\src\main\java\com\alibaba\android\vlayout\VirtualLayoutManager.java,com.alibaba.android.vlayout.VirtualLayoutManager$InflateLayoutParams,innerclass,3,3,0,3,1,3,0,0,0,0.0,NaN,NaN,1,0,1,0,0,0,1,0,0,0,0,0,0,0,0,0,0,0,0,5,0,0,0,0,0,0,0,0,0,0,0,0,0,0,7,9,0
c:\Users\arthur.menezes_evolu\Desktop\Pes\vlayout\examples\src\main\java\com\alibaba\android\vlayout\example\OnePlusNLayoutActivity.java,com.alibaba.android.vlayout.example.OnePlusNLayoutActivity$PagerAdapter,innerclass,6,6,0,6,4,3,0,3,6,0.0,0.0,0.0,4,0,4,0,0,0,4,0,0,0,0,0,0,0,0,0,0,0,0,15,2,0,0,0,1,1,2,0,1,0,0,0,0,0,17,8,0
c:\Users\arthur.menezes_evolu\Desktop\Pes\vlayout\examples\src\main\java\com\alibaba\android\vlayout\example\VLayoutActivity.java,com.alibaba.android.vlayout.example.VLayoutActivity$Anonymous10,anonymous,2,2,0,2,2,1,0,1,0,0.0,NaN,NaN,1,0,1,0,0,0,1,0,0,0,0,0,0,0,0,0,0,0,0,14,0,0,1,0,0,0,4,4,0,2,1,0,0,0,9,-1,0
c:\Users\arthur.menezes_evolu\Desktop\Pes\vlayout\vlayout\src\androidTest\java\com\alibaba\android\vlayout\VirtualLayoutManagerTest.java,com.alibaba.android.vlayout.VirtualLayoutManagerTest$WrappedLinearLayoutManager,innerclass,14,14,0,14,31,4,0,31,60,0.8333334,0.0,0.0,12,0,9,1,0,2,11,0,0,0,2,0,0,0,0,2,0,0,0,128,6,2,6,1,1,13,6,24,3,21,3,2,0,0,103,0,0
c:\Users\arthur.menezes_evolu\Desktop\Pes\vlayout\examples\src\main\java\com\alibaba\android\vlayout\example\VLayoutActivity.java,com.alibaba.android.vlayout.example.VLayoutActivity$Anonymous13,anonymous,2,2,0,2,1,1,0,2,0,0.0,NaN,NaN,1,0,1,0,0,0,1,0,0,0,0,0,0,0,0,0,0,0,0,7,0,0,0,0,0,0,1,1,0,1,0,0,0,0,9,-1,0
c:\Users\arthur.menezes_evolu\Desktop\Pes\vlayout\examples\src\main\java\com\alibaba\android\vlayout\example\VLayoutActivity.java,com.alibaba.android.vlayout.example.VLayoutActivity$Anonymous14,anonymous,2,2,0,2,1,1,0,2,0,0.0,NaN,NaN,1,0,1,0,0,0,1,0,0,0,0,0,0,0,0,0,0,0,0,6,0,0,0,0,0,0,0,1,0,1,0,0,0,0,9,-1,0
c:\Users\arthur.menezes_evolu\Desktop\Pes\vlayout\vlayout\src\main\java\com\alibaba\android\vlayout\layout\FixLayoutHelper.java,com.alibaba.android.vlayout.layout.FixLayoutHelper$FixViewDisappearAnimatorListener,innerclass,5,5,0,5,6,2,0,3,2,0.56000006,0.0,0.0,5,0,5,0,0,0,5,0,0,0,5,0,0,5,0,0,0,0,0,30,1,0,1,0,0,0,0,7,0,5,1,0,0,0,29,10,0
c:\Users\arthur.menezes_evolu\Desktop\Pes\vlayout\vlayout\src\main\java\com\alibaba\android\vlayout\layout\StickyLayoutHelper.java,com.alibaba.android.vlayout.layout.StickyLayoutHelper$Stackable,interface,0,0,0,0,1,1,0,0,0,0.0,NaN,NaN,1,0,0,0,0,1,1,0,0,0,0,0,0,0,0,0,0,0,0,3,0,0,0,0,0,0,0,0,0,0,0,0,0,0,2,1,0
c:\Users\arthur.menezes_evolu\Desktop\Pes\vlayout\examples\src\main\java\com\alibaba\android\vlayout\example\VLayoutActivity.java,com.alibaba.android.vlayout.example.VLayoutActivity$Anonymous11,anonymous,2,2,0,2,4,1,0,2,0,0.0,NaN,NaN,1,0,1,0,0,0,1,0,0,0,0,0,0,0,0,0,0,0,0,15,0,0,3,0,0,0,6,4,0,1,1,0,0,0,9,-1,0
c:\Users\arthur.menezes_evolu\Desktop\Pes\vlayout\examples\src\main\java\com\alibaba\android\vlayout\example\VLayoutActivity.java,com.alibaba.android.vlayout.example.VLayoutActivity$Anonymous12,anonymous,2,2,0,2,2,1,0,2,0,0.0,NaN,NaN,1,0,1,0,0,0,1,0,0,0,0,0,0,0,0,0,0,0,0,9,0,0,1,0,0,0,2,2,0,1,1,0,0,0,9,-1,0
c:\Users\arthur.menezes_evolu\Desktop\Pes\vlayout\examples\src\main\java\com\alibaba\android\vlayout\example\VLayoutActivity.java,com.alibaba.android.vlayout.example.VLayoutActivity$Anonymous17,anonymous,0,0,0,0,1,1,0,0,0,0.0,NaN,NaN,1,0,1,0,0,0,1,0,0,0,0,0,0,0,0,0,0,0,0,4,0,0,0,0,0,0,0,0,0,0,0,0,0,0,1,-1,0
c:\Users\arthur.menezes_evolu\Desktop\Pes\vlayout\examples\src\main\java\com\alibaba\android\vlayout\example\VLayoutActivity.java,com.alibaba.android.vlayout.example.VLayoutActivity$Anonymous18,anonymous,2,2,0,2,3,1,0,9,0,0.0,NaN,NaN,1,0,1,0,0,0,1,0,0,0,0,0,0,0,0,0,0,0,1,17,0,0,0,1,0,1,0,2,0,2,2,0,0,0,13,-1,0
c:\Users\arthur.menezes_evolu\Desktop\Pes\vlayout\examples\src\main\java\com\alibaba\android\vlayout\example\VLayoutActivity.java,com.alibaba.android.vlayout.example.VLayoutActivity$Anonymous15,anonymous,2,2,0,2,1,1,0,2,0,0.0,NaN,NaN,1,0,1,0,0,0,1,0,0,0,0,0,0,0,0,0,0,0,0,7,0,0,0,0,0,0,2,1,0,1,0,0,0,0,9,-1,0
c:\Users\arthur.menezes_evolu\Desktop\Pes\vlayout\vlayout\src\main\java\com\alibaba\android\vlayout\layout\ColumnLayoutHelper.java,com.alibaba.android.vlayout.layout.ColumnLayoutHelper,class,19,21,2,19,29,5,1,33,1,0.5833334,0.0,0.0,3,0,3,0,0,0,3,0,0,0,4,0,0,4,0,0,0,0,12,122,1,5,9,0,6,0,26,60,23,41,4,0,0,0,96,1,0
c:\Users\arthur.menezes_evolu\Desktop\Pes\vlayout\examples\src\main\java\com\alibaba\android\vlayout\example\VLayoutActivity.java,com.alibaba.android.vlayout.example.VLayoutActivity$Anonymous16,anonymous,2,2,0,2,2,1,0,2,0,0.0,NaN,NaN,1,0,1,0,0,0,1,0,0,0,0,0,0,0,0,0,0,0,0,13,0,0,1,0,0,0,7,3,4,1,1,0,0,0,9,-1,0
c:\Users\arthur.menezes_evolu\Desktop\Pes\vlayout\vlayout\src\main\java\com\alibaba\android\vlayout\LayoutHelperFinder.java,com.alibaba.android.vlayout.LayoutHelperFinder,class,3,5,2,3,4,1,1,0,6,0.0,0.0,0.0,4,0,1,0,2,1,4,4,0,0,0,0,0,0,0,0,0,0,0,6,0,0,0,0,0,0,0,0,0,0,0,0,0,0,26,1025,0
c:\Users\arthur.menezes_evolu\Desktop\Pes\vlayout\vlayout\src\main\java\com\alibaba\android\vlayout\extend\LayoutManagerCanScrollListener.java,com.alibaba.android.vlayout.extend.LayoutManagerCanScrollListener,interface,0,2,2,0,2,1,0,0,1,0.0,0.0,0.0,2,0,0,0,0,2,2,0,0,0,0,0,0,0,0,0,0,0,0,4,0,0,0,0,0,0,0,0,0,0,0,0,0,0,8,1,0
c:\Users\arthur.menezes_evolu\Desktop\Pes\vlayout\examples\src\main\java\com\alibaba\android\vlayout\example\DebugActivity.java,com.alibaba.android.vlayout.example.DebugActivity,class,13,14,1,13,1,4,0,7,0,0.0,NaN,NaN,1,0,0,0,1,0,1,0,0,0,0,0,0,0,0,0,0,0,0,59,0,0,0,0,0,0,10,4,0,4,0,0,2,0,35,1,0
c:\Users\arthur.menezes_evolu\Desktop\Pes\vlayout\vlayout\src\androidTest\java\com\alibaba\android\vlayout\VirtualLayoutManagerTest.java,com.alibaba.android.vlayout.VirtualLayoutManagerTest$TestAdapter$Anonymous9,anonymous,0,0,0,0,1,1,0,1,0,0.0,NaN,NaN,1,0,1,0,0,0,1,0,0,0,0,0,0,0,0,0,0,0,0,5,0,0,0,0,0,0,0,0,0,0,0,0,0,0,5,-1,0
c:\Users\arthur.menezes_evolu\Desktop\Pes\vlayout\vlayout\src\main\java\com\alibaba\android\vlayout\DelegateAdapter.java,com.alibaba.android.vlayout.DelegateAdapter$SimpleViewAdapter,innerclass,8,8,0,8,6,2,0,0,11,0.6666667,0.0,0.0,6,0,6,0,0,0,6,0,0,0,2,0,0,2,0,0,0,0,0,22,3,0,0,0,0,0,1,2,0,2,0,0,0,0,19,8,0
c:\Users\arthur.menezes_evolu\Desktop\Pes\vlayout\vlayout\src\main\java\com\alibaba\android\vlayout\layout\RangeStyle.java,com.alibaba.android.vlayout.layout.RangeStyle$RangeMap,innerclass,2,2,0,2,5,1,0,2,0,0.53333336,0.0,0.0,3,0,3,0,0,0,3,0,0,0,5,1,0,5,0,0,1,0,4,35,1,1,0,0,0,0,9,18,3,10,1,0,0,0,27,10,0
c:\Users\arthur.menezes_evolu\Desktop\Pes\vlayout\vlayout\src\main\java\com\alibaba\android\vlayout\layout\FixLayoutHelper.java,com.alibaba.android.vlayout.layout.FixLayoutHelper$Anonymous1,anonymous,2,2,0,2,2,1,0,4,0,0.0,NaN,NaN,1,0,1,0,0,0,1,0,0,0,0,0,0,0,0,0,0,0,0,13,0,0,0,0,0,0,0,2,0,0,1,0,0,0,17,-1,0
c:\Users\arthur.menezes_evolu\Desktop\Pes\vlayout\vlayout\src\main\java\com\alibaba\android\vlayout\layout\StaggeredGridLayoutHelper.java,com.alibaba.android.vlayout.layout.StaggeredGridLayoutHelper$LazySpanLookup,innerclass,3,3,0,3,21,1,0,6,0,0.4375,0.0,0.0,8,0,0,0,0,8,8,0,0,0,2,1,0,1,0,1,1,0,10,66,8,1,6,0,0,0,6,7,9,4,1,0,0,0,58,8,0
c:\Users\arthur.menezes_evolu\Desktop\Pes\vlayout\vlayout\src\main\java\com\alibaba\android\vlayout\RangeLayoutHelperFinder.java,com.alibaba.android.vlayout.RangeLayoutHelperFinder,class,5,6,1,5,15,2,0,14,0,0.6,0.0,0.0,4,0,2,0,2,0,4,0,0,0,5,0,0,5,0,0,0,0,1,72,4,3,4,0,1,0,6,18,5,12,2,1,1,0,33,1,0
c:\Users\arthur.menezes_evolu\Desktop\Pes\vlayout\vlayout\src\main\java\com\alibaba\android\vlayout\extend\ViewLifeCycleListener.java,com.alibaba.android.vlayout.extend.ViewLifeCycleListener,interface,1,4,3,1,4,1,0,0,6,0.0,0.0,0.0,4,0,0,0,0,4,4,0,0,0,0,0,0,0,0,0,0,0,0,6,0,0,0,0,0,0,0,0,0,0,0,0,0,0,10,1,0
c:\Users\arthur.menezes_evolu\Desktop\Pes\vlayout\examples\src\main\java\com\alibaba\android\vlayout\example\VLayoutActivity.java,com.alibaba.android.vlayout.example.VLayoutActivity$Anonymous21,anonymous,1,1,0,1,4,1,0,5,0,0.0,NaN,NaN,1,0,1,0,0,0,1,0,0,0,0,0,0,0,0,0,0,0,0,15,0,0,2,0,0,0,1,4,1,2,2,0,0,0,15,-1,0
c:\Users\arthur.menezes_evolu\Desktop\Pes\vlayout\vlayout\src\main\java\com\alibaba\android\vlayout\layout\FixAreaLayoutHelper.java,com.alibaba.android.vlayout.layout.FixAreaLayoutHelper,class,4,8,4,4,8,4,3,0,28,0.875,0.0,0.0,8,0,8,0,0,0,8,0,0,0,2,0,0,0,2,0,0,0,0,31,5,0,0,0,0,0,4,3,0,2,0,0,1,0,28,1025,0
c:\Users\arthur.menezes_evolu\Desktop\Pes\vlayout\examples\src\main\java\com\alibaba\android\vlayout\example\DebugActivity.java,com.alibaba.android.vlayout.example.DebugActivity$SubViewHolder,innerclass,3,3,0,3,3,2,0,3,1,0.5,0.0,0.0,3,0,2,0,1,0,3,0,0,0,2,2,2,0,0,0,0,0,0,16,0,0,0,0,1,0,2,2,0,2,0,0,0,0,12,10,0
c:\Users\arthur.menezes_evolu\Desktop\Pes\vlayout\vlayout\src\main\java\com\alibaba\android\vlayout\layout\GridLayoutHelper.java,com.alibaba.android.vlayout.layout.GridLayoutHelper,class,20,25,5,20,161,5,0,71,207,0.8990383,0.0,0.0,26,0,21,5,0,0,21,0,0,0,16,3,0,16,0,0,2,0,11,589,19,15,41,0,35,22,112,169,98,91,4,0,2,0,208,1,0
c:\Users\arthur.menezes_evolu\Desktop\Pes\vlayout\vlayout\src\main\java\com\alibaba\android\vlayout\Cantor.java,com.alibaba.android.vlayout.Cantor,class,1,2,1,1,4,1,0,2,1,0.0,0.0,0.0,2,2,2,0,0,0,2,0,0,0,0,0,0,0,0,0,0,0,2,16,1,0,1,0,4,0,11,7,14,4,1,0,0,0,29,1,0
c:\Users\arthur.menezes_evolu\Desktop\Pes\vlayout\vlayout\src\main\java\com\alibaba\android\vlayout\VirtualLayoutManager.java,com.alibaba.android.vlayout.VirtualLayoutManager,class,44,59,15,44,267,7,2,161,3912,0.9613487,0.0,0.0,96,1,84,7,5,0,89,0,1,0,38,10,3,32,3,0,8,0,16,1061,60,23,78,4,9,16,71,250,32,172,4,3,6,0,340,1,0
