file,class,type,cbo,cboModified,fanin,fanout,wmc,dit,noc,rfc,lcom,lcom*,tcc,lcc,totalMethodsQty,staticMethodsQty,publicMethodsQty,privateMethodsQty,protectedMethodsQty,defaultMethodsQty,visibleMethodsQty,abstractMethodsQty,finalMethodsQty,synchronizedMethodsQty,totalFieldsQty,staticFieldsQty,publicFieldsQty,privateFieldsQty,protectedFieldsQty,defaultFieldsQty,finalFieldsQty,synchronizedFieldsQty,nosi,loc,returnQty,loopQty,comparisonsQty,tryCatchQty,parenthesizedExpsQty,stringLiteralsQty,numbersQty,assignmentsQty,mathOperationsQty,variablesQty,maxNestedBlocksQty,anonymousClassesQty,innerClassesQty,lambdasQty,uniqueWordsQty,modifiers,logStatementsQty
c:\Users\arthur.menezes_evolu\Desktop\Pes\JGrowing\????\????\???????Java??\src\main\java\org\xuyuji\pattern\singleton\HungerSingleton.java,org.xuyuji.pattern.singleton.HungerSingleton,class,1,3,2,1,2,1,0,0,1,0.5,NaN,NaN,2,1,1,1,0,0,1,0,0,0,1,1,0,1,0,0,1,0,0,8,1,0,0,0,0,0,0,1,0,1,0,0,0,0,11,1,0
c:\Users\arthur.menezes_evolu\Desktop\Pes\JGrowing\????\????\???????Java??\src\test\java\org\xuyuji\pattern\singleton\ReflectionTest.java,org.xuyuji.pattern.singleton.ReflectionTest,class,4,4,0,4,4,1,0,12,6,0.0,0.0,0.0,4,0,4,0,0,0,4,0,0,0,0,0,0,0,0,0,0,0,2,26,0,0,0,0,0,1,1,8,0,8,0,0,0,0,17,1,0
c:\Users\arthur.menezes_evolu\Desktop\Pes\JGrowing\????\????\???????Java??\src\main\java\org\xuyuji\pattern\singleton\ThreadLocalSingleton.java,org.xuyuji.pattern.singleton.ThreadLocalSingleton,class,1,5,4,1,2,1,0,1,1,0.5,NaN,NaN,2,1,1,1,0,0,1,0,0,0,1,1,0,1,0,0,1,0,0,13,1,0,0,0,0,0,0,1,0,1,0,1,0,0,6,1,0
c:\Users\arthur.menezes_evolu\Desktop\Pes\JGrowing\????\????\???????Java??\src\test\java\org\xuyuji\pattern\singleton\ConcurrentTest.java,org.xuyuji.pattern.singleton.ConcurrentTest$Anonymous1,anonymous,1,1,0,1,1,1,0,1,0,0.0,NaN,NaN,1,0,1,0,0,0,1,0,0,0,0,0,0,0,0,0,0,0,1,5,1,0,0,0,0,0,0,0,0,0,0,0,0,0,4,-1,0
c:\Users\arthur.menezes_evolu\Desktop\Pes\JGrowing\????\????\???????Java??\src\main\java\org\xuyuji\pattern\singleton\LazyThreadSafeSingleton.java,org.xuyuji.pattern.singleton.LazyThreadSafeSingleton,class,1,2,1,1,3,1,0,0,1,0.5,NaN,NaN,2,1,1,1,0,0,1,0,0,1,1,1,0,1,0,0,0,0,0,11,1,0,1,0,0,0,0,1,0,1,1,0,0,0,14,1,0
c:\Users\arthur.menezes_evolu\Desktop\Pes\JGrowing\????\????\???????Java??\src\test\java\org\xuyuji\pattern\singleton\ConcurrentTest.java,org.xuyuji.pattern.singleton.ConcurrentTest$Anonymous2,anonymous,1,1,0,1,1,1,0,1,0,0.0,NaN,NaN,1,0,1,0,0,0,1,0,0,0,0,0,0,0,0,0,0,0,1,5,1,0,0,0,0,0,0,0,0,0,0,0,0,0,5,-1,0
c:\Users\arthur.menezes_evolu\Desktop\Pes\JGrowing\????\????\???????Java??\src\test\java\org\xuyuji\pattern\singleton\ConcurrentTest.java,org.xuyuji.pattern.singleton.ConcurrentTest$Anonymous3,anonymous,1,1,0,1,1,1,0,1,0,0.0,NaN,NaN,1,0,1,0,0,0,1,0,0,0,0,0,0,0,0,0,0,0,1,5,1,0,0,0,0,0,0,0,0,0,0,0,0,0,5,-1,0
c:\Users\arthur.menezes_evolu\Desktop\Pes\JGrowing\????\????\???????Java??\src\test\java\org\xuyuji\pattern\singleton\ConcurrentTest.java,org.xuyuji.pattern.singleton.ConcurrentTest$Anonymous4,anonymous,1,1,0,1,1,1,0,1,0,0.0,NaN,NaN,1,0,1,0,0,0,1,0,0,0,0,0,0,0,0,0,0,0,1,5,1,0,0,0,0,0,0,0,0,0,0,0,0,0,5,-1,0
c:\Users\arthur.menezes_evolu\Desktop\Pes\JGrowing\????\????\???????Java??\src\main\java\org\xuyuji\pattern\singleton\ContainerSingleton.java,org.xuyuji.pattern.singleton.ContainerSingleton,class,0,0,0,0,4,1,0,5,1,0.5,NaN,NaN,2,1,1,1,0,0,1,0,0,0,1,1,0,1,0,0,0,0,1,22,2,0,0,1,0,0,0,3,0,2,3,0,0,0,18,1,0
c:\Users\arthur.menezes_evolu\Desktop\Pes\JGrowing\????\????\???????Java??\src\main\java\org\xuyuji\pattern\singleton\InnerClassSingleton.java,org.xuyuji.pattern.singleton.InnerClassSingleton,class,1,5,4,1,2,1,0,0,1,0.0,NaN,NaN,2,1,1,1,0,0,1,0,0,0,0,0,0,0,0,0,0,0,0,10,1,0,0,0,0,0,0,0,0,0,0,0,1,0,5,1,0
c:\Users\arthur.menezes_evolu\Desktop\Pes\JGrowing\????\????\???????Java??\src\main\java\org\xuyuji\pattern\singleton\InnerClassSingleton.java,org.xuyuji.pattern.singleton.InnerClassSingleton$SingletonHelper,innerclass,1,1,0,1,0,1,0,0,0,NaN,-1.0,-1.0,0,0,0,0,0,0,0,0,0,0,1,1,0,1,0,0,1,0,0,3,0,0,0,0,0,0,0,1,0,1,0,0,0,0,11,10,0
c:\Users\arthur.menezes_evolu\Desktop\Pes\JGrowing\????\????\???????Java??\src\main\java\org\xuyuji\pattern\singleton\LazySingleton.java,org.xuyuji.pattern.singleton.LazySingleton,class,1,4,3,1,4,1,0,4,3,0.6666667,0.0,0.0,3,2,2,1,0,0,2,0,0,0,1,1,0,1,0,0,0,0,3,19,1,0,1,0,0,1,0,3,0,3,1,0,0,0,21,1,0
c:\Users\arthur.menezes_evolu\Desktop\Pes\JGrowing\????\????\???????Java??\src\main\java\org\xuyuji\pattern\singleton\EnumSingleton.java,org.xuyuji.pattern.singleton.EnumSingleton,enum,0,2,2,0,0,1,0,0,0,0.0,-1.0,-1.0,0,0,0,0,0,0,0,0,0,0,0,0,0,0,0,0,0,0,0,1,0,0,0,0,0,0,0,0,0,0,0,0,0,0,10,1,0
c:\Users\arthur.menezes_evolu\Desktop\Pes\JGrowing\????\????\???????Java??\src\main\java\org\xuyuji\pattern\singleton\SerializableSingleton.java,org.xuyuji.pattern.singleton.SerializableSingleton,class,1,3,2,1,6,1,0,0,0,0.5,NaN,NaN,3,1,1,2,0,0,1,0,0,0,2,2,0,2,0,0,1,0,0,22,2,0,3,0,0,1,1,2,0,2,3,0,0,0,18,1,0
c:\Users\arthur.menezes_evolu\Desktop\Pes\JGrowing\????\????\???????Java??\src\main\java\org\xuyuji\pattern\singleton\HungerStaticSingleton.java,org.xuyuji.pattern.singleton.HungerStaticSingleton,class,1,4,3,1,4,1,0,0,0,0.5,0.0,0.0,2,1,1,1,0,0,2,0,0,0,2,2,0,2,0,0,2,0,0,15,1,0,1,0,0,1,1,2,0,2,1,0,0,0,22,1,0
c:\Users\arthur.menezes_evolu\Desktop\Pes\JGrowing\????\????\???????Java??\src\test\java\org\xuyuji\pattern\singleton\ConcurrentTest.java,org.xuyuji.pattern.singleton.ConcurrentTest,class,7,8,1,7,16,1,0,22,19,0.6,0.0,0.0,10,1,5,5,0,0,5,0,0,0,2,2,0,2,0,0,1,0,8,107,4,3,2,1,0,5,5,31,3,31,2,4,0,0,45,1,0
c:\Users\arthur.menezes_evolu\Desktop\Pes\JGrowing\????\????\???????Java??\src\main\java\org\xuyuji\pattern\singleton\DoubleLockingSingleton.java,org.xuyuji.pattern.singleton.DoubleLockingSingleton,class,1,4,3,1,4,1,0,0,1,0.5,NaN,NaN,2,1,1,1,0,0,1,0,0,0,1,1,0,1,0,0,0,0,0,15,1,0,2,0,0,0,0,1,0,1,3,0,0,0,7,1,0
c:\Users\arthur.menezes_evolu\Desktop\Pes\JGrowing\????\????\???????Java??\src\main\java\org\xuyuji\pattern\singleton\ThreadLocalSingleton.java,org.xuyuji.pattern.singleton.ThreadLocalSingleton$Anonymous1,anonymous,1,1,0,1,1,1,0,0,0,0.0,NaN,NaN,1,0,0,0,1,0,1,0,0,0,0,0,0,0,0,0,0,0,0,5,1,0,0,0,0,0,0,0,0,0,0,0,0,0,5,-1,0
c:\Users\arthur.menezes_evolu\Desktop\Pes\JGrowing\????\????\???????Java??\src\test\java\org\xuyuji\pattern\singleton\SerializableTest.java,org.xuyuji.pattern.singleton.SerializableTest,class,4,4,0,4,3,1,0,7,3,0.0,0.0,0.0,3,0,3,0,0,0,3,0,0,0,0,0,0,0,0,0,0,0,2,32,0,0,0,6,0,0,0,18,0,18,2,0,0,0,25,1,0
