file,class,method,constructor,line,cbo,cboModified,fanin,fanout,wmc,rfc,loc,returnsQty,variablesQty,parametersQty,methodsInvokedQty,methodsInvokedLocalQty,methodsInvokedIndirectLocalQty,loopQty,comparisonsQty,tryCatchQty,parenthesizedExpsQty,stringLiteralsQty,numbersQty,assignmentsQty,mathOperationsQty,maxNestedBlocksQty,anonymousClassesQty,innerClassesQty,lambdasQty,uniqueWordsQty,modifiers,logStatementsQty,hasJavaDoc
c:\Users\arthur.menezes_evolu\Desktop\Pes\JCSprout\src\main\java\com\crossoverjie\algorithm\LinkLoop.java,com.crossoverjie.algorithm.LinkLoop,isLoop/1[com.crossoverjie.algorithm.LinkLoop.Node],false,32,1,3,3,0,5,0,20,4,4,1,0,0,0,1,4,0,0,0,0,6,0,2,0,0,0,13,1,0,true
c:\Users\arthur.menezes_evolu\Desktop\Pes\JCSprout\src\main\java\com\crossoverjie\concurrent\future\Callable.java,com.crossoverjie.concurrent.future.Callable,call/0,false,12,1,0,0,0,1,0,1,0,0,0,0,0,0,0,0,0,0,0,0,0,0,0,0,0,0,2,0,0,true
c:\Users\arthur.menezes_evolu\Desktop\Pes\JCSprout\src\main\java\com\crossoverjie\concurrent\Singleton.java,com.crossoverjie.concurrent.Singleton,Singleton/0,true,14,0,1,1,0,1,0,2,0,0,0,0,0,0,0,0,0,0,0,0,0,0,0,0,0,0,1,2,0,false
c:\Users\arthur.menezes_evolu\Desktop\Pes\JCSprout\src\main\java\com\crossoverjie\concurrent\Singleton.java,com.crossoverjie.concurrent.Singleton,getInstance/0,false,17,1,1,0,1,3,0,10,1,0,0,0,0,0,0,2,0,0,0,0,1,0,3,0,0,0,5,9,0,false
c:\Users\arthur.menezes_evolu\Desktop\Pes\JCSprout\src\test\java\com\crossoverjie\reference\ReferenceTest.java,com.crossoverjie.reference.ReferenceTest,testBasic/0,false,18,2,1,0,1,1,3,5,0,1,0,3,1,1,0,0,0,0,1,1,1,0,0,0,0,0,5,1,0,false
c:\Users\arthur.menezes_evolu\Desktop\Pes\JCSprout\src\test\java\com\crossoverjie\reference\ReferenceTest.java,com.crossoverjie.reference.ReferenceTest,addList/1[java.util.List<java.lang.Integer>],false,52,0,1,1,0,1,1,3,0,0,1,1,0,0,0,0,0,0,0,1,0,0,0,0,0,0,3,2,0,false
c:\Users\arthur.menezes_evolu\Desktop\Pes\JCSprout\src\test\java\com\crossoverjie\reference\ReferenceTest.java,com.crossoverjie.reference.ReferenceTest,modifyReference02/1[java.util.List<java.lang.Integer>],false,93,0,1,1,0,1,3,5,0,0,1,3,0,0,0,0,0,0,2,1,0,0,0,0,0,0,3,2,0,false
c:\Users\arthur.menezes_evolu\Desktop\Pes\JCSprout\src\test\java\com\crossoverjie\reference\ReferenceTest.java,com.crossoverjie.reference.ReferenceTest,modifyCar1/1[com.crossoverjie.reference.ReferenceTest.Car],false,38,1,1,1,0,1,2,5,0,0,1,2,0,0,0,0,0,0,3,0,1,0,0,0,0,0,4,2,0,false
c:\Users\arthur.menezes_evolu\Desktop\Pes\JCSprout\src\test\java\com\crossoverjie\reference\ReferenceTest.java,com.crossoverjie.reference.ReferenceTest,modifyBasic/1[int],false,25,0,1,1,0,1,2,5,0,0,1,2,0,0,0,0,0,0,2,1,1,0,0,0,0,0,3,2,0,false
c:\Users\arthur.menezes_evolu\Desktop\Pes\JCSprout\src\test\java\com\crossoverjie\reference\ReferenceTest.java,com.crossoverjie.reference.ReferenceTest,testReference01/0,false,32,3,2,0,2,1,3,5,0,1,0,3,1,1,0,0,0,0,2,0,1,0,0,0,0,0,7,1,0,false
c:\Users\arthur.menezes_evolu\Desktop\Pes\JCSprout\src\test\java\com\crossoverjie\reference\ReferenceTest.java,com.crossoverjie.reference.ReferenceTest,test02/0,false,57,3,2,0,2,1,3,5,0,1,0,3,1,1,0,0,0,0,2,0,1,0,0,0,0,0,5,1,0,false
c:\Users\arthur.menezes_evolu\Desktop\Pes\JCSprout\src\test\java\com\crossoverjie\reference\ReferenceTest.java,com.crossoverjie.reference.ReferenceTest,modifyCar/1[com.crossoverjie.reference.ReferenceTest.Car],false,63,1,2,1,1,1,2,5,0,0,1,2,0,0,0,0,0,0,3,0,1,0,0,0,0,0,3,2,0,false
c:\Users\arthur.menezes_evolu\Desktop\Pes\JCSprout\src\test\java\com\crossoverjie\reference\ReferenceTest.java,com.crossoverjie.reference.ReferenceTest,testList/0,false,45,2,1,0,1,1,3,6,0,1,0,3,1,1,0,0,0,0,0,1,1,0,0,0,0,0,4,1,0,false
c:\Users\arthur.menezes_evolu\Desktop\Pes\JCSprout\src\test\java\com\crossoverjie\reference\ReferenceTest.java,com.crossoverjie.reference.ReferenceTest,testReference03/0,false,85,2,1,0,1,1,4,6,0,1,0,4,1,1,0,0,0,0,1,1,1,0,0,0,0,0,6,1,0,false
c:\Users\arthur.menezes_evolu\Desktop\Pes\JCSprout\src\main\java\com\crossoverjie\disruptor\LongEventMain.java,com.crossoverjie.disruptor.LongEventMain,main/1[java.lang.String[]],false,19,8,4,0,4,4,11,25,0,12,1,11,0,0,3,0,0,0,4,13,12,0,2,0,0,0,30,9,0,false
c:\Users\arthur.menezes_evolu\Desktop\Pes\JCSprout\src\main\java\com\crossoverjie\actual\LRUAbstractMap.java,com.crossoverjie.actual.LRUAbstractMap,size/0,false,272,0,2,2,0,1,1,3,1,0,0,1,0,0,0,0,0,0,0,0,0,0,0,0,0,0,1,1,0,false
c:\Users\arthur.menezes_evolu\Desktop\Pes\JCSprout\src\main\java\com\crossoverjie\actual\LRUAbstractMap.java,com.crossoverjie.actual.LRUAbstractMap,LRUAbstractMap/0,true,77,1,3,2,1,1,1,5,0,0,0,1,1,1,0,0,0,0,0,0,2,0,0,0,0,0,21,1,0,false
c:\Users\arthur.menezes_evolu\Desktop\Pes\JCSprout\src\main\java\com\crossoverjie\actual\LRUAbstractMap.java,com.crossoverjie.actual.LRUAbstractMap,sizeUp/0,false,235,2,3,1,2,4,4,16,0,3,0,4,2,2,0,2,0,0,1,0,5,0,2,0,0,0,24,2,0,true
c:\Users\arthur.menezes_evolu\Desktop\Pes\JCSprout\src\main\java\com\crossoverjie\actual\LRUAbstractMap.java,com.crossoverjie.actual.LRUAbstractMap,sizeDown/0,false,262,0,1,1,0,2,2,6,0,0,0,2,0,0,0,1,0,0,0,1,1,0,1,0,0,0,4,2,0,true
c:\Users\arthur.menezes_evolu\Desktop\Pes\JCSprout\src\main\java\com\crossoverjie\actual\LRUAbstractMap.java,com.crossoverjie.actual.LRUAbstractMap,executeCheckTime/0,false,90,2,2,1,1,1,4,5,0,1,0,4,0,0,0,0,0,0,1,4,2,0,0,0,0,0,12,2,0,true
c:\Users\arthur.menezes_evolu\Desktop\Pes\JCSprout\src\main\java\com\crossoverjie\actual\LRUAbstractMap.java,com.crossoverjie.actual.LRUAbstractMap,remove/1[java.lang.Object],false,192,2,6,4,2,5,4,26,4,4,1,4,2,1,1,4,0,0,0,0,8,1,2,0,0,0,13,1,0,false
c:\Users\arthur.menezes_evolu\Desktop\Pes\JCSprout\src\main\java\com\crossoverjie\actual\LRUAbstractMap.java,com.crossoverjie.actual.LRUAbstractMap,lruCallback/0,false,322,0,1,1,0,1,1,3,0,0,0,1,0,0,0,0,0,0,1,0,0,0,0,0,0,0,2,2,1,false
c:\Users\arthur.menezes_evolu\Desktop\Pes\JCSprout\src\main\java\com\crossoverjie\actual\LRUAbstractMap.java,com.crossoverjie.actual.LRUAbstractMap,entrySet/0,false,102,0,0,0,0,1,1,3,1,0,0,1,0,0,0,0,0,0,0,0,0,0,0,0,0,0,2,1,0,false
c:\Users\arthur.menezes_evolu\Desktop\Pes\JCSprout\src\main\java\com\crossoverjie\actual\LRUAbstractMap.java,com.crossoverjie.actual.LRUAbstractMap,hash/1[java.lang.Object],false,317,0,3,3,0,2,1,4,1,1,1,1,0,0,0,1,0,3,0,2,1,1,0,0,0,0,8,1,0,true
c:\Users\arthur.menezes_evolu\Desktop\Pes\JCSprout\src\main\java\com\crossoverjie\actual\LRUAbstractMap.java,com.crossoverjie.actual.LRUAbstractMap,"put/2[java.lang.Object,java.lang.Object]",false,107,2,5,2,3,5,3,31,1,6,2,3,2,3,1,4,0,0,0,0,11,1,3,0,0,0,16,1,0,false
c:\Users\arthur.menezes_evolu\Desktop\Pes\JCSprout\src\main\java\com\crossoverjie\actual\LRUAbstractMap.java,com.crossoverjie.actual.LRUAbstractMap,get/1[java.lang.Object],false,154,2,4,2,2,5,4,21,4,4,1,4,1,1,1,4,0,0,0,0,5,1,2,0,0,0,11,1,0,false
c:\Users\arthur.menezes_evolu\Desktop\Pes\JCSprout\src\main\java\com\crossoverjie\algorithm\LinkLoop.java,com.crossoverjie.algorithm.LinkLoop$Node,"Node/2[java.lang.Object,com.crossoverjie.algorithm.LinkLoop.Node]",true,17,1,0,0,0,1,0,4,0,0,2,0,0,0,0,0,0,0,0,0,2,0,0,0,0,0,4,1,0,false
c:\Users\arthur.menezes_evolu\Desktop\Pes\JCSprout\src\main\java\com\crossoverjie\algorithm\LinkLoop.java,com.crossoverjie.algorithm.LinkLoop$Node,Node/1[java.lang.Object],true,22,0,3,3,0,1,0,3,0,0,1,0,0,0,0,0,0,0,0,0,1,0,0,0,0,0,3,1,0,false
c:\Users\arthur.menezes_evolu\Desktop\Pes\JCSprout\src\main\java\com\crossoverjie\basic\CollectionsTest.java,com.crossoverjie.basic.CollectionsTest,linkedList/0,false,55,3,0,0,0,2,1,6,0,2,0,1,0,0,1,0,0,0,1,1,2,0,1,0,0,0,12,1,0,false
c:\Users\arthur.menezes_evolu\Desktop\Pes\JCSprout\src\main\java\com\crossoverjie\basic\CollectionsTest.java,com.crossoverjie.basic.CollectionsTest,main/1[java.lang.String[]],false,65,4,0,0,0,1,5,4,0,1,1,5,0,0,0,0,0,0,0,1,1,0,0,0,0,0,7,9,0,false
c:\Users\arthur.menezes_evolu\Desktop\Pes\JCSprout\src\main\java\com\crossoverjie\basic\CollectionsTest.java,com.crossoverjie.basic.CollectionsTest,arrayListSize/0,false,43,3,0,0,0,2,1,6,0,2,0,1,0,0,1,0,0,0,1,1,2,0,1,0,0,0,12,1,0,false
c:\Users\arthur.menezes_evolu\Desktop\Pes\JCSprout\src\main\java\com\crossoverjie\basic\CollectionsTest.java,com.crossoverjie.basic.CollectionsTest,arrayList/0,false,30,3,0,0,0,2,1,6,0,2,0,1,0,0,1,0,0,0,1,1,2,0,1,0,0,0,11,1,0,false
c:\Users\arthur.menezes_evolu\Desktop\Pes\JCSprout\src\main\java\com\crossoverjie\design\pattern\factorymethod\Main.java,com.crossoverjie.design.pattern.factorymethod.Main,main/1[java.lang.String[]],false,11,3,4,0,4,1,3,6,0,2,1,3,0,0,0,0,0,0,1,0,2,0,0,0,0,0,7,9,0,false
c:\Users\arthur.menezes_evolu\Desktop\Pes\JCSprout\src\main\java\com\crossoverjie\spring\processor\SpringLifeCycleProcessor.java,com.crossoverjie.spring.processor.SpringLifeCycleProcessor,"postProcessBeforeInitialization/2[java.lang.Object,java.lang.String]",false,29,0,0,0,0,2,2,6,1,0,2,2,0,0,0,0,0,0,2,0,0,0,1,0,0,0,10,1,1,true
c:\Users\arthur.menezes_evolu\Desktop\Pes\JCSprout\src\main\java\com\crossoverjie\spring\processor\SpringLifeCycleProcessor.java,com.crossoverjie.spring.processor.SpringLifeCycleProcessor,"postProcessAfterInitialization/2[java.lang.Object,java.lang.String]",false,44,0,0,0,0,2,2,6,1,0,2,2,0,0,0,0,0,0,2,0,0,0,1,0,0,0,10,1,1,true
c:\Users\arthur.menezes_evolu\Desktop\Pes\JCSprout\src\test\java\com\crossoverjie\concurrent\CustomThreadPoolTest.java,com.crossoverjie.concurrent.CustomThreadPoolTest$Anonymous1,notifyListen/0,false,23,0,0,0,0,1,1,3,0,0,0,1,0,0,0,0,0,0,1,0,0,0,0,0,0,0,2,1,1,false
c:\Users\arthur.menezes_evolu\Desktop\Pes\JCSprout\src\main\java\com\crossoverjie\concurrent\ThreadState.java,com.crossoverjie.concurrent.ThreadState$Blocked,run/0,false,55,1,0,0,0,3,2,12,0,0,0,2,0,0,1,0,1,0,0,1,0,0,3,0,0,0,5,1,0,false
c:\Users\arthur.menezes_evolu\Desktop\Pes\JCSprout\src\main\java\com\crossoverjie\guava\callback\CallBackListener.java,com.crossoverjie.guava.callback.CallBackListener,callBackNotify/1[java.lang.String],false,12,0,1,1,0,1,0,1,0,0,1,0,0,0,0,0,0,0,0,0,0,0,0,0,0,0,4,0,0,true
c:\Users\arthur.menezes_evolu\Desktop\Pes\JCSprout\src\main\java\com\crossoverjie\actual\TwoThread.java,com.crossoverjie.actual.TwoThread$OuNum,run/0,false,56,0,0,0,0,3,5,15,0,0,0,5,0,0,1,0,1,0,1,1,1,1,3,0,0,0,2,1,0,false
c:\Users\arthur.menezes_evolu\Desktop\Pes\JCSprout\src\main\java\com\crossoverjie\actual\TwoThread.java,com.crossoverjie.actual.TwoThread$OuNum,OuNum/1[com.crossoverjie.actual.TwoThread],true,51,1,1,1,0,1,0,3,0,0,1,0,0,0,0,0,0,0,0,0,1,0,0,0,0,0,5,1,0,false
c:\Users\arthur.menezes_evolu\Desktop\Pes\JCSprout\src\main\java\com\crossoverjie\algorithm\BinaryNode.java,com.crossoverjie.algorithm.BinaryNode,levelIterator/1[com.crossoverjie.algorithm.BinaryNode],false,83,1,3,1,2,4,6,15,0,2,1,6,2,1,1,2,0,0,1,0,2,1,2,0,0,0,8,1,0,true
c:\Users\arthur.menezes_evolu\Desktop\Pes\JCSprout\src\main\java\com\crossoverjie\algorithm\BinaryNode.java,com.crossoverjie.algorithm.BinaryNode,getRight/0,false,42,1,1,1,0,1,0,3,1,0,0,0,0,0,0,0,0,0,0,0,0,0,0,0,0,0,5,1,0,false
c:\Users\arthur.menezes_evolu\Desktop\Pes\JCSprout\src\main\java\com\crossoverjie\algorithm\BinaryNode.java,com.crossoverjie.algorithm.BinaryNode,setRight/1[com.crossoverjie.algorithm.BinaryNode],false,46,1,1,1,0,1,0,3,0,0,1,0,0,0,0,0,0,0,0,0,1,0,0,0,0,0,5,1,0,false
c:\Users\arthur.menezes_evolu\Desktop\Pes\JCSprout\src\main\java\com\crossoverjie\algorithm\BinaryNode.java,com.crossoverjie.algorithm.BinaryNode,toString/0,false,67,0,0,0,0,1,0,3,1,0,0,0,0,0,0,0,0,0,4,0,0,2,0,0,0,0,5,1,0,false
c:\Users\arthur.menezes_evolu\Desktop\Pes\JCSprout\src\main\java\com\crossoverjie\algorithm\BinaryNode.java,com.crossoverjie.algorithm.BinaryNode,BinaryNode/0,true,17,0,1,1,0,1,0,2,0,0,0,0,0,0,0,0,0,0,0,0,0,0,0,0,0,0,2,1,0,false
c:\Users\arthur.menezes_evolu\Desktop\Pes\JCSprout\src\main\java\com\crossoverjie\algorithm\BinaryNode.java,com.crossoverjie.algorithm.BinaryNode,getData/0,false,26,0,0,0,0,1,0,3,1,0,0,0,0,0,0,0,0,0,0,0,0,0,0,0,0,0,4,1,0,false
c:\Users\arthur.menezes_evolu\Desktop\Pes\JCSprout\src\main\java\com\crossoverjie\algorithm\BinaryNode.java,com.crossoverjie.algorithm.BinaryNode,createNode/0,false,51,1,4,1,3,1,2,14,1,6,0,2,2,1,0,0,0,0,6,0,6,0,0,0,0,0,9,1,0,false
c:\Users\arthur.menezes_evolu\Desktop\Pes\JCSprout\src\main\java\com\crossoverjie\algorithm\BinaryNode.java,com.crossoverjie.algorithm.BinaryNode,setLeft/1[com.crossoverjie.algorithm.BinaryNode],false,38,1,1,1,0,1,0,3,0,0,1,0,0,0,0,0,0,0,0,0,1,0,0,0,0,0,5,1,0,false
c:\Users\arthur.menezes_evolu\Desktop\Pes\JCSprout\src\main\java\com\crossoverjie\algorithm\BinaryNode.java,com.crossoverjie.algorithm.BinaryNode,"BinaryNode/3[java.lang.Object,com.crossoverjie.algorithm.BinaryNode,com.crossoverjie.algorithm.BinaryNode]",true,20,1,1,1,0,1,0,5,0,0,3,0,0,0,0,0,0,0,0,0,3,0,0,0,0,0,6,1,0,false
c:\Users\arthur.menezes_evolu\Desktop\Pes\JCSprout\src\main\java\com\crossoverjie\algorithm\BinaryNode.java,com.crossoverjie.algorithm.BinaryNode,setData/1[java.lang.Object],false,30,0,0,0,0,1,0,3,0,0,1,0,0,0,0,0,0,0,0,0,1,0,0,0,0,0,4,1,0,false
c:\Users\arthur.menezes_evolu\Desktop\Pes\JCSprout\src\main\java\com\crossoverjie\algorithm\BinaryNode.java,com.crossoverjie.algorithm.BinaryNode,getLeft/0,false,34,1,1,1,0,1,0,3,1,0,0,0,0,0,0,0,0,0,0,0,0,0,0,0,0,0,5,1,0,false
c:\Users\arthur.menezes_evolu\Desktop\Pes\JCSprout\src\main\java\com\crossoverjie\thread\ThreadExceptionTest.java,com.crossoverjie.thread.ThreadExceptionTest$Run2,run/0,false,81,0,0,0,0,1,1,3,0,0,0,1,0,0,0,0,0,0,1,0,0,0,0,0,0,0,1,1,1,false
c:\Users\arthur.menezes_evolu\Desktop\Pes\JCSprout\src\main\java\com\crossoverjie\thread\ThreadExceptionTest.java,com.crossoverjie.thread.ThreadExceptionTest$Run2,Run2/0,true,76,0,0,0,0,1,1,3,0,0,0,1,0,0,0,0,0,0,1,0,0,0,0,0,0,0,1,1,1,false
c:\Users\arthur.menezes_evolu\Desktop\Pes\JCSprout\src\main\java\com\crossoverjie\thread\ThreadExceptionTest.java,com.crossoverjie.thread.ThreadExceptionTest$Run1,run/0,false,52,0,0,0,0,5,3,19,0,1,0,3,0,0,1,2,1,0,3,5,1,1,3,0,0,0,5,1,3,false
c:\Users\arthur.menezes_evolu\Desktop\Pes\JCSprout\src\test\java\com\crossoverjie\concurrent\CustomThreadPoolFutureTest.java,com.crossoverjie.concurrent.CustomThreadPoolFutureTest$Anonymous1,notifyListen/0,false,27,0,0,0,0,1,1,3,0,0,0,1,0,0,0,0,0,0,1,0,0,0,0,0,0,0,2,1,1,false
c:\Users\arthur.menezes_evolu\Desktop\Pes\JCSprout\src\main\java\com\crossoverjie\oom\heap\HeapOOM.java,com.crossoverjie.oom.heap.HeapOOM,main/1[java.lang.String[]],false,15,0,0,0,0,2,1,6,0,1,1,1,0,0,1,0,0,0,1,1,1,0,1,0,0,0,4,9,0,false
c:\Users\arthur.menezes_evolu\Desktop\Pes\JCSprout\src\main\java\com\crossoverjie\proxy\cglib\RealSubject.java,com.crossoverjie.proxy.cglib.RealSubject,exec/0,false,16,0,0,0,0,1,1,3,0,0,0,1,0,0,0,0,0,0,1,0,0,0,0,0,0,0,1,1,1,false
c:\Users\arthur.menezes_evolu\Desktop\Pes\JCSprout\src\main\java\com\crossoverjie\guava\callback\Main.java,com.crossoverjie.guava.callback.Main$Anonymous1,callBackNotify/1[java.lang.String],false,25,0,0,0,0,1,1,3,0,0,1,1,0,0,0,0,0,0,1,0,0,0,0,0,0,0,4,1,1,false
c:\Users\arthur.menezes_evolu\Desktop\Pes\JCSprout\src\test\java\com\crossoverjie\red\RedPacketTest.java,com.crossoverjie.red.RedPacketTest,right__/0,false,36,2,2,0,2,2,3,10,0,3,0,3,0,0,1,0,0,0,0,3,4,0,1,0,0,0,8,1,0,false
c:\Users\arthur.menezes_evolu\Desktop\Pes\JCSprout\src\test\java\com\crossoverjie\red\RedPacketTest.java,com.crossoverjie.red.RedPacketTest,right/0,false,10,2,2,0,2,2,3,10,0,3,0,3,0,0,1,0,0,0,0,3,4,0,1,0,0,0,7,1,0,false
c:\Users\arthur.menezes_evolu\Desktop\Pes\JCSprout\src\test\java\com\crossoverjie\red\RedPacketTest.java,com.crossoverjie.red.RedPacketTest,right_/0,false,23,2,2,0,2,2,3,10,0,3,0,3,0,0,1,0,0,0,0,3,4,0,1,0,0,0,8,1,0,false
c:\Users\arthur.menezes_evolu\Desktop\Pes\JCSprout\src\main\java\com\crossoverjie\proxy\jdk\impl\ISubjectImpl.java,com.crossoverjie.proxy.jdk.impl.ISubjectImpl,execute/0,false,20,0,0,0,0,1,1,3,0,0,0,1,0,0,0,0,0,0,1,0,0,0,0,0,0,0,1,1,1,true
c:\Users\arthur.menezes_evolu\Desktop\Pes\JCSprout\src\main\java\com\crossoverjie\proxy\jdk\ISubject.java,com.crossoverjie.proxy.jdk.ISubject,execute/0,false,12,0,1,1,0,1,0,1,0,0,0,0,0,0,0,0,0,0,0,0,0,0,0,0,0,0,1,0,0,true
c:\Users\arthur.menezes_evolu\Desktop\Pes\JCSprout\src\test\java\com\crossoverjie\algorithm\BinaryNodeTest.java,com.crossoverjie.algorithm.BinaryNodeTest,test1/0,false,8,2,3,0,3,1,3,6,0,1,0,3,0,0,0,0,0,0,0,0,2,0,0,0,0,0,4,1,0,false
c:\Users\arthur.menezes_evolu\Desktop\Pes\JCSprout\src\main\java\com\crossoverjie\guava\callback\Caller.java,com.crossoverjie.guava.callback.Caller$Anonymous1,run/0,false,33,1,3,0,3,2,2,8,0,0,0,2,0,0,0,0,1,0,0,0,0,0,1,0,0,0,4,1,0,false
c:\Users\arthur.menezes_evolu\Desktop\Pes\JCSprout\src\test\java\com\crossoverjie\reference\ReferenceTest.java,com.crossoverjie.reference.ReferenceTest$Car,toString/0,false,77,0,0,0,0,1,0,3,1,0,0,0,0,0,0,0,0,0,2,0,0,2,0,0,0,0,3,1,0,false
c:\Users\arthur.menezes_evolu\Desktop\Pes\JCSprout\src\test\java\com\crossoverjie\reference\ReferenceTest.java,com.crossoverjie.reference.ReferenceTest$Car,Car/1[java.lang.String],true,72,0,3,3,0,1,0,3,0,0,1,0,0,0,0,0,0,0,0,0,1,0,0,0,0,0,2,1,0,false
c:\Users\arthur.menezes_evolu\Desktop\Pes\JCSprout\src\main\java\com\crossoverjie\algorithm\MergeTwoSortedLists.java,com.crossoverjie.algorithm.MergeTwoSortedLists,"mergeTwoLists/2[com.crossoverjie.algorithm.MergeTwoSortedLists.ListNode,com.crossoverjie.algorithm.MergeTwoSortedLists.ListNode]",false,28,1,4,3,1,6,0,22,1,2,2,0,0,0,1,4,0,0,0,1,9,0,2,0,0,0,10,1,0,true
c:\Users\arthur.menezes_evolu\Desktop\Pes\JCSprout\src\main\java\com\crossoverjie\concurrent\communication\MultipleThreadCountDownKit.java,com.crossoverjie.concurrent.communication.MultipleThreadCountDownKit,countDown/0,false,46,0,1,1,0,4,3,14,1,1,0,3,0,0,0,1,0,0,1,3,1,0,2,0,0,0,5,1,0,true
c:\Users\arthur.menezes_evolu\Desktop\Pes\JCSprout\src\main\java\com\crossoverjie\concurrent\communication\MultipleThreadCountDownKit.java,com.crossoverjie.concurrent.communication.MultipleThreadCountDownKit,MultipleThreadCountDownKit/1[int],true,26,0,1,1,0,2,0,7,0,0,1,0,0,0,0,0,0,0,1,1,2,0,1,0,0,0,14,1,0,false
c:\Users\arthur.menezes_evolu\Desktop\Pes\JCSprout\src\main\java\com\crossoverjie\concurrent\communication\MultipleThreadCountDownKit.java,com.crossoverjie.concurrent.communication.MultipleThreadCountDownKit,await/0,false,69,1,2,1,1,3,3,10,0,0,0,3,0,0,1,1,0,0,0,1,0,0,2,0,0,0,6,1,0,true
c:\Users\arthur.menezes_evolu\Desktop\Pes\JCSprout\src\main\java\com\crossoverjie\concurrent\communication\MultipleThreadCountDownKit.java,com.crossoverjie.concurrent.communication.MultipleThreadCountDownKit,setNotify/1[com.crossoverjie.concurrent.communication.Notify],false,38,1,1,1,0,1,0,3,0,0,1,0,0,0,0,0,0,0,0,0,1,0,0,0,0,0,4,1,0,true
c:\Users\arthur.menezes_evolu\Desktop\Pes\JCSprout\src\main\java\com\crossoverjie\actual\ReadFile.java,com.crossoverjie.actual.ReadFile,sortAndFindKeyWords/1[java.io.File],false,56,1,4,1,3,5,12,22,0,2,1,12,0,0,2,0,0,0,0,2,3,1,2,0,0,0,22,10,1,true
c:\Users\arthur.menezes_evolu\Desktop\Pes\JCSprout\src\main\java\com\crossoverjie\actual\ReadFile.java,com.crossoverjie.actual.ReadFile,main/1[java.lang.String[]],false,36,2,1,0,1,2,4,12,0,1,1,4,1,1,0,0,1,0,1,1,3,0,1,0,0,0,18,9,2,false
c:\Users\arthur.menezes_evolu\Desktop\Pes\JCSprout\src\main\java\com\crossoverjie\actual\TwoThreadWaitNotifySimple.java,com.crossoverjie.actual.TwoThreadWaitNotifySimple$JiNum,JiNum/1[com.crossoverjie.actual.TwoThreadWaitNotifySimple],true,70,1,1,1,0,1,0,3,0,0,1,0,0,0,0,0,0,0,0,0,1,0,0,0,0,0,8,1,0,false
c:\Users\arthur.menezes_evolu\Desktop\Pes\JCSprout\src\main\java\com\crossoverjie\actual\TwoThreadWaitNotifySimple.java,com.crossoverjie.actual.TwoThreadWaitNotifySimple$JiNum,run/0,false,75,1,0,0,0,5,6,21,0,1,0,6,0,0,1,1,1,0,1,4,2,2,4,0,0,0,6,1,0,false
c:\Users\arthur.menezes_evolu\Desktop\Pes\JCSprout\src\main\java\com\crossoverjie\algorithm\ReverseNode.java,com.crossoverjie.algorithm.ReverseNode,reverseNode/1[com.crossoverjie.algorithm.ReverseNode.Node],false,46,1,1,1,0,4,1,21,1,4,1,1,0,0,2,3,0,0,0,0,9,0,1,0,0,0,8,1,0,true
c:\Users\arthur.menezes_evolu\Desktop\Pes\JCSprout\src\main\java\com\crossoverjie\algorithm\ReverseNode.java,com.crossoverjie.algorithm.ReverseNode,reverseNode1/1[com.crossoverjie.algorithm.ReverseNode.Node],false,19,1,3,3,0,3,5,14,0,1,1,5,0,0,2,1,0,0,5,0,2,2,1,0,0,0,6,1,0,true
c:\Users\arthur.menezes_evolu\Desktop\Pes\JCSprout\src\main\java\com\crossoverjie\algorithm\ReverseNode.java,com.crossoverjie.algorithm.ReverseNode,recNode/1[com.crossoverjie.algorithm.ReverseNode.Node],false,83,2,3,2,1,3,2,9,1,0,1,2,1,0,0,2,0,0,1,0,0,1,1,0,0,0,4,1,0,true
c:\Users\arthur.menezes_evolu\Desktop\Pes\JCSprout\src\test\java\com\crossoverjie\concurrent\ThreadPoolTest.java,com.crossoverjie.concurrent.ThreadPoolTest,main/1[java.lang.String[]],false,16,1,1,0,1,3,5,14,0,5,1,5,0,0,2,0,0,0,2,6,5,0,1,0,0,0,15,9,2,false
c:\Users\arthur.menezes_evolu\Desktop\Pes\JCSprout\src\test\java\com\crossoverjie\algorithm\TwoStackQueueTest.java,com.crossoverjie.algorithm.TwoStackQueueTest,queue/0,false,10,2,4,0,4,3,4,18,0,4,0,4,0,0,2,0,0,0,7,2,5,0,1,0,0,0,6,1,3,false
c:\Users\arthur.menezes_evolu\Desktop\Pes\JCSprout\src\main\java\com\crossoverjie\classloader\SuperClass.java,com.crossoverjie.classloader.SuperClass,(initializer 1),false,17,0,0,0,0,1,1,3,0,0,0,1,0,0,0,0,0,0,1,0,0,0,0,0,0,0,0,8,0,false
c:\Users\arthur.menezes_evolu\Desktop\Pes\JCSprout\src\main\java\com\crossoverjie\hystrix\CommandOrder.java,com.crossoverjie.hystrix.CommandOrder,CommandOrder/1[java.lang.String],true,22,0,1,1,0,1,11,4,0,0,1,11,0,0,0,0,0,0,2,4,1,0,0,0,0,0,4,1,0,false
c:\Users\arthur.menezes_evolu\Desktop\Pes\JCSprout\src\main\java\com\crossoverjie\hystrix\CommandOrder.java,com.crossoverjie.hystrix.CommandOrder,run/0,false,48,0,0,0,0,1,2,5,1,0,0,2,0,0,0,0,0,0,2,1,0,1,0,0,0,0,4,1,1,false
c:\Users\arthur.menezes_evolu\Desktop\Pes\JCSprout\src\main\java\com\crossoverjie\synchronize\Synchronize.java,com.crossoverjie.synchronize.Synchronize,main/1[java.lang.String[]],false,12,1,0,0,0,1,1,5,0,0,1,1,0,0,0,0,0,0,1,0,0,0,1,0,0,0,2,9,0,false
c:\Users\arthur.menezes_evolu\Desktop\Pes\JCSprout\src\test\java\com\crossoverjie\kafka\KafkaTest.java,com.crossoverjie.kafka.KafkaTest$Consumer,"Consumer/3[com.crossoverjie.kafka.TopicPartition,java.util.Properties,java.lang.String]",true,86,2,1,1,0,1,1,7,0,0,3,1,0,0,0,0,0,0,0,0,3,0,0,0,0,0,7,1,0,false
c:\Users\arthur.menezes_evolu\Desktop\Pes\JCSprout\src\test\java\com\crossoverjie\kafka\KafkaTest.java,com.crossoverjie.kafka.KafkaTest$Consumer,run/0,false,95,2,0,0,0,3,9,9,0,1,0,9,0,0,2,0,0,0,1,1,1,0,2,0,0,0,9,1,0,false
c:\Users\arthur.menezes_evolu\Desktop\Pes\JCSprout\src\main\java\com\crossoverjie\spring\annotation\AnnotationBean.java,com.crossoverjie.spring.annotation.AnnotationBean,destroy/0,false,28,1,0,0,0,1,1,3,0,0,0,1,0,0,0,0,0,0,1,0,0,0,0,0,0,0,1,1,1,false
c:\Users\arthur.menezes_evolu\Desktop\Pes\JCSprout\src\main\java\com\crossoverjie\spring\annotation\AnnotationBean.java,com.crossoverjie.spring.annotation.AnnotationBean,start/0,false,23,1,0,0,0,1,1,3,0,0,0,1,0,0,0,0,0,0,1,0,0,0,0,0,0,0,1,1,1,false
c:\Users\arthur.menezes_evolu\Desktop\Pes\JCSprout\src\test\java\com\crossoverjie\algorithm\BloomFiltersTest.java,com.crossoverjie.algorithm.BloomFiltersTest,bloomFilterTest/0,false,53,2,3,0,3,2,6,14,0,4,0,6,0,0,1,0,0,1,7,6,4,8,1,0,0,0,9,1,0,false
c:\Users\arthur.menezes_evolu\Desktop\Pes\JCSprout\src\test\java\com\crossoverjie\algorithm\BloomFiltersTest.java,com.crossoverjie.algorithm.BloomFiltersTest,hashMapTest/0,false,37,1,0,0,0,2,5,12,0,4,0,5,0,0,1,0,0,1,1,6,4,2,1,0,0,0,7,1,0,false
c:\Users\arthur.menezes_evolu\Desktop\Pes\JCSprout\src\test\java\com\crossoverjie\algorithm\BloomFiltersTest.java,com.crossoverjie.algorithm.BloomFiltersTest,guavaTest/0,false,16,2,0,0,0,2,8,13,0,4,0,8,0,0,1,0,0,1,1,5,4,2,1,0,0,0,7,1,0,false
c:\Users\arthur.menezes_evolu\Desktop\Pes\JCSprout\src\main\java\com\crossoverjie\actual\Search.java,com.crossoverjie.actual.Search,main/1[java.lang.String[]],false,49,1,3,0,3,1,10,75,0,12,1,10,2,1,0,0,0,0,9,1,12,0,0,5,0,0,23,9,0,false
c:\Users\arthur.menezes_evolu\Desktop\Pes\JCSprout\src\main\java\com\crossoverjie\actual\Search.java,com.crossoverjie.actual.Search,search/1[java.lang.String],false,141,2,3,2,1,9,6,29,5,7,1,6,1,0,2,4,0,0,1,2,8,0,3,0,0,0,15,9,0,false
c:\Users\arthur.menezes_evolu\Desktop\Pes\JCSprout\src\main\java\com\crossoverjie\actual\Search.java,com.crossoverjie.actual.Search,addWord/1[java.lang.String],false,183,0,2,2,0,1,1,3,0,0,1,1,0,0,0,0,0,0,0,0,0,0,0,0,0,0,3,9,0,false
c:\Users\arthur.menezes_evolu\Desktop\Pes\JCSprout\src\main\java\com\crossoverjie\design\pattern\factorymethod\Cat.java,com.crossoverjie.design.pattern.factorymethod.Cat,desc/0,false,12,1,1,0,1,1,2,3,0,0,0,2,0,0,0,0,0,0,1,0,0,1,0,0,0,0,3,4,0,false
c:\Users\arthur.menezes_evolu\Desktop\Pes\JCSprout\src\test\java\com\crossoverjie\algorithm\LinkedListMergeSortTest.java,com.crossoverjie.algorithm.LinkedListMergeSortTest,mergeListInputNull/0,false,103,3,2,0,2,1,2,7,0,4,0,2,0,0,0,0,0,0,0,0,4,0,0,0,0,0,14,1,0,false
c:\Users\arthur.menezes_evolu\Desktop\Pes\JCSprout\src\test\java\com\crossoverjie\algorithm\LinkedListMergeSortTest.java,com.crossoverjie.algorithm.LinkedListMergeSortTest,mergeSortLength2/0,false,118,3,3,0,3,1,4,12,0,5,0,4,0,0,0,0,0,0,0,5,5,0,0,0,0,0,13,1,0,false
c:\Users\arthur.menezes_evolu\Desktop\Pes\JCSprout\src\test\java\com\crossoverjie\algorithm\LinkedListMergeSortTest.java,com.crossoverjie.algorithm.LinkedListMergeSortTest,mergeListInputNotNullNotNullOutputNotNull2/0,false,44,3,3,0,3,1,4,11,0,4,0,4,0,0,0,0,0,0,0,4,4,0,0,0,0,0,16,1,0,false
c:\Users\arthur.menezes_evolu\Desktop\Pes\JCSprout\src\test\java\com\crossoverjie\algorithm\LinkedListMergeSortTest.java,com.crossoverjie.algorithm.LinkedListMergeSortTest,mainInput0OutputVoid/0,false,153,2,1,0,1,1,1,4,0,1,0,1,0,0,0,0,0,0,0,0,1,0,0,0,0,0,6,1,0,false
c:\Users\arthur.menezes_evolu\Desktop\Pes\JCSprout\src\test\java\com\crossoverjie\algorithm\LinkedListMergeSortTest.java,com.crossoverjie.algorithm.LinkedListMergeSortTest,constructorOutputVoid/0,false,14,2,1,0,1,1,0,3,0,1,0,0,0,0,0,0,0,0,0,0,1,0,0,0,0,0,10,1,0,false
c:\Users\arthur.menezes_evolu\Desktop\Pes\JCSprout\src\test\java\com\crossoverjie\algorithm\LinkedListMergeSortTest.java,com.crossoverjie.algorithm.LinkedListMergeSortTest,mergeListNotNull/0,false,24,3,3,0,3,1,4,11,0,4,0,4,0,0,0,0,0,0,0,4,4,0,0,0,0,0,13,1,0,false
c:\Users\arthur.menezes_evolu\Desktop\Pes\JCSprout\src\test\java\com\crossoverjie\algorithm\LinkedListMergeSortTest.java,com.crossoverjie.algorithm.LinkedListMergeSortTest,mergeListInputLeftNull/0,false,84,3,3,0,3,1,4,9,0,4,0,4,0,0,0,0,0,0,0,2,4,0,0,0,0,0,15,1,0,false
c:\Users\arthur.menezes_evolu\Desktop\Pes\JCSprout\src\test\java\com\crossoverjie\algorithm\LinkedListMergeSortTest.java,com.crossoverjie.algorithm.LinkedListMergeSortTest,mergeListInputRightNull/0,false,65,3,3,0,3,1,4,9,0,4,0,4,0,0,0,0,0,0,0,2,4,0,0,0,0,0,15,1,0,false
c:\Users\arthur.menezes_evolu\Desktop\Pes\JCSprout\src\test\java\com\crossoverjie\algorithm\LinkedListMergeSortTest.java,com.crossoverjie.algorithm.LinkedListMergeSortTest,mergeSortInputNull/0,false,139,3,2,0,2,1,2,7,0,4,0,2,0,0,0,0,0,0,0,1,4,0,0,0,0,0,14,1,0,false
c:\Users\arthur.menezes_evolu\Desktop\Pes\JCSprout\src\test\java\com\crossoverjie\algorithm\ReverseNodeTest.java,com.crossoverjie.algorithm.ReverseNodeTest,reverseNode13/0,false,29,3,2,0,2,1,1,5,0,2,0,1,0,0,0,0,0,0,0,0,2,0,0,0,0,0,7,1,0,false
c:\Users\arthur.menezes_evolu\Desktop\Pes\JCSprout\src\test\java\com\crossoverjie\algorithm\ReverseNodeTest.java,com.crossoverjie.algorithm.ReverseNodeTest,reverseHead21/0,false,43,3,4,0,4,1,1,8,0,5,0,1,0,0,0,0,0,0,4,0,5,0,0,0,0,0,9,1,0,true
c:\Users\arthur.menezes_evolu\Desktop\Pes\JCSprout\src\test\java\com\crossoverjie\algorithm\ReverseNodeTest.java,com.crossoverjie.algorithm.ReverseNodeTest,recNodeTest31/0,false,56,3,4,0,4,1,1,8,0,5,0,1,0,0,0,0,0,0,4,0,5,0,0,0,0,0,9,1,0,false
c:\Users\arthur.menezes_evolu\Desktop\Pes\JCSprout\src\test\java\com\crossoverjie\algorithm\ReverseNodeTest.java,com.crossoverjie.algorithm.ReverseNodeTest,reverseNode1/0,false,9,3,4,0,4,1,1,8,0,5,0,1,0,0,0,0,0,0,4,0,5,0,0,0,0,0,9,1,0,false
c:\Users\arthur.menezes_evolu\Desktop\Pes\JCSprout\src\test\java\com\crossoverjie\algorithm\ReverseNodeTest.java,com.crossoverjie.algorithm.ReverseNodeTest,reverseNode12/0,false,20,3,3,0,3,1,1,5,0,2,0,1,0,0,0,0,0,0,1,0,2,0,0,0,0,0,6,1,0,false
c:\Users\arthur.menezes_evolu\Desktop\Pes\JCSprout\src\main\java\com\crossoverjie\actual\TwoThread.java,com.crossoverjie.actual.TwoThread,main/1[java.lang.String[]],false,30,3,3,0,3,1,2,9,0,3,1,2,0,0,0,0,0,0,2,0,3,0,0,0,0,0,10,9,0,false
c:\Users\arthur.menezes_evolu\Desktop\Pes\JCSprout\src\main\java\com\crossoverjie\actual\TwoThreadNonBlocking.java,com.crossoverjie.actual.TwoThreadNonBlocking,run/0,false,36,0,0,0,0,4,1,10,0,1,0,1,0,0,1,1,0,1,1,3,3,1,2,0,0,0,8,1,0,false
c:\Users\arthur.menezes_evolu\Desktop\Pes\JCSprout\src\main\java\com\crossoverjie\actual\TwoThreadNonBlocking.java,com.crossoverjie.actual.TwoThreadNonBlocking,main/1[java.lang.String[]],false,49,1,1,0,1,1,1,4,0,0,1,1,0,0,0,0,0,0,2,4,0,0,0,0,0,0,6,9,0,false
c:\Users\arthur.menezes_evolu\Desktop\Pes\JCSprout\src\main\java\com\crossoverjie\actual\TwoThreadNonBlocking.java,com.crossoverjie.actual.TwoThreadNonBlocking,"TwoThreadNonBlocking/3[int,int,java.lang.String]",true,29,0,1,1,0,1,0,5,0,0,3,0,0,0,0,0,0,0,0,0,3,0,0,0,0,0,7,2,0,false
c:\Users\arthur.menezes_evolu\Desktop\Pes\JCSprout\src\main\java\com\crossoverjie\design\pattern\chainofresponsibility\impl\SensitiveWordProcess.java,com.crossoverjie.design.pattern.chainofresponsibility.impl.SensitiveWordProcess,doProcess/1[java.lang.String],false,14,0,0,0,0,1,1,3,0,0,1,1,0,0,0,0,0,0,1,0,0,1,0,0,0,0,3,1,0,false
c:\Users\arthur.menezes_evolu\Desktop\Pes\JCSprout\src\main\java\com\crossoverjie\proxy\jdk\CustomizeHandle.java,com.crossoverjie.proxy.jdk.CustomizeHandle,after/0,false,47,0,1,1,0,1,1,3,0,0,0,1,0,0,0,0,0,0,1,0,0,0,0,0,0,0,1,2,1,false
c:\Users\arthur.menezes_evolu\Desktop\Pes\JCSprout\src\main\java\com\crossoverjie\proxy\jdk\CustomizeHandle.java,com.crossoverjie.proxy.jdk.CustomizeHandle,"invoke/3[java.lang.Object,java.lang.reflect.Method,java.lang.Object[]]",false,32,1,2,0,2,1,5,7,1,1,3,5,2,1,0,0,0,0,1,0,1,0,0,0,0,0,7,1,1,false
c:\Users\arthur.menezes_evolu\Desktop\Pes\JCSprout\src\main\java\com\crossoverjie\proxy\jdk\CustomizeHandle.java,com.crossoverjie.proxy.jdk.CustomizeHandle,CustomizeHandle/1[java.lang.Class],true,21,0,1,1,0,3,2,11,0,0,1,2,0,0,0,0,1,0,2,0,1,0,1,0,0,0,9,1,2,false
c:\Users\arthur.menezes_evolu\Desktop\Pes\JCSprout\src\main\java\com\crossoverjie\proxy\jdk\CustomizeHandle.java,com.crossoverjie.proxy.jdk.CustomizeHandle,before/0,false,43,0,1,1,0,1,1,3,0,0,0,1,0,0,0,0,0,0,1,0,0,0,0,0,0,0,1,2,1,false
c:\Users\arthur.menezes_evolu\Desktop\Pes\JCSprout\src\test\java\com\crossoverjie\algorithm\TwoSumTest.java,com.crossoverjie.algorithm.TwoSumTest,getTwo2/0,false,17,3,2,0,2,1,3,6,0,3,0,3,0,0,0,0,0,0,0,5,3,0,0,0,0,0,6,1,0,false
c:\Users\arthur.menezes_evolu\Desktop\Pes\JCSprout\src\test\java\com\crossoverjie\algorithm\TwoSumTest.java,com.crossoverjie.algorithm.TwoSumTest,getTwo1/0,false,8,3,2,0,2,1,3,6,0,3,0,3,0,0,0,0,0,0,0,5,3,0,0,0,0,0,8,1,0,false
c:\Users\arthur.menezes_evolu\Desktop\Pes\JCSprout\src\main\java\com\crossoverjie\actual\TwoThreadWaitNotify.java,com.crossoverjie.actual.TwoThreadWaitNotify$OuNum,run/0,false,42,1,0,0,0,4,6,20,0,0,0,6,0,0,1,0,1,0,1,1,1,1,4,0,0,0,5,1,0,false
c:\Users\arthur.menezes_evolu\Desktop\Pes\JCSprout\src\main\java\com\crossoverjie\actual\TwoThreadWaitNotify.java,com.crossoverjie.actual.TwoThreadWaitNotify$OuNum,OuNum/1[com.crossoverjie.actual.TwoThreadWaitNotify],true,37,1,1,1,0,1,0,3,0,0,1,0,0,0,0,0,0,0,0,0,1,0,0,0,0,0,7,1,0,false
c:\Users\arthur.menezes_evolu\Desktop\Pes\JCSprout\src\main\java\com\crossoverjie\design\pattern\factorymethod\AnimalFactory.java,com.crossoverjie.design.pattern.factorymethod.AnimalFactory,createAnimal/0,false,12,1,1,1,0,1,0,1,0,0,0,0,0,0,0,0,0,0,0,0,0,0,0,0,0,0,2,0,0,false
c:\Users\arthur.menezes_evolu\Desktop\Pes\JCSprout\src\main\java\com\crossoverjie\hystrix\CommandUser.java,com.crossoverjie.hystrix.CommandUser,CommandUser/1[java.lang.String],true,22,0,1,1,0,1,11,4,0,0,1,11,0,0,0,0,0,0,2,4,1,0,0,0,0,0,4,1,0,false
c:\Users\arthur.menezes_evolu\Desktop\Pes\JCSprout\src\main\java\com\crossoverjie\hystrix\CommandUser.java,com.crossoverjie.hystrix.CommandUser,run/0,false,49,0,0,0,0,1,2,5,1,0,0,2,0,0,0,0,0,0,2,1,0,1,0,0,0,0,4,1,1,false
c:\Users\arthur.menezes_evolu\Desktop\Pes\JCSprout\src\main\java\com\crossoverjie\spring\LifeCycleConfig.java,com.crossoverjie.spring.LifeCycleConfig,create/0,false,18,2,1,0,1,1,0,4,1,1,0,0,0,0,0,0,0,0,2,0,1,0,0,0,0,0,7,1,0,false
c:\Users\arthur.menezes_evolu\Desktop\Pes\JCSprout\src\main\java\com\crossoverjie\algorithm\ArrayKShift.java,com.crossoverjie.algorithm.ArrayKShift,"arrayKShift/2[int[],int]",false,18,1,1,1,0,7,0,24,2,6,2,0,0,0,3,2,0,1,0,13,13,14,1,0,0,0,7,1,0,false
c:\Users\arthur.menezes_evolu\Desktop\Pes\JCSprout\src\main\java\com\crossoverjie\algorithm\ArrayKShift.java,com.crossoverjie.algorithm.ArrayKShift,main/1[java.lang.String[]],false,65,2,2,0,2,1,4,9,0,3,1,4,1,1,0,0,0,0,0,8,2,0,1,0,0,1,8,9,0,false
c:\Users\arthur.menezes_evolu\Desktop\Pes\JCSprout\src\main\java\com\crossoverjie\actual\TwoThreadWaitNotify.java,com.crossoverjie.actual.TwoThreadWaitNotify$JiNum,JiNum/1[com.crossoverjie.actual.TwoThreadWaitNotify],true,74,1,1,1,0,1,0,3,0,0,1,0,0,0,0,0,0,0,0,0,1,0,0,0,0,0,7,1,0,false
c:\Users\arthur.menezes_evolu\Desktop\Pes\JCSprout\src\main\java\com\crossoverjie\actual\TwoThreadWaitNotify.java,com.crossoverjie.actual.TwoThreadWaitNotify$JiNum,run/0,false,79,1,0,0,0,4,6,20,0,0,0,6,0,0,1,0,1,0,1,1,1,1,4,0,0,0,5,1,0,false
c:\Users\arthur.menezes_evolu\Desktop\Pes\JCSprout\src\main\java\com\crossoverjie\disruptor\LongEvent.java,com.crossoverjie.disruptor.LongEvent,setValue/1[long],false,21,0,0,0,0,1,0,3,0,0,1,0,0,0,0,0,0,0,0,0,1,0,0,0,0,0,3,1,0,false
c:\Users\arthur.menezes_evolu\Desktop\Pes\JCSprout\src\main\java\com\crossoverjie\disruptor\LongEvent.java,com.crossoverjie.disruptor.LongEvent,getValue/0,false,17,0,1,1,0,1,0,3,1,0,0,0,0,0,0,0,0,0,0,0,0,0,0,0,0,0,3,1,0,false
c:\Users\arthur.menezes_evolu\Desktop\Pes\JCSprout\src\main\java\com\crossoverjie\disruptor\LongEvent.java,com.crossoverjie.disruptor.LongEvent,set/1[long],false,13,0,1,1,0,1,0,3,0,0,1,0,0,0,0,0,0,0,0,0,1,0,0,0,0,0,2,1,0,false
c:\Users\arthur.menezes_evolu\Desktop\Pes\JCSprout\src\main\java\com\crossoverjie\disruptor\LongEventProducer.java,com.crossoverjie.disruptor.LongEventProducer,LongEventProducer/1[com.crossoverjie.disruptor.RingBuffer<com.crossoverjie.disruptor.LongEvent>],true,18,1,1,1,0,1,0,3,0,0,1,0,0,0,0,0,0,0,0,0,1,0,0,0,0,0,5,1,0,false
c:\Users\arthur.menezes_evolu\Desktop\Pes\JCSprout\src\main\java\com\crossoverjie\disruptor\LongEventProducer.java,com.crossoverjie.disruptor.LongEventProducer,onData/1[long],false,22,1,2,1,1,1,5,11,0,2,1,5,0,0,0,0,1,0,0,0,2,0,1,0,0,0,7,1,0,false
c:\Users\arthur.menezes_evolu\Desktop\Pes\JCSprout\src\test\java\com\crossoverjie\concurrent\CustomThreadPoolTest.java,com.crossoverjie.concurrent.CustomThreadPoolTest,main/1[java.lang.String[]],false,19,3,7,0,7,3,6,21,0,4,1,6,0,0,2,0,0,0,3,10,4,1,1,1,0,0,16,9,3,false
c:\Users\arthur.menezes_evolu\Desktop\Pes\JCSprout\src\test\java\com\crossoverjie\concurrent\CustomThreadPoolTest.java,com.crossoverjie.concurrent.CustomThreadPoolTest,execute/0,false,15,1,0,0,0,1,0,2,0,0,0,0,0,0,0,0,0,0,0,0,0,0,0,0,0,0,1,1,0,false
c:\Users\arthur.menezes_evolu\Desktop\Pes\JCSprout\src\main\java\com\crossoverjie\Application.java,com.crossoverjie.Application,main/1[java.lang.String[]],false,18,1,0,0,0,1,2,4,0,0,1,2,0,0,0,0,0,0,1,0,0,0,0,0,0,0,4,9,1,false
c:\Users\arthur.menezes_evolu\Desktop\Pes\JCSprout\src\main\java\com\crossoverjie\concurrent\VolatileInc.java,com.crossoverjie.concurrent.VolatileInc,run/0,false,19,0,0,0,0,2,0,5,0,1,0,0,0,0,1,0,0,0,0,2,1,0,1,0,0,0,3,1,0,false
c:\Users\arthur.menezes_evolu\Desktop\Pes\JCSprout\src\main\java\com\crossoverjie\concurrent\VolatileInc.java,com.crossoverjie.concurrent.VolatileInc,main/1[java.lang.String[]],false,26,1,1,0,1,2,2,11,0,4,1,2,0,0,1,0,0,0,3,2,4,1,1,0,0,0,12,9,0,false
c:\Users\arthur.menezes_evolu\Desktop\Pes\JCSprout\src\test\java\com\crossoverjie\concurrent\ThreadPoolTest.java,com.crossoverjie.concurrent.ThreadPoolTest$Worker,Worker/1[int],true,41,0,1,1,0,1,0,3,0,0,1,0,0,0,0,0,0,0,0,0,1,0,0,0,0,0,2,1,0,false
c:\Users\arthur.menezes_evolu\Desktop\Pes\JCSprout\src\test\java\com\crossoverjie\concurrent\ThreadPoolTest.java,com.crossoverjie.concurrent.ThreadPoolTest$Worker,call/0,false,46,0,0,0,0,2,2,10,2,0,0,2,0,0,0,0,1,0,1,2,0,0,1,0,0,0,6,1,1,false
c:\Users\arthur.menezes_evolu\Desktop\Pes\JCSprout\src\main\java\com\crossoverjie\algorithm\TwoStackQueue.java,com.crossoverjie.algorithm.TwoStackQueue,appendTail/1[T],false,35,1,0,0,0,1,1,3,0,0,1,1,0,0,0,0,0,0,0,0,0,0,0,0,0,0,4,1,0,true
c:\Users\arthur.menezes_evolu\Desktop\Pes\JCSprout\src\main\java\com\crossoverjie\algorithm\TwoStackQueue.java,com.crossoverjie.algorithm.TwoStackQueue,deleteHead/0,false,43,1,0,0,0,3,3,8,1,0,0,3,0,0,1,0,0,0,0,0,0,0,2,0,0,0,3,1,0,true
c:\Users\arthur.menezes_evolu\Desktop\Pes\JCSprout\src\main\java\com\crossoverjie\algorithm\TwoStackQueue.java,com.crossoverjie.algorithm.TwoStackQueue,getSize/0,false,57,0,0,0,0,1,1,3,1,0,0,1,0,0,0,0,0,0,0,0,0,1,0,0,0,0,2,1,0,false
c:\Users\arthur.menezes_evolu\Desktop\Pes\JCSprout\src\main\java\com\crossoverjie\concurrent\ArrayQueue.java,com.crossoverjie.concurrent.ArrayQueue,ArrayQueue/1[int],true,43,0,0,0,0,1,0,3,0,0,1,0,0,0,0,0,0,0,0,0,1,0,0,0,0,0,4,1,0,false
c:\Users\arthur.menezes_evolu\Desktop\Pes\JCSprout\src\main\java\com\crossoverjie\concurrent\ArrayQueue.java,com.crossoverjie.concurrent.ArrayQueue,isEmpty/0,false,124,1,1,0,1,2,1,3,1,0,0,1,0,0,0,1,0,0,0,1,0,0,0,0,0,0,3,1,0,true
c:\Users\arthur.menezes_evolu\Desktop\Pes\JCSprout\src\main\java\com\crossoverjie\concurrent\ArrayQueue.java,com.crossoverjie.concurrent.ArrayQueue,get/0,false,83,1,0,0,0,4,2,23,2,1,0,2,0,0,1,2,1,0,0,2,3,0,3,0,0,0,12,1,0,true
c:\Users\arthur.menezes_evolu\Desktop\Pes\JCSprout\src\main\java\com\crossoverjie\concurrent\ArrayQueue.java,com.crossoverjie.concurrent.ArrayQueue,put/1[T],false,51,1,0,0,0,4,2,21,0,0,1,2,0,0,1,2,1,0,0,1,2,0,3,0,0,0,10,1,0,true
c:\Users\arthur.menezes_evolu\Desktop\Pes\JCSprout\src\main\java\com\crossoverjie\concurrent\ArrayQueue.java,com.crossoverjie.concurrent.ArrayQueue,size/0,false,115,0,0,0,0,1,0,3,1,0,0,0,0,0,0,0,0,0,0,0,0,0,0,0,0,0,2,33,0,true
c:\Users\arthur.menezes_evolu\Desktop\Pes\JCSprout\src\main\java\com\crossoverjie\concurrent\StopThread.java,com.crossoverjie.concurrent.StopThread,run/0,false,14,0,0,0,0,2,4,6,0,0,0,4,0,0,1,0,0,0,2,0,0,2,1,0,0,0,1,1,0,false
c:\Users\arthur.menezes_evolu\Desktop\Pes\JCSprout\src\main\java\com\crossoverjie\concurrent\StopThread.java,com.crossoverjie.concurrent.StopThread,main/1[java.lang.String[]],false,25,1,1,0,1,1,4,7,0,1,1,4,0,0,0,0,0,0,2,1,1,0,0,0,0,0,7,9,0,false
c:\Users\arthur.menezes_evolu\Desktop\Pes\JCSprout\src\main\java\com\crossoverjie\design\pattern\factorymethod\Animal.java,com.crossoverjie.design.pattern.factorymethod.Animal,getName/0,false,14,0,2,2,0,1,0,3,1,0,0,0,0,0,0,0,0,0,0,0,0,0,0,0,0,0,3,1,0,false
c:\Users\arthur.menezes_evolu\Desktop\Pes\JCSprout\src\main\java\com\crossoverjie\design\pattern\factorymethod\Animal.java,com.crossoverjie.design.pattern.factorymethod.Animal,setName/1[java.lang.String],false,18,0,1,1,0,1,0,3,0,0,1,0,0,0,0,0,0,0,0,0,1,0,0,0,0,0,3,1,0,false
c:\Users\arthur.menezes_evolu\Desktop\Pes\JCSprout\src\main\java\com\crossoverjie\design\pattern\factorymethod\Animal.java,com.crossoverjie.design.pattern.factorymethod.Animal,desc/0,false,22,0,1,1,0,1,0,1,0,0,0,0,0,0,0,0,0,0,0,0,0,0,0,0,0,0,1,1028,0,true
c:\Users\arthur.menezes_evolu\Desktop\Pes\JCSprout\src\main\java\com\crossoverjie\concurrent\ThreadState.java,com.crossoverjie.concurrent.ThreadState$TimeWaiting,run/0,false,24,0,0,0,0,3,2,10,0,0,0,2,0,0,1,0,1,0,0,1,0,0,2,0,0,0,5,1,0,false
c:\Users\arthur.menezes_evolu\Desktop\Pes\JCSprout\src\main\java\com\crossoverjie\design\pattern\factorymethod\FishFactory.java,com.crossoverjie.design.pattern.factorymethod.FishFactory,createAnimal/0,false,12,2,1,0,1,1,0,3,1,0,0,0,0,0,0,0,0,0,0,0,0,0,0,0,0,0,3,1,0,false
c:\Users\arthur.menezes_evolu\Desktop\Pes\JCSprout\src\main\java\com\crossoverjie\guava\CacheLoaderTest.java,com.crossoverjie.guava.CacheLoaderTest,main/1[java.lang.String[]],false,68,1,3,0,3,4,5,17,0,2,1,5,2,1,1,1,1,0,1,1,2,0,3,0,0,0,15,9,1,false
c:\Users\arthur.menezes_evolu\Desktop\Pes\JCSprout\src\main\java\com\crossoverjie\guava\CacheLoaderTest.java,com.crossoverjie.guava.CacheLoaderTest,init/0,false,28,2,1,1,0,2,5,16,0,1,0,5,0,0,1,0,0,0,0,3,2,0,1,2,0,0,15,2,0,false
c:\Users\arthur.menezes_evolu\Desktop\Pes\JCSprout\src\main\java\com\crossoverjie\guava\CacheLoaderTest.java,com.crossoverjie.guava.CacheLoaderTest,checkAlert/1[java.lang.Integer],false,50,0,1,1,0,3,9,14,0,0,1,9,0,0,0,0,1,0,3,1,0,0,1,0,0,0,11,2,3,false
c:\Users\arthur.menezes_evolu\Desktop\Pes\JCSprout\src\test\java\com\crossoverjie\concurrent\CustomThreadPoolExeceptionTest.java,com.crossoverjie.concurrent.CustomThreadPoolExeceptionTest$Anonymous1,notifyListen/0,false,23,0,0,0,0,1,1,3,0,0,0,1,0,0,0,0,0,0,1,0,0,0,0,0,0,0,2,1,1,false
c:\Users\arthur.menezes_evolu\Desktop\Pes\JCSprout\src\main\java\com\crossoverjie\algorithm\LinkedListMergeSort.java,com.crossoverjie.algorithm.LinkedListMergeSort,"mergeSort/2[com.crossoverjie.algorithm.LinkedListMergeSort.Node,int]",false,31,2,7,4,3,5,2,27,2,6,2,2,2,1,1,3,0,0,0,9,10,6,3,0,0,0,13,1,0,false
c:\Users\arthur.menezes_evolu\Desktop\Pes\JCSprout\src\main\java\com\crossoverjie\algorithm\LinkedListMergeSort.java,com.crossoverjie.algorithm.LinkedListMergeSort,"mergeList/2[com.crossoverjie.algorithm.LinkedListMergeSort.Node,com.crossoverjie.algorithm.LinkedListMergeSort.Node]",false,75,1,7,6,1,6,0,28,1,3,2,0,0,0,1,4,0,1,0,0,12,0,2,0,0,0,10,1,0,true
c:\Users\arthur.menezes_evolu\Desktop\Pes\JCSprout\src\main\java\com\crossoverjie\algorithm\LinkedListMergeSort.java,com.crossoverjie.algorithm.LinkedListMergeSort,main/1[java.lang.String[]],false,107,2,5,1,4,3,2,13,0,5,1,2,1,2,2,2,0,0,0,8,9,0,1,0,0,0,13,9,0,false
c:\Users\arthur.menezes_evolu\Desktop\Pes\JCSprout\src\main\java\com\crossoverjie\design\pattern\chainofresponsibility\MsgProcessChain.java,com.crossoverjie.design.pattern.chainofresponsibility.MsgProcessChain,process/1[java.lang.String],false,31,1,2,1,1,2,1,5,0,0,1,1,0,0,1,0,0,0,0,0,0,0,1,0,0,0,5,1,0,true
c:\Users\arthur.menezes_evolu\Desktop\Pes\JCSprout\src\main\java\com\crossoverjie\design\pattern\chainofresponsibility\MsgProcessChain.java,com.crossoverjie.design.pattern.chainofresponsibility.MsgProcessChain,addChain/1[com.crossoverjie.design.pattern.chainofresponsibility.Process],false,22,2,1,1,0,1,1,4,1,0,1,1,0,0,0,0,0,0,0,0,0,0,0,0,0,0,5,1,0,true
c:\Users\arthur.menezes_evolu\Desktop\Pes\JCSprout\src\test\java\com\crossoverjie\concurrent\CustomThreadPoolTest.java,com.crossoverjie.concurrent.CustomThreadPoolTest$Worker,Worker/1[int],true,56,0,1,1,0,1,0,3,0,0,1,0,0,0,0,0,0,0,0,0,1,0,0,0,0,0,2,1,0,false
c:\Users\arthur.menezes_evolu\Desktop\Pes\JCSprout\src\test\java\com\crossoverjie\concurrent\CustomThreadPoolTest.java,com.crossoverjie.concurrent.CustomThreadPoolTest$Worker,run/0,false,61,0,0,0,0,2,2,8,0,0,0,2,0,0,0,0,1,0,1,1,0,0,1,0,0,0,4,1,1,false
c:\Users\arthur.menezes_evolu\Desktop\Pes\JCSprout\src\main\java\com\crossoverjie\spring\aware\SpringLifeCycleAware.java,com.crossoverjie.spring.aware.SpringLifeCycleAware,setApplicationContext/1[com.crossoverjie.spring.aware.ApplicationContext],false,25,1,0,0,0,1,1,4,0,0,1,1,0,0,0,0,0,0,1,0,1,0,0,0,0,0,6,1,1,false
c:\Users\arthur.menezes_evolu\Desktop\Pes\JCSprout\src\main\java\com\crossoverjie\actual\TwoThreadWaitNotifySimple.java,com.crossoverjie.actual.TwoThreadWaitNotifySimple$OuNum,run/0,false,40,1,0,0,0,5,6,21,0,1,0,6,0,0,1,1,1,0,1,4,2,2,4,0,0,0,6,1,0,false
c:\Users\arthur.menezes_evolu\Desktop\Pes\JCSprout\src\main\java\com\crossoverjie\actual\TwoThreadWaitNotifySimple.java,com.crossoverjie.actual.TwoThreadWaitNotifySimple$OuNum,OuNum/1[com.crossoverjie.actual.TwoThreadWaitNotifySimple],true,35,1,1,1,0,1,0,3,0,0,1,0,0,0,0,0,0,0,0,0,1,0,0,0,0,0,8,1,0,false
c:\Users\arthur.menezes_evolu\Desktop\Pes\JCSprout\src\test\java\com\crossoverjie\concurrent\ArrayQueueTest.java,com.crossoverjie.concurrent.ArrayQueueTest,put/0,false,36,2,5,0,5,2,6,10,0,1,0,6,0,0,1,0,0,0,3,1,1,0,1,0,0,0,2,1,0,false
c:\Users\arthur.menezes_evolu\Desktop\Pes\JCSprout\src\test\java\com\crossoverjie\concurrent\ArrayQueueTest.java,com.crossoverjie.concurrent.ArrayQueueTest,put5/0,false,131,2,3,0,3,3,6,22,0,7,0,6,0,0,2,0,0,1,4,5,7,4,2,0,0,2,11,1,0,false
c:\Users\arthur.menezes_evolu\Desktop\Pes\JCSprout\src\test\java\com\crossoverjie\concurrent\ArrayQueueTest.java,com.crossoverjie.concurrent.ArrayQueueTest,put3/0,false,76,2,5,0,5,2,6,11,0,1,0,6,0,0,1,0,0,0,4,1,1,0,1,0,0,0,2,1,0,false
c:\Users\arthur.menezes_evolu\Desktop\Pes\JCSprout\src\test\java\com\crossoverjie\concurrent\ArrayQueueTest.java,com.crossoverjie.concurrent.ArrayQueueTest,put4/0,false,93,2,4,0,4,4,7,33,0,8,0,7,0,0,3,0,0,0,4,7,8,4,2,0,0,4,10,1,0,false
c:\Users\arthur.menezes_evolu\Desktop\Pes\JCSprout\src\test\java\com\crossoverjie\concurrent\ArrayQueueTest.java,com.crossoverjie.concurrent.ArrayQueueTest,put6/0,false,160,1,0,0,0,5,6,30,0,7,0,6,0,0,2,0,2,1,4,5,7,4,3,0,0,2,12,1,0,false
c:\Users\arthur.menezes_evolu\Desktop\Pes\JCSprout\src\test\java\com\crossoverjie\concurrent\ArrayQueueTest.java,com.crossoverjie.concurrent.ArrayQueueTest,test/0,false,15,1,0,0,0,2,8,17,0,1,0,8,0,0,0,0,1,0,6,2,1,1,2,0,0,1,9,1,0,false
c:\Users\arthur.menezes_evolu\Desktop\Pes\JCSprout\src\test\java\com\crossoverjie\concurrent\ArrayQueueTest.java,com.crossoverjie.concurrent.ArrayQueueTest,put2/0,false,51,2,5,0,5,3,8,19,0,1,0,8,0,0,1,0,1,0,7,1,1,2,2,0,0,1,5,1,3,false
c:\Users\arthur.menezes_evolu\Desktop\Pes\JCSprout\src\test\java\com\crossoverjie\concurrent\ArrayQueueTest.java,com.crossoverjie.concurrent.ArrayQueueTest,get2/0,false,196,2,3,0,3,6,5,36,0,6,0,5,0,0,3,0,2,0,3,5,6,2,3,0,0,3,11,1,0,false
c:\Users\arthur.menezes_evolu\Desktop\Pes\JCSprout\src\test\java\com\crossoverjie\concurrent\CustomThreadPoolExeceptionTest.java,com.crossoverjie.concurrent.CustomThreadPoolExeceptionTest,main/1[java.lang.String[]],false,19,3,5,0,5,1,3,12,0,2,1,3,0,0,0,0,0,0,1,5,2,0,0,1,0,0,15,9,1,false
c:\Users\arthur.menezes_evolu\Desktop\Pes\JCSprout\src\test\java\com\crossoverjie\concurrent\CustomThreadPoolExeceptionTest.java,com.crossoverjie.concurrent.CustomThreadPoolExeceptionTest,execute/0,false,15,1,0,0,0,1,0,2,0,0,0,0,0,0,0,0,0,0,0,0,0,0,0,0,0,0,1,1,0,false
c:\Users\arthur.menezes_evolu\Desktop\Pes\JCSprout\src\main\java\com\crossoverjie\oom\heap\MetaSpaceOOM.java,com.crossoverjie.oom.heap.MetaSpaceOOM$Anonymous1,"intercept/4[java.lang.Object,java.lang.reflect.Method,java.lang.Object[],com.crossoverjie.oom.heap.MethodProxy]",false,25,1,0,0,0,1,1,3,1,0,4,1,0,0,0,0,0,0,0,0,0,0,0,0,0,0,5,1,0,false
c:\Users\arthur.menezes_evolu\Desktop\Pes\JCSprout\src\main\java\com\crossoverjie\disruptor\LongEventHandler.java,com.crossoverjie.disruptor.LongEventHandler,"onEvent/3[com.crossoverjie.disruptor.LongEvent,long,boolean]",false,17,1,1,0,1,1,2,3,0,0,3,2,0,0,0,0,0,0,1,0,0,0,0,0,0,0,8,1,1,false
c:\Users\arthur.menezes_evolu\Desktop\Pes\JCSprout\src\main\java\com\crossoverjie\design\pattern\chainofresponsibility\impl\CopyrightProcess.java,com.crossoverjie.design.pattern.chainofresponsibility.impl.CopyrightProcess,doProcess/1[java.lang.String],false,15,0,0,0,0,1,1,3,0,0,1,1,0,0,0,0,0,0,1,0,0,1,0,0,0,0,3,1,0,false
c:\Users\arthur.menezes_evolu\Desktop\Pes\JCSprout\src\main\java\com\crossoverjie\algorithm\BinaryNodeTravel.java,com.crossoverjie.algorithm.BinaryNodeTravel,setLeft/1[com.crossoverjie.algorithm.BinaryNodeTravel],false,40,1,1,1,0,1,0,3,0,0,1,0,0,0,0,0,0,0,0,0,1,0,0,0,0,0,6,1,0,false
c:\Users\arthur.menezes_evolu\Desktop\Pes\JCSprout\src\main\java\com\crossoverjie\algorithm\BinaryNodeTravel.java,com.crossoverjie.algorithm.BinaryNodeTravel,BinaryNodeTravel/0,true,19,0,1,1,0,1,0,2,0,0,0,0,0,0,0,0,0,0,0,0,0,0,0,0,0,0,3,1,0,false
c:\Users\arthur.menezes_evolu\Desktop\Pes\JCSprout\src\main\java\com\crossoverjie\algorithm\BinaryNodeTravel.java,com.crossoverjie.algorithm.BinaryNodeTravel,"BinaryNodeTravel/3[java.lang.Object,com.crossoverjie.algorithm.BinaryNodeTravel,com.crossoverjie.algorithm.BinaryNodeTravel]",true,22,1,1,1,0,1,0,5,0,0,3,0,0,0,0,0,0,0,0,0,3,0,0,0,0,0,7,1,0,false
c:\Users\arthur.menezes_evolu\Desktop\Pes\JCSprout\src\main\java\com\crossoverjie\algorithm\BinaryNodeTravel.java,com.crossoverjie.algorithm.BinaryNodeTravel,setRight/1[com.crossoverjie.algorithm.BinaryNodeTravel],false,48,1,1,1,0,1,0,3,0,0,1,0,0,0,0,0,0,0,0,0,1,0,0,0,0,0,6,1,0,false
c:\Users\arthur.menezes_evolu\Desktop\Pes\JCSprout\src\main\java\com\crossoverjie\algorithm\BinaryNodeTravel.java,com.crossoverjie.algorithm.BinaryNodeTravel,getRight/0,false,44,1,1,1,0,1,0,3,1,0,0,0,0,0,0,0,0,0,0,0,0,0,0,0,0,0,6,1,0,false
c:\Users\arthur.menezes_evolu\Desktop\Pes\JCSprout\src\main\java\com\crossoverjie\algorithm\BinaryNodeTravel.java,com.crossoverjie.algorithm.BinaryNodeTravel,setData/1[java.lang.Object],false,32,0,0,0,0,1,0,3,0,0,1,0,0,0,0,0,0,0,0,0,1,0,0,0,0,0,4,1,0,false
c:\Users\arthur.menezes_evolu\Desktop\Pes\JCSprout\src\main\java\com\crossoverjie\algorithm\BinaryNodeTravel.java,com.crossoverjie.algorithm.BinaryNodeTravel,createNode/0,false,53,1,4,1,3,1,2,14,1,6,0,2,2,1,0,0,0,0,6,0,6,0,0,0,0,0,11,1,0,false
c:\Users\arthur.menezes_evolu\Desktop\Pes\JCSprout\src\main\java\com\crossoverjie\algorithm\BinaryNodeTravel.java,com.crossoverjie.algorithm.BinaryNodeTravel,toString/0,false,71,0,0,0,0,1,0,3,1,0,0,0,0,0,0,0,0,0,4,0,0,2,0,0,0,0,5,1,0,false
c:\Users\arthur.menezes_evolu\Desktop\Pes\JCSprout\src\main\java\com\crossoverjie\algorithm\BinaryNodeTravel.java,com.crossoverjie.algorithm.BinaryNodeTravel,levelIterator/1[com.crossoverjie.algorithm.BinaryNodeTravel],false,90,1,3,1,2,5,5,23,1,3,1,5,2,1,1,3,0,0,0,0,6,0,2,0,0,0,11,1,0,true
c:\Users\arthur.menezes_evolu\Desktop\Pes\JCSprout\src\main\java\com\crossoverjie\algorithm\BinaryNodeTravel.java,com.crossoverjie.algorithm.BinaryNodeTravel,getData/0,false,28,0,1,1,0,1,0,3,1,0,0,0,0,0,0,0,0,0,0,0,0,0,0,0,0,0,4,1,0,false
c:\Users\arthur.menezes_evolu\Desktop\Pes\JCSprout\src\main\java\com\crossoverjie\algorithm\BinaryNodeTravel.java,com.crossoverjie.algorithm.BinaryNodeTravel,getLeft/0,false,36,1,1,1,0,1,0,3,1,0,0,0,0,0,0,0,0,0,0,0,0,0,0,0,0,0,6,1,0,false
c:\Users\arthur.menezes_evolu\Desktop\Pes\JCSprout\src\test\java\com\crossoverjie\actual\LRUMapTest.java,com.crossoverjie.actual.LRUMapTest,get/0,false,70,2,4,0,4,1,5,12,0,2,0,5,0,0,0,0,0,0,6,4,2,0,0,0,0,0,9,1,0,false
c:\Users\arthur.menezes_evolu\Desktop\Pes\JCSprout\src\test\java\com\crossoverjie\actual\LRUMapTest.java,com.crossoverjie.actual.LRUMapTest,put3/0,false,39,2,3,0,3,1,3,12,0,1,0,3,0,0,0,0,0,0,6,7,1,0,0,0,0,0,7,1,0,false
c:\Users\arthur.menezes_evolu\Desktop\Pes\JCSprout\src\test\java\com\crossoverjie\actual\LRUMapTest.java,com.crossoverjie.actual.LRUMapTest,put4/0,false,56,2,3,0,3,1,3,9,0,1,0,3,0,0,0,0,0,0,4,5,1,0,0,0,0,0,7,1,0,false
c:\Users\arthur.menezes_evolu\Desktop\Pes\JCSprout\src\test\java\com\crossoverjie\actual\LRUMapTest.java,com.crossoverjie.actual.LRUMapTest,get3/0,false,102,2,4,0,4,1,5,12,0,2,0,5,0,0,0,0,0,0,6,4,2,0,0,0,0,0,9,1,0,false
c:\Users\arthur.menezes_evolu\Desktop\Pes\JCSprout\src\test\java\com\crossoverjie\actual\LRUMapTest.java,com.crossoverjie.actual.LRUMapTest,put/0,false,8,2,3,0,3,1,3,11,0,1,0,3,0,0,0,0,0,0,5,6,1,0,0,0,0,0,7,1,0,false
c:\Users\arthur.menezes_evolu\Desktop\Pes\JCSprout\src\test\java\com\crossoverjie\actual\LRUMapTest.java,com.crossoverjie.actual.LRUMapTest,get4/0,false,118,2,4,0,4,1,4,15,0,1,0,4,0,0,0,0,0,0,10,7,1,0,0,0,0,0,3,1,0,false
c:\Users\arthur.menezes_evolu\Desktop\Pes\JCSprout\src\test\java\com\crossoverjie\actual\LRUMapTest.java,com.crossoverjie.actual.LRUMapTest,put2/0,false,23,2,3,0,3,1,3,11,0,1,0,3,0,0,0,0,0,0,5,6,1,0,0,0,0,0,7,1,0,false
c:\Users\arthur.menezes_evolu\Desktop\Pes\JCSprout\src\test\java\com\crossoverjie\actual\LRUMapTest.java,com.crossoverjie.actual.LRUMapTest,get2/0,false,86,2,4,0,4,1,5,12,0,2,0,5,0,0,0,0,0,0,6,4,2,0,0,0,0,0,9,1,0,false
c:\Users\arthur.menezes_evolu\Desktop\Pes\JCSprout\src\test\java\com\crossoverjie\concurrent\CustomThreadPoolFutureTest.java,com.crossoverjie.concurrent.CustomThreadPoolFutureTest,main/1[java.lang.String[]],false,23,4,7,0,7,3,6,21,0,6,1,6,0,0,2,0,0,0,2,6,6,0,1,1,0,0,20,9,2,false
c:\Users\arthur.menezes_evolu\Desktop\Pes\JCSprout\src\test\java\com\crossoverjie\concurrent\CustomThreadPoolFutureTest.java,com.crossoverjie.concurrent.CustomThreadPoolFutureTest,execute/0,false,19,1,0,0,0,1,0,2,0,0,0,0,0,0,0,0,0,0,0,0,0,0,0,0,0,0,1,1,0,false
c:\Users\arthur.menezes_evolu\Desktop\Pes\JCSprout\src\main\java\com\crossoverjie\actual\TwoThreadWaitNotify.java,com.crossoverjie.actual.TwoThreadWaitNotify,main/1[java.lang.String[]],false,17,3,3,0,3,1,2,9,0,3,1,2,0,0,0,0,0,0,2,0,3,0,0,0,0,0,12,9,0,false
c:\Users\arthur.menezes_evolu\Desktop\Pes\JCSprout\src\main\java\com\crossoverjie\thread\ThreadExceptionTest.java,com.crossoverjie.thread.ThreadExceptionTest,main/1[java.lang.String[]],false,23,1,2,0,2,1,2,11,0,1,1,2,0,0,0,0,0,0,0,4,1,0,0,1,0,0,12,9,0,false
c:\Users\arthur.menezes_evolu\Desktop\Pes\JCSprout\src\main\java\com\crossoverjie\actual\LRULinkedMap.java,com.crossoverjie.actual.LRULinkedMap$Anonymous1,removeEldestEntry/1[java.util.Map.Entry],false,31,0,0,0,0,2,1,8,2,0,1,1,0,0,0,1,0,0,0,1,0,1,1,0,0,0,8,4,0,false
c:\Users\arthur.menezes_evolu\Desktop\Pes\JCSprout\src\main\java\com\crossoverjie\concurrent\CustomThreadPool.java,com.crossoverjie.concurrent.CustomThreadPool,getWorkerCount/0,false,365,0,1,1,0,1,1,3,1,0,0,1,0,0,0,0,0,0,0,0,0,0,0,0,0,0,3,1,0,true
c:\Users\arthur.menezes_evolu\Desktop\Pes\JCSprout\src\main\java\com\crossoverjie\concurrent\CustomThreadPool.java,com.crossoverjie.concurrent.CustomThreadPool,getTask/0,false,248,0,1,1,0,6,7,25,4,1,0,7,0,0,0,2,1,0,0,1,3,0,2,0,0,0,10,2,0,true
c:\Users\arthur.menezes_evolu\Desktop\Pes\JCSprout\src\main\java\com\crossoverjie\concurrent\CustomThreadPool.java,com.crossoverjie.concurrent.CustomThreadPool,execute/1[java.lang.Runnable],false,115,1,4,3,1,7,8,29,3,1,1,8,1,1,0,1,1,0,3,0,1,0,3,0,0,0,15,1,2,true
c:\Users\arthur.menezes_evolu\Desktop\Pes\JCSprout\src\main\java\com\crossoverjie\concurrent\CustomThreadPool.java,com.crossoverjie.concurrent.CustomThreadPool,shutdown/0,false,291,1,3,2,1,1,2,4,0,0,0,2,1,2,0,0,0,0,0,0,0,0,0,0,0,0,4,1,0,true
c:\Users\arthur.menezes_evolu\Desktop\Pes\JCSprout\src\main\java\com\crossoverjie\concurrent\CustomThreadPool.java,com.crossoverjie.concurrent.CustomThreadPool,shutDownNow/0,false,309,1,1,0,1,1,2,4,0,0,0,2,1,2,0,0,0,0,0,0,0,0,0,0,0,0,7,1,0,true
c:\Users\arthur.menezes_evolu\Desktop\Pes\JCSprout\src\main\java\com\crossoverjie\concurrent\CustomThreadPool.java,com.crossoverjie.concurrent.CustomThreadPool,addWorker/1[java.lang.Runnable],false,162,1,4,2,2,1,2,5,0,1,1,2,0,0,0,0,0,0,0,0,1,0,0,0,0,0,5,2,0,true
c:\Users\arthur.menezes_evolu\Desktop\Pes\JCSprout\src\main\java\com\crossoverjie\concurrent\CustomThreadPool.java,com.crossoverjie.concurrent.CustomThreadPool,mainNotify/0,false,318,1,4,3,1,4,3,15,1,0,0,3,0,0,1,1,1,0,0,1,0,0,4,0,0,0,9,1,0,true
c:\Users\arthur.menezes_evolu\Desktop\Pes\JCSprout\src\main\java\com\crossoverjie\concurrent\CustomThreadPool.java,com.crossoverjie.concurrent.CustomThreadPool,"CustomThreadPool/6[int,int,long,java.util.concurrent.TimeUnit,java.util.concurrent.BlockingQueue<java.lang.Runnable>,com.crossoverjie.concurrent.communication.Notify]",true,84,3,4,3,1,1,0,9,0,0,6,0,0,0,0,0,0,0,0,0,7,0,0,0,0,0,14,1,0,true
c:\Users\arthur.menezes_evolu\Desktop\Pes\JCSprout\src\main\java\com\crossoverjie\concurrent\CustomThreadPool.java,com.crossoverjie.concurrent.CustomThreadPool,tryClose/1[boolean],false,339,1,4,3,1,4,3,10,0,0,1,3,1,1,0,1,0,0,0,1,0,0,2,0,0,0,8,2,0,true
c:\Users\arthur.menezes_evolu\Desktop\Pes\JCSprout\src\main\java\com\crossoverjie\concurrent\CustomThreadPool.java,com.crossoverjie.concurrent.CustomThreadPool,closeAllTask/0,false,353,1,2,1,1,2,1,5,0,0,0,1,0,0,1,0,0,0,0,0,0,0,1,0,0,0,6,2,0,true
c:\Users\arthur.menezes_evolu\Desktop\Pes\JCSprout\src\main\java\com\crossoverjie\concurrent\CustomThreadPool.java,com.crossoverjie.concurrent.CustomThreadPool,submit/1[com.crossoverjie.concurrent.future.Callable<T>],false,103,5,2,0,2,1,1,5,1,1,1,1,1,2,0,0,0,0,0,0,1,0,0,0,0,0,7,1,0,true
c:\Users\arthur.menezes_evolu\Desktop\Pes\JCSprout\src\main\java\com\crossoverjie\hystrix\CommandTest.java,com.crossoverjie.hystrix.CommandTest,main/1[java.lang.String[]],false,21,2,2,0,2,1,4,12,0,7,1,4,0,0,0,0,0,0,6,1,7,0,0,0,0,0,12,9,3,false
c:\Users\arthur.menezes_evolu\Desktop\Pes\JCSprout\src\main\java\com\crossoverjie\concurrent\future\FutureTask.java,com.crossoverjie.concurrent.future.FutureTask,run/0,false,36,2,1,0,1,1,2,7,0,1,0,2,0,0,0,0,0,0,0,0,2,0,1,0,0,0,4,1,0,false
c:\Users\arthur.menezes_evolu\Desktop\Pes\JCSprout\src\main\java\com\crossoverjie\concurrent\future\FutureTask.java,com.crossoverjie.concurrent.future.FutureTask,get/0,false,24,1,0,0,0,2,1,8,1,0,0,1,0,0,1,1,0,0,0,0,0,0,2,0,0,0,7,1,0,false
c:\Users\arthur.menezes_evolu\Desktop\Pes\JCSprout\src\main\java\com\crossoverjie\concurrent\future\FutureTask.java,com.crossoverjie.concurrent.future.FutureTask,FutureTask/1[com.crossoverjie.concurrent.future.Callable<T>],true,18,2,0,0,0,1,0,4,0,0,1,0,0,0,0,0,0,0,0,0,2,0,0,0,0,0,5,1,0,false
c:\Users\arthur.menezes_evolu\Desktop\Pes\JCSprout\src\main\java\com\crossoverjie\thread\ThreadExceptionTest.java,com.crossoverjie.thread.ThreadExceptionTest$Anonymous1,run/0,false,31,0,3,0,3,1,1,3,0,0,0,1,0,0,0,0,0,0,1,0,0,0,0,0,0,0,1,1,1,false
c:\Users\arthur.menezes_evolu\Desktop\Pes\JCSprout\src\main\java\com\crossoverjie\actual\ThreadCommunication.java,com.crossoverjie.actual.ThreadCommunication,countDownLatch/0,false,83,0,1,1,0,3,7,22,0,5,0,7,0,0,1,0,1,0,3,3,5,1,3,0,0,1,15,10,3,false
c:\Users\arthur.menezes_evolu\Desktop\Pes\JCSprout\src\main\java\com\crossoverjie\actual\ThreadCommunication.java,com.crossoverjie.actual.ThreadCommunication,join/0,false,150,0,1,0,1,1,3,31,0,2,0,3,0,0,0,0,0,0,1,0,2,0,0,2,0,0,9,10,1,true
c:\Users\arthur.menezes_evolu\Desktop\Pes\JCSprout\src\main\java\com\crossoverjie\actual\ThreadCommunication.java,com.crossoverjie.actual.ThreadCommunication,cyclicBarrier/0,false,34,0,1,0,1,1,2,44,0,1,0,2,0,0,0,0,0,0,1,1,1,0,0,3,0,0,9,10,1,true
c:\Users\arthur.menezes_evolu\Desktop\Pes\JCSprout\src\main\java\com\crossoverjie\actual\ThreadCommunication.java,com.crossoverjie.actual.ThreadCommunication,main/1[java.lang.String[]],false,21,1,1,0,1,1,1,3,0,0,1,1,1,1,0,0,0,0,0,0,0,0,0,0,0,0,6,9,0,false
c:\Users\arthur.menezes_evolu\Desktop\Pes\JCSprout\src\main\java\com\crossoverjie\actual\ThreadCommunication.java,com.crossoverjie.actual.ThreadCommunication,piped/0,false,186,0,1,0,1,1,2,43,0,4,0,2,0,0,0,0,0,0,0,0,4,0,0,2,0,0,17,9,0,false
c:\Users\arthur.menezes_evolu\Desktop\Pes\JCSprout\src\main\java\com\crossoverjie\actual\ThreadCommunication.java,com.crossoverjie.actual.ThreadCommunication,executorService/0,false,111,0,1,0,1,2,4,33,0,2,0,4,0,0,1,0,0,0,2,5,2,0,1,2,0,0,14,10,2,true
c:\Users\arthur.menezes_evolu\Desktop\Pes\JCSprout\src\main\java\com\crossoverjie\algorithm\BloomFilters.java,com.crossoverjie.algorithm.BloomFilters,hashcode_2/1[java.lang.String],false,91,0,3,3,0,2,3,13,1,3,1,3,0,0,1,0,0,1,0,8,9,6,1,0,0,0,8,2,0,true
c:\Users\arthur.menezes_evolu\Desktop\Pes\JCSprout\src\main\java\com\crossoverjie\algorithm\BloomFilters.java,com.crossoverjie.algorithm.BloomFilters,hashcode_3/1[java.lang.String],false,110,0,3,3,0,2,3,12,1,2,1,3,0,0,1,0,0,5,0,7,8,5,1,0,0,0,5,2,0,true
c:\Users\arthur.menezes_evolu\Desktop\Pes\JCSprout\src\main\java\com\crossoverjie\algorithm\BloomFilters.java,com.crossoverjie.algorithm.BloomFilters,hashcode_1/1[java.lang.String],false,77,0,3,3,0,2,3,8,1,2,1,3,0,0,1,0,0,0,0,3,3,2,1,0,0,0,5,2,0,true
c:\Users\arthur.menezes_evolu\Desktop\Pes\JCSprout\src\main\java\com\crossoverjie\algorithm\BloomFilters.java,com.crossoverjie.algorithm.BloomFilters,BloomFilters/1[int],true,22,1,2,2,0,1,0,4,0,0,1,0,0,0,0,0,0,0,0,0,2,0,0,0,0,0,4,1,0,false
c:\Users\arthur.menezes_evolu\Desktop\Pes\JCSprout\src\main\java\com\crossoverjie\algorithm\BloomFilters.java,com.crossoverjie.algorithm.BloomFilters,check/1[java.lang.String],false,47,1,5,2,3,4,3,18,4,6,1,3,3,1,0,3,0,0,0,3,6,3,1,0,0,0,12,1,0,true
c:\Users\arthur.menezes_evolu\Desktop\Pes\JCSprout\src\main\java\com\crossoverjie\algorithm\BloomFilters.java,com.crossoverjie.algorithm.BloomFilters,add/1[java.lang.String],false,31,1,5,2,3,1,3,8,0,3,1,3,3,1,0,0,0,0,0,3,6,3,0,0,0,0,9,1,0,true
c:\Users\arthur.menezes_evolu\Desktop\Pes\JCSprout\src\main\java\com\crossoverjie\algorithm\BloomFilters.java,com.crossoverjie.algorithm.BloomFilters,main/1[java.lang.String[]],false,124,1,6,0,6,1,7,25,0,9,1,7,5,3,0,0,0,0,16,1,9,2,0,0,0,0,14,9,0,false
c:\Users\arthur.menezes_evolu\Desktop\Pes\JCSprout\src\main\java\com\crossoverjie\actual\TwoThreadWaitNotifySimple.java,com.crossoverjie.actual.TwoThreadWaitNotifySimple,main/1[java.lang.String[]],false,15,3,3,0,3,1,2,9,0,3,1,2,0,0,0,0,0,0,2,0,3,0,0,0,0,0,13,9,0,false
c:\Users\arthur.menezes_evolu\Desktop\Pes\JCSprout\src\main\java\com\crossoverjie\guava\callback\Caller.java,com.crossoverjie.guava.callback.Caller,setCallBackListener/1[com.crossoverjie.guava.callback.CallBackListener],false,59,1,1,1,0,1,0,3,0,0,1,0,0,0,0,0,0,0,0,0,1,0,0,0,0,0,5,1,0,false
c:\Users\arthur.menezes_evolu\Desktop\Pes\JCSprout\src\main\java\com\crossoverjie\guava\callback\Caller.java,com.crossoverjie.guava.callback.Caller,getCallBackListener/0,false,55,1,1,1,0,1,0,3,1,0,0,0,0,0,0,0,0,0,0,0,0,0,0,0,0,0,5,1,0,false
c:\Users\arthur.menezes_evolu\Desktop\Pes\JCSprout\src\main\java\com\crossoverjie\guava\callback\Caller.java,com.crossoverjie.guava.callback.Caller,setQuestion/1[java.lang.String],false,67,0,1,1,0,1,0,3,0,0,1,0,0,0,0,0,0,0,0,0,1,0,0,0,0,0,3,1,0,false
c:\Users\arthur.menezes_evolu\Desktop\Pes\JCSprout\src\main\java\com\crossoverjie\guava\callback\Caller.java,com.crossoverjie.guava.callback.Caller,setNotifier/1[com.crossoverjie.guava.callback.Notifier],false,50,1,1,1,0,1,0,3,0,0,1,0,0,0,0,0,0,0,0,0,1,0,0,0,0,0,3,1,0,false
c:\Users\arthur.menezes_evolu\Desktop\Pes\JCSprout\src\main\java\com\crossoverjie\guava\callback\Caller.java,com.crossoverjie.guava.callback.Caller,getQuestion/0,false,63,0,0,0,0,1,0,3,1,0,0,0,0,0,0,0,0,0,0,0,0,0,0,0,0,0,3,1,0,false
c:\Users\arthur.menezes_evolu\Desktop\Pes\JCSprout\src\main\java\com\crossoverjie\guava\callback\Caller.java,com.crossoverjie.guava.callback.Caller,call/0,false,26,0,2,1,1,1,2,15,0,0,0,2,0,0,0,0,0,0,2,0,0,0,0,1,0,0,7,1,2,true
c:\Users\arthur.menezes_evolu\Desktop\Pes\JCSprout\src\main\java\com\crossoverjie\guava\callback\Caller.java,com.crossoverjie.guava.callback.Caller,toString/0,false,72,0,0,0,0,1,0,3,1,0,0,0,0,0,0,0,0,0,4,0,0,2,0,0,0,0,7,1,0,false
c:\Users\arthur.menezes_evolu\Desktop\Pes\JCSprout\src\main\java\com\crossoverjie\guava\callback\Caller.java,com.crossoverjie.guava.callback.Caller,getNotifier/0,false,46,1,0,0,0,1,0,3,1,0,0,0,0,0,0,0,0,0,0,0,0,0,0,0,0,0,3,1,0,false
c:\Users\arthur.menezes_evolu\Desktop\Pes\JCSprout\src\main\java\com\crossoverjie\concurrent\Volatile.java,com.crossoverjie.concurrent.Volatile,main/1[java.lang.String[]],false,23,1,2,0,2,3,5,19,0,3,1,5,0,0,1,0,0,0,4,0,3,0,2,1,0,0,12,9,0,false
c:\Users\arthur.menezes_evolu\Desktop\Pes\JCSprout\src\main\java\com\crossoverjie\concurrent\Volatile.java,com.crossoverjie.concurrent.Volatile,run/0,false,17,0,0,0,0,2,3,5,0,0,0,3,0,0,1,0,0,0,1,0,0,1,1,0,0,0,2,1,0,false
c:\Users\arthur.menezes_evolu\Desktop\Pes\JCSprout\src\main\java\com\crossoverjie\concurrent\Volatile.java,com.crossoverjie.concurrent.Volatile,stopThread/0,false,50,0,1,1,0,1,0,3,0,0,0,0,0,0,0,0,0,0,0,0,1,0,0,0,0,0,4,2,0,false
c:\Users\arthur.menezes_evolu\Desktop\Pes\JCSprout\src\main\java\com\crossoverjie\concurrent\future\Future.java,com.crossoverjie.concurrent.future.Future,get/0,false,12,1,0,0,0,1,0,1,0,0,0,0,0,0,0,0,0,0,0,0,0,0,0,0,0,0,4,0,0,true
c:\Users\arthur.menezes_evolu\Desktop\Pes\JCSprout\src\main\java\com\crossoverjie\algorithm\TwoSum.java,com.crossoverjie.algorithm.TwoSum,"getTwo2/2[int[],int]",false,48,1,1,1,0,3,3,11,1,3,2,3,0,0,1,0,0,0,0,3,4,1,2,0,0,0,10,1,0,true
c:\Users\arthur.menezes_evolu\Desktop\Pes\JCSprout\src\main\java\com\crossoverjie\algorithm\TwoSum.java,com.crossoverjie.algorithm.TwoSum,"getTwo1/2[int[],int]",false,21,1,1,1,0,5,0,13,1,5,2,0,0,0,2,2,0,1,0,3,6,2,3,0,0,0,11,1,0,true
c:\Users\arthur.menezes_evolu\Desktop\Pes\JCSprout\src\main\java\com\crossoverjie\concurrent\communication\Notify.java,com.crossoverjie.concurrent.communication.Notify,notifyListen/0,false,12,0,2,2,0,1,0,1,0,0,0,0,0,0,0,0,0,0,0,0,0,0,0,0,0,0,2,0,0,true
c:\Users\arthur.menezes_evolu\Desktop\Pes\JCSprout\src\main\java\com\crossoverjie\actual\LRULinkedMap.java,com.crossoverjie.actual.LRULinkedMap,LRULinkedMap/1[int],true,26,0,4,3,1,1,0,14,0,0,1,0,0,0,0,0,0,0,0,2,2,0,0,1,0,0,14,1,0,false
c:\Users\arthur.menezes_evolu\Desktop\Pes\JCSprout\src\main\java\com\crossoverjie\actual\LRULinkedMap.java,com.crossoverjie.actual.LRULinkedMap,"put/2[K,V]",false,41,2,0,0,0,1,1,3,0,0,2,1,0,0,0,0,0,0,0,0,0,0,0,0,0,0,3,1,0,false
c:\Users\arthur.menezes_evolu\Desktop\Pes\JCSprout\src\main\java\com\crossoverjie\actual\LRULinkedMap.java,com.crossoverjie.actual.LRULinkedMap,getAll/0,false,50,2,0,0,0,1,1,3,1,0,0,1,0,0,0,0,0,0,0,0,0,0,0,0,0,0,2,1,0,false
c:\Users\arthur.menezes_evolu\Desktop\Pes\JCSprout\src\main\java\com\crossoverjie\actual\LRULinkedMap.java,com.crossoverjie.actual.LRULinkedMap,get/1[K],false,45,2,0,0,0,1,1,3,1,0,1,1,0,0,0,0,0,0,0,0,0,0,0,0,0,0,4,1,0,false
c:\Users\arthur.menezes_evolu\Desktop\Pes\JCSprout\src\main\java\com\crossoverjie\algorithm\TwoArray.java,com.crossoverjie.algorithm.TwoArray,main/1[java.lang.String[]],false,20,1,0,0,0,1,2,7,0,3,1,2,0,0,0,0,0,0,0,21,3,0,0,0,0,0,5,9,2,false
c:\Users\arthur.menezes_evolu\Desktop\Pes\JCSprout\src\main\java\com\crossoverjie\concurrent\CustomThreadPool.java,com.crossoverjie.concurrent.CustomThreadPool$ConcurrentHashSet,add/1[T],false,387,1,0,0,0,2,2,4,1,0,1,2,0,0,0,1,0,0,0,0,0,0,0,0,0,0,4,1,0,false
c:\Users\arthur.menezes_evolu\Desktop\Pes\JCSprout\src\main\java\com\crossoverjie\concurrent\CustomThreadPool.java,com.crossoverjie.concurrent.CustomThreadPool$ConcurrentHashSet,remove/1[java.lang.Object],false,393,0,0,0,0,2,2,4,1,0,1,2,0,0,0,1,0,0,0,0,0,0,0,0,0,0,9,1,0,false
c:\Users\arthur.menezes_evolu\Desktop\Pes\JCSprout\src\main\java\com\crossoverjie\concurrent\CustomThreadPool.java,com.crossoverjie.concurrent.CustomThreadPool$ConcurrentHashSet,size/0,false,399,0,0,0,0,1,1,3,1,0,0,1,0,0,0,0,0,0,0,0,0,0,0,0,0,0,1,1,0,false
c:\Users\arthur.menezes_evolu\Desktop\Pes\JCSprout\src\main\java\com\crossoverjie\concurrent\CustomThreadPool.java,com.crossoverjie.concurrent.CustomThreadPool$ConcurrentHashSet,iterator/0,false,382,1,0,0,0,1,2,3,1,0,0,2,0,0,0,0,0,0,0,0,0,0,0,0,0,0,1,1,0,false
c:\Users\arthur.menezes_evolu\Desktop\Pes\JCSprout\src\main\java\com\crossoverjie\proxy\cglib\RealSubjectIntercept.java,com.crossoverjie.proxy.cglib.RealSubjectIntercept,"intercept/4[java.lang.Object,java.lang.reflect.Method,java.lang.Object[],com.crossoverjie.proxy.cglib.MethodProxy]",false,25,1,0,0,0,1,2,6,1,1,4,2,0,0,0,0,0,0,2,0,1,0,0,0,0,0,6,1,2,false
c:\Users\arthur.menezes_evolu\Desktop\Pes\JCSprout\src\test\java\com\crossoverjie\actual\LRULinkedMapTest.java,com.crossoverjie.actual.LRULinkedMapTest,put2/0,false,29,2,3,0,3,3,6,15,0,1,0,6,0,0,2,0,0,0,10,6,1,2,1,0,0,0,9,1,0,false
c:\Users\arthur.menezes_evolu\Desktop\Pes\JCSprout\src\test\java\com\crossoverjie\actual\LRULinkedMapTest.java,com.crossoverjie.actual.LRULinkedMapTest,put/0,false,11,2,3,0,3,3,6,14,0,1,0,6,0,0,2,0,0,0,9,5,1,2,1,0,0,0,9,1,0,false
c:\Users\arthur.menezes_evolu\Desktop\Pes\JCSprout\src\test\java\com\crossoverjie\actual\LRULinkedMapTest.java,com.crossoverjie.actual.LRULinkedMapTest,get/0,false,47,2,4,0,4,3,7,15,0,1,0,7,0,0,2,0,0,0,10,5,1,2,1,0,0,0,9,1,0,false
c:\Users\arthur.menezes_evolu\Desktop\Pes\JCSprout\src\main\java\com\crossoverjie\design\pattern\chainofresponsibility\Main.java,com.crossoverjie.design.pattern.chainofresponsibility.Main,main/1[java.lang.String[]],false,15,4,6,0,6,1,2,5,0,2,1,2,0,0,0,0,0,0,1,0,2,0,0,0,0,0,11,9,0,false
c:\Users\arthur.menezes_evolu\Desktop\Pes\JCSprout\src\main\java\com\crossoverjie\actual\ReadFile.java,com.crossoverjie.actual.ReadFile$SortString,setKey/1[java.lang.String],false,93,0,1,1,0,1,0,3,0,0,1,0,0,0,0,0,0,0,0,0,1,0,0,0,0,0,3,1,0,false
c:\Users\arthur.menezes_evolu\Desktop\Pes\JCSprout\src\main\java\com\crossoverjie\actual\ReadFile.java,com.crossoverjie.actual.ReadFile$SortString,getKey/0,false,89,0,0,0,0,1,0,3,1,0,0,0,0,0,0,0,0,0,0,0,0,0,0,0,0,0,3,1,0,false
c:\Users\arthur.menezes_evolu\Desktop\Pes\JCSprout\src\main\java\com\crossoverjie\actual\ReadFile.java,com.crossoverjie.actual.ReadFile$SortString,getCount/0,false,97,0,1,1,0,1,0,3,1,0,0,0,0,0,0,0,0,0,0,0,0,0,0,0,0,0,4,1,0,false
c:\Users\arthur.menezes_evolu\Desktop\Pes\JCSprout\src\main\java\com\crossoverjie\actual\ReadFile.java,com.crossoverjie.actual.ReadFile$SortString,setCount/1[java.lang.Integer],false,101,0,1,1,0,1,0,3,0,0,1,0,0,0,0,0,0,0,0,0,1,0,0,0,0,0,4,1,0,false
c:\Users\arthur.menezes_evolu\Desktop\Pes\JCSprout\src\main\java\com\crossoverjie\actual\ReadFile.java,com.crossoverjie.actual.ReadFile$SortString,toString/0,false,116,0,0,0,0,1,0,3,1,0,0,0,0,0,0,0,0,0,3,0,0,2,0,0,0,0,4,1,0,false
c:\Users\arthur.menezes_evolu\Desktop\Pes\JCSprout\src\main\java\com\crossoverjie\actual\ReadFile.java,com.crossoverjie.actual.ReadFile$SortString,compareTo/1[com.crossoverjie.actual.ReadFile.SortString],false,107,1,1,0,1,2,1,8,2,0,1,1,1,1,0,0,0,0,0,2,0,0,1,0,0,0,5,1,0,false
c:\Users\arthur.menezes_evolu\Desktop\Pes\JCSprout\src\main\java\com\crossoverjie\design\pattern\factorymethod\Fish.java,com.crossoverjie.design.pattern.factorymethod.Fish,desc/0,false,14,1,1,0,1,1,2,3,0,0,0,2,0,0,0,0,0,0,1,0,0,1,0,0,0,0,3,4,0,false
c:\Users\arthur.menezes_evolu\Desktop\Pes\JCSprout\src\main\java\com\crossoverjie\spring\SpringLifeCycle.java,com.crossoverjie.spring.SpringLifeCycle,destroy/0,false,25,0,0,0,0,1,1,3,0,0,0,1,0,0,0,0,0,0,1,0,0,0,0,0,0,0,1,1,1,false
c:\Users\arthur.menezes_evolu\Desktop\Pes\JCSprout\src\main\java\com\crossoverjie\spring\SpringLifeCycle.java,com.crossoverjie.spring.SpringLifeCycle,start/0,false,20,0,0,0,0,1,1,3,0,0,0,1,0,0,0,0,0,0,1,0,0,0,0,0,0,0,1,1,1,false
c:\Users\arthur.menezes_evolu\Desktop\Pes\JCSprout\src\test\java\com\crossoverjie\algorithm\MergeTwoSortedListsTest.java,com.crossoverjie.algorithm.MergeTwoSortedListsTest,mergeTwoLists2/0,false,52,3,3,0,3,1,3,11,0,5,0,3,0,0,0,0,0,0,0,4,8,0,0,0,0,0,11,1,0,false
c:\Users\arthur.menezes_evolu\Desktop\Pes\JCSprout\src\test\java\com\crossoverjie\algorithm\MergeTwoSortedListsTest.java,com.crossoverjie.algorithm.MergeTwoSortedListsTest,mergeTwoLists/0,false,16,3,3,0,3,1,3,29,0,15,0,3,0,0,0,0,0,0,0,14,26,0,0,0,0,0,19,1,0,false
c:\Users\arthur.menezes_evolu\Desktop\Pes\JCSprout\src\test\java\com\crossoverjie\algorithm\MergeTwoSortedListsTest.java,com.crossoverjie.algorithm.MergeTwoSortedListsTest,setUp/0,false,11,2,1,0,1,1,0,3,0,0,0,0,0,0,0,0,0,0,0,0,1,0,0,0,0,0,8,1,0,false
c:\Users\arthur.menezes_evolu\Desktop\Pes\JCSprout\src\test\java\com\crossoverjie\algorithm\MergeTwoSortedListsTest.java,com.crossoverjie.algorithm.MergeTwoSortedListsTest,mergeTwoLists3/0,false,69,3,3,0,3,1,3,18,0,9,0,3,0,0,0,0,0,0,0,8,15,0,0,0,0,0,15,1,0,false
c:\Users\arthur.menezes_evolu\Desktop\Pes\JCSprout\src\test\java\com\crossoverjie\kafka\KafkaTest.java,com.crossoverjie.kafka.KafkaTest,consumer/0,false,24,5,0,0,0,3,9,24,0,7,0,9,0,0,2,0,0,0,16,4,7,0,2,0,0,0,15,1,0,false
c:\Users\arthur.menezes_evolu\Desktop\Pes\JCSprout\src\test\java\com\crossoverjie\kafka\KafkaTest.java,com.crossoverjie.kafka.KafkaTest,threadConsumer/0,false,51,3,1,0,1,1,3,21,0,7,0,3,0,0,0,0,0,0,18,3,7,0,0,0,0,0,15,1,0,false
c:\Users\arthur.menezes_evolu\Desktop\Pes\JCSprout\src\main\java\com\crossoverjie\concurrent\ThreadState.java,com.crossoverjie.concurrent.ThreadState$Waiting,run/0,false,38,1,0,0,0,3,2,12,0,0,0,2,0,0,1,0,1,0,0,0,0,0,3,0,0,0,5,1,0,false
c:\Users\arthur.menezes_evolu\Desktop\Pes\JCSprout\src\main\java\com\crossoverjie\actual\FourThreadPrinter.java,com.crossoverjie.actual.FourThreadPrinter,main/1[java.lang.String[]],false,77,1,1,0,1,1,1,10,0,4,1,1,0,0,0,0,0,0,4,4,4,0,0,0,0,0,9,9,0,false
c:\Users\arthur.menezes_evolu\Desktop\Pes\JCSprout\src\main\java\com\crossoverjie\actual\FourThreadPrinter.java,com.crossoverjie.actual.FourThreadPrinter,updateCondition/0,false,63,0,1,1,0,5,3,14,0,0,0,3,0,0,0,0,0,0,4,4,4,0,1,0,0,0,3,2,0,false
c:\Users\arthur.menezes_evolu\Desktop\Pes\JCSprout\src\main\java\com\crossoverjie\actual\FourThreadPrinter.java,com.crossoverjie.actual.FourThreadPrinter,"FourThreadPrinter/2[java.lang.String,int]",true,41,0,1,1,0,1,0,4,0,0,2,0,0,0,0,0,0,0,0,0,1,0,0,0,0,0,6,1,0,false
c:\Users\arthur.menezes_evolu\Desktop\Pes\JCSprout\src\main\java\com\crossoverjie\actual\FourThreadPrinter.java,com.crossoverjie.actual.FourThreadPrinter,run/0,false,48,1,1,0,1,3,4,15,0,0,0,4,1,1,1,1,1,0,2,0,0,1,3,0,0,0,9,1,1,false
c:\Users\arthur.menezes_evolu\Desktop\Pes\JCSprout\src\main\java\com\crossoverjie\actual\LRUAbstractMap.java,com.crossoverjie.actual.LRUAbstractMap$CheckTimeThread,run/0,false,330,2,2,0,2,5,5,17,0,2,0,5,0,0,1,1,1,1,1,0,2,1,3,0,0,0,19,1,1,false
c:\Users\arthur.menezes_evolu\Desktop\Pes\JCSprout\src\main\java\com\crossoverjie\classloader\ChildClass.java,com.crossoverjie.classloader.ChildClass,(initializer 1),false,11,0,0,0,0,1,1,3,0,0,0,1,0,0,0,0,0,0,1,0,0,0,0,0,0,0,0,8,0,false
c:\Users\arthur.menezes_evolu\Desktop\Pes\JCSprout\src\main\java\com\crossoverjie\concurrent\CustomThreadPool.java,com.crossoverjie.concurrent.CustomThreadPool$Worker,run/0,false,198,1,3,0,3,7,7,34,0,4,0,7,0,0,1,3,2,2,0,1,8,0,5,0,0,0,22,1,0,false
c:\Users\arthur.menezes_evolu\Desktop\Pes\JCSprout\src\main\java\com\crossoverjie\concurrent\CustomThreadPool.java,com.crossoverjie.concurrent.CustomThreadPool$Worker,"Worker/2[java.lang.Runnable,boolean]",true,183,0,1,1,0,1,0,5,0,0,2,0,0,0,0,0,0,0,0,0,3,0,0,0,0,0,7,1,0,false
c:\Users\arthur.menezes_evolu\Desktop\Pes\JCSprout\src\main\java\com\crossoverjie\concurrent\CustomThreadPool.java,com.crossoverjie.concurrent.CustomThreadPool$Worker,close/0,false,193,0,1,1,0,1,1,3,0,0,0,1,0,0,0,0,0,0,0,0,0,0,0,0,0,0,1,1,0,false
c:\Users\arthur.menezes_evolu\Desktop\Pes\JCSprout\src\main\java\com\crossoverjie\concurrent\CustomThreadPool.java,com.crossoverjie.concurrent.CustomThreadPool$Worker,startTask/0,false,189,0,1,1,0,1,1,3,0,0,0,1,0,0,0,0,0,0,0,0,0,0,0,0,0,0,2,1,0,false
c:\Users\arthur.menezes_evolu\Desktop\Pes\JCSprout\src\test\java\com\crossoverjie\proxy\JDKProxyTest.java,com.crossoverjie.proxy.JDKProxyTest,test/0,false,20,5,2,0,2,1,3,5,0,2,0,3,0,0,0,0,0,0,0,0,2,0,0,0,0,0,7,1,0,false
c:\Users\arthur.menezes_evolu\Desktop\Pes\JCSprout\src\test\java\com\crossoverjie\proxy\JDKProxyTest.java,com.crossoverjie.proxy.JDKProxyTest,clazzTest/0,false,27,1,0,0,0,1,0,2,0,0,0,0,0,0,0,0,0,0,0,0,0,0,0,0,0,0,2,1,0,false
c:\Users\arthur.menezes_evolu\Desktop\Pes\JCSprout\src\main\java\com\crossoverjie\red\RedPacket.java,com.crossoverjie.red.RedPacket,"randomRedPacket/4[int,int,int,int]",false,71,1,4,2,2,7,4,26,6,3,4,4,2,1,0,5,0,2,2,2,4,7,1,0,0,0,21,2,0,false
c:\Users\arthur.menezes_evolu\Desktop\Pes\JCSprout\src\main\java\com\crossoverjie\red\RedPacket.java,com.crossoverjie.red.RedPacket,"checkMoney/2[int,int]",false,119,0,1,1,0,3,0,10,3,1,2,0,0,0,0,0,0,0,0,0,1,1,1,0,0,0,18,2,0,true
c:\Users\arthur.menezes_evolu\Desktop\Pes\JCSprout\src\main\java\com\crossoverjie\red\RedPacket.java,com.crossoverjie.red.RedPacket,"splitRedPacket/2[int,int]",false,46,1,5,4,1,4,3,15,2,4,2,3,1,2,1,0,0,2,2,1,6,5,1,0,0,0,21,1,0,false
c:\Users\arthur.menezes_evolu\Desktop\Pes\JCSprout\src\main\java\com\crossoverjie\red\RedPacket.java,com.crossoverjie.red.RedPacket,main/1[java.lang.String[]],false,133,1,2,0,2,2,3,10,0,3,1,3,1,3,1,0,0,0,0,3,4,0,1,0,0,0,8,9,0,false
c:\Users\arthur.menezes_evolu\Desktop\Pes\JCSprout\src\main\java\com\crossoverjie\guava\callback\Notifier.java,com.crossoverjie.guava.callback.Notifier,"execute/2[com.crossoverjie.guava.callback.Caller,java.lang.String]",false,19,2,3,1,2,1,4,6,0,0,2,4,0,0,0,0,0,0,3,1,0,0,0,0,0,0,5,1,2,false
c:\Users\arthur.menezes_evolu\Desktop\Pes\JCSprout\src\test\java\com\crossoverjie\algorithm\LinkLoopTest.java,com.crossoverjie.algorithm.LinkLoopTest,isLoop/0,false,13,3,3,0,3,1,2,10,0,5,0,2,0,0,0,0,0,0,3,0,7,0,0,0,0,0,9,1,0,true
c:\Users\arthur.menezes_evolu\Desktop\Pes\JCSprout\src\test\java\com\crossoverjie\algorithm\LinkLoopTest.java,com.crossoverjie.algorithm.LinkLoopTest,isLoop3/0,false,50,3,3,0,3,1,2,8,0,4,0,2,0,0,0,0,0,0,2,0,5,0,0,0,0,0,9,1,0,true
c:\Users\arthur.menezes_evolu\Desktop\Pes\JCSprout\src\test\java\com\crossoverjie\algorithm\LinkLoopTest.java,com.crossoverjie.algorithm.LinkLoopTest,isLoop2/0,false,31,3,3,0,3,1,2,11,0,5,0,2,0,0,0,0,0,0,3,0,8,0,0,0,0,0,10,1,0,true
c:\Users\arthur.menezes_evolu\Desktop\Pes\JCSprout\src\main\java\com\crossoverjie\actual\NotifyAll.java,com.crossoverjie.actual.NotifyAll,main/1[java.lang.String[]],false,13,1,0,0,0,3,8,20,0,1,1,8,0,0,1,0,1,0,1,3,1,1,4,0,0,1,7,9,0,false
c:\Users\arthur.menezes_evolu\Desktop\Pes\JCSprout\src\main\java\com\crossoverjie\actual\Search.java,com.crossoverjie.actual.Search$Anonymous1,run/0,false,54,1,3,0,3,2,1,5,0,1,0,1,0,0,1,0,0,0,1,2,1,1,1,0,0,0,4,1,0,false
c:\Users\arthur.menezes_evolu\Desktop\Pes\JCSprout\src\main\java\com\crossoverjie\actual\ThreadCommunication.java,com.crossoverjie.actual.ThreadCommunication$Anonymous2,run/0,false,53,0,3,0,3,2,3,10,0,0,0,3,0,0,0,0,1,0,2,0,0,0,1,0,0,0,4,1,2,false
c:\Users\arthur.menezes_evolu\Desktop\Pes\JCSprout\src\main\java\com\crossoverjie\actual\ThreadCommunication.java,com.crossoverjie.actual.ThreadCommunication$Anonymous3,run/0,false,67,0,3,0,3,2,4,11,0,0,0,4,0,0,0,0,1,0,2,1,0,0,1,0,0,0,4,1,2,false
c:\Users\arthur.menezes_evolu\Desktop\Pes\JCSprout\src\main\java\com\crossoverjie\algorithm\HappyNum.java,com.crossoverjie.algorithm.HappyNum,isHappy/1[int],false,38,0,3,3,0,4,2,18,2,2,1,2,0,0,2,1,0,2,0,7,5,4,2,0,0,0,7,1,0,true
c:\Users\arthur.menezes_evolu\Desktop\Pes\JCSprout\src\main\java\com\crossoverjie\algorithm\HappyNum.java,com.crossoverjie.algorithm.HappyNum,main/1[java.lang.String[]],false,58,0,0,0,0,1,1,9,0,4,1,1,0,0,0,0,0,0,0,4,4,3,0,0,0,0,6,9,0,false
c:\Users\arthur.menezes_evolu\Desktop\Pes\JCSprout\src\main\java\com\crossoverjie\actual\ThreadCommunication.java,com.crossoverjie.actual.ThreadCommunication$Anonymous1,run/0,false,39,0,3,0,3,2,3,10,0,0,0,3,0,0,0,0,1,0,2,0,0,0,1,0,0,0,4,1,2,false
c:\Users\arthur.menezes_evolu\Desktop\Pes\JCSprout\src\main\java\com\crossoverjie\concurrent\ThreadState.java,com.crossoverjie.concurrent.ThreadState,main/1[java.lang.String[]],false,14,3,3,0,3,1,1,6,0,0,1,1,0,0,0,0,0,0,4,0,0,0,0,0,0,0,6,9,0,false
c:\Users\arthur.menezes_evolu\Desktop\Pes\JCSprout\src\main\java\com\crossoverjie\concurrent\Volatile.java,com.crossoverjie.concurrent.Volatile$Anonymous1,run/0,false,37,1,3,0,3,1,1,3,0,0,0,1,0,0,0,0,0,0,0,0,0,0,0,0,0,0,1,1,0,false
c:\Users\arthur.menezes_evolu\Desktop\Pes\JCSprout\src\test\java\com\crossoverjie\concurrent\CustomThreadPoolFutureTest.java,com.crossoverjie.concurrent.CustomThreadPoolFutureTest$Worker,Worker/1[int],true,58,0,1,1,0,1,0,3,0,0,1,0,0,0,0,0,0,0,0,0,1,0,0,0,0,0,2,1,0,false
c:\Users\arthur.menezes_evolu\Desktop\Pes\JCSprout\src\test\java\com\crossoverjie\concurrent\CustomThreadPoolFutureTest.java,com.crossoverjie.concurrent.CustomThreadPoolFutureTest$Worker,call/0,false,63,0,0,0,0,2,2,10,2,0,0,2,0,0,0,0,1,0,1,3,0,1,1,0,0,0,6,1,1,false
c:\Users\arthur.menezes_evolu\Desktop\Pes\JCSprout\src\main\java\com\crossoverjie\guava\callback\Main.java,com.crossoverjie.guava.callback.Main,main/1[java.lang.String[]],false,17,3,7,0,7,1,4,13,0,2,1,4,0,0,0,0,0,0,1,0,2,0,0,1,0,0,12,9,0,false
c:\Users\arthur.menezes_evolu\Desktop\Pes\JCSprout\src\main\java\com\crossoverjie\actual\LRUMap.java,com.crossoverjie.actual.LRUMap,delTail/0,false,164,1,1,0,1,1,2,6,0,0,0,2,0,0,0,0,0,0,0,0,2,0,0,0,0,0,6,2,0,false
c:\Users\arthur.menezes_evolu\Desktop\Pes\JCSprout\src\main\java\com\crossoverjie\actual\LRUMap.java,com.crossoverjie.actual.LRUMap,"moveToHead/1[com.crossoverjie.actual.LRUMap<K,V>.Node<K,V>]",false,73,3,4,0,4,5,3,17,1,0,1,3,0,0,0,4,0,0,0,0,5,0,1,0,0,0,8,2,0,false
c:\Users\arthur.menezes_evolu\Desktop\Pes\JCSprout\src\main\java\com\crossoverjie\actual\LRUMap.java,com.crossoverjie.actual.LRUMap,"put/2[K,V]",false,56,3,1,0,1,1,2,4,0,0,2,2,0,0,0,0,0,0,0,0,0,0,0,0,0,0,5,1,0,false
c:\Users\arthur.menezes_evolu\Desktop\Pes\JCSprout\src\main\java\com\crossoverjie\actual\LRUMap.java,com.crossoverjie.actual.LRUMap,toString/0,false,209,3,2,0,2,2,5,9,1,2,0,5,0,0,1,1,0,0,2,0,3,0,1,0,0,0,7,1,0,false
c:\Users\arthur.menezes_evolu\Desktop\Pes\JCSprout\src\main\java\com\crossoverjie\actual\LRUMap.java,com.crossoverjie.actual.LRUMap,get/1[K],false,63,3,2,0,2,1,3,5,1,1,1,3,0,0,0,0,0,0,0,0,1,0,0,0,0,0,9,1,0,false
c:\Users\arthur.menezes_evolu\Desktop\Pes\JCSprout\src\main\java\com\crossoverjie\actual\LRUMap.java,com.crossoverjie.actual.LRUMap,"addHead/1[com.crossoverjie.actual.LRUMap<K,V>.Node<K,V>]",false,148,3,0,0,0,2,0,10,0,0,1,0,0,0,0,1,0,0,0,1,5,0,1,0,0,0,7,2,0,true
c:\Users\arthur.menezes_evolu\Desktop\Pes\JCSprout\src\main\java\com\crossoverjie\actual\LRUMap.java,com.crossoverjie.actual.LRUMap,LRUMap/1[int],true,37,3,8,7,1,1,0,9,0,0,1,0,0,0,0,0,0,0,0,0,7,0,0,0,0,0,9,1,0,false
c:\Users\arthur.menezes_evolu\Desktop\Pes\JCSprout\src\main\java\com\crossoverjie\actual\LRUMap.java,com.crossoverjie.actual.LRUMap,getNode/1[K],false,107,3,1,0,1,3,2,10,2,1,1,2,0,0,1,1,0,0,0,0,2,0,2,0,0,0,7,2,0,true
c:\Users\arthur.menezes_evolu\Desktop\Pes\JCSprout\src\main\java\com\crossoverjie\actual\LRUMap.java,com.crossoverjie.actual.LRUMap,"addNode/2[K,V]",false,127,3,3,0,3,2,2,7,0,1,2,2,0,0,0,1,0,0,0,0,1,0,1,0,0,0,12,2,0,true
c:\Users\arthur.menezes_evolu\Desktop\Pes\JCSprout\src\main\java\com\crossoverjie\actual\TwoThread.java,com.crossoverjie.actual.TwoThread$JiNum,run/0,false,87,0,0,0,0,3,5,15,0,0,0,5,0,0,1,0,1,0,1,1,1,1,3,0,0,0,2,1,0,false
c:\Users\arthur.menezes_evolu\Desktop\Pes\JCSprout\src\main\java\com\crossoverjie\actual\TwoThread.java,com.crossoverjie.actual.TwoThread$JiNum,JiNum/1[com.crossoverjie.actual.TwoThread],true,82,1,1,1,0,1,0,3,0,0,1,0,0,0,0,0,0,0,0,0,1,0,0,0,0,0,5,1,0,false
c:\Users\arthur.menezes_evolu\Desktop\Pes\JCSprout\src\main\java\com\crossoverjie\design\pattern\factorymethod\CatFactory.java,com.crossoverjie.design.pattern.factorymethod.CatFactory,createAnimal/0,false,12,2,1,0,1,1,0,3,1,0,0,0,0,0,0,0,0,0,0,0,0,0,0,0,0,0,3,1,0,false
c:\Users\arthur.menezes_evolu\Desktop\Pes\JCSprout\src\main\java\com\crossoverjie\design\pattern\chainofresponsibility\impl\TypoProcess.java,com.crossoverjie.design.pattern.chainofresponsibility.impl.TypoProcess,doProcess/1[java.lang.String],false,14,0,0,0,0,1,1,3,0,0,1,1,0,0,0,0,0,0,1,0,0,1,0,0,0,0,3,1,0,false
c:\Users\arthur.menezes_evolu\Desktop\Pes\JCSprout\src\main\java\com\crossoverjie\actual\Search.java,com.crossoverjie.actual.Search$Anonymous5,run/0,false,86,1,3,0,3,2,1,5,0,1,0,1,0,0,1,0,0,0,1,2,1,1,1,0,0,0,4,1,0,false
c:\Users\arthur.menezes_evolu\Desktop\Pes\JCSprout\src\main\java\com\crossoverjie\actual\ThreadCommunication.java,com.crossoverjie.actual.ThreadCommunication$Anonymous6,run/0,false,153,0,3,0,3,2,3,9,0,0,0,3,0,0,0,0,1,0,1,1,0,0,1,0,0,0,4,1,1,false
c:\Users\arthur.menezes_evolu\Desktop\Pes\JCSprout\src\main\java\com\crossoverjie\basic\HashMapTest.java,com.crossoverjie.basic.HashMapTest,main/1[java.lang.String[]],false,16,0,0,0,0,3,14,23,0,7,1,14,0,0,2,0,0,0,12,5,5,3,1,0,0,1,9,9,0,false
c:\Users\arthur.menezes_evolu\Desktop\Pes\JCSprout\src\main\java\com\crossoverjie\actual\Search.java,com.crossoverjie.actual.Search$Anonymous4,run/0,false,78,1,3,0,3,2,1,5,0,1,0,1,0,0,1,0,0,0,1,2,1,1,1,0,0,0,4,1,0,false
c:\Users\arthur.menezes_evolu\Desktop\Pes\JCSprout\src\main\java\com\crossoverjie\actual\ThreadCommunication.java,com.crossoverjie.actual.ThreadCommunication$Anonymous7,run/0,false,164,0,3,0,3,2,3,9,0,0,0,3,0,0,0,0,1,0,1,1,0,0,1,0,0,0,4,1,1,false
c:\Users\arthur.menezes_evolu\Desktop\Pes\JCSprout\src\test\java\com\crossoverjie\concurrent\MultipleThreadCountDownKitTest.java,com.crossoverjie.concurrent.MultipleThreadCountDownKitTest,main/1[java.lang.String[]],false,14,1,4,0,4,4,6,37,0,4,1,6,0,0,0,0,3,0,5,2,4,0,2,0,0,4,14,9,5,false
c:\Users\arthur.menezes_evolu\Desktop\Pes\JCSprout\src\main\java\com\crossoverjie\actual\Search.java,com.crossoverjie.actual.Search$Anonymous3,run/0,false,70,1,3,0,3,2,1,5,0,1,0,1,0,0,1,0,0,0,1,2,1,1,1,0,0,0,4,1,0,false
c:\Users\arthur.menezes_evolu\Desktop\Pes\JCSprout\src\main\java\com\crossoverjie\actual\ThreadCommunication.java,com.crossoverjie.actual.ThreadCommunication$Anonymous4,run/0,false,116,0,3,0,3,2,3,9,0,0,0,3,0,0,0,0,1,0,1,1,0,0,1,0,0,0,4,1,1,false
c:\Users\arthur.menezes_evolu\Desktop\Pes\JCSprout\src\main\java\com\crossoverjie\actual\Search.java,com.crossoverjie.actual.Search$Anonymous2,run/0,false,62,1,3,0,3,2,1,5,0,1,0,1,0,0,1,0,0,0,1,2,1,1,1,0,0,0,4,1,0,false
c:\Users\arthur.menezes_evolu\Desktop\Pes\JCSprout\src\main\java\com\crossoverjie\actual\ThreadCommunication.java,com.crossoverjie.actual.ThreadCommunication$Anonymous5,run/0,false,127,0,3,0,3,2,3,9,0,0,0,3,0,0,0,0,1,0,1,1,0,0,1,0,0,0,4,1,1,false
c:\Users\arthur.menezes_evolu\Desktop\Pes\JCSprout\src\test\java\com\crossoverjie\actual\AbstractMapTest.java,com.crossoverjie.actual.AbstractMapTest,main/1[java.lang.String[]],false,24,1,5,0,5,1,5,10,0,2,1,5,0,0,0,0,0,0,2,7,2,1,0,0,0,0,10,9,2,false
c:\Users\arthur.menezes_evolu\Desktop\Pes\JCSprout\src\test\java\com\crossoverjie\actual\AbstractMapTest.java,com.crossoverjie.actual.AbstractMapTest,test/0,false,12,2,5,0,5,1,5,9,0,2,0,5,0,0,0,0,0,0,2,6,2,1,0,0,0,0,9,1,2,false
c:\Users\arthur.menezes_evolu\Desktop\Pes\JCSprout\src\main\java\com\crossoverjie\oom\heap\MetaSpaceOOM.java,com.crossoverjie.oom.heap.MetaSpaceOOM,main/1[java.lang.String[]],false,18,3,0,0,0,2,4,14,0,1,1,4,0,0,1,0,0,0,0,0,1,0,1,1,0,0,13,9,0,false
c:\Users\arthur.menezes_evolu\Desktop\Pes\JCSprout\src\main\java\com\crossoverjie\actual\ThreadCommunication.java,com.crossoverjie.actual.ThreadCommunication$Anonymous8,run/0,false,197,0,3,0,3,4,5,19,0,1,0,5,0,0,1,0,2,0,2,3,1,1,2,0,0,0,6,1,1,false
c:\Users\arthur.menezes_evolu\Desktop\Pes\JCSprout\src\main\java\com\crossoverjie\actual\ThreadCommunication.java,com.crossoverjie.actual.ThreadCommunication$Anonymous9,run/0,false,219,0,3,0,3,3,2,11,0,1,0,2,0,0,1,1,1,1,2,2,2,0,2,0,0,0,4,1,2,false
c:\Users\arthur.menezes_evolu\Desktop\Pes\JCSprout\src\main\java\com\crossoverjie\gc\MinorGC.java,com.crossoverjie.gc.MinorGC,main/1[java.lang.String[]],false,26,1,0,0,0,1,0,6,0,2,1,0,0,0,0,0,0,0,0,2,2,2,0,0,0,0,12,9,0,true
c:\Users\arthur.menezes_evolu\Desktop\Pes\JCSprout\src\main\java\com\crossoverjie\disruptor\LongEventFactory.java,com.crossoverjie.disruptor.LongEventFactory,newInstance/0,false,14,1,1,0,1,1,0,3,1,0,0,0,0,0,0,0,0,0,0,0,0,0,0,0,0,0,4,1,0,false
c:\Users\arthur.menezes_evolu\Desktop\Pes\JCSprout\src\main\java\com\crossoverjie\algorithm\MergeTwoSortedLists.java,com.crossoverjie.algorithm.MergeTwoSortedLists$ListNode,ListNode/1[int],true,65,0,4,4,0,1,0,3,0,0,1,0,0,0,0,0,0,0,0,0,1,0,0,0,0,0,5,0,0,false
c:\Users\arthur.menezes_evolu\Desktop\Pes\JCSprout\src\main\java\com\crossoverjie\algorithm\MergeTwoSortedLists.java,com.crossoverjie.algorithm.MergeTwoSortedLists$ListNode,toString/0,false,70,0,3,3,0,1,0,3,1,0,0,0,0,0,0,0,0,0,3,0,0,2,0,0,0,0,5,1,0,false
c:\Users\arthur.menezes_evolu\Desktop\Pes\JCSprout\src\main\java\com\crossoverjie\classloader\Main.java,com.crossoverjie.classloader.Main,main/1[java.lang.String[]],false,11,0,0,0,0,1,1,3,0,0,1,1,0,0,0,0,0,0,0,0,0,0,0,0,0,0,2,9,0,false
c:\Users\arthur.menezes_evolu\Desktop\Pes\JCSprout\src\test\java\com\crossoverjie\concurrent\CustomThreadPoolExeceptionTest.java,com.crossoverjie.concurrent.CustomThreadPoolExeceptionTest$Worker,Worker/1[int],true,41,0,1,1,0,1,0,3,0,0,1,0,0,0,0,0,0,0,0,0,1,0,0,0,0,0,2,1,0,false
c:\Users\arthur.menezes_evolu\Desktop\Pes\JCSprout\src\test\java\com\crossoverjie\concurrent\CustomThreadPoolExeceptionTest.java,com.crossoverjie.concurrent.CustomThreadPoolExeceptionTest$Worker,run/0,false,46,0,0,0,0,4,2,14,0,0,0,2,0,0,1,1,1,0,2,2,0,0,3,0,0,0,8,1,1,false
c:\Users\arthur.menezes_evolu\Desktop\Pes\JCSprout\src\main\java\com\crossoverjie\actual\LRUAbstractMap.java,com.crossoverjie.actual.LRUAbstractMap$Node,toString/0,false,303,0,0,0,0,1,0,3,1,0,0,0,0,0,0,0,0,0,3,0,0,2,0,0,0,0,4,1,0,false
c:\Users\arthur.menezes_evolu\Desktop\Pes\JCSprout\src\main\java\com\crossoverjie\actual\LRUAbstractMap.java,com.crossoverjie.actual.LRUAbstractMap$Node,setUpdateTime/1[java.lang.Long],false,294,0,1,1,0,1,0,3,0,0,1,0,0,0,0,0,0,0,0,0,1,0,0,0,0,0,5,1,0,false
c:\Users\arthur.menezes_evolu\Desktop\Pes\JCSprout\src\main\java\com\crossoverjie\actual\LRUAbstractMap.java,com.crossoverjie.actual.LRUAbstractMap$Node,"Node/4[com.crossoverjie.actual.LRUAbstractMap.Node,com.crossoverjie.actual.LRUAbstractMap.Node,java.lang.Object,java.lang.Object]",true,286,1,1,1,0,1,1,7,0,0,4,1,0,0,0,0,0,0,0,0,5,0,0,0,0,0,5,1,0,false
c:\Users\arthur.menezes_evolu\Desktop\Pes\JCSprout\src\main\java\com\crossoverjie\actual\LRUAbstractMap.java,com.crossoverjie.actual.LRUAbstractMap$Node,getUpdateTime/0,false,298,0,1,1,0,1,0,3,1,0,0,0,0,0,0,0,0,0,0,0,0,0,0,0,0,0,5,1,0,false
c:\Users\arthur.menezes_evolu\Desktop\Pes\JCSprout\src\test\java\com\crossoverjie\algorithm\HappyNumTest.java,com.crossoverjie.algorithm.HappyNumTest,isHappy2/0,false,15,2,2,0,2,1,2,5,0,2,0,2,0,0,0,0,0,0,0,1,2,0,0,0,0,0,6,1,0,false
c:\Users\arthur.menezes_evolu\Desktop\Pes\JCSprout\src\test\java\com\crossoverjie\algorithm\HappyNumTest.java,com.crossoverjie.algorithm.HappyNumTest,isHappy/0,false,8,2,2,0,2,1,2,5,0,2,0,2,0,0,0,0,0,0,0,1,2,0,0,0,0,0,5,1,0,false
c:\Users\arthur.menezes_evolu\Desktop\Pes\JCSprout\src\test\java\com\crossoverjie\algorithm\HappyNumTest.java,com.crossoverjie.algorithm.HappyNumTest,isHappy3/0,false,22,2,2,0,2,1,2,5,0,2,0,2,0,0,0,0,0,0,0,1,2,0,0,0,0,0,6,1,0,false
c:\Users\arthur.menezes_evolu\Desktop\Pes\JCSprout\src\main\java\com\crossoverjie\basic\StringTest.java,com.crossoverjie.basic.StringTest,main/1[java.lang.String[]],false,14,1,0,0,0,3,5,15,0,5,1,5,0,0,0,2,0,2,9,1,7,4,0,0,0,0,12,9,0,false
c:\Users\arthur.menezes_evolu\Desktop\Pes\JCSprout\src\main\java\com\crossoverjie\algorithm\LinkedListMergeSort.java,com.crossoverjie.algorithm.LinkedListMergeSort$Node,Node/0,true,22,0,3,3,0,1,0,2,0,0,0,0,0,0,0,0,0,0,0,0,0,0,0,0,0,0,1,1,0,false
c:\Users\arthur.menezes_evolu\Desktop\Pes\JCSprout\src\main\java\com\crossoverjie\algorithm\LinkedListMergeSort.java,com.crossoverjie.algorithm.LinkedListMergeSort$Node,"Node/2[int,com.crossoverjie.algorithm.LinkedListMergeSort.Node]",true,25,1,6,6,0,1,0,4,0,0,2,0,0,0,0,0,0,0,0,0,2,0,0,0,0,0,3,1,0,false
c:\Users\arthur.menezes_evolu\Desktop\Pes\JCSprout\src\main\java\com\crossoverjie\actual\LRUMap.java,com.crossoverjie.actual.LRUMap$Node,setKey/1[K],false,194,1,0,0,0,1,0,3,0,0,1,0,0,0,0,0,0,0,0,0,1,0,0,0,0,0,4,1,0,false
c:\Users\arthur.menezes_evolu\Desktop\Pes\JCSprout\src\main\java\com\crossoverjie\actual\LRUMap.java,com.crossoverjie.actual.LRUMap$Node,getKey/0,false,190,1,0,0,0,1,0,3,1,0,0,0,0,0,0,0,0,0,0,0,0,0,0,0,0,0,4,1,0,false
c:\Users\arthur.menezes_evolu\Desktop\Pes\JCSprout\src\main\java\com\crossoverjie\actual\LRUMap.java,com.crossoverjie.actual.LRUMap$Node,setValue/1[V],false,202,1,0,0,0,1,0,3,0,0,1,0,0,0,0,0,0,0,0,0,1,0,0,0,0,0,4,1,0,false
c:\Users\arthur.menezes_evolu\Desktop\Pes\JCSprout\src\main\java\com\crossoverjie\actual\LRUMap.java,com.crossoverjie.actual.LRUMap$Node,Node/0,true,187,0,0,0,0,1,0,2,0,0,0,0,0,0,0,0,0,0,0,0,0,0,0,0,0,0,1,1,0,false
c:\Users\arthur.menezes_evolu\Desktop\Pes\JCSprout\src\main\java\com\crossoverjie\actual\LRUMap.java,com.crossoverjie.actual.LRUMap$Node,getValue/0,false,198,1,0,0,0,1,0,3,1,0,0,0,0,0,0,0,0,0,0,0,0,0,0,0,0,0,4,1,0,false
c:\Users\arthur.menezes_evolu\Desktop\Pes\JCSprout\src\main\java\com\crossoverjie\actual\LRUMap.java,com.crossoverjie.actual.LRUMap$Node,"Node/2[K,V]",true,182,2,0,0,0,1,0,4,0,0,2,0,0,0,0,0,0,0,0,0,2,0,0,0,0,0,4,1,0,false
c:\Users\arthur.menezes_evolu\Desktop\Pes\JCSprout\src\main\java\com\crossoverjie\disruptor\LongEventMain.java,com.crossoverjie.disruptor.LongEventMain$Work,"Work/2[com.crossoverjie.disruptor.LongEventProducer,long]",true,86,1,1,1,0,1,0,4,0,0,2,0,0,0,0,0,0,0,0,0,2,0,0,0,0,0,6,1,0,false
c:\Users\arthur.menezes_evolu\Desktop\Pes\JCSprout\src\main\java\com\crossoverjie\disruptor\LongEventMain.java,com.crossoverjie.disruptor.LongEventMain$Work,run/0,false,92,1,1,0,1,1,1,3,0,0,0,1,0,0,0,0,0,0,0,0,0,0,0,0,0,0,2,1,0,false
c:\Users\arthur.menezes_evolu\Desktop\Pes\JCSprout\src\main\java\com\crossoverjie\guava\CacheLoaderTest.java,com.crossoverjie.guava.CacheLoaderTest$Anonymous2,load/1[java.lang.Integer],false,39,0,0,0,0,1,0,3,1,0,1,0,0,0,0,0,0,0,0,1,0,0,0,0,0,0,6,1,0,false
c:\Users\arthur.menezes_evolu\Desktop\Pes\JCSprout\src\main\java\com\crossoverjie\spring\service\SpringLifeCycleService.java,com.crossoverjie.spring.service.SpringLifeCycleService,afterPropertiesSet/0,false,22,0,0,0,0,1,1,3,0,0,0,1,0,0,0,0,0,0,1,0,0,0,0,0,0,0,4,1,1,false
c:\Users\arthur.menezes_evolu\Desktop\Pes\JCSprout\src\main\java\com\crossoverjie\spring\service\SpringLifeCycleService.java,com.crossoverjie.spring.service.SpringLifeCycleService,destroy/0,false,27,0,0,0,0,1,1,3,0,0,0,1,0,0,0,0,0,0,1,0,0,0,0,0,0,0,2,1,1,false
c:\Users\arthur.menezes_evolu\Desktop\Pes\JCSprout\src\main\java\com\crossoverjie\guava\CacheLoaderTest.java,com.crossoverjie.guava.CacheLoaderTest$Anonymous1,"onRemoval/1[com.crossoverjie.guava.RemovalNotification<java.lang.Object,java.lang.Object>]",false,33,1,0,0,0,1,4,3,0,0,1,4,0,0,0,0,0,0,1,0,0,0,0,0,0,0,5,1,1,false
c:\Users\arthur.menezes_evolu\Desktop\Pes\JCSprout\src\test\java\com\crossoverjie\algorithm\BinaryNodeTravelTest.java,com.crossoverjie.algorithm.BinaryNodeTravelTest,levelIterator/0,false,7,2,4,0,4,2,4,9,0,2,0,4,0,0,1,1,0,0,1,0,4,1,1,0,0,0,9,1,0,false
c:\Users\arthur.menezes_evolu\Desktop\Pes\JCSprout\src\main\java\com\crossoverjie\design\pattern\chainofresponsibility\Process.java,com.crossoverjie.design.pattern.chainofresponsibility.Process,doProcess/1[java.lang.String],false,12,0,1,1,0,1,0,1,0,0,1,0,0,0,0,0,0,0,0,0,0,0,0,0,0,0,3,0,0,true
c:\Users\arthur.menezes_evolu\Desktop\Pes\JCSprout\src\main\java\com\crossoverjie\algorithm\ReverseNode.java,com.crossoverjie.algorithm.ReverseNode$Node,"Node/2[T,com.crossoverjie.algorithm.ReverseNode.Node<T>]",true,101,2,0,0,0,1,0,4,0,0,2,0,0,0,0,0,0,0,0,0,2,0,0,0,0,0,4,1,0,false
