file,class,method,constructor,line,cbo,cboModified,fanin,fanout,wmc,rfc,loc,returnsQty,variablesQty,parametersQty,methodsInvokedQty,methodsInvokedLocalQty,methodsInvokedIndirectLocalQty,loopQty,comparisonsQty,tryCatchQty,parenthesizedExpsQty,stringLiteralsQty,numbersQty,assignmentsQty,mathOperationsQty,maxNestedBlocksQty,anonymousClassesQty,innerClassesQty,lambdasQty,uniqueWordsQty,modifiers,logStatementsQty,hasJavaDoc
c:\Users\arthur.menezes_evolu\Desktop\Pes\InstaMaterial\app\src\main\java\io\github\froger\instamaterial\ui\activity\MainActivity.java,io.github.froger.instamaterial.ui.activity.MainActivity$Anonymous3,run/0,false,90,1,4,0,4,1,2,4,0,0,0,2,0,0,0,0,0,0,0,1,0,0,0,0,0,0,1,1,0,false
c:\Users\arthur.menezes_evolu\Desktop\Pes\InstaMaterial\app\src\main\java\io\github\froger\instamaterial\ui\view\SendCommentButton.java,io.github.froger.instamaterial.ui.view.SendCommentButton$OnSendClickListener,onSendClickListener/1[io.github.froger.instamaterial.ui.view.View],false,94,1,1,1,0,1,0,1,0,0,1,0,0,0,0,0,0,0,0,0,0,0,0,0,0,0,6,1,0,false
c:\Users\arthur.menezes_evolu\Desktop\Pes\InstaMaterial\app\src\main\java\io\github\froger\instamaterial\ui\activity\MainActivity.java,io.github.froger.instamaterial.ui.activity.MainActivity$Anonymous2,"onScrolled/3[io.github.froger.instamaterial.ui.activity.RecyclerView,int,int]",false,72,2,2,0,2,1,2,3,0,0,3,2,0,0,0,0,0,0,0,0,0,0,0,0,0,0,5,1,0,false
c:\Users\arthur.menezes_evolu\Desktop\Pes\InstaMaterial\app\src\main\java\io\github\froger\instamaterial\ui\adapter\UserProfileAdapter.java,io.github.froger.instamaterial.ui.adapter.UserProfileAdapter$Anonymous1,onSuccess/0,false,71,1,1,0,1,1,1,3,0,0,0,1,0,0,0,0,0,0,0,0,0,0,0,0,0,0,5,1,0,false
c:\Users\arthur.menezes_evolu\Desktop\Pes\InstaMaterial\app\src\main\java\io\github\froger\instamaterial\ui\adapter\UserProfileAdapter.java,io.github.froger.instamaterial.ui.adapter.UserProfileAdapter$Anonymous1,onError/0,false,76,0,0,0,0,1,0,2,0,0,0,0,0,0,0,0,0,0,0,0,0,0,0,0,0,0,2,1,0,false
c:\Users\arthur.menezes_evolu\Desktop\Pes\InstaMaterial\app\src\main\java\io\github\froger\instamaterial\ui\view\RevealBackgroundView.java,io.github.froger.instamaterial.ui.view.RevealBackgroundView$Anonymous1,onAnimationEnd/1[io.github.froger.instamaterial.ui.view.Animator],false,79,2,4,0,4,1,1,3,0,0,1,1,0,0,0,0,0,0,0,0,0,0,0,0,0,0,17,1,0,false
c:\Users\arthur.menezes_evolu\Desktop\Pes\InstaMaterial\app\src\main\java\io\github\froger\instamaterial\ui\activity\MainActivity.java,io.github.froger.instamaterial.ui.activity.MainActivity$Anonymous1,getExtraLayoutSpace/1[RecyclerView.State],false,61,1,0,0,0,1,0,3,1,0,1,0,0,0,0,0,0,0,0,1,0,0,0,0,0,0,5,4,0,false
c:\Users\arthur.menezes_evolu\Desktop\Pes\InstaMaterial\app\src\main\java\io\github\froger\instamaterial\InstaMaterialApplication.java,io.github.froger.instamaterial.InstaMaterialApplication,onCreate/0,false,12,1,0,0,0,1,2,4,0,0,0,2,0,0,0,0,0,0,0,0,0,0,0,0,0,0,2,1,0,false
c:\Users\arthur.menezes_evolu\Desktop\Pes\InstaMaterial\app\src\main\java\io\github\froger\instamaterial\ui\activity\TakePhotoActivity.java,io.github.froger.instamaterial.ui.activity.TakePhotoActivity$Anonymous5,run/0,false,278,0,4,0,4,1,1,3,0,0,0,1,0,0,0,0,0,0,0,0,0,0,0,0,0,0,1,1,0,false
c:\Users\arthur.menezes_evolu\Desktop\Pes\InstaMaterial\app\src\main\java\io\github\froger\instamaterial\ui\adapter\FeedAdapter.java,io.github.froger.instamaterial.ui.adapter.FeedAdapter$OnFeedItemClickListener,"onMoreClick/2[io.github.froger.instamaterial.ui.adapter.View,int]",false,241,1,1,1,0,1,0,1,0,0,2,0,0,0,0,0,0,0,0,0,0,0,0,0,0,0,5,0,0,false
c:\Users\arthur.menezes_evolu\Desktop\Pes\InstaMaterial\app\src\main\java\io\github\froger\instamaterial\ui\adapter\FeedAdapter.java,io.github.froger.instamaterial.ui.adapter.FeedAdapter$OnFeedItemClickListener,onProfileClick/1[io.github.froger.instamaterial.ui.adapter.View],false,243,1,1,1,0,1,0,1,0,0,1,0,0,0,0,0,0,0,0,0,0,0,0,0,0,0,5,0,0,false
c:\Users\arthur.menezes_evolu\Desktop\Pes\InstaMaterial\app\src\main\java\io\github\froger\instamaterial\ui\adapter\FeedAdapter.java,io.github.froger.instamaterial.ui.adapter.FeedAdapter$OnFeedItemClickListener,"onCommentsClick/2[io.github.froger.instamaterial.ui.adapter.View,int]",false,239,1,1,1,0,1,0,1,0,0,2,0,0,0,0,0,0,0,0,0,0,0,0,0,0,0,5,0,0,false
c:\Users\arthur.menezes_evolu\Desktop\Pes\InstaMaterial\app\src\main\java\io\github\froger\instamaterial\ui\activity\TakePhotoActivity.java,io.github.froger.instamaterial.ui.activity.TakePhotoActivity$Anonymous1,onPreDraw/0,false,96,0,6,0,6,1,4,7,1,0,0,4,0,0,0,0,0,0,0,0,1,0,0,0,0,0,6,1,0,false
c:\Users\arthur.menezes_evolu\Desktop\Pes\InstaMaterial\app\src\main\java\io\github\froger\instamaterial\ui\activity\TakePhotoActivity.java,io.github.froger.instamaterial.ui.activity.TakePhotoActivity$Anonymous2,onPreDraw/0,false,120,1,6,0,6,1,3,5,1,0,0,3,0,0,0,0,0,0,0,0,0,0,0,0,0,0,6,1,0,false
c:\Users\arthur.menezes_evolu\Desktop\Pes\InstaMaterial\app\src\main\java\io\github\froger\instamaterial\ui\activity\MainActivity.java,io.github.froger.instamaterial.ui.activity.MainActivity$Anonymous4,onAnimationEnd/1[io.github.froger.instamaterial.ui.activity.Animator],false,129,2,4,0,4,1,1,3,0,0,1,1,0,0,0,0,0,0,0,0,0,0,0,0,0,0,7,1,0,false
c:\Users\arthur.menezes_evolu\Desktop\Pes\InstaMaterial\app\src\main\java\io\github\froger\instamaterial\ui\activity\TakePhotoActivity.java,io.github.froger.instamaterial.ui.activity.TakePhotoActivity$Anonymous3,onAnimationEnd/1[io.github.froger.instamaterial.ui.activity.Animator],false,179,1,4,0,4,1,1,3,0,0,1,1,0,0,0,0,0,0,0,0,0,0,0,0,0,0,5,1,0,false
c:\Users\arthur.menezes_evolu\Desktop\Pes\InstaMaterial\app\src\main\java\io\github\froger\instamaterial\Utils.java,io.github.froger.instamaterial.Utils,dpToPx/1[int],false,17,0,3,3,0,1,2,3,1,0,1,2,0,0,0,0,0,1,0,0,0,1,0,0,0,0,3,9,0,false
c:\Users\arthur.menezes_evolu\Desktop\Pes\InstaMaterial\app\src\main\java\io\github\froger\instamaterial\Utils.java,io.github.froger.instamaterial.Utils,getScreenHeight/1[io.github.froger.instamaterial.Context],false,21,4,2,2,0,2,3,10,1,3,1,3,0,0,0,1,0,0,0,1,4,0,1,0,0,0,13,9,0,false
c:\Users\arthur.menezes_evolu\Desktop\Pes\InstaMaterial\app\src\main\java\io\github\froger\instamaterial\Utils.java,io.github.froger.instamaterial.Utils,isAndroid5/0,false,45,0,2,2,0,2,0,3,1,0,0,0,0,0,0,0,0,0,0,0,0,0,0,0,0,0,2,9,0,false
c:\Users\arthur.menezes_evolu\Desktop\Pes\InstaMaterial\app\src\main\java\io\github\froger\instamaterial\Utils.java,io.github.froger.instamaterial.Utils,getScreenWidth/1[io.github.froger.instamaterial.Context],false,33,4,1,1,0,2,3,10,1,3,1,3,0,0,0,1,0,0,0,1,4,0,1,0,0,0,13,9,0,false
c:\Users\arthur.menezes_evolu\Desktop\Pes\InstaMaterial\app\src\main\java\io\github\froger\instamaterial\ui\activity\CommentsActivity.java,io.github.froger.instamaterial.ui.activity.CommentsActivity$Anonymous1,onPreDraw/0,false,55,1,6,0,6,1,3,5,1,0,0,3,0,0,0,0,0,0,0,0,0,0,0,0,0,0,7,1,0,false
c:\Users\arthur.menezes_evolu\Desktop\Pes\InstaMaterial\app\src\main\java\io\github\froger\instamaterial\ui\activity\UserProfileActivity.java,io.github.froger.instamaterial.ui.activity.UserProfileActivity,"startUserProfileFromLocation/2[int[],io.github.froger.instamaterial.ui.activity.Activity]",false,56,4,2,2,0,1,2,5,0,1,2,2,0,0,0,0,0,0,0,0,1,0,0,0,0,0,9,9,0,false
c:\Users\arthur.menezes_evolu\Desktop\Pes\InstaMaterial\app\src\main\java\io\github\froger\instamaterial\ui\activity\UserProfileActivity.java,io.github.froger.instamaterial.ui.activity.UserProfileActivity,setupUserProfileGrid/0,false,90,2,1,1,0,1,2,10,0,1,0,2,0,0,0,0,0,0,0,1,1,0,0,1,0,0,16,2,0,false
c:\Users\arthur.menezes_evolu\Desktop\Pes\InstaMaterial\app\src\main\java\io\github\froger\instamaterial\ui\activity\UserProfileActivity.java,io.github.froger.instamaterial.ui.activity.UserProfileActivity,animateUserProfileOptions/0,false,136,0,1,1,0,1,7,4,0,0,0,7,0,0,0,0,0,0,0,2,0,0,0,0,0,0,19,2,0,false
c:\Users\arthur.menezes_evolu\Desktop\Pes\InstaMaterial\app\src\main\java\io\github\froger\instamaterial\ui\activity\UserProfileActivity.java,io.github.froger.instamaterial.ui.activity.UserProfileActivity,onStateChange/1[int],false,120,2,3,0,3,2,4,16,0,0,1,4,2,1,0,1,0,0,0,0,1,0,1,0,0,0,12,1,0,false
c:\Users\arthur.menezes_evolu\Desktop\Pes\InstaMaterial\app\src\main\java\io\github\froger\instamaterial\ui\activity\UserProfileActivity.java,io.github.froger.instamaterial.ui.activity.UserProfileActivity,setupTabs/0,false,83,0,1,1,0,1,3,6,0,0,0,3,0,0,0,0,0,0,0,0,0,0,0,0,0,0,2,2,0,false
c:\Users\arthur.menezes_evolu\Desktop\Pes\InstaMaterial\app\src\main\java\io\github\froger\instamaterial\ui\activity\UserProfileActivity.java,io.github.froger.instamaterial.ui.activity.UserProfileActivity,animateUserProfileHeader/0,false,141,0,1,1,0,1,10,10,0,0,0,10,0,0,0,0,0,0,0,12,0,0,0,0,0,0,13,2,0,false
c:\Users\arthur.menezes_evolu\Desktop\Pes\InstaMaterial\app\src\main\java\io\github\froger\instamaterial\ui\activity\UserProfileActivity.java,io.github.froger.instamaterial.ui.activity.UserProfileActivity,onCreate/1[io.github.froger.instamaterial.ui.activity.Bundle],false,63,4,5,0,5,1,15,10,0,0,1,15,3,1,0,0,0,0,0,0,2,0,0,0,0,0,24,4,0,false
c:\Users\arthur.menezes_evolu\Desktop\Pes\InstaMaterial\app\src\main\java\io\github\froger\instamaterial\ui\activity\UserProfileActivity.java,io.github.froger.instamaterial.ui.activity.UserProfileActivity,setupRevealBackground/1[io.github.froger.instamaterial.ui.activity.Bundle],false,101,5,4,1,3,2,7,18,0,1,1,7,0,0,0,1,0,0,0,0,1,0,1,1,0,0,29,2,0,false
c:\Users\arthur.menezes_evolu\Desktop\Pes\InstaMaterial\app\src\main\java\io\github\froger\instamaterial\ui\activity\BaseActivity.java,io.github.froger.instamaterial.ui.activity.BaseActivity,setupToolbar/0,false,44,0,1,1,0,2,2,6,0,0,0,2,0,0,0,1,0,0,0,0,0,0,1,0,0,0,8,4,0,false
c:\Users\arthur.menezes_evolu\Desktop\Pes\InstaMaterial\app\src\main\java\io\github\froger\instamaterial\ui\activity\BaseActivity.java,io.github.froger.instamaterial.ui.activity.BaseActivity,getInboxMenuItem/0,false,63,1,1,1,0,1,0,3,1,0,0,0,0,0,0,0,0,0,0,0,0,0,0,0,0,0,5,1,0,false
c:\Users\arthur.menezes_evolu\Desktop\Pes\InstaMaterial\app\src\main\java\io\github\froger\instamaterial\ui\activity\BaseActivity.java,io.github.froger.instamaterial.ui.activity.BaseActivity,bindViews/0,false,35,1,3,2,1,1,2,4,0,0,0,2,1,1,0,0,0,0,0,0,0,0,0,0,0,0,4,4,0,false
c:\Users\arthur.menezes_evolu\Desktop\Pes\InstaMaterial\app\src\main\java\io\github\froger\instamaterial\ui\activity\BaseActivity.java,io.github.froger.instamaterial.ui.activity.BaseActivity,onCreateOptionsMenu/1[io.github.froger.instamaterial.ui.activity.Menu],false,52,1,0,0,0,1,4,6,1,0,1,4,0,0,0,0,0,0,0,0,1,0,0,0,0,0,10,1,0,false
c:\Users\arthur.menezes_evolu\Desktop\Pes\InstaMaterial\app\src\main\java\io\github\froger\instamaterial\ui\activity\BaseActivity.java,io.github.froger.instamaterial.ui.activity.BaseActivity,setContentViewWithoutInject/1[int],false,40,0,0,0,0,1,1,3,0,0,1,1,0,0,0,0,0,0,0,0,0,0,0,0,0,0,8,1,0,false
c:\Users\arthur.menezes_evolu\Desktop\Pes\InstaMaterial\app\src\main\java\io\github\froger\instamaterial\ui\activity\BaseActivity.java,io.github.froger.instamaterial.ui.activity.BaseActivity,setContentView/1[int],false,30,1,3,2,1,1,2,4,0,0,1,2,1,2,0,0,0,0,0,0,0,0,0,0,0,0,9,1,0,false
c:\Users\arthur.menezes_evolu\Desktop\Pes\InstaMaterial\app\src\main\java\io\github\froger\instamaterial\ui\activity\BaseActivity.java,io.github.froger.instamaterial.ui.activity.BaseActivity,getToolbar/0,false,59,1,5,5,0,1,0,3,1,0,0,0,0,0,0,0,0,0,0,0,0,0,0,0,0,0,3,1,0,false
c:\Users\arthur.menezes_evolu\Desktop\Pes\InstaMaterial\app\src\main\java\io\github\froger\instamaterial\ui\activity\BaseActivity.java,io.github.froger.instamaterial.ui.activity.BaseActivity,getIvLogo/0,false,67,1,1,1,0,1,0,3,1,0,0,0,0,0,0,0,0,0,0,0,0,0,0,0,0,0,6,1,0,false
c:\Users\arthur.menezes_evolu\Desktop\Pes\InstaMaterial\app\src\main\java\io\github\froger\instamaterial\ui\activity\CommentsActivity.java,io.github.froger.instamaterial.ui.activity.CommentsActivity$Anonymous2,"onScrollStateChanged/2[io.github.froger.instamaterial.ui.activity.RecyclerView,int]",false,74,2,2,0,2,2,1,5,0,0,2,1,0,0,0,1,0,0,0,0,0,0,1,0,0,0,8,1,0,false
c:\Users\arthur.menezes_evolu\Desktop\Pes\InstaMaterial\app\src\main\java\io\github\froger\instamaterial\ui\view\LoadingFeedItemView.java,io.github.froger.instamaterial.ui.view.LoadingFeedItemView$Anonymous2,onLoadingFinished/0,false,67,1,0,0,0,1,8,15,0,0,0,8,0,0,0,0,0,0,0,7,0,0,0,1,0,0,10,1,0,false
c:\Users\arthur.menezes_evolu\Desktop\Pes\InstaMaterial\app\src\main\java\io\github\froger\instamaterial\ui\activity\CommentsActivity.java,io.github.froger.instamaterial.ui.activity.CommentsActivity$Anonymous3,onAnimationEnd/1[io.github.froger.instamaterial.ui.activity.Animator],false,98,4,4,0,4,1,4,4,0,0,1,4,0,0,0,0,0,0,0,1,0,0,0,0,0,0,9,1,0,false
c:\Users\arthur.menezes_evolu\Desktop\Pes\InstaMaterial\app\src\main\java\io\github\froger\instamaterial\ui\view\LoadingFeedItemView.java,io.github.froger.instamaterial.ui.view.LoadingFeedItemView$Anonymous1,onPreDraw/0,false,59,1,6,0,6,1,3,5,1,0,0,3,0,0,0,0,0,0,0,0,0,0,0,0,0,0,4,1,0,false
c:\Users\arthur.menezes_evolu\Desktop\Pes\InstaMaterial\app\src\main\java\io\github\froger\instamaterial\ui\activity\CommentsActivity.java,io.github.froger.instamaterial.ui.activity.CommentsActivity$Anonymous4,onAnimationEnd/1[io.github.froger.instamaterial.ui.activity.Animator],false,122,1,4,0,4,1,2,4,0,0,1,2,0,0,0,0,0,0,0,2,0,0,0,0,0,0,8,1,0,false
c:\Users\arthur.menezes_evolu\Desktop\Pes\InstaMaterial\app\src\main\java\io\github\froger\instamaterial\ui\view\SquaredImageView.java,io.github.froger.instamaterial.ui.view.SquaredImageView,"SquaredImageView/3[io.github.froger.instamaterial.ui.view.Context,io.github.froger.instamaterial.ui.view.AttributeSet,int]",true,21,2,0,0,0,1,0,3,0,0,3,0,0,0,0,0,0,0,0,0,0,0,0,0,0,0,7,1,0,false
c:\Users\arthur.menezes_evolu\Desktop\Pes\InstaMaterial\app\src\main\java\io\github\froger\instamaterial\ui\view\SquaredImageView.java,io.github.froger.instamaterial.ui.view.SquaredImageView,"SquaredImageView/2[io.github.froger.instamaterial.ui.view.Context,io.github.froger.instamaterial.ui.view.AttributeSet]",true,17,2,0,0,0,1,0,3,0,0,2,0,0,0,0,0,0,0,0,0,0,0,0,0,0,0,5,1,0,false
c:\Users\arthur.menezes_evolu\Desktop\Pes\InstaMaterial\app\src\main\java\io\github\froger\instamaterial\ui\view\SquaredImageView.java,io.github.froger.instamaterial.ui.view.SquaredImageView,"onMeasure/2[int,int]",false,31,0,0,0,0,1,3,5,0,1,2,3,0,0,0,0,0,0,0,0,1,0,0,0,0,0,10,4,0,false
c:\Users\arthur.menezes_evolu\Desktop\Pes\InstaMaterial\app\src\main\java\io\github\froger\instamaterial\ui\view\SquaredImageView.java,io.github.froger.instamaterial.ui.view.SquaredImageView,"SquaredImageView/4[io.github.froger.instamaterial.ui.view.Context,io.github.froger.instamaterial.ui.view.AttributeSet,int,int]",true,26,3,0,0,0,1,0,3,0,0,4,0,0,0,0,0,0,0,0,0,0,0,0,0,0,0,7,1,0,false
c:\Users\arthur.menezes_evolu\Desktop\Pes\InstaMaterial\app\src\main\java\io\github\froger\instamaterial\ui\view\SquaredImageView.java,io.github.froger.instamaterial.ui.view.SquaredImageView,SquaredImageView/1[io.github.froger.instamaterial.ui.view.Context],true,13,1,0,0,0,1,0,3,0,0,1,0,0,0,0,0,0,0,0,0,0,0,0,0,0,0,5,1,0,false
c:\Users\arthur.menezes_evolu\Desktop\Pes\InstaMaterial\app\src\main\java\io\github\froger\instamaterial\ui\adapter\PhotoFiltersAdapter.java,io.github.froger.instamaterial.ui.adapter.PhotoFiltersAdapter$PhotoFilterViewHolder,PhotoFilterViewHolder/1[io.github.froger.instamaterial.ui.adapter.View],true,41,1,1,1,0,1,1,4,0,0,1,1,0,0,0,0,0,0,0,0,0,0,0,0,0,0,5,1,0,false
c:\Users\arthur.menezes_evolu\Desktop\Pes\InstaMaterial\app\src\main\java\io\github\froger\instamaterial\ui\view\LoadingFeedItemView.java,io.github.froger.instamaterial.ui.view.LoadingFeedItemView$Anonymous2$Anonymous3,onAnimationEnd/1[io.github.froger.instamaterial.ui.view.Animator],false,72,2,4,0,4,2,4,9,0,0,1,4,0,0,0,1,0,0,0,3,1,0,1,0,0,0,9,1,0,false
c:\Users\arthur.menezes_evolu\Desktop\Pes\InstaMaterial\app\src\main\java\io\github\froger\instamaterial\ui\adapter\CommentsAdapter.java,io.github.froger.instamaterial.ui.adapter.CommentsAdapter$CommentViewHolder,CommentViewHolder/1[io.github.froger.instamaterial.ui.adapter.View],true,120,1,1,1,0,1,1,4,0,0,1,1,0,0,0,0,0,0,0,0,0,0,0,0,0,0,4,1,0,false
c:\Users\arthur.menezes_evolu\Desktop\Pes\InstaMaterial\app\src\main\java\io\github\froger\instamaterial\ui\adapter\FeedAdapter.java,io.github.froger.instamaterial.ui.adapter.FeedAdapter$CellFeedViewHolder,CellFeedViewHolder/1[io.github.froger.instamaterial.ui.adapter.View],true,192,1,1,1,0,1,1,4,0,0,1,1,0,0,0,0,0,0,0,0,0,0,0,0,0,0,5,1,0,false
c:\Users\arthur.menezes_evolu\Desktop\Pes\InstaMaterial\app\src\main\java\io\github\froger\instamaterial\ui\adapter\FeedAdapter.java,io.github.froger.instamaterial.ui.adapter.FeedAdapter$CellFeedViewHolder,getFeedItem/0,false,208,1,1,1,0,1,0,3,1,0,0,0,0,0,0,0,0,0,0,0,0,0,0,0,0,0,4,1,0,false
c:\Users\arthur.menezes_evolu\Desktop\Pes\InstaMaterial\app\src\main\java\io\github\froger\instamaterial\ui\adapter\FeedAdapter.java,io.github.froger.instamaterial.ui.adapter.FeedAdapter$CellFeedViewHolder,bindView/1[io.github.froger.instamaterial.ui.adapter.FeedAdapter.FeedItem],false,197,1,1,1,0,4,5,8,0,1,1,5,0,0,0,2,0,0,0,4,2,2,0,0,0,0,9,1,0,false
c:\Users\arthur.menezes_evolu\Desktop\Pes\InstaMaterial\app\src\main\java\io\github\froger\instamaterial\ui\activity\CommentsActivity.java,io.github.froger.instamaterial.ui.activity.CommentsActivity,startIntroAnimation/0,false,86,3,2,1,1,1,11,13,0,0,0,11,0,0,0,0,0,0,0,5,0,0,0,1,0,0,18,2,0,false
c:\Users\arthur.menezes_evolu\Desktop\Pes\InstaMaterial\app\src\main\java\io\github\froger\instamaterial\ui\activity\CommentsActivity.java,io.github.froger.instamaterial.ui.activity.CommentsActivity,setupComments/0,false,64,3,2,1,1,1,5,16,0,1,0,5,0,0,0,0,0,0,0,0,2,0,0,1,0,0,16,2,0,false
c:\Users\arthur.menezes_evolu\Desktop\Pes\InstaMaterial\app\src\main\java\io\github\froger\instamaterial\ui\activity\CommentsActivity.java,io.github.froger.instamaterial.ui.activity.CommentsActivity,validateComment/0,false,143,0,1,1,0,2,4,7,2,0,0,4,0,0,0,0,0,0,0,0,0,0,1,0,0,0,4,2,0,false
c:\Users\arthur.menezes_evolu\Desktop\Pes\InstaMaterial\app\src\main\java\io\github\froger\instamaterial\ui\activity\CommentsActivity.java,io.github.froger.instamaterial.ui.activity.CommentsActivity,onBackPressed/0,false,115,3,2,0,2,1,8,10,0,0,0,8,0,0,0,0,0,0,0,2,0,0,0,1,0,0,14,1,0,false
c:\Users\arthur.menezes_evolu\Desktop\Pes\InstaMaterial\app\src\main\java\io\github\froger\instamaterial\ui\activity\CommentsActivity.java,io.github.froger.instamaterial.ui.activity.CommentsActivity,onCreate/1[io.github.froger.instamaterial.ui.activity.Bundle],false,45,4,3,0,3,2,8,17,0,0,1,8,2,1,0,1,0,0,0,1,1,0,1,1,0,0,26,4,0,false
c:\Users\arthur.menezes_evolu\Desktop\Pes\InstaMaterial\app\src\main\java\io\github\froger\instamaterial\ui\activity\CommentsActivity.java,io.github.froger.instamaterial.ui.activity.CommentsActivity,setupSendCommentButton/0,false,82,1,2,1,1,1,1,3,0,0,0,1,0,0,0,0,0,0,0,0,0,0,0,0,0,0,4,2,0,false
c:\Users\arthur.menezes_evolu\Desktop\Pes\InstaMaterial\app\src\main\java\io\github\froger\instamaterial\ui\activity\CommentsActivity.java,io.github.froger.instamaterial.ui.activity.CommentsActivity,onSendClickListener/1[io.github.froger.instamaterial.ui.activity.View],false,131,4,6,0,6,2,10,10,0,0,1,10,1,1,0,0,0,0,0,2,0,1,1,0,0,0,10,1,0,false
c:\Users\arthur.menezes_evolu\Desktop\Pes\InstaMaterial\app\src\main\java\io\github\froger\instamaterial\ui\activity\CommentsActivity.java,io.github.froger.instamaterial.ui.activity.CommentsActivity,animateContent/0,false,106,2,2,1,1,1,6,4,0,0,0,6,0,0,0,0,0,0,0,2,0,0,0,0,0,0,4,2,0,false
c:\Users\arthur.menezes_evolu\Desktop\Pes\InstaMaterial\app\src\main\java\io\github\froger\instamaterial\ui\activity\BaseDrawerActivity.java,io.github.froger.instamaterial.ui.activity.BaseDrawerActivity,setContentView/1[int],false,39,3,5,3,2,1,6,7,0,1,1,6,1,1,0,0,0,0,0,0,1,0,0,0,0,0,16,1,0,false
c:\Users\arthur.menezes_evolu\Desktop\Pes\InstaMaterial\app\src\main\java\io\github\froger\instamaterial\ui\activity\BaseDrawerActivity.java,io.github.froger.instamaterial.ui.activity.BaseDrawerActivity,setupHeader/0,false,60,3,2,1,1,1,10,11,0,1,0,10,0,0,0,0,0,0,0,1,2,0,0,1,0,0,17,2,0,false
c:\Users\arthur.menezes_evolu\Desktop\Pes\InstaMaterial\app\src\main\java\io\github\froger\instamaterial\ui\activity\BaseDrawerActivity.java,io.github.froger.instamaterial.ui.activity.BaseDrawerActivity,onGlobalMenuHeaderClick/1[io.github.froger.instamaterial.ui.activity.View],false,79,2,2,1,1,1,2,13,0,0,1,2,0,0,0,0,0,0,0,1,0,0,0,1,0,0,15,1,0,false
c:\Users\arthur.menezes_evolu\Desktop\Pes\InstaMaterial\app\src\main\java\io\github\froger\instamaterial\ui\activity\BaseDrawerActivity.java,io.github.froger.instamaterial.ui.activity.BaseDrawerActivity,setupToolbar/0,false,48,2,1,0,1,2,3,11,0,0,0,3,0,0,0,1,0,0,0,0,0,0,1,1,0,0,8,4,0,false
c:\Users\arthur.menezes_evolu\Desktop\Pes\InstaMaterial\app\src\main\java\io\github\froger\instamaterial\ui\activity\TakePhotoActivity.java,io.github.froger.instamaterial.ui.activity.TakePhotoActivity$MyCameraHost,adjustPreviewParameters/1[Camera.Parameters],false,227,2,0,0,0,1,2,5,1,1,1,2,0,0,0,0,0,0,0,0,2,0,0,0,0,0,7,1,0,false
c:\Users\arthur.menezes_evolu\Desktop\Pes\InstaMaterial\app\src\main\java\io\github\froger\instamaterial\ui\activity\TakePhotoActivity.java,io.github.froger.instamaterial.ui.activity.TakePhotoActivity$MyCameraHost,"getPictureSize/2[io.github.froger.instamaterial.ui.activity.PictureTransaction,Camera.Parameters]",false,222,3,0,0,0,1,0,3,1,0,2,0,0,0,0,0,0,0,0,0,0,0,0,0,0,0,6,1,0,false
c:\Users\arthur.menezes_evolu\Desktop\Pes\InstaMaterial\app\src\main\java\io\github\froger\instamaterial\ui\activity\TakePhotoActivity.java,io.github.froger.instamaterial.ui.activity.TakePhotoActivity$MyCameraHost,MyCameraHost/1[io.github.froger.instamaterial.ui.activity.Context],true,212,1,1,1,0,1,0,3,0,0,1,0,0,0,0,0,0,0,0,0,0,0,0,0,0,0,5,1,0,false
c:\Users\arthur.menezes_evolu\Desktop\Pes\InstaMaterial\app\src\main\java\io\github\froger\instamaterial\ui\activity\TakePhotoActivity.java,io.github.froger.instamaterial.ui.activity.TakePhotoActivity$MyCameraHost,"saveImage/2[io.github.froger.instamaterial.ui.activity.PictureTransaction,byte[]]",false,244,2,0,0,0,1,2,4,0,0,2,2,0,0,0,0,0,0,0,0,1,0,0,0,0,0,9,1,0,false
c:\Users\arthur.menezes_evolu\Desktop\Pes\InstaMaterial\app\src\main\java\io\github\froger\instamaterial\ui\activity\TakePhotoActivity.java,io.github.froger.instamaterial.ui.activity.TakePhotoActivity$MyCameraHost,"saveImage/2[io.github.froger.instamaterial.ui.activity.PictureTransaction,io.github.froger.instamaterial.ui.activity.Bitmap]",false,234,2,1,0,1,1,1,8,0,0,2,1,0,0,0,0,0,0,0,0,0,0,0,1,0,0,13,1,0,false
c:\Users\arthur.menezes_evolu\Desktop\Pes\InstaMaterial\app\src\main\java\io\github\froger\instamaterial\ui\activity\TakePhotoActivity.java,io.github.froger.instamaterial.ui.activity.TakePhotoActivity$MyCameraHost,useFullBleedPreview/0,false,217,0,0,0,0,1,0,3,1,0,0,0,0,0,0,0,0,0,0,0,0,0,0,0,0,0,5,1,0,false
c:\Users\arthur.menezes_evolu\Desktop\Pes\InstaMaterial\app\src\main\java\io\github\froger\instamaterial\ui\activity\UserProfileActivity.java,io.github.froger.instamaterial.ui.activity.UserProfileActivity$Anonymous1,"onScrollStateChanged/2[io.github.froger.instamaterial.ui.activity.RecyclerView,int]",false,95,2,2,0,2,1,1,3,0,0,2,1,0,0,0,0,0,0,0,0,0,0,0,0,0,0,8,1,0,false
c:\Users\arthur.menezes_evolu\Desktop\Pes\InstaMaterial\app\src\main\java\io\github\froger\instamaterial\ui\activity\UserProfileActivity.java,io.github.froger.instamaterial.ui.activity.UserProfileActivity$Anonymous2,onPreDraw/0,false,107,1,6,0,6,1,3,5,1,0,0,3,0,0,0,0,0,0,0,0,0,0,0,0,0,0,6,1,0,false
c:\Users\arthur.menezes_evolu\Desktop\Pes\InstaMaterial\app\src\main\java\io\github\froger\instamaterial\ui\view\SendCommentButton.java,io.github.froger.instamaterial.ui.view.SendCommentButton$Anonymous1,run/0,false,26,1,4,0,4,1,1,3,0,0,0,1,0,0,0,0,0,0,0,0,0,0,0,0,0,0,11,1,0,false
c:\Users\arthur.menezes_evolu\Desktop\Pes\InstaMaterial\app\src\main\java\io\github\froger\instamaterial\ui\view\SendingProgressView.java,io.github.froger.instamaterial.ui.view.SendingProgressView$Anonymous2,onAnimationEnd/1[io.github.froger.instamaterial.ui.view.Animator],false,133,2,4,0,4,1,1,3,0,0,1,1,0,0,0,0,0,0,0,0,0,0,0,0,0,0,17,1,0,false
c:\Users\arthur.menezes_evolu\Desktop\Pes\InstaMaterial\app\src\main\java\io\github\froger\instamaterial\ui\view\SendingProgressView.java,io.github.froger.instamaterial.ui.view.SendingProgressView$Anonymous1,onAnimationEnd/1[io.github.froger.instamaterial.ui.view.Animator],false,107,2,4,0,4,1,1,3,0,0,1,1,0,0,0,0,0,0,0,0,0,0,0,0,0,0,16,1,0,false
c:\Users\arthur.menezes_evolu\Desktop\Pes\InstaMaterial\app\src\main\java\io\github\froger\instamaterial\ui\view\RevealBackgroundView.java,io.github.froger.instamaterial.ui.view.RevealBackgroundView$OnStateChangeListener,onStateChange/1[int],false,121,0,1,1,0,1,0,1,0,0,1,0,0,0,0,0,0,0,0,0,0,0,0,0,0,0,4,0,0,false
c:\Users\arthur.menezes_evolu\Desktop\Pes\InstaMaterial\app\src\main\java\io\github\froger\instamaterial\ui\view\FeedContextMenuManager.java,io.github.froger.instamaterial.ui.view.FeedContextMenuManager$Anonymous1,onPreDraw/0,false,57,1,6,0,6,1,4,6,1,0,0,4,0,0,0,0,0,0,0,0,0,0,0,0,0,0,14,1,0,false
c:\Users\arthur.menezes_evolu\Desktop\Pes\InstaMaterial\app\src\main\java\io\github\froger\instamaterial\ui\view\FeedContextMenuManager.java,io.github.froger.instamaterial.ui.view.FeedContextMenuManager$Anonymous2,onAnimationEnd/1[io.github.froger.instamaterial.ui.view.Animator],false,86,1,4,0,4,1,0,3,0,0,1,0,0,0,0,0,0,0,0,0,1,0,0,0,0,0,10,1,0,false
c:\Users\arthur.menezes_evolu\Desktop\Pes\InstaMaterial\app\src\main\java\io\github\froger\instamaterial\ui\adapter\FeedAdapter.java,io.github.froger.instamaterial.ui.adapter.FeedAdapter,"setupClickableViews/2[io.github.froger.instamaterial.ui.adapter.View,io.github.froger.instamaterial.ui.adapter.FeedAdapter.CellFeedViewHolder]",false,64,2,1,1,0,1,1,42,0,0,2,1,0,0,0,0,0,0,0,0,0,0,0,5,0,0,20,2,0,false
c:\Users\arthur.menezes_evolu\Desktop\Pes\InstaMaterial\app\src\main\java\io\github\froger\instamaterial\ui\adapter\FeedAdapter.java,io.github.froger.instamaterial.ui.adapter.FeedAdapter,updateItems/1[boolean],false,141,1,3,2,1,2,6,10,0,0,1,6,0,0,0,0,0,0,0,8,0,0,1,0,0,0,11,1,0,false
c:\Users\arthur.menezes_evolu\Desktop\Pes\InstaMaterial\app\src\main\java\io\github\froger\instamaterial\ui\adapter\FeedAdapter.java,io.github.froger.instamaterial.ui.adapter.FeedAdapter,"onCreateViewHolder/2[io.github.froger.instamaterial.ui.adapter.ViewGroup,int]",false,46,8,4,0,4,3,4,14,3,3,2,4,1,1,0,2,0,0,0,0,3,0,1,0,0,0,32,1,0,false
c:\Users\arthur.menezes_evolu\Desktop\Pes\InstaMaterial\app\src\main\java\io\github\froger\instamaterial\ui\adapter\FeedAdapter.java,io.github.froger.instamaterial.ui.adapter.FeedAdapter,setOnFeedItemClickListener/1[io.github.froger.instamaterial.ui.adapter.FeedAdapter.OnFeedItemClickListener],false,159,1,1,1,0,1,0,3,0,0,1,0,0,0,0,0,0,0,0,0,1,0,0,0,0,0,7,1,0,false
c:\Users\arthur.menezes_evolu\Desktop\Pes\InstaMaterial\app\src\main\java\io\github\froger\instamaterial\ui\adapter\FeedAdapter.java,io.github.froger.instamaterial.ui.adapter.FeedAdapter,FeedAdapter/1[io.github.froger.instamaterial.ui.adapter.Context],true,41,1,1,1,0,1,0,3,0,0,1,0,0,0,0,0,0,0,0,0,1,0,0,0,0,0,4,1,0,false
c:\Users\arthur.menezes_evolu\Desktop\Pes\InstaMaterial\app\src\main\java\io\github\froger\instamaterial\ui\adapter\FeedAdapter.java,io.github.froger.instamaterial.ui.adapter.FeedAdapter,getItemViewType/1[int],false,128,0,1,1,0,3,0,8,2,0,1,0,0,0,0,1,0,0,0,1,0,0,1,0,0,0,22,1,0,false
c:\Users\arthur.menezes_evolu\Desktop\Pes\InstaMaterial\app\src\main\java\io\github\froger\instamaterial\ui\adapter\FeedAdapter.java,io.github.froger.instamaterial.ui.adapter.FeedAdapter,getItemCount/0,false,137,0,0,0,0,1,1,3,1,0,0,1,0,0,0,0,0,0,0,0,0,0,0,0,0,0,3,1,0,false
c:\Users\arthur.menezes_evolu\Desktop\Pes\InstaMaterial\app\src\main\java\io\github\froger\instamaterial\ui\adapter\FeedAdapter.java,io.github.froger.instamaterial.ui.adapter.FeedAdapter,"onBindViewHolder/2[RecyclerView.ViewHolder,int]",false,108,4,3,0,3,2,4,6,0,0,2,4,2,1,0,1,0,1,0,0,0,0,1,0,0,0,26,1,0,false
c:\Users\arthur.menezes_evolu\Desktop\Pes\InstaMaterial\app\src\main\java\io\github\froger\instamaterial\ui\adapter\FeedAdapter.java,io.github.froger.instamaterial.ui.adapter.FeedAdapter,bindLoadingFeedItem/1[io.github.froger.instamaterial.ui.adapter.FeedAdapter.LoadingCellFeedViewHolder],false,116,3,4,1,3,1,2,10,0,0,1,2,0,0,0,0,0,0,0,0,0,0,0,1,0,0,14,2,0,false
c:\Users\arthur.menezes_evolu\Desktop\Pes\InstaMaterial\app\src\main\java\io\github\froger\instamaterial\ui\adapter\FeedAdapter.java,io.github.froger.instamaterial.ui.adapter.FeedAdapter,showLoadingView/0,false,163,0,1,1,0,1,1,4,0,0,0,1,0,0,0,0,0,0,0,1,1,0,0,0,0,0,7,1,0,false
c:\Users\arthur.menezes_evolu\Desktop\Pes\InstaMaterial\app\src\main\java\io\github\froger\instamaterial\ui\view\FeedContextMenuManager.java,io.github.froger.instamaterial.ui.view.FeedContextMenuManager$Anonymous3,onAnimationEnd/1[io.github.froger.instamaterial.ui.view.Animator],false,109,2,4,0,4,2,1,6,0,0,1,1,0,0,0,1,0,0,0,0,1,0,1,0,0,0,13,1,0,false
c:\Users\arthur.menezes_evolu\Desktop\Pes\InstaMaterial\app\src\main\java\io\github\froger\instamaterial\ui\view\LoadingFeedItemView.java,io.github.froger.instamaterial.ui.view.LoadingFeedItemView$OnLoadingFinishedListener,onLoadingFinished/0,false,91,0,1,1,0,1,0,1,0,0,0,0,0,0,0,0,0,0,0,0,0,0,0,0,0,0,3,0,0,false
c:\Users\arthur.menezes_evolu\Desktop\Pes\InstaMaterial\app\src\main\java\io\github\froger\instamaterial\ui\adapter\UserProfileAdapter.java,io.github.froger.instamaterial.ui.adapter.UserProfileAdapter$PhotoViewHolder,PhotoViewHolder/1[io.github.froger.instamaterial.ui.adapter.View],true,115,1,1,1,0,1,1,4,0,0,1,1,0,0,0,0,0,0,0,0,0,0,0,0,0,0,4,1,0,false
c:\Users\arthur.menezes_evolu\Desktop\Pes\InstaMaterial\app\src\main\java\io\github\froger\instamaterial\ui\utils\CircleTransformation.java,io.github.froger.instamaterial.ui.utils.CircleTransformation,key/0,false,53,0,0,0,0,1,0,3,1,0,0,0,0,0,0,0,0,0,1,0,0,0,0,0,0,0,1,1,0,false
c:\Users\arthur.menezes_evolu\Desktop\Pes\InstaMaterial\app\src\main\java\io\github\froger\instamaterial\ui\utils\CircleTransformation.java,io.github.froger.instamaterial.ui.utils.CircleTransformation,transform/1[io.github.froger.instamaterial.ui.utils.Bitmap],false,19,4,0,0,0,2,12,24,1,10,1,12,0,0,0,1,0,2,0,4,10,7,1,0,0,0,29,1,0,false
c:\Users\arthur.menezes_evolu\Desktop\Pes\InstaMaterial\app\src\main\java\io\github\froger\instamaterial\ui\adapter\FeedItemAnimator.java,io.github.froger.instamaterial.ui.adapter.FeedItemAnimator,resetLikeAnimationState/1[io.github.froger.instamaterial.ui.adapter.FeedAdapter.CellFeedViewHolder],false,222,1,1,1,0,1,1,4,0,0,1,1,0,0,0,0,0,0,0,0,0,0,0,0,0,0,5,2,0,false
c:\Users\arthur.menezes_evolu\Desktop\Pes\InstaMaterial\app\src\main\java\io\github\froger\instamaterial\ui\adapter\FeedItemAnimator.java,io.github.froger.instamaterial.ui.adapter.FeedItemAnimator,animateAdd/1[RecyclerView.ViewHolder],false,57,3,1,0,1,3,4,11,2,0,1,4,1,1,0,1,0,0,0,0,0,0,2,0,0,0,13,1,0,false
c:\Users\arthur.menezes_evolu\Desktop\Pes\InstaMaterial\app\src\main\java\io\github\froger\instamaterial\ui\adapter\FeedItemAnimator.java,io.github.froger.instamaterial.ui.adapter.FeedItemAnimator,"animateChange/4[RecyclerView.ViewHolder,RecyclerView.ViewHolder,io.github.froger.instamaterial.ui.adapter.ItemHolderInfo,io.github.froger.instamaterial.ui.adapter.ItemHolderInfo]",false,90,6,5,0,5,3,6,13,1,2,4,6,4,1,0,0,0,0,0,0,2,0,2,0,0,0,24,1,0,false
c:\Users\arthur.menezes_evolu\Desktop\Pes\InstaMaterial\app\src\main\java\io\github\froger\instamaterial\ui\adapter\FeedItemAnimator.java,io.github.froger.instamaterial.ui.adapter.FeedItemAnimator,"updateLikesCounter/2[io.github.froger.instamaterial.ui.adapter.FeedAdapter.CellFeedViewHolder,int]",false,149,1,1,1,0,1,4,6,0,2,2,4,0,0,0,0,0,0,0,2,2,2,0,0,0,0,10,2,0,false
c:\Users\arthur.menezes_evolu\Desktop\Pes\InstaMaterial\app\src\main\java\io\github\froger\instamaterial\ui\adapter\FeedItemAnimator.java,io.github.froger.instamaterial.ui.adapter.FeedItemAnimator,endAnimation/1[RecyclerView.ViewHolder],false,228,2,1,0,1,1,2,4,0,0,1,2,1,1,0,0,0,0,0,0,0,0,0,0,0,0,7,1,0,false
c:\Users\arthur.menezes_evolu\Desktop\Pes\InstaMaterial\app\src\main\java\io\github\froger\instamaterial\ui\adapter\FeedItemAnimator.java,io.github.froger.instamaterial.ui.adapter.FeedItemAnimator,cancelCurrentAnimationIfExists/1[RecyclerView.ViewHolder],false,107,1,2,2,0,3,3,8,0,0,1,3,0,0,0,0,0,0,0,0,0,0,1,0,0,0,6,2,0,false
c:\Users\arthur.menezes_evolu\Desktop\Pes\InstaMaterial\app\src\main\java\io\github\froger\instamaterial\ui\adapter\FeedItemAnimator.java,io.github.froger.instamaterial.ui.adapter.FeedItemAnimator,animatePhotoLike/1[io.github.froger.instamaterial.ui.adapter.FeedAdapter.CellFeedViewHolder],false,161,4,1,1,0,1,15,44,0,8,1,15,0,0,0,0,0,0,7,27,8,0,0,1,0,0,45,2,0,false
c:\Users\arthur.menezes_evolu\Desktop\Pes\InstaMaterial\app\src\main\java\io\github\froger\instamaterial\ui\adapter\FeedItemAnimator.java,io.github.froger.instamaterial.ui.adapter.FeedItemAnimator,dispatchChangeFinishedIfAllAnimationsEnded/1[io.github.froger.instamaterial.ui.adapter.FeedAdapter.CellFeedViewHolder],false,214,1,1,1,0,3,2,6,1,0,1,2,0,0,0,0,0,0,0,0,0,0,1,0,0,0,9,2,0,false
c:\Users\arthur.menezes_evolu\Desktop\Pes\InstaMaterial\app\src\main\java\io\github\froger\instamaterial\ui\adapter\FeedItemAnimator.java,io.github.froger.instamaterial.ui.adapter.FeedItemAnimator,endAnimations/0,false,234,0,0,0,0,2,3,6,0,0,0,3,0,0,1,0,0,0,0,0,0,0,1,0,0,0,5,1,0,false
c:\Users\arthur.menezes_evolu\Desktop\Pes\InstaMaterial\app\src\main\java\io\github\froger\instamaterial\ui\adapter\FeedItemAnimator.java,io.github.froger.instamaterial.ui.adapter.FeedItemAnimator,canReuseUpdatedViewHolder/1[RecyclerView.ViewHolder],false,36,1,0,0,0,1,0,3,1,0,1,0,0,0,0,0,0,0,0,0,0,0,0,0,0,0,7,1,0,false
c:\Users\arthur.menezes_evolu\Desktop\Pes\InstaMaterial\app\src\main\java\io\github\froger\instamaterial\ui\adapter\FeedItemAnimator.java,io.github.froger.instamaterial.ui.adapter.FeedItemAnimator,runEnterAnimation/1[io.github.froger.instamaterial.ui.adapter.FeedAdapter.CellFeedViewHolder],false,70,4,2,1,1,1,9,10,0,1,1,9,0,0,0,0,0,0,0,3,1,0,0,1,0,0,17,2,0,false
c:\Users\arthur.menezes_evolu\Desktop\Pes\InstaMaterial\app\src\main\java\io\github\froger\instamaterial\ui\adapter\FeedItemAnimator.java,io.github.froger.instamaterial.ui.adapter.FeedItemAnimator,animateHeartButton/1[io.github.froger.instamaterial.ui.adapter.FeedAdapter.CellFeedViewHolder],false,116,4,1,1,0,1,9,25,0,4,1,9,0,0,0,0,0,0,3,9,4,0,0,1,0,0,41,2,0,false
c:\Users\arthur.menezes_evolu\Desktop\Pes\InstaMaterial\app\src\main\java\io\github\froger\instamaterial\ui\adapter\FeedItemAnimator.java,io.github.froger.instamaterial.ui.adapter.FeedItemAnimator,"recordPreLayoutInformation/4[RecyclerView.State,RecyclerView.ViewHolder,int,java.util.List<java.lang.Object>]",false,44,5,1,0,1,4,1,10,2,0,4,1,0,0,1,1,0,0,0,0,0,0,3,0,0,0,23,1,0,false
c:\Users\arthur.menezes_evolu\Desktop\Pes\InstaMaterial\app\src\main\java\io\github\froger\instamaterial\ui\adapter\FeedItemAnimator.java,io.github.froger.instamaterial.ui.adapter.FeedItemAnimator$Anonymous2,onAnimationStart/1[io.github.froger.instamaterial.ui.adapter.Animator],false,132,1,0,0,0,1,1,3,0,0,1,1,0,0,0,0,0,0,0,0,0,0,0,0,0,0,5,1,0,false
c:\Users\arthur.menezes_evolu\Desktop\Pes\InstaMaterial\app\src\main\java\io\github\froger\instamaterial\ui\adapter\FeedItemAnimator.java,io.github.froger.instamaterial.ui.adapter.FeedItemAnimator$Anonymous2,onAnimationEnd/1[io.github.froger.instamaterial.ui.adapter.Animator],false,137,2,2,0,2,1,2,4,0,0,1,2,0,0,0,0,0,0,0,0,0,0,0,0,0,0,13,1,0,false
c:\Users\arthur.menezes_evolu\Desktop\Pes\InstaMaterial\app\src\main\java\io\github\froger\instamaterial\ui\adapter\FeedItemAnimator.java,io.github.froger.instamaterial.ui.adapter.FeedItemAnimator$Anonymous3,onAnimationEnd/1[io.github.froger.instamaterial.ui.adapter.Animator],false,203,2,2,0,2,1,3,5,0,0,1,3,0,0,0,0,0,0,0,0,0,0,0,0,0,0,16,1,0,false
c:\Users\arthur.menezes_evolu\Desktop\Pes\InstaMaterial\app\src\main\java\io\github\froger\instamaterial\ui\view\SendCommentButton.java,io.github.froger.instamaterial.ui.view.SendCommentButton,onAttachedToWindow/0,false,46,0,0,0,0,1,2,5,0,0,0,2,0,0,0,0,0,0,0,0,1,0,0,0,0,0,13,4,0,false
c:\Users\arthur.menezes_evolu\Desktop\Pes\InstaMaterial\app\src\main\java\io\github\froger\instamaterial\ui\view\SendCommentButton.java,io.github.froger.instamaterial.ui.view.SendCommentButton,setCurrentState/1[int],false,58,0,2,2,0,4,6,18,1,0,1,6,0,0,0,3,0,0,0,0,1,0,1,0,0,0,25,1,0,false
c:\Users\arthur.menezes_evolu\Desktop\Pes\InstaMaterial\app\src\main\java\io\github\froger\instamaterial\ui\view\SendCommentButton.java,io.github.froger.instamaterial.ui.view.SendCommentButton,SendCommentButton/1[io.github.froger.instamaterial.ui.view.Context],true,31,2,1,0,1,1,1,4,0,0,1,1,1,1,0,0,0,0,0,0,0,0,0,0,0,0,6,1,0,false
c:\Users\arthur.menezes_evolu\Desktop\Pes\InstaMaterial\app\src\main\java\io\github\froger\instamaterial\ui\view\SendCommentButton.java,io.github.froger.instamaterial.ui.view.SendCommentButton,init/0,false,41,0,2,2,0,1,3,3,0,0,0,3,0,0,0,0,0,0,0,0,0,0,0,0,0,0,3,2,0,false
c:\Users\arthur.menezes_evolu\Desktop\Pes\InstaMaterial\app\src\main\java\io\github\froger\instamaterial\ui\view\SendCommentButton.java,io.github.froger.instamaterial.ui.view.SendCommentButton,setOnSendClickListener/1[io.github.froger.instamaterial.ui.view.SendCommentButton.OnSendClickListener],false,84,1,1,1,0,1,0,3,0,0,1,0,0,0,0,0,0,0,0,0,1,0,0,0,0,0,6,1,0,false
c:\Users\arthur.menezes_evolu\Desktop\Pes\InstaMaterial\app\src\main\java\io\github\froger\instamaterial\ui\view\SendCommentButton.java,io.github.froger.instamaterial.ui.view.SendCommentButton,onClick/1[io.github.froger.instamaterial.ui.view.View],false,78,2,1,0,1,2,1,5,0,0,1,1,0,0,0,1,0,0,0,0,0,0,1,0,0,0,7,1,0,false
c:\Users\arthur.menezes_evolu\Desktop\Pes\InstaMaterial\app\src\main\java\io\github\froger\instamaterial\ui\view\SendCommentButton.java,io.github.froger.instamaterial.ui.view.SendCommentButton,"SendCommentButton/2[io.github.froger.instamaterial.ui.view.Context,io.github.froger.instamaterial.ui.view.AttributeSet]",true,36,3,1,0,1,1,1,4,0,0,2,1,1,1,0,0,0,0,0,0,0,0,0,0,0,0,6,1,0,false
c:\Users\arthur.menezes_evolu\Desktop\Pes\InstaMaterial\app\src\main\java\io\github\froger\instamaterial\ui\view\SendCommentButton.java,io.github.froger.instamaterial.ui.view.SendCommentButton,setOnClickListener/1[io.github.froger.instamaterial.ui.view.OnClickListener],false,89,1,0,0,0,1,0,2,0,0,1,0,0,0,0,0,0,0,0,0,0,0,0,0,0,0,5,1,0,false
c:\Users\arthur.menezes_evolu\Desktop\Pes\InstaMaterial\app\src\main\java\io\github\froger\instamaterial\ui\view\SendCommentButton.java,io.github.froger.instamaterial.ui.view.SendCommentButton,onDetachedFromWindow/0,false,53,0,0,0,0,1,2,4,0,0,0,2,0,0,0,0,0,0,0,0,0,0,0,0,0,0,9,4,0,false
c:\Users\arthur.menezes_evolu\Desktop\Pes\InstaMaterial\app\src\main\java\io\github\froger\instamaterial\ui\view\RevealBackgroundView.java,io.github.froger.instamaterial.ui.view.RevealBackgroundView,RevealBackgroundView/1[io.github.froger.instamaterial.ui.view.Context],true,40,2,1,0,1,1,1,4,0,0,1,1,1,1,0,0,0,0,0,0,0,0,0,0,0,0,6,1,0,false
c:\Users\arthur.menezes_evolu\Desktop\Pes\InstaMaterial\app\src\main\java\io\github\froger\instamaterial\ui\view\RevealBackgroundView.java,io.github.froger.instamaterial.ui.view.RevealBackgroundView,setToFinishedFrame/0,false,86,1,3,2,1,1,2,4,0,0,0,2,1,1,0,0,0,0,0,0,0,0,0,0,0,0,17,1,0,false
c:\Users\arthur.menezes_evolu\Desktop\Pes\InstaMaterial\app\src\main\java\io\github\froger\instamaterial\ui\view\RevealBackgroundView.java,io.github.froger.instamaterial.ui.view.RevealBackgroundView,setCurrentRadius/1[int],false,115,0,0,0,0,1,1,4,0,0,1,1,0,0,0,0,0,0,0,0,1,0,0,0,0,0,5,1,0,false
c:\Users\arthur.menezes_evolu\Desktop\Pes\InstaMaterial\app\src\main\java\io\github\froger\instamaterial\ui\view\RevealBackgroundView.java,io.github.froger.instamaterial.ui.view.RevealBackgroundView,setOnStateChangeListener/1[io.github.froger.instamaterial.ui.view.RevealBackgroundView.OnStateChangeListener],false,111,1,2,2,0,1,0,3,0,0,1,0,0,0,0,0,0,0,0,0,1,0,0,0,0,0,6,1,0,false
c:\Users\arthur.menezes_evolu\Desktop\Pes\InstaMaterial\app\src\main\java\io\github\froger\instamaterial\ui\view\RevealBackgroundView.java,io.github.froger.instamaterial.ui.view.RevealBackgroundView,startFromLocation/1[int[]],false,71,3,2,1,1,1,8,14,0,0,1,8,1,1,0,0,0,0,1,3,3,1,0,1,0,0,35,1,0,false
c:\Users\arthur.menezes_evolu\Desktop\Pes\InstaMaterial\app\src\main\java\io\github\froger\instamaterial\ui\view\RevealBackgroundView.java,io.github.froger.instamaterial.ui.view.RevealBackgroundView,onDraw/1[io.github.froger.instamaterial.ui.view.Canvas],false,92,1,0,0,0,2,4,8,0,0,1,4,0,0,0,1,0,0,0,2,0,0,1,0,0,0,15,4,0,false
c:\Users\arthur.menezes_evolu\Desktop\Pes\InstaMaterial\app\src\main\java\io\github\froger\instamaterial\ui\view\RevealBackgroundView.java,io.github.froger.instamaterial.ui.view.RevealBackgroundView,"RevealBackgroundView/4[io.github.froger.instamaterial.ui.view.Context,io.github.froger.instamaterial.ui.view.AttributeSet,int,int]",true,56,4,1,0,1,1,1,4,0,0,4,1,1,1,0,0,0,0,0,0,0,0,0,0,0,0,8,1,0,false
c:\Users\arthur.menezes_evolu\Desktop\Pes\InstaMaterial\app\src\main\java\io\github\froger\instamaterial\ui\view\RevealBackgroundView.java,io.github.froger.instamaterial.ui.view.RevealBackgroundView,"RevealBackgroundView/3[io.github.froger.instamaterial.ui.view.Context,io.github.froger.instamaterial.ui.view.AttributeSet,int]",true,50,3,1,0,1,1,1,4,0,0,3,1,1,1,0,0,0,0,0,0,0,0,0,0,0,0,8,1,0,false
c:\Users\arthur.menezes_evolu\Desktop\Pes\InstaMaterial\app\src\main\java\io\github\froger\instamaterial\ui\view\RevealBackgroundView.java,io.github.froger.instamaterial.ui.view.RevealBackgroundView,init/0,false,61,1,4,4,0,1,2,5,0,0,0,2,0,0,0,0,0,0,0,0,1,0,0,0,0,0,3,2,0,false
c:\Users\arthur.menezes_evolu\Desktop\Pes\InstaMaterial\app\src\main\java\io\github\froger\instamaterial\ui\view\RevealBackgroundView.java,io.github.froger.instamaterial.ui.view.RevealBackgroundView,"RevealBackgroundView/2[io.github.froger.instamaterial.ui.view.Context,io.github.froger.instamaterial.ui.view.AttributeSet]",true,45,3,1,0,1,1,1,4,0,0,2,1,1,1,0,0,0,0,0,0,0,0,0,0,0,0,6,1,0,false
c:\Users\arthur.menezes_evolu\Desktop\Pes\InstaMaterial\app\src\main\java\io\github\froger\instamaterial\ui\view\RevealBackgroundView.java,io.github.froger.instamaterial.ui.view.RevealBackgroundView,setFillPaintColor/1[int],false,67,0,1,1,0,1,1,3,0,0,1,1,0,0,0,0,0,0,0,0,0,0,0,0,0,0,5,1,0,false
c:\Users\arthur.menezes_evolu\Desktop\Pes\InstaMaterial\app\src\main\java\io\github\froger\instamaterial\ui\view\RevealBackgroundView.java,io.github.froger.instamaterial.ui.view.RevealBackgroundView,changeState/1[int],false,100,1,4,3,1,3,1,9,1,0,1,1,0,0,0,2,0,0,0,0,1,0,1,0,0,0,7,2,0,false
c:\Users\arthur.menezes_evolu\Desktop\Pes\InstaMaterial\app\src\main\java\io\github\froger\instamaterial\ui\activity\TakePhotoActivity.java,io.github.froger.instamaterial.ui.activity.TakePhotoActivity,updateStatusBarColor/0,false,107,2,2,1,1,2,3,5,0,0,0,3,0,0,0,0,0,0,0,1,0,0,1,0,0,0,7,2,0,false
c:\Users\arthur.menezes_evolu\Desktop\Pes\InstaMaterial\app\src\main\java\io\github\froger\instamaterial\ui\activity\TakePhotoActivity.java,io.github.froger.instamaterial.ui.activity.TakePhotoActivity,showTakenPicture/1[io.github.froger.instamaterial.ui.activity.Bitmap],false,250,2,2,1,1,1,3,6,0,0,1,3,1,1,0,0,0,0,0,0,0,0,0,0,0,0,16,2,0,false
c:\Users\arthur.menezes_evolu\Desktop\Pes\InstaMaterial\app\src\main\java\io\github\froger\instamaterial\ui\activity\TakePhotoActivity.java,io.github.froger.instamaterial.ui.activity.TakePhotoActivity,startIntroAnimation/0,false,198,0,1,1,0,1,5,4,0,0,0,5,0,0,0,0,0,0,0,4,0,0,0,0,0,0,15,2,0,false
c:\Users\arthur.menezes_evolu\Desktop\Pes\InstaMaterial\app\src\main\java\io\github\froger\instamaterial\ui\activity\TakePhotoActivity.java,io.github.froger.instamaterial.ui.activity.TakePhotoActivity,onResume/0,false,139,0,0,0,0,1,1,4,0,0,0,1,0,0,0,0,0,0,0,0,0,0,0,0,0,0,2,4,0,false
c:\Users\arthur.menezes_evolu\Desktop\Pes\InstaMaterial\app\src\main\java\io\github\froger\instamaterial\ui\activity\TakePhotoActivity.java,io.github.froger.instamaterial.ui.activity.TakePhotoActivity,"startCameraFromLocation/2[int[],io.github.froger.instamaterial.ui.activity.Activity]",false,79,4,1,1,0,1,2,5,0,1,2,2,0,0,0,0,0,0,0,0,1,0,0,0,0,0,8,9,0,false
c:\Users\arthur.menezes_evolu\Desktop\Pes\InstaMaterial\app\src\main\java\io\github\froger\instamaterial\ui\activity\TakePhotoActivity.java,io.github.froger.instamaterial.ui.activity.TakePhotoActivity,onBackPressed/0,false,258,1,1,0,1,2,4,11,0,0,0,4,1,1,0,1,0,0,0,0,0,0,1,0,0,0,17,1,0,false
c:\Users\arthur.menezes_evolu\Desktop\Pes\InstaMaterial\app\src\main\java\io\github\froger\instamaterial\ui\activity\TakePhotoActivity.java,io.github.froger.instamaterial.ui.activity.TakePhotoActivity,onAcceptClick/0,false,158,2,1,0,1,1,2,3,0,0,0,2,0,0,0,0,0,0,0,0,0,0,0,0,0,0,5,1,0,false
c:\Users\arthur.menezes_evolu\Desktop\Pes\InstaMaterial\app\src\main\java\io\github\froger\instamaterial\ui\activity\TakePhotoActivity.java,io.github.froger.instamaterial.ui.activity.TakePhotoActivity,setupRevealBackground/1[io.github.froger.instamaterial.ui.activity.Bundle],false,113,4,4,1,3,2,7,18,0,1,1,7,0,0,0,1,0,0,0,1,1,0,1,1,0,0,32,2,0,false
c:\Users\arthur.menezes_evolu\Desktop\Pes\InstaMaterial\app\src\main\java\io\github\froger\instamaterial\ui\activity\TakePhotoActivity.java,io.github.froger.instamaterial.ui.activity.TakePhotoActivity,animateShutter/0,false,162,3,1,1,0,1,9,20,0,3,0,9,0,0,0,0,0,0,2,8,3,0,0,1,0,0,28,2,0,false
c:\Users\arthur.menezes_evolu\Desktop\Pes\InstaMaterial\app\src\main\java\io\github\froger\instamaterial\ui\activity\TakePhotoActivity.java,io.github.froger.instamaterial.ui.activity.TakePhotoActivity,onCreate/1[io.github.froger.instamaterial.ui.activity.Bundle],false,86,4,5,0,5,1,8,18,0,0,1,8,4,1,0,0,0,0,0,0,0,0,0,1,0,0,32,4,0,false
c:\Users\arthur.menezes_evolu\Desktop\Pes\InstaMaterial\app\src\main\java\io\github\froger\instamaterial\ui\activity\TakePhotoActivity.java,io.github.froger.instamaterial.ui.activity.TakePhotoActivity,setupPhotoFilters/0,false,131,2,2,1,1,1,3,6,0,1,0,3,0,0,0,0,0,0,0,0,1,0,0,0,0,0,9,2,0,false
c:\Users\arthur.menezes_evolu\Desktop\Pes\InstaMaterial\app\src\main\java\io\github\froger\instamaterial\ui\activity\TakePhotoActivity.java,io.github.froger.instamaterial.ui.activity.TakePhotoActivity,onStateChange/1[int],false,187,1,1,0,1,3,2,11,0,0,1,2,1,1,0,1,0,0,0,0,0,0,2,0,0,0,8,1,0,false
c:\Users\arthur.menezes_evolu\Desktop\Pes\InstaMaterial\app\src\main\java\io\github\froger\instamaterial\ui\activity\TakePhotoActivity.java,io.github.froger.instamaterial.ui.activity.TakePhotoActivity,onTakePhotoClick/0,false,151,2,1,0,1,1,3,5,0,0,0,3,1,1,0,0,0,0,0,0,0,0,0,0,0,0,7,1,0,false
c:\Users\arthur.menezes_evolu\Desktop\Pes\InstaMaterial\app\src\main\java\io\github\froger\instamaterial\ui\activity\TakePhotoActivity.java,io.github.froger.instamaterial.ui.activity.TakePhotoActivity,updateState/1[int],false,269,1,4,3,1,3,4,22,0,0,1,4,0,0,0,2,0,0,0,1,1,0,1,1,0,0,17,2,0,false
c:\Users\arthur.menezes_evolu\Desktop\Pes\InstaMaterial\app\src\main\java\io\github\froger\instamaterial\ui\activity\TakePhotoActivity.java,io.github.froger.instamaterial.ui.activity.TakePhotoActivity,getCameraHost/0,false,204,2,1,0,1,1,0,3,1,0,0,0,0,0,0,0,0,0,0,0,0,0,0,0,0,0,4,1,0,false
c:\Users\arthur.menezes_evolu\Desktop\Pes\InstaMaterial\app\src\main\java\io\github\froger\instamaterial\ui\activity\TakePhotoActivity.java,io.github.froger.instamaterial.ui.activity.TakePhotoActivity,onPause/0,false,145,0,0,0,0,1,1,4,0,0,0,1,0,0,0,0,0,0,0,0,0,0,0,0,0,0,2,4,0,false
c:\Users\arthur.menezes_evolu\Desktop\Pes\InstaMaterial\app\src\main\java\io\github\froger\instamaterial\ui\adapter\FeedItemAnimator.java,io.github.froger.instamaterial.ui.adapter.FeedItemAnimator$Anonymous1,onAnimationEnd/1[io.github.froger.instamaterial.ui.adapter.Animator],false,79,1,2,0,2,1,1,3,0,0,1,1,0,0,0,0,0,0,0,0,0,0,0,0,0,0,9,1,0,false
c:\Users\arthur.menezes_evolu\Desktop\Pes\InstaMaterial\app\src\main\java\io\github\froger\instamaterial\ui\adapter\PhotoFiltersAdapter.java,io.github.froger.instamaterial.ui.adapter.PhotoFiltersAdapter,getItemCount/0,false,35,0,0,0,0,1,0,3,1,0,0,0,0,0,0,0,0,0,0,0,0,0,0,0,0,0,4,1,0,false
c:\Users\arthur.menezes_evolu\Desktop\Pes\InstaMaterial\app\src\main\java\io\github\froger\instamaterial\ui\adapter\PhotoFiltersAdapter.java,io.github.froger.instamaterial.ui.adapter.PhotoFiltersAdapter,"onBindViewHolder/2[RecyclerView.ViewHolder,int]",false,31,1,0,0,0,1,0,2,0,0,2,0,0,0,0,0,0,0,0,0,0,0,0,0,0,0,5,1,0,false
c:\Users\arthur.menezes_evolu\Desktop\Pes\InstaMaterial\app\src\main\java\io\github\froger\instamaterial\ui\adapter\PhotoFiltersAdapter.java,io.github.froger.instamaterial.ui.adapter.PhotoFiltersAdapter,PhotoFiltersAdapter/1[io.github.froger.instamaterial.ui.adapter.Context],true,20,1,1,1,0,1,0,3,0,0,1,0,0,0,0,0,0,0,0,0,1,0,0,0,0,0,5,1,0,false
c:\Users\arthur.menezes_evolu\Desktop\Pes\InstaMaterial\app\src\main\java\io\github\froger\instamaterial\ui\adapter\PhotoFiltersAdapter.java,io.github.froger.instamaterial.ui.adapter.PhotoFiltersAdapter,"onCreateViewHolder/2[io.github.froger.instamaterial.ui.adapter.ViewGroup,int]",false,25,4,1,0,1,1,2,4,1,1,2,2,0,0,0,0,0,0,0,0,1,0,0,0,0,0,10,1,0,false
c:\Users\arthur.menezes_evolu\Desktop\Pes\InstaMaterial\app\src\main\java\io\github\froger\instamaterial\ui\adapter\CommentsAdapter.java,io.github.froger.instamaterial.ui.adapter.CommentsAdapter,updateItems/0,false,96,0,1,1,0,1,1,4,0,0,0,1,0,0,0,0,0,0,0,1,1,0,0,0,0,0,8,1,0,false
c:\Users\arthur.menezes_evolu\Desktop\Pes\InstaMaterial\app\src\main\java\io\github\froger\instamaterial\ui\adapter\CommentsAdapter.java,io.github.froger.instamaterial.ui.adapter.CommentsAdapter,"onBindViewHolder/2[RecyclerView.ViewHolder,int]",false,46,4,2,0,2,4,8,16,0,1,2,8,1,1,0,0,0,0,3,4,1,1,1,0,0,0,32,1,0,false
c:\Users\arthur.menezes_evolu\Desktop\Pes\InstaMaterial\app\src\main\java\io\github\froger\instamaterial\ui\adapter\CommentsAdapter.java,io.github.froger.instamaterial.ui.adapter.CommentsAdapter,"runEnterAnimation/2[io.github.froger.instamaterial.ui.adapter.View,int]",false,69,3,1,1,0,4,10,14,1,0,2,10,0,0,0,0,0,1,0,8,1,1,1,1,0,0,20,2,0,false
c:\Users\arthur.menezes_evolu\Desktop\Pes\InstaMaterial\app\src\main\java\io\github\froger\instamaterial\ui\adapter\CommentsAdapter.java,io.github.froger.instamaterial.ui.adapter.CommentsAdapter,getItemCount/0,false,92,0,1,1,0,1,0,3,1,0,0,0,0,0,0,0,0,0,0,0,0,0,0,0,0,0,4,1,0,false
c:\Users\arthur.menezes_evolu\Desktop\Pes\InstaMaterial\app\src\main\java\io\github\froger\instamaterial\ui\adapter\CommentsAdapter.java,io.github.froger.instamaterial.ui.adapter.CommentsAdapter,setAnimationsLocked/1[boolean],false,106,0,2,2,0,1,0,3,0,0,1,0,0,0,0,0,0,0,0,0,1,0,0,0,0,0,4,1,0,false
c:\Users\arthur.menezes_evolu\Desktop\Pes\InstaMaterial\app\src\main\java\io\github\froger\instamaterial\ui\adapter\CommentsAdapter.java,io.github.froger.instamaterial.ui.adapter.CommentsAdapter,CommentsAdapter/1[io.github.froger.instamaterial.ui.adapter.Context],true,34,1,1,1,0,1,2,4,0,0,1,2,0,0,0,0,0,0,0,0,2,0,0,0,0,0,6,1,0,false
c:\Users\arthur.menezes_evolu\Desktop\Pes\InstaMaterial\app\src\main\java\io\github\froger\instamaterial\ui\adapter\CommentsAdapter.java,io.github.froger.instamaterial.ui.adapter.CommentsAdapter,"onCreateViewHolder/2[io.github.froger.instamaterial.ui.adapter.ViewGroup,int]",false,40,4,1,0,1,1,2,4,1,1,2,2,0,0,0,0,0,0,0,0,1,0,0,0,0,0,9,1,0,false
c:\Users\arthur.menezes_evolu\Desktop\Pes\InstaMaterial\app\src\main\java\io\github\froger\instamaterial\ui\adapter\CommentsAdapter.java,io.github.froger.instamaterial.ui.adapter.CommentsAdapter,addItem/0,false,101,0,1,1,0,1,1,4,0,0,0,1,0,0,0,0,0,0,0,1,0,1,0,0,0,0,6,1,0,false
c:\Users\arthur.menezes_evolu\Desktop\Pes\InstaMaterial\app\src\main\java\io\github\froger\instamaterial\ui\adapter\CommentsAdapter.java,io.github.froger.instamaterial.ui.adapter.CommentsAdapter,setDelayEnterAnimation/1[boolean],false,110,0,1,1,0,1,0,3,0,0,1,0,0,0,0,0,0,0,0,0,1,0,0,0,0,0,5,1,0,false
c:\Users\arthur.menezes_evolu\Desktop\Pes\InstaMaterial\app\src\main\java\io\github\froger\instamaterial\ui\activity\PublishActivity.java,io.github.froger.instamaterial.ui.activity.PublishActivity$Anonymous1,onPreDraw/0,false,63,1,6,0,6,1,3,5,1,0,0,3,0,0,0,0,0,0,0,0,0,0,0,0,0,0,7,1,0,false
c:\Users\arthur.menezes_evolu\Desktop\Pes\InstaMaterial\app\src\main\java\io\github\froger\instamaterial\ui\adapter\CommentsAdapter.java,io.github.froger.instamaterial.ui.adapter.CommentsAdapter$Anonymous1,onAnimationEnd/1[io.github.froger.instamaterial.ui.adapter.Animator],false,83,1,2,0,2,1,0,3,0,0,1,0,0,0,0,0,0,0,0,0,1,0,0,0,0,0,8,1,0,false
c:\Users\arthur.menezes_evolu\Desktop\Pes\InstaMaterial\app\src\main\java\io\github\froger\instamaterial\ui\activity\PublishActivity.java,io.github.froger.instamaterial.ui.activity.PublishActivity$Anonymous2,onSuccess/0,false,87,1,1,0,1,1,7,3,0,0,0,7,0,0,0,0,0,0,0,4,0,0,0,0,0,0,4,1,0,false
c:\Users\arthur.menezes_evolu\Desktop\Pes\InstaMaterial\app\src\main\java\io\github\froger\instamaterial\ui\activity\PublishActivity.java,io.github.froger.instamaterial.ui.activity.PublishActivity$Anonymous2,onError/0,false,97,0,0,0,0,1,0,2,0,0,0,0,0,0,0,0,0,0,0,0,0,0,0,0,0,0,2,1,0,false
c:\Users\arthur.menezes_evolu\Desktop\Pes\InstaMaterial\app\src\main\java\io\github\froger\instamaterial\ui\view\SendingProgressView.java,io.github.froger.instamaterial.ui.view.SendingProgressView,setupProgressPaint/0,false,94,1,1,1,0,1,4,7,0,0,0,4,0,0,0,0,0,0,0,1,1,0,0,0,0,0,17,2,0,false
c:\Users\arthur.menezes_evolu\Desktop\Pes\InstaMaterial\app\src\main\java\io\github\froger\instamaterial\ui\view\SendingProgressView.java,io.github.froger.instamaterial.ui.view.SendingProgressView,setCurrentDoneBgOffset/1[float],false,237,0,1,1,0,1,1,4,0,0,1,1,0,0,0,0,0,0,0,0,1,0,0,0,0,0,8,1,0,false
c:\Users\arthur.menezes_evolu\Desktop\Pes\InstaMaterial\app\src\main\java\io\github\froger\instamaterial\ui\view\SendingProgressView.java,io.github.froger.instamaterial.ui.view.SendingProgressView,setCurrentCheckmarkOffset/1[float],false,242,0,1,1,0,1,1,4,0,0,1,1,0,0,0,0,0,0,0,0,1,0,0,0,0,0,7,1,0,false
c:\Users\arthur.menezes_evolu\Desktop\Pes\InstaMaterial\app\src\main\java\io\github\froger\instamaterial\ui\view\SendingProgressView.java,io.github.froger.instamaterial.ui.view.SendingProgressView,onDraw/1[io.github.froger.instamaterial.ui.view.Canvas],false,173,2,3,0,3,4,5,13,0,0,1,5,3,1,0,3,0,0,0,2,0,0,1,0,0,0,31,4,0,false
c:\Users\arthur.menezes_evolu\Desktop\Pes\InstaMaterial\app\src\main\java\io\github\froger\instamaterial\ui\view\SendingProgressView.java,io.github.froger.instamaterial.ui.view.SendingProgressView,setupDonePaints/0,false,113,2,1,1,0,1,4,9,0,0,0,4,0,0,0,0,0,0,0,1,3,0,0,0,0,0,13,2,0,false
c:\Users\arthur.menezes_evolu\Desktop\Pes\InstaMaterial\app\src\main\java\io\github\froger\instamaterial\ui\view\SendingProgressView.java,io.github.froger.instamaterial.ui.view.SendingProgressView,init/0,false,87,1,8,4,4,1,4,6,0,0,0,4,4,1,0,0,0,0,0,0,0,0,0,0,0,0,9,2,0,false
c:\Users\arthur.menezes_evolu\Desktop\Pes\InstaMaterial\app\src\main\java\io\github\froger\instamaterial\ui\view\SendingProgressView.java,io.github.froger.instamaterial.ui.view.SendingProgressView,drawFrameForDoneAnimation/0,false,190,0,1,1,0,1,4,6,0,0,0,4,0,0,0,0,0,0,0,7,0,6,0,0,0,0,7,2,0,false
c:\Users\arthur.menezes_evolu\Desktop\Pes\InstaMaterial\app\src\main\java\io\github\froger\instamaterial\ui\view\SendingProgressView.java,io.github.froger.instamaterial.ui.view.SendingProgressView,"onSizeChanged/4[int,int,int,int]",false,140,1,4,0,4,1,5,7,0,0,4,5,4,1,0,0,0,0,0,0,0,0,0,0,0,0,15,4,0,false
c:\Users\arthur.menezes_evolu\Desktop\Pes\InstaMaterial\app\src\main\java\io\github\froger\instamaterial\ui\view\SendingProgressView.java,io.github.froger.instamaterial.ui.view.SendingProgressView,drawArcForCurrentProgress/0,false,186,0,1,1,0,1,1,3,0,0,0,1,0,0,0,0,0,0,0,3,0,2,0,0,0,0,6,2,0,false
c:\Users\arthur.menezes_evolu\Desktop\Pes\InstaMaterial\app\src\main\java\io\github\froger\instamaterial\ui\view\SendingProgressView.java,io.github.froger.instamaterial.ui.view.SendingProgressView,setCurrentProgress/1[float],false,232,0,1,1,0,1,1,4,0,0,1,1,0,0,0,0,0,0,0,0,1,0,0,0,0,0,6,1,0,false
c:\Users\arthur.menezes_evolu\Desktop\Pes\InstaMaterial\app\src\main\java\io\github\froger\instamaterial\ui\view\SendingProgressView.java,io.github.froger.instamaterial.ui.view.SendingProgressView,"SendingProgressView/2[io.github.froger.instamaterial.ui.view.Context,io.github.froger.instamaterial.ui.view.AttributeSet]",true,71,3,1,0,1,1,1,4,0,0,2,1,1,2,0,0,0,0,0,0,0,0,0,0,0,0,6,1,0,false
c:\Users\arthur.menezes_evolu\Desktop\Pes\InstaMaterial\app\src\main\java\io\github\froger\instamaterial\ui\view\SendingProgressView.java,io.github.froger.instamaterial.ui.view.SendingProgressView,setupCheckmarkBitmap/0,false,155,0,1,1,0,1,4,5,0,0,0,4,0,0,0,0,0,0,0,4,3,6,0,0,0,0,10,2,0,false
c:\Users\arthur.menezes_evolu\Desktop\Pes\InstaMaterial\app\src\main\java\io\github\froger\instamaterial\ui\view\SendingProgressView.java,io.github.froger.instamaterial.ui.view.SendingProgressView,resetTempCanvas/0,false,167,1,2,2,0,1,2,4,0,0,0,2,0,0,0,0,0,0,0,0,2,0,0,0,0,0,7,2,0,false
c:\Users\arthur.menezes_evolu\Desktop\Pes\InstaMaterial\app\src\main\java\io\github\froger\instamaterial\ui\view\SendingProgressView.java,io.github.froger.instamaterial.ui.view.SendingProgressView,simulateProgress/0,false,228,1,2,1,1,1,1,3,0,0,0,1,1,2,0,0,0,0,0,0,0,0,0,0,0,0,14,1,0,false
c:\Users\arthur.menezes_evolu\Desktop\Pes\InstaMaterial\app\src\main\java\io\github\froger\instamaterial\ui\view\SendingProgressView.java,io.github.froger.instamaterial.ui.view.SendingProgressView,"SendingProgressView/4[io.github.froger.instamaterial.ui.view.Context,io.github.froger.instamaterial.ui.view.AttributeSet,int,int]",true,82,4,1,0,1,1,1,4,0,0,4,1,1,2,0,0,0,0,0,0,0,0,0,0,0,0,8,1,0,false
c:\Users\arthur.menezes_evolu\Desktop\Pes\InstaMaterial\app\src\main\java\io\github\froger\instamaterial\ui\view\SendingProgressView.java,io.github.froger.instamaterial.ui.view.SendingProgressView,updateProgressBounds/0,false,148,1,1,1,0,1,1,3,0,0,0,1,0,0,0,0,0,0,0,0,1,2,0,0,0,0,17,2,0,false
c:\Users\arthur.menezes_evolu\Desktop\Pes\InstaMaterial\app\src\main\java\io\github\froger\instamaterial\ui\view\SendingProgressView.java,io.github.froger.instamaterial.ui.view.SendingProgressView,changeState/1[int],false,203,3,7,2,5,6,8,24,1,1,1,8,4,1,0,5,0,0,0,1,2,0,2,0,0,0,38,2,0,false
c:\Users\arthur.menezes_evolu\Desktop\Pes\InstaMaterial\app\src\main\java\io\github\froger\instamaterial\ui\view\SendingProgressView.java,io.github.froger.instamaterial.ui.view.SendingProgressView,"SendingProgressView/3[io.github.froger.instamaterial.ui.view.Context,io.github.froger.instamaterial.ui.view.AttributeSet,int]",true,76,3,1,0,1,1,1,4,0,0,3,1,1,2,0,0,0,0,0,0,0,0,0,0,0,0,8,1,0,false
c:\Users\arthur.menezes_evolu\Desktop\Pes\InstaMaterial\app\src\main\java\io\github\froger\instamaterial\ui\view\SendingProgressView.java,io.github.froger.instamaterial.ui.view.SendingProgressView,setupSimulateProgressAnimator/0,false,102,2,1,1,0,1,4,10,0,0,0,4,0,0,0,0,0,0,1,3,1,0,0,1,0,0,24,2,0,false
c:\Users\arthur.menezes_evolu\Desktop\Pes\InstaMaterial\app\src\main\java\io\github\froger\instamaterial\ui\view\SendingProgressView.java,io.github.froger.instamaterial.ui.view.SendingProgressView,setupDoneMaskBitmap/0,false,161,2,1,1,0,1,3,5,0,1,0,3,0,0,0,0,0,0,0,3,2,4,0,0,0,0,11,2,0,false
c:\Users\arthur.menezes_evolu\Desktop\Pes\InstaMaterial\app\src\main\java\io\github\froger\instamaterial\ui\view\SendingProgressView.java,io.github.froger.instamaterial.ui.view.SendingProgressView,drawFinishedState/0,false,197,0,1,1,0,1,4,5,0,0,0,4,0,0,0,0,0,0,0,5,0,4,0,0,0,0,5,2,0,false
c:\Users\arthur.menezes_evolu\Desktop\Pes\InstaMaterial\app\src\main\java\io\github\froger\instamaterial\ui\view\SendingProgressView.java,io.github.froger.instamaterial.ui.view.SendingProgressView,SendingProgressView/1[io.github.froger.instamaterial.ui.view.Context],true,66,2,1,0,1,1,1,4,0,0,1,1,1,2,0,0,0,0,0,0,0,0,0,0,0,0,6,1,0,false
c:\Users\arthur.menezes_evolu\Desktop\Pes\InstaMaterial\app\src\main\java\io\github\froger\instamaterial\ui\view\SendingProgressView.java,io.github.froger.instamaterial.ui.view.SendingProgressView,setupDoneAnimators/0,false,125,3,1,1,0,1,4,12,0,0,0,4,0,0,0,0,0,0,2,4,2,0,0,1,0,0,28,2,0,false
c:\Users\arthur.menezes_evolu\Desktop\Pes\InstaMaterial\app\src\main\java\io\github\froger\instamaterial\ui\view\SendingProgressView.java,io.github.froger.instamaterial.ui.view.SendingProgressView,setOnLoadingFinishedListener/1[io.github.froger.instamaterial.ui.view.SendingProgressView.OnLoadingFinishedListener],false,247,1,1,1,0,1,0,3,0,0,1,0,0,0,0,0,0,0,0,0,1,0,0,0,0,0,6,1,0,false
c:\Users\arthur.menezes_evolu\Desktop\Pes\InstaMaterial\app\src\main\java\io\github\froger\instamaterial\ui\view\FeedContextMenuManager.java,io.github.froger.instamaterial.ui.view.FeedContextMenuManager,"showContextMenuFromView/3[io.github.froger.instamaterial.ui.view.View,int,io.github.froger.instamaterial.ui.view.FeedContextMenu.OnFeedContextMenuItemClickListener]",false,45,5,4,1,3,2,9,19,0,0,3,9,0,0,0,0,0,1,0,0,2,0,1,1,0,0,25,2,0,false
c:\Users\arthur.menezes_evolu\Desktop\Pes\InstaMaterial\app\src\main\java\io\github\froger\instamaterial\ui\view\FeedContextMenuManager.java,io.github.froger.instamaterial.ui.view.FeedContextMenuManager,hideContextMenu/0,false,92,1,7,6,1,2,1,6,0,0,0,1,1,1,0,0,0,0,0,0,1,0,1,0,0,0,9,1,0,false
c:\Users\arthur.menezes_evolu\Desktop\Pes\InstaMaterial\app\src\main\java\io\github\froger\instamaterial\ui\view\FeedContextMenuManager.java,io.github.froger.instamaterial.ui.view.FeedContextMenuManager,performDismissAnimation/0,false,99,2,1,1,0,1,11,13,0,0,0,11,0,0,0,0,0,0,0,5,0,1,0,1,0,0,19,2,0,false
c:\Users\arthur.menezes_evolu\Desktop\Pes\InstaMaterial\app\src\main\java\io\github\froger\instamaterial\ui\view\FeedContextMenuManager.java,io.github.froger.instamaterial.ui.view.FeedContextMenuManager,onViewAttachedToWindow/1[io.github.froger.instamaterial.ui.view.View],false,126,1,0,0,0,1,0,2,0,0,1,0,0,0,0,0,0,0,0,0,0,0,0,0,0,0,6,1,0,false
c:\Users\arthur.menezes_evolu\Desktop\Pes\InstaMaterial\app\src\main\java\io\github\froger\instamaterial\ui\view\FeedContextMenuManager.java,io.github.froger.instamaterial.ui.view.FeedContextMenuManager,getInstance/0,false,26,1,7,6,1,2,0,6,1,0,0,0,0,0,0,1,0,0,0,0,1,0,1,0,0,0,8,9,0,false
c:\Users\arthur.menezes_evolu\Desktop\Pes\InstaMaterial\app\src\main\java\io\github\froger\instamaterial\ui\view\FeedContextMenuManager.java,io.github.froger.instamaterial.ui.view.FeedContextMenuManager,"toggleContextMenuFromView/3[io.github.froger.instamaterial.ui.view.View,int,io.github.froger.instamaterial.ui.view.FeedContextMenu.OnFeedContextMenuItemClickListener]",false,37,3,3,1,2,2,2,8,0,0,3,2,2,2,0,1,0,0,0,0,0,0,1,0,0,0,10,1,0,false
c:\Users\arthur.menezes_evolu\Desktop\Pes\InstaMaterial\app\src\main\java\io\github\froger\instamaterial\ui\view\FeedContextMenuManager.java,io.github.froger.instamaterial.ui.view.FeedContextMenuManager,"onScrolled/3[io.github.froger.instamaterial.ui.view.RecyclerView,int,int]",false,118,2,2,1,1,2,3,6,0,0,3,3,1,2,0,1,0,0,0,0,0,1,1,0,0,0,10,1,0,false
c:\Users\arthur.menezes_evolu\Desktop\Pes\InstaMaterial\app\src\main\java\io\github\froger\instamaterial\ui\view\FeedContextMenuManager.java,io.github.froger.instamaterial.ui.view.FeedContextMenuManager,FeedContextMenuManager/0,true,33,0,1,1,0,1,0,2,0,0,0,0,0,0,0,0,0,0,0,0,0,0,0,0,0,0,4,2,0,false
c:\Users\arthur.menezes_evolu\Desktop\Pes\InstaMaterial\app\src\main\java\io\github\froger\instamaterial\ui\view\FeedContextMenuManager.java,io.github.froger.instamaterial.ui.view.FeedContextMenuManager,performShowAnimation/0,false,75,2,1,1,0,1,12,12,0,0,0,12,0,0,0,0,0,0,0,6,0,1,0,1,0,0,17,2,0,false
c:\Users\arthur.menezes_evolu\Desktop\Pes\InstaMaterial\app\src\main\java\io\github\froger\instamaterial\ui\view\FeedContextMenuManager.java,io.github.froger.instamaterial.ui.view.FeedContextMenuManager,setupContextMenuInitialPosition/1[io.github.froger.instamaterial.ui.view.View],false,67,3,2,1,1,1,6,7,0,2,1,6,0,0,0,0,0,0,0,5,2,3,0,0,0,0,11,2,0,false
c:\Users\arthur.menezes_evolu\Desktop\Pes\InstaMaterial\app\src\main\java\io\github\froger\instamaterial\ui\view\FeedContextMenuManager.java,io.github.froger.instamaterial.ui.view.FeedContextMenuManager,onViewDetachedFromWindow/1[io.github.froger.instamaterial.ui.view.View],false,131,1,0,0,0,1,0,3,0,0,1,0,0,0,0,0,0,0,0,0,1,0,0,0,0,0,9,1,0,false
c:\Users\arthur.menezes_evolu\Desktop\Pes\InstaMaterial\app\src\main\java\io\github\froger\instamaterial\ui\activity\TakePhotoActivity.java,io.github.froger.instamaterial.ui.activity.TakePhotoActivity$MyCameraHost$Anonymous4,run/0,false,237,1,4,0,4,1,1,3,0,0,0,1,0,0,0,0,0,0,0,0,0,0,0,0,0,0,5,1,0,false
c:\Users\arthur.menezes_evolu\Desktop\Pes\InstaMaterial\app\src\main\java\io\github\froger\instamaterial\ui\adapter\FeedAdapter.java,io.github.froger.instamaterial.ui.adapter.FeedAdapter$LoadingCellFeedViewHolder,bindView/1[io.github.froger.instamaterial.ui.adapter.FeedAdapter.FeedItem],false,223,1,0,0,0,1,1,3,0,0,1,1,0,0,0,0,0,0,0,0,0,0,0,0,0,0,5,1,0,false
c:\Users\arthur.menezes_evolu\Desktop\Pes\InstaMaterial\app\src\main\java\io\github\froger\instamaterial\ui\adapter\FeedAdapter.java,io.github.froger.instamaterial.ui.adapter.FeedAdapter$LoadingCellFeedViewHolder,LoadingCellFeedViewHolder/1[io.github.froger.instamaterial.ui.view.LoadingFeedItemView],true,217,1,1,1,0,1,0,4,0,0,1,0,0,0,0,0,0,0,0,0,1,0,0,0,0,0,7,1,0,false
c:\Users\arthur.menezes_evolu\Desktop\Pes\InstaMaterial\app\src\main\java\io\github\froger\instamaterial\ui\utils\RoundedTransformation.java,io.github.froger.instamaterial.ui.utils.RoundedTransformation,key/0,false,42,0,0,0,0,1,0,3,1,0,0,0,0,0,0,0,0,0,1,0,0,0,0,0,0,0,1,1,0,false
c:\Users\arthur.menezes_evolu\Desktop\Pes\InstaMaterial\app\src\main\java\io\github\froger\instamaterial\ui\utils\RoundedTransformation.java,io.github.froger.instamaterial.ui.utils.RoundedTransformation,transform/1[io.github.froger.instamaterial.ui.utils.Bitmap],false,15,4,0,0,0,2,9,19,1,9,1,9,0,0,0,1,0,2,0,3,9,5,1,0,0,0,17,1,0,false
c:\Users\arthur.menezes_evolu\Desktop\Pes\InstaMaterial\app\src\main\java\io\github\froger\instamaterial\ui\view\SquaredFrameLayout.java,io.github.froger.instamaterial.ui.view.SquaredFrameLayout,SquaredFrameLayout/1[io.github.froger.instamaterial.ui.view.Context],true,13,1,0,0,0,1,0,3,0,0,1,0,0,0,0,0,0,0,0,0,0,0,0,0,0,0,5,1,0,false
c:\Users\arthur.menezes_evolu\Desktop\Pes\InstaMaterial\app\src\main\java\io\github\froger\instamaterial\ui\view\SquaredFrameLayout.java,io.github.froger.instamaterial.ui.view.SquaredFrameLayout,"SquaredFrameLayout/3[io.github.froger.instamaterial.ui.view.Context,io.github.froger.instamaterial.ui.view.AttributeSet,int]",true,21,2,0,0,0,1,0,3,0,0,3,0,0,0,0,0,0,0,0,0,0,0,0,0,0,0,7,1,0,false
c:\Users\arthur.menezes_evolu\Desktop\Pes\InstaMaterial\app\src\main\java\io\github\froger\instamaterial\ui\view\SquaredFrameLayout.java,io.github.froger.instamaterial.ui.view.SquaredFrameLayout,"onMeasure/2[int,int]",false,31,0,0,0,0,1,1,3,0,0,2,1,0,0,0,0,0,0,0,0,0,0,0,0,0,0,4,4,0,false
c:\Users\arthur.menezes_evolu\Desktop\Pes\InstaMaterial\app\src\main\java\io\github\froger\instamaterial\ui\view\SquaredFrameLayout.java,io.github.froger.instamaterial.ui.view.SquaredFrameLayout,"SquaredFrameLayout/2[io.github.froger.instamaterial.ui.view.Context,io.github.froger.instamaterial.ui.view.AttributeSet]",true,17,2,0,0,0,1,0,3,0,0,2,0,0,0,0,0,0,0,0,0,0,0,0,0,0,0,5,1,0,false
c:\Users\arthur.menezes_evolu\Desktop\Pes\InstaMaterial\app\src\main\java\io\github\froger\instamaterial\ui\view\SquaredFrameLayout.java,io.github.froger.instamaterial.ui.view.SquaredFrameLayout,"SquaredFrameLayout/4[io.github.froger.instamaterial.ui.view.Context,io.github.froger.instamaterial.ui.view.AttributeSet,int,int]",true,26,3,0,0,0,1,0,3,0,0,4,0,0,0,0,0,0,0,0,0,0,0,0,0,0,0,7,1,0,false
c:\Users\arthur.menezes_evolu\Desktop\Pes\InstaMaterial\app\src\main\java\io\github\froger\instamaterial\ui\activity\BaseDrawerActivity.java,io.github.froger.instamaterial.ui.activity.BaseDrawerActivity$Anonymous1,onClick/1[io.github.froger.instamaterial.ui.activity.View],false,53,1,1,0,1,1,1,3,0,0,1,1,0,0,0,0,0,0,0,0,0,0,0,0,0,0,4,1,0,false
c:\Users\arthur.menezes_evolu\Desktop\Pes\InstaMaterial\app\src\main\java\io\github\froger\instamaterial\ui\activity\BaseDrawerActivity.java,io.github.froger.instamaterial.ui.activity.BaseDrawerActivity$Anonymous2,onClick/1[io.github.froger.instamaterial.ui.activity.View],false,65,2,1,0,1,1,1,3,0,0,1,1,0,0,0,0,0,0,0,0,0,0,0,0,0,0,7,1,0,false
c:\Users\arthur.menezes_evolu\Desktop\Pes\InstaMaterial\app\src\main\java\io\github\froger\instamaterial\ui\activity\BaseDrawerActivity.java,io.github.froger.instamaterial.ui.activity.BaseDrawerActivity$Anonymous3,run/0,false,83,2,4,0,4,1,4,7,0,1,0,4,0,0,0,0,0,0,0,5,2,1,0,0,0,0,6,1,0,false
c:\Users\arthur.menezes_evolu\Desktop\Pes\InstaMaterial\app\src\main\java\io\github\froger\instamaterial\ui\adapter\FeedAdapter.java,io.github.froger.instamaterial.ui.adapter.FeedAdapter$FeedItem,"FeedItem/2[int,boolean]",true,232,0,1,1,0,1,0,4,0,0,2,0,0,0,0,0,0,0,0,0,2,0,0,0,0,0,6,1,0,false
c:\Users\arthur.menezes_evolu\Desktop\Pes\InstaMaterial\app\src\main\java\io\github\froger\instamaterial\ui\view\LoadingFeedItemView.java,io.github.froger.instamaterial.ui.view.LoadingFeedItemView,init/0,false,51,0,4,4,0,1,4,4,0,0,0,4,0,0,0,0,0,0,0,0,0,0,0,0,0,0,3,2,0,false
c:\Users\arthur.menezes_evolu\Desktop\Pes\InstaMaterial\app\src\main\java\io\github\froger\instamaterial\ui\view\LoadingFeedItemView.java,io.github.froger.instamaterial.ui.view.LoadingFeedItemView,LoadingFeedItemView/1[io.github.froger.instamaterial.ui.view.Context],true,30,2,2,1,1,1,1,4,0,0,1,1,1,1,0,0,0,0,0,0,0,0,0,0,0,0,7,1,0,false
c:\Users\arthur.menezes_evolu\Desktop\Pes\InstaMaterial\app\src\main\java\io\github\froger\instamaterial\ui\view\LoadingFeedItemView.java,io.github.froger.instamaterial.ui.view.LoadingFeedItemView,startLoading/0,false,56,3,3,1,2,1,3,28,0,0,0,3,0,0,0,0,0,0,0,0,0,0,0,2,0,0,14,1,0,false
c:\Users\arthur.menezes_evolu\Desktop\Pes\InstaMaterial\app\src\main\java\io\github\froger\instamaterial\ui\view\LoadingFeedItemView.java,io.github.froger.instamaterial.ui.view.LoadingFeedItemView,setOnLoadingFinishedListener/1[io.github.froger.instamaterial.ui.view.LoadingFeedItemView.OnLoadingFinishedListener],false,86,1,1,1,0,1,0,3,0,0,1,0,0,0,0,0,0,0,0,0,1,0,0,0,0,0,6,1,0,false
c:\Users\arthur.menezes_evolu\Desktop\Pes\InstaMaterial\app\src\main\java\io\github\froger\instamaterial\ui\view\LoadingFeedItemView.java,io.github.froger.instamaterial.ui.view.LoadingFeedItemView,"LoadingFeedItemView/2[io.github.froger.instamaterial.ui.view.Context,io.github.froger.instamaterial.ui.view.AttributeSet]",true,35,3,1,0,1,1,1,4,0,0,2,1,1,1,0,0,0,0,0,0,0,0,0,0,0,0,7,1,0,false
c:\Users\arthur.menezes_evolu\Desktop\Pes\InstaMaterial\app\src\main\java\io\github\froger\instamaterial\ui\view\LoadingFeedItemView.java,io.github.froger.instamaterial.ui.view.LoadingFeedItemView,"LoadingFeedItemView/3[io.github.froger.instamaterial.ui.view.Context,io.github.froger.instamaterial.ui.view.AttributeSet,int]",true,40,3,1,0,1,1,1,4,0,0,3,1,1,1,0,0,0,0,0,0,0,0,0,0,0,0,9,1,0,false
c:\Users\arthur.menezes_evolu\Desktop\Pes\InstaMaterial\app\src\main\java\io\github\froger\instamaterial\ui\view\LoadingFeedItemView.java,io.github.froger.instamaterial.ui.view.LoadingFeedItemView,"LoadingFeedItemView/4[io.github.froger.instamaterial.ui.view.Context,io.github.froger.instamaterial.ui.view.AttributeSet,int,int]",true,46,4,1,0,1,1,1,4,0,0,4,1,1,1,0,0,0,0,0,0,0,0,0,0,0,0,9,1,0,false
c:\Users\arthur.menezes_evolu\Desktop\Pes\InstaMaterial\app\src\main\java\io\github\froger\instamaterial\ui\adapter\FeedAdapter.java,io.github.froger.instamaterial.ui.adapter.FeedAdapter$Anonymous1,onClick/1[io.github.froger.instamaterial.ui.adapter.View],false,67,2,4,0,4,1,2,3,0,0,1,2,0,0,0,0,0,0,0,0,0,0,0,0,0,0,4,1,0,false
c:\Users\arthur.menezes_evolu\Desktop\Pes\InstaMaterial\app\src\main\java\io\github\froger\instamaterial\ui\adapter\FeedAdapter.java,io.github.froger.instamaterial.ui.adapter.FeedAdapter$Anonymous2,onClick/1[io.github.froger.instamaterial.ui.adapter.View],false,73,2,4,0,4,1,2,3,0,0,1,2,0,0,0,0,0,0,0,0,0,0,0,0,0,0,4,1,0,false
c:\Users\arthur.menezes_evolu\Desktop\Pes\InstaMaterial\app\src\main\java\io\github\froger\instamaterial\ui\view\FeedContextMenu.java,io.github.froger.instamaterial.ui.view.FeedContextMenu$OnFeedContextMenuItemClickListener,onReportClick/1[int],false,82,0,1,1,0,1,0,1,0,0,1,0,0,0,0,0,0,0,0,0,0,0,0,0,0,0,5,1,0,false
c:\Users\arthur.menezes_evolu\Desktop\Pes\InstaMaterial\app\src\main\java\io\github\froger\instamaterial\ui\view\FeedContextMenu.java,io.github.froger.instamaterial.ui.view.FeedContextMenu$OnFeedContextMenuItemClickListener,onCopyShareUrlClick/1[int],false,86,0,1,1,0,1,0,1,0,0,1,0,0,0,0,0,0,0,0,0,0,0,0,0,0,0,7,1,0,false
c:\Users\arthur.menezes_evolu\Desktop\Pes\InstaMaterial\app\src\main\java\io\github\froger\instamaterial\ui\view\FeedContextMenu.java,io.github.froger.instamaterial.ui.view.FeedContextMenu$OnFeedContextMenuItemClickListener,onCancelClick/1[int],false,88,0,1,1,0,1,0,1,0,0,1,0,0,0,0,0,0,0,0,0,0,0,0,0,0,0,5,1,0,false
c:\Users\arthur.menezes_evolu\Desktop\Pes\InstaMaterial\app\src\main\java\io\github\froger\instamaterial\ui\view\FeedContextMenu.java,io.github.froger.instamaterial.ui.view.FeedContextMenu$OnFeedContextMenuItemClickListener,onSharePhotoClick/1[int],false,84,0,1,1,0,1,0,1,0,0,1,0,0,0,0,0,0,0,0,0,0,0,0,0,0,0,6,1,0,false
c:\Users\arthur.menezes_evolu\Desktop\Pes\InstaMaterial\app\src\main\java\io\github\froger\instamaterial\ui\adapter\FeedAdapter.java,io.github.froger.instamaterial.ui.adapter.FeedAdapter$Anonymous3,onClick/1[io.github.froger.instamaterial.ui.adapter.View],false,79,3,4,0,4,2,4,8,0,1,1,4,0,0,0,0,0,1,0,0,1,0,1,0,0,0,12,1,0,false
c:\Users\arthur.menezes_evolu\Desktop\Pes\InstaMaterial\app\src\androidTest\java\io\github\froger\instamaterial\ApplicationTest.java,io.github.froger.instamaterial.ApplicationTest,ApplicationTest/0,true,10,1,0,0,0,1,0,3,0,0,0,0,0,0,0,0,0,0,0,0,0,0,0,0,0,0,2,1,0,false
c:\Users\arthur.menezes_evolu\Desktop\Pes\InstaMaterial\app\src\main\java\io\github\froger\instamaterial\ui\adapter\FeedAdapter.java,io.github.froger.instamaterial.ui.adapter.FeedAdapter$Anonymous4,onClick/1[io.github.froger.instamaterial.ui.adapter.View],false,90,3,4,0,4,2,4,8,0,1,1,4,0,0,0,0,0,1,0,0,1,0,1,0,0,0,12,1,0,false
c:\Users\arthur.menezes_evolu\Desktop\Pes\InstaMaterial\app\src\main\java\io\github\froger\instamaterial\ui\adapter\FeedAdapter.java,io.github.froger.instamaterial.ui.adapter.FeedAdapter$Anonymous5,onClick/1[io.github.froger.instamaterial.ui.adapter.View],false,101,2,4,0,4,1,1,3,0,0,1,1,0,0,0,0,0,0,0,0,0,0,0,0,0,0,5,1,0,false
c:\Users\arthur.menezes_evolu\Desktop\Pes\InstaMaterial\app\src\main\java\io\github\froger\instamaterial\ui\adapter\UserProfileAdapter.java,io.github.froger.instamaterial.ui.adapter.UserProfileAdapter,UserProfileAdapter/1[io.github.froger.instamaterial.ui.adapter.Context],true,42,2,2,1,1,1,4,5,0,0,1,4,0,0,0,0,0,0,0,1,3,1,0,0,0,0,5,1,0,false
c:\Users\arthur.menezes_evolu\Desktop\Pes\InstaMaterial\app\src\main\java\io\github\froger\instamaterial\ui\adapter\UserProfileAdapter.java,io.github.froger.instamaterial.ui.adapter.UserProfileAdapter,animatePhoto/1[io.github.froger.instamaterial.ui.adapter.UserProfileAdapter.PhotoViewHolder],false,83,2,2,1,1,3,11,11,0,1,1,11,1,1,0,1,0,0,0,6,1,2,2,0,0,0,29,2,0,false
c:\Users\arthur.menezes_evolu\Desktop\Pes\InstaMaterial\app\src\main\java\io\github\froger\instamaterial\ui\adapter\UserProfileAdapter.java,io.github.froger.instamaterial.ui.adapter.UserProfileAdapter,"onCreateViewHolder/2[io.github.froger.instamaterial.ui.adapter.ViewGroup,int]",false,49,5,1,0,1,1,5,9,1,2,2,5,0,0,0,0,0,0,0,0,4,0,0,0,0,0,14,1,0,false
c:\Users\arthur.menezes_evolu\Desktop\Pes\InstaMaterial\app\src\main\java\io\github\froger\instamaterial\ui\adapter\UserProfileAdapter.java,io.github.froger.instamaterial.ui.adapter.UserProfileAdapter,getItemCount/0,false,105,0,0,0,0,1,1,3,1,0,0,1,0,0,0,0,0,0,0,0,0,0,0,0,0,0,3,1,0,false
c:\Users\arthur.menezes_evolu\Desktop\Pes\InstaMaterial\app\src\main\java\io\github\froger\instamaterial\ui\adapter\UserProfileAdapter.java,io.github.froger.instamaterial.ui.adapter.UserProfileAdapter,"bindPhoto/2[io.github.froger.instamaterial.ui.adapter.UserProfileAdapter.PhotoViewHolder,int]",false,64,2,1,1,0,2,6,11,0,0,2,6,0,0,0,0,0,0,0,0,1,0,1,1,0,0,15,2,0,false
c:\Users\arthur.menezes_evolu\Desktop\Pes\InstaMaterial\app\src\main\java\io\github\froger\instamaterial\ui\adapter\UserProfileAdapter.java,io.github.froger.instamaterial.ui.adapter.UserProfileAdapter,setLockedAnimations/1[boolean],false,121,0,3,3,0,1,0,3,0,0,1,0,0,0,0,0,0,0,0,0,1,0,0,0,0,0,4,1,0,false
c:\Users\arthur.menezes_evolu\Desktop\Pes\InstaMaterial\app\src\main\java\io\github\froger\instamaterial\ui\adapter\UserProfileAdapter.java,io.github.froger.instamaterial.ui.adapter.UserProfileAdapter,"onBindViewHolder/2[RecyclerView.ViewHolder,int]",false,60,3,1,0,1,1,1,3,0,0,2,1,1,1,0,0,0,0,0,0,0,0,0,0,0,0,7,1,0,false
c:\Users\arthur.menezes_evolu\Desktop\Pes\InstaMaterial\app\src\main\java\io\github\froger\instamaterial\ui\activity\MainActivity.java,io.github.froger.instamaterial.ui.activity.MainActivity,onReportClick/1[int],false,171,1,2,0,2,1,2,3,0,0,1,2,0,0,0,0,0,0,0,0,0,0,0,0,0,0,5,1,0,false
c:\Users\arthur.menezes_evolu\Desktop\Pes\InstaMaterial\app\src\main\java\io\github\froger\instamaterial\ui\activity\MainActivity.java,io.github.froger.instamaterial.ui.activity.MainActivity,onTakePhotoClick/0,false,191,3,1,0,1,1,4,7,0,1,0,4,0,0,0,0,0,0,0,5,2,1,0,0,0,0,9,1,0,false
c:\Users\arthur.menezes_evolu\Desktop\Pes\InstaMaterial\app\src\main\java\io\github\froger\instamaterial\ui\activity\MainActivity.java,io.github.froger.instamaterial.ui.activity.MainActivity,"onCommentsClick/2[io.github.froger.instamaterial.ui.activity.View,int]",false,147,4,0,0,0,1,4,8,0,2,2,4,0,0,0,0,0,0,0,4,2,0,0,0,0,0,14,1,0,false
c:\Users\arthur.menezes_evolu\Desktop\Pes\InstaMaterial\app\src\main\java\io\github\froger\instamaterial\ui\activity\MainActivity.java,io.github.froger.instamaterial.ui.activity.MainActivity,showLikedSnackbar/0,false,199,0,1,1,0,1,2,3,0,0,0,2,0,0,0,0,0,0,1,0,0,0,0,0,0,0,3,1,0,false
c:\Users\arthur.menezes_evolu\Desktop\Pes\InstaMaterial\app\src\main\java\io\github\froger\instamaterial\ui\activity\MainActivity.java,io.github.froger.instamaterial.ui.activity.MainActivity,startContentAnimation/0,false,136,2,2,1,1,1,7,4,0,0,0,7,0,0,0,0,0,0,0,3,0,0,0,0,0,0,18,2,0,false
c:\Users\arthur.menezes_evolu\Desktop\Pes\InstaMaterial\app\src\main\java\io\github\froger\instamaterial\ui\activity\MainActivity.java,io.github.froger.instamaterial.ui.activity.MainActivity,"onMoreClick/2[io.github.froger.instamaterial.ui.activity.View,int]",false,157,2,2,0,2,1,2,3,0,0,2,2,0,0,0,0,0,0,0,0,0,0,0,0,0,0,6,1,0,false
c:\Users\arthur.menezes_evolu\Desktop\Pes\InstaMaterial\app\src\main\java\io\github\froger\instamaterial\ui\activity\MainActivity.java,io.github.froger.instamaterial.ui.activity.MainActivity,onSharePhotoClick/1[int],false,176,1,2,0,2,1,2,3,0,0,1,2,0,0,0,0,0,0,0,0,0,0,0,0,0,0,6,1,0,false
c:\Users\arthur.menezes_evolu\Desktop\Pes\InstaMaterial\app\src\main\java\io\github\froger\instamaterial\ui\activity\MainActivity.java,io.github.froger.instamaterial.ui.activity.MainActivity,showFeedLoadingItemDelayed/0,false,87,1,2,1,1,1,1,9,0,0,0,1,0,0,0,0,0,0,0,1,0,0,0,1,0,0,8,2,0,false
c:\Users\arthur.menezes_evolu\Desktop\Pes\InstaMaterial\app\src\main\java\io\github\froger\instamaterial\ui\activity\MainActivity.java,io.github.froger.instamaterial.ui.activity.MainActivity,onCreateOptionsMenu/1[io.github.froger.instamaterial.ui.activity.Menu],false,98,2,1,0,1,2,2,8,1,0,1,2,1,1,0,0,0,0,0,0,1,0,1,0,0,0,11,1,0,false
c:\Users\arthur.menezes_evolu\Desktop\Pes\InstaMaterial\app\src\main\java\io\github\froger\instamaterial\ui\activity\MainActivity.java,io.github.froger.instamaterial.ui.activity.MainActivity,onNewIntent/1[io.github.froger.instamaterial.ui.activity.Intent],false,80,2,1,0,1,2,4,6,0,0,1,4,1,1,0,0,0,0,0,0,0,0,1,0,0,0,9,4,0,false
c:\Users\arthur.menezes_evolu\Desktop\Pes\InstaMaterial\app\src\main\java\io\github\froger\instamaterial\ui\activity\MainActivity.java,io.github.froger.instamaterial.ui.activity.MainActivity,onCancelClick/1[int],false,186,1,2,0,2,1,2,3,0,0,1,2,0,0,0,0,0,0,0,0,0,0,0,0,0,0,5,1,0,false
c:\Users\arthur.menezes_evolu\Desktop\Pes\InstaMaterial\app\src\main\java\io\github\froger\instamaterial\ui\activity\MainActivity.java,io.github.froger.instamaterial.ui.activity.MainActivity,setupFeed/0,false,58,4,4,1,3,1,5,19,0,1,0,5,0,0,0,0,0,0,0,0,2,0,0,2,0,0,19,2,0,false
c:\Users\arthur.menezes_evolu\Desktop\Pes\InstaMaterial\app\src\main\java\io\github\froger\instamaterial\ui\activity\MainActivity.java,io.github.froger.instamaterial.ui.activity.MainActivity,onCreate/1[io.github.froger.instamaterial.ui.activity.Bundle],false,46,4,3,0,3,2,4,11,0,0,1,4,1,1,0,1,0,0,0,0,1,0,1,0,0,0,17,4,0,false
c:\Users\arthur.menezes_evolu\Desktop\Pes\InstaMaterial\app\src\main\java\io\github\froger\instamaterial\ui\activity\MainActivity.java,io.github.froger.instamaterial.ui.activity.MainActivity,onCopyShareUrlClick/1[int],false,181,1,2,0,2,1,2,3,0,0,1,2,0,0,0,0,0,0,0,0,0,0,0,0,0,0,7,1,0,false
c:\Users\arthur.menezes_evolu\Desktop\Pes\InstaMaterial\app\src\main\java\io\github\froger\instamaterial\ui\activity\MainActivity.java,io.github.froger.instamaterial.ui.activity.MainActivity,startIntroAnimation/0,false,107,3,5,1,4,1,14,15,0,1,0,14,0,0,0,0,0,0,0,8,1,1,0,1,0,0,32,2,0,false
c:\Users\arthur.menezes_evolu\Desktop\Pes\InstaMaterial\app\src\main\java\io\github\froger\instamaterial\ui\activity\MainActivity.java,io.github.froger.instamaterial.ui.activity.MainActivity,onProfileClick/1[io.github.froger.instamaterial.ui.activity.View],false,162,3,1,0,1,1,4,7,0,1,1,4,0,0,0,0,0,0,0,5,2,1,0,0,0,0,10,1,0,false
c:\Users\arthur.menezes_evolu\Desktop\Pes\InstaMaterial\app\src\main\java\io\github\froger\instamaterial\ui\adapter\FeedAdapter.java,io.github.froger.instamaterial.ui.adapter.FeedAdapter$Anonymous6,onLoadingFinished/0,false,119,0,0,0,0,1,1,4,0,0,0,1,0,0,0,0,0,0,0,1,1,0,0,0,0,0,9,1,0,false
c:\Users\arthur.menezes_evolu\Desktop\Pes\InstaMaterial\app\src\main\java\io\github\froger\instamaterial\ui\view\SendingProgressView.java,io.github.froger.instamaterial.ui.view.SendingProgressView$OnLoadingFinishedListener,onLoadingFinished/0,false,252,0,1,1,0,1,0,1,0,0,0,0,0,0,0,0,0,0,0,0,0,0,0,0,0,0,3,1,0,false
c:\Users\arthur.menezes_evolu\Desktop\Pes\InstaMaterial\app\src\main\java\io\github\froger\instamaterial\ui\activity\PublishActivity.java,io.github.froger.instamaterial.ui.activity.PublishActivity,onOptionsItemSelected/1[io.github.froger.instamaterial.ui.activity.MenuItem],false,109,2,1,0,1,2,3,9,2,0,1,3,1,1,0,1,0,0,0,0,0,0,1,0,0,0,12,1,0,false
c:\Users\arthur.menezes_evolu\Desktop\Pes\InstaMaterial\app\src\main\java\io\github\froger\instamaterial\ui\activity\PublishActivity.java,io.github.froger.instamaterial.ui.activity.PublishActivity,onFollowersCheckedChange/1[boolean],false,132,1,0,0,0,2,1,7,0,0,1,1,0,0,0,0,0,0,0,0,2,0,1,0,0,0,10,1,0,false
c:\Users\arthur.menezes_evolu\Desktop\Pes\InstaMaterial\app\src\main\java\io\github\froger\instamaterial\ui\activity\PublishActivity.java,io.github.froger.instamaterial.ui.activity.PublishActivity,bringMainActivityToTop/0,false,118,2,1,1,0,1,3,6,0,1,0,3,0,0,0,0,0,0,0,0,1,0,0,0,0,0,8,2,0,false
c:\Users\arthur.menezes_evolu\Desktop\Pes\InstaMaterial\app\src\main\java\io\github\froger\instamaterial\ui\activity\PublishActivity.java,io.github.froger.instamaterial.ui.activity.PublishActivity,onSaveInstanceState/1[io.github.froger.instamaterial.ui.activity.Bundle],false,126,1,0,0,0,1,2,4,0,0,1,2,0,0,0,0,0,0,0,0,0,0,0,0,0,0,6,4,0,false
c:\Users\arthur.menezes_evolu\Desktop\Pes\InstaMaterial\app\src\main\java\io\github\froger\instamaterial\ui\activity\PublishActivity.java,io.github.froger.instamaterial.ui.activity.PublishActivity,onCreateOptionsMenu/1[io.github.froger.instamaterial.ui.activity.Menu],false,103,1,0,0,0,1,2,4,1,0,1,2,0,0,0,0,0,0,0,0,0,0,0,0,0,0,8,1,0,false
c:\Users\arthur.menezes_evolu\Desktop\Pes\InstaMaterial\app\src\main\java\io\github\froger\instamaterial\ui\activity\PublishActivity.java,io.github.froger.instamaterial.ui.activity.PublishActivity,onDirectCheckedChange/1[boolean],false,141,1,0,0,0,2,1,7,0,0,1,1,0,0,0,0,0,0,0,0,2,0,1,0,0,0,10,1,0,false
c:\Users\arthur.menezes_evolu\Desktop\Pes\InstaMaterial\app\src\main\java\io\github\froger\instamaterial\ui\activity\PublishActivity.java,io.github.froger.instamaterial.ui.activity.PublishActivity,"openWithPhotoUri/2[io.github.froger.instamaterial.ui.activity.Activity,io.github.froger.instamaterial.ui.activity.Uri]",false,41,4,1,1,0,1,2,5,0,1,2,2,0,0,0,0,0,0,0,0,1,0,0,0,0,0,8,9,0,false
c:\Users\arthur.menezes_evolu\Desktop\Pes\InstaMaterial\app\src\main\java\io\github\froger\instamaterial\ui\activity\PublishActivity.java,io.github.froger.instamaterial.ui.activity.PublishActivity,updateStatusBarColor/0,false,72,2,2,1,1,2,3,5,0,0,0,3,0,0,0,0,0,0,0,1,0,0,1,0,0,0,7,2,0,false
c:\Users\arthur.menezes_evolu\Desktop\Pes\InstaMaterial\app\src\main\java\io\github\froger\instamaterial\ui\activity\PublishActivity.java,io.github.froger.instamaterial.ui.activity.PublishActivity,onCreate/1[io.github.froger.instamaterial.ui.activity.Bundle],false,48,4,2,0,2,2,11,21,0,0,1,11,1,1,0,1,0,0,0,0,3,0,1,1,0,0,39,4,0,false
c:\Users\arthur.menezes_evolu\Desktop\Pes\InstaMaterial\app\src\main\java\io\github\froger\instamaterial\ui\activity\PublishActivity.java,io.github.froger.instamaterial.ui.activity.PublishActivity,loadThumbnailPhoto/0,false,78,1,1,1,0,1,7,12,0,0,0,7,0,0,0,0,0,0,0,2,0,0,0,1,0,0,11,2,0,false
c:\Users\arthur.menezes_evolu\Desktop\Pes\InstaMaterial\app\src\main\java\io\github\froger\instamaterial\ui\view\FeedContextMenu.java,io.github.froger.instamaterial.ui.view.FeedContextMenu,onReportClick/0,false,50,2,1,0,1,2,1,5,0,0,0,1,0,0,0,1,0,0,0,0,0,0,1,0,0,0,7,1,0,false
c:\Users\arthur.menezes_evolu\Desktop\Pes\InstaMaterial\app\src\main\java\io\github\froger\instamaterial\ui\view\FeedContextMenu.java,io.github.froger.instamaterial.ui.view.FeedContextMenu,FeedContextMenu/1[io.github.froger.instamaterial.ui.view.Context],true,23,2,2,1,1,1,1,4,0,0,1,1,1,1,0,0,0,0,0,0,0,0,0,0,0,0,5,1,0,false
c:\Users\arthur.menezes_evolu\Desktop\Pes\InstaMaterial\app\src\main\java\io\github\froger\instamaterial\ui\view\FeedContextMenu.java,io.github.froger.instamaterial.ui.view.FeedContextMenu,dismiss/0,false,45,1,1,1,0,1,2,3,0,0,0,2,0,0,0,0,0,1,0,0,0,0,0,0,0,0,5,1,0,false
c:\Users\arthur.menezes_evolu\Desktop\Pes\InstaMaterial\app\src\main\java\io\github\froger\instamaterial\ui\view\FeedContextMenu.java,io.github.froger.instamaterial.ui.view.FeedContextMenu,onSharePhotoClick/0,false,57,2,1,0,1,2,1,5,0,0,0,1,0,0,0,1,0,0,0,0,0,0,1,0,0,0,8,1,0,false
c:\Users\arthur.menezes_evolu\Desktop\Pes\InstaMaterial\app\src\main\java\io\github\froger\instamaterial\ui\view\FeedContextMenu.java,io.github.froger.instamaterial.ui.view.FeedContextMenu,setOnFeedMenuItemClickListener/1[io.github.froger.instamaterial.ui.view.FeedContextMenu.OnFeedContextMenuItemClickListener],false,77,1,1,1,0,1,0,3,0,0,1,0,0,0,0,0,0,0,0,0,1,0,0,0,0,0,9,1,0,false
c:\Users\arthur.menezes_evolu\Desktop\Pes\InstaMaterial\app\src\main\java\io\github\froger\instamaterial\ui\view\FeedContextMenu.java,io.github.froger.instamaterial.ui.view.FeedContextMenu,bindToItem/1[int],false,35,0,1,1,0,1,0,3,0,0,1,0,0,0,0,0,0,0,0,0,1,0,0,0,0,0,4,1,0,false
c:\Users\arthur.menezes_evolu\Desktop\Pes\InstaMaterial\app\src\main\java\io\github\froger\instamaterial\ui\view\FeedContextMenu.java,io.github.froger.instamaterial.ui.view.FeedContextMenu,onCopyShareUrlClick/0,false,64,2,1,0,1,2,1,5,0,0,0,1,0,0,0,1,0,0,0,0,0,0,1,0,0,0,9,1,0,false
c:\Users\arthur.menezes_evolu\Desktop\Pes\InstaMaterial\app\src\main\java\io\github\froger\instamaterial\ui\view\FeedContextMenu.java,io.github.froger.instamaterial.ui.view.FeedContextMenu,init/0,false,28,1,1,1,0,1,6,6,0,0,0,6,0,0,0,0,0,0,0,0,0,0,0,0,0,0,17,2,0,false
c:\Users\arthur.menezes_evolu\Desktop\Pes\InstaMaterial\app\src\main\java\io\github\froger\instamaterial\ui\view\FeedContextMenu.java,io.github.froger.instamaterial.ui.view.FeedContextMenu,onAttachedToWindow/0,false,40,0,0,0,0,1,2,4,0,0,0,2,0,0,0,0,0,0,0,0,0,0,0,0,0,0,4,4,0,false
c:\Users\arthur.menezes_evolu\Desktop\Pes\InstaMaterial\app\src\main\java\io\github\froger\instamaterial\ui\view\FeedContextMenu.java,io.github.froger.instamaterial.ui.view.FeedContextMenu,onCancelClick/0,false,71,2,1,0,1,2,1,5,0,0,0,1,0,0,0,1,0,0,0,0,0,0,1,0,0,0,7,1,0,false
c:\Users\arthur.menezes_evolu\Desktop\Pes\InstaMaterial\app\src\main\java\io\github\froger\instamaterial\ui\adapter\FeedItemAnimator.java,io.github.froger.instamaterial.ui.adapter.FeedItemAnimator$FeedItemHolderInfo,FeedItemHolderInfo/1[java.lang.String],true,244,0,1,1,0,1,0,3,0,0,1,0,0,0,0,0,0,0,0,0,1,0,0,0,0,0,6,1,0,false
