file,class,method,constructor,line,cbo,cboModified,fanin,fanout,wmc,rfc,loc,returnsQty,variablesQty,parametersQty,methodsInvokedQty,methodsInvokedLocalQty,methodsInvokedIndirectLocalQty,loopQty,comparisonsQty,tryCatchQty,parenthesizedExpsQty,stringLiteralsQty,numbersQty,assignmentsQty,mathOperationsQty,maxNestedBlocksQty,anonymousClassesQty,innerClassesQty,lambdasQty,uniqueWordsQty,modifiers,logStatementsQty,hasJavaDoc
c:\Users\arthur.menezes_evolu\Desktop\Pes\AndroidSwipeLayout\demo\src\main\java\com\daimajia\swipedemo\GridViewExample.java,com.daimajia.swipedemo.GridViewExample,onCreate/1[com.daimajia.swipedemo.Bundle],false,16,5,2,0,2,1,9,30,0,2,1,9,0,0,0,0,0,0,0,0,2,0,0,3,0,0,25,4,0,false
c:\Users\arthur.menezes_evolu\Desktop\Pes\AndroidSwipeLayout\library\src\main\java\com\daimajia\swipe\SwipeLayout.java,com.daimajia.swipe.SwipeLayout$Anonymous1,getViewVerticalDragRange/1[com.daimajia.swipe.View],false,330,1,0,0,0,1,0,3,1,0,1,0,0,0,0,0,0,0,0,0,0,0,0,0,0,0,8,1,0,false
c:\Users\arthur.menezes_evolu\Desktop\Pes\AndroidSwipeLayout\library\src\main\java\com\daimajia\swipe\SwipeLayout.java,com.daimajia.swipe.SwipeLayout$Anonymous1,getViewHorizontalDragRange/1[com.daimajia.swipe.View],false,325,1,0,0,0,1,0,3,1,0,1,0,0,0,0,0,0,0,0,0,0,0,0,0,0,0,8,1,0,false
c:\Users\arthur.menezes_evolu\Desktop\Pes\AndroidSwipeLayout\library\src\main\java\com\daimajia\swipe\SwipeLayout.java,com.daimajia.swipe.SwipeLayout$Anonymous1,"clampViewPositionHorizontal/3[com.daimajia.swipe.View,int,int]",false,223,2,2,0,2,19,4,37,9,0,3,4,0,0,0,4,0,0,0,0,0,6,4,0,0,0,21,1,0,false
c:\Users\arthur.menezes_evolu\Desktop\Pes\AndroidSwipeLayout\library\src\main\java\com\daimajia\swipe\SwipeLayout.java,com.daimajia.swipe.SwipeLayout$Anonymous1,"onViewReleased/3[com.daimajia.swipe.View,float,float]",false,337,3,2,0,2,2,4,8,0,0,3,4,0,0,1,0,0,0,0,0,0,0,1,0,0,0,13,1,0,false
c:\Users\arthur.menezes_evolu\Desktop\Pes\AndroidSwipeLayout\library\src\main\java\com\daimajia\swipe\SwipeLayout.java,com.daimajia.swipe.SwipeLayout$Anonymous1,"onViewPositionChanged/5[com.daimajia.swipe.View,int,int,int,int]",false,348,3,7,0,7,18,20,38,1,9,5,20,0,0,0,12,0,0,0,0,13,4,6,0,0,0,42,1,0,false
c:\Users\arthur.menezes_evolu\Desktop\Pes\AndroidSwipeLayout\library\src\main\java\com\daimajia\swipe\SwipeLayout.java,com.daimajia.swipe.SwipeLayout$Anonymous1,"clampViewPositionVertical/3[com.daimajia.swipe.View,int,int]",false,264,2,1,0,1,23,4,47,13,2,3,4,0,0,0,4,0,0,0,1,2,14,4,0,0,0,22,1,0,false
c:\Users\arthur.menezes_evolu\Desktop\Pes\AndroidSwipeLayout\library\src\main\java\com\daimajia\swipe\SwipeLayout.java,com.daimajia.swipe.SwipeLayout$Anonymous1,"tryCaptureView/2[com.daimajia.swipe.View,int]",false,316,2,3,0,3,3,4,7,1,1,2,4,0,0,0,2,0,0,0,0,2,0,1,0,0,0,17,1,0,false
c:\Users\arthur.menezes_evolu\Desktop\Pes\AndroidSwipeLayout\library\src\main\java\com\daimajia\swipe\interfaces\SwipeItemMangerInterface.java,com.daimajia.swipe.interfaces.SwipeItemMangerInterface,closeAllItems/0,false,16,0,0,0,0,1,0,1,0,0,0,0,0,0,0,0,0,0,0,0,0,0,0,0,0,0,3,0,0,false
c:\Users\arthur.menezes_evolu\Desktop\Pes\AndroidSwipeLayout\library\src\main\java\com\daimajia\swipe\interfaces\SwipeItemMangerInterface.java,com.daimajia.swipe.interfaces.SwipeItemMangerInterface,closeItem/1[int],false,12,0,0,0,0,1,0,1,0,0,1,0,0,0,0,0,0,0,0,0,0,0,0,0,0,0,3,0,0,false
c:\Users\arthur.menezes_evolu\Desktop\Pes\AndroidSwipeLayout\library\src\main\java\com\daimajia\swipe\interfaces\SwipeItemMangerInterface.java,com.daimajia.swipe.interfaces.SwipeItemMangerInterface,isOpen/1[int],false,24,0,0,0,0,1,0,1,0,0,1,0,0,0,0,0,0,0,0,0,0,0,0,0,0,0,3,0,0,false
c:\Users\arthur.menezes_evolu\Desktop\Pes\AndroidSwipeLayout\library\src\main\java\com\daimajia\swipe\interfaces\SwipeItemMangerInterface.java,com.daimajia.swipe.interfaces.SwipeItemMangerInterface,closeAllExcept/1[com.daimajia.swipe.SwipeLayout],false,14,1,0,0,0,1,0,1,0,0,1,0,0,0,0,0,0,0,0,0,0,0,0,0,0,0,6,0,0,false
c:\Users\arthur.menezes_evolu\Desktop\Pes\AndroidSwipeLayout\library\src\main\java\com\daimajia\swipe\interfaces\SwipeItemMangerInterface.java,com.daimajia.swipe.interfaces.SwipeItemMangerInterface,getOpenLayouts/0,false,20,1,0,0,0,1,0,1,0,0,0,0,0,0,0,0,0,0,0,0,0,0,0,0,0,0,3,0,0,false
c:\Users\arthur.menezes_evolu\Desktop\Pes\AndroidSwipeLayout\library\src\main\java\com\daimajia\swipe\interfaces\SwipeItemMangerInterface.java,com.daimajia.swipe.interfaces.SwipeItemMangerInterface,getOpenItems/0,false,18,0,0,0,0,1,0,1,0,0,0,0,0,0,0,0,0,0,0,0,0,0,0,0,0,0,3,0,0,false
c:\Users\arthur.menezes_evolu\Desktop\Pes\AndroidSwipeLayout\library\src\main\java\com\daimajia\swipe\interfaces\SwipeItemMangerInterface.java,com.daimajia.swipe.interfaces.SwipeItemMangerInterface,removeShownLayouts/1[com.daimajia.swipe.SwipeLayout],false,22,1,0,0,0,1,0,1,0,0,1,0,0,0,0,0,0,0,0,0,0,0,0,0,0,0,6,0,0,false
c:\Users\arthur.menezes_evolu\Desktop\Pes\AndroidSwipeLayout\library\src\main\java\com\daimajia\swipe\interfaces\SwipeItemMangerInterface.java,com.daimajia.swipe.interfaces.SwipeItemMangerInterface,openItem/1[int],false,10,0,0,0,0,1,0,1,0,0,1,0,0,0,0,0,0,0,0,0,0,0,0,0,0,0,3,0,0,false
c:\Users\arthur.menezes_evolu\Desktop\Pes\AndroidSwipeLayout\library\src\main\java\com\daimajia\swipe\interfaces\SwipeItemMangerInterface.java,com.daimajia.swipe.interfaces.SwipeItemMangerInterface,getMode/0,false,26,1,0,0,0,1,0,1,0,0,0,0,0,0,0,0,0,0,0,0,0,0,0,0,0,0,2,0,0,false
c:\Users\arthur.menezes_evolu\Desktop\Pes\AndroidSwipeLayout\library\src\main\java\com\daimajia\swipe\interfaces\SwipeItemMangerInterface.java,com.daimajia.swipe.interfaces.SwipeItemMangerInterface,setMode/1[com.daimajia.swipe.util.Attributes.Mode],false,28,1,0,0,0,1,0,1,0,0,1,0,0,0,0,0,0,0,0,0,0,0,0,0,0,0,3,0,0,false
c:\Users\arthur.menezes_evolu\Desktop\Pes\AndroidSwipeLayout\library\src\main\java\com\daimajia\swipe\SwipeLayout.java,com.daimajia.swipe.SwipeLayout$Anonymous3,onLongClick/1[com.daimajia.swipe.View],false,1157,2,1,0,1,1,1,4,1,0,1,1,0,0,0,0,0,0,0,0,0,0,0,0,0,0,9,1,0,false
c:\Users\arthur.menezes_evolu\Desktop\Pes\AndroidSwipeLayout\library\src\main\java\com\daimajia\swipe\SwipeLayout.java,com.daimajia.swipe.SwipeLayout$Anonymous2,onClick/1[com.daimajia.swipe.View],false,1149,2,1,0,1,1,1,3,0,0,1,1,0,0,0,0,0,0,0,0,0,0,0,0,0,0,7,1,0,false
c:\Users\arthur.menezes_evolu\Desktop\Pes\AndroidSwipeLayout\demo\src\main\java\com\daimajia\swipedemo\adapter\RecyclerViewAdapter.java,com.daimajia.swipedemo.adapter.RecyclerViewAdapter$SimpleViewHolder,SimpleViewHolder/1[com.daimajia.swipedemo.adapter.View],true,30,4,1,1,0,1,2,14,0,0,1,2,0,0,0,0,0,0,0,0,4,0,0,1,0,0,19,1,0,false
c:\Users\arthur.menezes_evolu\Desktop\Pes\AndroidSwipeLayout\library\src\main\java\com\daimajia\swipe\adapters\CursorSwipeAdapter.java,com.daimajia.swipe.adapters.CursorSwipeAdapter,setMode/1[com.daimajia.swipe.util.Attributes.Mode],false,82,2,1,0,1,1,1,3,0,0,1,1,0,0,0,0,0,0,0,0,0,0,0,0,0,0,3,1,0,false
c:\Users\arthur.menezes_evolu\Desktop\Pes\AndroidSwipeLayout\library\src\main\java\com\daimajia\swipe\adapters\CursorSwipeAdapter.java,com.daimajia.swipe.adapters.CursorSwipeAdapter,openItem/1[int],false,37,1,1,0,1,1,1,3,0,0,1,1,0,0,0,0,0,0,0,0,0,0,0,0,0,0,3,1,0,false
c:\Users\arthur.menezes_evolu\Desktop\Pes\AndroidSwipeLayout\library\src\main\java\com\daimajia\swipe\adapters\CursorSwipeAdapter.java,com.daimajia.swipe.adapters.CursorSwipeAdapter,closeAllItems/0,false,52,1,1,0,1,1,1,3,0,0,0,1,0,0,0,0,0,0,0,0,0,0,0,0,0,0,3,1,0,false
c:\Users\arthur.menezes_evolu\Desktop\Pes\AndroidSwipeLayout\library\src\main\java\com\daimajia\swipe\adapters\CursorSwipeAdapter.java,com.daimajia.swipe.adapters.CursorSwipeAdapter,getOpenItems/0,false,57,1,1,0,1,1,1,3,1,0,0,1,0,0,0,0,0,0,0,0,0,0,0,0,0,0,3,1,0,false
c:\Users\arthur.menezes_evolu\Desktop\Pes\AndroidSwipeLayout\library\src\main\java\com\daimajia\swipe\adapters\CursorSwipeAdapter.java,com.daimajia.swipe.adapters.CursorSwipeAdapter,closeAllExcept/1[com.daimajia.swipe.SwipeLayout],false,47,2,1,0,1,1,1,3,0,0,1,1,0,0,0,0,0,0,0,0,0,0,0,0,0,0,6,1,0,false
c:\Users\arthur.menezes_evolu\Desktop\Pes\AndroidSwipeLayout\library\src\main\java\com\daimajia\swipe\adapters\CursorSwipeAdapter.java,com.daimajia.swipe.adapters.CursorSwipeAdapter,"CursorSwipeAdapter/3[com.daimajia.swipe.adapters.Context,com.daimajia.swipe.adapters.Cursor,int]",true,25,2,0,0,0,1,0,3,0,0,3,0,0,0,0,0,0,0,0,0,0,0,0,0,0,0,5,4,0,false
c:\Users\arthur.menezes_evolu\Desktop\Pes\AndroidSwipeLayout\library\src\main\java\com\daimajia\swipe\adapters\CursorSwipeAdapter.java,com.daimajia.swipe.adapters.CursorSwipeAdapter,closeItem/1[int],false,42,1,1,0,1,1,1,3,0,0,1,1,0,0,0,0,0,0,0,0,0,0,0,0,0,0,3,1,0,false
c:\Users\arthur.menezes_evolu\Desktop\Pes\AndroidSwipeLayout\library\src\main\java\com\daimajia\swipe\adapters\CursorSwipeAdapter.java,com.daimajia.swipe.adapters.CursorSwipeAdapter,removeShownLayouts/1[com.daimajia.swipe.SwipeLayout],false,67,2,1,0,1,1,1,3,0,0,1,1,0,0,0,0,0,0,0,0,0,0,0,0,0,0,6,1,0,false
c:\Users\arthur.menezes_evolu\Desktop\Pes\AndroidSwipeLayout\library\src\main\java\com\daimajia\swipe\adapters\CursorSwipeAdapter.java,com.daimajia.swipe.adapters.CursorSwipeAdapter,isOpen/1[int],false,72,1,1,0,1,1,1,3,1,0,1,1,0,0,0,0,0,0,0,0,0,0,0,0,0,0,3,1,0,false
c:\Users\arthur.menezes_evolu\Desktop\Pes\AndroidSwipeLayout\library\src\main\java\com\daimajia\swipe\adapters\CursorSwipeAdapter.java,com.daimajia.swipe.adapters.CursorSwipeAdapter,"CursorSwipeAdapter/3[com.daimajia.swipe.adapters.Context,com.daimajia.swipe.adapters.Cursor,boolean]",true,21,2,0,0,0,1,0,3,0,0,3,0,0,0,0,0,0,0,0,0,0,0,0,0,0,0,6,4,0,false
c:\Users\arthur.menezes_evolu\Desktop\Pes\AndroidSwipeLayout\library\src\main\java\com\daimajia\swipe\adapters\CursorSwipeAdapter.java,com.daimajia.swipe.adapters.CursorSwipeAdapter,getOpenLayouts/0,false,62,2,1,0,1,1,1,3,1,0,0,1,0,0,0,0,0,0,0,0,0,0,0,0,0,0,3,1,0,false
c:\Users\arthur.menezes_evolu\Desktop\Pes\AndroidSwipeLayout\library\src\main\java\com\daimajia\swipe\adapters\CursorSwipeAdapter.java,com.daimajia.swipe.adapters.CursorSwipeAdapter,"getView/3[int,com.daimajia.swipe.adapters.View,com.daimajia.swipe.adapters.ViewGroup]",false,30,3,1,0,1,1,2,5,1,1,3,2,0,0,0,0,0,0,0,0,1,0,0,0,0,0,4,1,0,false
c:\Users\arthur.menezes_evolu\Desktop\Pes\AndroidSwipeLayout\library\src\main\java\com\daimajia\swipe\adapters\CursorSwipeAdapter.java,com.daimajia.swipe.adapters.CursorSwipeAdapter,getMode/0,false,77,2,1,0,1,1,1,3,1,0,0,1,0,0,0,0,0,0,0,0,0,0,0,0,0,0,2,1,0,false
c:\Users\arthur.menezes_evolu\Desktop\Pes\AndroidSwipeLayout\demo\src\main\java\com\daimajia\swipedemo\adapter\RecyclerViewAdapter.java,com.daimajia.swipedemo.adapter.RecyclerViewAdapter$SimpleViewHolder$Anonymous1,onClick/1[com.daimajia.swipedemo.adapter.View],false,39,1,2,0,2,1,8,4,0,0,1,8,0,0,0,0,0,0,2,0,0,2,0,0,0,0,6,1,0,false
c:\Users\arthur.menezes_evolu\Desktop\Pes\AndroidSwipeLayout\demo\src\main\java\com\daimajia\swipedemo\adapter\util\DividerItemDecoration.java,com.daimajia.swipedemo.adapter.util.DividerItemDecoration,"DividerItemDecoration/2[com.daimajia.swipedemo.adapter.util.Context,com.daimajia.swipedemo.adapter.util.AttributeSet]",true,20,4,0,0,0,1,3,5,0,1,2,3,0,0,0,0,0,0,0,1,2,0,0,0,0,0,9,1,0,false
c:\Users\arthur.menezes_evolu\Desktop\Pes\AndroidSwipeLayout\demo\src\main\java\com\daimajia\swipedemo\adapter\util\DividerItemDecoration.java,com.daimajia.swipedemo.adapter.util.DividerItemDecoration,"DividerItemDecoration/3[com.daimajia.swipedemo.adapter.util.Drawable,boolean,boolean]",true,39,1,0,0,0,1,0,5,0,0,3,0,0,0,0,0,0,0,0,0,2,0,0,0,0,0,10,1,0,false
c:\Users\arthur.menezes_evolu\Desktop\Pes\AndroidSwipeLayout\demo\src\main\java\com\daimajia\swipedemo\adapter\util\DividerItemDecoration.java,com.daimajia.swipedemo.adapter.util.DividerItemDecoration,"getItemOffsets/4[com.daimajia.swipedemo.adapter.util.Rect,com.daimajia.swipedemo.adapter.util.View,com.daimajia.swipedemo.adapter.util.RecyclerView,RecyclerView.State]",false,47,5,1,0,1,4,5,15,2,0,4,5,1,1,0,2,0,0,0,1,2,0,1,0,0,0,11,1,0,false
c:\Users\arthur.menezes_evolu\Desktop\Pes\AndroidSwipeLayout\demo\src\main\java\com\daimajia\swipedemo\adapter\util\DividerItemDecoration.java,com.daimajia.swipedemo.adapter.util.DividerItemDecoration,getOrientation/1[com.daimajia.swipedemo.adapter.util.RecyclerView],false,116,2,2,2,0,2,2,9,1,1,1,2,0,0,0,0,0,0,1,0,1,0,1,0,0,0,18,2,0,false
c:\Users\arthur.menezes_evolu\Desktop\Pes\AndroidSwipeLayout\demo\src\main\java\com\daimajia\swipedemo\adapter\util\DividerItemDecoration.java,com.daimajia.swipedemo.adapter.util.DividerItemDecoration,"DividerItemDecoration/4[com.daimajia.swipedemo.adapter.util.Context,com.daimajia.swipedemo.adapter.util.AttributeSet,boolean,boolean]",true,28,2,0,0,0,1,0,5,0,0,4,0,0,0,0,0,0,0,0,0,2,0,0,0,0,0,9,1,0,false
c:\Users\arthur.menezes_evolu\Desktop\Pes\AndroidSwipeLayout\demo\src\main\java\com\daimajia\swipedemo\adapter\util\DividerItemDecoration.java,com.daimajia.swipedemo.adapter.util.DividerItemDecoration,"onDrawOver/3[com.daimajia.swipedemo.adapter.util.Canvas,com.daimajia.swipedemo.adapter.util.RecyclerView,RecyclerView.State]",false,64,5,1,0,1,9,19,47,1,12,3,19,1,1,1,4,0,0,0,8,25,11,2,0,0,0,26,1,0,false
c:\Users\arthur.menezes_evolu\Desktop\Pes\AndroidSwipeLayout\demo\src\main\java\com\daimajia\swipedemo\adapter\util\DividerItemDecoration.java,com.daimajia.swipedemo.adapter.util.DividerItemDecoration,DividerItemDecoration/1[com.daimajia.swipedemo.adapter.util.Drawable],true,34,1,1,1,0,1,0,3,0,0,1,0,0,0,0,0,0,0,0,0,1,0,0,0,0,0,6,1,0,false
c:\Users\arthur.menezes_evolu\Desktop\Pes\AndroidSwipeLayout\library\src\main\java\com\daimajia\swipe\SimpleSwipeListener.java,com.daimajia.swipe.SimpleSwipeListener,onStartOpen/1[com.daimajia.swipe.SwipeLayout],false,6,1,0,0,0,1,0,2,0,0,1,0,0,0,0,0,0,0,0,0,0,0,0,0,0,0,6,1,0,false
c:\Users\arthur.menezes_evolu\Desktop\Pes\AndroidSwipeLayout\library\src\main\java\com\daimajia\swipe\SimpleSwipeListener.java,com.daimajia.swipe.SimpleSwipeListener,"onUpdate/3[com.daimajia.swipe.SwipeLayout,int,int]",false,22,1,0,0,0,1,0,2,0,0,3,0,0,0,0,0,0,0,0,0,0,0,0,0,0,0,6,1,0,false
c:\Users\arthur.menezes_evolu\Desktop\Pes\AndroidSwipeLayout\library\src\main\java\com\daimajia\swipe\SimpleSwipeListener.java,com.daimajia.swipe.SimpleSwipeListener,"onHandRelease/3[com.daimajia.swipe.SwipeLayout,float,float]",false,26,1,0,0,0,1,0,2,0,0,3,0,0,0,0,0,0,0,0,0,0,0,0,0,0,0,6,1,0,false
c:\Users\arthur.menezes_evolu\Desktop\Pes\AndroidSwipeLayout\library\src\main\java\com\daimajia\swipe\SimpleSwipeListener.java,com.daimajia.swipe.SimpleSwipeListener,onStartClose/1[com.daimajia.swipe.SwipeLayout],false,14,1,0,0,0,1,0,2,0,0,1,0,0,0,0,0,0,0,0,0,0,0,0,0,0,0,6,1,0,false
c:\Users\arthur.menezes_evolu\Desktop\Pes\AndroidSwipeLayout\library\src\main\java\com\daimajia\swipe\SimpleSwipeListener.java,com.daimajia.swipe.SimpleSwipeListener,onClose/1[com.daimajia.swipe.SwipeLayout],false,18,1,0,0,0,1,0,2,0,0,1,0,0,0,0,0,0,0,0,0,0,0,0,0,0,0,5,1,0,false
c:\Users\arthur.menezes_evolu\Desktop\Pes\AndroidSwipeLayout\library\src\main\java\com\daimajia\swipe\SimpleSwipeListener.java,com.daimajia.swipe.SimpleSwipeListener,onOpen/1[com.daimajia.swipe.SwipeLayout],false,10,1,0,0,0,1,0,2,0,0,1,0,0,0,0,0,0,0,0,0,0,0,0,0,0,0,5,1,0,false
c:\Users\arthur.menezes_evolu\Desktop\Pes\AndroidSwipeLayout\demo\src\main\java\com\daimajia\swipedemo\adapter\ListViewAdapter.java,com.daimajia.swipedemo.adapter.ListViewAdapter$Anonymous1,onOpen/1[com.daimajia.swipe.SwipeLayout],false,36,1,0,0,0,1,5,3,0,0,1,5,0,0,0,0,0,0,0,2,0,0,0,0,0,0,5,1,0,false
c:\Users\arthur.menezes_evolu\Desktop\Pes\AndroidSwipeLayout\demo\src\main\java\com\daimajia\swipedemo\MyActivity.java,com.daimajia.swipedemo.MyActivity$Anonymous15,onClick/1[com.daimajia.swipedemo.View],false,155,1,0,0,0,1,2,3,0,0,1,2,0,0,0,0,0,0,1,0,0,0,0,0,0,0,4,1,0,false
c:\Users\arthur.menezes_evolu\Desktop\Pes\AndroidSwipeLayout\demo\src\main\java\com\daimajia\swipedemo\NestedExample.java,com.daimajia.swipedemo.NestedExample$Anonymous1,"onDoubleClick/2[com.daimajia.swipe.SwipeLayout,boolean]",false,19,1,0,0,0,1,3,3,0,0,2,3,0,0,0,0,0,0,1,0,0,0,0,0,0,0,9,1,0,false
c:\Users\arthur.menezes_evolu\Desktop\Pes\AndroidSwipeLayout\library\src\main\java\com\daimajia\swipe\SwipeLayout.java,com.daimajia.swipe.SwipeLayout$OnLayout,onLayout/1[com.daimajia.swipe.SwipeLayout],false,678,1,1,1,0,1,0,1,0,0,1,0,0,0,0,0,0,0,0,0,0,0,0,0,0,0,4,0,0,false
c:\Users\arthur.menezes_evolu\Desktop\Pes\AndroidSwipeLayout\demo\src\main\java\com\daimajia\swipedemo\NestedExample.java,com.daimajia.swipedemo.NestedExample$Anonymous2,onClick/1[com.daimajia.swipedemo.View],false,25,1,0,0,0,1,3,3,0,0,1,3,0,0,0,0,0,0,1,0,0,0,0,0,0,0,7,1,0,false
c:\Users\arthur.menezes_evolu\Desktop\Pes\AndroidSwipeLayout\demo\src\main\java\com\daimajia\swipedemo\MyActivity.java,com.daimajia.swipedemo.MyActivity,onCreate/1[com.daimajia.swipedemo.Bundle],false,21,4,5,0,5,1,10,118,0,1,1,10,0,0,0,0,0,0,2,0,4,0,0,15,0,0,30,4,0,false
c:\Users\arthur.menezes_evolu\Desktop\Pes\AndroidSwipeLayout\demo\src\main\java\com\daimajia\swipedemo\MyActivity.java,com.daimajia.swipedemo.MyActivity,onOptionsItemSelected/1[com.daimajia.swipedemo.MenuItem],false,170,6,0,0,0,5,3,19,4,1,1,3,0,0,0,4,0,0,0,0,1,0,1,0,0,0,11,1,0,false
c:\Users\arthur.menezes_evolu\Desktop\Pes\AndroidSwipeLayout\demo\src\main\java\com\daimajia\swipedemo\MyActivity.java,com.daimajia.swipedemo.MyActivity,onCreateOptionsMenu/1[com.daimajia.swipedemo.Menu],false,163,1,0,0,0,1,2,4,1,0,1,2,0,0,0,0,0,0,0,0,0,0,0,0,0,0,8,1,0,false
c:\Users\arthur.menezes_evolu\Desktop\Pes\AndroidSwipeLayout\demo\src\main\java\com\daimajia\swipedemo\MyActivity.java,com.daimajia.swipedemo.MyActivity,"evaluate/3[float,java.lang.Object,java.lang.Object]",false,193,0,1,1,0,1,0,13,1,10,3,0,0,0,0,0,0,22,0,17,10,21,0,0,0,0,13,1,0,false
c:\Users\arthur.menezes_evolu\Desktop\Pes\AndroidSwipeLayout\demo\src\main\java\com\daimajia\swipedemo\adapter\ListViewAdapter.java,com.daimajia.swipedemo.adapter.ListViewAdapter$Anonymous3,onClick/1[com.daimajia.swipedemo.adapter.View],false,48,1,2,0,2,1,2,3,0,0,1,2,0,0,0,0,0,0,1,0,0,0,0,0,0,0,4,1,0,false
c:\Users\arthur.menezes_evolu\Desktop\Pes\AndroidSwipeLayout\demo\src\main\java\com\daimajia\swipedemo\adapter\ListViewAdapter.java,com.daimajia.swipedemo.adapter.ListViewAdapter$Anonymous2,"onDoubleClick/2[com.daimajia.swipe.SwipeLayout,boolean]",false,42,1,0,0,0,1,2,3,0,0,2,2,0,0,0,0,0,0,1,0,0,0,0,0,0,0,6,1,0,false
c:\Users\arthur.menezes_evolu\Desktop\Pes\AndroidSwipeLayout\demo\src\main\java\com\daimajia\swipedemo\adapter\util\RecyclerItemClickListener.java,com.daimajia.swipedemo.adapter.util.RecyclerItemClickListener$Anonymous1,onSingleTapUp/1[com.daimajia.swipedemo.adapter.util.MotionEvent],false,22,1,0,0,0,1,0,3,1,0,1,0,0,0,0,0,0,0,0,0,0,0,0,0,0,0,8,1,0,false
c:\Users\arthur.menezes_evolu\Desktop\Pes\AndroidSwipeLayout\demo\src\main\java\com\daimajia\swipedemo\MyActivity.java,com.daimajia.swipedemo.MyActivity$Anonymous10,onClick/1[com.daimajia.swipedemo.View],false,113,1,0,0,0,1,2,3,0,0,1,2,0,0,0,0,0,0,1,0,0,0,0,0,0,0,4,1,0,false
c:\Users\arthur.menezes_evolu\Desktop\Pes\AndroidSwipeLayout\library\src\main\java\com\daimajia\swipe\SwipeLayout.java,com.daimajia.swipe.SwipeLayout$DoubleClickListener,"onDoubleClick/2[com.daimajia.swipe.SwipeLayout,boolean]",false,1553,1,1,1,0,1,0,1,0,0,2,0,0,0,0,0,0,0,0,0,0,0,0,0,0,0,6,0,0,false
c:\Users\arthur.menezes_evolu\Desktop\Pes\AndroidSwipeLayout\demo\src\main\java\com\daimajia\swipedemo\MyActivity.java,com.daimajia.swipedemo.MyActivity$Anonymous11,onClick/1[com.daimajia.swipedemo.View],false,120,1,0,0,0,1,2,3,0,0,1,2,0,0,0,0,0,0,1,0,0,0,0,0,0,0,4,1,0,false
c:\Users\arthur.menezes_evolu\Desktop\Pes\AndroidSwipeLayout\demo\src\main\java\com\daimajia\swipedemo\MyActivity.java,com.daimajia.swipedemo.MyActivity$Anonymous12,onClick/1[com.daimajia.swipedemo.View],false,126,1,0,0,0,1,2,3,0,0,1,2,0,0,0,0,0,0,1,0,0,0,0,0,0,0,4,1,0,false
c:\Users\arthur.menezes_evolu\Desktop\Pes\AndroidSwipeLayout\demo\src\main\java\com\daimajia\swipedemo\MyActivity.java,com.daimajia.swipedemo.MyActivity$Anonymous13,"onReveal/4[com.daimajia.swipedemo.View,com.daimajia.swipe.SwipeLayout.DragEdge,float,int]",false,137,3,1,0,1,1,8,9,0,3,4,8,0,0,0,0,0,0,2,4,3,6,0,0,0,0,10,1,0,false
c:\Users\arthur.menezes_evolu\Desktop\Pes\AndroidSwipeLayout\demo\src\main\java\com\daimajia\swipedemo\MyActivity.java,com.daimajia.swipedemo.MyActivity$Anonymous14,onClick/1[com.daimajia.swipedemo.View],false,149,1,0,0,0,1,2,3,0,0,1,2,0,0,0,0,0,0,1,0,0,0,0,0,0,0,4,1,0,false
c:\Users\arthur.menezes_evolu\Desktop\Pes\AndroidSwipeLayout\demo\src\main\java\com\daimajia\swipedemo\RecyclerViewExample.java,com.daimajia.swipedemo.RecyclerViewExample,onCreateOptionsMenu/1[com.daimajia.swipedemo.Menu],false,88,1,0,0,0,1,2,4,1,0,1,2,0,0,0,0,0,0,0,0,0,0,0,0,0,0,8,1,0,false
c:\Users\arthur.menezes_evolu\Desktop\Pes\AndroidSwipeLayout\demo\src\main\java\com\daimajia\swipedemo\RecyclerViewExample.java,com.daimajia.swipedemo.RecyclerViewExample,onOptionsItemSelected/1[com.daimajia.swipedemo.MenuItem],false,95,4,0,0,0,3,4,14,3,1,1,4,0,0,0,2,0,0,0,0,1,0,1,0,0,0,12,1,0,false
c:\Users\arthur.menezes_evolu\Desktop\Pes\AndroidSwipeLayout\demo\src\main\java\com\daimajia\swipedemo\RecyclerViewExample.java,com.daimajia.swipedemo.RecyclerViewExample,onCreate/1[com.daimajia.swipedemo.Bundle],false,40,8,3,0,3,3,14,20,0,2,1,14,0,0,0,1,0,1,51,0,5,0,2,0,0,0,37,4,0,false
c:\Users\arthur.menezes_evolu\Desktop\Pes\AndroidSwipeLayout\library\src\main\java\com\daimajia\swipe\implments\SwipeItemMangerImpl.java,com.daimajia.swipe.implments.SwipeItemMangerImpl,getMode/0,false,39,1,5,5,0,1,0,3,1,0,0,0,0,0,0,0,0,0,0,0,0,0,0,0,0,0,3,1,0,false
c:\Users\arthur.menezes_evolu\Desktop\Pes\AndroidSwipeLayout\library\src\main\java\com\daimajia\swipe\implments\SwipeItemMangerImpl.java,com.daimajia.swipe.implments.SwipeItemMangerImpl,"bind/2[com.daimajia.swipe.implments.View,int]",false,50,6,13,5,8,3,9,19,0,5,2,9,0,0,0,2,0,0,1,0,6,0,1,0,0,0,23,1,0,false
c:\Users\arthur.menezes_evolu\Desktop\Pes\AndroidSwipeLayout\library\src\main\java\com\daimajia\swipe\implments\SwipeItemMangerImpl.java,com.daimajia.swipe.implments.SwipeItemMangerImpl,openItem/1[int],false,72,1,6,5,1,3,3,9,0,0,1,3,0,0,0,1,0,0,0,0,1,0,2,0,0,0,7,1,0,false
c:\Users\arthur.menezes_evolu\Desktop\Pes\AndroidSwipeLayout\library\src\main\java\com\daimajia\swipe\implments\SwipeItemMangerImpl.java,com.daimajia.swipe.implments.SwipeItemMangerImpl,isOpen/1[int],false,133,0,6,6,0,2,1,8,2,0,1,1,0,0,0,2,0,0,0,0,0,0,1,0,0,0,6,1,0,false
c:\Users\arthur.menezes_evolu\Desktop\Pes\AndroidSwipeLayout\library\src\main\java\com\daimajia\swipe\implments\SwipeItemMangerImpl.java,com.daimajia.swipe.implments.SwipeItemMangerImpl,removeShownLayouts/1[com.daimajia.swipe.SwipeLayout],false,114,1,6,6,0,1,1,3,0,0,1,1,0,0,0,0,0,0,0,0,0,0,0,0,0,0,6,1,0,false
c:\Users\arthur.menezes_evolu\Desktop\Pes\AndroidSwipeLayout\library\src\main\java\com\daimajia\swipe\implments\SwipeItemMangerImpl.java,com.daimajia.swipe.implments.SwipeItemMangerImpl,SwipeItemMangerImpl/1[com.daimajia.swipe.interfaces.SwipeAdapterInterface],true,32,1,0,0,0,2,0,4,0,0,1,0,0,0,0,1,0,0,1,0,1,0,1,0,0,0,14,1,0,false
c:\Users\arthur.menezes_evolu\Desktop\Pes\AndroidSwipeLayout\library\src\main\java\com\daimajia\swipe\implments\SwipeItemMangerImpl.java,com.daimajia.swipe.implments.SwipeItemMangerImpl,closeAllExcept/1[com.daimajia.swipe.SwipeLayout],false,94,1,8,7,1,3,1,5,0,0,1,1,0,0,1,1,0,0,0,0,0,0,2,0,0,0,10,1,0,false
c:\Users\arthur.menezes_evolu\Desktop\Pes\AndroidSwipeLayout\library\src\main\java\com\daimajia\swipe\implments\SwipeItemMangerImpl.java,com.daimajia.swipe.implments.SwipeItemMangerImpl,closeAllItems/0,false,102,1,6,5,1,3,2,11,0,0,0,2,0,0,1,1,0,0,0,0,1,0,1,0,0,0,23,1,0,false
c:\Users\arthur.menezes_evolu\Desktop\Pes\AndroidSwipeLayout\library\src\main\java\com\daimajia\swipe\implments\SwipeItemMangerImpl.java,com.daimajia.swipe.implments.SwipeItemMangerImpl,getOpenItems/0,false,119,0,5,5,0,2,1,8,2,0,0,1,0,0,0,1,0,0,0,0,0,0,1,0,0,0,7,1,0,false
c:\Users\arthur.menezes_evolu\Desktop\Pes\AndroidSwipeLayout\library\src\main\java\com\daimajia\swipe\implments\SwipeItemMangerImpl.java,com.daimajia.swipe.implments.SwipeItemMangerImpl,closeItem/1[int],false,83,1,6,5,1,3,2,9,0,0,1,2,0,0,0,2,0,0,0,0,1,0,2,0,0,0,18,1,0,false
c:\Users\arthur.menezes_evolu\Desktop\Pes\AndroidSwipeLayout\library\src\main\java\com\daimajia\swipe\implments\SwipeItemMangerImpl.java,com.daimajia.swipe.implments.SwipeItemMangerImpl,getOpenLayouts/0,false,128,1,5,5,0,1,0,3,1,0,0,0,0,0,0,0,0,0,0,0,0,0,0,0,0,0,5,1,0,false
c:\Users\arthur.menezes_evolu\Desktop\Pes\AndroidSwipeLayout\library\src\main\java\com\daimajia\swipe\implments\SwipeItemMangerImpl.java,com.daimajia.swipe.implments.SwipeItemMangerImpl,setMode/1[com.daimajia.swipe.util.Attributes.Mode],false,43,1,5,5,0,1,2,6,0,0,1,2,0,0,0,0,0,0,0,0,2,0,0,0,0,0,17,1,0,false
c:\Users\arthur.menezes_evolu\Desktop\Pes\AndroidSwipeLayout\demo\src\main\java\com\daimajia\swipedemo\adapter\GridViewAdapter.java,com.daimajia.swipedemo.adapter.GridViewAdapter,getCount/0,false,37,0,0,0,0,1,0,3,1,0,0,0,0,0,0,0,0,0,0,1,0,0,0,0,0,0,2,1,0,false
c:\Users\arthur.menezes_evolu\Desktop\Pes\AndroidSwipeLayout\demo\src\main\java\com\daimajia\swipedemo\adapter\GridViewAdapter.java,com.daimajia.swipedemo.adapter.GridViewAdapter,GridViewAdapter/1[com.daimajia.swipedemo.adapter.Context],true,16,1,1,1,0,1,0,3,0,0,1,0,0,0,0,0,0,0,0,0,1,0,0,0,0,0,5,1,0,false
c:\Users\arthur.menezes_evolu\Desktop\Pes\AndroidSwipeLayout\demo\src\main\java\com\daimajia\swipedemo\adapter\GridViewAdapter.java,com.daimajia.swipedemo.adapter.GridViewAdapter,"generateView/2[int,com.daimajia.swipedemo.adapter.ViewGroup]",false,26,2,0,0,0,1,2,3,1,0,2,2,0,0,0,0,0,0,0,0,0,0,0,0,0,0,5,1,0,false
c:\Users\arthur.menezes_evolu\Desktop\Pes\AndroidSwipeLayout\demo\src\main\java\com\daimajia\swipedemo\adapter\GridViewAdapter.java,com.daimajia.swipedemo.adapter.GridViewAdapter,getItemId/1[int],false,47,0,0,0,0,1,0,3,1,0,1,0,0,0,0,0,0,0,0,0,0,0,0,0,0,0,4,1,0,false
c:\Users\arthur.menezes_evolu\Desktop\Pes\AndroidSwipeLayout\demo\src\main\java\com\daimajia\swipedemo\adapter\GridViewAdapter.java,com.daimajia.swipedemo.adapter.GridViewAdapter,"fillValues/2[int,com.daimajia.swipedemo.adapter.View]",false,31,2,0,0,0,1,2,4,0,1,2,2,0,0,0,0,0,1,1,1,1,2,0,0,0,0,7,1,0,false
c:\Users\arthur.menezes_evolu\Desktop\Pes\AndroidSwipeLayout\demo\src\main\java\com\daimajia\swipedemo\adapter\GridViewAdapter.java,com.daimajia.swipedemo.adapter.GridViewAdapter,getItem/1[int],false,42,0,0,0,0,1,0,3,1,0,1,0,0,0,0,0,0,0,0,0,0,0,0,0,0,0,5,1,0,false
c:\Users\arthur.menezes_evolu\Desktop\Pes\AndroidSwipeLayout\demo\src\main\java\com\daimajia\swipedemo\adapter\GridViewAdapter.java,com.daimajia.swipedemo.adapter.GridViewAdapter,getSwipeLayoutResourceId/1[int],false,21,0,0,0,0,1,0,3,1,0,1,0,0,0,0,0,0,0,0,0,0,0,0,0,0,0,6,1,0,false
c:\Users\arthur.menezes_evolu\Desktop\Pes\AndroidSwipeLayout\demo\src\main\java\com\daimajia\swipedemo\adapter\util\RecyclerItemClickListener.java,com.daimajia.swipedemo.adapter.util.RecyclerItemClickListener$OnItemClickListener,"onItemClick/2[com.daimajia.swipedemo.adapter.util.View,int]",false,13,1,1,1,0,1,0,1,0,0,2,0,0,0,0,0,0,0,0,0,0,0,0,0,0,0,5,1,0,false
c:\Users\arthur.menezes_evolu\Desktop\Pes\AndroidSwipeLayout\demo\src\main\java\com\daimajia\swipedemo\ListViewExample.java,com.daimajia.swipedemo.ListViewExample,onOptionsItemSelected/1[com.daimajia.swipedemo.MenuItem],false,108,5,0,0,0,4,4,19,4,1,1,4,0,0,0,3,0,0,0,0,1,0,1,0,0,0,12,1,0,false
c:\Users\arthur.menezes_evolu\Desktop\Pes\AndroidSwipeLayout\demo\src\main\java\com\daimajia\swipedemo\ListViewExample.java,com.daimajia.swipedemo.ListViewExample,onCreateOptionsMenu/1[com.daimajia.swipedemo.Menu],false,101,1,0,0,0,1,2,4,1,0,1,2,0,0,0,0,0,0,0,0,0,0,0,0,0,0,8,1,0,false
c:\Users\arthur.menezes_evolu\Desktop\Pes\AndroidSwipeLayout\demo\src\main\java\com\daimajia\swipedemo\ListViewExample.java,com.daimajia.swipedemo.ListViewExample,onCreate/1[com.daimajia.swipedemo.Bundle],false,30,8,2,0,2,3,12,51,0,1,1,12,0,0,0,1,0,0,1,0,3,0,2,5,0,0,42,4,0,false
c:\Users\arthur.menezes_evolu\Desktop\Pes\AndroidSwipeLayout\demo\src\main\java\com\daimajia\swipedemo\MyActivity.java,com.daimajia.swipedemo.MyActivity$Anonymous1,"onReveal/4[com.daimajia.swipedemo.View,com.daimajia.swipe.SwipeLayout.DragEdge,float,int]",false,39,2,1,0,1,1,0,2,0,0,4,0,0,0,0,0,0,0,0,0,0,0,0,0,0,0,4,1,0,false
c:\Users\arthur.menezes_evolu\Desktop\Pes\AndroidSwipeLayout\demo\src\main\java\com\daimajia\swipedemo\MyActivity.java,com.daimajia.swipedemo.MyActivity$Anonymous3,onLongClick/1[com.daimajia.swipedemo.View],false,53,2,0,0,0,1,4,5,1,0,1,4,0,0,0,0,0,0,2,0,0,0,0,0,0,0,6,1,0,false
c:\Users\arthur.menezes_evolu\Desktop\Pes\AndroidSwipeLayout\demo\src\main\java\com\daimajia\swipedemo\MyActivity.java,com.daimajia.swipedemo.MyActivity$Anonymous2,onClick/1[com.daimajia.swipedemo.View],false,46,2,0,0,0,1,4,4,0,0,1,4,0,0,0,0,0,0,2,0,0,0,0,0,0,0,4,1,0,false
c:\Users\arthur.menezes_evolu\Desktop\Pes\AndroidSwipeLayout\demo\src\main\java\com\daimajia\swipedemo\NestedExample.java,com.daimajia.swipedemo.NestedExample,onCreate/1[com.daimajia.swipedemo.Bundle],false,13,4,2,0,2,1,5,17,0,1,1,5,0,0,0,0,0,0,0,0,1,0,0,2,0,0,22,4,0,false
c:\Users\arthur.menezes_evolu\Desktop\Pes\AndroidSwipeLayout\library\src\main\java\com\daimajia\swipe\implments\SwipeItemMangerImpl.java,com.daimajia.swipe.implments.SwipeItemMangerImpl$ValueBox,"ValueBox/3[int,com.daimajia.swipe.implments.SwipeItemMangerImpl.SwipeMemory,com.daimajia.swipe.implments.SwipeItemMangerImpl.OnLayoutListener]",true,146,2,1,1,0,1,0,5,0,0,3,0,0,0,0,0,0,0,0,0,3,0,0,0,0,0,8,0,0,false
c:\Users\arthur.menezes_evolu\Desktop\Pes\AndroidSwipeLayout\demo\src\main\java\com\daimajia\swipedemo\adapter\util\RecyclerItemClickListener.java,com.daimajia.swipedemo.adapter.util.RecyclerItemClickListener,"RecyclerItemClickListener/2[com.daimajia.swipedemo.adapter.util.Context,com.daimajia.swipedemo.adapter.util.RecyclerItemClickListener.OnItemClickListener]",true,18,3,0,0,0,1,0,9,0,0,2,0,0,0,0,0,0,0,0,0,2,0,0,1,0,0,17,1,0,false
c:\Users\arthur.menezes_evolu\Desktop\Pes\AndroidSwipeLayout\demo\src\main\java\com\daimajia\swipedemo\adapter\util\RecyclerItemClickListener.java,com.daimajia.swipedemo.adapter.util.RecyclerItemClickListener,onRequestDisallowInterceptTouchEvent/1[boolean],false,42,0,0,0,0,1,0,2,0,0,1,0,0,0,0,0,0,0,0,0,0,0,0,0,0,0,7,1,0,false
c:\Users\arthur.menezes_evolu\Desktop\Pes\AndroidSwipeLayout\demo\src\main\java\com\daimajia\swipedemo\adapter\util\RecyclerItemClickListener.java,com.daimajia.swipedemo.adapter.util.RecyclerItemClickListener,"onTouchEvent/2[com.daimajia.swipedemo.adapter.util.RecyclerView,com.daimajia.swipedemo.adapter.util.MotionEvent]",false,38,2,0,0,0,1,0,2,0,0,2,0,0,0,0,0,0,0,0,0,0,0,0,0,0,0,6,1,0,false
c:\Users\arthur.menezes_evolu\Desktop\Pes\AndroidSwipeLayout\demo\src\main\java\com\daimajia\swipedemo\adapter\util\RecyclerItemClickListener.java,com.daimajia.swipedemo.adapter.util.RecyclerItemClickListener,"onInterceptTouchEvent/2[com.daimajia.swipedemo.adapter.util.RecyclerView,com.daimajia.swipedemo.adapter.util.MotionEvent]",false,29,4,1,0,1,4,6,7,1,1,2,6,0,0,0,2,0,0,0,0,1,0,1,0,0,0,12,1,0,false
c:\Users\arthur.menezes_evolu\Desktop\Pes\AndroidSwipeLayout\demo\src\main\java\com\daimajia\swipedemo\MyActivity.java,com.daimajia.swipedemo.MyActivity$Anonymous9,onClick/1[com.daimajia.swipedemo.View],false,106,1,0,0,0,1,2,3,0,0,1,2,0,0,0,0,0,0,1,0,0,0,0,0,0,0,4,1,0,false
c:\Users\arthur.menezes_evolu\Desktop\Pes\AndroidSwipeLayout\demo\src\main\java\com\daimajia\swipedemo\MyActivity.java,com.daimajia.swipedemo.MyActivity$Anonymous8,onClick/1[com.daimajia.swipedemo.View],false,99,1,0,0,0,1,2,3,0,0,1,2,0,0,0,0,0,0,1,0,0,0,0,0,0,0,4,1,0,false
c:\Users\arthur.menezes_evolu\Desktop\Pes\AndroidSwipeLayout\library\src\main\java\com\daimajia\swipe\SwipeLayout.java,com.daimajia.swipe.SwipeLayout$OnRevealListener,"onReveal/4[com.daimajia.swipe.View,com.daimajia.swipe.SwipeLayout.DragEdge,float,int]",false,165,2,1,1,0,1,0,1,0,0,4,0,0,0,0,0,0,0,0,0,0,0,0,0,0,0,4,0,0,false
c:\Users\arthur.menezes_evolu\Desktop\Pes\AndroidSwipeLayout\demo\src\main\java\com\daimajia\swipedemo\MyActivity.java,com.daimajia.swipedemo.MyActivity$Anonymous5,onClick/1[com.daimajia.swipedemo.View],false,68,1,0,0,0,1,2,3,0,0,1,2,0,0,0,0,0,0,1,0,0,0,0,0,0,0,4,1,0,false
c:\Users\arthur.menezes_evolu\Desktop\Pes\AndroidSwipeLayout\demo\src\main\java\com\daimajia\swipedemo\MyActivity.java,com.daimajia.swipedemo.MyActivity$Anonymous4,onClick/1[com.daimajia.swipedemo.View],false,61,1,0,0,0,1,2,3,0,0,1,2,0,0,0,0,0,0,1,0,0,0,0,0,0,0,4,1,0,false
c:\Users\arthur.menezes_evolu\Desktop\Pes\AndroidSwipeLayout\library\src\main\java\com\daimajia\swipe\implments\SwipeItemMangerImpl.java,com.daimajia.swipe.implments.SwipeItemMangerImpl$OnLayoutListener,setPosition/1[int],false,161,0,1,1,0,1,0,3,0,0,1,0,0,0,0,0,0,0,0,0,1,0,0,0,0,0,3,1,0,false
c:\Users\arthur.menezes_evolu\Desktop\Pes\AndroidSwipeLayout\library\src\main\java\com\daimajia\swipe\implments\SwipeItemMangerImpl.java,com.daimajia.swipe.implments.SwipeItemMangerImpl$OnLayoutListener,onLayout/1[com.daimajia.swipe.SwipeLayout],false,166,2,3,0,3,2,3,8,0,0,1,3,0,0,0,0,0,0,0,0,0,0,1,0,0,0,7,1,0,false
c:\Users\arthur.menezes_evolu\Desktop\Pes\AndroidSwipeLayout\library\src\main\java\com\daimajia\swipe\implments\SwipeItemMangerImpl.java,com.daimajia.swipe.implments.SwipeItemMangerImpl$OnLayoutListener,OnLayoutListener/1[int],true,157,0,1,1,0,1,0,3,0,0,1,0,0,0,0,0,0,0,0,0,1,0,0,0,0,0,4,0,0,false
c:\Users\arthur.menezes_evolu\Desktop\Pes\AndroidSwipeLayout\demo\src\main\java\com\daimajia\swipedemo\MyActivity.java,com.daimajia.swipedemo.MyActivity$Anonymous7,"onReveal/4[com.daimajia.swipedemo.View,com.daimajia.swipe.SwipeLayout.DragEdge,float,int]",false,82,2,1,0,1,1,5,7,0,2,4,5,0,0,0,0,0,0,0,4,2,6,0,0,0,0,7,1,0,false
c:\Users\arthur.menezes_evolu\Desktop\Pes\AndroidSwipeLayout\demo\src\main\java\com\daimajia\swipedemo\MyActivity.java,com.daimajia.swipedemo.MyActivity$Anonymous6,onClick/1[com.daimajia.swipedemo.View],false,75,1,0,0,0,1,2,3,0,0,1,2,0,0,0,0,0,0,1,0,0,0,0,0,0,0,4,1,0,false
c:\Users\arthur.menezes_evolu\Desktop\Pes\AndroidSwipeLayout\library\src\main\java\com\daimajia\swipe\SwipeLayout.java,com.daimajia.swipe.SwipeLayout$SwipeListener,onStartOpen/1[com.daimajia.swipe.SwipeLayout],false,116,1,1,1,0,1,0,1,0,0,1,0,0,0,0,0,0,0,0,0,0,0,0,0,0,0,6,0,0,false
c:\Users\arthur.menezes_evolu\Desktop\Pes\AndroidSwipeLayout\library\src\main\java\com\daimajia\swipe\SwipeLayout.java,com.daimajia.swipe.SwipeLayout$SwipeListener,"onHandRelease/3[com.daimajia.swipe.SwipeLayout,float,float]",false,126,1,1,1,0,1,0,1,0,0,3,0,0,0,0,0,0,0,0,0,0,0,0,0,0,0,6,0,0,false
c:\Users\arthur.menezes_evolu\Desktop\Pes\AndroidSwipeLayout\library\src\main\java\com\daimajia\swipe\SwipeLayout.java,com.daimajia.swipe.SwipeLayout$SwipeListener,"onUpdate/3[com.daimajia.swipe.SwipeLayout,int,int]",false,124,1,1,1,0,1,0,1,0,0,3,0,0,0,0,0,0,0,0,0,0,0,0,0,0,0,6,0,0,false
c:\Users\arthur.menezes_evolu\Desktop\Pes\AndroidSwipeLayout\library\src\main\java\com\daimajia\swipe\SwipeLayout.java,com.daimajia.swipe.SwipeLayout$SwipeListener,onClose/1[com.daimajia.swipe.SwipeLayout],false,122,1,1,1,0,1,0,1,0,0,1,0,0,0,0,0,0,0,0,0,0,0,0,0,0,0,5,0,0,false
c:\Users\arthur.menezes_evolu\Desktop\Pes\AndroidSwipeLayout\library\src\main\java\com\daimajia\swipe\SwipeLayout.java,com.daimajia.swipe.SwipeLayout$SwipeListener,onOpen/1[com.daimajia.swipe.SwipeLayout],false,118,1,1,1,0,1,0,1,0,0,1,0,0,0,0,0,0,0,0,0,0,0,0,0,0,0,5,0,0,false
c:\Users\arthur.menezes_evolu\Desktop\Pes\AndroidSwipeLayout\library\src\main\java\com\daimajia\swipe\SwipeLayout.java,com.daimajia.swipe.SwipeLayout$SwipeListener,onStartClose/1[com.daimajia.swipe.SwipeLayout],false,120,1,1,1,0,1,0,1,0,0,1,0,0,0,0,0,0,0,0,0,0,0,0,0,0,0,6,0,0,false
c:\Users\arthur.menezes_evolu\Desktop\Pes\AndroidSwipeLayout\demo\src\main\java\com\daimajia\swipedemo\ListViewExample.java,com.daimajia.swipedemo.ListViewExample$Anonymous3,"onItemLongClick/4[com.daimajia.swipedemo.AdapterView<?>,com.daimajia.swipedemo.View,int,long]",false,68,2,0,0,0,1,2,4,1,0,4,2,0,0,0,0,0,0,1,0,0,0,0,0,0,0,6,1,0,false
c:\Users\arthur.menezes_evolu\Desktop\Pes\AndroidSwipeLayout\library\src\main\java\com\daimajia\swipe\interfaces\SwipeAdapterInterface.java,com.daimajia.swipe.interfaces.SwipeAdapterInterface,notifyDatasetChanged/0,false,7,0,2,2,0,1,0,1,0,0,0,0,0,0,0,0,0,0,0,0,0,0,0,0,0,0,3,0,0,false
c:\Users\arthur.menezes_evolu\Desktop\Pes\AndroidSwipeLayout\library\src\main\java\com\daimajia\swipe\interfaces\SwipeAdapterInterface.java,com.daimajia.swipe.interfaces.SwipeAdapterInterface,getSwipeLayoutResourceId/1[int],false,5,0,1,1,0,1,0,1,0,0,1,0,0,0,0,0,0,0,0,0,0,0,0,0,0,0,6,0,0,false
c:\Users\arthur.menezes_evolu\Desktop\Pes\AndroidSwipeLayout\demo\src\main\java\com\daimajia\swipedemo\ListViewExample.java,com.daimajia.swipedemo.ListViewExample$Anonymous2,"onTouch/2[com.daimajia.swipedemo.View,com.daimajia.swipedemo.MotionEvent]",false,61,2,0,0,0,1,1,4,1,0,2,1,0,0,0,0,0,0,2,0,0,0,0,0,0,0,5,1,0,false
c:\Users\arthur.menezes_evolu\Desktop\Pes\AndroidSwipeLayout\demo\src\main\java\com\daimajia\swipedemo\ListViewExample.java,com.daimajia.swipedemo.ListViewExample$Anonymous1,"onItemClick/4[com.daimajia.swipedemo.AdapterView<?>,com.daimajia.swipedemo.View,int,long]",false,55,3,1,0,1,1,3,3,0,0,4,3,0,0,0,0,0,2,0,0,0,1,0,0,0,0,8,1,0,false
c:\Users\arthur.menezes_evolu\Desktop\Pes\AndroidSwipeLayout\demo\src\main\java\com\daimajia\swipedemo\ListViewExample.java,com.daimajia.swipedemo.ListViewExample$Anonymous5,onNothingSelected/1[com.daimajia.swipedemo.AdapterView<?>],false,92,1,0,0,0,1,1,3,0,0,1,1,0,0,0,0,0,0,2,0,0,0,0,0,0,0,4,1,0,false
c:\Users\arthur.menezes_evolu\Desktop\Pes\AndroidSwipeLayout\demo\src\main\java\com\daimajia\swipedemo\ListViewExample.java,com.daimajia.swipedemo.ListViewExample$Anonymous5,"onItemSelected/4[com.daimajia.swipedemo.AdapterView<?>,com.daimajia.swipedemo.View,int,long]",false,87,2,0,0,0,1,1,3,0,0,4,1,0,0,0,0,0,0,2,0,0,1,0,0,0,0,5,1,0,false
c:\Users\arthur.menezes_evolu\Desktop\Pes\AndroidSwipeLayout\demo\src\main\java\com\daimajia\swipedemo\ListViewExample.java,com.daimajia.swipedemo.ListViewExample$Anonymous4,"onScrollStateChanged/2[com.daimajia.swipedemo.AbsListView,int]",false,75,1,0,0,0,1,1,3,0,0,2,1,0,0,0,0,0,0,2,0,0,0,0,0,0,0,8,1,0,false
c:\Users\arthur.menezes_evolu\Desktop\Pes\AndroidSwipeLayout\demo\src\main\java\com\daimajia\swipedemo\ListViewExample.java,com.daimajia.swipedemo.ListViewExample$Anonymous4,"onScroll/4[com.daimajia.swipedemo.AbsListView,int,int,int]",false,80,1,0,0,0,1,0,2,0,0,4,0,0,0,0,0,0,0,0,0,0,0,0,0,0,0,8,1,0,false
c:\Users\arthur.menezes_evolu\Desktop\Pes\AndroidSwipeLayout\library\src\main\java\com\daimajia\swipe\SwipeLayout.java,com.daimajia.swipe.SwipeLayout$SwipeDenier,shouldDenySwipe/1[com.daimajia.swipe.MotionEvent],false,149,1,1,1,0,1,0,1,0,0,1,0,0,0,0,0,0,0,0,0,0,0,0,0,0,0,6,0,0,false
c:\Users\arthur.menezes_evolu\Desktop\Pes\AndroidSwipeLayout\demo\src\main\java\com\daimajia\swipedemo\adapter\RecyclerViewAdapter.java,com.daimajia.swipedemo.adapter.RecyclerViewAdapter$Anonymous3,"onDoubleClick/2[com.daimajia.swipe.SwipeLayout,boolean]",false,75,1,0,0,0,1,2,3,0,0,2,2,0,0,0,0,0,0,1,0,0,0,0,0,0,0,6,1,0,false
c:\Users\arthur.menezes_evolu\Desktop\Pes\AndroidSwipeLayout\demo\src\main\java\com\daimajia\swipedemo\adapter\RecyclerViewAdapter.java,com.daimajia.swipedemo.adapter.RecyclerViewAdapter$Anonymous4,onClick/1[com.daimajia.swipedemo.adapter.View],false,81,2,2,0,2,1,11,8,0,0,1,11,0,0,0,0,0,0,2,0,0,1,0,0,0,0,10,1,0,false
c:\Users\arthur.menezes_evolu\Desktop\Pes\AndroidSwipeLayout\library\src\main\java\com\daimajia\swipe\implments\SwipeItemMangerImpl.java,com.daimajia.swipe.implments.SwipeItemMangerImpl$SwipeMemory,SwipeMemory/1[int],true,180,0,1,1,0,1,0,3,0,0,1,0,0,0,0,0,0,0,0,0,1,0,0,0,0,0,3,0,0,false
c:\Users\arthur.menezes_evolu\Desktop\Pes\AndroidSwipeLayout\library\src\main\java\com\daimajia\swipe\implments\SwipeItemMangerImpl.java,com.daimajia.swipe.implments.SwipeItemMangerImpl$SwipeMemory,onClose/1[com.daimajia.swipe.SwipeLayout],false,185,1,0,0,0,2,1,8,0,0,1,1,0,0,0,1,0,0,0,0,1,0,1,0,0,0,21,1,0,false
c:\Users\arthur.menezes_evolu\Desktop\Pes\AndroidSwipeLayout\library\src\main\java\com\daimajia\swipe\implments\SwipeItemMangerImpl.java,com.daimajia.swipe.implments.SwipeItemMangerImpl$SwipeMemory,onStartOpen/1[com.daimajia.swipe.SwipeLayout],false,194,2,1,0,1,2,1,5,0,0,1,1,0,0,0,1,0,0,0,0,0,0,1,0,0,0,10,1,0,false
c:\Users\arthur.menezes_evolu\Desktop\Pes\AndroidSwipeLayout\library\src\main\java\com\daimajia\swipe\implments\SwipeItemMangerImpl.java,com.daimajia.swipe.implments.SwipeItemMangerImpl$SwipeMemory,setPosition/1[int],false,210,0,1,1,0,1,0,3,0,0,1,0,0,0,0,0,0,0,0,0,1,0,0,0,0,0,3,1,0,false
c:\Users\arthur.menezes_evolu\Desktop\Pes\AndroidSwipeLayout\library\src\main\java\com\daimajia\swipe\implments\SwipeItemMangerImpl.java,com.daimajia.swipe.implments.SwipeItemMangerImpl$SwipeMemory,onOpen/1[com.daimajia.swipe.SwipeLayout],false,201,2,1,0,1,2,2,7,0,0,1,2,0,0,0,1,0,0,0,0,1,0,2,0,0,0,12,1,0,false
c:\Users\arthur.menezes_evolu\Desktop\Pes\AndroidSwipeLayout\demo\src\main\java\com\daimajia\swipedemo\adapter\RecyclerViewAdapter.java,com.daimajia.swipedemo.adapter.RecyclerViewAdapter$Anonymous2,onOpen/1[com.daimajia.swipe.SwipeLayout],false,69,1,0,0,0,1,5,3,0,0,1,5,0,0,0,0,0,0,0,2,0,0,0,0,0,0,5,1,0,false
c:\Users\arthur.menezes_evolu\Desktop\Pes\AndroidSwipeLayout\library\src\main\java\com\daimajia\swipe\adapters\ArraySwipeAdapter.java,com.daimajia.swipe.adapters.ArraySwipeAdapter,closeItem/1[int],false,62,1,1,0,1,1,1,3,0,0,1,1,0,0,0,0,0,0,0,0,0,0,0,0,0,0,3,1,0,false
c:\Users\arthur.menezes_evolu\Desktop\Pes\AndroidSwipeLayout\library\src\main\java\com\daimajia\swipe\adapters\ArraySwipeAdapter.java,com.daimajia.swipe.adapters.ArraySwipeAdapter,(initializer 1),false,19,0,0,0,0,1,0,2,0,0,0,0,0,0,0,0,0,0,0,0,0,0,0,0,0,0,0,0,0,false
c:\Users\arthur.menezes_evolu\Desktop\Pes\AndroidSwipeLayout\library\src\main\java\com\daimajia\swipe\adapters\ArraySwipeAdapter.java,com.daimajia.swipe.adapters.ArraySwipeAdapter,"ArraySwipeAdapter/4[com.daimajia.swipe.adapters.Context,int,int,T[]]",true,32,2,0,0,0,1,0,3,0,0,4,0,0,0,0,0,0,0,0,0,0,0,0,0,0,0,5,1,0,false
c:\Users\arthur.menezes_evolu\Desktop\Pes\AndroidSwipeLayout\library\src\main\java\com\daimajia\swipe\adapters\ArraySwipeAdapter.java,com.daimajia.swipe.adapters.ArraySwipeAdapter,getOpenLayouts/0,false,82,2,1,0,1,1,1,3,1,0,0,1,0,0,0,0,0,0,0,0,0,0,0,0,0,0,3,1,0,false
c:\Users\arthur.menezes_evolu\Desktop\Pes\AndroidSwipeLayout\library\src\main\java\com\daimajia\swipe\adapters\ArraySwipeAdapter.java,com.daimajia.swipe.adapters.ArraySwipeAdapter,getMode/0,false,97,2,1,0,1,1,1,3,1,0,0,1,0,0,0,0,0,0,0,0,0,0,0,0,0,0,2,1,0,false
c:\Users\arthur.menezes_evolu\Desktop\Pes\AndroidSwipeLayout\library\src\main\java\com\daimajia\swipe\adapters\ArraySwipeAdapter.java,com.daimajia.swipe.adapters.ArraySwipeAdapter,closeAllItems/0,false,72,1,1,0,1,1,1,3,0,0,0,1,0,0,0,0,0,0,0,0,0,0,0,0,0,0,3,1,0,false
c:\Users\arthur.menezes_evolu\Desktop\Pes\AndroidSwipeLayout\library\src\main\java\com\daimajia\swipe\adapters\ArraySwipeAdapter.java,com.daimajia.swipe.adapters.ArraySwipeAdapter,isOpen/1[int],false,92,1,1,0,1,1,1,3,1,0,1,1,0,0,0,0,0,0,0,0,0,0,0,0,0,0,3,1,0,false
c:\Users\arthur.menezes_evolu\Desktop\Pes\AndroidSwipeLayout\library\src\main\java\com\daimajia\swipe\adapters\ArraySwipeAdapter.java,com.daimajia.swipe.adapters.ArraySwipeAdapter,notifyDatasetChanged/0,false,45,0,0,0,0,1,1,3,0,0,0,1,0,0,0,0,0,0,0,0,0,0,0,0,0,0,3,1,0,false
c:\Users\arthur.menezes_evolu\Desktop\Pes\AndroidSwipeLayout\library\src\main\java\com\daimajia\swipe\adapters\ArraySwipeAdapter.java,com.daimajia.swipe.adapters.ArraySwipeAdapter,"ArraySwipeAdapter/3[com.daimajia.swipe.adapters.Context,int,T[]]",true,28,2,0,0,0,1,0,3,0,0,3,0,0,0,0,0,0,0,0,0,0,0,0,0,0,0,5,1,0,false
c:\Users\arthur.menezes_evolu\Desktop\Pes\AndroidSwipeLayout\library\src\main\java\com\daimajia\swipe\adapters\ArraySwipeAdapter.java,com.daimajia.swipe.adapters.ArraySwipeAdapter,openItem/1[int],false,57,1,1,0,1,1,1,3,0,0,1,1,0,0,0,0,0,0,0,0,0,0,0,0,0,0,3,1,0,false
c:\Users\arthur.menezes_evolu\Desktop\Pes\AndroidSwipeLayout\library\src\main\java\com\daimajia\swipe\adapters\ArraySwipeAdapter.java,com.daimajia.swipe.adapters.ArraySwipeAdapter,removeShownLayouts/1[com.daimajia.swipe.SwipeLayout],false,87,2,1,0,1,1,1,3,0,0,1,1,0,0,0,0,0,0,0,0,0,0,0,0,0,0,6,1,0,false
c:\Users\arthur.menezes_evolu\Desktop\Pes\AndroidSwipeLayout\library\src\main\java\com\daimajia\swipe\adapters\ArraySwipeAdapter.java,com.daimajia.swipe.adapters.ArraySwipeAdapter,"ArraySwipeAdapter/3[com.daimajia.swipe.adapters.Context,int,int]",true,24,1,0,0,0,1,0,3,0,0,3,0,0,0,0,0,0,0,0,0,0,0,0,0,0,0,8,1,0,false
c:\Users\arthur.menezes_evolu\Desktop\Pes\AndroidSwipeLayout\library\src\main\java\com\daimajia\swipe\adapters\ArraySwipeAdapter.java,com.daimajia.swipe.adapters.ArraySwipeAdapter,getOpenItems/0,false,77,1,1,0,1,1,1,3,1,0,0,1,0,0,0,0,0,0,0,0,0,0,0,0,0,0,3,1,0,false
c:\Users\arthur.menezes_evolu\Desktop\Pes\AndroidSwipeLayout\library\src\main\java\com\daimajia\swipe\adapters\ArraySwipeAdapter.java,com.daimajia.swipe.adapters.ArraySwipeAdapter,closeAllExcept/1[com.daimajia.swipe.SwipeLayout],false,67,2,1,0,1,1,1,3,0,0,1,1,0,0,0,0,0,0,0,0,0,0,0,0,0,0,6,1,0,false
c:\Users\arthur.menezes_evolu\Desktop\Pes\AndroidSwipeLayout\library\src\main\java\com\daimajia\swipe\adapters\ArraySwipeAdapter.java,com.daimajia.swipe.adapters.ArraySwipeAdapter,setMode/1[com.daimajia.swipe.util.Attributes.Mode],false,102,2,1,0,1,1,1,3,0,0,1,1,0,0,0,0,0,0,0,0,0,0,0,0,0,0,3,1,0,false
c:\Users\arthur.menezes_evolu\Desktop\Pes\AndroidSwipeLayout\library\src\main\java\com\daimajia\swipe\adapters\ArraySwipeAdapter.java,com.daimajia.swipe.adapters.ArraySwipeAdapter,"ArraySwipeAdapter/2[com.daimajia.swipe.adapters.Context,int]",true,20,1,0,0,0,1,0,3,0,0,2,0,0,0,0,0,0,0,0,0,0,0,0,0,0,0,5,1,0,false
c:\Users\arthur.menezes_evolu\Desktop\Pes\AndroidSwipeLayout\library\src\main\java\com\daimajia\swipe\adapters\ArraySwipeAdapter.java,com.daimajia.swipe.adapters.ArraySwipeAdapter,"getView/3[int,com.daimajia.swipe.adapters.View,com.daimajia.swipe.adapters.ViewGroup]",false,50,3,1,0,1,1,2,5,1,1,3,2,0,0,0,0,0,0,0,0,1,0,0,0,0,0,4,1,0,false
c:\Users\arthur.menezes_evolu\Desktop\Pes\AndroidSwipeLayout\library\src\main\java\com\daimajia\swipe\adapters\ArraySwipeAdapter.java,com.daimajia.swipe.adapters.ArraySwipeAdapter,"ArraySwipeAdapter/3[com.daimajia.swipe.adapters.Context,int,java.util.List<T>]",true,36,2,0,0,0,1,0,3,0,0,3,0,0,0,0,0,0,0,0,0,0,0,0,0,0,0,5,1,0,false
c:\Users\arthur.menezes_evolu\Desktop\Pes\AndroidSwipeLayout\library\src\main\java\com\daimajia\swipe\adapters\ArraySwipeAdapter.java,com.daimajia.swipe.adapters.ArraySwipeAdapter,"ArraySwipeAdapter/4[com.daimajia.swipe.adapters.Context,int,int,java.util.List<T>]",true,40,2,0,0,0,1,0,3,0,0,4,0,0,0,0,0,0,0,0,0,0,0,0,0,0,0,5,1,0,false
c:\Users\arthur.menezes_evolu\Desktop\Pes\AndroidSwipeLayout\demo\src\main\java\com\daimajia\swipedemo\adapter\ArraySwipeAdapterSample.java,com.daimajia.swipedemo.adapter.ArraySwipeAdapterSample,"ArraySwipeAdapterSample/3[com.daimajia.swipedemo.adapter.Context,int,java.util.List]",true,31,1,0,0,0,1,0,3,0,0,3,0,0,0,0,0,0,0,0,0,0,0,0,0,0,0,6,1,0,false
c:\Users\arthur.menezes_evolu\Desktop\Pes\AndroidSwipeLayout\demo\src\main\java\com\daimajia\swipedemo\adapter\ArraySwipeAdapterSample.java,com.daimajia.swipedemo.adapter.ArraySwipeAdapterSample,"ArraySwipeAdapterSample/4[com.daimajia.swipedemo.adapter.Context,int,int,java.lang.Object[]]",true,27,1,0,0,0,1,0,3,0,0,4,0,0,0,0,0,0,0,0,0,0,0,0,0,0,0,6,1,0,false
c:\Users\arthur.menezes_evolu\Desktop\Pes\AndroidSwipeLayout\demo\src\main\java\com\daimajia\swipedemo\adapter\ArraySwipeAdapterSample.java,com.daimajia.swipedemo.adapter.ArraySwipeAdapterSample,"ArraySwipeAdapterSample/2[com.daimajia.swipedemo.adapter.Context,int]",true,15,1,0,0,0,1,0,3,0,0,2,0,0,0,0,0,0,0,0,0,0,0,0,0,0,0,6,1,0,false
c:\Users\arthur.menezes_evolu\Desktop\Pes\AndroidSwipeLayout\demo\src\main\java\com\daimajia\swipedemo\adapter\ArraySwipeAdapterSample.java,com.daimajia.swipedemo.adapter.ArraySwipeAdapterSample,"ArraySwipeAdapterSample/3[com.daimajia.swipedemo.adapter.Context,int,int]",true,19,1,0,0,0,1,0,3,0,0,3,0,0,0,0,0,0,0,0,0,0,0,0,0,0,0,9,1,0,false
c:\Users\arthur.menezes_evolu\Desktop\Pes\AndroidSwipeLayout\demo\src\main\java\com\daimajia\swipedemo\adapter\ArraySwipeAdapterSample.java,com.daimajia.swipedemo.adapter.ArraySwipeAdapterSample,getSwipeLayoutResourceId/1[int],false,40,0,0,0,0,1,0,3,1,0,1,0,0,0,0,0,0,0,0,0,0,0,0,0,0,0,6,1,0,false
c:\Users\arthur.menezes_evolu\Desktop\Pes\AndroidSwipeLayout\demo\src\main\java\com\daimajia\swipedemo\adapter\ArraySwipeAdapterSample.java,com.daimajia.swipedemo.adapter.ArraySwipeAdapterSample,"ArraySwipeAdapterSample/3[com.daimajia.swipedemo.adapter.Context,int,java.lang.Object[]]",true,23,1,0,0,0,1,0,3,0,0,3,0,0,0,0,0,0,0,0,0,0,0,0,0,0,0,6,1,0,false
c:\Users\arthur.menezes_evolu\Desktop\Pes\AndroidSwipeLayout\demo\src\main\java\com\daimajia\swipedemo\adapter\ArraySwipeAdapterSample.java,com.daimajia.swipedemo.adapter.ArraySwipeAdapterSample,"ArraySwipeAdapterSample/4[com.daimajia.swipedemo.adapter.Context,int,int,java.util.List]",true,35,1,0,0,0,1,0,3,0,0,4,0,0,0,0,0,0,0,0,0,0,0,0,0,0,0,6,1,0,false
c:\Users\arthur.menezes_evolu\Desktop\Pes\AndroidSwipeLayout\library\src\main\java\com\daimajia\swipe\adapters\RecyclerSwipeAdapter.java,com.daimajia.swipe.adapters.RecyclerSwipeAdapter,getOpenLayouts/0,false,55,2,1,0,1,1,1,3,1,0,0,1,0,0,0,0,0,0,0,0,0,0,0,0,0,0,3,1,0,false
c:\Users\arthur.menezes_evolu\Desktop\Pes\AndroidSwipeLayout\library\src\main\java\com\daimajia\swipe\adapters\RecyclerSwipeAdapter.java,com.daimajia.swipe.adapters.RecyclerSwipeAdapter,getMode/0,false,70,2,1,0,1,1,1,3,1,0,0,1,0,0,0,0,0,0,0,0,0,0,0,0,0,0,2,1,0,false
c:\Users\arthur.menezes_evolu\Desktop\Pes\AndroidSwipeLayout\library\src\main\java\com\daimajia\swipe\adapters\RecyclerSwipeAdapter.java,com.daimajia.swipe.adapters.RecyclerSwipeAdapter,"onBindViewHolder/2[VH,int]",false,21,1,0,0,0,1,0,1,0,0,2,0,0,0,0,0,0,0,0,0,0,0,0,0,0,0,7,1025,0,false
c:\Users\arthur.menezes_evolu\Desktop\Pes\AndroidSwipeLayout\library\src\main\java\com\daimajia\swipe\adapters\RecyclerSwipeAdapter.java,com.daimajia.swipe.adapters.RecyclerSwipeAdapter,closeAllExcept/1[com.daimajia.swipe.SwipeLayout],false,40,2,1,0,1,1,1,3,0,0,1,1,0,0,0,0,0,0,0,0,0,0,0,0,0,0,6,1,0,false
c:\Users\arthur.menezes_evolu\Desktop\Pes\AndroidSwipeLayout\library\src\main\java\com\daimajia\swipe\adapters\RecyclerSwipeAdapter.java,com.daimajia.swipe.adapters.RecyclerSwipeAdapter,removeShownLayouts/1[com.daimajia.swipe.SwipeLayout],false,60,2,1,0,1,1,1,3,0,0,1,1,0,0,0,0,0,0,0,0,0,0,0,0,0,0,6,1,0,false
c:\Users\arthur.menezes_evolu\Desktop\Pes\AndroidSwipeLayout\library\src\main\java\com\daimajia\swipe\adapters\RecyclerSwipeAdapter.java,com.daimajia.swipe.adapters.RecyclerSwipeAdapter,openItem/1[int],false,30,1,1,0,1,1,1,3,0,0,1,1,0,0,0,0,0,0,0,0,0,0,0,0,0,0,3,1,0,false
c:\Users\arthur.menezes_evolu\Desktop\Pes\AndroidSwipeLayout\library\src\main\java\com\daimajia\swipe\adapters\RecyclerSwipeAdapter.java,com.daimajia.swipe.adapters.RecyclerSwipeAdapter,closeItem/1[int],false,35,1,1,0,1,1,1,3,0,0,1,1,0,0,0,0,0,0,0,0,0,0,0,0,0,0,3,1,0,false
c:\Users\arthur.menezes_evolu\Desktop\Pes\AndroidSwipeLayout\library\src\main\java\com\daimajia\swipe\adapters\RecyclerSwipeAdapter.java,com.daimajia.swipe.adapters.RecyclerSwipeAdapter,getOpenItems/0,false,50,1,1,0,1,1,1,3,1,0,0,1,0,0,0,0,0,0,0,0,0,0,0,0,0,0,3,1,0,false
c:\Users\arthur.menezes_evolu\Desktop\Pes\AndroidSwipeLayout\library\src\main\java\com\daimajia\swipe\adapters\RecyclerSwipeAdapter.java,com.daimajia.swipe.adapters.RecyclerSwipeAdapter,isOpen/1[int],false,65,1,1,0,1,1,1,3,1,0,1,1,0,0,0,0,0,0,0,0,0,0,0,0,0,0,3,1,0,false
c:\Users\arthur.menezes_evolu\Desktop\Pes\AndroidSwipeLayout\library\src\main\java\com\daimajia\swipe\adapters\RecyclerSwipeAdapter.java,com.daimajia.swipe.adapters.RecyclerSwipeAdapter,"onCreateViewHolder/2[com.daimajia.swipe.adapters.ViewGroup,int]",false,18,2,0,0,0,1,0,1,0,0,2,0,0,0,0,0,0,0,0,0,0,0,0,0,0,0,9,1025,0,false
c:\Users\arthur.menezes_evolu\Desktop\Pes\AndroidSwipeLayout\library\src\main\java\com\daimajia\swipe\adapters\RecyclerSwipeAdapter.java,com.daimajia.swipe.adapters.RecyclerSwipeAdapter,closeAllItems/0,false,45,1,1,0,1,1,1,3,0,0,0,1,0,0,0,0,0,0,0,0,0,0,0,0,0,0,3,1,0,false
c:\Users\arthur.menezes_evolu\Desktop\Pes\AndroidSwipeLayout\library\src\main\java\com\daimajia\swipe\adapters\RecyclerSwipeAdapter.java,com.daimajia.swipe.adapters.RecyclerSwipeAdapter,notifyDatasetChanged/0,false,25,0,0,0,0,1,1,3,0,0,0,1,0,0,0,0,0,0,0,0,0,0,0,0,0,0,3,1,0,false
c:\Users\arthur.menezes_evolu\Desktop\Pes\AndroidSwipeLayout\library\src\main\java\com\daimajia\swipe\adapters\RecyclerSwipeAdapter.java,com.daimajia.swipe.adapters.RecyclerSwipeAdapter,setMode/1[com.daimajia.swipe.util.Attributes.Mode],false,75,2,1,0,1,1,1,3,0,0,1,1,0,0,0,0,0,0,0,0,0,0,0,0,0,0,3,1,0,false
c:\Users\arthur.menezes_evolu\Desktop\Pes\AndroidSwipeLayout\library\src\main\java\com\daimajia\swipe\adapters\BaseSwipeAdapter.java,com.daimajia.swipe.adapters.BaseSwipeAdapter,getOpenLayouts/0,false,87,2,1,0,1,1,1,3,1,0,0,1,0,0,0,0,0,0,0,0,0,0,0,0,0,0,3,1,0,false
c:\Users\arthur.menezes_evolu\Desktop\Pes\AndroidSwipeLayout\library\src\main\java\com\daimajia\swipe\adapters\BaseSwipeAdapter.java,com.daimajia.swipe.adapters.BaseSwipeAdapter,"fillValues/2[int,com.daimajia.swipe.adapters.View]",false,37,1,1,1,0,1,0,1,0,0,2,0,0,0,0,0,0,0,0,0,0,0,0,0,0,0,11,1025,0,true
c:\Users\arthur.menezes_evolu\Desktop\Pes\AndroidSwipeLayout\library\src\main\java\com\daimajia\swipe\adapters\BaseSwipeAdapter.java,com.daimajia.swipe.adapters.BaseSwipeAdapter,getMode/0,false,102,2,1,0,1,1,1,3,1,0,0,1,0,0,0,0,0,0,0,0,0,0,0,0,0,0,2,1,0,false
c:\Users\arthur.menezes_evolu\Desktop\Pes\AndroidSwipeLayout\library\src\main\java\com\daimajia\swipe\adapters\BaseSwipeAdapter.java,com.daimajia.swipe.adapters.BaseSwipeAdapter,getSwipeLayoutResourceId/1[int],false,19,0,0,0,0,1,0,1,0,0,1,0,0,0,0,0,0,0,0,0,0,0,0,0,0,0,9,1025,0,true
c:\Users\arthur.menezes_evolu\Desktop\Pes\AndroidSwipeLayout\library\src\main\java\com\daimajia\swipe\adapters\BaseSwipeAdapter.java,com.daimajia.swipe.adapters.BaseSwipeAdapter,closeAllExcept/1[com.daimajia.swipe.SwipeLayout],false,72,2,1,0,1,1,1,3,0,0,1,1,0,0,0,0,0,0,0,0,0,0,0,0,0,0,6,1,0,false
c:\Users\arthur.menezes_evolu\Desktop\Pes\AndroidSwipeLayout\library\src\main\java\com\daimajia\swipe\adapters\BaseSwipeAdapter.java,com.daimajia.swipe.adapters.BaseSwipeAdapter,removeShownLayouts/1[com.daimajia.swipe.SwipeLayout],false,92,2,1,0,1,1,1,3,0,0,1,1,0,0,0,0,0,0,0,0,0,0,0,0,0,0,6,1,0,false
c:\Users\arthur.menezes_evolu\Desktop\Pes\AndroidSwipeLayout\library\src\main\java\com\daimajia\swipe\adapters\BaseSwipeAdapter.java,com.daimajia.swipe.adapters.BaseSwipeAdapter,openItem/1[int],false,62,1,1,0,1,1,1,3,0,0,1,1,0,0,0,0,0,0,0,0,0,0,0,0,0,0,3,1,0,false
c:\Users\arthur.menezes_evolu\Desktop\Pes\AndroidSwipeLayout\library\src\main\java\com\daimajia\swipe\adapters\BaseSwipeAdapter.java,com.daimajia.swipe.adapters.BaseSwipeAdapter,closeItem/1[int],false,67,1,1,0,1,1,1,3,0,0,1,1,0,0,0,0,0,0,0,0,0,0,0,0,0,0,3,1,0,false
c:\Users\arthur.menezes_evolu\Desktop\Pes\AndroidSwipeLayout\library\src\main\java\com\daimajia\swipe\adapters\BaseSwipeAdapter.java,com.daimajia.swipe.adapters.BaseSwipeAdapter,"generateView/2[int,com.daimajia.swipe.adapters.ViewGroup]",false,26,2,1,1,0,1,0,1,0,0,2,0,0,0,0,0,0,0,0,0,0,0,0,0,0,0,23,1025,0,true
c:\Users\arthur.menezes_evolu\Desktop\Pes\AndroidSwipeLayout\library\src\main\java\com\daimajia\swipe\adapters\BaseSwipeAdapter.java,com.daimajia.swipe.adapters.BaseSwipeAdapter,notifyDatasetChanged/0,false,45,0,0,0,0,1,1,3,0,0,0,1,0,0,0,0,0,0,0,0,0,0,0,0,0,0,3,1,0,false
c:\Users\arthur.menezes_evolu\Desktop\Pes\AndroidSwipeLayout\library\src\main\java\com\daimajia\swipe\adapters\BaseSwipeAdapter.java,com.daimajia.swipe.adapters.BaseSwipeAdapter,getOpenItems/0,false,82,1,1,0,1,1,1,3,1,0,0,1,0,0,0,0,0,0,0,0,0,0,0,0,0,0,3,1,0,false
c:\Users\arthur.menezes_evolu\Desktop\Pes\AndroidSwipeLayout\library\src\main\java\com\daimajia\swipe\adapters\BaseSwipeAdapter.java,com.daimajia.swipe.adapters.BaseSwipeAdapter,isOpen/1[int],false,97,1,1,0,1,1,1,3,1,0,1,1,0,0,0,0,0,0,0,0,0,0,0,0,0,0,3,1,0,false
c:\Users\arthur.menezes_evolu\Desktop\Pes\AndroidSwipeLayout\library\src\main\java\com\daimajia\swipe\adapters\BaseSwipeAdapter.java,com.daimajia.swipe.adapters.BaseSwipeAdapter,closeAllItems/0,false,77,1,1,0,1,1,1,3,0,0,0,1,0,0,0,0,0,0,0,0,0,0,0,0,0,0,3,1,0,false
c:\Users\arthur.menezes_evolu\Desktop\Pes\AndroidSwipeLayout\library\src\main\java\com\daimajia\swipe\adapters\BaseSwipeAdapter.java,com.daimajia.swipe.adapters.BaseSwipeAdapter,"getView/3[int,com.daimajia.swipe.adapters.View,com.daimajia.swipe.adapters.ViewGroup]",false,51,4,3,0,3,2,3,9,1,1,3,3,2,1,0,1,0,0,0,0,2,0,1,0,0,0,9,17,0,false
c:\Users\arthur.menezes_evolu\Desktop\Pes\AndroidSwipeLayout\library\src\main\java\com\daimajia\swipe\adapters\BaseSwipeAdapter.java,com.daimajia.swipe.adapters.BaseSwipeAdapter,setMode/1[com.daimajia.swipe.util.Attributes.Mode],false,107,2,3,2,1,1,1,3,0,0,1,1,0,0,0,0,0,0,0,0,0,0,0,0,0,0,3,1,0,false
c:\Users\arthur.menezes_evolu\Desktop\Pes\AndroidSwipeLayout\demo\src\main\java\com\daimajia\swipedemo\adapter\ListViewAdapter.java,com.daimajia.swipedemo.adapter.ListViewAdapter,"fillValues/2[int,com.daimajia.swipedemo.adapter.View]",false,56,2,0,0,0,1,2,4,0,1,2,2,0,0,0,0,0,1,1,1,1,2,0,0,0,0,7,1,0,false
c:\Users\arthur.menezes_evolu\Desktop\Pes\AndroidSwipeLayout\demo\src\main\java\com\daimajia\swipedemo\adapter\ListViewAdapter.java,com.daimajia.swipedemo.adapter.ListViewAdapter,getSwipeLayoutResourceId/1[int],false,26,0,1,1,0,1,0,3,1,0,1,0,0,0,0,0,0,0,0,0,0,0,0,0,0,0,6,1,0,false
c:\Users\arthur.menezes_evolu\Desktop\Pes\AndroidSwipeLayout\demo\src\main\java\com\daimajia\swipedemo\adapter\ListViewAdapter.java,com.daimajia.swipedemo.adapter.ListViewAdapter,getItemId/1[int],false,72,0,0,0,0,1,0,3,1,0,1,0,0,0,0,0,0,0,0,0,0,0,0,0,0,0,4,1,0,false
c:\Users\arthur.menezes_evolu\Desktop\Pes\AndroidSwipeLayout\demo\src\main\java\com\daimajia\swipedemo\adapter\ListViewAdapter.java,com.daimajia.swipedemo.adapter.ListViewAdapter,getCount/0,false,62,0,0,0,0,1,0,3,1,0,0,0,0,0,0,0,0,0,0,1,0,0,0,0,0,0,2,1,0,false
c:\Users\arthur.menezes_evolu\Desktop\Pes\AndroidSwipeLayout\demo\src\main\java\com\daimajia\swipedemo\adapter\ListViewAdapter.java,com.daimajia.swipedemo.adapter.ListViewAdapter,"generateView/2[int,com.daimajia.swipedemo.adapter.ViewGroup]",false,31,6,4,0,4,1,7,23,1,2,2,7,1,1,0,0,0,0,0,0,2,0,0,3,0,0,22,1,0,false
c:\Users\arthur.menezes_evolu\Desktop\Pes\AndroidSwipeLayout\demo\src\main\java\com\daimajia\swipedemo\adapter\ListViewAdapter.java,com.daimajia.swipedemo.adapter.ListViewAdapter,getItem/1[int],false,67,0,0,0,0,1,0,3,1,0,1,0,0,0,0,0,0,0,0,0,0,0,0,0,0,0,5,1,0,false
c:\Users\arthur.menezes_evolu\Desktop\Pes\AndroidSwipeLayout\demo\src\main\java\com\daimajia\swipedemo\adapter\ListViewAdapter.java,com.daimajia.swipedemo.adapter.ListViewAdapter,ListViewAdapter/1[com.daimajia.swipedemo.adapter.Context],true,21,1,1,1,0,1,0,3,0,0,1,0,0,0,0,0,0,0,0,0,1,0,0,0,0,0,5,1,0,false
c:\Users\arthur.menezes_evolu\Desktop\Pes\AndroidSwipeLayout\demo\src\main\java\com\daimajia\swipedemo\adapter\RecyclerViewAdapter.java,com.daimajia.swipedemo.adapter.RecyclerViewAdapter,"onCreateViewHolder/2[com.daimajia.swipedemo.adapter.ViewGroup,int]",false,58,3,1,0,1,1,3,4,1,1,2,3,0,0,0,0,0,0,0,0,1,0,0,0,0,0,8,1,0,false
c:\Users\arthur.menezes_evolu\Desktop\Pes\AndroidSwipeLayout\demo\src\main\java\com\daimajia\swipedemo\adapter\RecyclerViewAdapter.java,com.daimajia.swipedemo.adapter.RecyclerViewAdapter,getItemCount/0,false,96,0,0,0,0,1,1,3,1,0,0,1,0,0,0,0,0,0,0,0,0,0,0,0,0,0,3,1,0,false
c:\Users\arthur.menezes_evolu\Desktop\Pes\AndroidSwipeLayout\demo\src\main\java\com\daimajia\swipedemo\adapter\RecyclerViewAdapter.java,com.daimajia.swipedemo.adapter.RecyclerViewAdapter,"onBindViewHolder/2[com.daimajia.swipedemo.adapter.RecyclerViewAdapter.SimpleViewHolder,int]",false,64,6,5,0,5,1,7,30,0,1,2,7,0,0,0,0,0,1,1,1,1,2,0,3,0,0,21,1,0,false
c:\Users\arthur.menezes_evolu\Desktop\Pes\AndroidSwipeLayout\demo\src\main\java\com\daimajia\swipedemo\adapter\RecyclerViewAdapter.java,com.daimajia.swipedemo.adapter.RecyclerViewAdapter,"RecyclerViewAdapter/2[com.daimajia.swipedemo.adapter.Context,java.util.ArrayList<java.lang.String>]",true,52,1,1,1,0,1,0,4,0,0,2,0,0,0,0,0,0,0,0,0,2,0,0,0,0,0,6,1,0,false
c:\Users\arthur.menezes_evolu\Desktop\Pes\AndroidSwipeLayout\demo\src\main\java\com\daimajia\swipedemo\adapter\RecyclerViewAdapter.java,com.daimajia.swipedemo.adapter.RecyclerViewAdapter,getSwipeLayoutResourceId/1[int],false,101,0,0,0,0,1,0,3,1,0,1,0,0,0,0,0,0,0,0,0,0,0,0,0,0,0,6,1,0,false
c:\Users\arthur.menezes_evolu\Desktop\Pes\AndroidSwipeLayout\demo\src\main\java\com\daimajia\swipedemo\GridViewExample.java,com.daimajia.swipedemo.GridViewExample$Anonymous2,"onItemClick/4[com.daimajia.swipedemo.AdapterView<?>,com.daimajia.swipedemo.View,int,long]",false,33,2,1,0,1,1,1,3,0,0,4,1,0,0,0,0,0,0,2,0,0,1,0,0,0,0,5,1,0,false
c:\Users\arthur.menezes_evolu\Desktop\Pes\AndroidSwipeLayout\demo\src\main\java\com\daimajia\swipedemo\GridViewExample.java,com.daimajia.swipedemo.GridViewExample$Anonymous3,"onItemSelected/4[com.daimajia.swipedemo.AdapterView<?>,com.daimajia.swipedemo.View,int,long]",false,41,2,0,0,0,1,1,3,0,0,4,1,0,0,0,0,0,0,2,0,0,1,0,0,0,0,5,1,0,false
c:\Users\arthur.menezes_evolu\Desktop\Pes\AndroidSwipeLayout\demo\src\main\java\com\daimajia\swipedemo\GridViewExample.java,com.daimajia.swipedemo.GridViewExample$Anonymous3,onNothingSelected/1[com.daimajia.swipedemo.AdapterView<?>],false,46,1,0,0,0,1,0,2,0,0,1,0,0,0,0,0,0,0,0,0,0,0,0,0,0,0,4,1,0,false
c:\Users\arthur.menezes_evolu\Desktop\Pes\AndroidSwipeLayout\demo\src\main\java\com\daimajia\swipedemo\RecyclerViewExample.java,com.daimajia.swipedemo.RecyclerViewExample$Anonymous1,"onScrollStateChanged/2[com.daimajia.swipedemo.RecyclerView,int]",false,74,1,0,0,0,1,2,4,0,0,2,2,0,0,0,0,0,0,2,0,0,0,0,0,0,0,7,1,0,false
c:\Users\arthur.menezes_evolu\Desktop\Pes\AndroidSwipeLayout\demo\src\main\java\com\daimajia\swipedemo\RecyclerViewExample.java,com.daimajia.swipedemo.RecyclerViewExample$Anonymous1,"onScrolled/3[com.daimajia.swipedemo.RecyclerView,int,int]",false,80,1,0,0,0,1,1,3,0,0,3,1,0,0,0,0,0,0,0,0,0,0,0,0,0,0,5,1,0,false
c:\Users\arthur.menezes_evolu\Desktop\Pes\AndroidSwipeLayout\demo\src\main\java\com\daimajia\swipedemo\GridViewExample.java,com.daimajia.swipedemo.GridViewExample$Anonymous1,"onItemLongClick/4[com.daimajia.swipedemo.AdapterView<?>,com.daimajia.swipedemo.View,int,long]",false,26,2,0,0,0,1,1,4,1,0,4,1,0,0,0,0,0,0,2,0,0,1,0,0,0,0,7,1,0,false
c:\Users\arthur.menezes_evolu\Desktop\Pes\AndroidSwipeLayout\library\src\main\java\com\daimajia\swipe\adapters\SimpleCursorSwipeAdapter.java,com.daimajia.swipe.adapters.SimpleCursorSwipeAdapter,"SimpleCursorSwipeAdapter/5[com.daimajia.swipe.adapters.Context,int,com.daimajia.swipe.adapters.Cursor,java.lang.String[],int[]]",true,25,3,0,0,0,1,0,3,0,0,5,0,0,0,0,0,0,0,0,0,0,0,0,0,0,0,6,4,0,false
c:\Users\arthur.menezes_evolu\Desktop\Pes\AndroidSwipeLayout\library\src\main\java\com\daimajia\swipe\adapters\SimpleCursorSwipeAdapter.java,com.daimajia.swipe.adapters.SimpleCursorSwipeAdapter,getMode/0,false,72,2,1,0,1,1,1,3,1,0,0,1,0,0,0,0,0,0,0,0,0,0,0,0,0,0,2,1,0,false
c:\Users\arthur.menezes_evolu\Desktop\Pes\AndroidSwipeLayout\library\src\main\java\com\daimajia\swipe\adapters\SimpleCursorSwipeAdapter.java,com.daimajia.swipe.adapters.SimpleCursorSwipeAdapter,openItem/1[int],false,37,1,1,0,1,1,1,3,0,0,1,1,0,0,0,0,0,0,0,0,0,0,0,0,0,0,3,1,0,false
c:\Users\arthur.menezes_evolu\Desktop\Pes\AndroidSwipeLayout\library\src\main\java\com\daimajia\swipe\adapters\SimpleCursorSwipeAdapter.java,com.daimajia.swipe.adapters.SimpleCursorSwipeAdapter,isOpen/1[int],false,67,1,1,0,1,1,1,3,1,0,1,1,0,0,0,0,0,0,0,0,0,0,0,0,0,0,3,1,0,false
c:\Users\arthur.menezes_evolu\Desktop\Pes\AndroidSwipeLayout\library\src\main\java\com\daimajia\swipe\adapters\SimpleCursorSwipeAdapter.java,com.daimajia.swipe.adapters.SimpleCursorSwipeAdapter,removeShownLayouts/1[com.daimajia.swipe.SwipeLayout],false,62,2,1,0,1,1,1,3,0,0,1,1,0,0,0,0,0,0,0,0,0,0,0,0,0,0,6,1,0,false
c:\Users\arthur.menezes_evolu\Desktop\Pes\AndroidSwipeLayout\library\src\main\java\com\daimajia\swipe\adapters\SimpleCursorSwipeAdapter.java,com.daimajia.swipe.adapters.SimpleCursorSwipeAdapter,closeAllExcept/1[com.daimajia.swipe.SwipeLayout],false,47,2,1,0,1,1,1,3,0,0,1,1,0,0,0,0,0,0,0,0,0,0,0,0,0,0,6,1,0,false
c:\Users\arthur.menezes_evolu\Desktop\Pes\AndroidSwipeLayout\library\src\main\java\com\daimajia\swipe\adapters\SimpleCursorSwipeAdapter.java,com.daimajia.swipe.adapters.SimpleCursorSwipeAdapter,"getView/3[int,com.daimajia.swipe.adapters.View,com.daimajia.swipe.adapters.ViewGroup]",false,30,3,1,0,1,1,2,5,1,1,3,2,0,0,0,0,0,0,0,0,1,0,0,0,0,0,4,1,0,false
c:\Users\arthur.menezes_evolu\Desktop\Pes\AndroidSwipeLayout\library\src\main\java\com\daimajia\swipe\adapters\SimpleCursorSwipeAdapter.java,com.daimajia.swipe.adapters.SimpleCursorSwipeAdapter,getOpenItems/0,false,52,1,1,0,1,1,1,3,1,0,0,1,0,0,0,0,0,0,0,0,0,0,0,0,0,0,3,1,0,false
c:\Users\arthur.menezes_evolu\Desktop\Pes\AndroidSwipeLayout\library\src\main\java\com\daimajia\swipe\adapters\SimpleCursorSwipeAdapter.java,com.daimajia.swipe.adapters.SimpleCursorSwipeAdapter,closeItem/1[int],false,42,1,1,0,1,1,1,3,0,0,1,1,0,0,0,0,0,0,0,0,0,0,0,0,0,0,3,1,0,false
c:\Users\arthur.menezes_evolu\Desktop\Pes\AndroidSwipeLayout\library\src\main\java\com\daimajia\swipe\adapters\SimpleCursorSwipeAdapter.java,com.daimajia.swipe.adapters.SimpleCursorSwipeAdapter,getOpenLayouts/0,false,57,2,1,0,1,1,1,3,1,0,0,1,0,0,0,0,0,0,0,0,0,0,0,0,0,0,3,1,0,false
c:\Users\arthur.menezes_evolu\Desktop\Pes\AndroidSwipeLayout\library\src\main\java\com\daimajia\swipe\adapters\SimpleCursorSwipeAdapter.java,com.daimajia.swipe.adapters.SimpleCursorSwipeAdapter,setMode/1[com.daimajia.swipe.util.Attributes.Mode],false,77,2,1,0,1,1,1,3,0,0,1,1,0,0,0,0,0,0,0,0,0,0,0,0,0,0,3,1,0,false
c:\Users\arthur.menezes_evolu\Desktop\Pes\AndroidSwipeLayout\library\src\main\java\com\daimajia\swipe\adapters\SimpleCursorSwipeAdapter.java,com.daimajia.swipe.adapters.SimpleCursorSwipeAdapter,"SimpleCursorSwipeAdapter/6[com.daimajia.swipe.adapters.Context,int,com.daimajia.swipe.adapters.Cursor,java.lang.String[],int[],int]",true,21,3,0,0,0,1,0,3,0,0,6,0,0,0,0,0,0,0,0,0,0,0,0,0,0,0,6,4,0,false
c:\Users\arthur.menezes_evolu\Desktop\Pes\AndroidSwipeLayout\library\src\main\java\com\daimajia\swipe\SwipeLayout.java,com.daimajia.swipe.SwipeLayout,open/1[boolean],false,1377,1,3,2,1,1,1,3,0,0,1,1,1,9,0,0,0,0,0,0,0,0,0,0,0,0,2,1,0,false
c:\Users\arthur.menezes_evolu\Desktop\Pes\AndroidSwipeLayout\library\src\main\java\com\daimajia\swipe\SwipeLayout.java,com.daimajia.swipe.SwipeLayout,"open/3[boolean,boolean,com.daimajia.swipe.SwipeLayout.DragEdge]",false,1420,2,2,0,2,1,2,4,0,0,3,2,2,13,0,0,0,0,0,0,0,0,0,0,0,0,6,1,0,false
c:\Users\arthur.menezes_evolu\Desktop\Pes\AndroidSwipeLayout\library\src\main\java\com\daimajia\swipe\SwipeLayout.java,com.daimajia.swipe.SwipeLayout,"addView/3[com.daimajia.swipe.View,int,ViewGroup.LayoutParams]",false,745,3,1,1,0,15,12,37,2,1,3,12,0,0,1,7,1,4,1,1,3,0,3,0,0,0,10,1,0,false
c:\Users\arthur.menezes_evolu\Desktop\Pes\AndroidSwipeLayout\library\src\main\java\com\daimajia\swipe\SwipeLayout.java,com.daimajia.swipe.SwipeLayout,getWillOpenPercentAfterOpen/0,false,1054,0,0,0,0,1,0,3,1,0,0,0,0,0,0,0,0,0,0,0,0,0,0,0,0,0,29,1,0,true
c:\Users\arthur.menezes_evolu\Desktop\Pes\AndroidSwipeLayout\library\src\main\java\com\daimajia\swipe\SwipeLayout.java,com.daimajia.swipe.SwipeLayout,setWillOpenPercentAfterOpen/1[float],false,1064,0,0,0,0,1,0,3,0,0,1,0,0,0,0,0,0,0,0,0,1,0,0,0,0,0,30,1,0,true
c:\Users\arthur.menezes_evolu\Desktop\Pes\AndroidSwipeLayout\library\src\main\java\com\daimajia\swipe\SwipeLayout.java,com.daimajia.swipe.SwipeLayout,getDragEdge/0,false,1249,1,1,1,0,1,0,3,1,0,0,0,0,0,0,0,0,0,0,0,0,0,0,0,0,0,5,1,0,false
c:\Users\arthur.menezes_evolu\Desktop\Pes\AndroidSwipeLayout\library\src\main\java\com\daimajia\swipe\SwipeLayout.java,com.daimajia.swipe.SwipeLayout,addSwipeDenier/1[com.daimajia.swipe.SwipeLayout.SwipeDenier],false,152,1,0,0,0,1,1,3,0,0,1,1,0,0,0,0,0,0,0,0,0,0,0,0,0,0,4,1,0,false
c:\Users\arthur.menezes_evolu\Desktop\Pes\AndroidSwipeLayout\library\src\main\java\com\daimajia\swipe\SwipeLayout.java,com.daimajia.swipe.SwipeLayout,removeAllSwipeDeniers/0,false,160,0,0,0,0,1,1,3,0,0,0,1,0,0,0,0,0,0,0,0,0,0,0,0,0,0,4,1,0,false
c:\Users\arthur.menezes_evolu\Desktop\Pes\AndroidSwipeLayout\library\src\main\java\com\daimajia\swipe\SwipeLayout.java,com.daimajia.swipe.SwipeLayout,"dispatchSwipeEvent/4[int,int,int,int]",false,517,2,5,3,2,9,2,17,0,2,4,2,2,5,0,4,0,0,0,4,6,0,2,0,0,0,12,4,0,false
c:\Users\arthur.menezes_evolu\Desktop\Pes\AndroidSwipeLayout\library\src\main\java\com\daimajia\swipe\SwipeLayout.java,com.daimajia.swipe.SwipeLayout,getWillOpenPercentAfterClose/0,false,1074,0,0,0,0,1,0,3,1,0,0,0,0,0,0,0,0,0,0,0,0,0,0,0,0,0,30,1,0,true
c:\Users\arthur.menezes_evolu\Desktop\Pes\AndroidSwipeLayout\library\src\main\java\com\daimajia\swipe\SwipeLayout.java,com.daimajia.swipe.SwipeLayout,"addDrag/3[com.daimajia.swipe.SwipeLayout.DragEdge,com.daimajia.swipe.View,ViewGroup.LayoutParams]",false,714,5,3,2,1,9,4,28,1,1,3,4,1,1,0,2,0,1,0,2,8,0,1,0,0,0,14,1,0,false
c:\Users\arthur.menezes_evolu\Desktop\Pes\AndroidSwipeLayout\library\src\main\java\com\daimajia\swipe\SwipeLayout.java,com.daimajia.swipe.SwipeLayout,getAdapterView/0,false,1092,2,1,1,0,2,1,7,2,1,0,1,0,0,0,0,0,0,0,0,1,0,1,0,0,0,6,2,0,false
c:\Users\arthur.menezes_evolu\Desktop\Pes\AndroidSwipeLayout\library\src\main\java\com\daimajia\swipe\SwipeLayout.java,com.daimajia.swipe.SwipeLayout,removeOnLayoutListener/1[com.daimajia.swipe.SwipeLayout.OnLayout],false,688,1,0,0,0,2,1,3,0,0,1,1,0,0,0,1,0,0,0,0,0,0,1,0,0,0,8,1,0,false
c:\Users\arthur.menezes_evolu\Desktop\Pes\AndroidSwipeLayout\library\src\main\java\com\daimajia\swipe\SwipeLayout.java,com.daimajia.swipe.SwipeLayout,"addDrag/2[com.daimajia.swipe.SwipeLayout.DragEdge,com.daimajia.swipe.View]",false,710,3,4,3,1,1,1,3,0,0,2,1,1,2,0,0,0,0,0,0,0,0,0,0,0,0,4,1,0,false
c:\Users\arthur.menezes_evolu\Desktop\Pes\AndroidSwipeLayout\library\src\main\java\com\daimajia\swipe\SwipeLayout.java,com.daimajia.swipe.SwipeLayout,setOnDoubleClickListener/1[com.daimajia.swipe.SwipeLayout.DoubleClickListener],false,1548,1,3,3,0,1,0,3,0,0,1,0,0,0,0,0,0,0,0,0,1,0,0,0,0,0,7,1,0,false
c:\Users\arthur.menezes_evolu\Desktop\Pes\AndroidSwipeLayout\library\src\main\java\com\daimajia\swipe\SwipeLayout.java,com.daimajia.swipe.SwipeLayout,checkCanDrag/1[com.daimajia.swipe.MotionEvent],false,829,4,8,2,6,25,11,64,4,10,1,11,6,12,0,18,0,9,0,9,24,3,3,0,0,0,37,2,0,false
c:\Users\arthur.menezes_evolu\Desktop\Pes\AndroidSwipeLayout\library\src\main\java\com\daimajia\swipe\SwipeLayout.java,com.daimajia.swipe.SwipeLayout,getCurrentOffset/0,false,1632,0,1,1,0,2,1,4,2,0,0,1,0,0,0,1,0,0,0,1,0,0,1,0,0,0,7,2,0,false
c:\Users\arthur.menezes_evolu\Desktop\Pes\AndroidSwipeLayout\library\src\main\java\com\daimajia\swipe\SwipeLayout.java,com.daimajia.swipe.SwipeLayout,"addRevealListener/2[int[],com.daimajia.swipe.SwipeLayout.OnRevealListener]",false,198,3,2,1,1,2,1,3,0,0,2,1,1,1,1,0,0,0,0,0,0,0,1,0,0,0,14,1,0,true
c:\Users\arthur.menezes_evolu\Desktop\Pes\AndroidSwipeLayout\library\src\main\java\com\daimajia\swipe\SwipeLayout.java,com.daimajia.swipe.SwipeLayout,isRightSwipeEnabled/0,false,1018,2,2,1,1,4,4,4,1,1,0,4,1,1,0,3,0,0,0,0,1,0,0,0,0,0,9,1,0,false
c:\Users\arthur.menezes_evolu\Desktop\Pes\AndroidSwipeLayout\library\src\main\java\com\daimajia\swipe\SwipeLayout.java,com.daimajia.swipe.SwipeLayout,setShowMode/1[com.daimajia.swipe.SwipeLayout.ShowMode],false,1244,1,2,2,0,1,1,4,0,0,1,1,0,0,0,0,0,0,0,0,1,0,0,0,0,0,12,1,0,true
c:\Users\arthur.menezes_evolu\Desktop\Pes\AndroidSwipeLayout\library\src\main\java\com\daimajia\swipe\SwipeLayout.java,com.daimajia.swipe.SwipeLayout,captureChildrenBound/0,false,405,3,4,1,3,4,10,19,1,3,0,10,3,3,1,2,0,0,0,0,8,0,2,0,0,0,24,2,0,true
c:\Users\arthur.menezes_evolu\Desktop\Pes\AndroidSwipeLayout\library\src\main\java\com\daimajia\swipe\SwipeLayout.java,com.daimajia.swipe.SwipeLayout,"open/2[boolean,boolean]",false,1381,3,14,6,8,6,13,30,1,6,2,13,8,8,0,3,0,0,0,0,6,2,3,0,0,0,29,1,0,false
c:\Users\arthur.menezes_evolu\Desktop\Pes\AndroidSwipeLayout\library\src\main\java\com\daimajia\swipe\SwipeLayout.java,com.daimajia.swipe.SwipeLayout,computeBottomLayDown/1[com.daimajia.swipe.SwipeLayout.DragEdge],false,1530,2,1,1,0,5,4,19,1,4,1,4,0,0,0,4,0,0,0,0,8,6,1,0,0,0,21,2,0,false
c:\Users\arthur.menezes_evolu\Desktop\Pes\AndroidSwipeLayout\library\src\main\java\com\daimajia\swipe\SwipeLayout.java,com.daimajia.swipe.SwipeLayout,insideAdapterView/0,false,1088,1,2,1,1,2,1,3,1,0,0,1,1,1,0,1,0,0,0,0,0,0,0,0,0,0,5,2,0,false
c:\Users\arthur.menezes_evolu\Desktop\Pes\AndroidSwipeLayout\library\src\main\java\com\daimajia\swipe\SwipeLayout.java,com.daimajia.swipe.SwipeLayout,setDragEdges/1[java.util.List<com.daimajia.swipe.SwipeLayout.DragEdge>],false,1597,2,3,1,2,4,9,13,0,3,1,9,2,8,1,1,0,0,0,4,3,1,1,0,0,0,11,1,0,true
c:\Users\arthur.menezes_evolu\Desktop\Pes\AndroidSwipeLayout\library\src\main\java\com\daimajia\swipe\SwipeLayout.java,com.daimajia.swipe.SwipeLayout,addSwipeListener/1[com.daimajia.swipe.SwipeLayout.SwipeListener],false,129,1,3,3,0,1,1,3,0,0,1,1,0,0,0,0,0,0,0,0,0,0,0,0,0,0,4,1,0,false
c:\Users\arthur.menezes_evolu\Desktop\Pes\AndroidSwipeLayout\library\src\main\java\com\daimajia\swipe\SwipeLayout.java,com.daimajia.swipe.SwipeLayout,setTopSwipeEnabled/1[boolean],false,1034,0,0,0,0,1,1,3,0,0,1,1,0,0,0,0,0,0,0,0,1,0,0,0,0,0,5,1,0,false
c:\Users\arthur.menezes_evolu\Desktop\Pes\AndroidSwipeLayout\library\src\main\java\com\daimajia\swipe\SwipeLayout.java,com.daimajia.swipe.SwipeLayout,computeScroll/0,false,666,0,0,0,0,2,3,6,0,0,0,3,0,0,0,0,0,0,0,0,0,0,1,0,0,0,3,1,0,false
c:\Users\arthur.menezes_evolu\Desktop\Pes\AndroidSwipeLayout\library\src\main\java\com\daimajia\swipe\SwipeLayout.java,com.daimajia.swipe.SwipeLayout,safeBottomView/0,false,573,3,7,4,3,7,5,17,0,3,0,5,3,3,1,5,0,0,0,0,3,0,3,0,0,0,28,2,0,true
c:\Users\arthur.menezes_evolu\Desktop\Pes\AndroidSwipeLayout\library\src\main\java\com\daimajia\swipe\SwipeLayout.java,com.daimajia.swipe.SwipeLayout,onInterceptTouchEvent/1[com.daimajia.swipe.MotionEvent],false,903,4,5,0,5,17,11,45,5,2,1,11,4,14,1,4,0,0,0,0,7,0,3,0,0,0,38,1,0,false
c:\Users\arthur.menezes_evolu\Desktop\Pes\AndroidSwipeLayout\library\src\main\java\com\daimajia\swipe\SwipeLayout.java,com.daimajia.swipe.SwipeLayout,onAttachedToWindow/0,false,1143,3,3,0,3,4,4,22,0,0,0,4,3,2,0,2,0,0,0,0,0,0,2,2,0,0,19,4,0,false
c:\Users\arthur.menezes_evolu\Desktop\Pes\AndroidSwipeLayout\library\src\main\java\com\daimajia\swipe\SwipeLayout.java,com.daimajia.swipe.SwipeLayout,layoutLayDown/0,false,810,3,5,1,4,5,7,15,0,4,0,7,4,2,0,4,0,0,0,0,6,0,1,0,0,0,22,0,0,false
c:\Users\arthur.menezes_evolu\Desktop\Pes\AndroidSwipeLayout\library\src\main\java\com\daimajia\swipe\SwipeLayout.java,com.daimajia.swipe.SwipeLayout,isTouchOnSurface/1[com.daimajia.swipe.MotionEvent],false,1184,4,3,2,1,3,5,11,2,1,1,5,1,1,0,2,0,0,0,0,2,0,1,0,0,0,14,2,0,false
c:\Users\arthur.menezes_evolu\Desktop\Pes\AndroidSwipeLayout\library\src\main\java\com\daimajia\swipe\SwipeLayout.java,com.daimajia.swipe.SwipeLayout,setBottomSwipeEnabled/1[boolean],false,1044,0,0,0,0,1,1,3,0,0,1,1,0,0,0,0,0,0,0,0,1,0,0,0,0,0,5,1,0,false
c:\Users\arthur.menezes_evolu\Desktop\Pes\AndroidSwipeLayout\library\src\main\java\com\daimajia\swipe\SwipeLayout.java,com.daimajia.swipe.SwipeLayout,isClickToClose/0,false,992,0,0,0,0,1,0,3,1,0,0,0,0,0,0,0,0,0,0,0,0,0,0,0,0,0,5,1,0,false
c:\Users\arthur.menezes_evolu\Desktop\Pes\AndroidSwipeLayout\library\src\main\java\com\daimajia\swipe\SwipeLayout.java,com.daimajia.swipe.SwipeLayout,getDragEdges/0,false,1589,1,0,0,0,1,1,3,1,0,0,1,0,0,0,0,0,0,0,0,0,0,0,0,0,0,4,1,0,true
c:\Users\arthur.menezes_evolu\Desktop\Pes\AndroidSwipeLayout\library\src\main\java\com\daimajia\swipe\SwipeLayout.java,com.daimajia.swipe.SwipeLayout,setSwipeEnabled/1[boolean],false,1000,0,0,0,0,1,0,3,0,0,1,0,0,0,0,0,0,0,0,0,1,0,0,0,0,0,5,1,0,false
c:\Users\arthur.menezes_evolu\Desktop\Pes\AndroidSwipeLayout\library\src\main\java\com\daimajia\swipe\SwipeLayout.java,com.daimajia.swipe.SwipeLayout,"addRevealListener/2[int,com.daimajia.swipe.SwipeLayout.OnRevealListener]",false,176,2,1,1,0,4,5,11,0,1,2,5,0,0,0,2,0,0,1,0,1,0,1,0,0,0,24,1,0,true
c:\Users\arthur.menezes_evolu\Desktop\Pes\AndroidSwipeLayout\library\src\main\java\com\daimajia\swipe\SwipeLayout.java,com.daimajia.swipe.SwipeLayout,onViewRemoved/1[com.daimajia.swipe.View],false,1573,2,0,0,0,3,4,7,0,0,1,4,0,0,1,1,0,0,0,0,0,0,2,0,0,0,8,1,0,false
c:\Users\arthur.menezes_evolu\Desktop\Pes\AndroidSwipeLayout\library\src\main\java\com\daimajia\swipe\SwipeLayout.java,com.daimajia.swipe.SwipeLayout,open/0,false,1373,1,2,1,1,1,1,3,0,0,0,1,1,9,0,0,0,0,0,0,0,0,0,0,0,0,2,1,0,true
c:\Users\arthur.menezes_evolu\Desktop\Pes\AndroidSwipeLayout\library\src\main\java\com\daimajia\swipe\SwipeLayout.java,com.daimajia.swipe.SwipeLayout,"removeRevealListener/2[int,com.daimajia.swipe.SwipeLayout.OnRevealListener]",false,203,2,0,0,0,3,4,6,1,1,2,4,0,0,0,1,0,0,0,0,1,0,1,0,0,0,10,1,0,false
c:\Users\arthur.menezes_evolu\Desktop\Pes\AndroidSwipeLayout\library\src\main\java\com\daimajia\swipe\SwipeLayout.java,com.daimajia.swipe.SwipeLayout,"onLayout/5[boolean,int,int,int,int]",false,785,2,2,0,2,3,4,6,0,1,5,4,1,7,1,1,0,0,0,1,1,0,2,0,0,0,11,4,0,false
c:\Users\arthur.menezes_evolu\Desktop\Pes\AndroidSwipeLayout\library\src\main\java\com\daimajia\swipe\SwipeLayout.java,com.daimajia.swipe.SwipeLayout,getShowMode/0,false,1257,1,4,4,0,1,0,3,1,0,0,0,0,0,0,0,0,0,0,0,0,0,0,0,0,0,4,1,0,false
c:\Users\arthur.menezes_evolu\Desktop\Pes\AndroidSwipeLayout\library\src\main\java\com\daimajia\swipe\SwipeLayout.java,com.daimajia.swipe.SwipeLayout,isTopSwipeEnabled/0,false,1028,2,2,1,1,4,4,4,1,1,0,4,1,1,0,3,0,0,0,0,1,0,0,0,0,0,9,1,0,false
c:\Users\arthur.menezes_evolu\Desktop\Pes\AndroidSwipeLayout\library\src\main\java\com\daimajia\swipe\SwipeLayout.java,com.daimajia.swipe.SwipeLayout,"isViewTotallyFirstShowed/7[com.daimajia.swipe.View,com.daimajia.swipe.Rect,com.daimajia.swipe.SwipeLayout.DragEdge,int,int,int,int]",false,432,4,2,1,1,20,6,15,2,5,7,6,1,1,0,10,0,8,0,0,7,0,2,0,0,0,44,4,0,true
c:\Users\arthur.menezes_evolu\Desktop\Pes\AndroidSwipeLayout\library\src\main\java\com\daimajia\swipe\SwipeLayout.java,com.daimajia.swipe.SwipeLayout,getDragEdgeMap/0,false,1581,2,0,0,0,1,0,3,1,0,0,0,0,0,0,0,0,0,0,0,0,0,0,0,0,0,6,1,0,false
c:\Users\arthur.menezes_evolu\Desktop\Pes\AndroidSwipeLayout\library\src\main\java\com\daimajia\swipe\SwipeLayout.java,com.daimajia.swipe.SwipeLayout,removeAllRevealListeners/1[int],false,212,1,0,0,0,2,2,7,0,1,1,2,0,0,0,1,0,0,0,0,1,0,1,0,0,0,10,1,0,false
c:\Users\arthur.menezes_evolu\Desktop\Pes\AndroidSwipeLayout\library\src\main\java\com\daimajia\swipe\SwipeLayout.java,com.daimajia.swipe.SwipeLayout,getSurfaceView/0,false,1264,1,18,18,0,2,2,4,2,0,0,2,0,0,0,1,0,0,0,2,0,1,1,0,0,0,13,1,0,true
c:\Users\arthur.menezes_evolu\Desktop\Pes\AndroidSwipeLayout\library\src\main\java\com\daimajia\swipe\SwipeLayout.java,com.daimajia.swipe.SwipeLayout,updateBottomViews/0,false,1642,2,8,2,6,6,8,18,0,1,0,8,6,6,0,5,0,0,0,0,3,2,2,0,0,0,22,2,0,false
c:\Users\arthur.menezes_evolu\Desktop\Pes\AndroidSwipeLayout\library\src\main\java\com\daimajia\swipe\SwipeLayout.java,com.daimajia.swipe.SwipeLayout,"isViewShowing/7[com.daimajia.swipe.View,com.daimajia.swipe.Rect,com.daimajia.swipe.SwipeLayout.DragEdge,int,int,int,int]",false,454,4,2,1,1,27,5,47,9,4,7,5,1,1,0,2,0,0,0,0,4,0,3,0,0,0,19,4,0,false
c:\Users\arthur.menezes_evolu\Desktop\Pes\AndroidSwipeLayout\library\src\main\java\com\daimajia\swipe\SwipeLayout.java,com.daimajia.swipe.SwipeLayout,removeSwipeListener/1[com.daimajia.swipe.SwipeLayout.SwipeListener],false,133,1,0,0,0,1,1,3,0,0,1,1,0,0,0,0,0,0,0,0,0,0,0,0,0,0,4,1,0,false
c:\Users\arthur.menezes_evolu\Desktop\Pes\AndroidSwipeLayout\library\src\main\java\com\daimajia\swipe\SwipeLayout.java,com.daimajia.swipe.SwipeLayout,getRelativePosition/1[com.daimajia.swipe.View],false,501,2,1,1,0,4,6,13,1,2,1,6,0,0,1,3,0,0,0,2,7,2,2,0,0,0,10,4,0,false
c:\Users\arthur.menezes_evolu\Desktop\Pes\AndroidSwipeLayout\library\src\main\java\com\daimajia\swipe\SwipeLayout.java,com.daimajia.swipe.SwipeLayout,"computeBottomLayoutAreaViaSurface/2[com.daimajia.swipe.SwipeLayout.ShowMode,com.daimajia.swipe.Rect]",false,1495,4,4,3,1,13,3,26,1,6,2,3,1,2,0,12,0,2,0,2,18,8,4,0,0,0,25,2,0,false
c:\Users\arthur.menezes_evolu\Desktop\Pes\AndroidSwipeLayout\library\src\main\java\com\daimajia\swipe\SwipeLayout.java,com.daimajia.swipe.SwipeLayout,toggle/1[boolean],false,1469,1,4,1,3,3,3,4,0,0,1,3,3,12,0,2,0,0,0,0,0,0,2,0,0,0,7,1,0,false
c:\Users\arthur.menezes_evolu\Desktop\Pes\AndroidSwipeLayout\library\src\main\java\com\daimajia\swipe\SwipeLayout.java,com.daimajia.swipe.SwipeLayout,layoutPullOut/0,false,793,3,5,1,4,5,7,15,0,4,0,7,4,2,0,4,0,0,0,0,6,0,1,0,0,0,22,0,0,false
c:\Users\arthur.menezes_evolu\Desktop\Pes\AndroidSwipeLayout\library\src\main\java\com\daimajia\swipe\SwipeLayout.java,com.daimajia.swipe.SwipeLayout,isSwipeEnabled/0,false,1004,0,2,2,0,1,0,3,1,0,0,0,0,0,0,0,0,0,0,0,0,0,0,0,0,0,4,1,0,false
c:\Users\arthur.menezes_evolu\Desktop\Pes\AndroidSwipeLayout\library\src\main\java\com\daimajia\swipe\SwipeLayout.java,com.daimajia.swipe.SwipeLayout,performAdapterViewItemClick/0,false,1100,3,2,1,1,4,8,11,1,3,0,8,1,2,0,2,0,0,0,0,3,1,2,0,0,0,12,2,0,false
c:\Users\arthur.menezes_evolu\Desktop\Pes\AndroidSwipeLayout\library\src\main\java\com\daimajia\swipe\SwipeLayout.java,com.daimajia.swipe.SwipeLayout,getBottomViews/0,false,1283,2,5,4,1,2,3,7,1,1,0,3,0,0,1,0,0,0,0,0,1,0,1,0,0,0,16,1,0,true
c:\Users\arthur.menezes_evolu\Desktop\Pes\AndroidSwipeLayout\library\src\main\java\com\daimajia\swipe\SwipeLayout.java,com.daimajia.swipe.SwipeLayout,setLeftSwipeEnabled/1[boolean],false,1014,0,0,0,0,1,1,3,0,0,1,1,0,0,0,0,0,0,0,0,1,0,0,0,0,0,5,1,0,false
c:\Users\arthur.menezes_evolu\Desktop\Pes\AndroidSwipeLayout\library\src\main\java\com\daimajia\swipe\SwipeLayout.java,com.daimajia.swipe.SwipeLayout,setDragDistance/1[int],false,1231,1,1,0,1,2,2,5,0,0,1,2,1,1,0,0,0,0,0,2,2,0,1,0,0,0,22,1,0,true
c:\Users\arthur.menezes_evolu\Desktop\Pes\AndroidSwipeLayout\library\src\main\java\com\daimajia\swipe\SwipeLayout.java,com.daimajia.swipe.SwipeLayout,removeSwipeDenier/1[com.daimajia.swipe.SwipeLayout.SwipeDenier],false,156,1,0,0,0,1,1,3,0,0,1,1,0,0,0,0,0,0,0,0,0,0,0,0,0,0,4,1,0,false
c:\Users\arthur.menezes_evolu\Desktop\Pes\AndroidSwipeLayout\library\src\main\java\com\daimajia\swipe\SwipeLayout.java,com.daimajia.swipe.SwipeLayout,removeAllSwipeListener/0,false,137,0,0,0,0,1,1,3,0,0,0,1,0,0,0,0,0,0,0,0,0,0,0,0,0,0,4,1,0,false
c:\Users\arthur.menezes_evolu\Desktop\Pes\AndroidSwipeLayout\library\src\main\java\com\daimajia\swipe\SwipeLayout.java,com.daimajia.swipe.SwipeLayout,setCurrentDragEdge/1[com.daimajia.swipe.SwipeLayout.DragEdge],false,1637,2,7,6,1,1,1,4,0,0,1,1,1,7,0,0,0,0,0,0,1,0,0,0,0,0,9,2,0,false
c:\Users\arthur.menezes_evolu\Desktop\Pes\AndroidSwipeLayout\library\src\main\java\com\daimajia\swipe\SwipeLayout.java,com.daimajia.swipe.SwipeLayout,"processHandRelease/3[float,float,boolean]",false,1327,3,4,1,3,20,6,45,1,8,3,6,3,12,0,6,0,3,0,4,8,8,5,0,0,0,38,4,0,true
c:\Users\arthur.menezes_evolu\Desktop\Pes\AndroidSwipeLayout\library\src\main\java\com\daimajia\swipe\SwipeLayout.java,com.daimajia.swipe.SwipeLayout,computeSurfaceLayoutArea/1[boolean],false,1481,1,4,4,0,5,4,10,1,2,1,4,0,0,0,3,0,0,0,0,6,6,4,0,0,0,33,2,0,true
c:\Users\arthur.menezes_evolu\Desktop\Pes\AndroidSwipeLayout\library\src\main\java\com\daimajia\swipe\SwipeLayout.java,com.daimajia.swipe.SwipeLayout,setWillOpenPercentAfterClose/1[float],false,1084,0,0,0,0,1,0,3,0,0,1,0,0,0,0,0,0,0,0,0,1,0,0,0,0,0,31,1,0,true
c:\Users\arthur.menezes_evolu\Desktop\Pes\AndroidSwipeLayout\library\src\main\java\com\daimajia\swipe\SwipeLayout.java,com.daimajia.swipe.SwipeLayout,"dispatchSwipeEvent/3[int,int,boolean]",false,533,4,9,1,8,10,12,34,0,2,3,12,3,4,3,4,0,0,0,3,4,2,4,0,0,0,23,4,0,false
c:\Users\arthur.menezes_evolu\Desktop\Pes\AndroidSwipeLayout\library\src\main\java\com\daimajia\swipe\SwipeLayout.java,com.daimajia.swipe.SwipeLayout,"SwipeLayout/3[com.daimajia.swipe.Context,com.daimajia.swipe.AttributeSet,int]",true,84,5,2,0,2,9,13,27,0,3,3,13,1,1,0,4,0,4,0,4,10,0,1,0,0,0,39,1,0,false
c:\Users\arthur.menezes_evolu\Desktop\Pes\AndroidSwipeLayout\library\src\main\java\com\daimajia\swipe\SwipeLayout.java,com.daimajia.swipe.SwipeLayout,"setBottomViewIds/4[int,int,int,int]",false,1625,1,1,0,1,1,2,6,0,0,4,2,1,3,0,0,0,0,0,0,0,0,0,0,0,0,30,1,0,true
c:\Users\arthur.menezes_evolu\Desktop\Pes\AndroidSwipeLayout\library\src\main\java\com\daimajia\swipe\SwipeLayout.java,com.daimajia.swipe.SwipeLayout,"setDrag/2[com.daimajia.swipe.SwipeLayout.DragEdge,com.daimajia.swipe.View]",false,701,3,2,0,2,1,2,4,0,0,2,2,2,3,0,0,0,0,0,0,0,0,0,0,0,0,6,1,0,false
c:\Users\arthur.menezes_evolu\Desktop\Pes\AndroidSwipeLayout\library\src\main\java\com\daimajia\swipe\SwipeLayout.java,com.daimajia.swipe.SwipeLayout,isLeftSwipeEnabled/0,false,1008,2,2,1,1,4,4,4,1,1,0,4,1,1,0,3,0,0,0,0,1,0,0,0,0,0,9,1,0,false
c:\Users\arthur.menezes_evolu\Desktop\Pes\AndroidSwipeLayout\library\src\main\java\com\daimajia\swipe\SwipeLayout.java,com.daimajia.swipe.SwipeLayout,clearDragEdge/0,false,692,0,5,5,0,1,1,3,0,0,0,1,0,0,0,0,0,0,0,0,0,0,0,0,0,0,3,1,0,false
c:\Users\arthur.menezes_evolu\Desktop\Pes\AndroidSwipeLayout\library\src\main\java\com\daimajia\swipe\SwipeLayout.java,com.daimajia.swipe.SwipeLayout,getCurrentBottomView/0,false,1272,2,12,11,1,2,4,7,2,1,0,4,1,1,0,0,0,0,0,0,1,0,1,0,0,0,12,1,0,true
c:\Users\arthur.menezes_evolu\Desktop\Pes\AndroidSwipeLayout\library\src\main\java\com\daimajia\swipe\SwipeLayout.java,com.daimajia.swipe.SwipeLayout,getOpenStatus/0,false,1303,3,10,9,1,8,5,11,4,3,0,5,1,1,0,7,0,4,0,0,3,4,1,0,0,0,16,1,0,true
c:\Users\arthur.menezes_evolu\Desktop\Pes\AndroidSwipeLayout\library\src\main\java\com\daimajia\swipe\SwipeLayout.java,com.daimajia.swipe.SwipeLayout,setOnClickListener/1[com.daimajia.swipe.OnClickListener],false,1169,1,1,1,0,1,1,4,0,0,1,1,0,0,0,0,0,0,0,0,1,0,0,0,0,0,6,1,0,false
c:\Users\arthur.menezes_evolu\Desktop\Pes\AndroidSwipeLayout\library\src\main\java\com\daimajia\swipe\SwipeLayout.java,com.daimajia.swipe.SwipeLayout,close/0,false,1428,1,5,4,1,1,1,3,0,0,0,1,1,9,0,0,0,0,0,0,0,0,0,0,0,0,2,1,0,true
c:\Users\arthur.menezes_evolu\Desktop\Pes\AndroidSwipeLayout\library\src\main\java\com\daimajia\swipe\SwipeLayout.java,com.daimajia.swipe.SwipeLayout,"setDrag/2[com.daimajia.swipe.SwipeLayout.DragEdge,int]",false,696,2,2,0,2,1,2,4,0,0,2,2,2,3,0,0,0,0,0,0,0,0,0,0,0,0,7,1,0,false
c:\Users\arthur.menezes_evolu\Desktop\Pes\AndroidSwipeLayout\library\src\main\java\com\daimajia\swipe\SwipeLayout.java,com.daimajia.swipe.SwipeLayout,performAdapterViewItemLongClick/0,false,1113,5,2,1,1,7,11,27,4,6,0,11,1,2,0,3,1,0,1,0,8,0,3,0,0,0,23,2,0,false
c:\Users\arthur.menezes_evolu\Desktop\Pes\AndroidSwipeLayout\library\src\main\java\com\daimajia\swipe\SwipeLayout.java,com.daimajia.swipe.SwipeLayout,"addDrag/2[com.daimajia.swipe.SwipeLayout.DragEdge,int]",false,706,2,2,1,1,1,2,3,0,0,2,2,1,2,0,0,0,0,0,0,0,0,0,0,0,0,5,1,0,false
c:\Users\arthur.menezes_evolu\Desktop\Pes\AndroidSwipeLayout\library\src\main\java\com\daimajia\swipe\SwipeLayout.java,com.daimajia.swipe.SwipeLayout,open/1[com.daimajia.swipe.SwipeLayout.DragEdge],false,1410,2,2,0,2,1,2,4,0,0,1,2,2,13,0,0,0,0,0,0,0,0,0,0,0,0,6,1,0,false
c:\Users\arthur.menezes_evolu\Desktop\Pes\AndroidSwipeLayout\library\src\main\java\com\daimajia\swipe\SwipeLayout.java,com.daimajia.swipe.SwipeLayout,close/1[boolean],false,1432,1,2,1,1,1,1,3,0,0,1,1,1,9,0,0,0,0,0,0,0,0,0,0,0,0,2,1,0,false
c:\Users\arthur.menezes_evolu\Desktop\Pes\AndroidSwipeLayout\library\src\main\java\com\daimajia\swipe\SwipeLayout.java,com.daimajia.swipe.SwipeLayout,"dispatchRevealEvent/4[int,int,int,int]",false,592,4,8,3,5,20,15,65,1,4,4,15,4,3,3,5,0,0,0,5,20,16,4,0,0,0,36,4,0,false
c:\Users\arthur.menezes_evolu\Desktop\Pes\AndroidSwipeLayout\library\src\main\java\com\daimajia\swipe\SwipeLayout.java,com.daimajia.swipe.SwipeLayout,"close/2[boolean,boolean]",false,1442,3,8,3,5,4,12,22,1,4,2,12,5,8,0,1,0,0,0,0,4,2,3,0,0,0,27,1,0,true
c:\Users\arthur.menezes_evolu\Desktop\Pes\AndroidSwipeLayout\library\src\main\java\com\daimajia\swipe\SwipeLayout.java,com.daimajia.swipe.SwipeLayout,SwipeLayout/1[com.daimajia.swipe.Context],true,76,1,0,0,0,1,0,3,0,0,1,0,0,0,0,0,0,0,0,0,0,0,0,0,0,0,4,1,0,false
c:\Users\arthur.menezes_evolu\Desktop\Pes\AndroidSwipeLayout\library\src\main\java\com\daimajia\swipe\SwipeLayout.java,com.daimajia.swipe.SwipeLayout,"open/2[boolean,com.daimajia.swipe.SwipeLayout.DragEdge]",false,1415,2,2,0,2,1,2,4,0,0,2,2,2,13,0,0,0,0,0,0,0,0,0,0,0,0,6,1,0,false
c:\Users\arthur.menezes_evolu\Desktop\Pes\AndroidSwipeLayout\library\src\main\java\com\daimajia\swipe\SwipeLayout.java,com.daimajia.swipe.SwipeLayout,toggle/0,false,1465,1,1,0,1,1,1,3,0,0,0,1,1,13,0,0,0,0,0,0,0,0,0,0,0,0,2,1,0,false
c:\Users\arthur.menezes_evolu\Desktop\Pes\AndroidSwipeLayout\library\src\main\java\com\daimajia\swipe\SwipeLayout.java,com.daimajia.swipe.SwipeLayout,setClickToClose/1[boolean],false,996,0,1,1,0,1,0,3,0,0,1,0,0,0,0,0,0,0,0,0,1,0,0,0,0,0,5,1,0,false
c:\Users\arthur.menezes_evolu\Desktop\Pes\AndroidSwipeLayout\library\src\main\java\com\daimajia\swipe\SwipeLayout.java,com.daimajia.swipe.SwipeLayout,setOnLongClickListener/1[com.daimajia.swipe.OnLongClickListener],false,1177,1,1,1,0,1,1,4,0,0,1,1,0,0,0,0,0,0,0,0,1,0,0,0,0,0,7,1,0,false
c:\Users\arthur.menezes_evolu\Desktop\Pes\AndroidSwipeLayout\library\src\main\java\com\daimajia\swipe\SwipeLayout.java,com.daimajia.swipe.SwipeLayout,setDragEdge/1[com.daimajia.swipe.SwipeLayout.DragEdge],false,1565,2,2,0,2,2,5,7,0,0,1,5,2,8,0,0,0,0,0,2,0,1,1,0,0,0,10,1,0,true
c:\Users\arthur.menezes_evolu\Desktop\Pes\AndroidSwipeLayout\library\src\main\java\com\daimajia\swipe\SwipeLayout.java,com.daimajia.swipe.SwipeLayout,isBottomSwipeEnabled/0,false,1038,2,2,1,1,4,4,4,1,1,0,4,1,1,0,3,0,0,0,0,1,0,0,0,0,0,9,1,0,false
c:\Users\arthur.menezes_evolu\Desktop\Pes\AndroidSwipeLayout\library\src\main\java\com\daimajia\swipe\SwipeLayout.java,com.daimajia.swipe.SwipeLayout,setDragEdges/1[com.daimajia.swipe.SwipeLayout.DragEdge[]],false,1614,2,2,0,2,1,3,4,0,0,1,3,2,9,0,0,0,0,0,0,0,0,0,0,0,0,7,1,0,true
c:\Users\arthur.menezes_evolu\Desktop\Pes\AndroidSwipeLayout\library\src\main\java\com\daimajia\swipe\SwipeLayout.java,com.daimajia.swipe.SwipeLayout,"SwipeLayout/2[com.daimajia.swipe.Context,com.daimajia.swipe.AttributeSet]",true,80,2,0,0,0,1,0,3,0,0,2,0,0,0,0,0,0,0,0,1,0,0,0,0,0,0,4,1,0,false
c:\Users\arthur.menezes_evolu\Desktop\Pes\AndroidSwipeLayout\library\src\main\java\com\daimajia\swipe\SwipeLayout.java,com.daimajia.swipe.SwipeLayout,onTouchEvent/1[com.daimajia.swipe.MotionEvent],false,957,2,2,0,2,8,9,28,2,1,1,9,2,13,0,1,0,0,0,0,4,0,2,0,0,0,23,1,0,false
c:\Users\arthur.menezes_evolu\Desktop\Pes\AndroidSwipeLayout\library\src\main\java\com\daimajia\swipe\SwipeLayout.java,com.daimajia.swipe.SwipeLayout,getDragDistance/0,false,1253,0,0,0,0,1,0,3,1,0,0,0,0,0,0,0,0,0,0,0,0,0,0,0,0,0,4,1,0,false
c:\Users\arthur.menezes_evolu\Desktop\Pes\AndroidSwipeLayout\library\src\main\java\com\daimajia\swipe\SwipeLayout.java,com.daimajia.swipe.SwipeLayout,addOnLayoutListener/1[com.daimajia.swipe.SwipeLayout.OnLayout],false,683,1,1,1,0,2,1,4,0,0,1,1,0,0,0,1,0,0,0,0,1,0,1,0,0,0,8,1,0,false
c:\Users\arthur.menezes_evolu\Desktop\Pes\AndroidSwipeLayout\library\src\main\java\com\daimajia\swipe\SwipeLayout.java,com.daimajia.swipe.SwipeLayout,setRightSwipeEnabled/1[boolean],false,1024,0,0,0,0,1,1,3,0,0,1,1,0,0,0,0,0,0,0,0,1,0,0,0,0,0,5,1,0,false
c:\Users\arthur.menezes_evolu\Desktop\Pes\AndroidSwipeLayout\library\src\main\java\com\daimajia\swipe\SwipeLayout.java,com.daimajia.swipe.SwipeLayout,dp2px/1[float],false,1556,0,2,2,0,1,3,3,1,0,1,3,0,0,0,0,0,1,0,1,0,2,0,0,0,0,4,2,0,false
c:\Users\arthur.menezes_evolu\Desktop\Pes\AndroidSwipeLayout\library\src\main\java\com\daimajia\swipe\SwipeLayout.java,com.daimajia.swipe.SwipeLayout$SwipeDetector,onDoubleTap/1[com.daimajia.swipe.MotionEvent],false,1208,4,3,0,3,7,9,15,1,3,1,9,0,0,0,3,0,0,0,0,4,0,2,0,0,0,19,1,0,false
c:\Users\arthur.menezes_evolu\Desktop\Pes\AndroidSwipeLayout\library\src\main\java\com\daimajia\swipe\SwipeLayout.java,com.daimajia.swipe.SwipeLayout$SwipeDetector,onSingleTapUp/1[com.daimajia.swipe.MotionEvent],false,1200,2,2,0,2,3,3,6,1,0,1,3,0,0,0,0,0,0,0,0,0,0,1,0,0,0,16,1,0,false
