file,class,method,constructor,line,cbo,cboModified,fanin,fanout,wmc,rfc,loc,returnsQty,variablesQty,parametersQty,methodsInvokedQty,methodsInvokedLocalQty,methodsInvokedIndirectLocalQty,loopQty,comparisonsQty,tryCatchQty,parenthesizedExpsQty,stringLiteralsQty,numbersQty,assignmentsQty,mathOperationsQty,maxNestedBlocksQty,anonymousClassesQty,innerClassesQty,lambdasQty,uniqueWordsQty,modifiers,logStatementsQty,hasJavaDoc
c:\Users\arthur.menezes_evolu\Desktop\Pes\AndroidViewAnimations\library\src\main\java\com\daimajia\androidanimations\library\YoYo.java,com.daimajia.androidanimations.library.YoYo$AnimationComposer$Anonymous1,onAnimationStart/1[com.daimajia.androidanimations.library.Animator],false,176,2,1,0,1,1,1,3,0,0,1,1,0,0,0,0,0,0,0,0,0,0,0,0,0,0,5,1,0,false
c:\Users\arthur.menezes_evolu\Desktop\Pes\AndroidViewAnimations\library\src\main\java\com\daimajia\androidanimations\library\fading_exits\FadeOutRightAnimator.java,com.daimajia.androidanimations.library.fading_exits.FadeOutRightAnimator,prepare/1[com.daimajia.androidanimations.library.fading_exits.View],false,34,2,1,0,1,1,4,3,0,0,1,4,0,0,0,0,0,0,2,4,0,1,0,0,0,0,6,1,0,false
c:\Users\arthur.menezes_evolu\Desktop\Pes\AndroidViewAnimations\library\src\main\java\com\daimajia\androidanimations\library\YoYo.java,com.daimajia.androidanimations.library.YoYo$AnimationComposer$Anonymous2,onAnimationEnd/1[com.daimajia.androidanimations.library.Animator],false,186,2,1,0,1,1,1,3,0,0,1,1,0,0,0,0,0,0,0,0,0,0,0,0,0,0,5,1,0,false
c:\Users\arthur.menezes_evolu\Desktop\Pes\AndroidViewAnimations\library\src\main\java\com\daimajia\androidanimations\library\fading_entrances\FadeInUpAnimator.java,com.daimajia.androidanimations.library.fading_entrances.FadeInUpAnimator,prepare/1[com.daimajia.androidanimations.library.fading_entrances.View],false,34,2,1,0,1,1,4,3,0,0,1,4,0,0,0,0,0,0,2,4,0,1,0,0,0,0,6,1,0,false
c:\Users\arthur.menezes_evolu\Desktop\Pes\AndroidViewAnimations\library\src\main\java\com\daimajia\androidanimations\library\specials\out\TakingOffAnimator.java,com.daimajia.androidanimations.library.specials.out.TakingOffAnimator,prepare/1[com.daimajia.androidanimations.library.specials.out.View],false,12,2,2,0,2,1,5,3,0,0,1,5,0,0,0,0,0,0,3,6,0,0,0,0,0,0,6,4,0,false
c:\Users\arthur.menezes_evolu\Desktop\Pes\AndroidViewAnimations\demo\src\main\java\com\daimajia\androidanimations\MyActivity.java,com.daimajia.androidanimations.MyActivity,onCreate/1[com.daimajia.androidanimations.Bundle],false,26,5,1,0,1,1,6,37,0,0,1,6,0,0,0,0,0,0,0,0,3,0,0,2,0,0,37,4,0,false
c:\Users\arthur.menezes_evolu\Desktop\Pes\AndroidViewAnimations\demo\src\main\java\com\daimajia\androidanimations\MyActivity.java,com.daimajia.androidanimations.MyActivity,onWindowFocusChanged/1[boolean],false,82,2,3,0,3,2,3,5,0,0,1,3,0,0,0,0,0,0,0,1,1,0,1,0,0,0,8,1,0,false
c:\Users\arthur.menezes_evolu\Desktop\Pes\AndroidViewAnimations\demo\src\main\java\com\daimajia\androidanimations\MyActivity.java,com.daimajia.androidanimations.MyActivity,onCreateOptionsMenu/1[com.daimajia.androidanimations.Menu],false,90,1,0,0,0,1,2,4,1,0,1,2,0,0,0,0,0,0,0,0,0,0,0,0,0,0,8,1,0,false
c:\Users\arthur.menezes_evolu\Desktop\Pes\AndroidViewAnimations\demo\src\main\java\com\daimajia\androidanimations\MyActivity.java,com.daimajia.androidanimations.MyActivity,onOptionsItemSelected/1[com.daimajia.androidanimations.MenuItem],false,97,3,0,0,0,2,3,8,2,1,1,3,0,0,0,1,0,0,0,0,1,0,1,0,0,0,11,1,0,false
c:\Users\arthur.menezes_evolu\Desktop\Pes\AndroidViewAnimations\library\src\main\java\com\daimajia\androidanimations\library\YoYo.java,com.daimajia.androidanimations.library.YoYo$AnimationComposer$Anonymous3,onAnimationCancel/1[com.daimajia.androidanimations.library.Animator],false,196,2,1,0,1,1,1,3,0,0,1,1,0,0,0,0,0,0,0,0,0,0,0,0,0,0,5,1,0,false
c:\Users\arthur.menezes_evolu\Desktop\Pes\AndroidViewAnimations\library\src\main\java\com\daimajia\androidanimations\library\YoYo.java,com.daimajia.androidanimations.library.YoYo$AnimationComposer$Anonymous4,onAnimationRepeat/1[com.daimajia.androidanimations.library.Animator],false,206,2,1,0,1,1,1,3,0,0,1,1,0,0,0,0,0,0,0,0,0,0,0,0,0,0,5,1,0,false
c:\Users\arthur.menezes_evolu\Desktop\Pes\AndroidViewAnimations\library\src\main\java\com\daimajia\androidanimations\library\attention\WobbleAnimator.java,com.daimajia.androidanimations.library.attention.WobbleAnimator,prepare/1[com.daimajia.androidanimations.library.attention.View],false,34,2,1,0,1,1,4,5,0,2,1,4,0,0,0,0,0,1,2,16,2,8,0,0,0,0,8,1,0,false
c:\Users\arthur.menezes_evolu\Desktop\Pes\AndroidViewAnimations\library\src\main\java\com\daimajia\androidanimations\library\specials\RollInAnimator.java,com.daimajia.androidanimations.library.specials.RollInAnimator,prepare/1[com.daimajia.androidanimations.library.specials.View],false,34,2,1,0,1,1,6,3,0,0,1,6,0,0,0,0,0,1,3,5,0,1,0,0,0,0,6,1,0,false
c:\Users\arthur.menezes_evolu\Desktop\Pes\AndroidViewAnimations\library\src\main\java\com\daimajia\androidanimations\library\YoYo.java,com.daimajia.androidanimations.library.YoYo$EmptyAnimatorListener,onAnimationRepeat/1[com.daimajia.androidanimations.library.Animator],false,96,1,0,0,0,1,0,2,0,0,1,0,0,0,0,0,0,0,0,0,0,0,0,0,0,0,5,1,0,false
c:\Users\arthur.menezes_evolu\Desktop\Pes\AndroidViewAnimations\library\src\main\java\com\daimajia\androidanimations\library\YoYo.java,com.daimajia.androidanimations.library.YoYo$EmptyAnimatorListener,onAnimationStart/1[com.daimajia.androidanimations.library.Animator],false,84,1,0,0,0,1,0,2,0,0,1,0,0,0,0,0,0,0,0,0,0,0,0,0,0,0,5,1,0,false
c:\Users\arthur.menezes_evolu\Desktop\Pes\AndroidViewAnimations\library\src\main\java\com\daimajia\androidanimations\library\YoYo.java,com.daimajia.androidanimations.library.YoYo$EmptyAnimatorListener,onAnimationCancel/1[com.daimajia.androidanimations.library.Animator],false,92,1,0,0,0,1,0,2,0,0,1,0,0,0,0,0,0,0,0,0,0,0,0,0,0,0,5,1,0,false
c:\Users\arthur.menezes_evolu\Desktop\Pes\AndroidViewAnimations\library\src\main\java\com\daimajia\androidanimations\library\YoYo.java,com.daimajia.androidanimations.library.YoYo$EmptyAnimatorListener,onAnimationEnd/1[com.daimajia.androidanimations.library.Animator],false,88,1,0,0,0,1,0,2,0,0,1,0,0,0,0,0,0,0,0,0,0,0,0,0,0,0,5,1,0,false
c:\Users\arthur.menezes_evolu\Desktop\Pes\AndroidViewAnimations\library\src\main\java\com\daimajia\androidanimations\library\Techniques.java,com.daimajia.androidanimations.library.Techniques,Techniques/1[java.lang.Class],true,173,0,0,0,0,1,0,3,0,0,1,0,0,0,0,0,0,0,0,0,1,0,0,0,0,0,5,2,0,false
c:\Users\arthur.menezes_evolu\Desktop\Pes\AndroidViewAnimations\library\src\main\java\com\daimajia\androidanimations\library\Techniques.java,com.daimajia.androidanimations.library.Techniques,getAnimator/0,false,177,1,2,2,0,2,1,8,1,0,0,1,0,0,0,0,1,0,1,0,0,0,1,0,0,0,11,1,0,false
c:\Users\arthur.menezes_evolu\Desktop\Pes\AndroidViewAnimations\library\src\main\java\com\daimajia\androidanimations\library\flippers\FlipInXAnimator.java,com.daimajia.androidanimations.library.flippers.FlipInXAnimator,prepare/1[com.daimajia.androidanimations.library.flippers.View],false,34,2,1,0,1,1,3,3,0,0,1,3,0,0,0,0,0,0,2,8,0,0,0,0,0,0,6,1,0,false
c:\Users\arthur.menezes_evolu\Desktop\Pes\AndroidViewAnimations\library\src\main\java\com\daimajia\androidanimations\library\rotating_exits\RotateOutUpLeftAnimator.java,com.daimajia.androidanimations.library.rotating_exits.RotateOutUpLeftAnimator,prepare/1[com.daimajia.androidanimations.library.rotating_exits.View],false,34,2,1,0,1,1,6,5,0,2,1,6,0,0,0,0,0,0,4,4,2,1,0,0,0,0,8,1,0,false
c:\Users\arthur.menezes_evolu\Desktop\Pes\AndroidViewAnimations\library\src\main\java\com\daimajia\androidanimations\library\zooming_exits\ZoomOutAnimator.java,com.daimajia.androidanimations.library.zooming_exits.ZoomOutAnimator,prepare/1[com.daimajia.androidanimations.library.zooming_exits.View],false,34,2,1,0,1,1,3,3,0,0,1,3,0,0,0,0,0,0,3,9,0,0,0,0,0,0,6,4,0,false
c:\Users\arthur.menezes_evolu\Desktop\Pes\AndroidViewAnimations\library\src\main\java\com\daimajia\androidanimations\library\sliders\SlideInLeftAnimator.java,com.daimajia.androidanimations.library.sliders.SlideInLeftAnimator,prepare/1[com.daimajia.androidanimations.library.sliders.View],false,35,3,1,0,1,1,6,5,0,2,1,6,0,0,0,0,0,0,2,3,2,1,0,0,0,0,9,1,0,false
c:\Users\arthur.menezes_evolu\Desktop\Pes\AndroidViewAnimations\library\src\main\java\com\daimajia\androidanimations\library\zooming_exits\ZoomOutDownAnimator.java,com.daimajia.androidanimations.library.zooming_exits.ZoomOutDownAnimator,prepare/1[com.daimajia.androidanimations.library.zooming_exits.View],false,35,3,1,0,1,1,6,5,0,2,1,6,0,0,0,0,0,0,4,11,2,1,0,0,0,0,9,4,0,false
c:\Users\arthur.menezes_evolu\Desktop\Pes\AndroidViewAnimations\library\src\main\java\com\daimajia\androidanimations\library\fading_exits\FadeOutAnimator.java,com.daimajia.androidanimations.library.fading_exits.FadeOutAnimator,prepare/1[com.daimajia.androidanimations.library.fading_exits.View],false,34,2,1,0,1,1,3,3,0,0,1,3,0,0,0,0,0,0,1,2,0,0,0,0,0,0,6,1,0,false
c:\Users\arthur.menezes_evolu\Desktop\Pes\AndroidViewAnimations\library\src\main\java\com\daimajia\androidanimations\library\zooming_entrances\ZoomInUpAnimator.java,com.daimajia.androidanimations.library.zooming_entrances.ZoomInUpAnimator,prepare/1[com.daimajia.androidanimations.library.zooming_entrances.View],false,35,3,1,0,1,1,6,5,0,2,1,6,0,0,0,0,0,0,4,11,2,1,0,0,0,0,9,1,0,false
c:\Users\arthur.menezes_evolu\Desktop\Pes\AndroidViewAnimations\library\src\main\java\com\daimajia\androidanimations\library\fading_entrances\FadeInDownAnimator.java,com.daimajia.androidanimations.library.fading_entrances.FadeInDownAnimator,prepare/1[com.daimajia.androidanimations.library.fading_entrances.View],false,34,2,1,0,1,1,4,3,0,0,1,4,0,0,0,0,0,0,2,4,0,1,0,0,0,0,6,1,0,false
c:\Users\arthur.menezes_evolu\Desktop\Pes\AndroidViewAnimations\library\src\main\java\com\daimajia\androidanimations\library\attention\TadaAnimator.java,com.daimajia.androidanimations.library.attention.TadaAnimator,prepare/1[com.daimajia.androidanimations.library.attention.View],false,34,2,1,0,1,1,3,3,0,0,1,3,0,0,0,0,0,0,3,30,0,0,0,0,0,0,6,1,0,false
c:\Users\arthur.menezes_evolu\Desktop\Pes\AndroidViewAnimations\library\src\main\java\com\daimajia\androidanimations\library\attention\WaveAnimator.java,com.daimajia.androidanimations.library.attention.WaveAnimator,prepare/1[com.daimajia.androidanimations.library.attention.View],false,34,2,1,0,1,1,8,5,0,2,1,8,0,0,0,0,0,1,3,6,2,4,0,0,0,0,8,1,0,false
c:\Users\arthur.menezes_evolu\Desktop\Pes\AndroidViewAnimations\library\src\main\java\com\daimajia\androidanimations\library\rotating_entrances\RotateInAnimator.java,com.daimajia.androidanimations.library.rotating_entrances.RotateInAnimator,prepare/1[com.daimajia.androidanimations.library.rotating_entrances.View],false,34,2,1,0,1,1,3,3,0,0,1,3,0,0,0,0,0,0,2,4,0,0,0,0,0,0,6,1,0,false
c:\Users\arthur.menezes_evolu\Desktop\Pes\AndroidViewAnimations\library\src\main\java\com\daimajia\androidanimations\library\specials\in\DropOutAnimator.java,com.daimajia.androidanimations.library.specials.in.DropOutAnimator,prepare/1[com.daimajia.androidanimations.library.specials.in.View],false,12,2,2,0,2,1,7,4,0,1,1,7,0,0,0,0,0,0,2,3,1,1,0,0,0,0,7,4,0,false
c:\Users\arthur.menezes_evolu\Desktop\Pes\AndroidViewAnimations\demo\src\main\java\com\daimajia\androidanimations\ExampleActivity.java,com.daimajia.androidanimations.ExampleActivity,onCreate/1[com.daimajia.androidanimations.Bundle],false,13,3,0,0,0,1,5,22,0,2,1,5,0,0,0,0,0,0,2,0,2,0,0,2,0,0,22,4,0,false
c:\Users\arthur.menezes_evolu\Desktop\Pes\AndroidViewAnimations\library\src\main\java\com\daimajia\androidanimations\library\attention\BounceAnimator.java,com.daimajia.androidanimations.library.attention.BounceAnimator,prepare/1[com.daimajia.androidanimations.library.attention.View],false,34,2,1,0,1,1,3,3,0,0,1,3,0,0,0,0,0,0,1,7,0,0,0,0,0,0,6,1,0,false
c:\Users\arthur.menezes_evolu\Desktop\Pes\AndroidViewAnimations\demo\src\main\java\com\daimajia\androidanimations\ExampleActivity.java,com.daimajia.androidanimations.ExampleActivity$Anonymous2,onClick/1[com.daimajia.androidanimations.View],false,37,3,4,0,4,1,4,4,0,0,1,4,0,0,0,0,0,0,1,0,0,0,0,0,0,0,8,1,0,false
c:\Users\arthur.menezes_evolu\Desktop\Pes\AndroidViewAnimations\demo\src\main\java\com\daimajia\androidanimations\MyActivity.java,com.daimajia.androidanimations.MyActivity$Anonymous1,"onItemClick/4[com.daimajia.androidanimations.AdapterView<?>,com.daimajia.androidanimations.View,int,long]",false,38,8,6,0,6,2,9,18,0,1,4,9,0,0,0,1,0,0,0,1,2,0,1,1,0,0,22,1,0,false
c:\Users\arthur.menezes_evolu\Desktop\Pes\AndroidViewAnimations\library\src\main\java\com\daimajia\androidanimations\library\YoYo.java,com.daimajia.androidanimations.library.YoYo,with/1[com.daimajia.androidanimations.library.BaseViewAnimator],false,74,2,1,0,1,1,0,3,1,0,1,0,0,0,0,0,0,0,0,0,0,0,0,0,0,0,7,9,0,false
c:\Users\arthur.menezes_evolu\Desktop\Pes\AndroidViewAnimations\library\src\main\java\com\daimajia\androidanimations\library\YoYo.java,com.daimajia.androidanimations.library.YoYo,with/1[com.daimajia.androidanimations.library.Techniques],false,70,2,4,3,1,1,0,3,1,0,1,0,0,0,0,0,0,0,0,0,0,0,0,0,0,0,5,9,0,false
c:\Users\arthur.menezes_evolu\Desktop\Pes\AndroidViewAnimations\library\src\main\java\com\daimajia\androidanimations\library\YoYo.java,com.daimajia.androidanimations.library.YoYo,play/0,false,253,1,8,1,7,5,13,23,1,0,0,13,0,0,1,2,0,0,0,3,0,2,2,0,0,0,17,2,0,false
c:\Users\arthur.menezes_evolu\Desktop\Pes\AndroidViewAnimations\library\src\main\java\com\daimajia\androidanimations\library\YoYo.java,com.daimajia.androidanimations.library.YoYo,YoYo/1[com.daimajia.androidanimations.library.YoYo.AnimationComposer],true,56,1,1,1,0,1,0,13,0,0,1,0,0,0,0,0,0,0,0,0,11,0,0,0,0,0,16,2,0,false
c:\Users\arthur.menezes_evolu\Desktop\Pes\AndroidViewAnimations\demo\src\main\java\com\daimajia\androidanimations\ExampleActivity.java,com.daimajia.androidanimations.ExampleActivity$Anonymous1,onClick/1[com.daimajia.androidanimations.View],false,22,3,4,0,4,1,5,4,0,0,1,5,0,0,0,0,0,0,1,1,0,0,0,0,0,0,8,1,0,false
c:\Users\arthur.menezes_evolu\Desktop\Pes\AndroidViewAnimations\demo\src\main\java\com\daimajia\androidanimations\EffectAdapter.java,com.daimajia.androidanimations.EffectAdapter,getCount/0,false,21,1,1,0,1,1,1,3,1,0,0,1,0,0,0,0,0,0,0,0,0,0,0,0,0,0,2,1,0,false
c:\Users\arthur.menezes_evolu\Desktop\Pes\AndroidViewAnimations\demo\src\main\java\com\daimajia\androidanimations\EffectAdapter.java,com.daimajia.androidanimations.EffectAdapter,getItemId/1[int],false,31,0,0,0,0,1,0,3,1,0,1,0,0,0,0,0,0,0,0,0,0,0,0,0,0,0,4,1,0,false
c:\Users\arthur.menezes_evolu\Desktop\Pes\AndroidViewAnimations\demo\src\main\java\com\daimajia\androidanimations\EffectAdapter.java,com.daimajia.androidanimations.EffectAdapter,getItem/1[int],false,26,2,3,1,2,1,2,3,1,0,1,2,0,0,0,0,0,0,0,0,0,0,0,0,0,0,4,1,0,false
c:\Users\arthur.menezes_evolu\Desktop\Pes\AndroidViewAnimations\demo\src\main\java\com\daimajia\androidanimations\EffectAdapter.java,com.daimajia.androidanimations.EffectAdapter,EffectAdapter/1[com.daimajia.androidanimations.Context],true,16,1,1,1,0,1,0,3,0,0,1,0,0,0,0,0,0,0,0,0,1,0,0,0,0,0,5,1,0,false
c:\Users\arthur.menezes_evolu\Desktop\Pes\AndroidViewAnimations\demo\src\main\java\com\daimajia\androidanimations\EffectAdapter.java,com.daimajia.androidanimations.EffectAdapter,"getView/3[int,com.daimajia.androidanimations.View,com.daimajia.androidanimations.ViewGroup]",false,36,5,2,0,2,1,11,10,1,5,3,11,1,1,0,0,0,0,1,1,5,1,0,0,0,0,14,1,0,false
c:\Users\arthur.menezes_evolu\Desktop\Pes\AndroidViewAnimations\library\src\main\java\com\daimajia\androidanimations\library\zooming_entrances\ZoomInDownAnimator.java,com.daimajia.androidanimations.library.zooming_entrances.ZoomInDownAnimator,prepare/1[com.daimajia.androidanimations.library.zooming_entrances.View],false,34,2,1,0,1,1,4,3,0,0,1,4,0,0,0,0,0,0,4,11,0,0,0,0,0,0,6,1,0,false
c:\Users\arthur.menezes_evolu\Desktop\Pes\AndroidViewAnimations\library\src\main\java\com\daimajia\androidanimations\library\zooming_entrances\ZoomInRightAnimator.java,com.daimajia.androidanimations.library.zooming_entrances.ZoomInRightAnimator,prepare/1[com.daimajia.androidanimations.library.zooming_entrances.View],false,34,2,1,0,1,1,5,3,0,0,1,5,0,0,0,0,0,0,4,11,0,1,0,0,0,0,6,1,0,false
c:\Users\arthur.menezes_evolu\Desktop\Pes\AndroidViewAnimations\library\src\main\java\com\daimajia\androidanimations\library\attention\FlashAnimator.java,com.daimajia.androidanimations.library.attention.FlashAnimator,prepare/1[com.daimajia.androidanimations.library.attention.View],false,34,2,1,0,1,1,3,3,0,0,1,3,0,0,0,0,0,0,1,5,0,0,0,0,0,0,6,1,0,false
c:\Users\arthur.menezes_evolu\Desktop\Pes\AndroidViewAnimations\library\src\main\java\com\daimajia\androidanimations\library\flippers\FlipOutYAnimator.java,com.daimajia.androidanimations.library.flippers.FlipOutYAnimator,prepare/1[com.daimajia.androidanimations.library.flippers.View],false,34,2,1,0,1,1,3,3,0,0,1,3,0,0,0,0,0,0,2,4,0,0,0,0,0,0,6,1,0,false
c:\Users\arthur.menezes_evolu\Desktop\Pes\AndroidViewAnimations\library\src\main\java\com\daimajia\androidanimations\library\YoYo.java,com.daimajia.androidanimations.library.YoYo$YoYoString,isStarted/0,false,233,1,1,0,1,1,1,3,1,0,0,1,0,0,0,0,0,0,0,0,0,0,0,0,0,0,2,1,0,false
c:\Users\arthur.menezes_evolu\Desktop\Pes\AndroidViewAnimations\library\src\main\java\com\daimajia\androidanimations\library\YoYo.java,com.daimajia.androidanimations.library.YoYo$YoYoString,stop/0,false,241,1,1,0,1,1,1,3,0,0,0,1,1,1,0,0,0,0,0,0,0,0,0,0,0,0,2,1,0,false
c:\Users\arthur.menezes_evolu\Desktop\Pes\AndroidViewAnimations\library\src\main\java\com\daimajia\androidanimations\library\YoYo.java,com.daimajia.androidanimations.library.YoYo$YoYoString,stop/1[boolean],false,245,1,5,3,2,2,2,4,0,0,1,2,0,0,0,0,0,0,0,0,0,0,1,0,0,0,3,1,0,false
c:\Users\arthur.menezes_evolu\Desktop\Pes\AndroidViewAnimations\library\src\main\java\com\daimajia\androidanimations\library\YoYo.java,com.daimajia.androidanimations.library.YoYo$YoYoString,isRunning/0,false,237,1,1,0,1,1,1,3,1,0,0,1,0,0,0,0,0,0,0,0,0,0,0,0,0,0,2,1,0,false
c:\Users\arthur.menezes_evolu\Desktop\Pes\AndroidViewAnimations\library\src\main\java\com\daimajia\androidanimations\library\YoYo.java,com.daimajia.androidanimations.library.YoYo$YoYoString,"YoYoString/2[com.daimajia.androidanimations.library.BaseViewAnimator,com.daimajia.androidanimations.library.View]",true,228,2,1,1,0,1,0,4,0,0,2,0,0,0,0,0,0,0,0,0,2,0,0,0,0,0,7,2,0,false
c:\Users\arthur.menezes_evolu\Desktop\Pes\AndroidViewAnimations\library\src\main\java\com\daimajia\androidanimations\library\fading_exits\FadeOutDownAnimator.java,com.daimajia.androidanimations.library.fading_exits.FadeOutDownAnimator,prepare/1[com.daimajia.androidanimations.library.fading_exits.View],false,34,2,1,0,1,1,4,3,0,0,1,4,0,0,0,0,0,0,2,4,0,1,0,0,0,0,6,1,0,false
c:\Users\arthur.menezes_evolu\Desktop\Pes\AndroidViewAnimations\library\src\main\java\com\daimajia\androidanimations\library\attention\PulseAnimator.java,com.daimajia.androidanimations.library.attention.PulseAnimator,prepare/1[com.daimajia.androidanimations.library.attention.View],false,34,2,1,0,1,1,3,3,0,0,1,3,0,0,0,0,0,0,2,6,0,0,0,0,0,0,6,1,0,false
c:\Users\arthur.menezes_evolu\Desktop\Pes\AndroidViewAnimations\library\src\main\java\com\daimajia\androidanimations\library\rotating_entrances\RotateInDownRightAnimator.java,com.daimajia.androidanimations.library.rotating_entrances.RotateInDownRightAnimator,prepare/1[com.daimajia.androidanimations.library.rotating_entrances.View],false,34,2,1,0,1,1,7,5,0,2,1,7,0,0,0,0,0,0,4,4,2,2,0,0,0,0,8,1,0,false
c:\Users\arthur.menezes_evolu\Desktop\Pes\AndroidViewAnimations\library\src\main\java\com\daimajia\androidanimations\library\rotating_entrances\RotateInUpLeftAnimator.java,com.daimajia.androidanimations.library.rotating_entrances.RotateInUpLeftAnimator,prepare/1[com.daimajia.androidanimations.library.rotating_entrances.View],false,34,2,1,0,1,1,6,5,0,2,1,6,0,0,0,0,0,0,4,4,2,1,0,0,0,0,8,1,0,false
c:\Users\arthur.menezes_evolu\Desktop\Pes\AndroidViewAnimations\library\src\main\java\com\daimajia\androidanimations\library\sliders\SlideOutRightAnimator.java,com.daimajia.androidanimations.library.sliders.SlideOutRightAnimator,prepare/1[com.daimajia.androidanimations.library.sliders.View],false,35,3,1,0,1,1,6,5,0,2,1,6,0,0,0,0,0,0,2,3,2,1,0,0,0,0,9,1,0,false
c:\Users\arthur.menezes_evolu\Desktop\Pes\AndroidViewAnimations\library\src\main\java\com\daimajia\androidanimations\library\zooming_exits\ZoomOutUpAnimator.java,com.daimajia.androidanimations.library.zooming_exits.ZoomOutUpAnimator,prepare/1[com.daimajia.androidanimations.library.zooming_exits.View],false,34,2,1,0,1,1,4,3,0,0,1,4,0,0,0,0,0,0,4,11,0,0,0,0,0,0,6,4,0,false
c:\Users\arthur.menezes_evolu\Desktop\Pes\AndroidViewAnimations\library\src\main\java\com\daimajia\androidanimations\library\fading_exits\FadeOutLeftAnimator.java,com.daimajia.androidanimations.library.fading_exits.FadeOutLeftAnimator,prepare/1[com.daimajia.androidanimations.library.fading_exits.View],false,34,2,1,0,1,1,4,3,0,0,1,4,0,0,0,0,0,0,2,4,0,1,0,0,0,0,6,1,0,false
c:\Users\arthur.menezes_evolu\Desktop\Pes\AndroidViewAnimations\library\src\main\java\com\daimajia\androidanimations\library\attention\RubberBandAnimator.java,com.daimajia.androidanimations.library.attention.RubberBandAnimator,prepare/1[com.daimajia.androidanimations.library.attention.View],false,34,2,1,0,1,1,3,3,0,0,1,3,0,0,0,0,0,0,2,10,0,0,0,0,0,0,6,1,0,false
c:\Users\arthur.menezes_evolu\Desktop\Pes\AndroidViewAnimations\library\src\main\java\com\daimajia\androidanimations\library\fading_entrances\FadeInRightAnimator.java,com.daimajia.androidanimations.library.fading_entrances.FadeInRightAnimator,prepare/1[com.daimajia.androidanimations.library.fading_entrances.View],false,34,2,1,0,1,1,4,3,0,0,1,4,0,0,0,0,0,0,2,4,0,1,0,0,0,0,6,1,0,false
c:\Users\arthur.menezes_evolu\Desktop\Pes\AndroidViewAnimations\library\src\main\java\com\daimajia\androidanimations\library\rotating_exits\RotateOutDownRightAnimator.java,com.daimajia.androidanimations.library.rotating_exits.RotateOutDownRightAnimator,prepare/1[com.daimajia.androidanimations.library.rotating_exits.View],false,34,2,1,0,1,1,7,5,0,2,1,7,0,0,0,0,0,0,4,4,2,2,0,0,0,0,8,1,0,false
c:\Users\arthur.menezes_evolu\Desktop\Pes\AndroidViewAnimations\library\src\main\java\com\daimajia\androidanimations\library\fading_exits\FadeOutUpAnimator.java,com.daimajia.androidanimations.library.fading_exits.FadeOutUpAnimator,prepare/1[com.daimajia.androidanimations.library.fading_exits.View],false,34,2,1,0,1,1,4,3,0,0,1,4,0,0,0,0,0,0,2,4,0,1,0,0,0,0,6,1,0,false
c:\Users\arthur.menezes_evolu\Desktop\Pes\AndroidViewAnimations\library\src\main\java\com\daimajia\androidanimations\library\bouncing_entrances\BounceInUpAnimator.java,com.daimajia.androidanimations.library.bouncing_entrances.BounceInUpAnimator,prepare/1[com.daimajia.androidanimations.library.bouncing_entrances.View],false,34,2,1,0,1,1,4,3,0,0,1,4,0,0,0,0,0,0,2,7,0,0,0,0,0,0,6,1,0,false
c:\Users\arthur.menezes_evolu\Desktop\Pes\AndroidViewAnimations\library\src\main\java\com\daimajia\androidanimations\library\sliders\SlideOutDownAnimator.java,com.daimajia.androidanimations.library.sliders.SlideOutDownAnimator,prepare/1[com.daimajia.androidanimations.library.sliders.View],false,35,3,1,0,1,1,6,5,0,2,1,6,0,0,0,0,0,0,2,3,2,1,0,0,0,0,9,1,0,false
c:\Users\arthur.menezes_evolu\Desktop\Pes\AndroidViewAnimations\library\src\main\java\com\daimajia\androidanimations\library\sliders\SlideOutLeftAnimator.java,com.daimajia.androidanimations.library.sliders.SlideOutLeftAnimator,prepare/1[com.daimajia.androidanimations.library.sliders.View],false,34,2,1,0,1,1,4,3,0,0,1,4,0,0,0,0,0,0,2,3,0,0,0,0,0,0,6,1,0,false
c:\Users\arthur.menezes_evolu\Desktop\Pes\AndroidViewAnimations\library\src\main\java\com\daimajia\androidanimations\library\attention\StandUpAnimator.java,com.daimajia.androidanimations.library.attention.StandUpAnimator,prepare/1[com.daimajia.androidanimations.library.attention.View],false,35,2,1,0,1,1,8,5,0,2,1,8,0,0,0,0,0,1,3,6,2,4,0,0,0,0,8,1,0,false
c:\Users\arthur.menezes_evolu\Desktop\Pes\AndroidViewAnimations\library\src\main\java\com\daimajia\androidanimations\library\rotating_exits\RotateOutDownLeftAnimator.java,com.daimajia.androidanimations.library.rotating_exits.RotateOutDownLeftAnimator,prepare/1[com.daimajia.androidanimations.library.rotating_exits.View],false,34,2,1,0,1,1,6,5,0,2,1,6,0,0,0,0,0,0,4,4,2,1,0,0,0,0,8,1,0,false
c:\Users\arthur.menezes_evolu\Desktop\Pes\AndroidViewAnimations\library\src\main\java\com\daimajia\androidanimations\library\sliders\SlideInUpAnimator.java,com.daimajia.androidanimations.library.sliders.SlideInUpAnimator,prepare/1[com.daimajia.androidanimations.library.sliders.View],false,35,3,1,0,1,1,6,5,0,2,1,6,0,0,0,0,0,0,2,3,2,1,0,0,0,0,9,1,0,false
c:\Users\arthur.menezes_evolu\Desktop\Pes\AndroidViewAnimations\demo\src\main\java\com\daimajia\androidanimations\MyActivity.java,com.daimajia.androidanimations.MyActivity$Anonymous3,onClick/1[com.daimajia.androidanimations.View],false,73,2,4,0,4,2,1,5,0,0,1,1,0,0,0,1,0,0,0,0,0,0,1,0,0,0,7,1,0,false
c:\Users\arthur.menezes_evolu\Desktop\Pes\AndroidViewAnimations\library\src\main\java\com\daimajia\androidanimations\library\rotating_exits\RotateOutAnimator.java,com.daimajia.androidanimations.library.rotating_exits.RotateOutAnimator,prepare/1[com.daimajia.androidanimations.library.rotating_exits.View],false,34,2,1,0,1,1,3,3,0,0,1,3,0,0,0,0,0,0,2,4,0,0,0,0,0,0,6,1,0,false
c:\Users\arthur.menezes_evolu\Desktop\Pes\AndroidViewAnimations\library\src\main\java\com\daimajia\androidanimations\library\bouncing_entrances\BounceInDownAnimator.java,com.daimajia.androidanimations.library.bouncing_entrances.BounceInDownAnimator,prepare/1[com.daimajia.androidanimations.library.bouncing_entrances.View],false,34,2,1,0,1,1,4,3,0,0,1,4,0,0,0,0,0,0,2,7,0,0,0,0,0,0,6,1,0,false
c:\Users\arthur.menezes_evolu\Desktop\Pes\AndroidViewAnimations\library\src\main\java\com\daimajia\androidanimations\library\fading_entrances\FadeInAnimator.java,com.daimajia.androidanimations.library.fading_entrances.FadeInAnimator,prepare/1[com.daimajia.androidanimations.library.fading_entrances.View],false,34,2,1,0,1,1,3,3,0,0,1,3,0,0,0,0,0,0,1,2,0,0,0,0,0,0,6,1,0,false
c:\Users\arthur.menezes_evolu\Desktop\Pes\AndroidViewAnimations\library\src\main\java\com\daimajia\androidanimations\library\bouncing_entrances\BounceInAnimator.java,com.daimajia.androidanimations.library.bouncing_entrances.BounceInAnimator,prepare/1[com.daimajia.androidanimations.library.bouncing_entrances.View],false,34,2,1,0,1,1,3,3,0,0,1,3,0,0,0,0,0,0,3,12,0,0,0,0,0,0,6,1,0,false
c:\Users\arthur.menezes_evolu\Desktop\Pes\AndroidViewAnimations\library\src\main\java\com\daimajia\androidanimations\library\rotating_entrances\RotateInUpRightAnimator.java,com.daimajia.androidanimations.library.rotating_entrances.RotateInUpRightAnimator,prepare/1[com.daimajia.androidanimations.library.rotating_entrances.View],false,34,2,1,0,1,1,7,5,0,2,1,7,0,0,0,0,0,0,4,4,2,2,0,0,0,0,8,1,0,false
c:\Users\arthur.menezes_evolu\Desktop\Pes\AndroidViewAnimations\library\src\main\java\com\daimajia\androidanimations\library\flippers\FlipInYAnimator.java,com.daimajia.androidanimations.library.flippers.FlipInYAnimator,prepare/1[com.daimajia.androidanimations.library.flippers.View],false,34,2,1,0,1,1,3,3,0,0,1,3,0,0,0,0,0,0,2,8,0,0,0,0,0,0,6,1,0,false
c:\Users\arthur.menezes_evolu\Desktop\Pes\AndroidViewAnimations\library\src\main\java\com\daimajia\androidanimations\library\specials\HingeAnimator.java,com.daimajia.androidanimations.library.specials.HingeAnimator,prepare/1[com.daimajia.androidanimations.library.specials.View],false,36,2,2,0,2,1,7,6,0,2,1,7,0,0,0,0,0,0,5,20,2,0,0,0,0,0,10,1,0,false
c:\Users\arthur.menezes_evolu\Desktop\Pes\AndroidViewAnimations\library\src\main\java\com\daimajia\androidanimations\library\fading_entrances\FadeInLeftAnimator.java,com.daimajia.androidanimations.library.fading_entrances.FadeInLeftAnimator,prepare/1[com.daimajia.androidanimations.library.fading_entrances.View],false,34,2,1,0,1,1,4,3,0,0,1,4,0,0,0,0,0,0,2,4,0,1,0,0,0,0,6,1,0,false
c:\Users\arthur.menezes_evolu\Desktop\Pes\AndroidViewAnimations\library\src\main\java\com\daimajia\androidanimations\library\rotating_entrances\RotateInDownLeftAnimator.java,com.daimajia.androidanimations.library.rotating_entrances.RotateInDownLeftAnimator,prepare/1[com.daimajia.androidanimations.library.rotating_entrances.View],false,34,2,1,0,1,1,6,5,0,2,1,6,0,0,0,0,0,0,4,4,2,1,0,0,0,0,8,1,0,false
c:\Users\arthur.menezes_evolu\Desktop\Pes\AndroidViewAnimations\library\src\main\java\com\daimajia\androidanimations\library\attention\SwingAnimator.java,com.daimajia.androidanimations.library.attention.SwingAnimator,prepare/1[com.daimajia.androidanimations.library.attention.View],false,34,2,1,0,1,1,3,3,0,0,1,3,0,0,0,0,0,0,1,8,0,0,0,0,0,0,6,1,0,false
c:\Users\arthur.menezes_evolu\Desktop\Pes\AndroidViewAnimations\library\src\main\java\com\daimajia\androidanimations\library\sliders\SlideInDownAnimator.java,com.daimajia.androidanimations.library.sliders.SlideInDownAnimator,prepare/1[com.daimajia.androidanimations.library.sliders.View],false,34,2,1,0,1,1,5,4,0,1,1,5,0,0,0,0,0,0,2,3,1,1,0,0,0,0,7,1,0,false
c:\Users\arthur.menezes_evolu\Desktop\Pes\AndroidViewAnimations\library\src\main\java\com\daimajia\androidanimations\library\zooming_entrances\ZoomInAnimator.java,com.daimajia.androidanimations.library.zooming_entrances.ZoomInAnimator,prepare/1[com.daimajia.androidanimations.library.zooming_entrances.View],false,34,2,1,0,1,1,3,3,0,0,1,3,0,0,0,0,0,0,3,6,0,0,0,0,0,0,6,1,0,false
c:\Users\arthur.menezes_evolu\Desktop\Pes\AndroidViewAnimations\library\src\main\java\com\daimajia\androidanimations\library\zooming_exits\ZoomOutLeftAnimator.java,com.daimajia.androidanimations.library.zooming_exits.ZoomOutLeftAnimator,prepare/1[com.daimajia.androidanimations.library.zooming_exits.View],false,34,2,1,0,1,1,4,3,0,0,1,4,0,0,0,0,0,0,4,11,0,0,0,0,0,0,6,4,0,false
c:\Users\arthur.menezes_evolu\Desktop\Pes\AndroidViewAnimations\library\src\main\java\com\daimajia\androidanimations\library\bouncing_entrances\BounceInLeftAnimator.java,com.daimajia.androidanimations.library.bouncing_entrances.BounceInLeftAnimator,prepare/1[com.daimajia.androidanimations.library.bouncing_entrances.View],false,34,2,1,0,1,1,4,3,0,0,1,4,0,0,0,0,0,0,2,7,0,0,0,0,0,0,6,1,0,false
c:\Users\arthur.menezes_evolu\Desktop\Pes\AndroidViewAnimations\library\src\main\java\com\daimajia\androidanimations\library\attention\ShakeAnimator.java,com.daimajia.androidanimations.library.attention.ShakeAnimator,prepare/1[com.daimajia.androidanimations.library.attention.View],false,35,2,1,0,1,1,3,3,0,0,1,3,0,0,0,0,0,0,1,10,0,0,0,0,0,0,6,1,0,false
c:\Users\arthur.menezes_evolu\Desktop\Pes\AndroidViewAnimations\library\src\main\java\com\daimajia\androidanimations\library\YoYo.java,com.daimajia.androidanimations.library.YoYo$AnimatorCallback,call/1[com.daimajia.androidanimations.library.Animator],false,79,1,4,4,0,1,0,1,0,0,1,0,0,0,0,0,0,0,0,0,0,0,0,0,0,0,3,1,0,false
c:\Users\arthur.menezes_evolu\Desktop\Pes\AndroidViewAnimations\library\src\main\java\com\daimajia\androidanimations\library\zooming_entrances\ZoomInLeftAnimator.java,com.daimajia.androidanimations.library.zooming_entrances.ZoomInLeftAnimator,prepare/1[com.daimajia.androidanimations.library.zooming_entrances.View],false,34,2,1,0,1,1,4,3,0,0,1,4,0,0,0,0,0,0,4,11,0,0,0,0,0,0,6,1,0,false
c:\Users\arthur.menezes_evolu\Desktop\Pes\AndroidViewAnimations\library\src\main\java\com\daimajia\androidanimations\library\zooming_exits\ZoomOutRightAnimator.java,com.daimajia.androidanimations.library.zooming_exits.ZoomOutRightAnimator,prepare/1[com.daimajia.androidanimations.library.zooming_exits.View],false,35,3,1,0,1,1,6,5,0,2,1,6,0,0,0,0,0,0,4,11,2,1,0,0,0,0,9,4,0,false
c:\Users\arthur.menezes_evolu\Desktop\Pes\AndroidViewAnimations\library\src\main\java\com\daimajia\androidanimations\library\YoYo.java,com.daimajia.androidanimations.library.YoYo$AnimationComposer,AnimationComposer/1[com.daimajia.androidanimations.library.Techniques],true,115,1,2,1,1,1,1,3,0,0,1,1,0,0,0,0,0,0,0,0,1,0,0,0,0,0,4,2,0,false
c:\Users\arthur.menezes_evolu\Desktop\Pes\AndroidViewAnimations\library\src\main\java\com\daimajia\androidanimations\library\YoYo.java,com.daimajia.androidanimations.library.YoYo$AnimationComposer,onCancel/1[com.daimajia.androidanimations.library.YoYo.AnimatorCallback],false,193,3,1,0,1,1,1,9,1,0,1,1,0,0,0,0,0,0,0,0,0,0,0,1,0,0,10,1,0,false
c:\Users\arthur.menezes_evolu\Desktop\Pes\AndroidViewAnimations\library\src\main\java\com\daimajia\androidanimations\library\YoYo.java,com.daimajia.androidanimations.library.YoYo$AnimationComposer,repeatMode/1[int],false,163,1,0,0,0,1,0,4,1,0,1,0,0,0,0,0,0,0,0,0,1,0,0,0,0,0,5,1,0,false
c:\Users\arthur.menezes_evolu\Desktop\Pes\AndroidViewAnimations\library\src\main\java\com\daimajia\androidanimations\library\YoYo.java,com.daimajia.androidanimations.library.YoYo$AnimationComposer,interpolate/1[com.daimajia.androidanimations.library.Interpolator],false,133,2,1,1,0,1,0,4,1,0,1,0,0,0,0,0,0,0,0,0,1,0,0,0,0,0,5,1,0,false
c:\Users\arthur.menezes_evolu\Desktop\Pes\AndroidViewAnimations\library\src\main\java\com\daimajia\androidanimations\library\YoYo.java,com.daimajia.androidanimations.library.YoYo$AnimationComposer,repeat/1[int],false,154,1,1,1,0,3,0,8,1,0,1,0,0,0,0,1,0,0,1,1,2,0,1,0,0,0,18,1,0,false
c:\Users\arthur.menezes_evolu\Desktop\Pes\AndroidViewAnimations\library\src\main\java\com\daimajia\androidanimations\library\YoYo.java,com.daimajia.androidanimations.library.YoYo$AnimationComposer,pivotX/1[float],false,144,1,0,0,0,1,0,4,1,0,1,0,0,0,0,0,0,0,0,0,1,0,0,0,0,0,4,1,0,false
c:\Users\arthur.menezes_evolu\Desktop\Pes\AndroidViewAnimations\library\src\main\java\com\daimajia\androidanimations\library\YoYo.java,com.daimajia.androidanimations.library.YoYo$AnimationComposer,AnimationComposer/1[com.daimajia.androidanimations.library.BaseViewAnimator],true,119,1,1,1,0,1,0,3,0,0,1,0,0,0,0,0,0,0,0,0,1,0,0,0,0,0,6,2,0,false
c:\Users\arthur.menezes_evolu\Desktop\Pes\AndroidViewAnimations\library\src\main\java\com\daimajia\androidanimations\library\YoYo.java,com.daimajia.androidanimations.library.YoYo$AnimationComposer,onRepeat/1[com.daimajia.androidanimations.library.YoYo.AnimatorCallback],false,203,3,1,0,1,1,1,9,1,0,1,1,0,0,0,0,0,0,0,0,0,0,0,1,0,0,10,1,0,false
c:\Users\arthur.menezes_evolu\Desktop\Pes\AndroidViewAnimations\library\src\main\java\com\daimajia\androidanimations\library\YoYo.java,com.daimajia.androidanimations.library.YoYo$AnimationComposer,onStart/1[com.daimajia.androidanimations.library.YoYo.AnimatorCallback],false,173,3,1,0,1,1,1,9,1,0,1,1,0,0,0,0,0,0,0,0,0,0,0,1,0,0,10,1,0,false
c:\Users\arthur.menezes_evolu\Desktop\Pes\AndroidViewAnimations\library\src\main\java\com\daimajia\androidanimations\library\YoYo.java,com.daimajia.androidanimations.library.YoYo$AnimationComposer,duration/1[long],false,123,1,3,3,0,1,0,4,1,0,1,0,0,0,0,0,0,0,0,0,1,0,0,0,0,0,3,1,0,false
c:\Users\arthur.menezes_evolu\Desktop\Pes\AndroidViewAnimations\library\src\main\java\com\daimajia\androidanimations\library\YoYo.java,com.daimajia.androidanimations.library.YoYo$AnimationComposer,withListener/1[Animator.AnimatorListener],false,168,2,0,0,0,1,1,4,1,0,1,1,0,0,0,0,0,0,0,0,0,0,0,0,0,0,5,1,0,false
c:\Users\arthur.menezes_evolu\Desktop\Pes\AndroidViewAnimations\library\src\main\java\com\daimajia\androidanimations\library\YoYo.java,com.daimajia.androidanimations.library.YoYo$AnimationComposer,onEnd/1[com.daimajia.androidanimations.library.YoYo.AnimatorCallback],false,183,3,1,0,1,1,1,9,1,0,1,1,0,0,0,0,0,0,0,0,0,0,0,1,0,0,10,1,0,false
c:\Users\arthur.menezes_evolu\Desktop\Pes\AndroidViewAnimations\library\src\main\java\com\daimajia\androidanimations\library\YoYo.java,com.daimajia.androidanimations.library.YoYo$AnimationComposer,delay/1[long],false,128,1,0,0,0,1,0,4,1,0,1,0,0,0,0,0,0,0,0,0,1,0,0,0,0,0,3,1,0,false
c:\Users\arthur.menezes_evolu\Desktop\Pes\AndroidViewAnimations\library\src\main\java\com\daimajia\androidanimations\library\YoYo.java,com.daimajia.androidanimations.library.YoYo$AnimationComposer,"pivot/2[float,float]",false,138,1,1,1,0,1,0,5,1,0,2,0,0,0,0,0,0,0,0,0,2,0,0,0,0,0,5,1,0,false
c:\Users\arthur.menezes_evolu\Desktop\Pes\AndroidViewAnimations\library\src\main\java\com\daimajia\androidanimations\library\YoYo.java,com.daimajia.androidanimations.library.YoYo$AnimationComposer,playOn/1[com.daimajia.androidanimations.library.View],false,213,3,5,2,3,1,1,4,1,0,1,1,0,0,0,0,0,0,0,0,1,0,0,0,0,0,6,1,0,false
c:\Users\arthur.menezes_evolu\Desktop\Pes\AndroidViewAnimations\library\src\main\java\com\daimajia\androidanimations\library\YoYo.java,com.daimajia.androidanimations.library.YoYo$AnimationComposer,pivotY/1[float],false,149,1,0,0,0,1,0,4,1,0,1,0,0,0,0,0,0,0,0,0,1,0,0,0,0,0,4,1,0,false
c:\Users\arthur.menezes_evolu\Desktop\Pes\AndroidViewAnimations\library\src\main\java\com\daimajia\androidanimations\library\bouncing_entrances\BounceInRightAnimator.java,com.daimajia.androidanimations.library.bouncing_entrances.BounceInRightAnimator,prepare/1[com.daimajia.androidanimations.library.bouncing_entrances.View],false,34,2,1,0,1,1,5,3,0,0,1,5,0,0,0,0,0,0,2,7,0,1,0,0,0,0,6,1,0,false
c:\Users\arthur.menezes_evolu\Desktop\Pes\AndroidViewAnimations\library\src\main\java\com\daimajia\androidanimations\library\sliders\SlideInRightAnimator.java,com.daimajia.androidanimations.library.sliders.SlideInRightAnimator,prepare/1[com.daimajia.androidanimations.library.sliders.View],false,35,3,1,0,1,1,6,5,0,2,1,6,0,0,0,0,0,0,2,3,2,1,0,0,0,0,9,1,0,false
c:\Users\arthur.menezes_evolu\Desktop\Pes\AndroidViewAnimations\library\src\main\java\com\daimajia\androidanimations\library\rotating_exits\RotateOutUpRightAnimator.java,com.daimajia.androidanimations.library.rotating_exits.RotateOutUpRightAnimator,prepare/1[com.daimajia.androidanimations.library.rotating_exits.View],false,34,2,1,0,1,1,7,5,0,2,1,7,0,0,0,0,0,0,4,4,2,2,0,0,0,0,8,1,0,false
c:\Users\arthur.menezes_evolu\Desktop\Pes\AndroidViewAnimations\library\src\main\java\com\daimajia\androidanimations\library\flippers\FlipOutXAnimator.java,com.daimajia.androidanimations.library.flippers.FlipOutXAnimator,prepare/1[com.daimajia.androidanimations.library.flippers.View],false,34,2,1,0,1,1,3,3,0,0,1,3,0,0,0,0,0,0,2,4,0,0,0,0,0,0,6,1,0,false
c:\Users\arthur.menezes_evolu\Desktop\Pes\AndroidViewAnimations\library\src\main\java\com\daimajia\androidanimations\library\specials\in\LandingAnimator.java,com.daimajia.androidanimations.library.specials.in.LandingAnimator,prepare/1[com.daimajia.androidanimations.library.specials.in.View],false,12,2,2,0,2,1,5,3,0,0,1,5,0,0,0,0,0,0,3,6,0,0,0,0,0,0,6,4,0,false
c:\Users\arthur.menezes_evolu\Desktop\Pes\AndroidViewAnimations\library\src\main\java\com\daimajia\androidanimations\library\BaseViewAnimator.java,com.daimajia.androidanimations.library.BaseViewAnimator,setStartDelay/1[long],false,102,1,1,0,1,1,2,4,1,0,1,2,1,1,0,0,0,0,0,0,0,0,0,0,0,0,9,1,0,false
c:\Users\arthur.menezes_evolu\Desktop\Pes\AndroidViewAnimations\library\src\main\java\com\daimajia\androidanimations\library\BaseViewAnimator.java,com.daimajia.androidanimations.library.BaseViewAnimator,(initializer 1),false,45,1,0,0,0,1,0,3,0,0,0,0,0,0,0,0,0,0,0,0,1,0,0,0,0,0,3,0,0,false
c:\Users\arthur.menezes_evolu\Desktop\Pes\AndroidViewAnimations\library\src\main\java\com\daimajia\androidanimations\library\BaseViewAnimator.java,com.daimajia.androidanimations.library.BaseViewAnimator,start/0,false,86,2,2,2,0,3,5,10,0,0,0,5,0,0,1,0,0,2,0,0,0,0,2,0,0,0,11,1,0,true
c:\Users\arthur.menezes_evolu\Desktop\Pes\AndroidViewAnimations\library\src\main\java\com\daimajia\androidanimations\library\BaseViewAnimator.java,com.daimajia.androidanimations.library.BaseViewAnimator,setTarget/1[com.daimajia.androidanimations.library.View],false,52,2,3,1,2,1,2,5,1,0,1,2,2,1,0,0,0,0,0,0,0,0,0,0,0,0,8,1,0,false
c:\Users\arthur.menezes_evolu\Desktop\Pes\AndroidViewAnimations\library\src\main\java\com\daimajia\androidanimations\library\BaseViewAnimator.java,com.daimajia.androidanimations.library.BaseViewAnimator,animate/0,false,58,1,2,1,1,1,1,3,0,0,0,1,1,1,0,0,0,0,0,0,0,0,0,0,0,0,2,1,0,false
c:\Users\arthur.menezes_evolu\Desktop\Pes\AndroidViewAnimations\library\src\main\java\com\daimajia\androidanimations\library\BaseViewAnimator.java,com.daimajia.androidanimations.library.BaseViewAnimator,getStartDelay/0,false,107,0,0,0,0,1,1,3,1,0,0,1,0,0,0,0,0,0,0,0,0,0,0,0,0,0,3,1,0,false
c:\Users\arthur.menezes_evolu\Desktop\Pes\AndroidViewAnimations\library\src\main\java\com\daimajia\androidanimations\library\BaseViewAnimator.java,com.daimajia.androidanimations.library.BaseViewAnimator,removeAllListener/0,false,132,0,0,0,0,1,1,3,0,0,0,1,0,0,0,0,0,0,0,0,0,0,0,0,0,0,3,1,0,false
c:\Users\arthur.menezes_evolu\Desktop\Pes\AndroidViewAnimations\library\src\main\java\com\daimajia\androidanimations\library\BaseViewAnimator.java,com.daimajia.androidanimations.library.BaseViewAnimator,setInterpolator/1[com.daimajia.androidanimations.library.Interpolator],false,136,2,1,1,0,1,1,4,1,0,1,1,0,0,0,0,0,0,0,0,0,0,0,0,0,0,6,1,0,false
c:\Users\arthur.menezes_evolu\Desktop\Pes\AndroidViewAnimations\library\src\main\java\com\daimajia\androidanimations\library\BaseViewAnimator.java,com.daimajia.androidanimations.library.BaseViewAnimator,getDuration/0,false,141,0,3,3,0,1,0,3,1,0,0,0,0,0,0,0,0,0,0,0,0,0,0,0,0,0,3,1,0,false
c:\Users\arthur.menezes_evolu\Desktop\Pes\AndroidViewAnimations\library\src\main\java\com\daimajia\androidanimations\library\BaseViewAnimator.java,com.daimajia.androidanimations.library.BaseViewAnimator,isStarted/0,false,124,0,1,1,0,1,1,3,1,0,0,1,0,0,0,0,0,0,0,0,0,0,0,0,0,0,2,1,0,false
c:\Users\arthur.menezes_evolu\Desktop\Pes\AndroidViewAnimations\library\src\main\java\com\daimajia\androidanimations\library\BaseViewAnimator.java,com.daimajia.androidanimations.library.BaseViewAnimator,setRepeatMode/1[int],false,154,1,1,1,0,1,0,4,1,0,1,0,0,0,0,0,0,0,0,0,1,0,0,0,0,0,8,1,0,false
c:\Users\arthur.menezes_evolu\Desktop\Pes\AndroidViewAnimations\library\src\main\java\com\daimajia\androidanimations\library\BaseViewAnimator.java,com.daimajia.androidanimations.library.BaseViewAnimator,addAnimatorListener/1[Animator.AnimatorListener],false,111,2,1,1,0,1,1,4,1,0,1,1,0,0,0,0,0,0,0,0,0,0,0,0,0,0,6,1,0,false
c:\Users\arthur.menezes_evolu\Desktop\Pes\AndroidViewAnimations\library\src\main\java\com\daimajia\androidanimations\library\BaseViewAnimator.java,com.daimajia.androidanimations.library.BaseViewAnimator,removeAnimatorListener/1[Animator.AnimatorListener],false,128,1,0,0,0,1,1,3,0,0,1,1,0,0,0,0,0,0,0,0,0,0,0,0,0,0,4,1,0,false
c:\Users\arthur.menezes_evolu\Desktop\Pes\AndroidViewAnimations\library\src\main\java\com\daimajia\androidanimations\library\BaseViewAnimator.java,com.daimajia.androidanimations.library.BaseViewAnimator,reset/1[com.daimajia.androidanimations.library.View],false,72,1,2,2,0,1,8,10,0,0,1,8,0,0,0,0,0,0,0,8,0,0,0,0,0,0,7,1,0,true
c:\Users\arthur.menezes_evolu\Desktop\Pes\AndroidViewAnimations\library\src\main\java\com\daimajia\androidanimations\library\BaseViewAnimator.java,com.daimajia.androidanimations.library.BaseViewAnimator,setDuration/1[long],false,97,1,2,2,0,1,0,4,1,0,1,0,0,0,0,0,0,0,0,0,1,0,0,0,0,0,7,1,0,false
c:\Users\arthur.menezes_evolu\Desktop\Pes\AndroidViewAnimations\library\src\main\java\com\daimajia\androidanimations\library\BaseViewAnimator.java,com.daimajia.androidanimations.library.BaseViewAnimator,getAnimatorAgent/0,false,145,1,64,64,0,1,0,3,1,0,0,0,0,0,0,0,0,0,0,0,0,0,0,0,0,0,5,1,0,false
c:\Users\arthur.menezes_evolu\Desktop\Pes\AndroidViewAnimations\library\src\main\java\com\daimajia\androidanimations\library\BaseViewAnimator.java,com.daimajia.androidanimations.library.BaseViewAnimator,setRepeatTimes/1[int],false,149,1,1,1,0,1,0,4,1,0,1,0,0,0,0,0,0,0,0,0,1,0,0,0,0,0,8,1,0,false
c:\Users\arthur.menezes_evolu\Desktop\Pes\AndroidViewAnimations\library\src\main\java\com\daimajia\androidanimations\library\BaseViewAnimator.java,com.daimajia.androidanimations.library.BaseViewAnimator,prepare/1[com.daimajia.androidanimations.library.View],false,50,1,1,1,0,1,0,1,0,0,1,0,0,0,0,0,0,0,0,0,0,0,0,0,0,0,3,1028,0,false
c:\Users\arthur.menezes_evolu\Desktop\Pes\AndroidViewAnimations\library\src\main\java\com\daimajia\androidanimations\library\BaseViewAnimator.java,com.daimajia.androidanimations.library.BaseViewAnimator,isRunning/0,false,120,0,1,1,0,1,1,3,1,0,0,1,0,0,0,0,0,0,0,0,0,0,0,0,0,0,2,1,0,false
c:\Users\arthur.menezes_evolu\Desktop\Pes\AndroidViewAnimations\library\src\main\java\com\daimajia\androidanimations\library\BaseViewAnimator.java,com.daimajia.androidanimations.library.BaseViewAnimator,cancel/0,false,116,0,1,1,0,1,1,3,0,0,0,1,0,0,0,0,0,0,0,0,0,0,0,0,0,0,1,1,0,false
c:\Users\arthur.menezes_evolu\Desktop\Pes\AndroidViewAnimations\library\src\main\java\com\daimajia\androidanimations\library\BaseViewAnimator.java,com.daimajia.androidanimations.library.BaseViewAnimator,restart/0,false,62,1,1,0,1,1,2,4,0,0,0,2,1,1,0,0,0,0,0,0,1,0,0,0,0,0,5,1,0,false
c:\Users\arthur.menezes_evolu\Desktop\Pes\AndroidViewAnimations\library\src\main\java\com\daimajia\androidanimations\library\specials\RollOutAnimator.java,com.daimajia.androidanimations.library.specials.RollOutAnimator,prepare/1[com.daimajia.androidanimations.library.specials.View],false,34,2,1,0,1,1,4,3,0,0,1,4,0,0,0,0,0,0,3,5,0,0,0,0,0,0,6,1,0,false
c:\Users\arthur.menezes_evolu\Desktop\Pes\AndroidViewAnimations\demo\src\main\java\com\daimajia\androidanimations\MyActivity.java,com.daimajia.androidanimations.MyActivity$Anonymous1$Anonymous2,onAnimationEnd/1[com.daimajia.androidanimations.Animator],false,55,1,0,0,0,1,0,2,0,0,1,0,0,0,0,0,0,0,0,0,0,0,0,0,0,0,5,1,0,false
c:\Users\arthur.menezes_evolu\Desktop\Pes\AndroidViewAnimations\demo\src\main\java\com\daimajia\androidanimations\MyActivity.java,com.daimajia.androidanimations.MyActivity$Anonymous1$Anonymous2,onAnimationRepeat/1[com.daimajia.androidanimations.Animator],false,64,1,0,0,0,1,0,2,0,0,1,0,0,0,0,0,0,0,0,0,0,0,0,0,0,0,5,1,0,false
c:\Users\arthur.menezes_evolu\Desktop\Pes\AndroidViewAnimations\demo\src\main\java\com\daimajia\androidanimations\MyActivity.java,com.daimajia.androidanimations.MyActivity$Anonymous1$Anonymous2,onAnimationStart/1[com.daimajia.androidanimations.Animator],false,50,1,0,0,0,1,0,2,0,0,1,0,0,0,0,0,0,0,0,0,0,0,0,0,0,0,5,1,0,false
c:\Users\arthur.menezes_evolu\Desktop\Pes\AndroidViewAnimations\demo\src\main\java\com\daimajia\androidanimations\MyActivity.java,com.daimajia.androidanimations.MyActivity$Anonymous1$Anonymous2,onAnimationCancel/1[com.daimajia.androidanimations.Animator],false,59,1,0,0,0,1,2,3,0,0,1,2,0,0,0,0,0,0,1,0,0,0,0,0,0,0,6,1,0,false
c:\Users\arthur.menezes_evolu\Desktop\Pes\AndroidViewAnimations\library\src\main\java\com\daimajia\androidanimations\library\sliders\SlideOutUpAnimator.java,com.daimajia.androidanimations.library.sliders.SlideOutUpAnimator,prepare/1[com.daimajia.androidanimations.library.sliders.View],false,34,2,1,0,1,1,4,3,0,0,1,4,0,0,0,0,0,0,2,3,0,0,0,0,0,0,6,1,0,false
