file,class,type,cbo,cboModified,fanin,fanout,wmc,dit,noc,rfc,lcom,lcom*,tcc,lcc,totalMethodsQty,staticMethodsQty,publicMethodsQty,privateMethodsQty,protectedMethodsQty,defaultMethodsQty,visibleMethodsQty,abstractMethodsQty,finalMethodsQty,synchronizedMethodsQty,totalFieldsQty,staticFieldsQty,publicFieldsQty,privateFieldsQty,protectedFieldsQty,defaultFieldsQty,finalFieldsQty,synchronizedFieldsQty,nosi,loc,returnQty,loopQty,comparisonsQty,tryCatchQty,parenthesizedExpsQty,stringLiteralsQty,numbersQty,assignmentsQty,mathOperationsQty,variablesQty,maxNestedBlocksQty,anonymousClassesQty,innerClassesQty,lambdasQty,uniqueWordsQty,modifiers,logStatementsQty
c:\Users\arthur.menezes_evolu\Desktop\Pes\JavaSourceCodeLearning\Spring-Security\src\main\java\com\bruis\springsecurity\utils\security\JwtUserDetails.java,com.bruis.springsecurity.utils.security.JwtUserDetails,class,1,2,1,1,2,2,0,0,1,1.0,0.0,0.0,2,0,2,0,0,0,2,0,0,0,1,1,0,1,0,0,1,0,0,9,0,0,0,0,0,0,1,1,0,1,0,0,0,0,16,1,0
c:\Users\arthur.menezes_evolu\Desktop\Pes\JavaSourceCodeLearning\JdkLearn\src\main\java\com\learnjava\io\netty\demo01\Server.java,com.learnjava.io.netty.demo01.Server$Anonymous1,anonymous,1,1,0,1,1,1,0,0,0,0.0,NaN,NaN,1,0,1,0,0,0,1,0,0,0,0,0,0,0,0,0,0,0,0,4,0,0,0,0,0,0,0,0,0,0,0,0,0,0,4,-1,0
c:\Users\arthur.menezes_evolu\Desktop\Pes\JavaSourceCodeLearning\Spring-Netty\src\test\java\com\bruis\learnnetty\binary\BinaryTest.java,BinaryTest,class,1,1,0,1,3,1,0,1,3,0.0,0.0,0.0,3,0,3,0,0,0,3,0,0,0,0,0,0,0,0,0,0,0,0,23,0,0,0,0,0,0,12,6,6,6,0,0,0,0,12,1,0
c:\Users\arthur.menezes_evolu\Desktop\Pes\JavaSourceCodeLearning\Spring-Boot\src\main\java\com\bruis\learnsb\event\RainEvent.java,com.bruis.learnsb.event.RainEvent,class,1,4,3,1,1,2,0,0,0,0.0,NaN,NaN,1,0,1,0,0,0,1,0,0,0,0,0,0,0,0,0,0,0,0,5,1,0,0,0,0,1,0,0,0,0,0,0,0,0,7,1,0
c:\Users\arthur.menezes_evolu\Desktop\Pes\JavaSourceCodeLearning\rocketmqdemo\src\main\java\com\bruis\rocketmqdemo\demo02\Consumer.java,com.bruis.rocketmqdemo.demo02.Consumer,class,2,2,0,2,1,1,0,6,0,0.0,NaN,NaN,1,1,1,0,0,0,1,0,0,0,1,1,1,0,0,0,1,0,0,33,0,0,0,0,0,3,0,2,0,2,0,1,0,0,26,1,0
c:\Users\arthur.menezes_evolu\Desktop\Pes\JavaSourceCodeLearning\Spring-Netty\src\main\java\com\bruis\learnnetty\netty\heartbeat\ServerTest.java,com.bruis.learnnetty.netty.heartbeat.ServerTest$Anonymous1,anonymous,4,4,0,4,1,1,0,2,0,0.0,NaN,NaN,1,0,0,0,1,0,1,0,0,0,0,0,0,0,0,0,0,0,0,5,0,0,0,0,0,0,0,0,0,0,0,0,0,0,12,-1,0
c:\Users\arthur.menezes_evolu\Desktop\Pes\JavaSourceCodeLearning\Spring-Netty\src\main\java\com\bruis\learnnetty\bio\Server.java,com.bruis.learnnetty.bio.Server$Anonymous1,anonymous,1,1,0,1,1,1,0,1,0,0.0,NaN,NaN,1,0,1,0,0,0,1,0,0,0,0,0,0,0,0,0,0,0,0,5,0,0,0,0,0,0,0,0,0,0,0,0,0,0,3,-1,0
c:\Users\arthur.menezes_evolu\Desktop\Pes\JavaSourceCodeLearning\Spring-Netty\src\main\java\com\bruis\learnnetty\im\client\NettyClient.java,com.bruis.learnnetty.im.client.NettyClient$Anonymous1,anonymous,12,12,0,12,1,1,0,2,0,0.0,NaN,NaN,1,0,1,0,0,0,1,0,0,0,0,0,0,0,0,0,0,0,0,15,0,0,0,0,0,0,0,0,0,0,0,0,0,0,19,-1,0
c:\Users\arthur.menezes_evolu\Desktop\Pes\JavaSourceCodeLearning\JdkLearn\src\main\java\com\learnjava\proxy\staticproxy\RealSubject.java,com.learnjava.proxy.staticproxy.RealSubject,class,1,3,2,1,1,1,0,1,0,0.0,NaN,NaN,1,0,1,0,0,0,1,0,0,0,0,0,0,0,0,0,0,0,0,5,0,0,0,0,0,1,0,0,0,0,0,0,0,0,3,1,0
c:\Users\arthur.menezes_evolu\Desktop\Pes\JavaSourceCodeLearning\Spring-Boot\src\main\java\com\bruis\learnsb\startup\SecondCommandLineRunner.java,com.bruis.learnsb.startup.SecondCommandLineRunner,class,3,3,0,3,1,1,0,1,0,0.0,NaN,NaN,1,0,1,0,0,0,1,0,0,0,0,0,0,0,0,0,0,0,0,5,0,0,0,0,0,1,1,0,0,0,0,0,0,0,12,1,0
c:\Users\arthur.menezes_evolu\Desktop\Pes\JavaSourceCodeLearning\Spring-Netty\src\main\java\com\bruis\learnnetty\bio\ServerBoot.java,com.bruis.learnnetty.bio.ServerBoot,class,1,1,0,1,1,1,0,1,0,0.0,NaN,NaN,1,1,1,0,0,0,1,0,0,0,1,1,0,1,0,0,1,0,0,7,0,0,0,0,0,0,1,2,0,2,0,0,0,0,12,1,0
c:\Users\arthur.menezes_evolu\Desktop\Pes\JavaSourceCodeLearning\Spring-Netty\src\main\java\com\bruis\learnnetty\im\client\handler\LoginResponseHandler.java,com.bruis.learnnetty.im.client.handler.LoginResponseHandler,class,5,6,1,5,3,2,0,7,1,0.0,0.0,0.0,2,0,1,0,1,0,2,0,0,0,0,0,0,0,0,0,0,0,1,16,0,0,0,0,0,5,0,2,2,2,1,0,0,0,17,1,0
c:\Users\arthur.menezes_evolu\Desktop\Pes\JavaSourceCodeLearning\Spring-Netty\src\main\java\com\bruis\learnnetty\netty\heartbeat\RemotingSerializable.java,com.bruis.learnnetty.netty.heartbeat.RemotingSerializable,class,3,5,2,3,9,1,0,8,15,0.5714286,0.0,0.0,7,4,7,0,0,0,7,0,0,0,1,1,0,1,0,0,1,0,4,33,9,0,2,0,0,1,0,4,0,4,1,0,0,0,28,1025,0
c:\Users\arthur.menezes_evolu\Desktop\Pes\JavaSourceCodeLearning\Spring-Netty\src\main\java\com\bruis\learnnetty\im\serialize\SerializerAlogrithm.java,com.bruis.learnnetty.im.serialize.SerializerAlogrithm,interface,0,0,0,0,0,1,0,0,0,NaN,-1.0,-1.0,0,0,0,0,0,0,0,0,0,0,1,0,0,0,0,1,0,0,0,3,0,0,0,0,0,0,1,1,0,1,0,0,0,0,8,1,0
c:\Users\arthur.menezes_evolu\Desktop\Pes\JavaSourceCodeLearning\JdkLearn\src\main\java\com\learnjava\reference\PhantomRefTest.java,com.learnjava.reference.PhantomRefTest,class,1,1,0,1,4,1,0,5,0,0.0,NaN,NaN,1,1,1,0,0,0,1,0,0,0,0,0,0,0,0,0,0,0,2,17,0,0,3,0,3,9,4,6,6,5,0,0,0,0,15,1,0
c:\Users\arthur.menezes_evolu\Desktop\Pes\JavaSourceCodeLearning\Spring-Netty\src\main\java\com\bruis\learnnetty\thread\reentranlock\RequestFuture.java,com.bruis.learnnetty.thread.reentranlock.RequestFuture,class,2,5,3,2,16,1,0,15,48,0.8021978,0.0,0.0,13,2,13,0,0,0,13,0,0,0,7,1,1,6,0,0,2,0,2,72,7,1,2,3,0,2,1,9,0,8,3,0,0,0,27,1,0
c:\Users\arthur.menezes_evolu\Desktop\Pes\JavaSourceCodeLearning\JdkLearn\src\main\java\com\learnjava\concurent\SnowIdDemo.java,com.learnjava.concurent.SnowIdDemo,class,1,1,0,1,1,1,0,2,0,0.0,NaN,NaN,1,1,1,0,0,0,1,0,0,0,0,0,0,0,0,0,0,0,1,5,0,0,0,0,0,0,0,0,0,0,0,0,0,0,6,1,0
c:\Users\arthur.menezes_evolu\Desktop\Pes\JavaSourceCodeLearning\Spring-Netty\src\main\java\com\bruis\learnnetty\im\model\CreateGroupRequestPacket.java,com.bruis.learnnetty.im.model.CreateGroupRequestPacket,class,1,4,3,1,3,2,0,0,1,0.33333334,0.0,0.0,3,0,3,0,0,0,3,0,0,0,1,0,0,1,0,0,0,0,0,12,2,0,0,0,0,0,0,1,0,1,0,0,0,0,25,1,0
c:\Users\arthur.menezes_evolu\Desktop\Pes\JavaSourceCodeLearning\Spring-Security\src\main\java\com\bruis\springsecurity\config\SwaggerConfig.java,com.bruis.springsecurity.config.SwaggerConfig,class,10,11,1,10,2,1,0,16,1,0.5,NaN,NaN,2,0,1,1,0,0,1,0,0,0,6,6,6,0,0,0,6,0,0,18,2,0,0,0,0,7,0,8,0,8,0,0,0,0,41,1,0
c:\Users\arthur.menezes_evolu\Desktop\Pes\JavaSourceCodeLearning\Spring-Security\src\main\java\com\bruis\springsecurity\controller\LoginController.java,com.bruis.springsecurity.controller.LoginController,class,10,10,0,10,1,1,0,4,0,0.0,NaN,NaN,1,0,1,0,0,0,1,0,0,0,1,0,0,0,0,1,0,0,2,9,1,0,0,0,0,1,0,3,0,4,0,0,0,0,23,1,0
c:\Users\arthur.menezes_evolu\Desktop\Pes\JavaSourceCodeLearning\JdkLearn\src\main\java\com\learnjava\io\netty\bio\ClientHandler.java,com.learnjava.io.netty.bio.ClientHandler,class,1,3,2,1,6,1,0,7,1,0.5,0.0,0.0,3,0,2,1,0,0,2,0,0,0,2,1,1,1,0,0,2,0,0,33,0,2,1,1,1,2,3,6,1,6,3,1,0,0,35,1,0
c:\Users\arthur.menezes_evolu\Desktop\Pes\JavaSourceCodeLearning\Spring-Netty\src\main\java\com\bruis\learnnetty\netty\quickstart\NettyServerHandler.java,com.bruis.learnnetty.netty.quickstart.NettyServerHandler$Anonymous1,anonymous,0,0,0,0,2,1,0,7,0,0.0,NaN,NaN,1,0,1,0,0,0,1,0,0,0,0,0,0,0,0,0,0,0,1,12,0,0,0,1,0,3,2,0,3,0,1,0,0,0,4,-1,0
c:\Users\arthur.menezes_evolu\Desktop\Pes\JavaSourceCodeLearning\Spring-Netty\src\main\java\com\bruis\learnnetty\im\model\MessageResponsePacket.java,com.bruis.learnnetty.im.model.MessageResponsePacket,class,1,4,3,1,7,2,0,0,15,0.7142857,0.0,0.0,7,0,7,0,0,0,7,0,0,0,3,0,0,3,0,0,0,0,0,26,4,0,0,0,0,0,0,3,0,3,0,0,0,0,24,1,0
c:\Users\arthur.menezes_evolu\Desktop\Pes\JavaSourceCodeLearning\Spring-Netty\src\main\java\com\bruis\learnnetty\thread\reentranlock\SubThread.java,com.bruis.learnnetty.thread.reentranlock.SubThread,class,2,3,1,2,3,2,0,9,0,0.0,0.0,0.0,2,0,2,0,0,0,2,0,0,0,1,0,0,1,0,0,0,0,3,18,0,0,0,1,0,2,1,2,1,2,1,0,0,0,12,1,0
c:\Users\arthur.menezes_evolu\Desktop\Pes\JavaSourceCodeLearning\JdkLearn\src\main\java\com\learnjava\io\nio\ScatteringAndGatheringTest.java,com.learnjava.io.nio.ScatteringAndGatheringTest,class,0,0,0,0,3,1,0,7,0,0.0,NaN,NaN,1,1,1,0,0,0,1,0,0,0,0,0,0,0,0,0,0,0,3,20,0,2,0,0,0,1,9,10,1,7,2,0,0,0,25,1,0
c:\Users\arthur.menezes_evolu\Desktop\Pes\JavaSourceCodeLearning\JdkLearn\src\test\java\com\learnjava\LearnjavaApplicationTests.java,com.learnjava.LearnjavaApplicationTests,class,2,2,0,2,1,1,0,0,0,0.0,NaN,NaN,1,0,0,0,0,1,1,0,0,0,0,0,0,0,0,0,0,0,0,4,0,0,0,0,0,0,0,0,0,0,0,0,0,0,5,0,0
c:\Users\arthur.menezes_evolu\Desktop\Pes\JavaSourceCodeLearning\Spring-Netty\src\main\java\com\bruis\learnnetty\thread\reentranlock\Response.java,com.bruis.learnnetty.thread.reentranlock.Response,class,0,2,2,0,4,1,0,0,2,0.5,0.0,0.0,4,0,4,0,0,0,4,0,0,0,2,0,0,2,0,0,0,0,0,16,2,0,0,0,0,0,0,2,0,2,0,0,0,0,9,1,0
c:\Users\arthur.menezes_evolu\Desktop\Pes\JavaSourceCodeLearning\Spring-Boot\src\main\java\com\bruis\learnsb\initializer\controller\TestController.java,com.bruis.learnsb.initializer.controller.TestController,class,4,4,0,4,2,1,0,2,0,0.0,0.0,0.0,2,0,2,0,0,0,2,0,0,0,1,0,0,1,0,0,0,0,0,9,2,0,0,0,0,2,0,0,0,1,0,0,0,0,8,1,0
c:\Users\arthur.menezes_evolu\Desktop\Pes\JavaSourceCodeLearning\Spring-Netty\src\main\java\com\bruis\learnnetty\im\console\ConsoleCommand.java,com.bruis.learnnetty.im.console.ConsoleCommand,interface,1,10,9,1,1,1,0,0,0,0.0,NaN,NaN,1,0,0,0,0,1,1,0,0,0,0,0,0,0,0,0,0,0,0,3,0,0,0,0,0,0,0,0,0,0,0,0,0,0,7,1,0
c:\Users\arthur.menezes_evolu\Desktop\Pes\JavaSourceCodeLearning\Spring-AOP\src\main\java\com\bruis\learnaop\testaspectJ\TestMain.java,com.bruis.learnaop.testaspectJ.TestMain,class,3,3,0,3,1,1,0,2,0,0.0,NaN,NaN,1,1,1,0,0,0,1,0,0,0,0,0,0,0,0,0,0,0,0,7,0,0,0,0,0,2,0,2,0,2,0,0,0,0,12,1,0
c:\Users\arthur.menezes_evolu\Desktop\Pes\JavaSourceCodeLearning\Spring-Netty\src\main\java\com\bruis\learnnetty\netty\heartbeat\ClientTest.java,com.bruis.learnnetty.netty.heartbeat.ClientTest$Anonymous3,anonymous,0,0,0,0,1,1,0,1,0,0.0,NaN,NaN,1,0,1,0,0,0,1,0,0,0,0,0,0,0,0,0,0,0,0,7,1,0,0,0,0,1,0,1,0,1,0,0,0,0,6,-1,0
c:\Users\arthur.menezes_evolu\Desktop\Pes\JavaSourceCodeLearning\Spring-Netty\src\main\java\com\bruis\learnnetty\netty\heartbeat\ClientTest.java,com.bruis.learnnetty.netty.heartbeat.ClientTest$Anonymous2,anonymous,0,0,0,0,1,1,0,1,0,0.0,NaN,NaN,1,0,1,0,0,0,1,0,0,0,1,0,0,1,0,0,0,0,0,6,1,0,0,0,0,1,1,1,1,1,0,0,0,0,8,-1,0
c:\Users\arthur.menezes_evolu\Desktop\Pes\JavaSourceCodeLearning\Spring-Netty\src\main\java\com\bruis\learnnetty\netty\heartbeat\ClientTest.java,com.bruis.learnnetty.netty.heartbeat.ClientTest$Anonymous1,anonymous,0,0,0,0,1,1,0,2,0,0.0,NaN,NaN,1,0,1,0,0,0,1,0,0,0,1,0,0,1,0,0,0,0,1,6,1,0,0,0,0,1,1,1,0,1,0,0,0,0,8,-1,0
c:\Users\arthur.menezes_evolu\Desktop\Pes\JavaSourceCodeLearning\Spring-Boot\src\main\java\com\bruis\learnsb\listener\ThirdListener.java,com.bruis.learnsb.listener.ThirdListener,class,3,3,0,3,1,1,0,1,0,0.0,NaN,NaN,1,0,1,0,0,0,1,0,0,0,0,0,0,0,0,0,0,0,0,5,0,0,0,0,0,1,1,0,0,0,0,0,0,0,10,1,0
c:\Users\arthur.menezes_evolu\Desktop\Pes\JavaSourceCodeLearning\Spring-Netty\src\main\java\com\bruis\learnnetty\im\server\handler\LogoutRequestHandler.java,com.bruis.learnnetty.im.server.handler.LogoutRequestHandler,class,7,8,1,7,2,2,0,4,1,1.0,0.0,0.0,2,0,0,0,2,0,2,0,0,0,1,1,1,0,0,0,1,0,1,11,0,0,0,0,0,0,0,2,0,2,0,0,0,0,20,1,0
c:\Users\arthur.menezes_evolu\Desktop\Pes\JavaSourceCodeLearning\Spring-Netty\src\main\java\com\bruis\learnnetty\netty\heartbeat\ClientTest.java,com.bruis.learnnetty.netty.heartbeat.ClientTest$Anonymous5,anonymous,1,1,0,1,1,1,0,2,0,0.0,NaN,NaN,1,0,1,0,0,0,1,0,0,0,0,0,0,0,0,0,0,0,1,5,0,0,0,0,0,0,0,0,0,0,0,0,0,0,3,-1,0
c:\Users\arthur.menezes_evolu\Desktop\Pes\JavaSourceCodeLearning\Spring-Netty\src\main\java\com\bruis\learnnetty\LearnnettyApplication.java,com.bruis.learnnetty.LearnnettyApplication,class,2,3,1,2,1,1,0,1,0,0.0,NaN,NaN,1,1,1,0,0,0,1,0,0,0,0,0,0,0,0,0,0,0,0,5,0,0,0,0,0,0,0,0,0,0,0,0,0,0,4,1,0
c:\Users\arthur.menezes_evolu\Desktop\Pes\JavaSourceCodeLearning\Spring-Netty\src\main\java\com\bruis\learnnetty\netty\heartbeat\ClientTest.java,com.bruis.learnnetty.netty.heartbeat.ClientTest$Anonymous4,anonymous,5,5,0,5,1,1,0,2,0,0.0,NaN,NaN,1,0,0,0,1,0,1,0,0,0,0,0,0,0,0,0,0,0,0,6,0,0,0,0,0,0,0,1,0,1,0,0,0,0,13,-1,0
c:\Users\arthur.menezes_evolu\Desktop\Pes\JavaSourceCodeLearning\JdkLearn\src\main\java\com\learnjava\concurent\TwinsLock.java,com.learnjava.concurent.TwinsLock,class,1,2,1,1,6,3,0,2,13,0.6666667,0.0,0.0,6,0,6,0,0,0,6,0,0,0,1,0,0,1,0,0,1,0,0,46,3,0,0,0,0,0,3,1,0,1,0,0,1,0,20,1,0
c:\Users\arthur.menezes_evolu\Desktop\Pes\JavaSourceCodeLearning\JdkLearn\src\main\java\com\learnjava\io\netty\bio\Client.java,com.learnjava.io.netty.bio.Client,class,0,1,1,0,3,1,0,3,1,0.5,NaN,NaN,2,2,1,1,0,0,1,0,0,0,3,3,0,3,0,0,3,0,1,33,0,0,0,1,0,1,2,4,0,4,1,1,0,0,24,1,0
c:\Users\arthur.menezes_evolu\Desktop\Pes\JavaSourceCodeLearning\Spring-Netty\src\main\java\com\bruis\learnnetty\netty\connections\longconnections\RequestFuture.java,com.bruis.learnnetty.netty.connections.longconnections.RequestFuture,class,2,5,3,2,17,1,0,17,57,0.82142854,0.0,0.0,14,2,14,0,0,0,14,0,0,0,8,2,2,6,0,0,3,0,3,77,7,1,2,3,0,2,1,11,0,9,3,0,0,0,30,1,0
c:\Users\arthur.menezes_evolu\Desktop\Pes\JavaSourceCodeLearning\JdkLearn\src\main\java\com\learnjava\io\netty\bio\Server.java,com.learnjava.io.netty.bio.Server$Anonymous1,anonymous,1,1,0,1,1,1,0,1,0,0.0,NaN,NaN,1,0,1,0,0,0,1,0,0,0,0,0,0,0,0,0,0,0,0,5,0,0,0,0,0,0,0,0,0,0,0,0,0,0,3,-1,0
c:\Users\arthur.menezes_evolu\Desktop\Pes\JavaSourceCodeLearning\rocketmqdemo\src\main\java\com\bruis\rocketmqdemo\demo03\Producer.java,com.bruis.rocketmqdemo.demo03.Producer$Anonymous1,anonymous,2,2,0,2,1,1,0,2,0,0.0,NaN,NaN,1,0,1,0,0,0,1,0,0,0,0,0,0,0,0,0,0,0,0,7,1,0,0,0,0,0,0,2,1,2,0,0,0,0,8,-1,0
c:\Users\arthur.menezes_evolu\Desktop\Pes\JavaSourceCodeLearning\JdkLearn\src\main\java\com\learnjava\io\bio\BIO.java,com.learnjava.io.bio.BIO$Anonymous1,anonymous,1,1,0,1,5,1,0,5,0,0.0,NaN,NaN,1,0,1,0,0,0,1,0,0,0,0,0,0,0,0,0,0,0,0,29,0,1,1,2,0,1,3,3,0,3,3,0,0,0,9,-1,0
c:\Users\arthur.menezes_evolu\Desktop\Pes\JavaSourceCodeLearning\Spring-Boot\src\main\java\com\bruis\learnsb\startup\FirstApplicationRunner.java,com.bruis.learnsb.startup.FirstApplicationRunner,class,4,4,0,4,1,1,0,1,0,0.0,NaN,NaN,1,0,1,0,0,0,1,0,0,0,0,0,0,0,0,0,0,0,0,5,0,0,0,0,0,1,1,0,0,0,0,0,0,0,12,1,0
c:\Users\arthur.menezes_evolu\Desktop\Pes\JavaSourceCodeLearning\Spring-Boot\src\test\java\com\bruis\learnsb\ApplicationTests.java,com.bruis.learnsb.ApplicationTests,class,7,7,0,7,3,1,0,2,1,0.33333334,0.0,0.0,3,0,3,0,0,0,3,0,0,0,1,0,0,1,0,0,0,0,0,11,0,0,0,0,0,0,0,1,0,1,0,0,0,0,13,1,0
c:\Users\arthur.menezes_evolu\Desktop\Pes\JavaSourceCodeLearning\Spring-Netty\src\main\java\com\bruis\learnnetty\im\server\handler\QuitGroupRequestHandler.java,com.bruis.learnnetty.im.server.handler.QuitGroupRequestHandler,class,9,10,1,9,2,2,0,7,1,1.0,0.0,0.0,2,0,0,0,2,0,2,0,0,0,1,1,1,0,0,0,1,0,1,15,0,0,0,0,0,0,0,5,0,5,0,0,0,0,24,1,0
c:\Users\arthur.menezes_evolu\Desktop\Pes\JavaSourceCodeLearning\Spring-Boot\src\main\java\com\bruis\learnsb\bean\BeanDemo.java,com.bruis.learnsb.bean.BeanDemo,class,0,0,0,0,0,1,0,0,0,0.0,-1.0,-1.0,0,0,0,0,0,0,0,0,0,0,0,0,0,0,0,0,0,0,0,2,0,0,0,0,0,0,0,0,0,0,0,0,0,0,5,1,0
c:\Users\arthur.menezes_evolu\Desktop\Pes\JavaSourceCodeLearning\JdkLearn\src\main\java\com\learnjava\concurent\ThreadLocalTest.java,com.learnjava.concurent.ThreadLocalTest$InnerClass,innerclass,0,0,0,0,3,1,0,8,3,0.0,0.0,0.0,3,0,3,0,0,0,3,0,0,0,0,0,0,0,0,0,0,0,2,13,0,0,0,0,0,2,0,1,0,1,0,0,0,0,14,10,0
c:\Users\arthur.menezes_evolu\Desktop\Pes\JavaSourceCodeLearning\Spring-Netty\src\main\java\com\bruis\learnnetty\netty\connections\longconnections\NettyClient.java,com.bruis.learnnetty.netty.connections.longconnections.NettyClient$Anonymous1,anonymous,5,5,0,5,1,1,0,3,0,0.0,NaN,NaN,1,0,0,0,1,0,1,0,0,0,0,0,0,0,0,0,0,0,1,9,0,0,0,0,0,1,5,0,0,0,0,0,0,0,16,-1,0
c:\Users\arthur.menezes_evolu\Desktop\Pes\JavaSourceCodeLearning\JdkLearn\src\main\java\com\learnjava\concurent\ForkJoinDemo.java,com.learnjava.concurent.ForkJoinDemo,class,2,2,0,2,1,3,0,3,0,0.0,NaN,NaN,1,1,1,0,0,0,1,0,0,0,0,0,0,0,0,0,0,0,0,39,0,0,0,0,0,1,16,4,2,4,0,0,1,0,16,1,0
c:\Users\arthur.menezes_evolu\Desktop\Pes\JavaSourceCodeLearning\Spring-Netty\src\main\java\com\bruis\learnnetty\netty\quickstart\NettyServerHandler.java,com.bruis.learnnetty.netty.quickstart.NettyServerHandler,class,2,3,1,2,6,2,0,7,15,0.0,0.0,0.0,6,0,6,0,0,0,6,0,0,0,0,0,0,0,0,0,0,0,0,32,0,0,0,0,0,4,1,0,0,0,0,1,0,0,26,1,0
c:\Users\arthur.menezes_evolu\Desktop\Pes\JavaSourceCodeLearning\Spring-Netty\src\main\java\com\bruis\learnnetty\netty\heartbeat\RemotingCommand.java,com.bruis.learnnetty.netty.heartbeat.RemotingCommand,class,4,10,6,4,10,1,0,14,31,0.70000005,0.0,0.0,10,3,9,1,0,0,9,0,0,0,2,0,0,2,0,0,0,0,4,59,8,0,0,0,5,0,14,19,5,13,0,0,0,0,34,1,0
c:\Users\arthur.menezes_evolu\Desktop\Pes\JavaSourceCodeLearning\Spring-Boot\src\main\java\com\bruis\learnsb\startup\FirstCommandLineRunner.java,com.bruis.learnsb.startup.FirstCommandLineRunner,class,3,3,0,3,1,1,0,1,0,0.0,NaN,NaN,1,0,1,0,0,0,1,0,0,0,0,0,0,0,0,0,0,0,0,5,0,0,0,0,0,1,1,0,0,0,0,0,0,0,12,1,0
c:\Users\arthur.menezes_evolu\Desktop\Pes\JavaSourceCodeLearning\JdkLearn\src\main\java\com\learnjava\collection\LRUCache.java,com.learnjava.collection.LRUCache$Anonymous1,anonymous,1,1,0,1,2,1,0,2,1,0.0,0.0,0.0,2,0,2,0,0,0,2,0,0,0,0,0,0,0,0,0,0,0,0,8,2,0,0,0,0,0,0,0,0,0,0,0,0,0,4,-1,0
c:\Users\arthur.menezes_evolu\Desktop\Pes\JavaSourceCodeLearning\Spring-Boot\src\main\java\com\bruis\learnsb\listener\FourthListener.java,com.bruis.learnsb.listener.FourthListener,class,5,5,0,5,2,1,0,3,1,0.0,0.0,0.0,2,0,2,0,0,0,2,0,0,0,0,0,0,0,0,0,0,0,0,8,1,0,0,0,0,1,1,0,0,0,0,0,0,0,14,1,0
c:\Users\arthur.menezes_evolu\Desktop\Pes\JavaSourceCodeLearning\JdkLearn\src\main\java\com\learnjava\lambda\StreamParallelDemo.java,com.learnjava.lambda.StreamParallelDemo,class,0,0,0,0,0,1,0,0,0,0.0,-1.0,-1.0,0,0,0,0,0,0,0,0,0,0,0,0,0,0,0,0,0,0,0,2,0,0,0,0,0,0,0,0,0,0,0,0,0,0,5,1,0
c:\Users\arthur.menezes_evolu\Desktop\Pes\JavaSourceCodeLearning\Spring-Boot\src\main\java\com\bruis\learnsb\property\ResultCommandLineRunner.java,com.bruis.learnsb.property.ResultCommandLineRunner,class,6,6,0,6,3,1,0,4,0,0.33333334,0.0,0.0,3,0,3,0,0,0,3,0,0,0,2,0,0,2,0,0,0,0,0,18,0,0,0,0,0,6,0,2,1,2,0,0,0,0,17,1,0
c:\Users\arthur.menezes_evolu\Desktop\Pes\JavaSourceCodeLearning\Spring-Netty\src\main\java\com\bruis\learnnetty\netty\heartbeat\ClientTest.java,com.bruis.learnnetty.netty.heartbeat.ClientTest$ConnectResponseHandler,innerclass,3,3,0,3,1,2,0,2,0,0.0,NaN,NaN,1,0,0,0,1,0,1,0,0,0,0,0,0,0,0,0,0,0,0,5,0,0,0,0,0,1,0,0,1,0,0,0,0,0,11,9,0
c:\Users\arthur.menezes_evolu\Desktop\Pes\JavaSourceCodeLearning\Spring-Netty\src\main\java\com\bruis\learnnetty\netty\channelpipeline\Server.java,com.bruis.learnnetty.netty.channelpipeline.Server$Anonymous1,anonymous,4,4,0,4,1,1,0,2,0,0.0,NaN,NaN,1,0,1,0,0,0,1,0,0,0,0,0,0,0,0,0,0,0,0,7,0,0,0,0,0,0,0,0,0,0,0,0,0,0,10,-1,0
c:\Users\arthur.menezes_evolu\Desktop\Pes\JavaSourceCodeLearning\JdkLearn\src\main\java\com\learnjava\io\nio\NIODemo.java,com.learnjava.io.nio.NIODemo,class,0,0,0,0,3,1,0,7,0,0.0,NaN,NaN,1,1,1,0,0,0,1,0,0,0,0,0,0,0,0,0,0,0,1,12,0,2,0,0,0,0,3,2,1,2,1,0,0,0,13,1,0
c:\Users\arthur.menezes_evolu\Desktop\Pes\JavaSourceCodeLearning\Spring-Netty\src\main\java\com\bruis\learnnetty\im\server\NettyServer.java,com.bruis.learnnetty.im.server.NettyServer$Anonymous1,anonymous,2,2,0,2,1,1,0,2,0,0.0,NaN,NaN,1,0,0,0,1,0,1,0,0,0,0,0,0,0,0,0,0,0,0,9,0,0,0,0,0,0,0,0,0,0,0,0,0,0,7,-1,0
c:\Users\arthur.menezes_evolu\Desktop\Pes\JavaSourceCodeLearning\Spring-Netty\src\test\java\com\bruis\learnnetty\LearnnettyApplicationTests.java,com.bruis.learnnetty.LearnnettyApplicationTests,class,4,4,0,4,1,1,0,0,0,0.0,NaN,NaN,1,0,1,0,0,0,1,0,0,0,0,0,0,0,0,0,0,0,0,4,0,0,0,0,0,0,0,0,0,0,0,0,0,0,5,1,0
c:\Users\arthur.menezes_evolu\Desktop\Pes\JavaSourceCodeLearning\JdkLearn\src\main\java\com\learnjava\io\netty\bio\Client.java,com.learnjava.io.netty.bio.Client$Anonymous1,anonymous,1,1,0,1,3,1,0,5,0,0.0,NaN,NaN,1,0,1,0,0,0,1,0,0,0,0,0,0,0,0,0,0,0,1,16,0,1,0,1,0,4,0,1,1,1,2,0,0,0,10,-1,0
c:\Users\arthur.menezes_evolu\Desktop\Pes\JavaSourceCodeLearning\Spring-Boot\src\test\java\com\bruis\learnsb\bean\SpringBeanTest.java,com.bruis.learnsb.bean.SpringBeanTest,class,7,7,0,7,2,1,0,5,1,0.5,0.0,0.0,2,0,2,0,0,0,2,0,0,0,2,0,0,2,0,0,0,0,0,10,0,0,0,0,0,3,0,0,2,2,0,0,0,0,14,1,0
c:\Users\arthur.menezes_evolu\Desktop\Pes\JavaSourceCodeLearning\Spring-Netty\src\main\java\com\bruis\learnnetty\im\model\PacketCodeC.java,com.bruis.learnnetty.im.model.PacketCodeC,class,23,27,4,23,7,1,0,18,6,0.75,0.0,0.0,5,0,2,3,0,0,2,0,0,0,4,2,2,2,0,0,4,0,0,58,4,0,2,0,0,0,3,12,0,12,1,0,0,0,38,1,0
c:\Users\arthur.menezes_evolu\Desktop\Pes\JavaSourceCodeLearning\Spring-Netty\src\main\java\com\bruis\learnnetty\im\server\handler\MessageRequestHandler.java,com.bruis.learnnetty.im.server.handler.MessageRequestHandler,class,9,10,1,9,4,2,0,13,1,1.0,0.0,0.0,2,0,0,0,2,0,2,0,0,0,1,1,1,0,0,0,1,0,3,19,0,0,1,0,0,2,0,4,1,4,1,0,0,0,24,1,0
c:\Users\arthur.menezes_evolu\Desktop\Pes\JavaSourceCodeLearning\JdkLearn\src\main\java\com\learnjava\reference\WeakReferenceTest.java,com.learnjava.reference.WeakReferenceTest,class,2,3,1,2,8,1,0,10,3,0.0,NaN,NaN,3,3,1,2,0,0,1,0,0,0,0,0,0,0,0,0,0,0,5,35,0,2,3,0,3,10,10,12,8,11,1,0,0,0,18,1,0
c:\Users\arthur.menezes_evolu\Desktop\Pes\JavaSourceCodeLearning\Spring-Security\src\main\java\com\bruis\springsecurity\model\HttpStatus.java,com.bruis.springsecurity.model.HttpStatus,interface,0,0,0,0,0,1,0,0,0,NaN,-1.0,-1.0,0,0,0,0,0,0,0,0,0,0,48,48,48,0,0,0,48,0,0,50,0,0,0,0,0,0,48,48,0,48,0,0,0,0,119,1,0
c:\Users\arthur.menezes_evolu\Desktop\Pes\JavaSourceCodeLearning\Spring-Netty\src\main\java\com\bruis\learnnetty\netty\heartbeat\ServerTest.java,com.bruis.learnnetty.netty.heartbeat.ServerTest$ConnectServerHandler,innerclass,3,3,0,3,1,2,0,6,0,0.0,NaN,NaN,1,0,0,0,1,0,1,0,0,0,0,0,0,0,0,0,0,0,0,9,0,0,0,0,0,2,1,1,1,1,0,0,0,0,12,9,0
c:\Users\arthur.menezes_evolu\Desktop\Pes\JavaSourceCodeLearning\JdkLearn\src\main\java\com\learnjava\io\bio\BIOServer.java,com.learnjava.io.bio.BIOServer,class,1,2,1,1,7,1,0,11,1,0.0,0.0,0.0,2,2,2,0,0,0,2,0,0,0,0,0,0,0,0,0,0,0,7,48,0,2,1,2,0,10,4,6,3,6,3,1,0,0,27,1,0
c:\Users\arthur.menezes_evolu\Desktop\Pes\JavaSourceCodeLearning\Spring-Netty\src\main\java\com\bruis\learnnetty\netty\fastthreadlocal\FastThreadLocalTest.java,com.bruis.learnnetty.netty.fastthreadlocal.FastThreadLocalTest$Anonymous2,anonymous,0,0,0,0,1,1,0,1,0,0.0,NaN,NaN,1,0,0,0,1,0,1,0,0,0,0,0,0,0,0,0,0,0,0,7,1,0,0,0,0,1,0,1,1,1,0,0,0,0,5,-1,0
c:\Users\arthur.menezes_evolu\Desktop\Pes\JavaSourceCodeLearning\Spring-Netty\src\main\java\com\bruis\learnnetty\netty\fastthreadlocal\FastThreadLocalTest.java,com.bruis.learnnetty.netty.fastthreadlocal.FastThreadLocalTest$Anonymous1,anonymous,0,0,0,0,2,1,0,1,1,0.0,0.0,0.0,2,0,0,0,2,0,2,0,0,0,0,0,0,0,0,0,0,0,0,10,1,0,0,0,0,2,0,1,1,1,0,0,0,0,8,-1,0
c:\Users\arthur.menezes_evolu\Desktop\Pes\JavaSourceCodeLearning\JdkLearn\src\main\java\com\learnjava\concurent\ThreadLocalTest.java,com.learnjava.concurent.ThreadLocalTest$Counter,innerclass,0,0,0,0,0,1,0,0,0,NaN,-1.0,-1.0,0,0,0,0,0,0,0,0,0,0,1,1,0,1,0,0,0,0,0,8,0,0,0,0,0,0,0,1,0,1,0,1,0,0,2,10,0
c:\Users\arthur.menezes_evolu\Desktop\Pes\JavaSourceCodeLearning\Spring-Boot\src\main\java\com\bruis\learnsb\initializer\service\TestService.java,com.bruis.learnsb.initializer.service.TestService,class,3,5,2,3,3,1,0,2,0,0.0,0.0,0.0,3,0,3,0,0,0,3,0,0,0,1,0,0,1,0,0,0,0,0,12,2,0,0,0,0,2,0,1,0,1,0,0,0,0,14,1,0
c:\Users\arthur.menezes_evolu\Desktop\Pes\JavaSourceCodeLearning\JdkLearn\src\main\java\com\learnjava\io\nio\MappedByteBufferTest.java,com.learnjava.io.nio.MappedByteBufferTest,class,0,0,0,0,7,1,0,11,3,0.0,0.0,0.0,3,3,3,0,0,0,3,0,0,0,0,0,0,0,0,0,0,0,0,47,0,0,4,2,0,5,7,12,0,8,2,0,0,0,32,1,0
c:\Users\arthur.menezes_evolu\Desktop\Pes\JavaSourceCodeLearning\rocketmqdemo\src\main\java\com\bruis\rocketmqdemo\demo03\Producer.java,com.bruis.rocketmqdemo.demo03.Producer,class,6,7,1,6,3,1,0,17,1,0.5,NaN,NaN,2,1,1,1,0,0,1,0,0,0,3,3,3,0,0,0,3,0,1,92,1,1,0,0,0,20,12,24,3,15,1,1,1,0,54,1,0
c:\Users\arthur.menezes_evolu\Desktop\Pes\JavaSourceCodeLearning\Spring-AOP\src\main\java\com\bruis\learnaop\LearnaopApplication.java,com.bruis.learnaop.LearnaopApplication,class,2,3,1,2,1,1,0,1,0,0.0,NaN,NaN,1,1,1,0,0,0,1,0,0,0,0,0,0,0,0,0,0,0,0,5,0,0,0,0,0,0,0,0,0,0,0,0,0,0,4,1,0
c:\Users\arthur.menezes_evolu\Desktop\Pes\JavaSourceCodeLearning\JdkLearn\src\main\java\com\learnjava\lambda\LambdaReduceDemo.java,com.learnjava.lambda.LambdaReduceDemo,class,2,3,1,2,6,1,0,15,15,0.0,0.0,0.0,6,6,6,0,0,0,6,0,0,0,0,0,0,0,0,0,0,0,3,33,2,0,0,0,0,6,10,10,3,12,0,0,0,1,28,1,0
c:\Users\arthur.menezes_evolu\Desktop\Pes\JavaSourceCodeLearning\Spring-Netty\src\main\java\com\bruis\learnnetty\rpc\controller\UserController.java,com.bruis.learnnetty.rpc.controller.UserController,class,2,2,0,2,1,1,0,3,0,0.0,NaN,NaN,1,0,1,0,0,0,1,0,0,0,0,0,0,0,0,0,0,0,1,6,1,0,0,0,0,4,0,0,2,0,0,0,0,0,10,1,0
c:\Users\arthur.menezes_evolu\Desktop\Pes\JavaSourceCodeLearning\JdkLearn\src\test\java\com\learnjava\string\StringTest.java,com.learnjava.string.StringTest,class,1,1,0,1,8,1,0,4,6,0.0,0.0,0.0,4,0,4,0,0,0,4,0,0,0,0,0,0,0,0,0,0,0,0,34,0,4,0,0,0,8,2,8,0,8,1,0,0,0,17,1,0
c:\Users\arthur.menezes_evolu\Desktop\Pes\JavaSourceCodeLearning\Spring-Netty\src\main\java\com\bruis\learnnetty\netty\quickstart\NettyClient.java,com.bruis.learnnetty.netty.quickstart.NettyClient,class,6,6,0,6,1,1,0,8,0,0.0,NaN,NaN,1,1,1,0,0,0,1,0,0,0,0,0,0,0,0,0,0,0,0,21,0,0,0,1,0,2,1,3,0,3,1,1,0,0,18,1,0
c:\Users\arthur.menezes_evolu\Desktop\Pes\JavaSourceCodeLearning\Spring-Netty\src\main\java\com\bruis\learnnetty\im\model\LogoutRequestPacket.java,com.bruis.learnnetty.im.model.LogoutRequestPacket,class,1,4,3,1,1,2,0,0,0,0.0,NaN,NaN,1,0,1,0,0,0,1,0,0,0,0,0,0,0,0,0,0,0,0,5,1,0,0,0,0,0,0,0,0,0,0,0,0,0,17,1,0
c:\Users\arthur.menezes_evolu\Desktop\Pes\JavaSourceCodeLearning\Spring-Security\src\main\java\com\bruis\springsecurity\controller\UserController.java,com.bruis.springsecurity.controller.UserController,class,5,5,0,5,3,1,0,1,3,0.0,0.0,0.0,3,0,3,0,0,0,3,0,0,0,0,0,0,0,0,0,0,0,3,11,3,0,0,0,0,10,0,0,0,0,0,0,0,0,15,1,0
c:\Users\arthur.menezes_evolu\Desktop\Pes\JavaSourceCodeLearning\Spring-Netty\src\main\java\com\bruis\learnnetty\rpc\utils\Mediator.java,com.bruis.learnnetty.rpc.utils.Mediator$MethodBean,innerclass,0,0,0,0,4,1,0,0,2,0.5,0.0,0.0,4,0,4,0,0,0,4,0,0,0,2,0,0,2,0,0,0,0,0,16,2,0,0,0,0,0,0,2,0,2,0,0,0,0,7,9,0
c:\Users\arthur.menezes_evolu\Desktop\Pes\JavaSourceCodeLearning\Spring-Netty\src\main\java\com\bruis\learnnetty\im\console\CreateGroupConsoleCommand.java,com.bruis.learnnetty.im.console.CreateGroupConsoleCommand,class,3,4,1,3,1,1,0,6,0,0.0,NaN,NaN,1,0,1,0,0,0,1,0,0,0,1,1,0,1,0,0,1,0,1,10,0,0,0,0,0,2,0,3,0,3,0,0,0,0,25,1,0
c:\Users\arthur.menezes_evolu\Desktop\Pes\JavaSourceCodeLearning\JdkLearn\src\test\java\com\learnjava\concurrent\CompletableFutureDemo.java,com.learnjava.concurrent.CompletableFutureDemo,class,2,3,1,2,27,1,0,21,28,0.0,0.0,0.0,8,0,7,1,0,0,7,0,0,0,0,0,0,0,0,0,0,0,32,162,8,5,2,8,0,25,13,12,14,18,2,0,0,12,37,1,0
c:\Users\arthur.menezes_evolu\Desktop\Pes\JavaSourceCodeLearning\Spring-Netty\src\main\java\com\bruis\learnnetty\rpc\server\NettyServer.java,com.bruis.learnnetty.rpc.server.NettyServer,class,6,7,1,6,2,1,0,9,0,0.0,NaN,NaN,1,1,1,0,0,0,1,0,0,0,0,0,0,0,0,0,0,0,0,26,0,0,0,1,0,0,3,4,0,4,1,1,0,0,17,1,0
c:\Users\arthur.menezes_evolu\Desktop\Pes\JavaSourceCodeLearning\Spring-Security\src\main\java\com\bruis\springsecurity\utils\security\JwtAuthenticationFilter.java,com.bruis.springsecurity.utils.security.JwtAuthenticationFilter,class,6,6,0,6,2,2,0,2,1,0.0,0.0,0.0,2,0,1,0,1,0,2,0,0,0,0,0,0,0,0,0,0,0,1,9,0,0,0,0,0,0,0,0,0,0,0,0,0,0,16,1,0
c:\Users\arthur.menezes_evolu\Desktop\Pes\JavaSourceCodeLearning\JdkLearn\src\main\java\com\learnjava\concurent\BoundedQueue.java,com.learnjava.concurent.BoundedQueue,class,1,1,0,1,7,1,0,5,0,0.3809524,0.0,0.0,3,0,3,0,0,0,3,0,0,0,5,0,0,5,0,0,0,0,0,45,1,2,4,2,0,0,3,8,0,8,2,0,0,0,24,1,0
c:\Users\arthur.menezes_evolu\Desktop\Pes\JavaSourceCodeLearning\Spring-AOP\src\main\java\com\bruis\learnaop\testaspectJ\AspectJTest.java,com.bruis.learnaop.testaspectJ.AspectJTest,class,6,6,0,6,5,1,0,3,6,0.0,0.0,0.0,4,0,4,0,0,0,4,0,0,0,0,0,0,0,0,0,0,0,0,22,1,0,0,1,0,8,0,2,0,1,1,0,0,0,17,1,0
c:\Users\arthur.menezes_evolu\Desktop\Pes\JavaSourceCodeLearning\Spring-Security\src\main\java\com\bruis\springsecurity\utils\security\JwtLoginFilter.java,com.bruis.springsecurity.utils.security.JwtLoginFilter,class,14,15,1,14,14,2,0,24,10,0.8,0.0,0.0,5,0,4,0,1,0,5,0,0,0,1,1,1,0,0,0,1,0,3,68,2,1,6,3,1,6,0,16,0,11,3,0,0,0,64,1,0
c:\Users\arthur.menezes_evolu\Desktop\Pes\JavaSourceCodeLearning\Spring-Netty\src\main\java\com\bruis\learnnetty\netty\channelpipeline\BusinessException.java,com.bruis.learnnetty.netty.channelpipeline.BusinessException,class,0,0,0,0,1,3,0,0,0,0.0,NaN,NaN,1,0,1,0,0,0,1,0,0,0,0,0,0,0,0,0,0,0,0,5,0,0,0,0,0,0,0,0,0,0,0,0,0,0,3,1,0
c:\Users\arthur.menezes_evolu\Desktop\Pes\JavaSourceCodeLearning\JdkLearn\src\main\java\com\learnjava\java8\LambdaTest.java,com.learnjava.java8.LambdaTest$GreetingService,interface,0,0,0,0,1,1,0,0,0,0.0,NaN,NaN,1,0,0,0,0,1,1,0,0,0,0,0,0,0,0,0,0,0,0,3,0,0,0,0,0,0,0,0,0,0,0,0,0,0,5,0,0
c:\Users\arthur.menezes_evolu\Desktop\Pes\JavaSourceCodeLearning\JdkLearn\src\main\java\com\learnjava\proxy\staticproxy\JdkStaticProxy.java,com.learnjava.proxy.staticproxy.JdkStaticProxy,class,0,0,0,0,0,1,0,0,0,0.0,-1.0,-1.0,0,0,0,0,0,0,0,0,0,0,0,0,0,0,0,0,0,0,0,2,0,0,0,0,0,0,0,0,0,0,0,0,0,0,3,1,0
c:\Users\arthur.menezes_evolu\Desktop\Pes\JavaSourceCodeLearning\Spring-Netty\src\main\java\com\bruis\learnnetty\im\client\handler\GroupMessageResponseHandler.java,com.bruis.learnnetty.im.client.handler.GroupMessageResponseHandler,class,4,5,1,4,1,2,0,4,0,0.0,NaN,NaN,1,0,0,0,1,0,1,0,0,0,0,0,0,0,0,0,0,0,0,7,0,0,0,0,0,3,0,2,1,2,0,0,0,0,15,1,0
c:\Users\arthur.menezes_evolu\Desktop\Pes\JavaSourceCodeLearning\JdkLearn\src\main\java\com\learnjava\concurent\ReentrantLockDemo.java,com.learnjava.concurent.ReentrantLockDemo,class,0,0,0,0,0,1,0,0,0,0.0,-1.0,-1.0,0,0,0,0,0,0,0,0,0,0,0,0,0,0,0,0,0,0,0,2,0,0,0,0,0,0,0,0,0,0,0,0,0,0,4,1,0
c:\Users\arthur.menezes_evolu\Desktop\Pes\JavaSourceCodeLearning\Spring-Boot\src\main\java\com\bruis\learnsb\aware\MyAware.java,com.bruis.learnsb.aware.MyAware,interface,2,4,2,2,1,1,0,0,0,0.0,NaN,NaN,1,0,0,0,0,1,1,0,0,0,0,0,0,0,0,0,0,0,0,3,0,0,0,0,0,0,0,0,0,0,0,0,0,0,8,1,0
c:\Users\arthur.menezes_evolu\Desktop\Pes\JavaSourceCodeLearning\Spring-Netty\src\main\java\com\bruis\learnnetty\im\model\JoinGroupRequestPacket.java,com.bruis.learnnetty.im.model.JoinGroupRequestPacket,class,1,4,3,1,3,2,0,0,1,0.33333334,0.0,0.0,3,0,3,0,0,0,3,0,0,0,1,0,0,1,0,0,0,0,0,12,2,0,0,0,0,0,0,1,0,1,0,0,0,0,24,1,0
c:\Users\arthur.menezes_evolu\Desktop\Pes\JavaSourceCodeLearning\Spring-Security\src\main\java\com\bruis\springsecurity\config\WebSecurityConfig.java,com.bruis.springsecurity.config.WebSecurityConfig,class,14,14,0,14,4,2,0,13,6,0.75,0.0,0.0,4,0,2,0,2,0,4,0,0,0,1,0,0,1,0,0,0,0,0,16,2,0,0,0,0,6,0,0,0,1,0,0,0,0,43,1,0
c:\Users\arthur.menezes_evolu\Desktop\Pes\JavaSourceCodeLearning\Spring-Netty\src\main\java\com\bruis\learnnetty\netty\connections\longconnections\Response.java,com.bruis.learnnetty.netty.connections.longconnections.Response,class,0,2,2,0,4,1,0,0,2,0.5,0.0,0.0,4,0,4,0,0,0,4,0,0,0,2,0,0,2,0,0,0,0,0,16,2,0,0,0,0,0,0,2,0,2,0,0,0,0,9,1,0
c:\Users\arthur.menezes_evolu\Desktop\Pes\JavaSourceCodeLearning\JdkLearn\src\main\java\com\learnjava\io\netty\bio\ClientHandler.java,com.learnjava.io.netty.bio.ClientHandler$Anonymous1,anonymous,1,1,0,1,1,1,0,1,0,0.0,NaN,NaN,1,0,1,0,0,0,1,0,0,0,0,0,0,0,0,0,0,0,0,5,0,0,0,0,0,0,0,0,0,0,0,0,0,0,3,-1,0
c:\Users\arthur.menezes_evolu\Desktop\Pes\JavaSourceCodeLearning\Spring-Netty\src\main\java\com\bruis\learnnetty\im\server\handler\AuthHandler.java,com.bruis.learnnetty.im.server.handler.AuthHandler,class,5,6,1,5,3,2,0,6,1,1.0,0.0,0.0,2,0,1,0,1,0,2,0,0,0,1,1,1,0,0,0,1,0,1,14,0,0,0,0,0,0,0,1,0,1,1,0,0,0,19,1,0
c:\Users\arthur.menezes_evolu\Desktop\Pes\JavaSourceCodeLearning\Spring-Boot\src\main\java\com\bruis\learnsb\event\WeatherEventMulticaster.java,com.bruis.learnsb.event.WeatherEventMulticaster,class,2,4,2,2,2,2,0,1,1,0.0,0.0,0.0,2,0,0,0,0,2,2,0,0,0,0,0,0,0,0,0,0,0,0,8,0,0,0,0,0,2,0,0,0,0,0,0,0,0,12,1,0
c:\Users\arthur.menezes_evolu\Desktop\Pes\JavaSourceCodeLearning\Spring-Boot\src\main\java\com\bruis\learnsb\event\RainListener.java,com.bruis.learnsb.event.RainListener,class,4,5,1,4,2,1,0,2,0,0.0,NaN,NaN,1,0,1,0,0,0,1,0,0,0,0,0,0,0,0,0,0,0,0,7,0,0,0,0,0,1,0,0,1,0,1,0,0,0,9,1,0
c:\Users\arthur.menezes_evolu\Desktop\Pes\JavaSourceCodeLearning\Spring-Netty\src\main\java\com\bruis\learnnetty\thread\synchronize\SubThread.java,com.bruis.learnnetty.thread.synchronize.SubThread,class,2,3,1,2,3,2,0,11,0,0.0,0.0,0.0,2,0,2,0,0,0,2,0,0,0,1,0,0,1,0,0,0,0,4,19,0,0,0,1,0,3,1,2,2,2,1,0,0,0,12,1,0
c:\Users\arthur.menezes_evolu\Desktop\Pes\JavaSourceCodeLearning\JdkLearn\src\main\java\com\learnjava\io\netty\demo01\Server.java,com.learnjava.io.netty.demo01.Server,class,7,7,0,7,1,1,0,11,0,0.0,NaN,NaN,1,1,1,0,0,0,1,0,0,0,0,0,0,0,0,0,0,0,0,20,0,0,0,1,0,2,2,4,0,4,1,1,0,0,17,1,0
c:\Users\arthur.menezes_evolu\Desktop\Pes\JavaSourceCodeLearning\JdkLearn\src\main\java\com\learnjava\io\netty\bio\ServerBoot.java,com.learnjava.io.netty.bio.ServerBoot,class,1,1,0,1,1,1,0,1,0,0.0,NaN,NaN,1,1,1,0,0,0,1,0,0,0,1,1,1,0,0,0,1,0,0,7,0,0,0,0,0,0,1,2,0,2,0,0,0,0,12,1,0
c:\Users\arthur.menezes_evolu\Desktop\Pes\JavaSourceCodeLearning\Spring-AOP\src\test\java\com\bruis\learnaop\LearnaopApplicationTests.java,com.bruis.learnaop.LearnaopApplicationTests,class,4,4,0,4,1,1,0,0,0,0.0,NaN,NaN,1,0,1,0,0,0,1,0,0,0,0,0,0,0,0,0,0,0,0,4,0,0,0,0,0,0,0,0,0,0,0,0,0,0,5,1,0
c:\Users\arthur.menezes_evolu\Desktop\Pes\JavaSourceCodeLearning\Spring-Netty\src\main\java\com\bruis\learnnetty\netty\quickstart\NettyClient.java,com.bruis.learnnetty.netty.quickstart.NettyClient$Anonymous1,anonymous,2,2,0,2,1,1,0,2,0,0.0,NaN,NaN,1,0,0,0,1,0,1,0,0,0,0,0,0,0,0,0,0,0,0,5,0,0,0,0,0,0,0,0,0,0,0,0,0,0,8,-1,0
c:\Users\arthur.menezes_evolu\Desktop\Pes\JavaSourceCodeLearning\Spring-Boot\src\test\java\com\bruis\learnsb\event\SpringBootWatchEventTest.java,com.bruis.learnsb.event.SpringBootWatchEventTest,class,6,6,0,6,2,1,0,2,1,0.5,0.0,0.0,2,0,2,0,0,0,2,0,0,0,1,0,0,1,0,0,0,0,0,9,0,0,0,0,0,0,0,0,0,1,0,0,0,0,15,1,0
c:\Users\arthur.menezes_evolu\Desktop\Pes\JavaSourceCodeLearning\Spring-Netty\src\main\java\com\bruis\learnnetty\bio\Server.java,com.bruis.learnnetty.bio.Server,class,1,3,2,1,6,1,0,4,1,0.33333334,0.0,0.0,3,0,2,1,0,0,2,0,0,0,1,0,0,1,0,0,0,0,0,31,0,1,0,2,0,3,0,2,1,2,2,1,0,0,21,1,0
c:\Users\arthur.menezes_evolu\Desktop\Pes\JavaSourceCodeLearning\Spring-Netty\src\main\java\com\bruis\learnnetty\rpc\client\ClientHandler.java,com.bruis.learnnetty.rpc.client.ClientHandler,class,4,5,1,4,1,2,0,3,0,0.0,NaN,NaN,1,0,1,0,0,0,1,0,0,0,0,0,0,0,0,0,0,0,1,6,0,0,0,0,0,0,0,1,0,1,0,0,0,0,14,1,0
c:\Users\arthur.menezes_evolu\Desktop\Pes\JavaSourceCodeLearning\JdkLearn\src\main\java\com\learnjava\lambda\LambdaMapDemo.java,com.learnjava.lambda.LambdaMapDemo,class,3,4,1,3,7,1,0,36,15,0.8333333,0.0,0.0,6,6,6,0,0,0,6,0,0,0,1,1,1,0,0,0,0,0,8,52,3,0,0,1,0,6,5,10,2,23,2,1,0,7,30,1,0
c:\Users\arthur.menezes_evolu\Desktop\Pes\JavaSourceCodeLearning\JdkLearn\src\main\java\com\learnjava\io\nio\NIOFileChannel01.java,com.learnjava.io.nio.NIOFileChannel01,class,1,2,1,1,7,1,0,18,10,0.0,0.0,0.0,5,5,5,0,0,0,5,0,0,0,0,0,0,0,0,0,0,0,4,55,0,1,1,0,0,4,4,17,1,18,2,0,0,0,38,1,0
c:\Users\arthur.menezes_evolu\Desktop\Pes\JavaSourceCodeLearning\Spring-AOP\src\main\java\com\bruis\learnaop\testjdkproxy\UserServiceImpl.java,com.bruis.learnaop.testjdkproxy.UserServiceImpl,class,1,2,1,1,1,1,0,1,0,0.0,NaN,NaN,1,0,1,0,0,0,1,0,0,0,0,0,0,0,0,0,0,0,0,5,0,0,0,0,0,1,0,0,0,0,0,0,0,0,4,1,0
c:\Users\arthur.menezes_evolu\Desktop\Pes\JavaSourceCodeLearning\JdkLearn\src\main\java\com\learnjava\io\netty\demo01\ServerHandler.java,com.learnjava.io.netty.demo01.ServerHandler,class,2,3,1,2,13,2,0,12,78,0.0,0.0,0.0,13,0,13,0,0,0,13,0,0,0,0,0,0,0,0,0,0,0,0,41,1,0,0,0,0,0,0,0,0,0,0,0,0,0,33,1,0
c:\Users\arthur.menezes_evolu\Desktop\Pes\JavaSourceCodeLearning\Spring-Netty\src\main\java\com\bruis\learnnetty\im\model\GroupMessageRequestPacket.java,com.bruis.learnnetty.im.model.GroupMessageRequestPacket,class,1,4,3,1,6,2,0,0,3,0.5,0.0,0.0,6,0,6,0,0,0,6,0,0,0,2,0,0,2,0,0,0,0,0,23,3,0,0,0,0,0,0,4,0,2,0,0,0,0,25,1,0
c:\Users\arthur.menezes_evolu\Desktop\Pes\JavaSourceCodeLearning\JdkLearn\src\test\java\com\learnjava\concurrent\TwinsLockTeset.java,com.learnjava.concurrent.TwinsLockTeset,class,3,3,0,3,4,2,0,5,0,0.0,NaN,NaN,1,0,1,0,0,0,1,0,0,0,0,0,0,0,0,0,0,0,1,37,0,2,0,1,0,1,5,4,1,4,2,0,1,0,13,1,0
c:\Users\arthur.menezes_evolu\Desktop\Pes\JavaSourceCodeLearning\Spring-AOP\src\main\java\com\bruis\learnaop\testjdkproxy\MyInvocationHandler.java,com.bruis.learnaop.testjdkproxy.MyInvocationHandler,class,0,1,1,0,3,1,0,7,0,0.0,0.0,0.0,3,0,3,0,0,0,3,0,0,0,1,0,0,1,0,0,0,0,2,16,2,0,0,0,0,2,0,2,0,2,0,0,0,0,12,1,0
c:\Users\arthur.menezes_evolu\Desktop\Pes\JavaSourceCodeLearning\Spring-Netty\src\main\java\com\bruis\learnnetty\im\model\ListGroupMembersRequestPacket.java,com.bruis.learnnetty.im.model.ListGroupMembersRequestPacket,class,1,4,3,1,3,2,0,0,1,0.33333334,0.0,0.0,3,0,3,0,0,0,3,0,0,0,1,0,0,1,0,0,0,0,0,12,2,0,0,0,0,0,0,1,0,1,0,0,0,0,26,1,0
c:\Users\arthur.menezes_evolu\Desktop\Pes\JavaSourceCodeLearning\Spring-Security\src\main\java\com\bruis\springsecurity\model\HttpResult.java,com.bruis.springsecurity.model.HttpResult,class,1,5,4,1,12,1,0,4,34,0.6944444,0.0,0.0,12,6,12,0,0,0,12,0,0,0,3,0,0,3,0,0,0,0,2,48,9,0,0,0,0,1,1,7,0,6,0,0,0,0,17,1,0
c:\Users\arthur.menezes_evolu\Desktop\Pes\JavaSourceCodeLearning\Spring-Security\src\main\java\com\bruis\springsecurity\utils\security\JwtAuthenticationToken.java,com.bruis.springsecurity.utils.security.JwtAuthenticationToken,class,1,5,4,1,6,2,0,0,3,0.5833333,0.0,0.0,6,1,6,0,0,0,6,0,0,0,2,1,0,2,0,0,1,0,0,24,2,0,0,0,0,0,1,4,0,2,0,0,0,0,23,1,0
c:\Users\arthur.menezes_evolu\Desktop\Pes\JavaSourceCodeLearning\JdkLearn\src\main\java\com\learnjava\lambda\StreamMatchDemo.java,com.learnjava.lambda.StreamMatchDemo,class,2,3,1,2,5,1,0,9,3,0.0,0.0,0.0,3,3,3,0,0,0,3,0,0,0,0,0,0,0,0,0,0,0,1,16,0,0,1,0,0,0,1,4,0,5,0,0,0,1,18,1,0
c:\Users\arthur.menezes_evolu\Desktop\Pes\JavaSourceCodeLearning\JdkLearn\src\main\java\com\learnjava\optimization\OptimizeUtilDemo.java,com.learnjava.optimization.OptimizeUtilDemo,class,2,2,0,2,0,1,0,0,0,NaN,-1.0,-1.0,0,0,0,0,0,0,0,0,0,0,2,0,0,2,0,0,0,0,0,4,0,0,0,0,0,0,0,0,0,2,0,0,0,0,10,1,0
c:\Users\arthur.menezes_evolu\Desktop\Pes\JavaSourceCodeLearning\Spring-Netty\src\main\java\com\bruis\learnnetty\im\model\Packet.java,com.bruis.learnnetty.im.model.Packet,class,1,22,21,1,3,1,16,0,1,0.33333334,0.0,0.0,3,0,3,0,0,0,3,1,0,0,1,0,0,1,0,0,0,0,0,10,1,0,0,0,0,0,1,2,0,1,0,0,0,0,11,1025,0
c:\Users\arthur.menezes_evolu\Desktop\Pes\JavaSourceCodeLearning\JdkLearn\src\main\java\com\learnjava\lambda\LambdaDemoForList.java,com.learnjava.lambda.LambdaDemoForList$MyStringUtils,innerclass,0,0,0,0,1,1,0,1,0,0.0,NaN,NaN,1,1,1,0,0,0,1,0,0,0,0,0,0,0,0,0,0,0,0,5,1,0,0,0,0,0,0,0,0,0,0,0,0,0,8,10,0
c:\Users\arthur.menezes_evolu\Desktop\Pes\JavaSourceCodeLearning\Spring-Netty\src\main\java\com\bruis\learnnetty\im\console\QuitGroupConsoleCommand.java,com.bruis.learnnetty.im.console.QuitGroupConsoleCommand,class,3,4,1,3,1,1,0,4,0,0.0,NaN,NaN,1,0,1,0,0,0,1,0,0,0,0,0,0,0,0,0,0,0,0,9,0,0,0,0,0,1,0,2,0,2,0,0,0,0,14,1,0
c:\Users\arthur.menezes_evolu\Desktop\Pes\JavaSourceCodeLearning\rocketmqdemo\src\main\java\com\bruis\rocketmqdemo\demo04\ScheduledMessageProducer.java,com.bruis.rocketmqdemo.demo04.ScheduledMessageProducer,class,2,2,0,2,2,1,0,6,0,0.0,NaN,NaN,1,1,1,0,0,0,1,0,0,0,3,3,3,0,0,0,3,0,0,17,0,1,0,0,1,4,3,7,1,7,1,0,0,0,32,1,0
c:\Users\arthur.menezes_evolu\Desktop\Pes\JavaSourceCodeLearning\Spring-Netty\src\main\java\com\bruis\learnnetty\bio\Client.java,com.bruis.learnnetty.bio.Client,class,1,1,0,1,6,1,0,9,1,0.5,NaN,NaN,2,2,1,1,0,0,1,0,0,0,4,4,1,3,0,0,4,0,1,36,0,2,1,2,1,5,5,11,2,11,3,0,0,0,35,1,0
c:\Users\arthur.menezes_evolu\Desktop\Pes\JavaSourceCodeLearning\JdkLearn\src\main\java\com\learnjava\concurent\ThreadLocalTest.java,com.learnjava.concurent.ThreadLocalTest,class,1,1,0,1,3,1,0,7,0,0.0,NaN,NaN,1,1,1,0,0,0,1,0,0,0,0,0,0,0,0,0,0,0,1,40,0,2,0,0,0,2,4,5,1,5,3,0,2,1,17,1,0
c:\Users\arthur.menezes_evolu\Desktop\Pes\JavaSourceCodeLearning\Spring-Netty\src\main\java\com\bruis\learnnetty\im\model\JoinGroupResponsePacket.java,com.bruis.learnnetty.im.model.JoinGroupResponsePacket,class,1,4,3,1,7,2,0,0,15,0.7142857,0.0,0.0,7,0,7,0,0,0,7,0,0,0,3,0,0,3,0,0,0,0,0,26,4,0,0,0,0,0,0,3,0,3,0,0,0,0,27,1,0
c:\Users\arthur.menezes_evolu\Desktop\Pes\JavaSourceCodeLearning\JdkLearn\src\main\java\com\learnjava\concurent\TwinsLock.java,com.learnjava.concurent.TwinsLock$Sync,innerclass,0,0,0,0,9,3,0,3,3,0.0,0.0,0.0,3,0,2,0,0,1,3,0,0,0,0,0,0,0,0,0,0,0,0,26,2,2,0,0,0,1,2,4,2,4,2,0,0,0,27,26,0
c:\Users\arthur.menezes_evolu\Desktop\Pes\JavaSourceCodeLearning\Spring-Netty\src\main\java\com\bruis\learnnetty\rpc\client\NettyClient.java,com.bruis.learnnetty.rpc.client.NettyClient,class,9,10,1,9,9,1,0,21,3,0.8888889,0.0,0.0,3,2,3,0,0,0,4,0,0,0,3,3,3,0,0,0,0,0,3,62,1,1,0,2,0,7,3,13,1,10,1,1,0,0,38,1,0
c:\Users\arthur.menezes_evolu\Desktop\Pes\JavaSourceCodeLearning\Spring-Boot\src\main\java\com\bruis\learnsb\event\EventMulticaster.java,com.bruis.learnsb.event.EventMulticaster,interface,2,3,1,2,3,1,0,0,3,0.0,0.0,0.0,3,0,0,0,0,3,3,0,0,0,0,0,0,0,0,0,0,0,0,5,0,0,0,0,0,0,0,0,0,0,0,0,0,0,12,1,0
c:\Users\arthur.menezes_evolu\Desktop\Pes\JavaSourceCodeLearning\Spring-Netty\src\main\java\com\bruis\learnnetty\rpc\server\NettyApplicationListener.java,com.bruis.learnnetty.rpc.server.NettyApplicationListener$Anonymous1,anonymous,1,1,0,1,1,1,0,1,0,0.0,NaN,NaN,1,0,1,0,0,0,1,0,0,0,0,0,0,0,0,0,0,0,1,5,0,0,0,0,0,0,0,0,0,0,0,0,0,0,1,-1,0
c:\Users\arthur.menezes_evolu\Desktop\Pes\JavaSourceCodeLearning\Spring-Netty\src\main\java\com\bruis\learnnetty\netty\connections\shortconnections\NettyServer.java,com.bruis.learnnetty.netty.connections.shortconnections.NettyServer,class,6,6,0,6,2,1,0,9,0,0.0,NaN,NaN,1,1,1,0,0,0,1,0,0,0,0,0,0,0,0,0,0,0,0,26,0,0,0,1,0,0,3,4,0,4,1,1,0,0,18,1,0
c:\Users\arthur.menezes_evolu\Desktop\Pes\JavaSourceCodeLearning\Spring-AOP\src\main\java\com\bruis\learnaop\testcglibaop\EnhancerDemo.java,com.bruis.learnaop.testcglibaop.EnhancerDemo,class,4,5,1,4,2,1,0,6,1,0.0,0.0,0.0,2,1,2,0,0,0,2,0,0,0,0,0,0,0,0,0,0,0,0,21,0,0,0,0,0,1,0,2,0,2,0,0,1,0,12,1,0
c:\Users\arthur.menezes_evolu\Desktop\Pes\JavaSourceCodeLearning\Spring-Boot\src\main\java\com\bruis\learnsb\listener\SecondListener.java,com.bruis.learnsb.listener.SecondListener,class,3,3,0,3,1,1,0,1,0,0.0,NaN,NaN,1,0,1,0,0,0,1,0,0,0,0,0,0,0,0,0,0,0,0,5,0,0,0,0,0,1,1,0,0,0,0,0,0,0,10,1,0
c:\Users\arthur.menezes_evolu\Desktop\Pes\JavaSourceCodeLearning\JdkLearn\src\main\java\com\learnjava\java8\LambdaTest.java,com.learnjava.java8.LambdaTest,class,3,4,1,3,2,1,0,5,1,0.0,NaN,NaN,2,1,1,1,0,0,1,0,0,0,0,0,0,0,0,0,0,0,1,28,2,0,0,0,0,0,4,7,5,10,1,0,3,5,18,1,0
c:\Users\arthur.menezes_evolu\Desktop\Pes\JavaSourceCodeLearning\Spring-Netty\src\main\java\com\bruis\learnnetty\im\console\LoginConsoleCommand.java,com.bruis.learnnetty.im.console.LoginConsoleCommand,class,4,6,2,4,4,1,0,9,1,0.0,NaN,NaN,2,1,1,1,0,0,1,0,0,0,0,0,0,0,0,0,0,0,2,21,0,1,0,1,1,3,1,2,0,2,1,0,0,0,20,1,0
c:\Users\arthur.menezes_evolu\Desktop\Pes\JavaSourceCodeLearning\Spring-Netty\src\main\java\com\bruis\learnnetty\netty\connections\shortconnections\ServerHandler.java,com.bruis.learnnetty.netty.connections.shortconnections.ServerHandler,class,4,6,2,4,1,2,0,8,0,0.0,NaN,NaN,1,0,1,0,0,0,1,0,0,0,0,0,0,0,0,0,0,0,0,10,0,0,0,0,0,2,0,3,1,3,0,0,0,0,19,1,0
c:\Users\arthur.menezes_evolu\Desktop\Pes\JavaSourceCodeLearning\Spring-Netty\src\main\java\com\bruis\learnnetty\netty\fastthreadlocal\FastThreadLocalTest.java,com.bruis.learnnetty.netty.fastthreadlocal.FastThreadLocalTest,class,1,1,0,1,2,1,0,7,0,0.5,NaN,NaN,1,1,1,0,0,0,1,0,0,0,2,2,0,2,0,0,0,0,3,35,0,0,1,0,1,3,0,4,3,4,1,2,0,2,12,1,0
c:\Users\arthur.menezes_evolu\Desktop\Pes\JavaSourceCodeLearning\JdkLearn\src\main\java\com\learnjava\io\nio\NIOByteBufferPutGet.java,com.learnjava.io.nio.NIOByteBufferPutGet,class,0,0,0,0,1,1,0,14,0,0.0,NaN,NaN,1,1,1,0,0,0,1,0,0,0,0,0,0,0,0,0,0,0,1,15,0,0,0,0,0,0,4,1,0,1,0,0,0,0,13,1,0
c:\Users\arthur.menezes_evolu\Desktop\Pes\JavaSourceCodeLearning\Spring-Netty\src\main\java\com\bruis\learnnetty\im\model\Command.java,com.bruis.learnnetty.im.model.Command,interface,0,0,0,0,0,1,0,0,0,NaN,-1.0,-1.0,0,0,0,0,0,0,0,0,0,0,18,0,0,0,0,18,0,0,0,20,0,0,0,0,0,0,18,18,0,18,0,0,0,0,22,1,0
c:\Users\arthur.menezes_evolu\Desktop\Pes\JavaSourceCodeLearning\rocketmqdemo\src\main\java\com\bruis\rocketmqdemo\demo01\Consumer.java,com.bruis.rocketmqdemo.demo01.Consumer,class,2,2,0,2,1,1,0,6,0,0.0,NaN,NaN,1,1,1,0,0,0,1,0,0,0,1,1,1,0,0,0,1,0,0,33,0,0,0,0,0,3,0,2,0,2,0,1,0,0,26,1,0
c:\Users\arthur.menezes_evolu\Desktop\Pes\JavaSourceCodeLearning\rocketmqdemo\src\main\java\com\bruis\rocketmqdemo\demo03\Consumer.java,com.bruis.rocketmqdemo.demo03.Consumer$Anonymous1,anonymous,3,3,0,3,3,1,0,9,0,0.0,NaN,NaN,1,0,1,0,0,0,1,0,0,0,1,0,0,0,0,1,0,0,1,16,1,1,0,1,0,3,1,1,1,1,1,0,0,0,15,-1,0
c:\Users\arthur.menezes_evolu\Desktop\Pes\JavaSourceCodeLearning\Spring-Boot\src\main\java\com\bruis\learnsb\event\SnowListener.java,com.bruis.learnsb.event.SnowListener,class,4,5,1,4,2,1,0,2,0,0.0,NaN,NaN,1,0,1,0,0,0,1,0,0,0,0,0,0,0,0,0,0,0,0,7,0,0,0,0,0,1,0,0,1,0,1,0,0,0,9,1,0
c:\Users\arthur.menezes_evolu\Desktop\Pes\JavaSourceCodeLearning\Spring-Boot\src\main\java\com\bruis\learnsb\aware\MyAwareProcessor.java,com.bruis.learnsb.aware.MyAwareProcessor,class,6,6,0,6,4,1,0,2,0,0.0,0.0,0.0,2,0,2,0,0,0,2,0,0,0,1,0,0,1,0,0,1,0,0,14,1,0,0,0,1,1,0,1,0,1,2,0,0,0,22,1,0
c:\Users\arthur.menezes_evolu\Desktop\Pes\JavaSourceCodeLearning\Spring-Netty\src\main\java\com\bruis\learnnetty\netty\connections\shortconnections\NettyClient.java,com.bruis.learnnetty.netty.connections.shortconnections.NettyClient$Anonymous1,anonymous,5,5,0,5,1,1,0,2,0,0.0,NaN,NaN,1,0,0,0,1,0,1,0,0,0,0,0,0,0,0,0,0,0,0,5,0,0,0,0,0,0,5,0,0,0,0,0,0,0,16,-1,0
c:\Users\arthur.menezes_evolu\Desktop\Pes\JavaSourceCodeLearning\Spring-Netty\src\main\java\com\bruis\learnnetty\bio\ClientHandler.java,com.bruis.learnnetty.bio.ClientHandler$Anonymous1,anonymous,1,1,0,1,1,1,0,1,0,0.0,NaN,NaN,1,0,1,0,0,0,1,0,0,0,0,0,0,0,0,0,0,0,0,5,0,0,0,0,0,0,0,0,0,0,0,0,0,0,3,-1,0
c:\Users\arthur.menezes_evolu\Desktop\Pes\JavaSourceCodeLearning\Spring-Netty\src\main\java\com\bruis\learnnetty\netty\quickstart\Server.java,com.bruis.learnnetty.netty.quickstart.Server$Anonymous1,anonymous,2,2,0,2,1,1,0,2,0,0.0,NaN,NaN,1,0,1,0,0,0,1,0,0,0,0,0,0,0,0,0,0,0,0,5,0,0,0,0,0,0,0,0,0,0,0,0,0,0,7,-1,0
c:\Users\arthur.menezes_evolu\Desktop\Pes\JavaSourceCodeLearning\rocketmqdemo\src\main\java\com\bruis\rocketmqdemo\demo02\Consumer.java,com.bruis.rocketmqdemo.demo02.Consumer$Anonymous1,anonymous,3,3,0,3,3,1,0,8,0,0.0,NaN,NaN,1,0,1,0,0,0,1,0,0,0,0,0,0,0,0,0,0,0,0,21,2,0,0,1,0,6,3,6,2,6,2,0,0,0,17,-1,0
c:\Users\arthur.menezes_evolu\Desktop\Pes\JavaSourceCodeLearning\Spring-Boot\src\main\java\com\bruis\learnsb\condi\ConditionTest.java,com.bruis.learnsb.condi.ConditionTest,class,2,3,1,2,0,1,0,0,0,0.0,-1.0,-1.0,0,0,0,0,0,0,0,0,0,0,0,0,0,0,0,0,0,0,0,2,0,0,0,0,0,1,0,0,0,0,0,0,0,0,5,1,0
c:\Users\arthur.menezes_evolu\Desktop\Pes\JavaSourceCodeLearning\Spring-Security\src\main\java\com\bruis\springsecurity\service\UserService.java,com.bruis.springsecurity.service.UserService,interface,1,3,2,1,2,1,0,0,1,0.0,0.0,0.0,2,0,0,0,0,2,2,0,0,0,0,0,0,0,0,0,0,0,0,4,0,0,0,0,0,0,0,0,0,0,0,0,0,0,10,1,0
c:\Users\arthur.menezes_evolu\Desktop\Pes\JavaSourceCodeLearning\Spring-Boot\src\main\java\com\bruis\learnsb\event\SnowEvent.java,com.bruis.learnsb.event.SnowEvent,class,1,4,3,1,1,2,0,0,0,0.0,NaN,NaN,1,0,1,0,0,0,1,0,0,0,0,0,0,0,0,0,0,0,0,5,1,0,0,0,0,1,0,0,0,0,0,0,0,0,7,1,0
c:\Users\arthur.menezes_evolu\Desktop\Pes\JavaSourceCodeLearning\JdkLearn\src\main\java\com\learnjava\io\bio\BIOServer.java,com.learnjava.io.bio.BIOServer$Anonymous1,anonymous,1,1,0,1,1,1,0,1,0,0.0,NaN,NaN,1,0,1,0,0,0,1,0,0,0,0,0,0,0,0,0,0,0,1,5,0,0,0,0,0,0,0,0,0,0,0,0,0,0,3,-1,0
c:\Users\arthur.menezes_evolu\Desktop\Pes\JavaSourceCodeLearning\JdkLearn\src\main\java\com\learnjava\lambda\LambdaDemo01.java,com.learnjava.lambda.LambdaDemo01,class,2,3,1,2,2,1,0,2,1,0.0,0.0,0.0,2,2,2,0,0,0,2,0,0,0,0,0,0,0,0,0,0,0,1,12,0,0,0,0,0,1,0,1,0,1,0,0,1,0,9,1,0
c:\Users\arthur.menezes_evolu\Desktop\Pes\JavaSourceCodeLearning\rocketmqdemo\src\main\java\com\bruis\rocketmqdemo\demo02\Producer.java,com.bruis.rocketmqdemo.demo02.Producer$Anonymous1,anonymous,1,1,0,1,2,1,0,5,1,0.0,0.0,0.0,2,0,2,0,0,0,2,0,0,0,0,0,0,0,0,0,0,0,0,9,0,0,0,0,0,3,0,0,1,0,0,0,0,0,8,-1,0
c:\Users\arthur.menezes_evolu\Desktop\Pes\JavaSourceCodeLearning\Spring-Netty\src\main\java\com\bruis\learnnetty\im\model\LoginResponsePacket.java,com.bruis.learnnetty.im.model.LoginResponsePacket,class,1,4,3,1,9,2,0,0,28,0.7777778,0.0,0.0,9,0,9,0,0,0,9,0,0,0,4,0,0,4,0,0,0,0,0,33,5,0,0,0,0,0,0,4,0,4,0,0,0,0,27,1,0
c:\Users\arthur.menezes_evolu\Desktop\Pes\JavaSourceCodeLearning\rocketmqdemo\src\main\java\com\bruis\rocketmqdemo\demo01\Consumer.java,com.bruis.rocketmqdemo.demo01.Consumer$Anonymous1,anonymous,3,3,0,3,3,1,0,8,0,0.0,NaN,NaN,1,0,1,0,0,0,1,0,0,0,0,0,0,0,0,0,0,0,0,21,2,0,0,1,0,6,3,6,2,6,2,0,0,0,17,-1,0
c:\Users\arthur.menezes_evolu\Desktop\Pes\JavaSourceCodeLearning\JdkLearn\src\main\java\com\learnjava\proxy\dynamicproxy\DemoInvokerHandler.java,com.learnjava.proxy.dynamicproxy.DemoInvokerHandler,class,3,4,1,3,4,1,0,9,0,0.0,0.0,0.0,4,1,4,0,0,0,4,0,0,0,1,0,0,1,0,0,0,0,2,21,2,0,0,0,0,2,0,5,0,5,0,0,0,0,18,1,0
c:\Users\arthur.menezes_evolu\Desktop\Pes\JavaSourceCodeLearning\Spring-Boot\src\main\java\com\bruis\learnsb\event\Test.java,com.bruis.learnsb.event.Test,class,6,7,1,6,1,1,0,3,0,0.0,NaN,NaN,1,1,1,0,0,0,1,0,0,0,0,0,0,0,0,0,0,0,0,14,0,0,0,0,0,0,0,3,0,3,0,0,0,0,15,1,0
c:\Users\arthur.menezes_evolu\Desktop\Pes\JavaSourceCodeLearning\Spring-Security\src\main\java\com\bruis\springsecurity\utils\security\SecurityUtils.java,com.bruis.springsecurity.utils.security.SecurityUtils,class,7,11,4,7,12,1,0,10,10,0.0,0.0,0.0,5,5,5,0,0,0,5,0,0,0,0,0,0,0,0,0,0,0,3,41,5,0,5,0,2,0,0,11,0,9,2,0,0,0,25,1,0
c:\Users\arthur.menezes_evolu\Desktop\Pes\JavaSourceCodeLearning\Spring-Netty\src\main\java\com\bruis\learnnetty\rpc\server\InitLoadRemoteMethod.java,com.bruis.learnnetty.rpc.server.InitLoadRemoteMethod,class,7,7,0,7,5,1,0,12,1,0.0,0.0,0.0,2,0,2,0,0,0,2,0,0,0,0,0,0,0,0,0,0,0,0,22,1,2,0,0,0,0,1,6,0,6,3,0,0,0,25,1,0
c:\Users\arthur.menezes_evolu\Desktop\Pes\JavaSourceCodeLearning\Spring-Netty\src\main\java\com\bruis\learnnetty\netty\connections\longconnections\ClientHandler.java,com.bruis.learnnetty.netty.connections.longconnections.ClientHandler,class,4,5,1,4,1,2,0,3,0,0.0,NaN,NaN,1,0,1,0,0,0,1,0,0,0,0,0,0,0,0,0,0,0,1,6,0,0,0,0,0,0,0,1,0,1,0,0,0,0,14,1,0
c:\Users\arthur.menezes_evolu\Desktop\Pes\JavaSourceCodeLearning\Spring-Netty\src\main\java\com\bruis\learnnetty\rpc\client\NettyClient.java,com.bruis.learnnetty.rpc.client.NettyClient$Anonymous1,anonymous,5,5,0,5,1,1,0,3,0,0.0,NaN,NaN,1,0,0,0,1,0,1,0,0,0,0,0,0,0,0,0,0,0,1,9,0,0,0,0,0,1,5,0,0,0,0,0,0,0,16,-1,0
c:\Users\arthur.menezes_evolu\Desktop\Pes\JavaSourceCodeLearning\JdkLearn\src\main\java\com\learnjava\concurent\SnowIdUtils.java,com.learnjava.concurent.SnowIdUtils,class,2,4,2,2,2,1,0,3,1,0.0,0.0,0.0,2,2,2,0,0,0,2,0,0,0,0,0,0,0,0,0,0,0,2,52,2,0,0,0,0,1,0,0,0,0,0,0,1,0,7,1,0
c:\Users\arthur.menezes_evolu\Desktop\Pes\JavaSourceCodeLearning\JdkLearn\src\main\java\com\learnjava\io\bio\BIO.java,com.learnjava.io.bio.BIO,class,0,0,0,0,2,1,0,3,0,0.0,NaN,NaN,1,1,1,0,0,0,1,0,0,0,0,0,0,0,0,0,0,0,0,40,0,1,0,0,0,2,1,2,0,2,1,1,0,0,13,1,0
c:\Users\arthur.menezes_evolu\Desktop\Pes\JavaSourceCodeLearning\rocketmqdemo\src\main\java\com\bruis\rocketmqdemo\demo04\ScheduledMessageConsumer.java,com.bruis.rocketmqdemo.demo04.ScheduledMessageConsumer$Anonymous1,anonymous,3,3,0,3,2,1,0,4,0,0.0,NaN,NaN,1,0,1,0,0,0,1,0,0,0,0,0,0,0,0,0,0,0,1,8,1,1,0,0,1,3,0,0,2,0,1,0,0,0,10,-1,0
c:\Users\arthur.menezes_evolu\Desktop\Pes\JavaSourceCodeLearning\Spring-Netty\src\main\java\com\bruis\learnnetty\im\client\handler\JoinGroupResponseHandler.java,com.bruis.learnnetty.im.client.handler.JoinGroupResponseHandler,class,3,4,1,3,2,2,0,4,0,0.0,NaN,NaN,1,0,0,0,1,0,1,0,0,0,0,0,0,0,0,0,0,0,0,10,0,0,0,0,0,4,0,0,2,0,1,0,0,0,12,1,0
c:\Users\arthur.menezes_evolu\Desktop\Pes\JavaSourceCodeLearning\Spring-Netty\src\main\java\com\bruis\learnnetty\im\console\SendToUserConsoleCommand.java,com.bruis.learnnetty.im.console.SendToUserConsoleCommand,class,3,4,1,3,1,1,0,3,0,0.0,NaN,NaN,1,0,1,0,0,0,1,0,0,0,0,0,0,0,0,0,0,0,0,8,0,0,0,0,0,1,0,2,0,2,0,0,0,0,16,1,0
c:\Users\arthur.menezes_evolu\Desktop\Pes\JavaSourceCodeLearning\Spring-Netty\src\main\java\com\bruis\learnnetty\netty\channelpipeline\Server.java,com.bruis.learnnetty.netty.channelpipeline.Server,class,6,6,0,6,1,1,0,10,0,0.0,NaN,NaN,1,1,1,0,0,0,1,0,0,0,0,0,0,0,0,0,0,0,0,23,0,0,0,1,0,2,2,4,0,4,1,1,0,0,15,17,0
c:\Users\arthur.menezes_evolu\Desktop\Pes\JavaSourceCodeLearning\Spring-Netty\src\main\java\com\bruis\learnnetty\im\model\QuitGroupRequestPacket.java,com.bruis.learnnetty.im.model.QuitGroupRequestPacket,class,1,4,3,1,3,2,0,0,1,0.33333334,0.0,0.0,3,0,3,0,0,0,3,0,0,0,1,0,0,1,0,0,0,0,0,12,2,0,0,0,0,0,0,1,0,1,0,0,0,0,22,1,0
c:\Users\arthur.menezes_evolu\Desktop\Pes\JavaSourceCodeLearning\JdkLearn\src\main\java\com\learnjava\optimization\CaffeineDemo.java,com.learnjava.optimization.CaffeineDemo,class,4,6,2,4,10,1,0,8,4,0.6,0.0,0.0,5,5,4,1,0,0,4,0,0,0,2,2,1,1,0,0,0,0,1,52,2,0,0,0,0,0,1,2,0,5,1,0,1,1,25,1,0
c:\Users\arthur.menezes_evolu\Desktop\Pes\JavaSourceCodeLearning\Spring-Netty\src\main\java\com\bruis\learnnetty\netty\heartbeat\SerializeType.java,com.bruis.learnnetty.netty.heartbeat.SerializeType,enum,1,3,2,1,5,1,0,2,0,0.0,0.0,0.0,3,1,2,0,0,1,3,0,0,0,1,0,0,1,0,0,0,0,1,16,3,1,1,0,0,0,1,1,0,1,2,0,0,0,15,1,0
c:\Users\arthur.menezes_evolu\Desktop\Pes\JavaSourceCodeLearning\Spring-Security\src\main\java\com\bruis\springsecurity\utils\security\UserDetailsServiceImpl.java,com.bruis.springsecurity.utils.security.UserDetailsServiceImpl,class,9,9,0,9,2,1,0,7,0,0.0,NaN,NaN,1,0,1,0,0,0,1,0,0,0,1,0,0,1,0,0,0,0,1,12,1,0,1,0,0,1,0,3,0,4,1,0,0,0,20,1,0
c:\Users\arthur.menezes_evolu\Desktop\Pes\JavaSourceCodeLearning\Spring-Netty\src\main\java\com\bruis\learnnetty\netty\channelpipeline\InBoundHandlerC.java,com.bruis.learnnetty.netty.channelpipeline.InBoundHandlerC,class,2,2,0,2,1,2,0,2,0,0.0,NaN,NaN,1,0,1,0,0,0,1,0,0,0,0,0,0,0,0,0,0,0,0,6,0,0,0,0,0,1,0,0,1,0,0,0,0,0,13,1,0
c:\Users\arthur.menezes_evolu\Desktop\Pes\JavaSourceCodeLearning\Spring-Netty\src\main\java\com\bruis\learnnetty\netty\channelpipeline\InBoundHandlerB.java,com.bruis.learnnetty.netty.channelpipeline.InBoundHandlerB,class,2,2,0,2,2,2,0,4,1,0.0,0.0,0.0,2,0,2,0,0,0,2,0,0,0,0,0,0,0,0,0,0,0,0,9,0,0,0,0,0,2,0,0,1,0,0,0,0,0,15,1,0
c:\Users\arthur.menezes_evolu\Desktop\Pes\JavaSourceCodeLearning\JdkLearn\src\main\java\com\learnjava\reference\SoftReferenceTest.java,com.learnjava.reference.SoftReferenceTest,class,1,1,0,1,3,1,0,8,0,0.0,NaN,NaN,1,1,1,0,0,0,1,0,0,0,0,0,0,0,0,0,0,0,2,17,0,2,0,0,0,1,6,6,2,6,1,0,0,0,13,1,0
c:\Users\arthur.menezes_evolu\Desktop\Pes\JavaSourceCodeLearning\rocketmqdemo\src\main\java\com\bruis\rocketmqdemo\demo04\ScheduledMessageConsumer.java,com.bruis.rocketmqdemo.demo04.ScheduledMessageConsumer,class,2,2,0,2,1,1,0,4,0,0.0,NaN,NaN,1,1,1,0,0,0,1,0,0,0,0,0,0,0,0,0,0,0,0,17,0,0,0,0,0,1,0,1,0,1,0,1,0,0,14,1,0
c:\Users\arthur.menezes_evolu\Desktop\Pes\JavaSourceCodeLearning\Spring-Netty\src\main\java\com\bruis\learnnetty\netty\channelpipeline\InBoundHandlerA.java,com.bruis.learnnetty.netty.channelpipeline.InBoundHandlerA,class,2,2,0,2,1,2,0,2,0,0.0,NaN,NaN,1,0,1,0,0,0,1,0,0,0,0,0,0,0,0,0,0,0,0,6,0,0,0,0,0,1,0,0,1,0,0,0,0,0,13,1,0
c:\Users\arthur.menezes_evolu\Desktop\Pes\JavaSourceCodeLearning\JdkLearn\src\test\java\com\learnjava\concurrent\AtomicTest.java,com.learnjava.concurrent.AtomicTest,class,1,1,0,1,1,1,0,5,0,0.0,NaN,NaN,1,0,1,0,0,0,1,0,0,0,0,0,0,0,0,0,0,0,0,10,0,0,0,0,0,0,3,2,0,2,0,0,0,0,11,1,0
c:\Users\arthur.menezes_evolu\Desktop\Pes\JavaSourceCodeLearning\JdkLearn\src\main\java\com\learnjava\lambda\LambdaDemo01.java,com.learnjava.lambda.LambdaDemo01$Printer,interface,0,0,0,0,1,1,0,0,0,0.0,NaN,NaN,1,0,0,0,0,1,1,0,0,0,0,0,0,0,0,0,0,0,0,3,0,0,0,0,0,0,0,0,0,0,0,0,0,0,3,0,0
c:\Users\arthur.menezes_evolu\Desktop\Pes\JavaSourceCodeLearning\Spring-Netty\src\main\java\com\bruis\learnnetty\im\model\ListGroupMembersResponsePacket.java,com.bruis.learnnetty.im.model.ListGroupMembersResponsePacket,class,2,5,3,2,5,2,0,0,6,0.6,0.0,0.0,5,0,5,0,0,0,5,0,0,0,2,0,0,2,0,0,0,0,0,19,3,0,0,0,0,0,0,2,0,2,0,0,0,0,28,1,0
c:\Users\arthur.menezes_evolu\Desktop\Pes\JavaSourceCodeLearning\Spring-Netty\src\main\java\com\bruis\learnnetty\netty\channelpipeline\OutBoundHandlerC.java,com.bruis.learnnetty.netty.channelpipeline.OutBoundHandlerC,class,3,4,1,3,1,2,0,2,0,0.0,NaN,NaN,1,0,1,0,0,0,1,0,0,0,0,0,0,0,0,0,0,0,0,6,0,0,0,0,0,1,0,0,1,0,0,0,0,0,14,1,0
c:\Users\arthur.menezes_evolu\Desktop\Pes\JavaSourceCodeLearning\Spring-Netty\src\main\java\com\bruis\learnnetty\im\server\NettyServer.java,com.bruis.learnnetty.im.server.NettyServer,class,6,7,1,6,3,1,0,10,1,0.5,NaN,NaN,2,2,1,1,0,0,1,0,0,0,1,1,0,1,0,0,1,0,1,30,0,0,0,0,0,4,2,4,2,5,2,1,0,1,21,1,0
c:\Users\arthur.menezes_evolu\Desktop\Pes\JavaSourceCodeLearning\Spring-Netty\src\main\java\com\bruis\learnnetty\netty\channelpipeline\OutBoundHandlerB.java,com.bruis.learnnetty.netty.channelpipeline.OutBoundHandlerB,class,3,4,1,3,2,2,0,5,1,0.0,0.0,0.0,2,0,2,0,0,0,2,0,0,0,0,0,0,0,0,0,0,0,0,13,0,0,0,0,0,3,1,0,1,0,1,0,0,1,18,1,0
c:\Users\arthur.menezes_evolu\Desktop\Pes\JavaSourceCodeLearning\Spring-Netty\src\main\java\com\bruis\learnnetty\netty\heartbeat\NettyEncoder.java,com.bruis.learnnetty.netty.heartbeat.NettyEncoder$Anonymous1,anonymous,1,1,0,1,1,1,0,0,0,0.0,NaN,NaN,1,0,1,0,0,0,1,0,0,0,0,0,0,0,0,0,0,0,0,4,0,0,0,0,0,0,0,0,0,0,0,0,0,0,6,-1,0
c:\Users\arthur.menezes_evolu\Desktop\Pes\JavaSourceCodeLearning\Spring-Netty\src\main\java\com\bruis\learnnetty\netty\channelpipeline\OutBoundHandlerA.java,com.bruis.learnnetty.netty.channelpipeline.OutBoundHandlerA,class,3,4,1,3,1,2,0,2,0,0.0,NaN,NaN,1,0,1,0,0,0,1,0,0,0,0,0,0,0,0,0,0,0,0,6,0,0,0,0,0,1,0,0,1,0,0,0,0,0,14,1,0
c:\Users\arthur.menezes_evolu\Desktop\Pes\JavaSourceCodeLearning\JdkLearn\src\main\java\com\learnjava\java8\LambdaTest2.java,com.learnjava.java8.LambdaTest2,class,1,2,1,1,4,1,0,4,1,0.0,0.0,0.0,2,2,2,0,0,0,2,0,0,0,0,0,0,0,0,0,0,0,2,13,0,1,0,0,0,1,9,1,1,2,2,0,0,1,10,1,0
c:\Users\arthur.menezes_evolu\Desktop\Pes\JavaSourceCodeLearning\JdkLearn\src\main\java\com\learnjava\java8\LambdaTest3.java,com.learnjava.java8.LambdaTest3,class,0,0,0,0,1,1,0,8,0,0.0,NaN,NaN,1,1,1,0,0,0,1,0,0,0,0,0,0,0,0,0,0,0,1,7,0,0,0,0,0,9,0,1,0,4,0,0,0,3,6,1,0
c:\Users\arthur.menezes_evolu\Desktop\Pes\JavaSourceCodeLearning\Spring-Netty\src\main\java\com\bruis\learnnetty\im\util\SessionUtil.java,com.bruis.learnnetty.im.util.SessionUtil,class,4,18,14,4,8,1,0,10,13,0.6428572,0.0,0.0,7,7,7,0,0,0,7,0,0,0,2,2,0,2,0,0,2,0,2,31,4,0,0,0,0,1,0,3,1,3,1,0,0,0,18,1,0
c:\Users\arthur.menezes_evolu\Desktop\Pes\JavaSourceCodeLearning\JdkLearn\src\main\java\com\learnjava\collection\LRUCache.java,com.learnjava.collection.LRUCache,class,4,5,1,4,9,1,0,13,3,0.5833333,0.0,0.0,6,1,6,0,0,0,6,0,0,0,2,0,0,2,0,0,0,0,0,46,3,1,0,0,0,8,1,6,0,6,1,1,0,0,21,1,0
c:\Users\arthur.menezes_evolu\Desktop\Pes\JavaSourceCodeLearning\Spring\src\main\java\com\bruis\learnspring\LearnspringApplication.java,com.bruis.learnspring.LearnspringApplication,class,2,3,1,2,1,1,0,1,0,0.0,NaN,NaN,1,1,1,0,0,0,1,0,0,0,0,0,0,0,0,0,0,0,0,5,0,0,0,0,0,0,0,0,0,0,0,0,0,0,4,1,0
c:\Users\arthur.menezes_evolu\Desktop\Pes\JavaSourceCodeLearning\Spring-Boot\src\main\java\com\bruis\learnsb\aware\Flag.java,com.bruis.learnsb.aware.Flag,class,1,4,3,1,2,1,0,0,0,0.0,0.0,0.0,2,0,2,0,0,0,2,0,0,0,1,0,0,1,0,0,0,0,0,9,1,0,0,0,0,0,0,2,0,1,0,0,0,0,10,1,0
c:\Users\arthur.menezes_evolu\Desktop\Pes\JavaSourceCodeLearning\JdkLearn\src\main\java\com\learnjava\optimization\CaffeineDemo.java,com.learnjava.optimization.CaffeineDemo$ProductVo,innerclass,0,0,0,0,5,1,0,0,6,0.6,0.0,0.0,5,0,5,0,0,0,5,0,0,0,2,0,0,2,0,0,0,0,0,18,2,0,0,0,0,0,0,2,0,2,0,0,0,0,10,9,0
c:\Users\arthur.menezes_evolu\Desktop\Pes\JavaSourceCodeLearning\Spring-Netty\src\main\java\com\bruis\learnnetty\im\codec\PacketCodecHandler.java,com.bruis.learnnetty.im.codec.PacketCodecHandler,class,7,8,1,7,3,2,0,6,1,0.33333334,0.0,0.0,3,0,0,1,2,0,2,0,0,0,1,1,1,0,0,0,1,0,0,13,0,0,0,0,0,0,0,2,0,2,0,0,0,0,21,1,0
c:\Users\arthur.menezes_evolu\Desktop\Pes\JavaSourceCodeLearning\Spring-Boot\src\main\java\com\bruis\learnsb\bean\MyPerson.java,com.bruis.learnsb.bean.MyPerson,class,3,3,0,3,2,1,0,0,1,0.0,0.0,0.0,2,0,2,0,0,0,2,0,0,0,0,0,0,0,0,0,0,0,0,8,2,0,0,0,0,0,0,0,0,0,0,0,0,0,9,1,0
c:\Users\arthur.menezes_evolu\Desktop\Pes\JavaSourceCodeLearning\Spring-Boot\src\main\java\com\bruis\learnsb\bean\Person.java,com.bruis.learnsb.bean.Person,class,0,4,4,0,6,1,1,0,9,0.6666667,0.0,0.0,6,0,6,0,0,0,6,0,0,0,3,0,0,3,0,0,0,0,0,23,3,0,0,0,0,0,0,3,0,3,0,0,0,0,12,1,0
c:\Users\arthur.menezes_evolu\Desktop\Pes\JavaSourceCodeLearning\Spring-Security\src\main\java\com\bruis\springsecurity\utils\security\GrantedAuthorityImpl.java,com.bruis.springsecurity.utils.security.GrantedAuthorityImpl,class,1,2,1,1,3,1,0,0,0,0.5,0.0,0.0,3,0,3,0,0,0,3,0,0,0,2,1,0,2,0,0,1,0,0,13,1,0,0,0,0,0,1,3,0,2,0,0,0,0,16,1,0
c:\Users\arthur.menezes_evolu\Desktop\Pes\JavaSourceCodeLearning\Spring-Netty\src\main\java\com\bruis\learnnetty\im\server\handler\GroupMessageRequestHandler.java,com.bruis.learnnetty.im.server.handler.GroupMessageRequestHandler,class,8,9,1,8,2,2,0,9,1,1.0,0.0,0.0,2,0,1,0,1,0,2,0,0,0,1,1,1,0,0,0,1,0,2,14,0,0,0,0,0,0,0,4,0,4,0,0,0,0,23,1,0
c:\Users\arthur.menezes_evolu\Desktop\Pes\JavaSourceCodeLearning\Spring-Netty\src\main\java\com\bruis\learnnetty\im\codec\Spliter.java,com.bruis.learnnetty.im.codec.Spliter,class,3,5,2,3,3,2,0,5,1,0.5,0.0,0.0,2,0,1,0,1,0,2,0,0,0,2,2,0,2,0,0,2,0,0,14,2,0,1,0,0,0,2,2,0,2,1,0,0,0,29,1,0
c:\Users\arthur.menezes_evolu\Desktop\Pes\JavaSourceCodeLearning\Spring-Netty\src\main\java\com\bruis\learnnetty\im\model\CreateGroupResponsePacket.java,com.bruis.learnnetty.im.model.CreateGroupResponsePacket,class,1,4,3,1,7,2,0,0,15,0.7142857,0.0,0.0,7,0,7,0,0,0,7,0,0,0,3,0,0,3,0,0,0,0,0,26,4,0,0,0,0,0,0,3,0,3,0,0,0,0,30,1,0
c:\Users\arthur.menezes_evolu\Desktop\Pes\JavaSourceCodeLearning\JdkLearn\src\main\java\com\learnjava\lambda\LambdaDemoForList.java,com.learnjava.lambda.LambdaDemoForList,class,1,2,1,1,5,1,0,15,4,0.625,0.0,0.0,4,4,4,0,0,0,4,0,0,0,2,2,2,0,0,0,0,0,11,31,0,1,0,0,0,15,2,8,0,9,1,0,1,1,24,1,0
c:\Users\arthur.menezes_evolu\Desktop\Pes\JavaSourceCodeLearning\Spring-AOP\src\main\java\com\bruis\learnaop\testjdkproxy\ProxyTest.java,com.bruis.learnaop.testjdkproxy.ProxyTest,class,3,3,0,3,1,1,0,2,0,0.0,NaN,NaN,1,1,1,0,0,0,1,0,0,0,0,0,0,0,0,0,0,0,0,8,0,0,0,0,0,0,0,3,0,3,0,0,0,0,13,1,0
c:\Users\arthur.menezes_evolu\Desktop\Pes\JavaSourceCodeLearning\Spring-Netty\src\main\java\com\bruis\learnnetty\im\client\handler\ListGroupMembersResponseHandler.java,com.bruis.learnnetty.im.client.handler.ListGroupMembersResponseHandler,class,3,4,1,3,1,2,0,3,0,0.0,NaN,NaN,1,0,0,0,1,0,1,0,0,0,0,0,0,0,0,0,0,0,0,5,0,0,0,0,0,2,0,0,1,0,0,0,0,0,12,1,0
c:\Users\arthur.menezes_evolu\Desktop\Pes\JavaSourceCodeLearning\rocketmqdemo\src\main\java\com\bruis\rocketmqdemo\demo01\Producer.java,com.bruis.rocketmqdemo.demo01.Producer,class,3,3,0,3,2,1,0,6,0,0.0,NaN,NaN,1,1,1,0,0,0,1,0,0,0,3,3,3,0,0,0,3,0,0,16,0,1,0,0,1,7,2,7,2,7,1,0,0,0,32,1,0
c:\Users\arthur.menezes_evolu\Desktop\Pes\JavaSourceCodeLearning\JdkLearn\src\main\java\com\learnjava\optimization\BeanCopierDemo.java,com.learnjava.optimization.BeanCopierDemo$PersonVo,innerclass,0,0,0,0,11,1,0,0,25,0.72727275,0.0,0.0,11,0,11,0,0,0,11,0,0,0,5,0,0,5,0,0,0,0,0,40,6,0,0,0,0,6,0,5,2,5,0,0,0,0,17,9,0
c:\Users\arthur.menezes_evolu\Desktop\Pes\JavaSourceCodeLearning\JdkLearn\src\main\java\com\learnjava\java8\LambdaTest.java,com.learnjava.java8.LambdaTest$MathOperation,interface,0,0,0,0,1,1,0,0,0,0.0,NaN,NaN,1,0,0,0,0,1,1,0,0,0,0,0,0,0,0,0,0,0,0,3,0,0,0,0,0,0,0,0,0,0,0,0,0,0,4,0,0
c:\Users\arthur.menezes_evolu\Desktop\Pes\JavaSourceCodeLearning\Spring-Netty\src\main\java\com\bruis\learnnetty\rpc\server\NettyServer.java,com.bruis.learnnetty.rpc.server.NettyServer$Anonymous1,anonymous,6,6,0,6,1,1,0,2,0,0.0,NaN,NaN,1,0,0,0,1,0,1,0,0,0,0,0,0,0,0,0,0,0,0,5,0,0,0,0,0,0,5,0,0,0,0,0,0,0,15,-1,0
c:\Users\arthur.menezes_evolu\Desktop\Pes\JavaSourceCodeLearning\Spring-Netty\src\main\java\com\bruis\learnnetty\im\codec\PacketDecoder.java,com.bruis.learnnetty.im.codec.PacketDecoder,class,4,5,1,4,1,2,0,2,0,0.0,NaN,NaN,1,0,0,0,1,0,1,0,0,0,0,0,0,0,0,0,0,0,0,5,0,0,0,0,0,0,0,0,0,0,0,0,0,0,14,1,0
c:\Users\arthur.menezes_evolu\Desktop\Pes\JavaSourceCodeLearning\Spring-Boot\src\main\java\com\bruis\learnsb\listener\FirstListener.java,com.bruis.learnsb.listener.FirstListener,class,3,3,0,3,1,1,0,1,0,0.0,NaN,NaN,1,0,1,0,0,0,1,0,0,0,0,0,0,0,0,0,0,0,0,5,0,0,0,0,0,1,1,0,0,0,0,0,0,0,10,1,0
c:\Users\arthur.menezes_evolu\Desktop\Pes\JavaSourceCodeLearning\JdkLearn\src\main\java\com\learnjava\io\netty\bio\Server.java,com.learnjava.io.netty.bio.Server,class,1,3,2,1,6,1,0,4,1,0.33333334,0.0,0.0,3,0,3,0,0,0,3,0,0,0,1,0,0,1,0,0,0,0,0,31,0,1,0,2,0,3,0,2,0,2,2,1,0,0,21,1,0
c:\Users\arthur.menezes_evolu\Desktop\Pes\JavaSourceCodeLearning\Spring-Boot\src\main\java\com\bruis\learnsb\event\WeatherListener.java,com.bruis.learnsb.event.WeatherListener,interface,1,5,4,1,1,1,0,0,0,0.0,NaN,NaN,1,0,0,0,0,1,1,0,0,0,0,0,0,0,0,0,0,0,0,3,0,0,0,0,0,0,0,0,0,0,0,0,0,0,8,1,0
c:\Users\arthur.menezes_evolu\Desktop\Pes\JavaSourceCodeLearning\Spring-Netty\src\main\java\com\bruis\learnnetty\thread\reentranlock\FutureMain.java,com.bruis.learnnetty.thread.reentranlock.FutureMain,class,3,4,1,3,6,1,0,12,4,0.5,NaN,NaN,4,4,1,3,0,0,1,0,0,0,1,1,0,1,0,0,0,0,4,29,0,2,0,0,0,3,2,6,2,6,1,0,0,0,20,1,0
c:\Users\arthur.menezes_evolu\Desktop\Pes\JavaSourceCodeLearning\Spring-Security\src\main\java\com\bruis\springsecurity\dto\User.java,com.bruis.springsecurity.dto.User,class,0,3,3,0,6,1,0,0,9,0.6666667,0.0,0.0,6,0,6,0,0,0,6,0,0,0,3,0,0,3,0,0,0,0,0,23,3,0,0,0,0,0,0,3,0,3,0,0,0,0,13,1,0
c:\Users\arthur.menezes_evolu\Desktop\Pes\JavaSourceCodeLearning\Spring-Netty\src\main\java\com\bruis\learnnetty\netty\connections\longconnections\NettyClient.java,com.bruis.learnnetty.netty.connections.longconnections.NettyClient,class,9,10,1,9,9,1,0,20,3,0.8888889,0.0,0.0,3,2,3,0,0,0,4,0,0,0,3,3,3,0,0,0,0,0,3,61,1,1,0,2,0,6,3,13,0,10,1,1,0,0,37,1,0
c:\Users\arthur.menezes_evolu\Desktop\Pes\JavaSourceCodeLearning\Spring-Netty\src\main\java\com\bruis\learnnetty\netty\heartbeat\NettyEncoder.java,com.bruis.learnnetty.netty.heartbeat.NettyEncoder,class,7,9,2,7,3,2,0,7,0,0.0,NaN,NaN,1,0,0,0,1,0,1,0,0,0,0,0,0,0,0,0,0,0,0,20,0,0,1,1,0,0,0,2,0,2,2,1,0,0,20,1,0
c:\Users\arthur.menezes_evolu\Desktop\Pes\JavaSourceCodeLearning\Spring-Netty\src\main\java\com\bruis\learnnetty\rpc\server\NettyApplicationListener.java,com.bruis.learnnetty.rpc.server.NettyApplicationListener,class,3,3,0,3,1,1,0,1,0,0.0,NaN,NaN,1,0,1,0,0,0,1,0,0,0,0,0,0,0,0,0,0,0,0,10,0,0,0,0,0,0,0,0,0,0,0,1,0,0,10,1,0
c:\Users\arthur.menezes_evolu\Desktop\Pes\JavaSourceCodeLearning\Spring-Netty\src\main\java\com\bruis\learnnetty\im\client\handler\QuitGroupResponseHandler.java,com.bruis.learnnetty.im.client.handler.QuitGroupResponseHandler,class,3,4,1,3,2,2,0,3,0,0.0,NaN,NaN,1,0,0,0,1,0,1,0,0,0,0,0,0,0,0,0,0,0,0,10,0,0,0,0,0,4,0,0,2,0,1,0,0,0,12,1,0
c:\Users\arthur.menezes_evolu\Desktop\Pes\JavaSourceCodeLearning\Spring-AOP\src\main\java\com\bruis\learnaop\testcglibaop\EnhancerDemo.java,com.bruis.learnaop.testcglibaop.EnhancerDemo$MethodInterceptorImpl,innerclass,2,2,0,2,1,1,0,2,0,0.0,NaN,NaN,1,0,1,0,0,0,1,0,0,0,0,0,0,0,0,0,0,0,0,8,1,0,0,0,0,2,0,1,2,1,0,0,0,0,10,10,0
c:\Users\arthur.menezes_evolu\Desktop\Pes\JavaSourceCodeLearning\Spring-Netty\src\main\java\com\bruis\learnnetty\netty\heartbeat\ServerTest.java,com.bruis.learnnetty.netty.heartbeat.ServerTest,class,7,7,0,7,1,2,0,9,0,0.0,NaN,NaN,1,1,1,0,0,0,1,0,0,0,0,0,0,0,0,0,0,0,0,26,0,0,0,0,0,0,5,4,0,4,0,1,1,0,18,1,0
c:\Users\arthur.menezes_evolu\Desktop\Pes\JavaSourceCodeLearning\Spring-Boot\src\main\java\com\bruis\learnsb\event\WeatherEvent.java,com.bruis.learnsb.event.WeatherEvent,class,0,7,7,0,1,1,2,0,0,0.0,NaN,NaN,1,0,1,0,0,0,1,1,0,0,0,0,0,0,0,0,0,0,0,3,0,0,0,0,0,0,0,0,0,0,0,0,0,0,6,1025,0
c:\Users\arthur.menezes_evolu\Desktop\Pes\JavaSourceCodeLearning\Spring-Netty\src\main\java\com\bruis\learnnetty\im\model\MessageRequestPacket.java,com.bruis.learnnetty.im.model.MessageRequestPacket,class,1,4,3,1,7,2,0,0,9,0.5714286,0.0,0.0,7,0,7,0,0,0,7,0,0,0,2,0,0,2,0,0,0,0,0,25,3,0,0,0,0,0,0,4,0,2,0,0,0,0,23,1,0
c:\Users\arthur.menezes_evolu\Desktop\Pes\JavaSourceCodeLearning\Spring-Netty\src\main\java\com\bruis\learnnetty\im\server\handler\JoinGroupRequestHandler.java,com.bruis.learnnetty.im.server.handler.JoinGroupRequestHandler,class,8,9,1,8,3,2,0,8,1,1.0,0.0,0.0,2,0,0,0,2,0,2,0,0,0,1,1,1,0,0,0,1,0,1,20,0,0,1,0,0,1,0,4,0,4,1,0,0,0,26,1,0
c:\Users\arthur.menezes_evolu\Desktop\Pes\JavaSourceCodeLearning\Spring-Netty\src\main\java\com\bruis\learnnetty\thread\synchronize\Response.java,com.bruis.learnnetty.thread.synchronize.Response,class,0,5,5,0,4,1,0,0,2,0.5,0.0,0.0,4,0,4,0,0,0,4,0,0,0,2,0,0,2,0,0,0,0,0,16,2,0,0,0,0,0,0,2,0,2,0,0,0,0,9,1,0
c:\Users\arthur.menezes_evolu\Desktop\Pes\JavaSourceCodeLearning\Spring-Netty\src\main\java\com\bruis\learnnetty\netty\connections\shortconnections\NettyServer.java,com.bruis.learnnetty.netty.connections.shortconnections.NettyServer$Anonymous1,anonymous,6,6,0,6,1,1,0,2,0,0.0,NaN,NaN,1,0,0,0,1,0,1,0,0,0,0,0,0,0,0,0,0,0,0,5,0,0,0,0,0,0,5,0,0,0,0,0,0,0,15,-1,0
c:\Users\arthur.menezes_evolu\Desktop\Pes\JavaSourceCodeLearning\Spring-Netty\src\main\java\com\bruis\learnnetty\rpc\utils\Mediator.java,com.bruis.learnnetty.rpc.utils.Mediator,class,3,4,1,3,6,1,0,18,0,0.0,0.0,0.0,1,1,1,0,0,0,2,0,0,0,1,1,1,0,0,0,0,0,0,53,1,0,1,1,0,0,1,14,0,11,3,0,1,0,25,1,0
c:\Users\arthur.menezes_evolu\Desktop\Pes\JavaSourceCodeLearning\Spring-Netty\src\main\java\com\bruis\learnnetty\netty\connections\shortconnections\NettyClient.java,com.bruis.learnnetty.netty.connections.shortconnections.NettyClient,class,11,11,0,11,3,1,0,15,0,0.0,0.0,0.0,1,1,1,0,0,0,2,0,0,0,2,2,2,0,0,0,0,0,0,35,0,0,0,1,0,2,2,10,0,8,1,1,0,0,27,1,0
c:\Users\arthur.menezes_evolu\Desktop\Pes\JavaSourceCodeLearning\Spring-Netty\src\main\java\com\bruis\learnnetty\netty\connections\shortconnections\ClientHandler.java,com.bruis.learnnetty.netty.connections.shortconnections.ClientHandler,class,4,5,1,4,3,2,0,3,0,0.0,0.0,0.0,3,0,3,0,0,0,3,0,0,0,1,0,0,1,0,0,0,0,0,13,1,0,0,0,0,0,0,2,0,2,0,0,0,0,18,1,0
c:\Users\arthur.menezes_evolu\Desktop\Pes\JavaSourceCodeLearning\Spring-Security\src\test\java\com\bruis\springsecurity\SpringsecurityApplicationTests.java,com.bruis.springsecurity.SpringsecurityApplicationTests,class,0,0,0,0,0,1,0,0,0,0.0,-1.0,-1.0,0,0,0,0,0,0,0,0,0,0,0,0,0,0,0,0,0,0,0,2,0,0,0,0,0,0,0,0,0,0,0,0,0,0,3,0,0
c:\Users\arthur.menezes_evolu\Desktop\Pes\JavaSourceCodeLearning\JdkLearn\src\main\java\com\learnjava\optimization\BeanCopierDemo.java,com.learnjava.optimization.BeanCopierDemo,class,3,4,1,3,1,1,0,3,0,0.0,NaN,NaN,1,1,1,0,0,0,1,0,0,0,1,1,0,1,0,0,1,0,0,93,0,0,0,0,0,2,3,3,0,3,0,0,2,0,20,1,0
c:\Users\arthur.menezes_evolu\Desktop\Pes\JavaSourceCodeLearning\Spring-Netty\src\main\java\com\bruis\learnnetty\im\serialize\Serializer.java,com.bruis.learnnetty.im.serialize.Serializer,interface,4,7,3,4,3,1,0,0,3,1.0,0.0,0.0,3,0,0,0,0,3,3,0,0,0,1,0,0,0,0,1,0,0,0,6,0,0,0,0,0,0,0,1,0,1,0,0,0,0,21,1,0
c:\Users\arthur.menezes_evolu\Desktop\Pes\JavaSourceCodeLearning\Spring-Netty\src\main\java\com\bruis\learnnetty\im\session\Session.java,com.bruis.learnnetty.im.session.Session,class,0,9,9,0,6,1,0,0,0,0.33333334,0.0,0.0,6,0,6,0,0,0,6,0,0,0,2,0,0,2,0,0,0,0,0,23,3,0,0,0,0,1,0,4,1,2,0,0,0,0,10,1,0
c:\Users\arthur.menezes_evolu\Desktop\Pes\JavaSourceCodeLearning\Spring-Netty\src\main\java\com\bruis\learnnetty\netty\fastthreadlocal\ThreadLocalTest.java,com.bruis.learnnetty.netty.fastthreadlocal.ThreadLocalTest,class,0,0,0,0,3,1,0,6,0,0.5,NaN,NaN,1,1,1,0,0,0,1,0,0,0,2,2,0,2,0,0,0,0,1,28,0,0,1,1,0,6,1,5,5,5,2,0,0,1,15,1,0
c:\Users\arthur.menezes_evolu\Desktop\Pes\JavaSourceCodeLearning\JdkLearn\src\main\java\com\learnjava\lambda\LambdaMapDemo.java,com.learnjava.lambda.LambdaMapDemo$Anonymous1,anonymous,0,0,0,0,1,1,0,1,0,0.0,NaN,NaN,0,0,0,0,0,0,1,0,0,0,0,0,0,0,0,0,0,0,0,5,0,0,0,0,0,0,1,0,0,0,0,0,0,0,1,-1,0
c:\Users\arthur.menezes_evolu\Desktop\Pes\JavaSourceCodeLearning\Spring-Netty\src\main\java\com\bruis\learnnetty\im\client\NettyClient.java,com.bruis.learnnetty.im.client.NettyClient,class,11,12,1,11,7,1,0,17,1,0.5555556,NaN,NaN,3,3,1,2,0,0,1,0,0,0,3,3,0,3,0,0,3,0,3,61,0,1,1,0,2,5,7,11,6,12,3,1,0,3,43,1,0
c:\Users\arthur.menezes_evolu\Desktop\Pes\JavaSourceCodeLearning\Spring-Netty\src\main\java\com\bruis\learnnetty\im\codec\PacketEncoder.java,com.bruis.learnnetty.im.codec.PacketEncoder,class,5,6,1,5,1,2,0,1,0,0.0,NaN,NaN,1,0,0,0,1,0,1,0,0,0,0,0,0,0,0,0,0,0,0,5,0,0,0,0,0,0,0,0,0,0,0,0,0,0,11,1,0
c:\Users\arthur.menezes_evolu\Desktop\Pes\JavaSourceCodeLearning\Spring-Boot\src\main\java\com\bruis\learnsb\bean\MyRegistryBean.java,com.bruis.learnsb.bean.MyRegistryBean,class,1,3,2,1,6,2,0,3,15,0.0,0.0,0.0,6,0,6,0,0,0,6,0,0,0,0,0,0,0,0,0,0,0,0,20,3,0,0,0,0,2,1,0,0,0,0,0,0,0,15,1,0
c:\Users\arthur.menezes_evolu\Desktop\Pes\JavaSourceCodeLearning\Spring-Netty\src\main\java\com\bruis\learnnetty\netty\quickstart\Server.java,com.bruis.learnnetty.netty.quickstart.Server,class,6,6,0,6,1,1,0,10,0,0.0,NaN,NaN,1,1,1,0,0,0,1,0,0,0,0,0,0,0,0,0,0,0,0,22,0,0,0,1,0,1,3,4,0,4,1,1,0,0,19,1,0
c:\Users\arthur.menezes_evolu\Desktop\Pes\JavaSourceCodeLearning\Spring-Boot\src\main\java\com\bruis\learnsb\event\AbstractEventMulticaster.java,com.bruis.learnsb.event.AbstractEventMulticaster,class,6,10,4,6,5,1,1,6,4,0.4,0.0,0.0,5,0,3,0,0,2,5,2,0,0,1,0,0,1,0,0,0,0,0,16,0,0,0,0,0,0,0,0,0,2,0,0,0,1,19,1025,0
c:\Users\arthur.menezes_evolu\Desktop\Pes\JavaSourceCodeLearning\Spring-Netty\src\main\java\com\bruis\learnnetty\netty\heartbeat\NettyDecoder.java,com.bruis.learnnetty.netty.heartbeat.NettyDecoder,class,4,6,2,4,5,2,0,5,1,0.0,0.0,0.0,2,0,1,0,1,0,2,0,0,0,0,0,0,0,0,0,0,0,1,25,3,0,2,1,0,0,5,3,0,2,2,0,0,0,21,1,0
c:\Users\arthur.menezes_evolu\Desktop\Pes\JavaSourceCodeLearning\Spring-AOP\src\main\java\com\bruis\learnaop\testjdkproxy\UserService.java,com.bruis.learnaop.testjdkproxy.UserService,interface,0,2,2,0,1,1,0,0,0,0.0,NaN,NaN,1,0,1,0,0,0,1,1,0,0,0,0,0,0,0,0,0,0,0,3,0,0,0,0,0,0,0,0,0,0,0,0,0,0,3,1,0
c:\Users\arthur.menezes_evolu\Desktop\Pes\JavaSourceCodeLearning\Spring-Netty\src\main\java\com\bruis\learnnetty\rpc\server\ServerHandler.java,com.bruis.learnnetty.rpc.server.ServerHandler,class,6,7,1,6,1,2,0,6,0,0.0,NaN,NaN,1,0,1,0,0,0,1,0,0,0,0,0,0,0,0,0,0,0,1,7,0,0,0,0,0,0,0,2,0,2,0,0,0,0,18,1,0
c:\Users\arthur.menezes_evolu\Desktop\Pes\JavaSourceCodeLearning\Spring-Security\src\main\java\com\bruis\springsecurity\config\CorsConfig.java,com.bruis.springsecurity.config.CorsConfig,class,3,3,0,3,1,1,0,6,0,0.0,NaN,NaN,1,0,1,0,0,0,1,0,0,0,0,0,0,0,0,0,0,0,0,5,0,0,0,0,0,8,1,0,0,0,0,0,0,0,13,1,0
c:\Users\arthur.menezes_evolu\Desktop\Pes\JavaSourceCodeLearning\Spring-Netty\src\main\java\com\bruis\learnnetty\im\server\handler\LoginRequestHandler.java,com.bruis.learnnetty.im.server.handler.LoginRequestHandler,class,12,13,1,12,6,2,0,19,6,1.0,0.0,0.0,4,0,1,1,2,0,3,0,0,0,1,1,1,0,0,0,1,0,3,35,1,0,1,0,0,4,0,4,2,5,2,0,0,1,33,1,0
c:\Users\arthur.menezes_evolu\Desktop\Pes\JavaSourceCodeLearning\Spring-Boot\src\main\java\com\bruis\learnsb\LearnsbApplication.java,com.bruis.learnsb.LearnsbApplication,class,3,4,1,3,1,1,0,3,0,0.0,NaN,NaN,1,1,1,0,0,0,1,0,0,0,0,0,0,0,0,0,0,0,0,9,0,0,0,0,0,2,0,2,0,2,0,0,0,0,9,1,0
c:\Users\arthur.menezes_evolu\Desktop\Pes\JavaSourceCodeLearning\Spring-Netty\src\main\java\com\bruis\learnnetty\thread\synchronize\RequestFuture.java,com.bruis.learnnetty.thread.synchronize.RequestFuture,class,2,7,5,2,14,1,0,10,31,0.76363635,0.0,0.0,11,2,11,0,0,0,11,0,0,0,5,1,1,4,0,0,0,0,1,56,5,1,2,1,0,1,1,7,0,6,3,0,0,0,22,1,0
c:\Users\arthur.menezes_evolu\Desktop\Pes\JavaSourceCodeLearning\Spring-Netty\src\main\java\com\bruis\learnnetty\bio\ClientHandler.java,com.bruis.learnnetty.bio.ClientHandler,class,1,3,2,1,6,1,0,5,1,0.5,0.0,0.0,3,0,2,1,0,0,2,0,0,0,2,1,1,1,0,0,2,0,0,32,0,2,1,1,1,2,3,6,1,6,3,1,0,0,32,1,0
c:\Users\arthur.menezes_evolu\Desktop\Pes\JavaSourceCodeLearning\Spring-Boot\src\main\java\com\bruis\learnsb\initializer\FirstInitializer.java,com.bruis.learnsb.initializer.FirstInitializer,class,5,5,0,5,1,1,0,5,0,0.0,NaN,NaN,1,0,1,0,0,0,1,0,0,0,0,0,0,0,0,0,0,0,0,10,0,0,0,0,0,4,1,3,0,3,0,0,0,0,13,1,0
c:\Users\arthur.menezes_evolu\Desktop\Pes\JavaSourceCodeLearning\Spring-Security\src\main\java\com\bruis\springsecurity\service\SysUserServiceImpl.java,com.bruis.springsecurity.service.SysUserServiceImpl,class,4,4,0,4,2,1,0,5,1,0.0,0.0,0.0,2,0,2,0,0,0,2,0,0,0,0,0,0,0,0,0,0,0,0,18,2,0,0,0,0,5,1,3,0,3,0,0,0,0,21,1,0
c:\Users\arthur.menezes_evolu\Desktop\Pes\JavaSourceCodeLearning\JdkLearn\src\main\java\com\learnjava\concurent\ForkJoinDemo.java,com.learnjava.concurent.ForkJoinDemo$MaxNumber,innerclass,2,2,0,2,4,3,0,3,0,0.125,0.0,0.0,2,0,1,0,1,0,2,0,0,0,4,0,0,4,0,0,0,0,2,30,1,1,0,0,2,0,5,15,5,11,2,0,0,0,24,10,0
c:\Users\arthur.menezes_evolu\Desktop\Pes\JavaSourceCodeLearning\JdkLearn\src\test\java\com\learnjava\concurrent\TwinsLockTeset.java,com.learnjava.concurrent.TwinsLockTeset$1Worker,innerclass,0,0,0,0,3,2,0,7,0,0.0,NaN,NaN,1,0,1,0,0,0,1,0,0,0,0,0,0,0,0,0,0,0,3,18,0,1,0,1,0,0,2,0,0,0,2,0,0,0,6,0,0
c:\Users\arthur.menezes_evolu\Desktop\Pes\JavaSourceCodeLearning\Spring-Netty\src\main\java\com\bruis\learnnetty\im\server\handler\CreateGroupRequestHandler.java,com.bruis.learnnetty.im.server.handler.CreateGroupRequestHandler,class,11,12,1,11,4,2,0,17,1,1.0,0.0,0.0,2,0,0,0,2,0,2,0,0,0,1,1,1,0,0,0,1,0,4,26,0,1,1,0,0,3,0,7,2,7,2,0,0,0,29,1,0
c:\Users\arthur.menezes_evolu\Desktop\Pes\JavaSourceCodeLearning\Spring\src\test\java\com\bruis\learnspring\LearnspringApplicationTests.java,com.bruis.learnspring.LearnspringApplicationTests,class,4,4,0,4,1,1,0,0,0,0.0,NaN,NaN,1,0,1,0,0,0,1,0,0,0,0,0,0,0,0,0,0,0,0,4,0,0,0,0,0,0,0,0,0,0,0,0,0,0,5,1,0
c:\Users\arthur.menezes_evolu\Desktop\Pes\JavaSourceCodeLearning\JdkLearn\src\main\java\com\learnjava\concurent\ThreadPoolExecutorDemo.java,com.learnjava.concurent.ThreadPoolExecutorDemo,class,1,2,1,1,5,1,0,5,4,0.75000006,NaN,NaN,5,5,1,4,0,0,1,0,0,0,8,8,0,8,0,0,7,0,5,25,3,0,0,0,1,0,10,8,8,8,0,0,0,0,40,1,0
c:\Users\arthur.menezes_evolu\Desktop\Pes\JavaSourceCodeLearning\rocketmqdemo\src\main\java\com\bruis\rocketmqdemo\demo02\Producer.java,com.bruis.rocketmqdemo.demo02.Producer,class,3,3,0,3,2,1,0,4,0,0.0,NaN,NaN,1,1,1,0,0,0,1,0,0,0,3,3,3,0,0,0,3,0,0,23,0,1,0,0,1,6,2,6,2,6,1,1,0,0,31,1,0
c:\Users\arthur.menezes_evolu\Desktop\Pes\JavaSourceCodeLearning\JdkLearn\src\main\java\com\learnjava\io\nio\demo01\NioClinet.java,com.learnjava.io.nio.demo01.NioClinet,class,0,0,0,0,2,1,0,12,0,0.0,NaN,NaN,1,1,1,0,0,0,1,0,0,0,0,0,0,0,0,0,0,0,2,16,0,1,0,0,1,2,2,4,1,4,1,0,0,0,19,1,0
c:\Users\arthur.menezes_evolu\Desktop\Pes\JavaSourceCodeLearning\Spring-Netty\src\main\java\com\bruis\learnnetty\im\console\SendToGroupConsoleCommand.java,com.bruis.learnnetty.im.console.SendToGroupConsoleCommand,class,3,4,1,3,1,1,0,3,0,0.0,NaN,NaN,1,0,1,0,0,0,1,0,0,0,0,0,0,0,0,0,0,0,0,8,0,0,0,0,0,1,0,2,0,2,0,0,0,0,16,1,0
c:\Users\arthur.menezes_evolu\Desktop\Pes\JavaSourceCodeLearning\Spring-Netty\src\main\java\com\bruis\learnnetty\netty\heartbeat\ClientTest.java,com.bruis.learnnetty.netty.heartbeat.ClientTest,class,10,11,1,10,3,2,0,12,1,0.6666667,0.0,0.0,2,2,2,0,0,0,2,0,0,0,3,3,3,0,0,0,3,0,1,55,0,0,0,0,0,2,10,8,1,8,1,5,1,0,35,1,0
c:\Users\arthur.menezes_evolu\Desktop\Pes\JavaSourceCodeLearning\rocketmqdemo\src\main\java\com\bruis\rocketmqdemo\RocketmqdemoApplication.java,com.bruis.rocketmqdemo.RocketmqdemoApplication,class,2,3,1,2,1,1,0,1,0,0.0,NaN,NaN,1,1,1,0,0,0,1,0,0,0,0,0,0,0,0,0,0,0,0,5,0,0,0,0,0,0,0,0,0,0,0,0,0,0,4,1,0
c:\Users\arthur.menezes_evolu\Desktop\Pes\JavaSourceCodeLearning\Spring-Netty\src\main\java\com\bruis\learnnetty\netty\connections\longconnections\NettyServer.java,com.bruis.learnnetty.netty.connections.longconnections.NettyServer,class,6,6,0,6,2,1,0,9,0,0.0,NaN,NaN,1,1,1,0,0,0,1,0,0,0,0,0,0,0,0,0,0,0,0,26,0,0,0,1,0,0,3,4,0,4,1,1,0,0,18,1,0
c:\Users\arthur.menezes_evolu\Desktop\Pes\JavaSourceCodeLearning\Spring-Netty\src\main\java\com\bruis\learnnetty\im\client\handler\MessageResponseHandler.java,com.bruis.learnnetty.im.client.handler.MessageResponseHandler,class,3,4,1,3,1,2,0,4,0,0.0,NaN,NaN,1,0,0,0,1,0,1,0,0,0,0,0,0,0,0,0,0,0,0,7,0,0,0,0,0,2,0,2,1,2,0,0,0,0,15,1,0
c:\Users\arthur.menezes_evolu\Desktop\Pes\JavaSourceCodeLearning\Spring-Netty\src\main\java\com\bruis\learnnetty\im\console\ConsoleCommandManager.java,com.bruis.learnnetty.im.console.ConsoleCommandManager,class,10,11,1,10,4,1,0,6,0,0.0,0.0,0.0,2,0,2,0,0,0,2,0,0,0,1,0,0,1,0,0,0,0,1,26,1,0,1,0,0,9,0,3,1,3,1,0,0,0,22,1,0
c:\Users\arthur.menezes_evolu\Desktop\Pes\JavaSourceCodeLearning\Spring-Netty\src\main\java\com\bruis\learnnetty\rpc\utils\RequestFuture.java,com.bruis.learnnetty.rpc.utils.RequestFuture,class,2,7,5,2,19,1,0,17,84,0.8472222,0.0,0.0,16,2,16,0,0,0,16,0,0,0,9,2,2,7,0,0,3,0,3,84,8,1,2,3,0,2,1,12,0,10,3,0,0,0,32,1,0
c:\Users\arthur.menezes_evolu\Desktop\Pes\JavaSourceCodeLearning\JdkLearn\src\main\java\com\learnjava\concurent\SynchronizeDemo.java,com.learnjava.concurent.SynchronizeDemo,class,0,0,0,0,0,1,0,0,0,0.0,-1.0,-1.0,0,0,0,0,0,0,0,0,0,0,0,0,0,0,0,0,0,0,0,2,0,0,0,0,0,0,0,0,0,0,0,0,0,0,3,1,0
c:\Users\arthur.menezes_evolu\Desktop\Pes\JavaSourceCodeLearning\Spring-Security\src\main\java\com\bruis\springsecurity\utils\security\JwtAuthenticationProvider.java,com.bruis.springsecurity.utils.security.JwtAuthenticationProvider,class,6,7,1,6,3,2,0,4,3,0.0,0.0,0.0,3,0,2,0,1,0,3,0,0,0,0,0,0,0,0,0,0,0,0,12,1,0,0,0,0,0,0,0,0,0,0,0,0,0,23,1,0
c:\Users\arthur.menezes_evolu\Desktop\Pes\JavaSourceCodeLearning\Spring-Boot\src\main\java\com\bruis\learnsb\bean\MyBeanImport.java,com.bruis.learnsb.bean.MyBeanImport,class,7,7,0,7,2,1,0,2,1,0.0,0.0,0.0,2,0,2,0,0,0,2,0,0,0,0,0,0,0,0,0,0,0,0,9,0,0,0,0,0,1,0,1,0,1,0,0,0,0,19,1,0
c:\Users\arthur.menezes_evolu\Desktop\Pes\JavaSourceCodeLearning\Spring-Boot\src\main\java\com\bruis\learnsb\event\WeatherRunListener.java,com.bruis.learnsb.event.WeatherRunListener,class,6,7,1,6,2,1,0,1,0,0.0,0.0,0.0,2,0,2,0,0,0,2,0,0,0,1,0,0,1,0,0,0,0,0,9,0,0,0,0,0,0,0,0,0,1,0,0,0,0,13,1,0
c:\Users\arthur.menezes_evolu\Desktop\Pes\JavaSourceCodeLearning\Spring-Netty\src\main\java\com\bruis\learnnetty\im\model\Attributes.java,com.bruis.learnnetty.im.model.Attributes,interface,2,2,0,2,0,1,0,1,0,NaN,-1.0,-1.0,0,0,0,0,0,0,0,0,0,0,1,0,0,0,0,1,0,0,0,3,0,0,0,0,0,1,0,1,0,1,0,0,0,0,8,1,0
c:\Users\arthur.menezes_evolu\Desktop\Pes\JavaSourceCodeLearning\Spring-Netty\src\main\java\com\bruis\learnnetty\netty\quickstart\NettyClientHandler.java,com.bruis.learnnetty.netty.quickstart.NettyClientHandler,class,3,4,1,3,10,2,0,9,45,0.0,0.0,0.0,10,0,10,0,0,0,10,0,0,0,0,0,0,0,0,0,0,0,0,37,0,0,0,0,0,11,0,1,3,1,0,0,0,0,34,1,0
c:\Users\arthur.menezes_evolu\Desktop\Pes\JavaSourceCodeLearning\Spring-Netty\src\main\java\com\bruis\learnnetty\im\serialize\impl\JSONSerializer.java,com.bruis.learnnetty.im.serialize.impl.JSONSerializer,class,3,5,2,3,3,1,0,2,3,0.0,0.0,0.0,3,0,3,0,0,0,3,0,0,0,0,0,0,0,0,0,0,0,0,11,3,0,0,0,0,0,0,0,0,0,0,0,0,0,14,1,0
c:\Users\arthur.menezes_evolu\Desktop\Pes\JavaSourceCodeLearning\JdkLearn\src\main\java\com\learnjava\lambda\LambdaComparatorDemo.java,com.learnjava.lambda.LambdaComparatorDemo$Employee,innerclass,3,3,0,3,3,1,0,1,0,0.0,NaN,NaN,1,0,1,0,0,0,1,0,0,0,8,2,0,6,0,2,0,0,0,13,1,0,0,0,0,7,2,2,2,10,0,0,0,2,16,9,0
c:\Users\arthur.menezes_evolu\Desktop\Pes\JavaSourceCodeLearning\Spring-Netty\src\main\java\com\bruis\learnnetty\im\model\LoginRequestPacket.java,com.bruis.learnnetty.im.model.LoginRequestPacket,class,1,4,3,1,7,2,0,0,15,0.7142857,0.0,0.0,7,0,7,0,0,0,7,0,0,0,3,0,0,3,0,0,0,0,0,26,4,0,0,0,0,0,0,3,0,3,0,0,0,0,26,1,0
c:\Users\arthur.menezes_evolu\Desktop\Pes\JavaSourceCodeLearning\Spring-Security\src\main\java\com\bruis\springsecurity\model\LoginRequestParam.java,com.bruis.springsecurity.model.LoginRequestParam,class,0,1,1,0,4,1,0,0,2,0.5,0.0,0.0,4,0,4,0,0,0,4,0,0,0,2,0,0,2,0,0,0,0,0,16,2,0,0,0,0,0,0,2,0,2,0,0,0,0,12,1,0
c:\Users\arthur.menezes_evolu\Desktop\Pes\JavaSourceCodeLearning\Spring-Netty\src\main\java\com\bruis\learnnetty\im\console\ListGroupMembersConsoleCommand.java,com.bruis.learnnetty.im.console.ListGroupMembersConsoleCommand,class,3,4,1,3,1,1,0,4,0,0.0,NaN,NaN,1,0,1,0,0,0,1,0,0,0,0,0,0,0,0,0,0,0,0,9,0,0,0,0,0,1,0,2,0,2,0,0,0,0,15,1,0
c:\Users\arthur.menezes_evolu\Desktop\Pes\JavaSourceCodeLearning\JdkLearn\src\main\java\com\learnjava\concurent\SnowIdUtils.java,com.learnjava.concurent.SnowIdUtils$SnowFlake,innerclass,1,1,0,1,8,1,0,6,2,0.75,0.0,0.0,4,0,1,2,1,0,2,0,0,1,10,1,0,10,0,0,7,0,3,44,3,2,2,0,5,4,10,19,8,14,2,0,0,0,50,10,0
c:\Users\arthur.menezes_evolu\Desktop\Pes\JavaSourceCodeLearning\Spring-Boot\src\main\java\com\bruis\learnsb\bean\BeanConfiguration.java,com.bruis.learnsb.bean.BeanConfiguration,class,3,3,0,3,1,1,0,3,0,0.0,NaN,NaN,1,0,1,0,0,0,1,0,0,0,0,0,0,0,0,0,0,0,0,9,1,0,0,0,0,3,1,1,0,1,0,0,0,0,8,1,0
c:\Users\arthur.menezes_evolu\Desktop\Pes\JavaSourceCodeLearning\Spring-Netty\src\main\java\com\bruis\learnnetty\im\client\handler\LogoutResponseHandler.java,com.bruis.learnnetty.im.client.handler.LogoutResponseHandler,class,4,5,1,4,1,2,0,2,0,0.0,NaN,NaN,1,0,0,0,1,0,1,0,0,0,0,0,0,0,0,0,0,0,1,5,0,0,0,0,0,0,0,0,0,0,0,0,0,0,10,1,0
c:\Users\arthur.menezes_evolu\Desktop\Pes\JavaSourceCodeLearning\Spring-Netty\src\main\java\com\bruis\learnnetty\rpc\utils\Response.java,com.bruis.learnnetty.rpc.utils.Response,class,0,4,4,0,4,1,0,0,2,0.5,0.0,0.0,4,0,4,0,0,0,4,0,0,0,2,0,0,2,0,0,0,0,0,16,2,0,0,0,0,0,0,2,0,2,0,0,0,0,9,1,0
c:\Users\arthur.menezes_evolu\Desktop\Pes\JavaSourceCodeLearning\JdkLearn\src\main\java\com\learnjava\proxy\staticproxy\SubjectProxy.java,com.learnjava.proxy.staticproxy.SubjectProxy,class,3,4,1,3,3,1,0,3,1,0.33333334,0.0,0.0,3,1,3,0,0,0,3,0,0,0,1,0,0,1,0,0,0,0,0,15,0,0,0,0,0,2,0,2,0,2,0,0,0,0,8,1,0
c:\Users\arthur.menezes_evolu\Desktop\Pes\JavaSourceCodeLearning\Spring-Netty\src\main\java\com\bruis\learnnetty\nio\NIOClient.java,com.bruis.learnnetty.nio.NIOClient,class,0,0,0,0,3,1,0,9,0,0.0,NaN,NaN,1,1,1,0,0,0,1,0,0,0,0,0,0,0,0,0,0,0,2,16,0,1,0,0,0,3,1,4,0,4,2,0,0,0,21,1,0
c:\Users\arthur.menezes_evolu\Desktop\Pes\JavaSourceCodeLearning\Spring-Netty\src\main\java\com\bruis\learnnetty\im\console\LogoutConsoleCommand.java,com.bruis.learnnetty.im.console.LogoutConsoleCommand,class,3,4,1,3,1,1,0,1,0,0.0,NaN,NaN,1,0,1,0,0,0,1,0,0,0,0,0,0,0,0,0,0,0,0,6,0,0,0,0,0,0,0,1,0,1,0,0,0,0,11,1,0
c:\Users\arthur.menezes_evolu\Desktop\Pes\JavaSourceCodeLearning\Spring-Netty\src\main\java\com\bruis\learnnetty\im\model\QuitGroupResponsePacket.java,com.bruis.learnnetty.im.model.QuitGroupResponsePacket,class,1,4,3,1,7,2,0,0,15,0.7142857,0.0,0.0,7,0,7,0,0,0,7,0,0,0,3,0,0,3,0,0,0,0,0,26,4,0,0,0,0,0,0,3,0,3,0,0,0,0,28,1,0
c:\Users\arthur.menezes_evolu\Desktop\Pes\JavaSourceCodeLearning\JdkLearn\src\main\java\com\learnjava\io\nio\ReadOnlyBuffer.java,com.learnjava.io.nio.ReadOnlyBuffer,class,0,0,0,0,3,1,0,9,0,0.0,NaN,NaN,1,1,1,0,0,0,1,0,0,0,0,0,0,0,0,0,0,0,1,15,0,2,0,0,0,0,4,3,0,3,1,0,0,0,12,1,0
c:\Users\arthur.menezes_evolu\Desktop\Pes\JavaSourceCodeLearning\Spring-Netty\src\main\java\com\bruis\learnnetty\rpc\server\ApplicationMain.java,com.bruis.learnnetty.rpc.server.ApplicationMain,class,2,3,1,2,4,1,0,9,0,0.0,NaN,NaN,1,1,1,0,0,0,1,0,0,0,1,1,0,1,0,0,0,0,2,33,0,0,0,3,0,2,1,3,0,2,3,0,0,1,15,1,0
c:\Users\arthur.menezes_evolu\Desktop\Pes\JavaSourceCodeLearning\Spring-Netty\src\main\java\com\bruis\learnnetty\thread\synchronize\FutureMain.java,com.bruis.learnnetty.thread.synchronize.FutureMain,class,3,4,1,3,6,1,0,12,4,0.5,NaN,NaN,4,4,1,3,0,0,1,0,0,0,1,1,0,1,0,0,0,0,4,29,0,2,0,0,0,3,2,6,2,6,1,0,0,0,20,1,0
c:\Users\arthur.menezes_evolu\Desktop\Pes\JavaSourceCodeLearning\Spring-Netty\src\main\java\com\bruis\learnnetty\im\model\GroupMessageResponsePacket.java,com.bruis.learnnetty.im.model.GroupMessageResponsePacket,class,2,5,3,2,7,2,0,0,15,0.7142857,0.0,0.0,7,0,7,0,0,0,7,0,0,0,3,0,0,3,0,0,0,0,0,26,4,0,0,0,0,0,0,3,0,3,0,0,0,0,26,1,0
c:\Users\arthur.menezes_evolu\Desktop\Pes\JavaSourceCodeLearning\Spring-Netty\src\main\java\com\bruis\learnnetty\binary\BinaryTest.java,com.bruis.learnnetty.binary.BinaryTest,class,0,0,0,0,1,1,0,4,0,0.0,NaN,NaN,1,1,1,0,0,0,1,0,0,0,0,0,0,0,0,0,0,0,2,8,0,0,0,0,0,0,2,1,1,1,0,0,0,0,8,1,0
c:\Users\arthur.menezes_evolu\Desktop\Pes\JavaSourceCodeLearning\Spring-Netty\src\main\java\com\bruis\learnnetty\nio\NIOServer.java,com.bruis.learnnetty.nio.NIOServer,class,0,0,0,0,6,1,0,26,0,0.0,NaN,NaN,1,1,1,0,0,0,1,0,0,0,0,0,0,0,0,0,0,0,3,35,0,2,1,0,0,9,4,9,4,9,3,0,0,0,35,1,0
c:\Users\arthur.menezes_evolu\Desktop\Pes\JavaSourceCodeLearning\rocketmqdemo\src\main\java\com\bruis\rocketmqdemo\demo03\Producer.java,com.bruis.rocketmqdemo.demo03.Producer$OrderStep,innerclass,0,0,0,0,5,1,0,0,0,0.4,0.0,0.0,5,0,5,0,0,0,5,0,0,0,2,0,0,2,0,0,0,0,0,19,3,0,0,0,0,3,0,2,2,2,0,0,0,0,10,2,0
c:\Users\arthur.menezes_evolu\Desktop\Pes\JavaSourceCodeLearning\Spring-AOP\src\main\java\com\bruis\learnaop\model\TestBean.java,com.bruis.learnaop.model.TestBean,class,0,1,1,0,3,1,0,1,1,0.33333334,0.0,0.0,3,0,3,0,0,0,3,0,0,0,1,0,0,1,0,0,0,0,0,12,1,0,0,0,0,2,0,2,0,1,0,0,0,0,6,1,0
c:\Users\arthur.menezes_evolu\Desktop\Pes\JavaSourceCodeLearning\Spring-Netty\src\main\java\com\bruis\learnnetty\im\console\JoinGroupConsoleCommand.java,com.bruis.learnnetty.im.console.JoinGroupConsoleCommand,class,3,4,1,3,1,1,0,4,0,0.0,NaN,NaN,1,0,1,0,0,0,1,0,0,0,0,0,0,0,0,0,0,0,0,9,0,0,0,0,0,1,0,2,0,2,0,0,0,0,14,1,0
c:\Users\arthur.menezes_evolu\Desktop\Pes\JavaSourceCodeLearning\Spring-Netty\src\main\java\com\bruis\learnnetty\netty\connections\longconnections\NettyServer.java,com.bruis.learnnetty.netty.connections.longconnections.NettyServer$Anonymous1,anonymous,6,6,0,6,1,1,0,2,0,0.0,NaN,NaN,1,0,0,0,1,0,1,0,0,0,0,0,0,0,0,0,0,0,0,5,0,0,0,0,0,0,5,0,0,0,0,0,0,0,15,-1,0
c:\Users\arthur.menezes_evolu\Desktop\Pes\JavaSourceCodeLearning\JdkLearn\src\main\java\com\learnjava\concurent\CompletableFutureDemo.java,com.learnjava.concurent.CompletableFutureDemo,class,1,2,1,1,2,1,0,4,1,0.0,0.0,0.0,2,1,2,0,0,0,2,0,0,0,0,0,0,0,0,0,0,0,1,11,0,0,0,0,0,1,0,3,0,3,0,0,0,0,14,1,0
c:\Users\arthur.menezes_evolu\Desktop\Pes\JavaSourceCodeLearning\JdkLearn\src\main\java\com\learnjava\optimization\OptimizeDemo.java,com.learnjava.optimization.OptimizeDemo,class,1,2,1,1,6,1,0,7,3,0.0,0.0,0.0,3,3,3,0,0,0,3,0,0,0,0,0,0,0,0,0,0,0,2,43,1,0,2,0,0,2,4,14,2,11,1,0,0,1,19,1,0
c:\Users\arthur.menezes_evolu\Desktop\Pes\JavaSourceCodeLearning\JdkLearn\src\main\java\com\learnjava\java8\LambdaTest.java,com.learnjava.java8.LambdaTest$Converter,interface,0,0,0,0,1,1,0,0,0,0.0,NaN,NaN,1,0,0,0,0,1,1,0,0,0,0,0,0,0,0,0,0,0,0,3,0,0,0,0,0,0,0,0,0,0,0,0,0,0,2,0,0
c:\Users\arthur.menezes_evolu\Desktop\Pes\JavaSourceCodeLearning\rocketmqdemo\src\test\java\com\bruis\rocketmqdemo\RocketmqdemoApplicationTests.java,com.bruis.rocketmqdemo.RocketmqdemoApplicationTests,class,2,2,0,2,1,1,0,0,0,0.0,NaN,NaN,1,0,0,0,0,1,1,0,0,0,0,0,0,0,0,0,0,0,0,4,0,0,0,0,0,0,0,0,0,0,0,0,0,0,5,0,0
c:\Users\arthur.menezes_evolu\Desktop\Pes\JavaSourceCodeLearning\JdkLearn\src\main\java\com\learnjava\lambda\LambdaComparatorDemo.java,com.learnjava.lambda.LambdaComparatorDemo,class,2,3,1,2,7,1,0,20,6,0.75,0.0,0.0,4,4,4,0,0,0,5,0,0,0,2,2,2,0,0,0,0,0,12,68,2,0,0,0,0,45,30,14,1,16,2,0,1,1,23,1,0
c:\Users\arthur.menezes_evolu\Desktop\Pes\JavaSourceCodeLearning\JdkLearn\src\main\java\com\learnjava\lambda\LambdaMapMerge.java,com.learnjava.lambda.LambdaMapMerge,class,0,0,0,0,3,1,0,9,3,0.0,0.0,0.0,3,3,3,0,0,0,3,0,0,0,0,0,0,0,0,0,0,0,3,26,0,0,0,0,0,15,5,4,1,10,0,0,0,3,12,1,0
c:\Users\arthur.menezes_evolu\Desktop\Pes\JavaSourceCodeLearning\Spring-Security\src\main\java\com\bruis\springsecurity\utils\JwtTokenUtils.java,com.bruis.springsecurity.utils.JwtTokenUtils,class,8,11,3,8,26,1,0,36,30,0.8518519,0.0,0.0,9,9,7,2,0,0,7,0,0,0,6,6,0,6,0,0,6,0,16,117,14,1,7,4,2,8,6,32,2,24,4,0,0,0,66,1,0
c:\Users\arthur.menezes_evolu\Desktop\Pes\JavaSourceCodeLearning\rocketmqdemo\src\main\java\com\bruis\rocketmqdemo\demo03\Consumer.java,com.bruis.rocketmqdemo.demo03.Consumer,class,2,2,0,2,1,1,0,6,0,0.0,NaN,NaN,1,1,1,0,0,0,1,0,0,0,0,0,0,0,0,0,0,0,0,27,0,0,0,0,0,2,0,1,0,1,0,1,0,0,15,1,0
c:\Users\arthur.menezes_evolu\Desktop\Pes\JavaSourceCodeLearning\Spring-Netty\src\main\java\com\bruis\learnnetty\im\util\IDUtil.java,com.bruis.learnnetty.im.util.IDUtil,class,0,2,2,0,1,1,0,3,0,0.0,NaN,NaN,1,1,1,0,0,0,1,0,0,0,0,0,0,0,0,0,0,0,1,5,1,0,0,0,0,1,1,0,0,0,0,0,0,0,7,1,0
c:\Users\arthur.menezes_evolu\Desktop\Pes\JavaSourceCodeLearning\JdkLearn\src\main\java\com\learnjava\LearnjavaApplication.java,com.learnjava.LearnjavaApplication,class,2,3,1,2,1,1,0,1,0,0.0,NaN,NaN,1,1,1,0,0,0,1,0,0,0,0,0,0,0,0,0,0,0,0,5,0,0,0,0,0,0,0,0,0,0,0,0,0,0,4,1,0
c:\Users\arthur.menezes_evolu\Desktop\Pes\JavaSourceCodeLearning\Spring-Netty\src\main\java\com\bruis\learnnetty\im\server\handler\IMHandler.java,com.bruis.learnnetty.im.server.handler.IMHandler,class,5,6,1,5,2,2,0,4,0,0.25,NaN,NaN,2,0,0,1,1,0,1,0,0,0,2,1,1,1,0,0,1,0,0,17,0,0,0,0,0,0,0,2,0,2,0,0,0,0,19,1,0
c:\Users\arthur.menezes_evolu\Desktop\Pes\JavaSourceCodeLearning\Spring-Netty\src\main\java\com\bruis\learnnetty\im\server\handler\ListGroupMembersRequestHandler.java,com.bruis.learnnetty.im.server.handler.ListGroupMembersRequestHandler,class,9,10,1,9,3,2,0,8,1,1.0,0.0,0.0,2,0,0,0,2,0,2,0,0,0,1,1,1,0,0,0,1,0,2,18,0,1,0,0,0,0,0,6,0,6,1,0,0,0,25,1,0
c:\Users\arthur.menezes_evolu\Desktop\Pes\JavaSourceCodeLearning\Spring-Security\src\main\java\com\bruis\springsecurity\SpringsecurityApplication.java,com.bruis.springsecurity.SpringsecurityApplication,class,2,3,1,2,1,1,0,1,0,0.0,NaN,NaN,1,1,1,0,0,0,1,0,0,0,0,0,0,0,0,0,0,0,0,5,0,0,0,0,0,0,0,0,0,0,0,0,0,0,4,1,0
c:\Users\arthur.menezes_evolu\Desktop\Pes\JavaSourceCodeLearning\JdkLearn\src\main\java\com\learnjava\io\nio\demo01\NioServer.java,com.learnjava.io.nio.demo01.NioServer,class,0,0,0,0,6,1,0,19,0,0.0,NaN,NaN,1,1,1,0,0,0,1,0,0,0,0,0,0,0,0,0,0,0,3,30,0,3,0,0,1,0,5,9,0,8,4,0,0,0,23,1,0
c:\Users\arthur.menezes_evolu\Desktop\Pes\JavaSourceCodeLearning\JdkLearn\src\main\java\com\learnjava\optimization\BeanCopierDemo.java,com.learnjava.optimization.BeanCopierDemo$Person,innerclass,0,0,0,0,11,1,0,0,25,0.72727275,0.0,0.0,11,0,11,0,0,0,11,0,0,0,5,0,0,5,0,0,0,0,0,44,5,0,0,0,0,0,0,10,0,5,0,0,0,0,14,9,0
c:\Users\arthur.menezes_evolu\Desktop\Pes\JavaSourceCodeLearning\JdkLearn\src\main\java\com\learnjava\concurent\ThreadLocalTest.java,com.learnjava.concurent.ThreadLocalTest$Counter$Anonymous1,anonymous,0,0,0,0,1,1,0,0,0,0.0,NaN,NaN,1,0,0,0,1,0,1,0,0,0,0,0,0,0,0,0,0,0,0,5,1,0,0,0,0,0,0,0,0,0,0,0,0,0,4,-1,0
c:\Users\arthur.menezes_evolu\Desktop\Pes\JavaSourceCodeLearning\Spring-Netty\src\main\java\com\bruis\learnnetty\im\client\handler\CreateGroupResponseHandler.java,com.bruis.learnnetty.im.client.handler.CreateGroupResponseHandler,class,3,4,1,3,1,2,0,4,0,0.0,NaN,NaN,1,0,0,0,1,0,1,0,0,0,0,0,0,0,0,0,0,0,0,6,0,0,0,0,0,3,0,0,2,0,0,0,0,0,12,1,0
c:\Users\arthur.menezes_evolu\Desktop\Pes\JavaSourceCodeLearning\Spring-Netty\src\main\java\com\bruis\learnnetty\im\model\LogoutResponsePacket.java,com.bruis.learnnetty.im.model.LogoutResponsePacket,class,1,4,3,1,5,2,0,0,6,0.6,0.0,0.0,5,0,5,0,0,0,5,0,0,0,2,0,0,2,0,0,0,0,0,19,3,0,0,0,0,0,0,2,0,2,0,0,0,0,24,1,0
c:\Users\arthur.menezes_evolu\Desktop\Pes\JavaSourceCodeLearning\Spring-Security\src\main\java\com\bruis\springsecurity\utils\HttpUtils.java,com.bruis.springsecurity.utils.HttpUtils,class,4,5,1,4,2,1,0,9,1,0.0,0.0,0.0,2,2,2,0,0,0,2,0,0,0,0,0,0,0,0,0,0,0,1,13,1,0,0,0,1,1,0,2,0,2,0,0,0,0,22,1,0
c:\Users\arthur.menezes_evolu\Desktop\Pes\JavaSourceCodeLearning\Spring-Boot\src\main\java\com\bruis\learnsb\bean\MyRegistry.java,com.bruis.learnsb.bean.MyRegistry,class,6,6,0,6,2,1,0,2,1,0.0,0.0,0.0,2,0,2,0,0,0,2,0,0,0,0,0,0,0,0,0,0,0,0,9,0,0,0,0,0,1,0,1,0,1,0,0,0,0,20,1,0
c:\Users\arthur.menezes_evolu\Desktop\Pes\JavaSourceCodeLearning\Spring-Boot\src\main\java\com\bruis\learnsb\initializer\SecondInitializer.java,com.bruis.learnsb.initializer.SecondInitializer,class,5,5,0,5,1,1,0,5,0,0.0,NaN,NaN,1,0,1,0,0,0,1,0,0,0,0,0,0,0,0,0,0,0,0,10,0,0,0,0,0,4,1,3,0,3,0,0,0,0,13,1,0
c:\Users\arthur.menezes_evolu\Desktop\Pes\JavaSourceCodeLearning\JdkLearn\src\main\java\com\learnjava\proxy\staticproxy\Subject.java,com.learnjava.proxy.staticproxy.Subject,interface,0,3,3,0,1,1,0,0,0,0.0,NaN,NaN,1,0,1,0,0,0,1,0,0,0,0,0,0,0,0,0,0,0,0,3,0,0,0,0,0,0,0,0,0,0,0,0,0,0,2,1,0
