file,class,method,constructor,line,cbo,cboModified,fanin,fanout,wmc,rfc,loc,returnsQty,variablesQty,parametersQty,methodsInvokedQty,methodsInvokedLocalQty,methodsInvokedIndirectLocalQty,loopQty,comparisonsQty,tryCatchQty,parenthesizedExpsQty,stringLiteralsQty,numbersQty,assignmentsQty,mathOperationsQty,maxNestedBlocksQty,anonymousClassesQty,innerClassesQty,lambdasQty,uniqueWordsQty,modifiers,logStatementsQty,hasJavaDoc
c:\Users\arthur.menezes_evolu\Desktop\Pes\JS-Sorting-Algorithm\src\java\main\BucketSort.java,BucketSort,"bucketSort/2[int[],int]",false,18,3,3,1,2,9,3,32,2,7,2,3,1,1,4,1,0,2,0,8,12,5,2,0,0,0,15,2,0,false
c:\Users\arthur.menezes_evolu\Desktop\Pes\JS-Sorting-Algorithm\src\java\main\BucketSort.java,BucketSort,sort/1[int[]],false,11,2,2,1,1,1,2,4,1,1,1,2,1,2,0,0,0,0,0,1,1,0,0,0,0,0,7,1,0,false
c:\Users\arthur.menezes_evolu\Desktop\Pes\JS-Sorting-Algorithm\src\java\main\BucketSort.java,BucketSort,"arrAppend/2[int[],int]",false,63,1,1,1,0,1,1,5,1,0,2,1,0,0,0,0,0,0,0,2,2,2,0,0,0,0,3,2,0,true
c:\Users\arthur.menezes_evolu\Desktop\Pes\JS-Sorting-Algorithm\src\java\main\QuickSort.java,QuickSort,"swap/3[int[],int,int]",false,39,1,1,1,0,1,0,5,0,1,3,0,0,0,0,0,0,0,0,0,3,0,0,0,0,0,3,2,0,false
c:\Users\arthur.menezes_evolu\Desktop\Pes\JS-Sorting-Algorithm\src\java\main\QuickSort.java,QuickSort,"quickSort/3[int[],int,int]",false,16,2,4,2,2,2,2,8,1,1,3,2,2,2,0,0,0,0,0,2,1,2,1,0,0,0,7,2,0,false
c:\Users\arthur.menezes_evolu\Desktop\Pes\JS-Sorting-Algorithm\src\java\main\QuickSort.java,QuickSort,sort/1[int[]],false,9,2,2,1,1,1,2,4,1,1,1,2,1,3,0,0,0,0,0,2,1,1,0,0,0,0,7,1,0,false
c:\Users\arthur.menezes_evolu\Desktop\Pes\JS-Sorting-Algorithm\src\java\main\QuickSort.java,QuickSort,"partition/3[int[],int,int]",false,25,2,2,1,1,3,1,12,1,3,3,1,1,1,1,0,0,0,0,3,3,3,2,0,0,0,7,2,0,false
c:\Users\arthur.menezes_evolu\Desktop\Pes\JS-Sorting-Algorithm\src\java\test\ArraySortTest.java,ArraySortTest,bubbleSort/0,false,80,2,2,0,2,1,2,3,0,0,0,2,0,0,0,0,0,0,0,0,0,0,0,0,0,0,8,1,0,false
c:\Users\arthur.menezes_evolu\Desktop\Pes\JS-Sorting-Algorithm\src\java\test\ArraySortTest.java,ArraySortTest,mergeSort_merge/0,false,105,3,2,0,2,1,2,5,0,0,0,2,0,0,0,0,0,0,0,14,0,0,0,0,0,0,7,1,0,false
c:\Users\arthur.menezes_evolu\Desktop\Pes\JS-Sorting-Algorithm\src\java\test\ArraySortTest.java,ArraySortTest,shellSort/0,false,95,2,2,0,2,1,2,3,0,0,0,2,0,0,0,0,0,0,0,0,0,0,0,0,0,0,8,1,0,false
c:\Users\arthur.menezes_evolu\Desktop\Pes\JS-Sorting-Algorithm\src\java\test\ArraySortTest.java,ArraySortTest,setUp/0,false,23,2,1,0,1,1,3,8,0,0,0,3,1,1,0,0,0,0,0,6,4,0,0,0,0,0,9,1,0,false
c:\Users\arthur.menezes_evolu\Desktop\Pes\JS-Sorting-Algorithm\src\java\test\ArraySortTest.java,ArraySortTest,quickSort/0,false,112,2,2,0,2,1,2,3,0,0,0,2,0,0,0,0,0,0,0,0,0,0,0,0,0,0,8,1,0,false
c:\Users\arthur.menezes_evolu\Desktop\Pes\JS-Sorting-Algorithm\src\java\test\ArraySortTest.java,ArraySortTest,choiceSort/0,false,85,2,2,0,2,1,2,3,0,0,0,2,0,0,0,0,0,0,0,0,0,0,0,0,0,0,8,1,0,false
c:\Users\arthur.menezes_evolu\Desktop\Pes\JS-Sorting-Algorithm\src\java\test\ArraySortTest.java,ArraySortTest,countingSort/0,false,122,2,2,0,2,1,2,3,0,0,0,2,0,0,0,0,0,0,0,0,0,0,0,0,0,0,8,1,0,false
c:\Users\arthur.menezes_evolu\Desktop\Pes\JS-Sorting-Algorithm\src\java\test\ArraySortTest.java,ArraySortTest,"randomArray/3[int,int,int]",false,46,1,1,1,0,5,2,19,2,7,3,2,0,0,2,0,0,0,0,3,11,5,1,0,0,0,13,1,0,true
c:\Users\arthur.menezes_evolu\Desktop\Pes\JS-Sorting-Algorithm\src\java\test\ArraySortTest.java,ArraySortTest,mergeSort/0,false,100,2,2,0,2,1,2,3,0,0,0,2,0,0,0,0,0,0,0,0,0,0,0,0,0,0,8,1,0,false
c:\Users\arthur.menezes_evolu\Desktop\Pes\JS-Sorting-Algorithm\src\java\test\ArraySortTest.java,ArraySortTest,heapSort/0,false,117,2,2,0,2,1,2,3,0,0,0,2,0,0,0,0,0,0,0,0,0,0,0,0,0,0,8,1,0,false
c:\Users\arthur.menezes_evolu\Desktop\Pes\JS-Sorting-Algorithm\src\java\test\ArraySortTest.java,ArraySortTest,insertSort/0,false,90,2,2,0,2,1,2,3,0,0,0,2,0,0,0,0,0,0,0,0,0,0,0,0,0,0,8,1,0,false
c:\Users\arthur.menezes_evolu\Desktop\Pes\JS-Sorting-Algorithm\src\java\test\ArraySortTest.java,ArraySortTest,radixSort_getNumLenght/0,false,137,2,2,0,2,1,2,4,0,0,0,2,0,0,0,0,0,0,0,4,0,0,0,0,0,0,9,1,0,false
c:\Users\arthur.menezes_evolu\Desktop\Pes\JS-Sorting-Algorithm\src\java\test\ArraySortTest.java,ArraySortTest,bucketSort/0,false,127,2,2,0,2,1,2,3,0,0,0,2,0,0,0,0,0,0,0,0,0,0,0,0,0,0,8,1,0,false
c:\Users\arthur.menezes_evolu\Desktop\Pes\JS-Sorting-Algorithm\src\java\test\ArraySortTest.java,ArraySortTest,tearDown/0,false,74,1,0,0,0,1,0,4,0,0,0,0,0,0,0,0,0,0,0,0,2,0,0,0,0,0,7,1,0,false
c:\Users\arthur.menezes_evolu\Desktop\Pes\JS-Sorting-Algorithm\src\java\test\ArraySortTest.java,ArraySortTest,radixSort/0,false,132,2,2,0,2,1,2,3,0,0,0,2,0,0,0,0,0,0,0,0,0,0,0,0,0,0,8,1,0,false
c:\Users\arthur.menezes_evolu\Desktop\Pes\JS-Sorting-Algorithm\src\java\main\BubbleSort.java,BubbleSort,sort/1[int[]],false,9,1,1,1,0,5,1,18,1,5,1,1,0,0,2,0,0,0,0,5,8,4,3,0,0,0,11,1,0,false
c:\Users\arthur.menezes_evolu\Desktop\Pes\JS-Sorting-Algorithm\src\java\main\RadixSort.java,RadixSort,getMaxValue/1[int[]],false,27,1,1,1,0,3,0,9,1,1,1,0,0,0,1,0,0,0,0,1,2,0,2,0,0,0,6,2,0,false
c:\Users\arthur.menezes_evolu\Desktop\Pes\JS-Sorting-Algorithm\src\java\main\RadixSort.java,RadixSort,"radixSort/2[int[],int]",false,48,2,2,1,1,5,1,18,1,7,2,1,1,1,4,0,0,2,0,9,11,4,3,0,0,0,15,2,0,false
c:\Users\arthur.menezes_evolu\Desktop\Pes\JS-Sorting-Algorithm\src\java\main\RadixSort.java,RadixSort,"arrayAppend/2[int[],int]",false,78,1,1,1,0,1,1,5,1,0,2,1,0,0,0,0,0,0,0,2,2,2,0,0,0,0,4,2,0,true
c:\Users\arthur.menezes_evolu\Desktop\Pes\JS-Sorting-Algorithm\src\java\main\RadixSort.java,RadixSort,sort/1[int[]],false,11,2,3,1,2,1,3,5,1,2,1,3,2,3,0,0,0,0,0,0,2,0,0,0,0,0,11,1,0,false
c:\Users\arthur.menezes_evolu\Desktop\Pes\JS-Sorting-Algorithm\src\java\main\RadixSort.java,RadixSort,getMaxDigit/1[int[]],false,22,2,3,1,2,1,2,4,1,1,1,2,2,1,0,0,0,0,0,0,1,0,0,0,0,0,8,2,0,true
c:\Users\arthur.menezes_evolu\Desktop\Pes\JS-Sorting-Algorithm\src\java\main\RadixSort.java,RadixSort,getNumLenght/1[long],false,37,0,2,2,0,3,0,10,2,2,1,0,0,0,1,2,0,0,0,5,3,0,1,0,0,0,6,4,0,false
c:\Users\arthur.menezes_evolu\Desktop\Pes\JS-Sorting-Algorithm\src\java\main\SelectionSort.java,SelectionSort,sort/1[int[]],false,9,1,1,1,0,5,1,17,1,5,1,1,0,0,2,1,0,0,0,3,8,2,3,0,0,0,9,1,0,false
c:\Users\arthur.menezes_evolu\Desktop\Pes\JS-Sorting-Algorithm\src\java\main\IArraySort.java,IArraySort,sort/1[int[]],false,5,1,0,0,0,1,0,1,0,0,1,0,0,0,0,0,0,0,0,0,0,0,0,0,0,0,4,0,0,true
c:\Users\arthur.menezes_evolu\Desktop\Pes\JS-Sorting-Algorithm\src\java\main\MergeSort.java,MergeSort,"merge/2[int[],int[]]",false,24,1,2,2,0,7,0,23,1,6,2,0,0,0,3,2,0,0,0,3,10,2,4,0,0,0,7,4,0,false
c:\Users\arthur.menezes_evolu\Desktop\Pes\JS-Sorting-Algorithm\src\java\main\MergeSort.java,MergeSort,sort/1[int[]],false,9,2,4,2,2,2,5,10,2,4,1,5,2,1,0,0,0,0,0,3,4,1,1,0,0,0,9,1,0,false
c:\Users\arthur.menezes_evolu\Desktop\Pes\JS-Sorting-Algorithm\src\java\main\ShellSort.java,ShellSort,sort/1[int[]],false,9,1,1,1,0,6,2,20,1,5,1,2,0,0,4,0,0,0,0,6,10,6,3,0,0,0,9,1,0,false
c:\Users\arthur.menezes_evolu\Desktop\Pes\JS-Sorting-Algorithm\src\java\main\HeapSort.java,HeapSort,"swap/3[int[],int,int]",false,50,1,2,2,0,1,0,5,0,1,3,0,0,0,0,0,0,0,0,0,3,0,0,0,0,0,3,2,0,false
c:\Users\arthur.menezes_evolu\Desktop\Pes\JS-Sorting-Algorithm\src\java\main\HeapSort.java,HeapSort,sort/1[int[]],false,9,2,4,1,3,2,4,11,1,3,1,4,3,3,1,0,0,0,0,4,3,1,1,0,0,0,12,1,0,false
c:\Users\arthur.menezes_evolu\Desktop\Pes\JS-Sorting-Algorithm\src\java\main\HeapSort.java,HeapSort,"buildMaxHeap/2[int[],int]",false,25,2,2,1,1,2,2,5,0,1,2,2,1,2,1,0,0,0,0,2,1,1,1,0,0,0,6,2,0,false
c:\Users\arthur.menezes_evolu\Desktop\Pes\JS-Sorting-Algorithm\src\java\main\HeapSort.java,HeapSort,"heapify/3[int[],int,int]",false,31,2,5,3,2,6,2,15,0,3,3,2,2,1,0,1,0,0,0,4,5,4,1,0,0,0,7,2,0,false
c:\Users\arthur.menezes_evolu\Desktop\Pes\JS-Sorting-Algorithm\src\java\main\CountingSort.java,CountingSort,"countingSort/2[int[],int]",false,18,1,1,1,0,4,0,15,1,4,2,0,0,0,3,0,0,0,0,4,5,1,2,0,0,0,11,2,0,false
c:\Users\arthur.menezes_evolu\Desktop\Pes\JS-Sorting-Algorithm\src\java\main\CountingSort.java,CountingSort,getMaxValue/1[int[]],false,36,1,1,1,0,3,0,9,1,1,1,0,0,0,1,0,0,0,0,1,2,0,2,0,0,0,6,2,0,false
c:\Users\arthur.menezes_evolu\Desktop\Pes\JS-Sorting-Algorithm\src\java\main\CountingSort.java,CountingSort,sort/1[int[]],false,9,2,3,1,2,1,3,5,1,2,1,3,2,1,0,0,0,0,0,0,2,0,0,0,0,0,11,1,0,false
c:\Users\arthur.menezes_evolu\Desktop\Pes\JS-Sorting-Algorithm\src\java\main\InsertSort.java,InsertSort,sort/1[int[]],false,9,1,2,2,0,5,1,15,1,4,1,1,0,0,2,1,0,0,0,4,6,2,2,0,0,0,8,1,0,false
