file,class,type,cbo,cboModified,fanin,fanout,wmc,dit,noc,rfc,lcom,lcom*,tcc,lcc,totalMethodsQty,staticMethodsQty,publicMethodsQty,privateMethodsQty,protectedMethodsQty,defaultMethodsQty,visibleMethodsQty,abstractMethodsQty,finalMethodsQty,synchronizedMethodsQty,totalFieldsQty,staticFieldsQty,publicFieldsQty,privateFieldsQty,protectedFieldsQty,defaultFieldsQty,finalFieldsQty,synchronizedFieldsQty,nosi,loc,returnQty,loopQty,comparisonsQty,tryCatchQty,parenthesizedExpsQty,stringLiteralsQty,numbersQty,assignmentsQty,mathOperationsQty,variablesQty,maxNestedBlocksQty,anonymousClassesQty,innerClassesQty,lambdasQty,uniqueWordsQty,modifiers,logStatementsQty
c:\Users\arthur.menezes_evolu\Desktop\Pes\Jetpack-MVVM-Best-Practice\app\src\main\java\com\kunminx\puremusic\ui\page\LoginFragment.java,com.kunminx.puremusic.ui.page.LoginFragment$ClickProxy,innerclass,4,4,0,4,4,1,0,8,1,0.0,0.0,0.0,2,0,2,0,0,0,2,0,0,0,0,0,0,0,0,0,0,0,1,14,1,0,0,0,0,0,0,1,0,1,1,0,0,0,10,1,0
c:\Users\arthur.menezes_evolu\Desktop\Pes\Jetpack-MVVM-Best-Practice\app\src\main\java\com\kunminx\puremusic\ui\view\PlayPauseDrawable.java,com.kunminx.puremusic.ui.view.PlayPauseDrawable$Anonymous2,anonymous,1,1,0,1,1,1,0,0,0,0.0,NaN,NaN,1,0,1,0,0,0,1,0,0,0,0,0,0,0,0,0,0,0,0,5,0,0,0,0,0,0,0,1,0,0,0,0,0,0,8,-1,0
c:\Users\arthur.menezes_evolu\Desktop\Pes\Jetpack-MVVM-Best-Practice\architecture\src\main\java\com\kunminx\architecture\data\response\ResponseStatus.java,com.kunminx.architecture.data.response.ResponseStatus,class,1,4,3,1,6,1,0,0,3,0.5555556,0.0,0.0,6,0,6,0,0,0,6,0,0,0,3,0,0,3,0,0,0,0,0,24,3,0,0,0,0,1,0,6,0,3,0,0,0,0,17,1,0
c:\Users\arthur.menezes_evolu\Desktop\Pes\Jetpack-MVVM-Best-Practice\app\src\main\java\com\kunminx\puremusic\ui\page\MainFragment.java,com.kunminx.puremusic.ui.page.MainFragment,class,15,15,0,15,8,5,0,23,0,0.25,0.0,0.0,3,0,1,0,2,0,3,0,0,0,4,0,0,4,0,0,0,0,2,60,2,0,3,0,0,1,0,5,0,12,2,0,2,5,42,1,0
c:\Users\arthur.menezes_evolu\Desktop\Pes\Jetpack-MVVM-Best-Practice\app\src\main\java\com\kunminx\puremusic\ui\view\PlayPauseDrawable.java,com.kunminx.puremusic.ui.view.PlayPauseDrawable$Anonymous1,anonymous,1,1,0,1,2,1,0,2,1,0.0,0.0,0.0,2,0,2,0,0,0,2,0,0,0,0,0,0,0,0,0,0,0,0,8,1,0,0,0,0,0,0,0,0,0,0,0,0,0,8,-1,0
c:\Users\arthur.menezes_evolu\Desktop\Pes\Jetpack-MVVM-Best-Practice\architecture\src\main\java\com\kunminx\architecture\ui\bind\DrawablesBindingAdapter.java,com.kunminx.architecture.ui.bind.DrawablesBindingAdapter$ProxyDrawable,innerclass,3,3,0,3,5,2,0,1,0,0.0,0.0,0.0,2,0,1,0,0,1,2,0,0,0,1,0,0,1,0,0,0,0,0,12,1,0,3,0,0,0,3,1,0,1,1,0,0,0,12,9,0
c:\Users\arthur.menezes_evolu\Desktop\Pes\Jetpack-MVVM-Best-Practice\architecture\src\main\java\com\kunminx\architecture\ui\page\StateHolder.java,com.kunminx.architecture.ui.page.StateHolder,class,1,15,14,1,0,2,14,0,0,0.0,-1.0,-1.0,0,0,0,0,0,0,0,0,0,0,0,0,0,0,0,0,0,0,0,2,0,0,0,0,0,0,0,0,0,0,0,0,0,0,10,1,0
c:\Users\arthur.menezes_evolu\Desktop\Pes\Jetpack-MVVM-Best-Practice\app\src\main\java\com\kunminx\puremusic\MainActivity.java,com.kunminx.puremusic.MainActivity$MainActivityStates,innerclass,2,2,0,2,0,3,0,0,0,NaN,-1.0,-1.0,0,0,0,0,0,0,0,0,0,0,3,0,3,0,0,0,3,0,0,5,0,0,0,0,0,0,0,3,0,3,0,0,0,0,13,9,0
c:\Users\arthur.menezes_evolu\Desktop\Pes\Jetpack-MVVM-Best-Practice\architecture\src\main\java\com\kunminx\architecture\data\response\manager\NetworkStateReceive.java,com.kunminx.architecture.data.response.manager.NetworkStateReceive,class,4,5,1,4,3,2,0,6,0,0.0,NaN,NaN,1,0,1,0,0,0,1,0,0,0,0,0,0,0,0,0,0,0,2,9,0,0,0,0,0,0,0,0,0,0,2,0,0,0,15,1,0
c:\Users\arthur.menezes_evolu\Desktop\Pes\Jetpack-MVVM-Best-Practice\app\src\main\java\com\kunminx\puremusic\data\bean\TestAlbum.java,com.kunminx.puremusic.data.bean.TestAlbum$TestArtist,innerclass,1,1,0,1,2,2,0,0,1,0.5,0.0,0.0,2,0,2,0,0,0,2,0,0,0,1,0,0,1,0,0,0,0,0,9,1,0,0,0,0,0,0,0,0,1,0,0,0,0,8,9,0
c:\Users\arthur.menezes_evolu\Desktop\Pes\Jetpack-MVVM-Best-Practice\architecture\src\main\java\com\kunminx\architecture\domain\usecase\UseCase.java,com.kunminx.architecture.domain.usecase.UseCase$RequestValues,interface,0,0,0,0,0,1,0,0,0,0.0,-1.0,-1.0,0,0,0,0,0,0,0,0,0,0,0,0,0,0,0,0,0,0,0,2,0,0,0,0,0,0,0,0,0,0,0,0,0,0,6,1,0
c:\Users\arthur.menezes_evolu\Desktop\Pes\Jetpack-MVVM-Best-Practice\app\src\main\java\com\kunminx\puremusic\ui\page\helper\DefaultInterface.java,com.kunminx.puremusic.ui.page.helper.DefaultInterface,class,2,2,0,2,0,1,0,0,0,0.0,-1.0,-1.0,0,0,0,0,0,0,0,0,0,0,0,0,0,0,0,0,0,0,0,16,0,0,0,0,0,0,0,0,0,0,0,0,2,0,8,1,0
c:\Users\arthur.menezes_evolu\Desktop\Pes\Jetpack-MVVM-Best-Practice\app\src\main\java\com\kunminx\puremusic\ui\page\PlayerFragment.java,com.kunminx.puremusic.ui.page.PlayerFragment$Anonymous1,anonymous,1,1,0,1,2,1,0,4,0,0.0,NaN,NaN,1,0,1,0,0,0,1,0,0,0,0,0,0,0,0,0,0,0,0,5,0,0,1,0,0,0,0,0,0,0,0,0,0,0,7,-1,0
c:\Users\arthur.menezes_evolu\Desktop\Pes\Jetpack-MVVM-Best-Practice\architecture\src\main\java\com\kunminx\architecture\utils\ImageUtils.java,com.kunminx.architecture.utils.ImageUtils,class,2,4,2,2,6,1,0,5,1,0.0,NaN,NaN,2,2,1,1,0,0,1,0,0,0,0,0,0,0,0,0,0,0,2,19,5,1,1,0,0,0,1,2,0,2,2,0,0,0,27,17,0
c:\Users\arthur.menezes_evolu\Desktop\Pes\Jetpack-MVVM-Best-Practice\app\src\main\java\com\kunminx\puremusic\ui\page\PlayerFragment.java,com.kunminx.puremusic.ui.page.PlayerFragment$ClickProxy,innerclass,3,3,0,3,7,1,0,8,21,0.0,0.0,0.0,7,0,7,0,0,0,7,0,0,0,0,0,0,0,0,0,0,0,5,22,0,0,0,0,0,0,0,0,0,0,0,0,0,0,16,1,0
c:\Users\arthur.menezes_evolu\Desktop\Pes\Jetpack-MVVM-Best-Practice\architecture\src\main\java\com\kunminx\architecture\utils\Utils.java,com.kunminx.architecture.utils.Utils$FileProvider4UtilCode,innerclass,2,2,0,2,1,2,0,2,0,0.0,NaN,NaN,1,0,1,0,0,0,1,0,0,0,0,0,0,0,0,0,0,0,1,6,1,0,0,0,0,0,0,0,0,0,0,0,0,0,10,25,0
c:\Users\arthur.menezes_evolu\Desktop\Pes\Jetpack-MVVM-Best-Practice\architecture\src\main\java\com\kunminx\architecture\utils\NetworkUtils.java,com.kunminx.architecture.utils.NetworkUtils,class,5,7,2,5,4,1,0,5,1,0.0,NaN,NaN,2,2,1,1,0,0,1,0,0,0,0,0,0,0,0,0,0,0,2,13,3,0,2,0,0,0,0,2,0,2,1,0,0,0,40,17,0
c:\Users\arthur.menezes_evolu\Desktop\Pes\Jetpack-MVVM-Best-Practice\app\src\main\java\com\kunminx\puremusic\ui\page\LoginFragment.java,com.kunminx.puremusic.ui.page.LoginFragment,class,15,15,0,15,6,5,0,23,0,0.4375,0.0,0.0,4,0,2,0,2,0,4,0,0,0,4,0,0,4,0,0,1,0,1,55,3,0,0,0,0,0,0,5,0,6,2,0,2,1,40,1,0
c:\Users\arthur.menezes_evolu\Desktop\Pes\Jetpack-MVVM-Best-Practice\architecture\src\main\java\com\kunminx\architecture\ui\page\BaseActivity.java,com.kunminx.architecture.ui.page.BaseActivity,class,14,15,1,14,7,2,1,16,13,0.6666667,0.0,0.0,6,0,1,0,5,0,6,0,0,0,1,0,0,1,0,0,1,0,6,32,4,0,0,0,0,0,3,4,0,4,1,0,0,0,44,1025,0
c:\Users\arthur.menezes_evolu\Desktop\Pes\Jetpack-MVVM-Best-Practice\app\src\main\java\com\kunminx\puremusic\ui\bind\DrawerBindingAdapter.java,com.kunminx.puremusic.ui.bind.DrawerBindingAdapter,class,3,3,0,3,6,1,0,5,3,0.0,0.0,0.0,3,3,3,0,0,0,3,0,0,0,0,0,0,0,0,0,0,0,0,16,0,0,0,0,0,3,0,0,0,0,1,0,0,0,19,1,0
c:\Users\arthur.menezes_evolu\Desktop\Pes\Jetpack-MVVM-Best-Practice\app\src\main\java\com\kunminx\puremusic\ui\page\DrawerFragment.java,com.kunminx.puremusic.ui.page.DrawerFragment$ClickProxy,innerclass,1,1,0,1,1,1,0,1,0,0.0,NaN,NaN,1,0,1,0,0,0,1,0,0,0,0,0,0,0,0,0,0,0,0,5,0,0,0,0,0,0,0,0,0,0,0,0,0,0,7,1,0
c:\Users\arthur.menezes_evolu\Desktop\Pes\Jetpack-MVVM-Best-Practice\architecture\src\main\java\com\kunminx\architecture\domain\usecase\UseCaseHandler.java,com.kunminx.architecture.domain.usecase.UseCaseHandler,class,9,12,3,9,6,1,0,5,0,0.5,0.0,0.0,5,1,3,2,0,0,3,0,0,0,2,1,0,2,0,0,1,0,0,38,1,0,1,0,0,0,0,2,0,2,1,0,1,0,32,1,0
c:\Users\arthur.menezes_evolu\Desktop\Pes\Jetpack-MVVM-Best-Practice\app\src\main\java\com\kunminx\puremusic\domain\message\SharedViewModel.java,com.kunminx.puremusic.domain.message.SharedViewModel,class,3,3,0,3,8,2,0,3,20,0.75,0.0,0.0,8,0,8,0,0,0,8,0,0,0,4,0,0,4,0,0,4,0,0,30,4,0,0,0,0,0,0,4,0,4,0,0,0,0,35,1,0
c:\Users\arthur.menezes_evolu\Desktop\Pes\Jetpack-MVVM-Best-Practice\architecture\src\main\java\com\kunminx\architecture\domain\usecase\UseCaseHandler.java,com.kunminx.architecture.domain.usecase.UseCaseHandler$UiCallbackWrapper,innerclass,3,3,0,3,3,1,0,2,0,0.0,0.0,0.0,3,0,3,0,0,0,3,0,0,0,2,0,0,2,0,0,2,0,0,14,0,0,0,0,0,0,0,2,0,2,0,0,0,0,14,26,0
c:\Users\arthur.menezes_evolu\Desktop\Pes\Jetpack-MVVM-Best-Practice\architecture\src\main\java\com\kunminx\architecture\ui\page\BaseFragment.java,com.kunminx.architecture.ui.page.BaseFragment,class,9,18,9,9,7,2,5,9,15,0.5714286,0.0,0.0,7,0,0,0,7,0,7,0,0,0,1,0,0,1,0,0,1,0,0,27,5,0,0,0,0,0,1,4,0,4,0,0,0,0,40,1025,0
c:\Users\arthur.menezes_evolu\Desktop\Pes\Jetpack-MVVM-Best-Practice\app\src\main\java\com\kunminx\puremusic\data\bean\TestAlbum.java,com.kunminx.puremusic.data.bean.TestAlbum,class,5,9,4,5,2,4,0,0,1,0.5,0.0,0.0,2,0,2,0,0,0,2,0,0,0,1,0,0,1,0,0,0,0,0,27,1,0,0,0,0,0,0,0,0,1,0,0,2,0,17,1,0
c:\Users\arthur.menezes_evolu\Desktop\Pes\Jetpack-MVVM-Best-Practice\app\src\main\java\com\kunminx\puremusic\data\api\APIs.java,com.kunminx.puremusic.data.api.APIs,class,0,0,0,0,0,1,0,0,0,NaN,-1.0,-1.0,0,0,0,0,0,0,0,0,0,0,1,1,1,0,0,0,1,0,0,3,0,0,0,0,0,1,0,1,0,1,0,0,0,0,16,1,0
c:\Users\arthur.menezes_evolu\Desktop\Pes\Jetpack-MVVM-Best-Practice\app\src\main\java\com\kunminx\puremusic\ui\view\PlayerSlideListener.java,com.kunminx.puremusic.ui.view.PlayerSlideListener$Status,enum,0,0,0,0,0,1,0,0,0,0.0,-1.0,-1.0,0,0,0,0,0,0,0,0,0,0,0,0,0,0,0,0,0,0,0,1,0,0,0,0,0,0,0,0,0,0,0,0,0,0,10,1,0
c:\Users\arthur.menezes_evolu\Desktop\Pes\Jetpack-MVVM-Best-Practice\app\src\main\java\com\kunminx\puremusic\domain\usecase\DownloadUseCase.java,com.kunminx.puremusic.domain.usecase.DownloadUseCase$ResponseValue,innerclass,1,1,0,1,3,1,0,0,0,0.0,0.0,0.0,3,0,3,0,0,0,3,0,0,0,1,0,0,1,0,0,0,0,0,12,1,0,0,0,0,0,0,2,0,1,0,0,0,0,7,25,0
c:\Users\arthur.menezes_evolu\Desktop\Pes\Jetpack-MVVM-Best-Practice\app\src\main\java\com\kunminx\puremusic\ui\page\SearchFragment.java,com.kunminx.puremusic.ui.page.SearchFragment,class,12,12,0,12,6,5,0,10,0,0.33333334,0.0,0.0,4,0,2,0,2,0,4,0,0,0,3,0,0,3,0,0,0,0,1,60,1,0,6,0,0,0,4,5,0,7,2,0,2,2,33,1,0
c:\Users\arthur.menezes_evolu\Desktop\Pes\Jetpack-MVVM-Best-Practice\app\src\main\java\com\kunminx\puremusic\MainActivity.java,com.kunminx.puremusic.MainActivity,class,12,13,1,12,11,6,0,20,0,0.4666667,0.0,0.0,5,0,2,0,3,0,5,0,0,0,3,0,0,3,0,0,0,0,2,66,1,0,2,0,0,0,0,5,0,6,3,0,2,2,50,1,0
c:\Users\arthur.menezes_evolu\Desktop\Pes\Jetpack-MVVM-Best-Practice\architecture\src\main\java\com\kunminx\architecture\ui\bind\DrawablesBindingAdapter.java,com.kunminx.architecture.ui.bind.DrawablesBindingAdapter,class,17,18,1,17,91,2,0,36,15,0.8425925,0.0,0.0,6,6,2,4,0,0,2,0,0,0,18,3,0,3,0,15,3,0,33,241,14,0,65,1,2,217,45,54,2,41,5,0,1,0,121,1,0
c:\Users\arthur.menezes_evolu\Desktop\Pes\Jetpack-MVVM-Best-Practice\app\src\main\java\com\kunminx\puremusic\domain\usecase\CanBeStoppedUseCase.java,com.kunminx.puremusic.domain.usecase.CanBeStoppedUseCase,class,8,8,0,8,3,2,0,1,1,0.0,0.0,0.0,2,0,1,0,1,0,2,0,0,0,0,0,0,0,0,0,0,0,0,19,0,0,1,0,0,0,0,0,0,0,1,0,2,0,37,1,0
c:\Users\arthur.menezes_evolu\Desktop\Pes\Jetpack-MVVM-Best-Practice\architecture\src\main\java\com\kunminx\architecture\domain\usecase\UseCaseThreadPoolScheduler.java,com.kunminx.architecture.domain.usecase.UseCaseThreadPoolScheduler,class,4,5,1,4,5,1,0,3,2,0.75,0.0,0.0,4,0,4,0,0,0,4,0,0,0,6,4,4,1,0,1,6,0,0,25,0,0,1,0,0,0,5,6,1,6,2,0,0,1,52,1,0
c:\Users\arthur.menezes_evolu\Desktop\Pes\Jetpack-MVVM-Best-Practice\app\src\main\java\com\kunminx\puremusic\domain\request\AccountRequester.java,com.kunminx.puremusic.domain.request.AccountRequester,class,13,16,3,13,6,3,0,6,4,0.625,0.0,0.0,4,0,4,0,0,0,4,0,0,0,2,0,0,2,0,0,1,0,1,33,1,0,1,0,0,0,0,2,0,2,1,1,0,0,47,1,0
c:\Users\arthur.menezes_evolu\Desktop\Pes\Jetpack-MVVM-Best-Practice\app\src\main\java\com\kunminx\puremusic\ui\page\DrawerFragment.java,com.kunminx.puremusic.ui.page.DrawerFragment$DrawerStates,innerclass,3,3,0,3,0,3,0,0,0,NaN,-1.0,-1.0,0,0,0,0,0,0,0,0,0,0,1,0,1,0,0,0,1,0,0,3,0,0,0,0,0,0,0,1,0,1,0,0,0,0,5,9,0
c:\Users\arthur.menezes_evolu\Desktop\Pes\Jetpack-MVVM-Best-Practice\architecture\src\main\java\com\kunminx\architecture\utils\ToastUtils.java,com.kunminx.architecture.utils.ToastUtils,class,1,3,2,1,2,1,0,4,1,0.0,0.0,0.0,2,2,2,0,0,0,2,0,0,0,0,0,0,0,0,0,0,0,2,8,0,0,0,0,0,0,0,0,0,0,0,0,0,0,12,1,0
c:\Users\arthur.menezes_evolu\Desktop\Pes\Jetpack-MVVM-Best-Practice\architecture\src\main\java\com\kunminx\architecture\domain\usecase\UseCase.java,com.kunminx.architecture.domain.usecase.UseCase,class,4,8,4,4,6,1,0,1,7,0.5833334,0.0,0.0,6,0,4,0,1,1,6,1,0,0,2,0,0,2,0,0,0,0,0,29,2,0,0,0,0,0,0,2,0,2,0,0,3,0,23,1025,0
c:\Users\arthur.menezes_evolu\Desktop\Pes\Jetpack-MVVM-Best-Practice\app\src\main\java\com\kunminx\puremusic\ui\view\PlayPauseView.java,com.kunminx.puremusic.ui.view.PlayPauseView$Anonymous1,anonymous,2,2,0,2,1,1,0,3,0,0.0,NaN,NaN,1,0,1,0,0,0,1,0,0,0,0,0,0,0,0,0,0,0,0,5,0,0,0,0,0,0,2,0,0,0,0,0,0,0,4,-1,0
c:\Users\arthur.menezes_evolu\Desktop\Pes\Jetpack-MVVM-Best-Practice\app\src\main\java\com\kunminx\puremusic\ui\view\PlayPauseDrawable.java,com.kunminx.puremusic.ui.view.PlayPauseDrawable,class,12,15,3,12,18,2,0,22,41,0.8392856,0.0,0.0,14,1,10,3,1,0,11,0,0,0,12,1,0,12,0,0,5,0,6,109,5,0,0,0,4,1,30,19,26,19,0,2,0,0,60,1,0
c:\Users\arthur.menezes_evolu\Desktop\Pes\Jetpack-MVVM-Best-Practice\architecture\src\main\java\com\kunminx\architecture\utils\Res.java,com.kunminx.architecture.utils.Res,class,2,3,1,2,1,1,0,3,0,0.0,NaN,NaN,1,1,1,0,0,0,1,0,0,0,0,0,0,0,0,0,0,0,2,5,1,0,0,0,0,0,0,0,0,0,0,0,0,0,11,1,0
c:\Users\arthur.menezes_evolu\Desktop\Pes\Jetpack-MVVM-Best-Practice\app\src\main\java\com\kunminx\puremusic\ui\view\PlayerSlideListener.java,com.kunminx.puremusic.ui.view.PlayerSlideListener$SlideAnimatorStates,innerclass,3,3,0,3,0,3,0,0,0,NaN,-1.0,-1.0,0,0,0,0,0,0,0,0,0,0,19,0,19,0,0,0,19,0,0,21,0,0,0,0,0,0,16,19,0,19,0,0,0,0,44,9,0
c:\Users\arthur.menezes_evolu\Desktop\Pes\Jetpack-MVVM-Best-Practice\architecture\src\main\java\com\kunminx\architecture\domain\request\AsyncTask.java,com.kunminx.architecture.domain.request.AsyncTask$Action,interface,1,1,0,1,1,1,0,0,0,0.0,NaN,NaN,1,0,0,0,0,1,1,0,0,0,0,0,0,0,0,0,0,0,0,3,0,0,0,0,0,0,0,0,0,0,0,0,0,0,3,1,0
c:\Users\arthur.menezes_evolu\Desktop\Pes\Jetpack-MVVM-Best-Practice\architecture\src\main\java\com\kunminx\architecture\ui\adapter\CommonViewPagerAdapter.java,com.kunminx.architecture.ui.adapter.CommonViewPagerAdapter,class,5,6,1,5,8,2,0,2,9,0.6666667,0.0,0.0,6,0,6,0,0,0,6,0,0,0,3,0,0,3,0,0,3,0,0,27,4,0,1,0,0,0,0,3,0,3,1,0,0,0,30,1,0
c:\Users\arthur.menezes_evolu\Desktop\Pes\Jetpack-MVVM-Best-Practice\architecture\src\main\java\com\kunminx\architecture\data\response\DataResult.java,com.kunminx.architecture.data.response.DataResult,class,2,9,7,2,4,1,0,0,0,0.25,0.0,0.0,4,0,4,0,0,0,4,0,0,0,2,0,0,2,0,0,2,0,0,21,2,0,0,0,0,0,0,4,0,2,0,0,1,0,20,1,0
c:\Users\arthur.menezes_evolu\Desktop\Pes\Jetpack-MVVM-Best-Practice\app\src\main\java\com\kunminx\puremusic\ui\page\SearchFragment.java,com.kunminx.puremusic.ui.page.SearchFragment$SearchStates,innerclass,2,2,0,2,0,3,0,0,0,NaN,-1.0,-1.0,0,0,0,0,0,0,0,0,0,0,4,0,4,0,0,0,4,0,0,6,0,0,0,0,0,0,2,4,0,4,0,0,0,0,10,9,0
c:\Users\arthur.menezes_evolu\Desktop\Pes\Jetpack-MVVM-Best-Practice\app\src\main\java\com\kunminx\puremusic\domain\proxy\PlayerManager.java,com.kunminx.puremusic.domain.proxy.PlayerManager,class,17,27,10,17,36,1,0,34,0,0.67777777,0.0,0.0,30,1,29,1,0,0,29,0,0,0,3,1,0,3,0,0,2,0,0,120,16,0,3,0,0,1,2,8,1,10,2,0,0,2,75,1,0
c:\Users\arthur.menezes_evolu\Desktop\Pes\Jetpack-MVVM-Best-Practice\architecture\src\main\java\com\kunminx\architecture\utils\Utils.java,com.kunminx.architecture.utils.Utils$OnAppStatusChangedListener,interface,0,0,0,0,2,1,0,0,1,0.0,0.0,0.0,2,0,0,0,0,2,2,0,0,0,0,0,0,0,0,0,0,0,0,4,0,0,0,0,0,0,0,0,0,0,0,0,0,0,8,1,0
c:\Users\arthur.menezes_evolu\Desktop\Pes\Jetpack-MVVM-Best-Practice\app\src\main\java\com\kunminx\puremusic\domain\usecase\DownloadUseCase.java,com.kunminx.puremusic.domain.usecase.DownloadUseCase$RequestValues,innerclass,1,1,0,1,5,1,0,0,0,0.4,0.0,0.0,5,0,5,0,0,0,5,0,0,0,2,0,0,2,0,0,0,0,0,20,2,0,0,0,0,0,0,4,0,2,0,0,0,0,8,25,0
c:\Users\arthur.menezes_evolu\Desktop\Pes\Jetpack-MVVM-Best-Practice\architecture\src\main\java\com\kunminx\architecture\utils\Utils.java,com.kunminx.architecture.utils.Utils$OnActivityDestroyedListener,interface,1,1,0,1,1,1,0,0,0,0.0,NaN,NaN,1,0,0,0,0,1,1,0,0,0,0,0,0,0,0,0,0,0,0,3,0,0,0,0,0,0,0,0,0,0,0,0,0,0,6,1,0
c:\Users\arthur.menezes_evolu\Desktop\Pes\Jetpack-MVVM-Best-Practice\architecture\src\main\java\com\kunminx\architecture\utils\DisplayUtils.java,com.kunminx.architecture.utils.DisplayUtils,class,1,2,1,1,4,1,0,3,6,0.0,0.0,0.0,4,4,4,0,0,0,4,0,0,0,0,0,0,0,0,0,0,0,4,18,4,0,0,0,4,0,4,4,8,4,0,0,0,0,24,1,0
c:\Users\arthur.menezes_evolu\Desktop\Pes\Jetpack-MVVM-Best-Practice\app\src\main\java\com\kunminx\puremusic\domain\request\DownloadRequester.java,com.kunminx.puremusic.domain.request.DownloadRequester,class,8,9,1,8,6,2,0,8,1,0.5,0.0,0.0,2,0,1,0,1,0,2,0,0,0,1,0,0,1,0,0,0,0,1,32,0,0,1,0,0,0,0,2,0,3,1,1,0,1,47,1,0
c:\Users\arthur.menezes_evolu\Desktop\Pes\Jetpack-MVVM-Best-Practice\app\src\main\java\com\kunminx\puremusic\data\bean\DownloadState.java,com.kunminx.puremusic.data.bean.DownloadState,class,0,4,4,0,2,1,0,0,0,0.0,0.0,0.0,2,0,2,0,0,0,2,0,0,0,2,0,2,0,0,0,2,0,0,12,0,0,0,0,0,0,1,4,0,2,0,0,0,0,16,1,0
c:\Users\arthur.menezes_evolu\Desktop\Pes\Jetpack-MVVM-Best-Practice\app\src\main\java\com\kunminx\puremusic\data\bean\User.java,com.kunminx.puremusic.data.bean.User,class,0,4,4,0,3,1,0,0,0,0.33333334,0.0,0.0,3,0,3,0,0,0,3,0,0,0,2,0,0,2,0,0,2,0,0,14,2,0,0,0,0,0,0,2,0,2,0,0,0,0,16,1,0
c:\Users\arthur.menezes_evolu\Desktop\Pes\Jetpack-MVVM-Best-Practice\app\src\main\java\com\kunminx\puremusic\ui\page\adapter\PlaylistAdapter.java,com.kunminx.puremusic.ui.page.adapter.PlaylistAdapter,class,7,8,1,7,3,2,0,10,1,0.0,0.0,0.0,2,0,1,0,1,0,2,0,0,0,0,0,0,0,0,0,0,0,2,10,0,0,1,0,0,0,0,1,0,1,0,0,0,0,19,1,0
c:\Users\arthur.menezes_evolu\Desktop\Pes\Jetpack-MVVM-Best-Practice\app\src\main\java\com\kunminx\puremusic\ui\view\PlayerSlideListener.java,com.kunminx.puremusic.ui.view.PlayerSlideListener,class,17,19,2,17,17,3,0,20,0,0.5851853,0.0,0.0,5,0,4,1,0,0,4,0,0,0,27,0,0,27,0,0,22,0,9,145,2,0,11,0,8,0,37,36,20,35,3,0,2,1,91,1,0
c:\Users\arthur.menezes_evolu\Desktop\Pes\Jetpack-MVVM-Best-Practice\app\src\main\java\com\kunminx\puremusic\domain\message\DrawerCoordinateManager.java,com.kunminx.puremusic.domain.message.DrawerCoordinateManager,class,6,10,4,6,9,1,0,7,0,0.47619048,0.0,0.0,7,1,5,2,0,0,5,0,0,0,3,1,0,3,0,0,3,0,0,33,3,0,1,0,0,0,1,3,0,3,1,0,0,0,50,1,0
c:\Users\arthur.menezes_evolu\Desktop\Pes\Jetpack-MVVM-Best-Practice\app\src\main\java\com\kunminx\puremusic\data\bean\TestAlbum.java,com.kunminx.puremusic.data.bean.TestAlbum$TestMusic,innerclass,2,2,0,2,2,2,0,0,1,0.5,0.0,0.0,2,0,2,0,0,0,2,0,0,0,1,0,0,1,0,0,0,0,0,9,1,0,0,0,0,0,0,0,0,1,0,0,0,0,8,9,0
c:\Users\arthur.menezes_evolu\Desktop\Pes\Jetpack-MVVM-Best-Practice\app\src\main\java\com\kunminx\puremusic\ui\bind\CommonBindingAdapter.java,com.kunminx.puremusic.ui.bind.CommonBindingAdapter,class,9,9,0,9,20,1,0,18,66,0.0,0.0,0.0,12,12,12,0,0,0,12,0,0,0,0,0,0,0,0,0,0,0,1,51,0,0,4,0,0,13,0,3,0,1,1,0,0,0,42,1,0
c:\Users\arthur.menezes_evolu\Desktop\Pes\Jetpack-MVVM-Best-Practice\app\src\main\java\com\kunminx\puremusic\ui\page\adapter\DiffUtils.java,com.kunminx.puremusic.ui.page.adapter.DiffUtils$Anonymous1,anonymous,2,2,0,2,2,1,0,2,1,0.0,0.0,0.0,2,0,2,0,0,0,2,0,0,0,0,0,0,0,0,0,0,0,0,8,2,0,0,0,0,0,0,0,0,0,0,0,0,0,9,-1,0
c:\Users\arthur.menezes_evolu\Desktop\Pes\Jetpack-MVVM-Best-Practice\app\src\main\java\com\kunminx\puremusic\ui\page\adapter\DiffUtils.java,com.kunminx.puremusic.ui.page.adapter.DiffUtils$Anonymous2,anonymous,2,2,0,2,2,1,0,1,1,0.0,0.0,0.0,2,0,2,0,0,0,2,0,0,0,0,0,0,0,0,0,0,0,0,8,2,0,0,0,0,0,0,0,0,0,0,0,0,0,7,-1,0
c:\Users\arthur.menezes_evolu\Desktop\Pes\Jetpack-MVVM-Best-Practice\app\src\main\java\com\kunminx\puremusic\ui\page\adapter\DiffUtils.java,com.kunminx.puremusic.ui.page.adapter.DiffUtils,class,2,5,3,2,6,1,0,0,4,0.6666667,0.0,0.0,4,1,3,1,0,0,3,0,0,0,3,1,0,3,0,0,1,0,0,38,3,0,2,0,0,0,0,3,0,3,1,2,0,0,26,1,0
c:\Users\arthur.menezes_evolu\Desktop\Pes\Jetpack-MVVM-Best-Practice\app\src\main\java\com\kunminx\puremusic\ui\bind\WebViewBindingAdapter.java,com.kunminx.puremusic.ui.bind.WebViewBindingAdapter$Anonymous1,anonymous,5,5,0,5,1,1,0,4,0,0.0,NaN,NaN,1,0,1,0,0,0,1,0,0,0,0,0,0,0,0,0,0,0,1,9,1,0,0,0,0,0,0,2,0,2,0,0,0,0,14,-1,0
c:\Users\arthur.menezes_evolu\Desktop\Pes\Jetpack-MVVM-Best-Practice\architecture\src\main\java\com\kunminx\architecture\data\response\DataResult.java,com.kunminx.architecture.data.response.DataResult$Result,interface,2,2,0,2,1,1,0,0,0,0.0,NaN,NaN,1,0,0,0,0,1,1,0,0,0,0,0,0,0,0,0,0,0,0,3,0,0,0,0,0,0,0,0,0,0,0,0,0,0,3,1,0
c:\Users\arthur.menezes_evolu\Desktop\Pes\Jetpack-MVVM-Best-Practice\app\src\main\java\com\kunminx\puremusic\MainActivity.java,com.kunminx.puremusic.MainActivity$ListenerHandler,innerclass,2,2,0,2,2,2,0,3,1,0.0,0.0,0.0,2,0,2,0,0,0,2,0,0,0,0,0,0,0,0,0,0,0,0,11,0,0,0,0,0,0,0,0,0,0,0,0,0,0,10,1,0
c:\Users\arthur.menezes_evolu\Desktop\Pes\Jetpack-MVVM-Best-Practice\app\src\main\java\com\kunminx\puremusic\ui\page\PlayerFragment.java,com.kunminx.puremusic.ui.page.PlayerFragment$PlayerStates,innerclass,8,8,0,8,0,3,0,5,0,NaN,-1.0,-1.0,0,0,0,0,0,0,0,0,0,0,10,0,10,0,0,0,10,0,4,12,0,0,0,0,0,2,2,10,0,10,0,0,0,0,22,9,0
c:\Users\arthur.menezes_evolu\Desktop\Pes\Jetpack-MVVM-Best-Practice\app\src\main\java\com\kunminx\puremusic\domain\usecase\DownloadUseCase.java,com.kunminx.puremusic.domain.usecase.DownloadUseCase,class,7,8,1,7,3,2,0,8,0,0.0,NaN,NaN,1,0,0,0,1,0,1,0,0,0,0,0,0,0,0,0,0,0,0,53,0,1,0,1,1,0,4,7,0,6,2,0,2,0,34,1,0
c:\Users\arthur.menezes_evolu\Desktop\Pes\Jetpack-MVVM-Best-Practice\app\src\main\java\com\kunminx\puremusic\domain\usecase\CanBeStoppedUseCase.java,com.kunminx.puremusic.domain.usecase.CanBeStoppedUseCase$ResponseValue,innerclass,3,3,0,3,2,1,0,0,0,0.0,0.0,0.0,2,0,2,0,0,0,2,0,0,0,1,0,0,1,0,0,1,0,0,9,1,0,0,0,0,0,0,1,0,1,0,0,0,0,7,25,0
c:\Users\arthur.menezes_evolu\Desktop\Pes\Jetpack-MVVM-Best-Practice\architecture\src\main\java\com\kunminx\architecture\utils\AdaptScreenUtils.java,com.kunminx.architecture.utils.AdaptScreenUtils,class,4,6,2,4,15,1,0,13,28,0.875,0.0,0.0,8,8,5,3,0,0,5,0,0,0,2,2,0,2,0,0,0,0,10,67,11,0,2,2,4,5,7,19,11,13,3,0,0,0,62,17,0
c:\Users\arthur.menezes_evolu\Desktop\Pes\Jetpack-MVVM-Best-Practice\app\src\main\java\com\kunminx\puremusic\ui\page\SearchFragment.java,com.kunminx.puremusic.ui.page.SearchFragment$ClickProxy,innerclass,2,2,0,2,5,1,0,4,10,0.0,0.0,0.0,5,0,5,0,0,0,5,0,0,0,0,0,0,0,0,0,0,0,0,17,0,0,0,0,0,0,0,0,0,0,0,0,0,0,14,1,0
c:\Users\arthur.menezes_evolu\Desktop\Pes\Jetpack-MVVM-Best-Practice\app\src\main\java\com\kunminx\puremusic\ui\page\PlayerFragment.java,com.kunminx.puremusic.ui.page.PlayerFragment$ListenerHandler,innerclass,3,3,0,3,1,1,0,3,0,0.0,NaN,NaN,1,0,1,0,0,0,1,0,0,0,0,0,0,0,0,0,0,0,1,5,0,0,0,0,0,0,0,0,0,0,0,0,0,0,9,9,0
c:\Users\arthur.menezes_evolu\Desktop\Pes\Jetpack-MVVM-Best-Practice\architecture\src\main\java\com\kunminx\architecture\utils\ClickUtils.java,com.kunminx.architecture.utils.ClickUtils,class,5,7,2,5,10,1,0,4,10,0.9,0.0,0.0,5,4,3,2,0,0,3,0,0,0,2,2,0,2,0,0,2,0,3,80,1,1,4,0,0,1,5,2,0,2,2,1,1,0,47,1,0
c:\Users\arthur.menezes_evolu\Desktop\Pes\Jetpack-MVVM-Best-Practice\app\src\main\java\com\kunminx\puremusic\data\repository\DataRepository.java,com.kunminx.puremusic.data.repository.DataRepository$Anonymous1,anonymous,0,0,0,0,0,1,0,0,0,0.0,-1.0,-1.0,0,0,0,0,0,0,0,0,0,0,0,0,0,0,0,0,0,0,0,2,0,0,0,0,0,0,0,0,0,0,0,0,0,0,0,-1,0
c:\Users\arthur.menezes_evolu\Desktop\Pes\Jetpack-MVVM-Best-Practice\app\src\main\java\com\kunminx\puremusic\data\repository\DataRepository.java,com.kunminx.puremusic.data.repository.DataRepository$Anonymous2,anonymous,0,0,0,0,0,1,0,0,0,0.0,-1.0,-1.0,0,0,0,0,0,0,0,0,0,0,0,0,0,0,0,0,0,0,0,2,0,0,0,0,0,0,0,0,0,0,0,0,0,0,0,-1,0
c:\Users\arthur.menezes_evolu\Desktop\Pes\Jetpack-MVVM-Best-Practice\architecture\src\main\java\com\kunminx\architecture\utils\BarUtils.java,com.kunminx.architecture.utils.BarUtils,class,20,22,2,20,83,1,0,67,721,0.9230769,0.0,0.0,39,38,28,11,0,0,28,0,0,0,3,3,0,3,0,0,3,0,42,326,30,4,24,1,4,19,10,72,2,60,3,0,0,0,163,17,0
c:\Users\arthur.menezes_evolu\Desktop\Pes\Jetpack-MVVM-Best-Practice\architecture\src\main\java\com\kunminx\architecture\domain\usecase\UseCase.java,com.kunminx.architecture.domain.usecase.UseCase$ResponseValue,interface,0,0,0,0,0,1,0,0,0,0.0,-1.0,-1.0,0,0,0,0,0,0,0,0,0,0,0,0,0,0,0,0,0,0,0,2,0,0,0,0,0,0,0,0,0,0,0,0,0,0,6,1,0
c:\Users\arthur.menezes_evolu\Desktop\Pes\Jetpack-MVVM-Best-Practice\app\src\main\java\com\kunminx\puremusic\domain\request\AccountRequester.java,com.kunminx.puremusic.domain.request.AccountRequester$Anonymous1,anonymous,3,3,0,3,4,1,0,2,6,0.0,0.0,0.0,4,0,4,0,0,0,4,0,0,0,0,0,0,0,0,0,0,0,0,14,0,0,0,0,0,0,0,2,0,0,0,0,0,0,15,-1,0
c:\Users\arthur.menezes_evolu\Desktop\Pes\Jetpack-MVVM-Best-Practice\architecture\src\test\java\com\kunminx\architecture\ExampleUnitTest.java,com.kunminx.architecture.ExampleUnitTest,class,1,1,0,1,1,1,0,1,0,0.0,NaN,NaN,1,0,1,0,0,0,1,0,0,0,0,0,0,0,0,0,0,0,0,5,0,0,0,0,0,0,3,0,1,0,0,0,0,0,22,1,0
c:\Users\arthur.menezes_evolu\Desktop\Pes\Jetpack-MVVM-Best-Practice\architecture\src\main\java\com\kunminx\architecture\domain\request\AsyncTask.java,com.kunminx.architecture.domain.request.AsyncTask$Observer,interface,4,4,0,4,4,1,0,0,6,0.0,0.0,0.0,4,0,0,0,0,4,4,0,0,0,0,0,0,0,0,0,0,0,0,9,0,0,0,0,0,0,0,0,0,0,0,0,0,0,11,1,0
c:\Users\arthur.menezes_evolu\Desktop\Pes\Jetpack-MVVM-Best-Practice\architecture\src\main\java\com\kunminx\architecture\data\response\manager\NetworkStateManager.java,com.kunminx.architecture.data.response.manager.NetworkStateManager,class,7,9,2,7,4,1,0,4,4,0.625,0.0,0.0,4,1,3,1,0,0,3,0,0,0,2,1,0,2,0,0,2,0,2,16,1,0,0,0,0,0,0,3,0,3,0,0,0,0,32,1,0
c:\Users\arthur.menezes_evolu\Desktop\Pes\Jetpack-MVVM-Best-Practice\architecture\src\main\java\com\kunminx\architecture\domain\usecase\UseCase.java,com.kunminx.architecture.domain.usecase.UseCase$UseCaseCallback,interface,1,1,0,1,2,1,0,0,1,0.0,0.0,0.0,2,0,0,0,0,2,2,0,0,0,0,0,0,0,0,0,0,0,0,5,0,0,0,0,0,0,0,0,0,0,0,0,0,0,5,1,0
c:\Users\arthur.menezes_evolu\Desktop\Pes\Jetpack-MVVM-Best-Practice\architecture\src\main\java\com\kunminx\architecture\domain\request\Requester.java,com.kunminx.architecture.domain.request.Requester,class,1,4,3,1,0,2,3,0,0,0.0,-1.0,-1.0,0,0,0,0,0,0,0,0,0,0,0,0,0,0,0,0,0,0,0,2,0,0,0,0,0,0,0,0,0,0,0,0,0,0,43,1,0
c:\Users\arthur.menezes_evolu\Desktop\Pes\Jetpack-MVVM-Best-Practice\app\src\main\java\com\kunminx\puremusic\data\config\Const.java,com.kunminx.puremusic.data.config.Const,class,1,1,0,1,0,1,0,4,0,NaN,-1.0,-1.0,0,0,0,0,0,0,0,0,0,0,3,3,3,0,0,0,3,0,3,5,0,0,0,0,0,0,0,3,0,3,0,0,0,0,24,1,0
c:\Users\arthur.menezes_evolu\Desktop\Pes\Jetpack-MVVM-Best-Practice\app\src\main\java\com\kunminx\puremusic\ui\page\adapter\DrawerAdapter.java,com.kunminx.puremusic.ui.page.adapter.DrawerAdapter,class,8,9,1,8,2,2,0,7,1,0.0,0.0,0.0,2,0,1,0,1,0,2,0,0,0,0,0,0,0,0,0,0,0,1,14,0,0,0,0,0,0,0,2,0,5,1,0,0,1,26,1,0
c:\Users\arthur.menezes_evolu\Desktop\Pes\Jetpack-MVVM-Best-Practice\app\src\main\java\com\kunminx\puremusic\ui\page\DrawerFragment.java,com.kunminx.puremusic.ui.page.DrawerFragment,class,11,11,0,11,5,5,0,12,0,0.16666667,0.0,0.0,3,0,1,0,2,0,3,0,0,0,2,0,0,2,0,0,0,0,0,28,2,0,1,0,0,0,0,2,0,3,2,0,2,1,34,1,0
c:\Users\arthur.menezes_evolu\Desktop\Pes\Jetpack-MVVM-Best-Practice\app\src\main\java\com\kunminx\puremusic\ui\page\helper\DefaultInterface.java,com.kunminx.puremusic.ui.page.helper.DefaultInterface$OnSeekBarChangeListener,interface,2,2,0,2,3,1,0,0,3,0.0,0.0,0.0,3,0,0,0,0,3,3,0,0,0,0,0,0,0,0,0,0,0,0,8,0,0,0,0,0,0,0,0,0,0,0,0,0,0,15,1,0
c:\Users\arthur.menezes_evolu\Desktop\Pes\Jetpack-MVVM-Best-Practice\architecture\src\main\java\com\kunminx\architecture\domain\request\AsyncTask.java,com.kunminx.architecture.domain.request.AsyncTask,class,4,5,1,4,2,1,0,6,1,0.0,0.0,0.0,2,2,2,0,0,0,2,0,0,0,0,0,0,0,0,0,0,0,0,20,2,0,0,0,0,2,0,0,0,0,0,0,2,0,13,1,0
c:\Users\arthur.menezes_evolu\Desktop\Pes\Jetpack-MVVM-Best-Practice\app\src\main\java\com\kunminx\puremusic\domain\message\PlayerReceiver.java,com.kunminx.puremusic.domain.message.PlayerReceiver,class,5,5,0,5,18,2,0,14,0,0.0,NaN,NaN,1,0,1,0,0,0,1,0,0,0,0,0,0,0,0,0,0,0,13,55,3,0,3,0,0,0,0,1,0,1,2,0,0,0,12,1,0
c:\Users\arthur.menezes_evolu\Desktop\Pes\Jetpack-MVVM-Best-Practice\architecture\src\main\java\com\kunminx\architecture\utils\Utils.java,com.kunminx.architecture.utils.Utils$ActivityLifecycleImpl,innerclass,11,11,0,11,52,1,0,52,112,0.84313726,0.0,0.0,17,1,7,5,0,5,12,0,0,0,6,0,0,3,0,3,3,0,3,192,13,5,12,2,1,10,4,27,0,24,3,0,0,0,83,8,0
c:\Users\arthur.menezes_evolu\Desktop\Pes\Jetpack-MVVM-Best-Practice\architecture\src\main\java\com\kunminx\architecture\data\response\ResultSource.java,com.kunminx.architecture.data.response.ResultSource,enum,0,1,1,0,0,1,0,0,0,0.0,-1.0,-1.0,0,0,0,0,0,0,0,0,0,0,0,0,0,0,0,0,0,0,0,1,0,0,0,0,0,0,0,0,0,0,0,0,0,0,17,1,0
c:\Users\arthur.menezes_evolu\Desktop\Pes\Jetpack-MVVM-Best-Practice\app\src\main\java\com\kunminx\puremusic\ui\page\MainFragment.java,com.kunminx.puremusic.ui.page.MainFragment$MainStates,innerclass,3,3,0,3,0,3,0,0,0,NaN,-1.0,-1.0,0,0,0,0,0,0,0,0,0,0,4,0,4,0,0,0,4,0,0,6,0,0,0,0,0,2,0,4,0,4,0,0,0,0,15,9,0
c:\Users\arthur.menezes_evolu\Desktop\Pes\Jetpack-MVVM-Best-Practice\app\src\main\java\com\kunminx\puremusic\data\api\AccountService.java,com.kunminx.puremusic.data.api.AccountService,interface,4,5,1,4,1,1,0,0,0,0.0,NaN,NaN,1,0,0,0,0,1,1,0,0,0,0,0,0,0,0,0,0,0,0,3,0,0,0,0,0,3,0,0,0,0,0,0,0,0,10,1,0
c:\Users\arthur.menezes_evolu\Desktop\Pes\Jetpack-MVVM-Best-Practice\app\src\main\java\com\kunminx\puremusic\ui\page\MainFragment.java,com.kunminx.puremusic.ui.page.MainFragment$ClickProxy,innerclass,2,2,0,2,3,1,0,3,3,0.0,0.0,0.0,3,0,3,0,0,0,3,0,0,0,0,0,0,0,0,0,0,0,0,11,0,0,0,0,0,0,0,0,0,0,0,0,0,0,8,1,0
c:\Users\arthur.menezes_evolu\Desktop\Pes\Jetpack-MVVM-Best-Practice\app\src\main\java\com\kunminx\puremusic\data\repository\DataRepository.java,com.kunminx.puremusic.data.repository.DataRepository,class,19,24,5,19,10,1,0,28,13,0.75,0.0,0.0,6,1,5,1,0,0,6,0,0,0,2,1,0,2,0,0,2,0,8,68,5,1,1,2,1,1,25,17,0,21,3,2,0,4,68,1,0
c:\Users\arthur.menezes_evolu\Desktop\Pes\Jetpack-MVVM-Best-Practice\app\src\main\java\com\kunminx\puremusic\domain\message\PageMessenger.java,com.kunminx.puremusic.domain.message.PageMessenger,class,2,6,4,2,1,2,0,1,0,0.0,NaN,NaN,1,0,0,0,1,0,1,0,0,0,0,0,0,0,0,0,0,0,0,5,0,0,0,0,0,0,0,0,0,0,0,0,0,0,25,1,0
c:\Users\arthur.menezes_evolu\Desktop\Pes\Jetpack-MVVM-Best-Practice\architecture\src\androidTest\java\com\kunminx\architecture\ExampleInstrumentedTest.java,com.kunminx.architecture.ExampleInstrumentedTest,class,4,4,0,4,1,1,0,4,0,0.0,NaN,NaN,1,0,1,0,0,0,1,0,0,0,0,0,0,0,0,0,0,0,0,6,0,0,0,0,0,1,0,1,0,1,0,0,0,0,19,1,0
c:\Users\arthur.menezes_evolu\Desktop\Pes\Jetpack-MVVM-Best-Practice\app\src\main\java\com\kunminx\puremusic\ui\bind\IconBindingAdapter.java,com.kunminx.puremusic.ui.bind.IconBindingAdapter,class,4,4,0,4,5,1,0,5,6,0.0,0.0,0.0,4,4,4,0,0,0,4,0,0,0,0,0,0,0,0,0,0,0,0,19,0,0,0,0,0,4,0,0,0,0,1,0,0,0,24,1,0
c:\Users\arthur.menezes_evolu\Desktop\Pes\Jetpack-MVVM-Best-Practice\app\src\main\java\com\kunminx\puremusic\ui\bind\WebViewBindingAdapter.java,com.kunminx.puremusic.ui.bind.WebViewBindingAdapter,class,5,5,0,5,2,1,0,11,1,0.0,0.0,0.0,2,2,2,0,0,0,2,0,0,0,0,0,0,0,0,0,0,0,0,38,0,0,0,0,0,7,0,3,1,3,0,1,0,0,23,1,0
c:\Users\arthur.menezes_evolu\Desktop\Pes\Jetpack-MVVM-Best-Practice\app\src\androidTest\java\com\kunminx\puremusic\ExampleInstrumentedTest.java,com.kunminx.puremusic.ExampleInstrumentedTest,class,4,4,0,4,1,1,0,4,0,0.0,NaN,NaN,1,0,1,0,0,0,1,0,0,0,0,0,0,0,0,0,0,0,0,6,0,0,0,0,0,1,0,1,0,1,0,0,0,0,19,1,0
c:\Users\arthur.menezes_evolu\Desktop\Pes\Jetpack-MVVM-Best-Practice\app\src\main\java\com\kunminx\puremusic\domain\event\Messages.java,com.kunminx.puremusic.domain.event.Messages,class,0,4,4,0,1,1,0,0,0,0.8333333,NaN,NaN,1,0,1,0,0,0,1,0,0,0,6,5,6,0,0,0,6,0,0,11,0,0,0,0,0,0,5,6,0,6,0,0,0,0,28,1,0
c:\Users\arthur.menezes_evolu\Desktop\Pes\Jetpack-MVVM-Best-Practice\app\src\main\java\com\kunminx\puremusic\ui\page\LoginFragment.java,com.kunminx.puremusic.ui.page.LoginFragment$LoginStates,innerclass,2,2,0,2,0,3,0,0,0,NaN,-1.0,-1.0,0,0,0,0,0,0,0,0,0,0,3,0,3,0,0,0,3,0,0,5,0,0,0,0,0,2,0,3,0,3,0,0,0,0,9,9,0
c:\Users\arthur.menezes_evolu\Desktop\Pes\Jetpack-MVVM-Best-Practice\app\src\main\java\com\kunminx\puremusic\domain\request\InfoRequester.java,com.kunminx.puremusic.domain.request.InfoRequester,class,7,8,1,7,3,3,0,4,0,0.0,0.0,0.0,2,0,2,0,0,0,2,0,0,0,1,0,0,1,0,0,1,0,1,9,1,0,1,0,0,1,0,1,0,1,1,0,0,0,50,1,0
c:\Users\arthur.menezes_evolu\Desktop\Pes\Jetpack-MVVM-Best-Practice\app\src\main\java\com\kunminx\puremusic\ui\widget\PlayerService.java,com.kunminx.puremusic.ui.widget.PlayerService,class,22,23,1,22,18,2,0,36,15,0.8333334,0.0,0.0,6,0,4,2,0,0,4,0,0,0,8,7,5,3,0,0,7,0,5,106,3,0,3,2,0,11,8,32,2,26,2,0,0,1,92,1,0
c:\Users\arthur.menezes_evolu\Desktop\Pes\Jetpack-MVVM-Best-Practice\app\src\main\java\com\kunminx\puremusic\domain\usecase\CanBeStoppedUseCase.java,com.kunminx.puremusic.domain.usecase.CanBeStoppedUseCase$RequestValues,innerclass,1,1,0,1,0,1,0,0,0,0.0,-1.0,-1.0,0,0,0,0,0,0,0,0,0,0,0,0,0,0,0,0,0,0,0,2,0,0,0,0,0,0,0,0,0,0,0,0,0,0,2,25,0
c:\Users\arthur.menezes_evolu\Desktop\Pes\Jetpack-MVVM-Best-Practice\app\src\main\java\com\kunminx\puremusic\ui\bind\TabPageBindingAdapter.java,com.kunminx.puremusic.ui.bind.TabPageBindingAdapter,class,5,5,0,5,5,1,0,9,1,0.0,0.0,0.0,2,2,2,0,0,0,2,0,0,0,0,0,0,0,0,0,0,0,0,18,0,1,2,0,1,2,1,6,0,5,2,0,0,0,27,1,0
c:\Users\arthur.menezes_evolu\Desktop\Pes\Jetpack-MVVM-Best-Practice\architecture\src\main\java\com\kunminx\architecture\domain\usecase\UseCaseScheduler.java,com.kunminx.architecture.domain.usecase.UseCaseScheduler,interface,2,4,2,2,3,1,0,0,3,0.0,0.0,0.0,3,0,0,0,0,3,3,0,0,0,0,0,0,0,0,0,0,0,0,5,0,0,0,0,0,0,0,0,0,0,0,0,0,0,17,1,0
c:\Users\arthur.menezes_evolu\Desktop\Pes\Jetpack-MVVM-Best-Practice\app\src\main\java\com\kunminx\puremusic\domain\request\DownloadRequester.java,com.kunminx.puremusic.domain.request.DownloadRequester$Anonymous1,anonymous,3,3,0,3,2,1,0,2,1,0.0,0.0,0.0,2,0,2,0,0,0,2,0,0,0,0,0,0,0,0,0,0,0,0,8,0,0,0,0,0,0,0,1,0,0,0,0,0,0,12,-1,0
c:\Users\arthur.menezes_evolu\Desktop\Pes\Jetpack-MVVM-Best-Practice\architecture\src\main\java\com\kunminx\architecture\utils\ClickUtils.java,com.kunminx.architecture.utils.ClickUtils$OnDebouncingClickListener,innerclass,4,4,0,4,12,1,0,6,19,0.78571427,0.0,0.0,7,1,6,1,0,0,6,1,1,0,4,2,0,4,0,0,3,0,2,48,3,0,0,0,1,0,0,9,1,7,2,0,0,1,37,1033,0
c:\Users\arthur.menezes_evolu\Desktop\Pes\Jetpack-MVVM-Best-Practice\architecture\src\main\java\com\kunminx\architecture\utils\ScreenUtils.java,com.kunminx.architecture.utils.ScreenUtils,class,14,17,3,14,32,1,0,30,190,0.0,0.0,0.0,20,19,19,1,0,0,19,0,0,0,0,0,0,0,0,0,0,0,9,112,18,0,5,1,3,5,8,16,1,15,1,0,0,0,105,17,0
c:\Users\arthur.menezes_evolu\Desktop\Pes\Jetpack-MVVM-Best-Practice\architecture\src\main\java\com\kunminx\architecture\utils\Utils.java,com.kunminx.architecture.utils.Utils,class,7,22,15,7,13,2,0,11,8,0.8,0.0,0.0,5,4,3,2,0,0,3,0,0,0,3,3,0,3,0,0,2,0,7,262,4,0,7,1,0,9,0,9,0,7,2,0,4,0,70,17,0
c:\Users\arthur.menezes_evolu\Desktop\Pes\Jetpack-MVVM-Best-Practice\app\src\main\java\com\kunminx\puremusic\domain\event\DownloadEvent.java,com.kunminx.puremusic.domain.event.DownloadEvent,class,2,6,4,2,3,1,0,0,0,0.5,0.0,0.0,3,0,3,0,0,0,3,0,0,0,4,2,4,0,0,0,4,0,0,17,1,0,0,0,0,0,2,6,0,4,0,0,0,0,25,1,0
c:\Users\arthur.menezes_evolu\Desktop\Pes\Jetpack-MVVM-Best-Practice\app\src\main\java\com\kunminx\puremusic\data\config\Configs.java,com.kunminx.puremusic.data.config.Configs,interface,6,7,1,6,4,1,0,0,6,0.0,0.0,0.0,4,0,0,0,0,4,4,0,0,0,0,0,0,0,0,0,0,0,0,6,0,0,0,0,0,0,0,0,0,0,0,0,0,0,25,1,0
c:\Users\arthur.menezes_evolu\Desktop\Pes\Jetpack-MVVM-Best-Practice\app\src\main\java\com\kunminx\puremusic\data\bean\LibraryInfo.java,com.kunminx.puremusic.data.bean.LibraryInfo,class,0,4,4,0,4,1,0,0,0,0.5,0.0,0.0,4,0,4,0,0,0,4,0,0,0,3,0,0,3,0,0,3,0,0,19,3,0,0,0,0,0,0,3,0,3,0,0,0,0,19,1,0
c:\Users\arthur.menezes_evolu\Desktop\Pes\Jetpack-MVVM-Best-Practice\app\src\main\java\com\kunminx\puremusic\ui\page\helper\DefaultInterface.java,com.kunminx.puremusic.ui.page.helper.DefaultInterface$PanelSlideListener,interface,3,3,0,3,2,1,0,0,1,0.0,0.0,0.0,2,0,0,0,0,2,2,0,0,0,0,0,0,0,0,0,0,0,0,6,0,0,0,0,0,0,0,0,0,0,0,0,0,0,10,1,0
c:\Users\arthur.menezes_evolu\Desktop\Pes\Jetpack-MVVM-Best-Practice\architecture\src\main\java\com\kunminx\architecture\utils\ClickUtils.java,com.kunminx.architecture.utils.ClickUtils$Anonymous1,anonymous,1,1,0,1,1,1,0,1,0,0.0,NaN,NaN,1,0,1,0,0,0,1,0,0,0,0,0,0,0,0,0,0,0,0,5,0,0,0,0,0,0,0,0,0,0,0,0,0,0,5,-1,0
c:\Users\arthur.menezes_evolu\Desktop\Pes\Jetpack-MVVM-Best-Practice\app\src\test\java\com\kunminx\puremusic\ExampleUnitTest.java,com.kunminx.puremusic.ExampleUnitTest,class,1,1,0,1,1,1,0,1,0,0.0,NaN,NaN,1,0,1,0,0,0,1,0,0,0,0,0,0,0,0,0,0,0,0,5,0,0,0,0,0,0,3,0,1,0,0,0,0,0,22,1,0
c:\Users\arthur.menezes_evolu\Desktop\Pes\Jetpack-MVVM-Best-Practice\app\src\main\java\com\kunminx\puremusic\domain\request\MusicRequester.java,com.kunminx.puremusic.domain.request.MusicRequester,class,7,8,1,7,2,3,0,3,0,0.0,0.0,0.0,2,0,2,0,0,0,2,0,0,0,1,0,0,1,0,0,1,0,1,9,1,0,0,0,0,1,0,1,0,1,0,0,0,0,50,1,0
c:\Users\arthur.menezes_evolu\Desktop\Pes\Jetpack-MVVM-Best-Practice\app\src\main\java\com\kunminx\puremusic\ui\view\PlayPauseView.java,com.kunminx.puremusic.ui.view.PlayPauseView,class,14,15,1,14,17,2,0,27,14,0.7762238,0.0,0.0,13,0,9,1,3,0,12,0,0,0,11,1,2,9,0,0,4,0,1,102,5,0,3,0,0,0,7,19,3,15,1,1,0,0,75,1,0
c:\Users\arthur.menezes_evolu\Desktop\Pes\Jetpack-MVVM-Best-Practice\app\src\main\java\com\kunminx\puremusic\ui\page\PlayerFragment.java,com.kunminx.puremusic.ui.page.PlayerFragment,class,19,19,0,19,9,5,0,27,0,0.25,0.0,0.0,3,0,1,0,2,0,3,0,0,0,4,0,0,4,0,0,0,0,1,105,1,0,2,0,0,0,0,6,0,10,4,1,3,4,49,1,0
