file,class,type,cbo,cboModified,fanin,fanout,wmc,dit,noc,rfc,lcom,lcom*,tcc,lcc,totalMethodsQty,staticMethodsQty,publicMethodsQty,privateMethodsQty,protectedMethodsQty,defaultMethodsQty,visibleMethodsQty,abstractMethodsQty,finalMethodsQty,synchronizedMethodsQty,totalFieldsQty,staticFieldsQty,publicFieldsQty,privateFieldsQty,protectedFieldsQty,defaultFieldsQty,finalFieldsQty,synchronizedFieldsQty,nosi,loc,returnQty,loopQty,comparisonsQty,tryCatchQty,parenthesizedExpsQty,stringLiteralsQty,numbersQty,assignmentsQty,mathOperationsQty,variablesQty,maxNestedBlocksQty,anonymousClassesQty,innerClassesQty,lambdasQty,uniqueWordsQty,modifiers,logStatementsQty
c:\Users\arthur.menezes_evolu\Desktop\Pes\XPopup\app\src\main\java\com\lxj\xpopupdemo\custom\CustomDrawerPopupView.java,com.lxj.xpopupdemo.custom.CustomDrawerPopupView,class,7,9,2,7,6,4,0,8,10,1.0,0.0,0.0,5,0,1,0,4,0,5,0,0,0,1,0,0,0,0,1,0,0,0,51,1,1,0,0,0,7,2,3,1,4,1,2,0,0,32,1,0
c:\Users\arthur.menezes_evolu\Desktop\Pes\XPopup\library\src\main\java\com\lxj\xpopup\impl\BottomListPopupView.java,com.lxj.xpopup.impl.BottomListPopupView,class,16,18,2,16,22,4,0,26,12,0.7171717,0.0,0.0,9,0,4,0,5,0,9,0,0,0,10,0,0,1,2,7,0,0,3,141,4,0,11,0,2,1,9,13,0,12,3,3,0,0,64,1,0
c:\Users\arthur.menezes_evolu\Desktop\Pes\XPopup\app\src\main\java\com\lxj\xpopupdemo\fragment\ImageViewerDemo.java,com.lxj.xpopupdemo.fragment.ImageViewerDemo$ImageAdapter,innerclass,8,8,0,8,2,2,0,9,1,0.0,0.0,0.0,2,0,1,0,1,0,2,0,0,0,0,0,0,0,0,0,0,0,0,21,0,0,0,0,0,0,1,1,0,1,0,1,0,0,16,9,1
c:\Users\arthur.menezes_evolu\Desktop\Pes\XPopup\library\src\main\java\com\lxj\xpopup\core\AttachPopupView.java,com.lxj.xpopup.core.AttachPopupView$Anonymous4,anonymous,3,3,0,3,10,1,0,10,0,0.0,NaN,NaN,1,0,1,0,0,0,1,0,0,0,0,0,0,0,0,0,0,0,2,36,1,0,1,0,8,0,4,8,15,0,4,0,0,0,28,-1,0
c:\Users\arthur.menezes_evolu\Desktop\Pes\XPopup\library\src\main\java\com\lxj\xpopup\core\AttachPopupView.java,com.lxj.xpopup.core.AttachPopupView$Anonymous3,anonymous,3,3,0,3,10,1,0,9,0,0.0,NaN,NaN,1,0,1,0,0,0,1,0,0,0,0,0,0,0,0,0,0,0,2,38,1,0,1,0,4,0,4,8,11,0,3,0,0,0,28,-1,0
c:\Users\arthur.menezes_evolu\Desktop\Pes\XPopup\app\src\main\java\com\lxj\xpopupdemo\DemoActivity.java,com.lxj.xpopupdemo.DemoActivity$Anonymous7,anonymous,0,0,0,0,2,1,0,4,0,0.0,NaN,NaN,1,0,1,0,0,0,1,0,0,0,0,0,0,0,0,0,0,0,0,7,1,0,1,0,0,0,0,1,0,0,1,0,0,0,9,-1,0
c:\Users\arthur.menezes_evolu\Desktop\Pes\XPopup\app\src\main\java\com\lxj\xpopupdemo\fragment\QuickStartDemo.java,com.lxj.xpopupdemo.fragment.QuickStartDemo$Anonymous6,anonymous,1,1,0,1,1,1,0,1,0,0.0,NaN,NaN,1,0,1,0,0,0,1,0,0,0,0,0,0,0,0,0,0,0,0,5,0,0,0,0,0,1,0,0,1,0,0,0,0,0,4,-1,0
c:\Users\arthur.menezes_evolu\Desktop\Pes\XPopup\app\src\main\java\com\lxj\xpopupdemo\fragment\QuickStartDemo.java,com.lxj.xpopupdemo.fragment.QuickStartDemo$Anonymous5,anonymous,0,0,0,0,1,1,0,0,0,0.0,NaN,NaN,1,0,1,0,0,0,1,0,0,0,0,0,0,0,0,0,0,0,0,4,0,0,0,0,0,0,0,0,0,0,0,0,0,0,3,-1,0
c:\Users\arthur.menezes_evolu\Desktop\Pes\XPopup\app\src\main\java\com\lxj\xpopupdemo\custom\NotificationMsgPopup.java,com.lxj.xpopupdemo.custom.NotificationMsgPopup,class,4,5,1,4,4,4,0,4,6,0.0,0.0,0.0,4,0,1,0,3,0,4,0,0,0,0,0,0,0,0,0,0,0,0,20,2,0,0,0,0,0,0,0,0,0,0,1,0,0,21,1,0
c:\Users\arthur.menezes_evolu\Desktop\Pes\XPopup\app\src\main\java\com\lxj\xpopupdemo\DemoActivity.java,com.lxj.xpopupdemo.DemoActivity$Anonymous5,anonymous,3,3,0,3,1,1,0,2,0,0.0,NaN,NaN,1,0,1,0,0,0,1,0,0,0,0,0,0,0,0,0,0,0,0,10,0,0,0,0,0,2,0,0,0,0,0,1,0,0,6,-1,0
c:\Users\arthur.menezes_evolu\Desktop\Pes\XPopup\app\src\main\java\com\lxj\xpopupdemo\fragment\QuickStartDemo.java,com.lxj.xpopupdemo.fragment.QuickStartDemo$Anonymous8,anonymous,1,1,0,1,1,1,0,3,0,0.0,NaN,NaN,1,0,1,0,0,0,1,0,0,0,0,0,0,0,0,0,0,0,0,12,0,0,0,0,0,1,1,0,0,0,0,1,0,0,2,-1,0
c:\Users\arthur.menezes_evolu\Desktop\Pes\XPopup\library\src\main\java\com\lxj\xpopup\core\BasePopupView.java,com.lxj.xpopup.core.BasePopupView$ShowSoftInputTask,innerclass,2,2,0,2,3,1,0,1,0,0.0,0.0,0.0,2,0,2,0,0,0,2,0,0,0,1,0,0,0,0,1,0,0,1,11,0,0,1,0,0,0,0,1,0,1,1,0,0,0,9,8,0
c:\Users\arthur.menezes_evolu\Desktop\Pes\XPopup\library\src\main\java\com\lxj\xpopup\XPopup.java,com.lxj.xpopup.XPopup$Builder,innerclass,29,29,0,29,78,1,0,43,0,0.56666666,0.0,0.0,75,0,75,0,0,0,75,0,0,0,2,0,0,2,0,0,1,0,1,313,74,0,1,0,0,0,28,68,0,11,1,1,0,0,148,9,0
c:\Users\arthur.menezes_evolu\Desktop\Pes\XPopup\app\src\main\java\com\lxj\xpopupdemo\fragment\QuickStartDemo.java,com.lxj.xpopupdemo.fragment.QuickStartDemo$Anonymous7,anonymous,1,1,0,1,1,1,0,1,0,0.0,NaN,NaN,1,0,1,0,0,0,1,0,0,0,0,0,0,0,0,0,0,0,0,5,0,0,0,0,0,1,0,0,1,0,0,0,0,0,4,-1,0
c:\Users\arthur.menezes_evolu\Desktop\Pes\XPopup\library\src\main\java\com\lxj\xpopup\photoview\Util.java,com.lxj.xpopup.photoview.Util,class,2,4,2,2,9,1,0,1,6,0.0,0.0,0.0,4,4,0,0,0,4,4,0,0,0,0,0,0,0,0,0,0,0,0,26,5,0,2,0,1,2,0,0,1,0,1,0,0,0,41,0,0
c:\Users\arthur.menezes_evolu\Desktop\Pes\XPopup\app\src\main\java\com\lxj\xpopupdemo\fragment\ImageViewerDemo.java,com.lxj.xpopupdemo.fragment.ImageViewerDemo$ImageAdapter$Anonymous7,anonymous,4,4,0,4,1,1,0,6,0,0.0,NaN,NaN,1,0,1,0,0,0,1,0,0,0,0,0,0,0,0,0,0,0,0,11,0,0,0,0,0,0,6,0,0,0,0,1,0,0,13,-1,0
c:\Users\arthur.menezes_evolu\Desktop\Pes\XPopup\app\src\main\java\com\lxj\xpopupdemo\fragment\QuickStartDemo.java,com.lxj.xpopupdemo.fragment.QuickStartDemo$Anonymous2,anonymous,1,1,0,1,1,1,0,1,0,0.0,NaN,NaN,1,0,1,0,0,0,1,0,0,0,0,0,0,0,0,0,0,0,0,5,0,0,0,0,0,0,0,0,0,0,0,0,0,0,4,-1,0
c:\Users\arthur.menezes_evolu\Desktop\Pes\XPopup\library\src\main\java\com\lxj\xpopup\animator\ShadowBgAnimator.java,com.lxj.xpopup.animator.ShadowBgAnimator$Anonymous2,anonymous,1,1,0,1,1,1,0,2,0,0.0,NaN,NaN,1,0,1,0,0,0,1,0,0,0,0,0,0,0,0,0,0,0,0,5,0,0,0,0,0,0,0,0,0,0,0,0,0,0,7,-1,0
c:\Users\arthur.menezes_evolu\Desktop\Pes\XPopup\app\src\main\java\com\lxj\xpopupdemo\fragment\QuickStartDemo.java,com.lxj.xpopupdemo.fragment.QuickStartDemo$Anonymous1,anonymous,4,4,0,4,1,1,0,8,0,0.0,NaN,NaN,1,0,1,0,0,0,1,0,0,0,0,0,0,0,0,0,0,0,1,7,1,0,0,0,0,0,0,0,0,0,0,0,0,0,14,-1,0
c:\Users\arthur.menezes_evolu\Desktop\Pes\XPopup\library\src\main\java\com\lxj\xpopup\animator\ShadowBgAnimator.java,com.lxj.xpopup.animator.ShadowBgAnimator$Anonymous1,anonymous,1,1,0,1,1,1,0,2,0,0.0,NaN,NaN,1,0,1,0,0,0,1,0,0,0,0,0,0,0,0,0,0,0,0,5,0,0,0,0,0,0,0,0,0,0,0,0,0,0,7,-1,0
c:\Users\arthur.menezes_evolu\Desktop\Pes\XPopup\app\src\main\java\com\lxj\xpopupdemo\fragment\QuickStartDemo.java,com.lxj.xpopupdemo.fragment.QuickStartDemo$Anonymous4,anonymous,0,0,0,0,1,1,0,0,0,0.0,NaN,NaN,1,0,1,0,0,0,1,0,0,0,0,0,0,0,0,0,0,0,0,4,0,0,0,0,0,0,0,0,0,0,0,0,0,0,3,-1,0
c:\Users\arthur.menezes_evolu\Desktop\Pes\XPopup\app\src\main\java\com\lxj\xpopupdemo\fragment\QuickStartDemo.java,com.lxj.xpopupdemo.fragment.QuickStartDemo$Anonymous3,anonymous,0,0,0,0,1,1,0,0,0,0.0,NaN,NaN,1,0,1,0,0,0,1,0,0,0,0,0,0,0,0,0,0,0,0,4,0,0,0,0,0,0,0,0,0,0,0,0,0,0,2,-1,0
c:\Users\arthur.menezes_evolu\Desktop\Pes\XPopup\library\src\main\java\com\lxj\xpopup\widget\LoadingView.java,com.lxj.xpopup.widget.LoadingView$Anonymous1,anonymous,0,0,0,0,1,1,0,4,0,0.0,NaN,NaN,1,0,1,0,0,0,1,0,0,0,0,0,0,0,0,0,0,0,0,7,0,0,0,0,0,0,3,0,0,0,0,0,0,0,5,-1,0
c:\Users\arthur.menezes_evolu\Desktop\Pes\XPopup\library\src\main\java\com\lxj\xpopup\core\BubbleHorizontalAttachPopupView.java,com.lxj.xpopup.core.BubbleHorizontalAttachPopupView$Anonymous2,anonymous,3,3,0,3,4,1,0,8,0,0.0,NaN,NaN,1,0,1,0,0,0,1,0,0,0,0,0,0,0,0,0,0,0,2,12,0,0,0,0,5,0,1,3,9,0,1,0,0,0,22,-1,0
c:\Users\arthur.menezes_evolu\Desktop\Pes\XPopup\app\src\main\java\com\lxj\xpopupdemo\fragment\CustomPopupDemo.java,com.lxj.xpopupdemo.fragment.CustomPopupDemo$Anonymous1,anonymous,2,2,0,2,2,1,0,1,1,0.0,0.0,0.0,2,0,2,0,0,0,2,0,0,0,0,0,0,0,0,0,0,0,0,13,0,0,0,0,0,0,1,0,0,0,0,1,0,0,8,-1,0
c:\Users\arthur.menezes_evolu\Desktop\Pes\XPopup\library\src\main\java\com\lxj\xpopup\core\BubbleHorizontalAttachPopupView.java,com.lxj.xpopup.core.BubbleHorizontalAttachPopupView$Anonymous1,anonymous,3,3,0,3,5,1,0,7,0,0.0,NaN,NaN,1,0,1,0,0,0,1,0,0,0,0,0,0,0,0,0,0,0,2,13,1,0,1,0,4,0,1,3,8,0,1,0,0,0,24,-1,0
c:\Users\arthur.menezes_evolu\Desktop\Pes\XPopup\library\src\main\java\com\lxj\xpopup\core\AttachPopupView.java,com.lxj.xpopup.core.AttachPopupView$Anonymous2,anonymous,1,1,0,1,1,1,0,1,0,0.0,NaN,NaN,1,0,1,0,0,0,1,0,0,0,0,0,0,0,0,0,0,0,0,5,0,0,0,0,0,0,0,0,0,0,0,0,0,0,3,-1,0
c:\Users\arthur.menezes_evolu\Desktop\Pes\XPopup\library\src\main\java\com\lxj\xpopup\core\AttachPopupView.java,com.lxj.xpopup.core.AttachPopupView$Anonymous1,anonymous,1,1,0,1,1,1,0,1,0,0.0,NaN,NaN,1,0,1,0,0,0,1,0,0,0,0,0,0,0,0,0,0,0,0,5,0,0,0,0,0,0,0,0,0,0,0,0,0,0,3,-1,0
c:\Users\arthur.menezes_evolu\Desktop\Pes\XPopup\app\src\main\java\com\lxj\xpopupdemo\fragment\QuickStartDemo.java,com.lxj.xpopupdemo.fragment.QuickStartDemo$Anonymous13$Anonymous14$Anonymous15,anonymous,2,2,0,2,1,1,0,2,0,0.0,NaN,NaN,1,0,1,0,0,0,1,0,0,0,0,0,0,0,0,0,0,0,0,5,0,0,0,0,0,0,0,0,0,0,0,0,0,0,7,-1,0
c:\Users\arthur.menezes_evolu\Desktop\Pes\XPopup\library\src\main\java\com\lxj\xpopup\animator\BlurAnimator.java,com.lxj.xpopup.animator.BlurAnimator,class,6,8,2,6,6,2,0,5,8,0.70000005,0.0,0.0,5,0,5,0,0,0,5,0,0,0,4,0,3,1,0,0,0,0,1,22,0,0,0,0,0,0,2,5,0,6,1,0,0,0,26,1,0
c:\Users\arthur.menezes_evolu\Desktop\Pes\XPopup\app\src\main\java\com\lxj\xpopupdemo\DemoActivity.java,com.lxj.xpopupdemo.DemoActivity$Anonymous5$Anonymous6,anonymous,1,1,0,1,1,1,0,1,0,0.0,NaN,NaN,1,0,1,0,0,0,1,0,0,0,0,0,0,0,0,0,0,0,0,5,0,0,0,0,0,0,0,0,0,0,0,0,0,0,2,-1,0
c:\Users\arthur.menezes_evolu\Desktop\Pes\XPopup\app\src\main\java\com\lxj\xpopupdemo\custom\ZhihuCommentPopup.java,com.lxj.xpopupdemo.custom.ZhihuCommentPopup$Anonymous1,anonymous,5,5,0,5,1,1,0,6,0,0.0,NaN,NaN,1,0,1,0,0,0,1,0,0,0,0,0,0,0,0,0,0,0,0,17,0,0,0,0,0,0,0,1,0,1,0,1,0,0,15,-1,0
c:\Users\arthur.menezes_evolu\Desktop\Pes\XPopup\library\src\main\java\com\lxj\xpopup\core\BubbleAttachPopupView.java,com.lxj.xpopup.core.BubbleAttachPopupView,class,12,23,11,12,36,3,2,43,20,0.8375,0.0,0.0,16,0,9,0,7,0,16,0,1,0,9,0,2,0,3,4,0,0,16,248,12,0,8,0,15,1,15,39,19,22,2,4,0,0,87,1025,0
c:\Users\arthur.menezes_evolu\Desktop\Pes\XPopup\app\src\main\java\com\lxj\xpopupdemo\custom\ZhihuCommentPopup.java,com.lxj.xpopupdemo.custom.ZhihuCommentPopup$Anonymous3,anonymous,3,3,0,3,1,1,0,3,0,0.0,NaN,NaN,1,0,0,0,1,0,1,0,0,0,0,0,0,0,0,0,0,0,0,13,0,0,0,0,0,1,0,0,1,0,0,1,0,0,7,-1,0
c:\Users\arthur.menezes_evolu\Desktop\Pes\XPopup\app\src\main\java\com\lxj\xpopupdemo\custom\ZhihuCommentPopup.java,com.lxj.xpopupdemo.custom.ZhihuCommentPopup$Anonymous5,anonymous,2,2,0,2,1,1,0,0,0,0.0,NaN,NaN,1,0,1,0,0,0,1,0,0,0,0,0,0,0,0,0,0,0,0,4,0,0,0,0,0,0,0,0,0,0,0,0,0,0,5,-1,0
c:\Users\arthur.menezes_evolu\Desktop\Pes\XPopup\library\src\main\java\com\lxj\xpopup\util\XPermission.java,com.lxj.xpopup.util.XPermission$SimpleCallback,interface,0,0,0,0,2,1,0,0,1,0.0,0.0,0.0,2,0,0,0,0,2,2,0,0,0,0,0,0,0,0,0,0,0,0,4,0,0,0,0,0,0,0,0,0,0,0,0,0,0,5,1,0
c:\Users\arthur.menezes_evolu\Desktop\Pes\XPopup\library\src\main\java\com\lxj\xpopup\util\SmartGlideImageLoader.java,com.lxj.xpopup.util.SmartGlideImageLoader,class,14,21,7,14,21,1,0,31,22,0.75,0.0,0.0,8,0,6,2,0,0,6,0,0,0,2,0,0,2,0,0,0,0,1,186,5,0,7,3,3,0,3,6,0,6,3,8,0,0,48,1,0
c:\Users\arthur.menezes_evolu\Desktop\Pes\XPopup\library\src\main\java\com\lxj\xpopup\impl\BottomListPopupView.java,com.lxj.xpopup.impl.BottomListPopupView$Anonymous1,anonymous,2,2,0,2,1,1,0,1,0,0.0,NaN,NaN,1,0,1,0,0,0,1,0,0,0,0,0,0,0,0,0,0,0,0,5,0,0,0,0,0,0,0,0,0,0,0,0,0,0,5,-1,0
c:\Users\arthur.menezes_evolu\Desktop\Pes\XPopup\library\src\main\java\com\lxj\xpopup\impl\BottomListPopupView.java,com.lxj.xpopup.impl.BottomListPopupView$Anonymous2,anonymous,5,5,0,5,13,1,0,15,0,0.0,NaN,NaN,1,0,0,0,1,0,1,0,0,0,0,0,0,0,0,0,0,0,3,35,0,0,9,0,0,0,2,1,0,1,2,0,0,0,26,-1,0
c:\Users\arthur.menezes_evolu\Desktop\Pes\XPopup\app\src\main\java\com\lxj\xpopupdemo\custom\CustomImageViewerPopup.java,com.lxj.xpopupdemo.custom.CustomImageViewerPopup$Anonymous1,anonymous,4,4,0,4,1,1,0,3,0,0.0,NaN,NaN,1,0,1,0,0,0,1,0,0,0,0,0,0,0,0,0,0,0,0,10,0,0,0,0,0,2,0,0,0,0,0,1,0,0,9,-1,0
c:\Users\arthur.menezes_evolu\Desktop\Pes\XPopup\library\src\main\java\com\lxj\xpopup\impl\BottomListPopupView.java,com.lxj.xpopup.impl.BottomListPopupView$Anonymous3,anonymous,4,4,0,4,4,1,0,5,0,0.0,NaN,NaN,1,0,1,0,0,0,1,0,0,0,0,0,0,0,0,0,0,0,0,12,0,0,2,0,0,0,1,1,0,0,1,0,0,0,11,-1,0
c:\Users\arthur.menezes_evolu\Desktop\Pes\XPopup\app\src\main\java\com\lxj\xpopupdemo\MainActivity.java,com.lxj.xpopupdemo.MainActivity,class,18,19,1,18,1,3,0,26,0,0.33333334,NaN,NaN,1,0,0,0,1,0,1,0,0,0,3,0,1,0,0,2,0,0,7,34,0,0,0,0,0,15,1,6,2,6,0,0,1,0,50,1,0
c:\Users\arthur.menezes_evolu\Desktop\Pes\XPopup\library\src\main\java\com\lxj\xpopup\animator\EmptyAnimator.java,com.lxj.xpopup.animator.EmptyAnimator,class,2,3,1,2,5,2,0,7,6,0.0,0.0,0.0,4,0,4,0,0,0,4,0,0,0,0,0,0,0,0,0,0,0,0,15,1,0,0,0,0,0,3,0,0,0,1,0,0,0,17,1,0
c:\Users\arthur.menezes_evolu\Desktop\Pes\XPopup\library\src\main\java\com\lxj\xpopup\core\BasePopupView.java,com.lxj.xpopup.core.BasePopupView$BackPressListener,innerclass,4,4,0,4,1,1,0,1,0,0.0,NaN,NaN,1,0,1,0,0,0,1,0,0,0,0,0,0,0,0,0,0,0,0,5,1,0,0,0,0,0,0,0,0,0,0,0,0,0,10,0,0
c:\Users\arthur.menezes_evolu\Desktop\Pes\XPopup\app\src\main\java\com\lxj\xpopupdemo\fragment\CustomPopupDemo.java,com.lxj.xpopupdemo.fragment.CustomPopupDemo$CustomPopup$Anonymous3,anonymous,2,2,0,2,1,1,0,1,0,0.0,NaN,NaN,1,0,1,0,0,0,1,0,0,0,0,0,0,0,0,0,0,0,0,5,0,0,0,0,0,0,0,0,0,0,0,0,0,0,5,-1,0
c:\Users\arthur.menezes_evolu\Desktop\Pes\XPopup\library\src\main\java\com\lxj\xpopup\core\BubbleAttachPopupView.java,com.lxj.xpopup.core.BubbleAttachPopupView$Anonymous3,anonymous,4,4,0,4,7,1,0,15,0,0.0,NaN,NaN,1,0,1,0,0,0,1,0,0,0,0,0,0,0,0,0,0,0,2,38,1,0,1,0,2,0,4,5,12,0,2,0,0,0,28,-1,0
c:\Users\arthur.menezes_evolu\Desktop\Pes\XPopup\library\src\main\java\com\lxj\xpopup\core\BubbleAttachPopupView.java,com.lxj.xpopup.core.BubbleAttachPopupView$Anonymous4,anonymous,4,4,0,4,11,1,0,16,0,0.0,NaN,NaN,1,0,1,0,0,0,1,0,0,0,0,0,0,0,0,0,0,0,5,58,1,0,1,0,6,0,11,7,31,0,3,0,0,0,29,-1,0
c:\Users\arthur.menezes_evolu\Desktop\Pes\XPopup\app\src\main\java\com\lxj\xpopupdemo\fragment\ImageViewerDemo.java,com.lxj.xpopupdemo.fragment.ImageViewerDemo$ViewPager2Adapter$Anonymous9,anonymous,4,4,0,4,1,1,0,3,0,0.0,NaN,NaN,1,0,1,0,0,0,1,0,0,0,0,0,0,0,0,0,0,0,0,17,0,0,0,0,0,0,0,0,0,0,0,1,0,0,12,-1,0
c:\Users\arthur.menezes_evolu\Desktop\Pes\XPopup\app\src\main\java\com\lxj\xpopupdemo\custom\CustomAttachPopup.java,com.lxj.xpopupdemo.custom.CustomAttachPopup,class,4,5,1,4,3,5,0,3,3,0.0,0.0,0.0,3,0,1,0,2,0,3,0,0,0,0,0,0,0,0,0,0,0,0,25,1,0,0,0,0,0,0,0,0,0,0,2,0,0,20,1,0
c:\Users\arthur.menezes_evolu\Desktop\Pes\XPopup\app\src\main\java\com\lxj\xpopupdemo\fragment\ImageViewerDemo.java,com.lxj.xpopupdemo.fragment.ImageViewerDemo$ViewPager2Adapter$Anonymous9$Anonymous10,anonymous,1,1,0,1,1,1,0,2,0,0.0,NaN,NaN,1,0,1,0,0,0,1,0,0,0,0,0,0,0,0,0,0,0,0,12,0,0,0,0,0,0,0,0,0,0,0,1,0,0,9,-1,0
c:\Users\arthur.menezes_evolu\Desktop\Pes\XPopup\library\src\main\java\com\lxj\xpopup\core\BubbleAttachPopupView.java,com.lxj.xpopup.core.BubbleAttachPopupView$Anonymous1,anonymous,1,1,0,1,1,1,0,1,0,0.0,NaN,NaN,1,0,1,0,0,0,1,0,0,0,0,0,0,0,0,0,0,0,0,5,0,0,0,0,0,0,0,0,0,0,0,0,0,0,3,-1,0
c:\Users\arthur.menezes_evolu\Desktop\Pes\XPopup\library\src\main\java\com\lxj\xpopup\core\BubbleAttachPopupView.java,com.lxj.xpopup.core.BubbleAttachPopupView$Anonymous2,anonymous,1,1,0,1,1,1,0,1,0,0.0,NaN,NaN,1,0,1,0,0,0,1,0,0,0,0,0,0,0,0,0,0,0,0,5,0,0,0,0,0,0,0,0,0,0,0,0,0,0,3,-1,0
c:\Users\arthur.menezes_evolu\Desktop\Pes\XPopup\library\src\main\java\com\lxj\xpopup\util\PermissionConstants.java,com.lxj.xpopup.util.PermissionConstants,class,3,4,1,3,3,1,0,0,0,0.0,NaN,NaN,1,1,1,0,0,0,1,0,0,0,2,2,1,1,0,0,2,0,0,13,3,0,1,0,0,2,1,2,0,2,1,0,0,0,24,17,0
c:\Users\arthur.menezes_evolu\Desktop\Pes\XPopup\library\src\main\java\com\lxj\xpopup\core\BasePopupView.java,com.lxj.xpopup.core.BasePopupView,class,49,132,83,49,253,2,9,131,1441,0.9365672,0.0,0.0,67,0,26,3,38,0,64,1,0,0,19,0,4,6,8,1,2,0,19,695,48,4,89,0,10,3,37,81,4,49,6,9,2,0,191,1025,0
c:\Users\arthur.menezes_evolu\Desktop\Pes\XPopup\app\src\main\java\com\lxj\xpopupdemo\custom\PAdapter.java,com.lxj.xpopupdemo.custom.PAdapter,class,5,7,2,5,6,2,0,1,8,0.6,0.0,0.0,5,0,5,0,0,0,5,0,0,0,1,0,0,0,0,1,0,0,1,19,3,0,1,0,0,2,1,1,0,1,0,0,0,0,17,1,0
c:\Users\arthur.menezes_evolu\Desktop\Pes\XPopup\library\src\main\java\com\lxj\xpopup\XPopup.java,com.lxj.xpopup.XPopup$Builder$Anonymous2,anonymous,3,3,0,3,2,1,0,3,0,0.0,NaN,NaN,1,0,1,0,0,0,1,0,0,0,0,0,0,0,0,0,0,0,0,8,1,0,1,0,0,0,0,1,0,0,1,0,0,0,9,-1,0
c:\Users\arthur.menezes_evolu\Desktop\Pes\XPopup\app\src\main\java\com\lxj\xpopupdemo\custom\CustomCenter1.java,com.lxj.xpopupdemo.custom.CustomCenter1,class,3,4,1,3,3,4,0,0,3,0.0,0.0,0.0,3,0,1,0,2,0,3,0,0,0,0,0,0,0,0,0,0,0,0,11,2,0,0,0,0,0,1,0,0,0,0,0,0,0,13,1,0
c:\Users\arthur.menezes_evolu\Desktop\Pes\XPopup\app\src\main\java\com\lxj\xpopupdemo\fragment\ImageViewerDemo.java,com.lxj.xpopupdemo.fragment.ImageViewerDemo$ViewPager2Adapter,innerclass,5,5,0,5,2,2,0,6,1,0.0,0.0,0.0,2,0,1,0,1,0,2,0,0,0,0,0,0,0,0,0,0,0,0,27,0,0,0,0,0,0,0,1,0,1,0,1,0,0,11,1,1
c:\Users\arthur.menezes_evolu\Desktop\Pes\XPopup\library\src\main\java\com\lxj\xpopup\util\FuckRomUtils.java,com.lxj.xpopup.util.FuckRomUtils$RomInfo,innerclass,0,0,0,0,3,1,0,0,0,0.33333334,0.0,0.0,3,0,3,0,0,0,3,0,0,0,2,0,0,2,0,0,0,0,0,13,3,0,0,0,0,3,0,0,1,2,0,0,0,0,9,9,0
c:\Users\arthur.menezes_evolu\Desktop\Pes\XPopup\library\src\main\java\com\lxj\xpopup\core\DrawerPopupView.java,com.lxj.xpopup.core.DrawerPopupView$Anonymous3,anonymous,1,1,0,1,1,1,0,2,0,0.0,NaN,NaN,1,0,1,0,0,0,1,0,0,0,0,0,0,0,0,0,0,0,0,6,0,0,0,0,0,0,0,1,0,0,0,0,0,0,11,-1,0
c:\Users\arthur.menezes_evolu\Desktop\Pes\XPopup\app\src\main\java\com\lxj\xpopupdemo\fragment\CustomPopupDemo.java,com.lxj.xpopupdemo.fragment.CustomPopupDemo$CustomPopup2,innerclass,6,6,0,6,4,4,0,6,3,0.6666667,0.0,0.0,3,0,1,0,2,0,3,0,0,0,1,0,0,0,0,1,0,0,0,24,1,1,0,0,0,1,2,3,1,3,1,1,0,0,21,8,0
c:\Users\arthur.menezes_evolu\Desktop\Pes\XPopup\library\src\main\java\com\lxj\xpopup\enums\PopupAnimation.java,com.lxj.xpopup.enums.PopupAnimation,enum,0,9,9,0,0,1,0,0,0,0.0,-1.0,-1.0,0,0,0,0,0,0,0,0,0,0,0,0,0,0,0,0,0,0,0,1,0,0,0,0,0,0,0,0,0,0,0,0,0,0,7,1,0
c:\Users\arthur.menezes_evolu\Desktop\Pes\XPopup\app\src\main\java\com\lxj\xpopupdemo\fragment\CustomAnimatorDemo.java,com.lxj.xpopupdemo.fragment.CustomAnimatorDemo$Anonymous1,anonymous,4,4,0,4,1,1,0,5,0,0.0,NaN,NaN,1,0,1,0,0,0,1,0,0,0,0,0,0,0,0,0,0,0,0,5,0,0,0,0,0,2,0,0,0,0,0,0,0,0,9,-1,0
c:\Users\arthur.menezes_evolu\Desktop\Pes\XPopup\library\src\main\java\com\lxj\xpopup\core\DrawerPopupView.java,com.lxj.xpopup.core.DrawerPopupView$Anonymous2,anonymous,3,3,0,3,4,1,0,2,0,0.0,NaN,NaN,1,0,1,0,0,0,1,0,0,0,0,0,0,0,0,0,0,0,0,12,0,0,2,0,0,0,0,0,0,0,2,0,0,0,8,-1,0
c:\Users\arthur.menezes_evolu\Desktop\Pes\XPopup\library\src\main\java\com\lxj\xpopup\core\DrawerPopupView.java,com.lxj.xpopup.core.DrawerPopupView$Anonymous1,anonymous,4,4,0,4,8,1,0,6,3,0.0,0.0,0.0,3,0,3,0,0,0,3,0,0,0,0,0,0,0,0,0,0,0,0,16,1,0,4,0,0,0,0,1,0,0,1,0,0,0,19,-1,0
c:\Users\arthur.menezes_evolu\Desktop\Pes\XPopup\library\src\main\java\com\lxj\xpopup\core\DrawerPopupView.java,com.lxj.xpopup.core.DrawerPopupView,class,17,26,9,17,34,3,3,41,42,0.8076923,0.0,0.0,13,0,6,0,7,0,13,0,1,0,8,0,1,0,2,5,0,0,4,129,6,0,11,0,0,0,12,22,0,13,2,3,0,0,71,1025,0
c:\Users\arthur.menezes_evolu\Desktop\Pes\XPopup\library\src\main\java\com\lxj\xpopup\animator\PopupAnimator.java,com.lxj.xpopup.animator.PopupAnimator$Anonymous2,anonymous,1,1,0,1,2,1,0,2,1,0.0,0.0,0.0,2,0,2,0,0,0,2,0,0,0,0,0,0,0,0,0,0,0,0,10,0,0,0,0,0,0,0,2,0,0,0,0,0,0,9,-1,0
c:\Users\arthur.menezes_evolu\Desktop\Pes\XPopup\app\src\main\java\com\lxj\xpopupdemo\fragment\AllAnimatorDemo.java,com.lxj.xpopupdemo.fragment.AllAnimatorDemo$Anonymous1$Anonymous2,anonymous,2,2,0,2,1,1,0,4,0,0.0,NaN,NaN,1,0,1,0,0,0,1,0,0,0,0,0,0,0,0,0,0,0,0,5,0,0,0,0,0,2,0,0,0,0,0,0,0,0,3,-1,0
c:\Users\arthur.menezes_evolu\Desktop\Pes\XPopup\app\src\main\java\com\lxj\xpopupdemo\custom\NotificationMsgPopup.java,com.lxj.xpopupdemo.custom.NotificationMsgPopup$Anonymous1,anonymous,2,2,0,2,1,1,0,1,0,0.0,NaN,NaN,1,0,1,0,0,0,1,0,0,0,0,0,0,0,0,0,0,0,0,5,0,0,0,0,0,0,0,0,0,0,0,0,0,0,5,-1,0
c:\Users\arthur.menezes_evolu\Desktop\Pes\XPopup\library\src\main\java\com\lxj\xpopup\util\ImageDownloadTarget.java,com.lxj.xpopup.util.ImageDownloadTarget,class,7,8,1,7,14,1,0,2,74,0.8461539,0.0,0.0,13,0,11,1,1,0,12,0,1,0,3,0,0,3,0,0,2,0,0,40,1,0,0,0,0,5,0,3,2,3,1,0,0,0,50,1025,0
c:\Users\arthur.menezes_evolu\Desktop\Pes\XPopup\app\src\main\java\com\lxj\xpopupdemo\custom\LoginPopup.java,com.lxj.xpopupdemo.custom.LoginPopup,class,7,7,0,7,3,4,0,4,3,0.0,0.0,0.0,3,0,1,0,2,0,3,0,0,0,0,0,0,0,0,0,0,0,0,33,1,0,0,0,0,0,0,2,0,2,0,2,0,0,24,1,0
c:\Users\arthur.menezes_evolu\Desktop\Pes\XPopup\library\src\main\java\com\lxj\xpopup\photoview\CustomGestureDetector.java,com.lxj.xpopup.photoview.CustomGestureDetector,class,8,11,3,8,28,1,0,26,5,0.75324684,0.0,0.0,7,0,3,3,0,1,4,0,0,0,11,1,0,11,0,0,4,0,5,136,9,0,8,3,2,0,9,37,5,23,4,1,0,0,68,0,0
c:\Users\arthur.menezes_evolu\Desktop\Pes\XPopup\app\src\main\java\com\lxj\xpopupdemo\fragment\QuickStartDemo.java,com.lxj.xpopupdemo.fragment.QuickStartDemo$Anonymous11,anonymous,1,1,0,1,1,1,0,1,0,0.0,NaN,NaN,1,0,1,0,0,0,1,0,0,0,0,0,0,0,0,0,0,0,0,5,0,0,0,0,0,1,0,0,1,0,0,0,0,0,4,-1,0
c:\Users\arthur.menezes_evolu\Desktop\Pes\XPopup\library\src\main\java\com\lxj\xpopup\widget\PopupDrawerLayout.java,com.lxj.xpopup.widget.PopupDrawerLayout$Anonymous3,anonymous,0,0,0,0,2,1,0,4,0,0.0,NaN,NaN,1,0,1,0,0,0,1,0,0,0,0,0,0,0,0,0,0,0,0,7,0,0,1,0,0,0,1,0,0,0,0,0,0,0,4,-1,0
c:\Users\arthur.menezes_evolu\Desktop\Pes\XPopup\app\src\main\java\com\lxj\xpopupdemo\fragment\QuickStartDemo.java,com.lxj.xpopupdemo.fragment.QuickStartDemo$Anonymous10,anonymous,1,1,0,1,1,1,0,1,0,0.0,NaN,NaN,1,0,1,0,0,0,1,0,0,0,0,0,0,0,0,0,0,0,0,5,0,0,0,0,0,1,0,0,0,0,0,0,0,0,2,-1,0
c:\Users\arthur.menezes_evolu\Desktop\Pes\XPopup\app\src\main\java\com\lxj\xpopupdemo\fragment\QuickStartDemo.java,com.lxj.xpopupdemo.fragment.QuickStartDemo$Anonymous13,anonymous,1,1,0,1,2,1,0,3,1,0.0,0.0,0.0,2,0,2,0,0,0,2,0,0,0,0,0,0,0,0,0,0,0,0,20,0,0,0,0,0,2,1,0,0,0,0,1,0,0,5,-1,0
c:\Users\arthur.menezes_evolu\Desktop\Pes\XPopup\app\src\main\java\com\lxj\xpopupdemo\fragment\QuickStartDemo.java,com.lxj.xpopupdemo.fragment.QuickStartDemo$Anonymous12,anonymous,1,1,0,1,1,1,0,1,0,0.0,NaN,NaN,1,0,1,0,0,0,1,0,0,0,0,0,0,0,0,0,0,0,0,5,0,0,0,0,0,1,0,0,1,0,0,0,0,0,4,-1,0
c:\Users\arthur.menezes_evolu\Desktop\Pes\XPopup\library\src\main\java\com\lxj\xpopup\widget\VerticalRecyclerView.java,com.lxj.xpopup.widget.VerticalRecyclerView,class,9,15,6,9,5,2,0,10,6,0.0,0.0,0.0,4,0,4,0,0,0,4,0,0,0,0,0,0,0,0,0,0,0,1,21,0,0,0,0,0,0,3,2,0,2,0,0,0,0,32,1,0
c:\Users\arthur.menezes_evolu\Desktop\Pes\XPopup\app\src\main\java\com\lxj\xpopupdemo\fragment\ImageViewerDemo.java,com.lxj.xpopupdemo.fragment.ImageViewerDemo$ViewPager2Adapter$Anonymous9$Anonymous10$Anonymous11,anonymous,3,3,0,3,1,1,0,2,0,0.0,NaN,NaN,1,0,1,0,0,0,1,0,0,0,0,0,0,0,0,0,0,0,0,6,0,0,0,0,0,0,2,1,0,1,0,0,0,0,5,-1,0
c:\Users\arthur.menezes_evolu\Desktop\Pes\XPopup\library\src\main\java\com\lxj\xpopup\widget\PopupDrawerLayout.java,com.lxj.xpopup.widget.PopupDrawerLayout$Anonymous1,anonymous,5,5,0,5,32,1,0,17,15,0.0,0.0,0.0,6,0,5,1,0,0,5,0,0,0,0,0,0,0,0,0,0,0,0,80,6,0,18,0,2,0,16,14,12,3,2,0,0,0,51,-1,0
c:\Users\arthur.menezes_evolu\Desktop\Pes\XPopup\library\src\main\java\com\lxj\xpopup\widget\PopupDrawerLayout.java,com.lxj.xpopup.widget.PopupDrawerLayout$Anonymous2,anonymous,0,0,0,0,2,1,0,4,0,0.0,NaN,NaN,1,0,1,0,0,0,1,0,0,0,0,0,0,0,0,0,0,0,0,6,0,0,1,0,1,0,2,0,1,0,0,0,0,0,1,-1,0
c:\Users\arthur.menezes_evolu\Desktop\Pes\XPopup\app\src\main\java\com\lxj\xpopupdemo\custom\CustomDrawerPopupView.java,com.lxj.xpopupdemo.custom.CustomDrawerPopupView$Anonymous2,anonymous,4,4,0,4,1,1,0,4,0,0.0,NaN,NaN,1,0,1,0,0,0,1,0,0,0,0,0,0,0,0,0,0,0,0,11,0,0,0,0,0,2,0,0,0,0,0,1,0,0,10,-1,0
c:\Users\arthur.menezes_evolu\Desktop\Pes\XPopup\app\src\main\java\com\lxj\xpopupdemo\custom\CustomDrawerPopupView.java,com.lxj.xpopupdemo.custom.CustomDrawerPopupView$Anonymous1,anonymous,1,1,0,1,2,1,0,3,0,0.0,NaN,NaN,1,0,0,0,1,0,1,0,0,0,0,0,0,0,0,0,0,0,0,12,0,0,1,0,0,4,2,0,3,0,1,0,0,0,6,-1,0
c:\Users\arthur.menezes_evolu\Desktop\Pes\XPopup\app\src\main\java\com\lxj\xpopupdemo\custom\LoginPopup.java,com.lxj.xpopupdemo.custom.LoginPopup$Anonymous3,anonymous,2,2,0,2,2,1,0,3,0,0.0,NaN,NaN,1,0,1,0,0,0,1,0,0,0,0,0,0,0,0,0,0,0,0,9,2,0,1,0,0,1,0,0,0,0,1,0,0,0,11,-1,0
c:\Users\arthur.menezes_evolu\Desktop\Pes\XPopup\library\src\main\java\com\lxj\xpopup\impl\LoadingPopupView.java,com.lxj.xpopup.impl.LoadingPopupView,class,9,14,5,9,11,4,0,12,20,0.8125,0.0,0.0,8,0,3,0,5,0,8,0,0,0,5,0,0,5,0,0,0,0,1,73,3,0,2,0,0,1,3,10,0,6,1,1,1,0,45,1,0
c:\Users\arthur.menezes_evolu\Desktop\Pes\XPopup\app\src\main\java\com\lxj\xpopupdemo\fragment\CustomAnimatorDemo.java,com.lxj.xpopupdemo.fragment.CustomAnimatorDemo,class,4,5,1,4,2,4,0,2,1,0.5,0.0,0.0,2,0,1,0,1,0,2,0,0,0,1,0,0,0,0,1,0,0,0,28,1,0,0,0,0,0,0,1,0,1,0,1,1,0,15,1,0
c:\Users\arthur.menezes_evolu\Desktop\Pes\XPopup\app\src\main\java\com\lxj\xpopupdemo\custom\LoginPopup.java,com.lxj.xpopupdemo.custom.LoginPopup$Anonymous1,anonymous,3,3,0,3,1,1,0,6,0,0.0,NaN,NaN,1,0,1,0,0,0,1,0,0,0,0,0,0,0,0,0,0,0,0,9,0,0,0,0,0,4,0,0,0,0,0,1,0,0,10,-1,0
c:\Users\arthur.menezes_evolu\Desktop\Pes\XPopup\library\src\main\java\com\lxj\xpopup\enums\PopupPosition.java,com.lxj.xpopup.enums.PopupPosition,enum,0,3,3,0,0,1,0,0,0,0.0,-1.0,-1.0,0,0,0,0,0,0,0,0,0,0,0,0,0,0,0,0,0,0,0,1,0,0,0,0,0,0,0,0,0,0,0,0,0,0,7,1,0
c:\Users\arthur.menezes_evolu\Desktop\Pes\XPopup\app\src\main\java\com\lxj\xpopupdemo\fragment\ImageViewerDemo.java,com.lxj.xpopupdemo.fragment.ImageViewerDemo$Anonymous3,anonymous,4,4,0,4,1,1,0,5,0,0.0,NaN,NaN,1,0,1,0,0,0,1,0,0,0,0,0,0,0,0,0,0,0,0,10,0,0,0,0,0,1,2,0,0,0,0,1,0,0,16,-1,0
c:\Users\arthur.menezes_evolu\Desktop\Pes\XPopup\library\src\main\java\com\lxj\xpopup\core\ImageViewerPopupView.java,com.lxj.xpopup.core.ImageViewerPopupView$PhotoViewAdapter,innerclass,14,14,0,14,13,2,0,15,36,0.0,0.0,0.0,9,0,7,2,0,0,7,0,0,0,0,0,0,0,0,0,0,0,1,47,5,0,2,0,0,0,2,10,1,8,1,0,0,0,55,1,0
c:\Users\arthur.menezes_evolu\Desktop\Pes\XPopup\app\src\main\java\com\lxj\xpopupdemo\fragment\ImageViewerDemo.java,com.lxj.xpopupdemo.fragment.ImageViewerDemo$Anonymous1,anonymous,1,1,0,1,1,1,0,4,0,0.0,NaN,NaN,1,0,1,0,0,0,1,0,0,0,0,0,0,0,0,0,0,0,0,11,0,0,0,0,0,0,0,0,0,0,0,1,0,0,8,-1,0
c:\Users\arthur.menezes_evolu\Desktop\Pes\XPopup\app\src\main\java\com\lxj\xpopupdemo\fragment\ImageViewerDemo.java,com.lxj.xpopupdemo.fragment.ImageViewerDemo,class,13,14,1,13,3,6,0,12,0,0.125,0.0,0.0,2,0,1,0,1,0,3,0,0,0,7,0,0,0,0,7,0,0,0,166,1,0,0,0,0,21,1,8,0,8,0,4,3,0,105,1,0
c:\Users\arthur.menezes_evolu\Desktop\Pes\XPopup\library\src\main\java\com\lxj\xpopup\widget\SmartDragLayout.java,com.lxj.xpopup.widget.SmartDragLayout$Anonymous2,anonymous,1,1,0,1,1,1,0,3,0,0.0,NaN,NaN,1,0,1,0,0,0,1,0,0,0,0,0,0,0,0,0,0,0,0,7,0,0,0,0,0,0,0,1,1,0,0,0,0,0,7,-1,0
c:\Users\arthur.menezes_evolu\Desktop\Pes\XPopup\library\src\main\java\com\lxj\xpopup\widget\SmartDragLayout.java,com.lxj.xpopup.widget.SmartDragLayout$Anonymous1,anonymous,1,1,0,1,3,1,0,2,0,0.0,NaN,NaN,1,0,1,0,0,0,1,0,0,0,0,0,0,0,0,0,0,0,0,7,0,0,0,0,0,0,1,2,2,1,0,0,0,0,12,-1,0
c:\Users\arthur.menezes_evolu\Desktop\Pes\XPopup\app\src\main\java\com\lxj\xpopupdemo\fragment\ImageViewerDemo.java,com.lxj.xpopupdemo.fragment.ImageViewerDemo$ImagePagerAdapter,innerclass,5,5,0,5,5,2,0,10,6,0.0,0.0,0.0,4,0,4,0,0,0,4,0,0,0,0,0,0,0,0,0,0,0,0,31,3,0,1,0,0,0,0,1,0,1,0,1,0,0,18,0,0
c:\Users\arthur.menezes_evolu\Desktop\Pes\XPopup\library\src\main\java\com\lxj\xpopup\animator\PopupAnimator.java,com.lxj.xpopup.animator.PopupAnimator,class,5,26,21,5,9,1,9,3,30,0.88888896,0.0,0.0,9,0,7,0,2,0,9,3,0,0,5,0,4,0,1,0,0,0,0,52,3,0,0,0,0,0,1,6,0,5,0,2,0,0,26,1025,0
c:\Users\arthur.menezes_evolu\Desktop\Pes\XPopup\app\src\main\java\com\lxj\xpopupdemo\fragment\ImageViewerDemo.java,com.lxj.xpopupdemo.fragment.ImageViewerDemo$Anonymous1$Anonymous2,anonymous,0,0,0,0,1,1,0,3,0,0.0,NaN,NaN,1,0,1,0,0,0,1,0,0,0,0,0,0,0,0,0,0,0,0,5,0,0,0,0,0,0,0,0,0,0,0,0,0,0,3,-1,0
c:\Users\arthur.menezes_evolu\Desktop\Pes\XPopup\app\src\main\java\com\lxj\xpopupdemo\fragment\QuickStartDemo.java,com.lxj.xpopupdemo.fragment.QuickStartDemo$Anonymous13$Anonymous14,anonymous,3,3,0,3,1,1,0,5,0,0.0,NaN,NaN,1,0,1,0,0,0,1,0,0,0,0,0,0,0,0,0,0,0,0,10,0,0,0,0,0,2,0,0,0,0,0,1,0,0,7,-1,0
c:\Users\arthur.menezes_evolu\Desktop\Pes\XPopup\library\src\main\java\com\lxj\xpopup\interfaces\OnImageViewerLongPressListener.java,com.lxj.xpopup.interfaces.OnImageViewerLongPressListener,interface,1,6,5,1,1,1,0,0,0,0.0,NaN,NaN,1,0,0,0,0,1,1,0,0,0,0,0,0,0,0,0,0,0,0,3,0,0,0,0,0,0,0,0,0,0,0,0,0,0,12,1,0
c:\Users\arthur.menezes_evolu\Desktop\Pes\XPopup\library\src\main\java\com\lxj\xpopup\core\ImageViewerPopupView.java,com.lxj.xpopup.core.ImageViewerPopupView$Anonymous1$Anonymous2,anonymous,3,3,0,3,1,1,0,2,0,0.0,NaN,NaN,1,0,1,0,0,0,1,0,0,0,0,0,0,0,0,0,0,0,0,8,0,0,0,0,0,0,0,1,0,0,0,0,0,0,15,-1,0
c:\Users\arthur.menezes_evolu\Desktop\Pes\XPopup\app\src\main\java\com\lxj\xpopupdemo\fragment\CustomPopupDemo.java,com.lxj.xpopupdemo.fragment.CustomPopupDemo$Anonymous1$Anonymous2,anonymous,3,3,0,3,1,1,0,5,0,0.0,NaN,NaN,1,0,1,0,0,0,1,0,0,0,0,0,0,0,0,0,0,0,0,6,0,0,0,0,0,0,0,1,0,1,0,0,0,0,7,-1,0
c:\Users\arthur.menezes_evolu\Desktop\Pes\XPopup\app\src\main\java\com\lxj\xpopupdemo\fragment\QuickStartDemo.java,com.lxj.xpopupdemo.fragment.QuickStartDemo$Anonymous8$Anonymous9,anonymous,1,1,0,1,1,1,0,1,0,0.0,NaN,NaN,1,0,1,0,0,0,1,0,0,0,0,0,0,0,0,0,0,0,0,5,0,0,0,0,0,1,0,0,0,0,0,0,0,0,1,-1,0
c:\Users\arthur.menezes_evolu\Desktop\Pes\XPopup\app\src\main\java\com\lxj\xpopupdemo\fragment\AllAnimatorDemo.java,com.lxj.xpopupdemo.fragment.AllAnimatorDemo,class,6,7,1,6,2,3,0,5,0,0.25,0.0,0.0,2,0,1,0,1,0,2,0,0,0,2,0,0,0,0,2,0,0,1,25,1,0,0,0,0,0,0,2,0,2,0,1,0,0,18,1,0
c:\Users\arthur.menezes_evolu\Desktop\Pes\XPopup\app\src\main\java\com\lxj\xpopupdemo\fragment\ImageViewerDemo.java,com.lxj.xpopupdemo.fragment.ImageViewerDemo$ImagePagerAdapter$Anonymous12$Anonymous13,anonymous,2,2,0,2,1,1,0,4,0,0.0,NaN,NaN,1,0,1,0,0,0,1,0,0,0,0,0,0,0,0,0,0,0,0,7,0,0,0,0,0,0,0,1,1,1,0,0,0,0,10,-1,0
c:\Users\arthur.menezes_evolu\Desktop\Pes\XPopup\app\src\main\java\com\lxj\xpopupdemo\custom\LoginPopup.java,com.lxj.xpopupdemo.custom.LoginPopup$Anonymous1$Anonymous2,anonymous,0,0,0,0,1,1,0,0,0,0.0,NaN,NaN,1,0,1,0,0,0,1,0,0,0,0,0,0,0,0,0,0,0,0,4,0,0,0,0,0,0,0,0,0,0,0,0,0,0,3,-1,0
c:\Users\arthur.menezes_evolu\Desktop\Pes\XPopup\library\src\main\java\com\lxj\xpopup\util\FuckRomUtils.java,com.lxj.xpopup.util.FuckRomUtils,class,3,5,2,3,74,1,0,25,389,0.94301057,0.0,0.0,30,29,21,9,0,0,21,0,0,0,31,31,0,31,0,0,30,0,58,310,49,1,3,7,0,49,44,84,1,48,3,0,1,0,107,17,0
c:\Users\arthur.menezes_evolu\Desktop\Pes\XPopup\library\src\main\java\com\lxj\xpopup\util\XPermission.java,com.lxj.xpopup.util.XPermission$FullCallback,interface,0,0,0,0,2,1,0,0,1,0.0,0.0,0.0,2,0,0,0,0,2,2,0,0,0,0,0,0,0,0,0,0,0,0,4,0,0,0,0,0,0,0,0,0,0,0,0,0,0,6,1,0
c:\Users\arthur.menezes_evolu\Desktop\Pes\XPopup\app\src\main\java\com\lxj\xpopupdemo\fragment\PartShadowDemo.java,com.lxj.xpopupdemo.fragment.PartShadowDemo$Anonymous1,anonymous,4,4,0,4,1,1,0,8,0,0.0,NaN,NaN,1,0,0,0,1,0,1,0,0,0,0,0,0,0,0,0,0,0,0,19,0,0,0,0,0,2,0,1,1,1,0,1,0,0,8,-1,0
c:\Users\arthur.menezes_evolu\Desktop\Pes\XPopup\library\src\main\java\com\lxj\xpopup\util\KeyboardUtils.java,com.lxj.xpopup.util.KeyboardUtils,class,19,28,9,19,21,2,0,32,24,0.8333333,0.0,0.0,8,7,6,2,0,0,6,0,0,0,3,3,1,2,0,0,1,0,5,107,9,0,11,0,3,5,9,21,5,18,2,1,2,0,64,17,0
c:\Users\arthur.menezes_evolu\Desktop\Pes\XPopup\app\src\main\java\com\lxj\xpopupdemo\fragment\PartShadowDemo.java,com.lxj.xpopupdemo.fragment.PartShadowDemo$Anonymous4,anonymous,4,4,0,4,1,1,0,2,0,0.0,NaN,NaN,1,0,1,0,0,0,1,0,0,0,0,0,0,0,0,0,0,0,0,5,0,0,0,0,0,0,0,0,0,0,0,0,0,0,6,-1,0
c:\Users\arthur.menezes_evolu\Desktop\Pes\XPopup\library\src\main\java\com\lxj\xpopup\widget\PopupDrawerLayout.java,com.lxj.xpopup.widget.PopupDrawerLayout,class,20,23,3,20,50,2,0,33,96,0.87306494,0.0,0.0,17,0,10,3,4,0,14,0,0,0,15,0,3,1,0,11,0,0,3,265,19,1,6,0,2,0,32,41,7,32,5,3,1,0,118,1,0
c:\Users\arthur.menezes_evolu\Desktop\Pes\XPopup\app\src\main\java\com\lxj\xpopupdemo\fragment\PartShadowDemo.java,com.lxj.xpopupdemo.fragment.PartShadowDemo$Anonymous5,anonymous,2,2,0,2,2,1,0,1,1,0.0,0.0,0.0,2,0,2,0,0,0,2,0,0,0,0,0,0,0,0,0,0,0,0,7,0,0,0,0,0,1,0,0,0,0,0,0,0,0,8,-1,0
c:\Users\arthur.menezes_evolu\Desktop\Pes\XPopup\app\src\main\java\com\lxj\xpopupdemo\custom\CustomAttachPopup2.java,com.lxj.xpopupdemo.custom.CustomAttachPopup2,class,5,6,1,5,3,4,0,3,3,0.0,0.0,0.0,3,0,1,0,2,0,3,0,0,0,0,0,0,0,0,0,0,0,0,17,1,0,0,0,0,0,0,1,0,1,0,1,0,0,22,1,0
c:\Users\arthur.menezes_evolu\Desktop\Pes\XPopup\app\src\main\java\com\lxj\xpopupdemo\fragment\ImageViewerDemo.java,com.lxj.xpopupdemo.fragment.ImageViewerDemo$Anonymous6,anonymous,6,6,0,6,1,1,0,6,0,0.0,NaN,NaN,1,0,1,0,0,0,1,0,0,0,0,0,0,0,0,0,0,0,0,8,0,0,0,0,0,0,0,1,0,1,0,0,0,0,15,-1,0
c:\Users\arthur.menezes_evolu\Desktop\Pes\XPopup\app\src\main\java\com\lxj\xpopupdemo\fragment\ImageViewerDemo.java,com.lxj.xpopupdemo.fragment.ImageViewerDemo$ImageAdapter$Anonymous7$Anonymous8,anonymous,3,3,0,3,1,1,0,3,0,0.0,NaN,NaN,1,0,1,0,0,0,1,0,0,0,0,0,0,0,0,0,0,0,0,6,0,0,0,0,0,0,0,1,0,1,0,0,0,0,10,-1,0
c:\Users\arthur.menezes_evolu\Desktop\Pes\XPopup\app\src\main\java\com\lxj\xpopupdemo\custom\CustomPartShadowPopupView2.java,com.lxj.xpopupdemo.custom.CustomPartShadowPopupView2,class,5,6,1,5,3,4,0,3,1,0.33333334,0.0,0.0,3,0,1,0,2,0,3,0,0,0,1,0,0,0,0,1,0,0,0,15,1,0,0,0,0,0,0,3,0,2,0,0,0,0,21,1,0
c:\Users\arthur.menezes_evolu\Desktop\Pes\XPopup\app\src\main\java\com\lxj\xpopupdemo\fragment\ImageViewerDemo.java,com.lxj.xpopupdemo.fragment.ImageViewerDemo$Anonymous5,anonymous,3,3,0,3,1,1,0,3,0,0.0,NaN,NaN,1,0,1,0,0,0,1,0,0,0,0,0,0,0,0,0,0,0,0,5,0,0,0,0,0,0,0,0,0,0,0,0,0,0,10,-1,0
c:\Users\arthur.menezes_evolu\Desktop\Pes\XPopup\library\src\main\java\com\lxj\xpopup\animator\ScaleAlphaAnimator.java,com.lxj.xpopup.animator.ScaleAlphaAnimator,class,4,9,5,4,11,2,0,16,4,0.4,0.0,0.0,5,0,4,1,0,0,4,0,0,0,1,0,0,0,0,1,0,0,0,53,1,0,0,0,0,0,9,1,2,1,1,2,0,0,29,1,0
c:\Users\arthur.menezes_evolu\Desktop\Pes\XPopup\library\src\main\java\com\lxj\xpopup\widget\PositionPopupContainer.java,com.lxj.xpopup.widget.PositionPopupContainer$Anonymous1,anonymous,3,3,0,3,28,1,0,11,21,0.0,0.0,0.0,7,0,7,0,0,0,7,0,0,0,0,0,0,0,0,0,0,0,0,38,7,0,13,0,6,0,14,2,4,2,1,0,0,0,28,-1,0
c:\Users\arthur.menezes_evolu\Desktop\Pes\XPopup\app\src\main\java\com\lxj\xpopupdemo\fragment\CustomPopupDemo.java,com.lxj.xpopupdemo.fragment.CustomPopupDemo$CustomPopup,innerclass,4,4,0,4,3,4,0,3,3,0.0,0.0,0.0,3,0,1,0,2,0,3,0,0,0,0,0,0,0,0,0,0,0,0,17,1,0,0,0,0,0,0,0,0,0,0,1,0,0,17,9,0
c:\Users\arthur.menezes_evolu\Desktop\Pes\XPopup\library\src\main\java\com\lxj\xpopup\interfaces\OnConfirmListener.java,com.lxj.xpopup.interfaces.OnConfirmListener,interface,0,6,6,0,1,1,0,0,0,0.0,NaN,NaN,1,0,0,0,0,1,1,0,0,0,0,0,0,0,0,0,0,0,0,3,0,0,0,0,0,0,0,0,0,0,0,0,0,0,7,1,0
c:\Users\arthur.menezes_evolu\Desktop\Pes\XPopup\app\src\main\java\com\lxj\xpopupdemo\vm\DemoVM.java,com.lxj.xpopupdemo.vm.DemoVM,class,2,3,1,2,1,2,0,1,0,1.0,NaN,NaN,1,0,0,0,1,0,1,0,0,0,1,0,1,0,0,0,0,0,0,6,0,0,0,0,0,0,0,1,0,1,0,0,0,0,9,1,0
c:\Users\arthur.menezes_evolu\Desktop\Pes\XPopup\library\src\main\java\com\lxj\xpopup\interfaces\XPopupImageLoader.java,com.lxj.xpopup.interfaces.XPopupImageLoader,interface,8,14,6,8,3,1,0,0,3,0.0,0.0,0.0,3,0,0,0,0,3,3,0,0,0,0,0,0,0,0,0,0,0,0,5,0,0,0,0,0,0,0,0,0,0,0,0,0,0,19,1,0
c:\Users\arthur.menezes_evolu\Desktop\Pes\XPopup\app\src\main\java\com\lxj\xpopupdemo\custom\CustomDrawerPopupView.java,com.lxj.xpopupdemo.custom.CustomDrawerPopupView$Anonymous2$Anonymous3,anonymous,2,2,0,2,1,1,0,3,0,0.0,NaN,NaN,1,0,1,0,0,0,1,0,0,0,0,0,0,0,0,0,0,0,0,6,0,0,0,0,1,0,0,0,0,0,0,0,0,0,6,-1,0
c:\Users\arthur.menezes_evolu\Desktop\Pes\XPopup\library\src\main\java\com\lxj\xpopup\util\XPermission.java,com.lxj.xpopup.util.XPermission$PermissionActivity,innerclass,13,13,0,13,19,2,0,22,6,0.65,0.0,0.0,5,1,3,0,2,0,5,0,0,0,4,4,3,1,0,0,4,0,0,80,6,0,10,0,0,3,6,10,0,7,3,0,0,0,64,9,0
c:\Users\arthur.menezes_evolu\Desktop\Pes\XPopup\library\src\main\java\com\lxj\xpopup\animator\ShadowBgAnimator.java,com.lxj.xpopup.animator.ShadowBgAnimator,class,6,10,4,6,10,2,0,9,3,0.5357143,0.0,0.0,7,0,7,0,0,0,7,0,0,0,4,0,4,0,0,0,0,0,0,45,2,0,0,0,0,0,2,6,0,6,1,2,0,0,37,1,0
c:\Users\arthur.menezes_evolu\Desktop\Pes\XPopup\library\src\main\java\com\lxj\xpopup\photoview\PhotoViewAttacher.java,com.lxj.xpopup.photoview.PhotoViewAttacher$Anonymous1,anonymous,6,6,0,6,50,1,0,14,3,0.0,0.0,0.0,3,0,3,0,0,0,3,0,0,0,0,0,0,0,0,0,0,0,0,56,2,0,20,0,13,0,11,6,0,1,3,0,0,0,66,-1,0
c:\Users\arthur.menezes_evolu\Desktop\Pes\XPopup\library\src\main\java\com\lxj\xpopup\photoview\OnGestureListener.java,com.lxj.xpopup.photoview.OnGestureListener,interface,0,4,4,0,3,1,0,0,3,0.0,0.0,0.0,3,0,0,0,0,3,3,0,0,0,0,0,0,0,0,0,0,0,0,5,0,0,0,0,0,0,0,0,0,0,0,0,0,0,11,0,0
c:\Users\arthur.menezes_evolu\Desktop\Pes\XPopup\app\src\main\java\com\lxj\xpopupdemo\fragment\CustomAnimatorDemo.java,com.lxj.xpopupdemo.fragment.CustomAnimatorDemo$RotateAnimator,innerclass,2,2,0,2,3,2,0,12,3,0.0,0.0,0.0,3,0,3,0,0,0,3,0,0,0,0,0,0,0,0,0,0,0,0,14,0,0,0,0,0,0,14,0,0,0,0,0,0,0,12,8,0
c:\Users\arthur.menezes_evolu\Desktop\Pes\XPopup\library\src\main\java\com\lxj\xpopup\photoview\PhotoViewAttacher.java,com.lxj.xpopup.photoview.PhotoViewAttacher$Anonymous3,anonymous,6,6,0,6,13,1,0,15,3,0.0,0.0,0.0,3,0,3,0,0,0,3,0,0,0,0,0,0,0,0,0,0,0,0,50,4,0,5,1,2,0,0,8,4,8,3,0,0,0,40,-1,0
c:\Users\arthur.menezes_evolu\Desktop\Pes\XPopup\library\src\main\java\com\lxj\xpopup\widget\PopupDrawerLayout.java,com.lxj.xpopup.widget.PopupDrawerLayout$OnCloseListener,interface,0,0,0,0,3,1,0,0,3,0.0,0.0,0.0,3,0,0,0,0,3,3,0,0,0,0,0,0,0,0,0,0,0,0,5,0,0,0,0,0,0,0,0,0,0,0,0,0,0,10,1,0
c:\Users\arthur.menezes_evolu\Desktop\Pes\XPopup\library\src\main\java\com\lxj\xpopup\photoview\PhotoViewAttacher.java,com.lxj.xpopup.photoview.PhotoViewAttacher$Anonymous2,anonymous,3,3,0,3,7,1,0,4,1,0.0,0.0,0.0,2,0,2,0,0,0,2,0,0,0,0,0,0,0,0,0,0,0,0,19,4,0,2,0,0,0,0,0,0,0,2,0,0,0,35,-1,0
c:\Users\arthur.menezes_evolu\Desktop\Pes\XPopup\library\src\main\java\com\lxj\xpopup\interfaces\SimpleCallback.java,com.lxj.xpopup.interfaces.SimpleCallback,class,2,7,5,2,9,1,2,0,36,0.0,0.0,0.0,9,0,9,0,0,0,9,0,0,0,0,0,0,0,0,0,0,0,0,21,1,0,0,0,0,0,0,0,0,0,0,0,0,0,29,1,0
c:\Users\arthur.menezes_evolu\Desktop\Pes\XPopup\library\src\main\java\com\lxj\xpopup\core\PositionPopupView.java,com.lxj.xpopup.core.PositionPopupView,class,12,20,8,12,11,3,2,28,22,0.625,0.0,0.0,8,0,1,1,6,0,7,0,1,0,1,0,0,0,0,1,0,0,5,63,4,0,1,0,2,0,2,5,4,3,1,3,0,0,46,1,0
c:\Users\arthur.menezes_evolu\Desktop\Pes\XPopup\app\src\main\java\com\lxj\xpopupdemo\custom\CustomPartShadowPopupView.java,com.lxj.xpopupdemo.custom.CustomPartShadowPopupView$Anonymous1,anonymous,2,2,0,2,1,1,0,1,0,0.0,NaN,NaN,1,0,1,0,0,0,1,0,0,0,0,0,0,0,0,0,0,0,0,5,0,0,0,0,0,0,0,0,0,0,0,0,0,0,5,-1,0
c:\Users\arthur.menezes_evolu\Desktop\Pes\XPopup\app\src\main\java\com\lxj\xpopupdemo\fragment\FragmentLifecycleDemo.java,com.lxj.xpopupdemo.fragment.FragmentLifecycleDemo$Anonymous1,anonymous,4,4,0,4,1,1,0,8,0,0.0,NaN,NaN,1,0,1,0,0,0,1,0,0,0,0,0,0,0,0,0,0,0,0,12,0,0,0,0,1,2,0,0,0,0,1,1,0,1,11,-1,0
c:\Users\arthur.menezes_evolu\Desktop\Pes\XPopup\library\src\main\java\com\lxj\xpopup\core\HorizontalAttachPopupView.java,com.lxj.xpopup.core.HorizontalAttachPopupView$Anonymous1,anonymous,4,4,0,4,4,1,0,8,0,0.0,NaN,NaN,1,0,1,0,0,0,1,0,0,0,0,0,0,0,0,0,0,0,2,14,0,0,0,0,4,0,1,3,8,0,1,0,0,0,25,-1,0
c:\Users\arthur.menezes_evolu\Desktop\Pes\XPopup\app\src\main\java\com\lxj\xpopupdemo\custom\CustomEditTextBottomPopup.java,com.lxj.xpopupdemo.custom.CustomEditTextBottomPopup,class,5,8,3,5,6,4,0,7,15,0.0,0.0,0.0,6,0,2,0,4,0,6,0,0,0,0,0,0,0,0,0,0,0,0,27,2,0,0,0,0,0,0,1,0,1,0,1,0,0,25,1,0
c:\Users\arthur.menezes_evolu\Desktop\Pes\XPopup\app\src\main\java\com\lxj\xpopupdemo\custom\CustomPartShadowPopupView.java,com.lxj.xpopupdemo.custom.CustomPartShadowPopupView$Anonymous2,anonymous,1,1,0,1,1,1,0,2,0,0.0,NaN,NaN,1,0,1,0,0,0,1,0,0,0,0,0,0,0,0,0,0,0,0,5,0,0,0,0,0,1,0,0,1,0,0,0,0,0,4,-1,0
c:\Users\arthur.menezes_evolu\Desktop\Pes\XPopup\library\src\main\java\com\lxj\xpopup\core\HorizontalAttachPopupView.java,com.lxj.xpopup.core.HorizontalAttachPopupView$Anonymous2,anonymous,4,4,0,4,4,1,0,9,0,0.0,NaN,NaN,1,0,1,0,0,0,1,0,0,0,0,0,0,0,0,0,0,0,2,14,0,0,0,0,5,0,1,3,9,0,1,0,0,0,26,-1,0
c:\Users\arthur.menezes_evolu\Desktop\Pes\XPopup\library\src\main\java\com\lxj\xpopup\impl\ConfirmPopupView.java,com.lxj.xpopup.impl.ConfirmPopupView,class,13,16,3,13,32,4,1,23,57,0.8266668,0.0,0.0,15,0,10,0,5,0,15,0,0,0,7,0,1,0,0,6,0,0,6,116,11,0,11,0,1,1,4,16,1,15,2,0,0,0,56,1,0
c:\Users\arthur.menezes_evolu\Desktop\Pes\XPopup\library\src\main\java\com\lxj\xpopup\impl\LoadingPopupView.java,com.lxj.xpopup.impl.LoadingPopupView$Style,enum,0,0,0,0,0,1,0,0,0,0.0,-1.0,-1.0,0,0,0,0,0,0,0,0,0,0,0,0,0,0,0,0,0,0,0,1,0,0,0,0,0,0,0,0,0,0,0,0,0,0,4,1,0
c:\Users\arthur.menezes_evolu\Desktop\Pes\XPopup\library\src\main\java\com\lxj\xpopup\impl\CenterListPopupView.java,com.lxj.xpopup.impl.CenterListPopupView,class,12,14,2,12,19,4,0,22,18,0.73015875,0.0,0.0,9,0,4,0,5,0,9,0,0,0,7,0,0,1,0,6,0,0,1,119,6,0,9,0,2,0,6,11,0,8,3,2,0,0,62,1,0
c:\Users\arthur.menezes_evolu\Desktop\Pes\XPopup\library\src\main\java\com\lxj\xpopup\widget\SmartDragLayout.java,com.lxj.xpopup.widget.SmartDragLayout$OnCloseListener,interface,0,0,0,0,3,1,0,0,3,0.0,0.0,0.0,3,0,0,0,0,3,3,0,0,0,0,0,0,0,0,0,0,0,0,5,0,0,0,0,0,0,0,0,0,0,0,0,0,0,9,1,0
c:\Users\arthur.menezes_evolu\Desktop\Pes\XPopup\library\src\main\java\com\lxj\xpopup\interfaces\OnDragChangeListener.java,com.lxj.xpopup.interfaces.OnDragChangeListener,interface,0,3,3,0,2,1,0,0,1,0.0,0.0,0.0,2,0,0,0,0,2,2,0,0,0,0,0,0,0,0,0,0,0,0,4,0,0,0,0,0,0,0,0,0,0,0,0,0,0,7,1,0
c:\Users\arthur.menezes_evolu\Desktop\Pes\XPopup\library\src\main\java\com\lxj\xpopup\photoview\OnViewTapListener.java,com.lxj.xpopup.photoview.OnViewTapListener,interface,1,4,3,1,1,1,0,0,0,0.0,NaN,NaN,1,0,0,0,0,1,1,0,0,0,0,0,0,0,0,0,0,0,0,3,0,0,0,0,0,0,0,0,0,0,0,0,0,0,28,1,0
c:\Users\arthur.menezes_evolu\Desktop\Pes\XPopup\library\src\main\java\com\lxj\xpopup\interfaces\OnInputConfirmListener.java,com.lxj.xpopup.interfaces.OnInputConfirmListener,interface,0,3,3,0,1,1,0,0,0,0.0,NaN,NaN,1,0,0,0,0,1,1,0,0,0,0,0,0,0,0,0,0,0,0,3,0,0,0,0,0,0,0,0,0,0,0,0,0,0,9,1,0
c:\Users\arthur.menezes_evolu\Desktop\Pes\XPopup\app\src\main\java\com\lxj\xpopupdemo\fragment\FragmentLifecycleDemo.java,com.lxj.xpopupdemo.fragment.FragmentLifecycleDemo$Anonymous1$Anonymous2,anonymous,1,1,0,1,1,1,0,0,0,0.0,NaN,NaN,1,0,1,0,0,0,1,0,0,0,0,0,0,0,0,0,0,0,0,4,0,0,0,0,0,0,0,0,0,0,0,0,0,0,6,-1,0
c:\Users\arthur.menezes_evolu\Desktop\Pes\XPopup\library\src\main\java\com\lxj\xpopup\animator\ScrollScaleAnimator.java,com.lxj.xpopup.animator.ScrollScaleAnimator$Anonymous4,anonymous,2,2,0,2,1,1,0,5,0,0.0,NaN,NaN,1,0,1,0,0,0,1,0,0,0,0,0,0,0,0,0,0,0,0,8,0,0,0,0,0,0,4,1,2,1,0,0,0,0,9,-1,0
c:\Users\arthur.menezes_evolu\Desktop\Pes\XPopup\library\src\main\java\com\lxj\xpopup\photoview\PhotoViewAttacher.java,com.lxj.xpopup.photoview.PhotoViewAttacher,class,30,37,7,30,106,1,0,69,1066,0.96553016,0.0,0.0,52,0,42,10,0,0,42,0,0,0,48,13,2,45,0,1,13,0,14,645,22,0,24,0,12,1,55,119,46,82,4,3,2,0,234,1,0
c:\Users\arthur.menezes_evolu\Desktop\Pes\XPopup\library\src\main\java\com\lxj\xpopup\XPopup.java,com.lxj.xpopup.XPopup$Anonymous1,anonymous,3,3,0,3,5,1,0,8,0,0.0,NaN,NaN,1,0,1,0,0,0,1,0,0,0,0,0,0,0,0,0,0,0,0,15,1,0,3,0,0,1,0,1,0,0,1,0,0,0,13,-1,0
c:\Users\arthur.menezes_evolu\Desktop\Pes\XPopup\library\src\main\java\com\lxj\xpopup\impl\PartShadowPopupView.java,com.lxj.xpopup.impl.PartShadowPopupView$Anonymous1,anonymous,1,1,0,1,1,1,0,1,0,0.0,NaN,NaN,1,0,1,0,0,0,1,0,0,0,0,0,0,0,0,0,0,0,0,5,0,0,0,0,0,0,0,0,0,0,0,0,0,0,3,-1,0
c:\Users\arthur.menezes_evolu\Desktop\Pes\XPopup\library\src\main\java\com\lxj\xpopup\enums\LayoutStatus.java,com.lxj.xpopup.enums.LayoutStatus,enum,0,2,2,0,0,1,0,0,0,0.0,-1.0,-1.0,0,0,0,0,0,0,0,0,0,0,0,0,0,0,0,0,0,0,0,1,0,0,0,0,0,0,0,0,0,0,0,0,0,0,7,1,0
c:\Users\arthur.menezes_evolu\Desktop\Pes\XPopup\library\src\main\java\com\lxj\xpopup\impl\PartShadowPopupView.java,com.lxj.xpopup.impl.PartShadowPopupView$Anonymous4,anonymous,1,1,0,1,2,1,0,1,0,0.0,NaN,NaN,1,0,1,0,0,0,1,0,0,0,0,0,0,0,0,0,0,0,0,5,0,0,0,0,0,0,0,0,0,0,1,0,0,0,4,-1,0
c:\Users\arthur.menezes_evolu\Desktop\Pes\XPopup\library\src\main\java\com\lxj\xpopup\impl\PartShadowPopupView.java,com.lxj.xpopup.impl.PartShadowPopupView$Anonymous3,anonymous,2,2,0,2,1,1,0,3,0,0.0,NaN,NaN,1,0,1,0,0,0,1,0,0,0,0,0,0,0,0,0,0,0,0,6,0,0,0,0,0,0,1,0,0,0,0,0,0,0,9,-1,0
c:\Users\arthur.menezes_evolu\Desktop\Pes\XPopup\library\src\main\java\com\lxj\xpopup\impl\PartShadowPopupView.java,com.lxj.xpopup.impl.PartShadowPopupView$Anonymous2,anonymous,1,1,0,1,1,1,0,1,0,0.0,NaN,NaN,1,0,1,0,0,0,1,0,0,0,0,0,0,0,0,0,0,0,0,5,0,0,0,0,0,0,0,0,0,0,0,0,0,0,3,-1,0
c:\Users\arthur.menezes_evolu\Desktop\Pes\XPopup\app\src\main\java\com\lxj\xpopupdemo\custom\CustomEditTextBottomPopup.java,com.lxj.xpopupdemo.custom.CustomEditTextBottomPopup$Anonymous1,anonymous,2,2,0,2,1,1,0,1,0,0.0,NaN,NaN,1,0,1,0,0,0,1,0,0,0,0,0,0,0,0,0,0,0,0,5,0,0,0,0,0,0,0,0,0,0,0,0,0,0,5,-1,0
c:\Users\arthur.menezes_evolu\Desktop\Pes\XPopup\library\src\main\java\com\lxj\xpopup\animator\TranslateAnimator.java,com.lxj.xpopup.animator.TranslateAnimator,class,6,11,5,6,21,2,0,21,6,0.6,0.0,0.0,5,0,4,1,0,0,4,0,0,0,2,0,2,0,0,0,0,0,0,70,1,0,2,0,5,3,1,16,10,6,1,0,0,0,33,1,0
c:\Users\arthur.menezes_evolu\Desktop\Pes\XPopup\library\src\main\java\com\lxj\xpopup\util\KeyboardUtils.java,com.lxj.xpopup.util.KeyboardUtils$SoftInputReceiver,innerclass,5,5,0,5,4,2,0,2,0,0.0,0.0,0.0,2,0,1,0,1,0,2,0,0,0,1,0,0,1,0,0,0,0,1,14,0,0,2,0,0,0,0,2,0,1,1,0,0,0,15,10,0
c:\Users\arthur.menezes_evolu\Desktop\Pes\XPopup\library\src\main\java\com\lxj\xpopup\util\XPermission.java,com.lxj.xpopup.util.XPermission$ThemeCallback,interface,1,1,0,1,1,1,0,0,0,0.0,NaN,NaN,1,0,0,0,0,1,1,0,0,0,0,0,0,0,0,0,0,0,0,3,0,0,0,0,0,0,0,0,0,0,0,0,0,0,6,1,0
c:\Users\arthur.menezes_evolu\Desktop\Pes\XPopup\app\src\main\java\com\lxj\xpopupdemo\custom\PagerBottomPopup.java,com.lxj.xpopupdemo.custom.PagerBottomPopup,class,8,9,1,8,7,4,0,10,19,0.71428573,0.0,0.0,7,0,1,0,6,0,7,0,0,0,1,0,0,0,0,1,0,0,1,29,3,0,0,0,1,0,1,3,1,3,0,0,0,0,29,1,0
c:\Users\arthur.menezes_evolu\Desktop\Pes\XPopup\library\src\main\java\com\lxj\xpopup\animator\ScrollScaleAnimator.java,com.lxj.xpopup.animator.ScrollScaleAnimator$Anonymous1,anonymous,1,1,0,1,1,1,0,2,0,0.0,NaN,NaN,1,0,1,0,0,0,1,0,0,0,0,0,0,0,0,0,0,0,0,6,0,0,0,0,0,0,0,0,0,0,0,0,0,0,3,-1,0
c:\Users\arthur.menezes_evolu\Desktop\Pes\XPopup\library\src\main\java\com\lxj\xpopup\core\BottomPopupView.java,com.lxj.xpopup.core.BottomPopupView$Anonymous1,anonymous,4,4,0,4,9,1,0,6,3,0.0,0.0,0.0,3,0,3,0,0,0,3,0,0,0,0,0,0,0,0,0,0,0,0,14,1,0,4,0,0,0,0,0,0,0,1,0,0,0,18,-1,0
c:\Users\arthur.menezes_evolu\Desktop\Pes\XPopup\library\src\main\java\com\lxj\xpopup\animator\ScrollScaleAnimator.java,com.lxj.xpopup.animator.ScrollScaleAnimator$Anonymous2,anonymous,2,2,0,2,1,1,0,5,0,0.0,NaN,NaN,1,0,1,0,0,0,1,0,0,0,0,0,0,0,0,0,0,0,0,16,0,0,0,0,0,0,2,1,0,1,0,1,0,0,11,-1,0
c:\Users\arthur.menezes_evolu\Desktop\Pes\XPopup\library\src\main\java\com\lxj\xpopup\core\BottomPopupView.java,com.lxj.xpopup.core.BottomPopupView$Anonymous2,anonymous,3,3,0,3,4,1,0,2,0,0.0,NaN,NaN,1,0,1,0,0,0,1,0,0,0,0,0,0,0,0,0,0,0,0,12,0,0,3,0,0,0,0,0,0,0,2,0,0,0,8,-1,0
c:\Users\arthur.menezes_evolu\Desktop\Pes\XPopup\app\src\main\java\com\lxj\xpopupdemo\custom\CustomAttachPopup.java,com.lxj.xpopupdemo.custom.CustomAttachPopup$Anonymous1,anonymous,2,2,0,2,1,1,0,3,0,0.0,NaN,NaN,1,0,1,0,0,0,1,0,0,0,0,0,0,0,0,0,0,0,0,6,0,0,0,0,0,1,0,0,0,0,0,0,0,0,5,-1,0
c:\Users\arthur.menezes_evolu\Desktop\Pes\XPopup\app\src\main\java\com\lxj\xpopupdemo\custom\CustomImageViewerPopup.java,com.lxj.xpopupdemo.custom.CustomImageViewerPopup,class,4,5,1,4,5,4,0,6,10,0.0,0.0,0.0,5,0,1,0,4,0,5,0,0,0,0,0,0,0,0,0,0,0,0,30,1,0,0,0,0,4,0,0,0,0,0,1,0,0,22,1,0
c:\Users\arthur.menezes_evolu\Desktop\Pes\XPopup\app\src\main\java\com\lxj\xpopupdemo\fragment\PartShadowDemo.java,com.lxj.xpopupdemo.fragment.PartShadowDemo$Anonymous1$Anonymous2$Anonymous3,anonymous,1,1,0,1,1,1,0,1,0,0.0,NaN,NaN,1,0,1,0,0,0,1,0,0,0,0,0,0,0,0,0,0,0,0,5,0,0,0,0,0,0,0,0,0,0,0,0,0,0,4,-1,0
c:\Users\arthur.menezes_evolu\Desktop\Pes\XPopup\library\src\main\java\com\lxj\xpopup\interfaces\OnSelectListener.java,com.lxj.xpopup.interfaces.OnSelectListener,interface,0,12,12,0,1,1,0,0,0,0.0,NaN,NaN,1,0,0,0,0,1,1,0,0,0,0,0,0,0,0,0,0,0,0,3,0,0,0,0,0,0,0,0,0,0,0,0,0,0,8,1,0
c:\Users\arthur.menezes_evolu\Desktop\Pes\XPopup\library\src\main\java\com\lxj\xpopup\interfaces\XPopupCallback.java,com.lxj.xpopup.interfaces.XPopupCallback,interface,1,13,12,1,9,1,0,0,36,0.0,0.0,0.0,9,0,0,0,0,9,9,0,0,0,0,0,0,0,0,0,0,0,0,11,0,0,0,0,0,0,0,0,0,0,0,0,0,0,29,1,0
c:\Users\arthur.menezes_evolu\Desktop\Pes\XPopup\library\src\main\java\com\lxj\xpopup\util\XPermission.java,com.lxj.xpopup.util.XPermission$Anonymous1,anonymous,1,1,0,1,2,1,0,2,0,0.0,NaN,NaN,1,0,1,0,0,0,1,0,0,0,0,0,0,0,0,0,0,0,0,10,0,0,0,0,0,0,0,0,0,0,1,0,0,0,6,-1,0
c:\Users\arthur.menezes_evolu\Desktop\Pes\XPopup\app\src\main\java\com\lxj\xpopupdemo\custom\CustomAttachPopup.java,com.lxj.xpopupdemo.custom.CustomAttachPopup$Anonymous2,anonymous,2,2,0,2,1,1,0,3,0,0.0,NaN,NaN,1,0,1,0,0,0,1,0,0,0,0,0,0,0,0,0,0,0,0,6,0,0,0,0,0,1,0,0,0,0,0,0,0,0,5,-1,0
c:\Users\arthur.menezes_evolu\Desktop\Pes\XPopup\library\src\main\java\com\lxj\xpopup\impl\FullScreenPopupView.java,com.lxj.xpopup.impl.FullScreenPopupView$Anonymous1,anonymous,1,1,0,1,1,1,0,2,0,0.0,NaN,NaN,1,0,1,0,0,0,1,0,0,0,0,0,0,0,0,0,0,0,0,6,0,0,0,0,0,0,0,1,0,0,0,0,0,0,11,-1,0
c:\Users\arthur.menezes_evolu\Desktop\Pes\XPopup\library\src\main\java\com\lxj\xpopup\photoview\PhotoView.java,com.lxj.xpopup.photoview.PhotoView,class,20,29,9,20,50,2,0,42,0,0.5113636,0.0,0.0,44,0,42,1,1,0,43,0,0,0,2,0,1,1,0,0,0,0,0,160,12,0,5,0,0,2,1,4,0,3,1,0,0,0,107,1,0
c:\Users\arthur.menezes_evolu\Desktop\Pes\XPopup\app\src\main\java\com\lxj\xpopupdemo\fragment\BaseFragment.java,com.lxj.xpopupdemo.fragment.BaseFragment$Anonymous1,anonymous,0,0,0,0,1,1,0,1,0,0.0,NaN,NaN,1,0,1,0,0,0,1,0,0,0,0,0,0,0,0,0,0,0,0,5,0,0,0,0,0,0,0,0,0,0,0,0,0,0,1,-1,0
c:\Users\arthur.menezes_evolu\Desktop\Pes\XPopup\library\src\main\java\com\lxj\xpopup\widget\SmartDragLayout.java,com.lxj.xpopup.widget.SmartDragLayout,class,14,18,4,14,81,2,0,42,223,0.8657407,0.0,0.0,27,0,23,2,2,0,25,0,0,0,15,0,0,2,0,13,0,0,4,244,10,0,16,0,10,0,31,49,41,28,3,2,1,0,106,1,0
c:\Users\arthur.menezes_evolu\Desktop\Pes\XPopup\app\src\main\java\com\lxj\xpopupdemo\fragment\ImageViewerDemo.java,com.lxj.xpopupdemo.fragment.ImageViewerDemo$Anonymous3$Anonymous4,anonymous,1,1,0,1,1,1,0,3,0,0.0,NaN,NaN,1,0,1,0,0,0,1,0,0,0,0,0,0,0,0,0,0,0,0,5,0,0,0,0,0,2,0,0,1,0,0,0,0,0,9,-1,0
c:\Users\arthur.menezes_evolu\Desktop\Pes\XPopup\app\src\main\java\com\lxj\xpopupdemo\custom\PagerDrawerPopup.java,com.lxj.xpopupdemo.custom.PagerDrawerPopup,class,8,9,1,8,6,4,0,12,13,0.6666667,0.0,0.0,6,0,1,0,5,0,6,0,0,0,3,0,0,0,0,3,0,0,0,33,2,0,0,0,0,10,0,5,0,5,0,0,0,0,30,1,0
c:\Users\arthur.menezes_evolu\Desktop\Pes\XPopup\library\src\main\java\com\lxj\xpopup\photoview\OnOutsidePhotoTapListener.java,com.lxj.xpopup.photoview.OnOutsidePhotoTapListener,interface,1,4,3,1,1,1,0,0,0,0.0,NaN,NaN,1,0,0,0,0,1,1,0,0,0,0,0,0,0,0,0,0,0,0,3,0,0,0,0,0,0,0,0,0,0,0,0,0,0,20,1,0
c:\Users\arthur.menezes_evolu\Desktop\Pes\XPopup\library\src\main\java\com\lxj\xpopup\photoview\Compat.java,com.lxj.xpopup.photoview.Compat,class,3,6,3,3,3,1,0,3,1,0.5,NaN,NaN,2,2,1,1,0,0,1,0,0,0,1,1,0,1,0,0,1,0,1,14,0,0,0,0,0,0,3,1,1,1,1,0,0,0,23,0,0
c:\Users\arthur.menezes_evolu\Desktop\Pes\XPopup\library\src\main\java\com\lxj\xpopup\util\SmartGlideImageLoader.java,com.lxj.xpopup.util.SmartGlideImageLoader$Anonymous4,anonymous,2,2,0,2,1,1,0,1,0,0.0,NaN,NaN,1,0,1,0,0,0,1,0,0,0,0,0,0,0,0,0,0,0,0,6,1,0,0,0,0,0,0,0,0,0,0,0,0,0,6,-1,0
c:\Users\arthur.menezes_evolu\Desktop\Pes\XPopup\library\src\main\java\com\lxj\xpopup\util\SmartGlideImageLoader.java,com.lxj.xpopup.util.SmartGlideImageLoader$Anonymous5,anonymous,3,3,0,3,2,1,0,2,0,0.0,NaN,NaN,1,0,1,0,0,0,1,0,0,0,0,0,0,0,0,0,0,0,0,9,0,0,1,0,0,0,0,1,0,1,1,0,0,0,10,-1,0
c:\Users\arthur.menezes_evolu\Desktop\Pes\XPopup\library\src\main\java\com\lxj\xpopup\util\SmartGlideImageLoader.java,com.lxj.xpopup.util.SmartGlideImageLoader$Anonymous6,anonymous,2,2,0,2,1,1,0,1,0,0.0,NaN,NaN,1,0,1,0,0,0,1,0,0,0,0,0,0,0,0,0,0,0,0,5,0,0,0,0,0,0,0,0,0,0,0,0,0,0,4,-1,0
c:\Users\arthur.menezes_evolu\Desktop\Pes\XPopup\app\src\main\java\com\lxj\xpopupdemo\PageInfo.java,com.lxj.xpopupdemo.PageInfo,class,1,2,1,1,1,1,0,0,0,0.0,NaN,NaN,1,0,1,0,0,0,1,0,0,0,2,0,2,0,0,0,0,0,0,8,0,0,0,0,0,0,0,2,0,2,0,0,0,0,9,1,0
c:\Users\arthur.menezes_evolu\Desktop\Pes\XPopup\library\src\main\java\com\lxj\xpopup\util\SmartGlideImageLoader.java,com.lxj.xpopup.util.SmartGlideImageLoader$Anonymous7,anonymous,2,2,0,2,1,1,0,1,0,0.0,NaN,NaN,1,0,1,0,0,0,1,0,0,0,0,0,0,0,0,0,0,0,0,6,1,0,0,0,0,0,0,0,0,0,0,0,0,0,6,-1,0
c:\Users\arthur.menezes_evolu\Desktop\Pes\XPopup\library\src\main\java\com\lxj\xpopup\util\SmartGlideImageLoader.java,com.lxj.xpopup.util.SmartGlideImageLoader$Anonymous8,anonymous,7,7,0,7,4,1,0,16,1,0.0,0.0,0.0,2,0,2,0,0,0,2,0,0,0,0,0,0,0,0,0,0,0,6,19,0,0,0,0,0,0,8,5,2,5,1,0,0,0,22,-1,0
c:\Users\arthur.menezes_evolu\Desktop\Pes\XPopup\library\src\main\java\com\lxj\xpopup\core\BottomPopupView.java,com.lxj.xpopup.core.BottomPopupView,class,14,27,13,14,35,3,6,39,30,0.625,0.0,0.0,12,0,4,0,8,0,12,0,1,0,2,0,0,1,1,0,0,0,4,131,9,0,12,0,0,0,3,6,0,3,2,2,0,0,52,1,0
c:\Users\arthur.menezes_evolu\Desktop\Pes\XPopup\library\src\main\java\com\lxj\xpopup\widget\BubbleLayout.java,com.lxj.xpopup.widget.BubbleLayout$Look,enum,1,1,0,1,6,1,0,0,0,0.0,0.0,0.0,2,1,1,0,0,1,2,0,0,0,1,0,0,0,0,1,0,0,0,24,1,0,0,0,0,0,8,6,0,2,1,0,0,0,19,1,0
c:\Users\arthur.menezes_evolu\Desktop\Pes\XPopup\app\src\main\java\com\lxj\xpopupdemo\fragment\CustomPopupDemo.java,com.lxj.xpopupdemo.fragment.CustomPopupDemo$CustomPopup2$Anonymous4,anonymous,2,2,0,2,1,1,0,1,0,0.0,NaN,NaN,1,0,0,0,1,0,1,0,0,0,0,0,0,0,0,0,0,0,0,5,0,0,0,0,0,0,0,0,0,0,0,0,0,0,4,-1,0
c:\Users\arthur.menezes_evolu\Desktop\Pes\XPopup\app\src\main\java\com\lxj\xpopupdemo\fragment\QuickStartDemo.java,com.lxj.xpopupdemo.fragment.QuickStartDemo,class,32,34,2,32,33,4,0,57,4,0.6,0.0,0.0,4,0,2,1,1,0,3,0,0,0,5,0,0,0,0,5,0,0,3,258,1,0,2,0,0,76,10,8,2,6,2,12,1,0,87,1,0
c:\Users\arthur.menezes_evolu\Desktop\Pes\XPopup\library\src\main\java\com\lxj\xpopup\util\SmartGlideImageLoader.java,com.lxj.xpopup.util.SmartGlideImageLoader$Anonymous1,anonymous,11,11,0,11,10,1,0,30,1,0.0,0.0,0.0,2,0,2,0,0,0,2,0,0,0,0,0,0,0,0,0,0,0,13,52,0,0,2,0,6,0,21,12,12,10,3,0,0,0,43,-1,1
c:\Users\arthur.menezes_evolu\Desktop\Pes\XPopup\library\src\main\java\com\lxj\xpopup\util\SmartGlideImageLoader.java,com.lxj.xpopup.util.SmartGlideImageLoader$Anonymous2,anonymous,1,1,0,1,1,1,0,1,0,0.0,NaN,NaN,1,0,1,0,0,0,1,0,0,0,0,0,0,0,0,0,0,0,0,5,0,0,0,0,0,0,0,0,0,0,0,0,0,0,6,-1,0
c:\Users\arthur.menezes_evolu\Desktop\Pes\XPopup\library\src\main\java\com\lxj\xpopup\util\SmartGlideImageLoader.java,com.lxj.xpopup.util.SmartGlideImageLoader$Anonymous3,anonymous,2,2,0,2,1,1,0,1,0,0.0,NaN,NaN,1,0,1,0,0,0,1,0,0,0,0,0,0,0,0,0,0,0,0,5,0,0,0,0,0,0,0,0,0,0,0,0,0,0,4,-1,0
c:\Users\arthur.menezes_evolu\Desktop\Pes\XPopup\library\src\main\java\com\lxj\xpopup\core\HorizontalAttachPopupView.java,com.lxj.xpopup.core.HorizontalAttachPopupView,class,11,15,4,11,20,4,1,17,10,0.8,0.0,0.0,5,0,2,1,2,0,4,0,0,0,1,0,0,0,0,1,0,0,10,96,3,0,6,0,12,0,9,27,12,12,2,2,0,0,45,1,0
c:\Users\arthur.menezes_evolu\Desktop\Pes\XPopup\library\src\main\java\com\lxj\xpopup\enums\PopupStatus.java,com.lxj.xpopup.enums.PopupStatus,enum,0,1,1,0,0,1,0,0,0,0.0,-1.0,-1.0,0,0,0,0,0,0,0,0,0,0,0,0,0,0,0,0,0,0,0,1,0,0,0,0,0,0,0,0,0,0,0,0,0,0,7,1,0
c:\Users\arthur.menezes_evolu\Desktop\Pes\XPopup\app\src\main\java\com\lxj\xpopupdemo\custom\CustomPartShadowPopupView.java,com.lxj.xpopupdemo.custom.CustomPartShadowPopupView,class,5,6,1,5,5,4,0,6,8,0.6,0.0,0.0,5,0,1,0,4,0,5,0,0,0,1,0,0,0,0,1,0,0,0,34,1,0,0,0,0,6,0,1,0,1,0,2,0,0,24,1,0
c:\Users\arthur.menezes_evolu\Desktop\Pes\XPopup\library\src\main\java\com\lxj\xpopup\XPopup.java,com.lxj.xpopup.XPopup,class,6,15,9,6,19,1,0,6,71,0.83333343,0.0,0.0,15,14,14,1,0,0,14,0,0,0,8,8,3,5,0,0,0,0,1,390,5,0,0,0,0,4,9,15,0,8,1,1,1,0,39,1,0
c:\Users\arthur.menezes_evolu\Desktop\Pes\XPopup\app\src\main\java\com\lxj\xpopupdemo\Constants.java,com.lxj.xpopupdemo.Constants,class,0,0,0,0,0,1,0,0,0,NaN,-1.0,-1.0,0,0,0,0,0,0,0,0,0,0,1,1,1,0,0,0,0,0,0,3,0,0,0,0,0,0,0,1,0,1,0,0,0,0,2,1,0
c:\Users\arthur.menezes_evolu\Desktop\Pes\XPopup\library\src\main\java\com\lxj\xpopup\animator\ScrollScaleAnimator.java,com.lxj.xpopup.animator.ScrollScaleAnimator,class,6,12,6,6,23,2,0,14,15,0.8666667,0.0,0.0,6,0,4,2,0,0,4,0,0,0,4,0,0,4,0,0,0,0,0,134,1,0,0,0,0,0,15,17,4,6,1,3,0,0,41,1,0
c:\Users\arthur.menezes_evolu\Desktop\Pes\XPopup\library\src\main\java\com\lxj\xpopup\photoview\OnViewDragListener.java,com.lxj.xpopup.photoview.OnViewDragListener,interface,0,3,3,0,1,1,0,0,0,0.0,NaN,NaN,1,0,0,0,0,1,1,0,0,0,0,0,0,0,0,0,0,0,0,3,0,0,0,0,0,0,0,0,0,0,0,0,0,0,33,1,0
c:\Users\arthur.menezes_evolu\Desktop\Pes\XPopup\app\src\main\java\com\lxj\xpopupdemo\custom\ZhihuCommentPopup.java,com.lxj.xpopupdemo.custom.ZhihuCommentPopup,class,8,9,1,8,8,4,0,12,21,0.85714287,0.0,0.0,7,0,1,0,6,0,7,0,0,0,3,0,0,2,0,1,0,0,1,71,3,1,0,0,1,6,3,4,1,4,1,3,0,0,34,1,0
c:\Users\arthur.menezes_evolu\Desktop\Pes\XPopup\library\src\main\java\com\lxj\xpopup\impl\InputConfirmPopupView.java,com.lxj.xpopup.impl.InputConfirmPopupView,class,12,13,1,12,16,5,0,27,13,0.61904764,0.0,0.0,7,0,4,0,3,0,7,0,0,0,3,0,1,0,0,2,0,0,3,57,1,0,5,0,0,5,2,4,0,5,3,0,0,1,41,1,0
c:\Users\arthur.menezes_evolu\Desktop\Pes\XPopup\library\src\main\java\com\lxj\xpopup\photoview\OnScaleChangedListener.java,com.lxj.xpopup.photoview.OnScaleChangedListener,interface,0,3,3,0,1,1,0,0,0,0.0,NaN,NaN,1,0,0,0,0,1,1,0,0,0,0,0,0,0,0,0,0,0,0,3,0,0,0,0,0,0,0,0,0,0,0,0,0,0,33,1,0
c:\Users\arthur.menezes_evolu\Desktop\Pes\XPopup\library\src\main\java\com\lxj\xpopup\widget\BlankView.java,com.lxj.xpopup.widget.BlankView,class,7,9,2,7,6,2,0,11,5,0.6,0.0,0.0,6,0,3,1,2,0,5,0,0,0,5,0,3,2,0,0,0,0,0,35,0,0,0,0,0,1,4,6,0,5,0,0,0,0,32,1,0
c:\Users\arthur.menezes_evolu\Desktop\Pes\XPopup\library\src\main\java\com\lxj\xpopup\photoview\PhotoViewAttacher.java,com.lxj.xpopup.photoview.PhotoViewAttacher$FlingRunnable,innerclass,5,5,0,5,11,1,0,13,0,0.33333334,0.0,0.0,4,0,4,0,0,0,4,0,0,0,2,0,0,2,0,0,1,0,5,52,2,0,3,0,0,0,4,18,4,12,1,0,0,0,31,2,0
c:\Users\arthur.menezes_evolu\Desktop\Pes\XPopup\app\src\main\java\com\lxj\xpopupdemo\fragment\AllAnimatorDemo.java,com.lxj.xpopupdemo.fragment.AllAnimatorDemo$Anonymous1,anonymous,2,2,0,2,2,1,0,1,1,0.0,0.0,0.0,2,0,2,0,0,0,2,0,0,0,0,0,0,0,0,0,0,0,0,12,0,0,0,0,0,0,1,0,0,0,0,1,0,0,8,-1,0
c:\Users\arthur.menezes_evolu\Desktop\Pes\XPopup\library\src\main\java\com\lxj\xpopup\widget\PositionPopupContainer.java,com.lxj.xpopup.widget.PositionPopupContainer,class,12,14,2,12,23,2,0,20,23,0.84166664,0.0,0.0,10,0,8,1,1,0,9,0,0,0,11,1,4,4,0,3,1,0,3,121,6,0,0,2,0,1,9,20,3,15,2,1,1,0,71,1,0
c:\Users\arthur.menezes_evolu\Desktop\Pes\XPopup\library\src\main\java\com\lxj\xpopup\core\ImageViewerPopupView.java,com.lxj.xpopup.core.ImageViewerPopupView,class,29,47,18,29,58,4,1,66,338,0.90234375,0.0,0.0,32,0,23,4,5,0,28,0,1,0,23,0,1,0,22,0,0,0,5,371,20,0,16,0,3,2,29,54,12,31,2,4,1,0,129,1,0
c:\Users\arthur.menezes_evolu\Desktop\Pes\XPopup\library\src\main\java\com\lxj\xpopup\widget\SmartDivider.java,com.lxj.xpopup.widget.SmartDivider,class,13,15,2,13,23,2,0,29,0,0.64285713,0.0,0.0,8,0,6,2,0,0,6,0,0,0,7,4,2,5,0,0,5,0,2,106,3,2,11,0,2,5,17,27,11,22,2,0,0,0,91,1,0
c:\Users\arthur.menezes_evolu\Desktop\Pes\XPopup\library\src\main\java\com\lxj\xpopup\animator\ScrollScaleAnimator.java,com.lxj.xpopup.animator.ScrollScaleAnimator$Anonymous2$Anonymous3,anonymous,2,2,0,2,1,1,0,5,0,0.0,NaN,NaN,1,0,1,0,0,0,1,0,0,0,0,0,0,0,0,0,0,0,0,8,0,0,0,0,0,0,2,1,0,1,0,0,0,0,9,-1,0
c:\Users\arthur.menezes_evolu\Desktop\Pes\XPopup\library\src\main\java\com\lxj\xpopup\widget\LoadingView.java,com.lxj.xpopup.widget.LoadingView,class,8,9,1,8,9,2,0,19,20,0.78333336,0.0,0.0,8,0,4,0,4,0,8,0,0,0,13,0,0,8,0,5,0,0,3,70,0,1,0,0,1,2,18,21,16,19,1,1,0,0,63,1,0
c:\Users\arthur.menezes_evolu\Desktop\Pes\XPopup\library\src\main\java\com\lxj\xpopup\impl\CenterListPopupView.java,com.lxj.xpopup.impl.CenterListPopupView$Anonymous1,anonymous,5,5,0,5,13,1,0,15,0,0.0,NaN,NaN,1,0,0,0,1,0,1,0,0,0,0,0,0,0,0,0,0,0,3,35,0,0,9,0,0,0,2,1,0,1,2,0,0,0,26,-1,0
c:\Users\arthur.menezes_evolu\Desktop\Pes\XPopup\library\src\main\java\com\lxj\xpopup\impl\CenterListPopupView.java,com.lxj.xpopup.impl.CenterListPopupView$Anonymous2,anonymous,4,4,0,4,6,1,0,6,0,0.0,NaN,NaN,1,0,1,0,0,0,1,0,0,0,0,0,0,0,0,0,0,0,0,12,0,0,2,0,0,0,2,1,0,0,2,0,0,0,11,-1,0
c:\Users\arthur.menezes_evolu\Desktop\Pes\XPopup\library\src\main\java\com\lxj\xpopup\util\KeyboardUtils.java,com.lxj.xpopup.util.KeyboardUtils$OnSoftInputChangedListener,interface,0,0,0,0,1,1,0,0,0,0.0,NaN,NaN,1,0,0,0,0,1,1,0,0,0,0,0,0,0,0,0,0,0,0,3,0,0,0,0,0,0,0,0,0,0,0,0,0,0,7,1,0
c:\Users\arthur.menezes_evolu\Desktop\Pes\XPopup\app\src\main\java\com\lxj\xpopupdemo\fragment\CustomPopupDemo.java,com.lxj.xpopupdemo.fragment.CustomPopupDemo,class,9,10,1,9,2,9,0,6,0,0.33333334,0.0,0.0,2,0,1,0,1,0,2,0,0,0,3,0,0,0,0,3,0,0,1,70,1,0,0,0,0,1,0,3,0,3,0,1,2,0,20,1,0
c:\Users\arthur.menezes_evolu\Desktop\Pes\XPopup\library\src\main\java\com\lxj\xpopup\widget\PartShadowContainer.java,com.lxj.xpopup.widget.PartShadowContainer,class,12,13,1,12,18,2,0,17,6,0.71999997,0.0,0.0,5,0,5,0,0,0,5,0,0,0,4,0,2,2,0,0,0,0,5,59,1,1,3,0,0,0,11,13,5,12,6,0,0,0,50,1,0
c:\Users\arthur.menezes_evolu\Desktop\Pes\XPopup\library\src\main\java\com\lxj\xpopup\core\AttachPopupView.java,com.lxj.xpopup.core.AttachPopupView,class,13,27,14,13,39,3,3,46,19,0.78999996,0.0,0.0,10,0,2,0,8,0,10,0,1,0,9,0,2,0,3,4,0,0,17,231,5,0,12,0,16,1,14,48,21,29,4,4,0,0,92,1025,0
c:\Users\arthur.menezes_evolu\Desktop\Pes\XPopup\app\src\main\java\com\lxj\xpopupdemo\custom\CustomFullScreenPopup.java,com.lxj.xpopupdemo.custom.CustomFullScreenPopup,class,3,4,1,3,4,4,0,3,6,0.0,0.0,0.0,4,0,1,0,3,0,4,0,0,0,0,0,0,0,0,0,0,0,0,16,1,0,0,0,0,4,0,0,0,0,0,0,0,0,17,1,0
c:\Users\arthur.menezes_evolu\Desktop\Pes\XPopup\library\src\main\java\com\lxj\xpopup\animator\ScaleAlphaAnimator.java,com.lxj.xpopup.animator.ScaleAlphaAnimator$Anonymous2,anonymous,1,1,0,1,1,1,0,7,0,0.0,NaN,NaN,1,0,1,0,0,0,1,0,0,0,0,0,0,0,0,0,0,0,0,5,0,0,0,0,0,0,4,0,0,0,0,0,0,0,6,-1,0
c:\Users\arthur.menezes_evolu\Desktop\Pes\XPopup\library\src\main\java\com\lxj\xpopup\widget\PhotoViewContainer.java,com.lxj.xpopup.widget.PhotoViewContainer$Anonymous1,anonymous,3,3,0,3,10,1,0,12,10,0.0,0.0,0.0,5,0,5,0,0,0,5,0,0,0,0,0,0,0,0,0,0,0,4,43,4,0,3,0,0,0,10,3,6,3,2,0,0,0,36,-1,0
c:\Users\arthur.menezes_evolu\Desktop\Pes\XPopup\app\src\main\java\com\lxj\xpopupdemo\custom\ListDrawerPopupView.java,com.lxj.xpopupdemo.custom.ListDrawerPopupView$Anonymous3$Anonymous4,anonymous,0,0,0,0,1,1,0,2,0,0.0,NaN,NaN,1,0,1,0,0,0,1,0,0,0,0,0,0,0,0,0,0,0,0,5,0,0,0,0,0,1,1,0,1,0,0,0,0,0,2,-1,0
c:\Users\arthur.menezes_evolu\Desktop\Pes\XPopup\library\src\main\java\com\lxj\xpopup\animator\ScaleAlphaAnimator.java,com.lxj.xpopup.animator.ScaleAlphaAnimator$Anonymous1,anonymous,1,1,0,1,1,1,0,1,0,0.0,NaN,NaN,1,0,1,0,0,0,1,0,0,0,0,0,0,0,0,0,0,0,0,5,0,0,0,0,0,0,0,0,0,0,0,0,0,0,3,-1,0
c:\Users\arthur.menezes_evolu\Desktop\Pes\XPopup\app\src\main\java\com\lxj\xpopupdemo\custom\ListDrawerPopupView.java,com.lxj.xpopupdemo.custom.ListDrawerPopupView$Anonymous1,anonymous,2,2,0,2,1,1,0,1,0,0.0,NaN,NaN,1,0,0,0,1,0,1,0,0,0,0,0,0,0,0,0,0,0,0,5,0,0,0,0,0,0,0,0,0,0,0,0,0,0,4,-1,0
c:\Users\arthur.menezes_evolu\Desktop\Pes\XPopup\app\src\main\java\com\lxj\xpopupdemo\custom\ListDrawerPopupView.java,com.lxj.xpopupdemo.custom.ListDrawerPopupView$Anonymous3,anonymous,3,3,0,3,1,1,0,2,0,0.0,NaN,NaN,1,0,1,0,0,0,1,0,0,0,0,0,0,0,0,0,0,0,0,11,0,0,0,0,0,0,1,0,0,0,0,1,0,0,7,-1,0
c:\Users\arthur.menezes_evolu\Desktop\Pes\XPopup\app\src\main\java\com\lxj\xpopupdemo\custom\ListDrawerPopupView.java,com.lxj.xpopupdemo.custom.ListDrawerPopupView$Anonymous2,anonymous,0,0,0,0,1,1,0,5,0,0.0,NaN,NaN,1,0,1,0,0,0,1,0,0,0,0,0,0,0,0,0,0,0,0,7,0,0,0,0,0,3,0,0,1,0,0,0,0,0,5,-1,0
c:\Users\arthur.menezes_evolu\Desktop\Pes\XPopup\library\src\main\java\com\lxj\xpopup\photoview\OnMatrixChangedListener.java,com.lxj.xpopup.photoview.OnMatrixChangedListener,interface,1,4,3,1,1,1,0,0,0,0.0,NaN,NaN,1,0,0,0,0,1,1,0,0,0,0,0,0,0,0,0,0,0,0,3,0,0,0,0,0,0,0,0,0,0,0,0,0,0,31,1,0
c:\Users\arthur.menezes_evolu\Desktop\Pes\XPopup\library\src\main\java\com\lxj\xpopup\interfaces\OnCancelListener.java,com.lxj.xpopup.interfaces.OnCancelListener,interface,0,3,3,0,1,1,0,0,0,0.0,NaN,NaN,1,0,0,0,0,1,1,0,0,0,0,0,0,0,0,0,0,0,0,3,0,0,0,0,0,0,0,0,0,0,0,0,0,0,7,1,0
c:\Users\arthur.menezes_evolu\Desktop\Pes\XPopup\library\src\main\java\com\lxj\xpopup\util\SSIVListener.java,com.lxj.xpopup.util.SSIVListener,class,5,6,1,5,9,1,0,8,15,0.6571428,0.0,0.0,7,0,7,0,0,0,7,0,0,0,5,0,0,5,0,0,5,0,1,36,0,0,1,0,0,0,0,6,0,6,1,0,0,0,29,1,0
c:\Users\arthur.menezes_evolu\Desktop\Pes\XPopup\library\src\main\java\com\lxj\xpopup\util\XPermission.java,com.lxj.xpopup.util.XPermission$OnRationaleListener$ShouldRequest,interface,0,0,0,0,1,1,0,0,0,0.0,NaN,NaN,1,0,0,0,0,1,1,0,0,0,0,0,0,0,0,0,0,0,0,3,0,0,0,0,0,0,0,0,0,0,0,0,0,0,3,0,0
c:\Users\arthur.menezes_evolu\Desktop\Pes\XPopup\library\src\main\java\com\lxj\xpopup\photoview\OnPhotoTapListener.java,com.lxj.xpopup.photoview.OnPhotoTapListener,interface,1,4,3,1,1,1,0,0,0,0.0,NaN,NaN,1,0,0,0,0,1,1,0,0,0,0,0,0,0,0,0,0,0,0,3,0,0,0,0,0,0,0,0,0,0,0,0,0,0,37,1,0
c:\Users\arthur.menezes_evolu\Desktop\Pes\XPopup\app\src\main\java\com\lxj\xpopupdemo\custom\ZhihuCommentPopup.java,com.lxj.xpopupdemo.custom.ZhihuCommentPopup$Anonymous3$Anonymous4,anonymous,1,1,0,1,1,1,0,4,0,0.0,NaN,NaN,1,0,1,0,0,0,1,0,0,0,0,0,0,0,0,0,0,0,0,7,0,0,0,0,0,0,0,0,0,0,0,0,0,0,5,-1,0
c:\Users\arthur.menezes_evolu\Desktop\Pes\XPopup\library\src\main\java\com\lxj\xpopup\impl\AttachListPopupView.java,com.lxj.xpopup.impl.AttachListPopupView$Anonymous1,anonymous,5,5,0,5,6,1,0,10,0,0.0,NaN,NaN,1,0,0,0,1,0,1,0,0,0,0,0,0,0,0,0,0,0,2,25,0,0,3,0,0,0,1,2,0,2,2,0,0,0,18,-1,0
c:\Users\arthur.menezes_evolu\Desktop\Pes\XPopup\library\src\main\java\com\lxj\xpopup\impl\AttachListPopupView.java,com.lxj.xpopup.impl.AttachListPopupView$Anonymous2,anonymous,4,4,0,4,3,1,0,4,0,0.0,NaN,NaN,1,0,1,0,0,0,1,0,0,0,0,0,0,0,0,0,0,0,0,8,0,0,1,0,0,0,0,0,0,0,1,0,0,0,9,-1,0
c:\Users\arthur.menezes_evolu\Desktop\Pes\XPopup\library\src\main\java\com\lxj\xpopup\impl\PartShadowPopupView.java,com.lxj.xpopup.impl.PartShadowPopupView,class,16,27,11,16,20,3,2,32,12,0.6296297,0.0,0.0,9,0,2,1,6,0,8,0,1,0,3,0,1,1,1,0,0,0,4,93,3,0,5,0,1,1,8,23,4,9,2,4,0,0,67,1025,0
c:\Users\arthur.menezes_evolu\Desktop\Pes\XPopup\library\src\main\java\com\lxj\xpopup\util\XPermission.java,com.lxj.xpopup.util.XPermission,class,15,21,6,15,64,2,0,42,83,0.87637347,0.0,0.0,26,2,15,11,0,0,15,0,0,0,14,4,0,14,0,0,0,0,7,331,24,6,13,1,0,3,3,27,3,20,3,1,5,0,108,17,0
c:\Users\arthur.menezes_evolu\Desktop\Pes\XPopup\library\src\main\java\com\lxj\xpopup\core\FullScreenDialog.java,com.lxj.xpopup.core.FullScreenDialog,class,12,14,2,12,45,2,0,40,39,0.7,0.0,0.0,10,0,6,3,1,0,7,0,0,0,1,0,0,0,0,1,0,0,3,145,6,1,15,1,1,2,17,28,0,20,3,0,0,0,63,1,0
c:\Users\arthur.menezes_evolu\Desktop\Pes\XPopup\library\src\main\java\com\lxj\xpopup\core\ImageViewerPopupView.java,com.lxj.xpopup.core.ImageViewerPopupView$Anonymous4$Anonymous6,anonymous,1,1,0,1,2,1,0,2,0,0.0,NaN,NaN,1,0,1,0,0,0,1,0,0,0,0,0,0,0,0,0,0,0,0,6,0,0,1,0,0,0,0,0,0,0,1,0,0,0,15,-1,0
c:\Users\arthur.menezes_evolu\Desktop\Pes\XPopup\library\src\main\java\com\lxj\xpopup\util\XPopupUtils.java,com.lxj.xpopup.util.XPopupUtils$Anonymous1,anonymous,1,1,0,1,1,1,0,1,0,0.0,NaN,NaN,1,0,1,0,0,0,1,0,0,0,0,0,0,0,0,0,0,0,1,5,0,0,0,0,0,0,0,0,0,0,0,0,0,0,6,-1,0
c:\Users\arthur.menezes_evolu\Desktop\Pes\XPopup\app\src\main\java\com\lxj\xpopupdemo\custom\CustomBubbleAttachPopup.java,com.lxj.xpopupdemo.custom.CustomBubbleAttachPopup,class,7,8,1,7,3,4,0,14,3,0.0,0.0,0.0,3,0,1,0,2,0,3,0,0,0,0,0,0,0,0,0,0,0,4,25,1,0,0,0,0,1,4,1,0,1,0,1,0,0,36,1,0
c:\Users\arthur.menezes_evolu\Desktop\Pes\XPopup\library\src\main\java\com\lxj\xpopup\util\XPopupUtils.java,com.lxj.xpopup.util.XPopupUtils$Anonymous2,anonymous,6,6,0,6,8,1,0,26,0,0.0,NaN,NaN,1,0,1,0,0,0,1,0,0,0,0,0,0,0,0,0,0,0,8,55,2,0,2,3,0,4,3,11,3,10,3,0,0,0,30,-1,0
c:\Users\arthur.menezes_evolu\Desktop\Pes\XPopup\app\src\main\java\com\lxj\xpopupdemo\fragment\PartShadowDemo.java,com.lxj.xpopupdemo.fragment.PartShadowDemo,class,13,15,2,13,14,3,0,21,2,0.65,0.0,0.0,4,0,2,1,1,0,3,0,0,0,5,0,0,2,0,3,0,0,0,91,1,1,2,0,0,1,2,8,1,8,2,3,0,0,38,1,0
c:\Users\arthur.menezes_evolu\Desktop\Pes\XPopup\library\src\main\java\com\lxj\xpopup\core\PopupInfo.java,com.lxj.xpopup.core.PopupInfo,class,9,16,7,9,1,1,0,3,0,0.9777778,NaN,NaN,1,0,1,0,0,0,1,0,0,0,43,0,43,0,0,0,0,0,0,50,1,0,0,0,0,0,12,37,2,46,0,0,0,0,91,1,0
c:\Users\arthur.menezes_evolu\Desktop\Pes\XPopup\app\src\main\java\com\lxj\xpopupdemo\custom\ListDrawerPopupView.java,com.lxj.xpopupdemo.custom.ListDrawerPopupView,class,13,14,1,13,5,4,0,9,4,0.5833333,0.0,0.0,4,0,1,0,3,0,4,0,0,0,3,0,0,0,0,3,1,0,1,50,2,1,0,0,1,1,3,6,2,6,1,3,0,0,39,1,0
c:\Users\arthur.menezes_evolu\Desktop\Pes\XPopup\library\src\main\java\com\lxj\xpopup\core\BubbleHorizontalAttachPopupView.java,com.lxj.xpopup.core.BubbleHorizontalAttachPopupView,class,10,14,4,10,20,4,1,23,8,0.6,0.0,0.0,5,0,2,2,1,0,3,0,0,0,1,0,0,0,0,1,0,0,11,99,1,0,6,0,13,0,13,23,16,9,2,2,0,0,39,1,0
c:\Users\arthur.menezes_evolu\Desktop\Pes\XPopup\library\src\main\java\com\lxj\xpopup\animator\PopupAnimator.java,com.lxj.xpopup.animator.PopupAnimator$Anonymous1,anonymous,1,1,0,1,2,1,0,2,1,0.0,0.0,0.0,2,0,2,0,0,0,2,0,0,0,0,0,0,0,0,0,0,0,0,10,0,0,0,0,0,0,0,2,0,0,0,0,0,0,9,-1,0
c:\Users\arthur.menezes_evolu\Desktop\Pes\XPopup\library\src\main\java\com\lxj\xpopup\util\XPopupUtils.java,com.lxj.xpopup.util.XPopupUtils$Anonymous3,anonymous,0,0,0,0,2,1,0,2,0,0.0,NaN,NaN,1,0,1,0,0,0,1,0,0,0,0,0,0,0,0,0,0,0,0,7,0,0,1,0,0,0,0,0,0,0,1,0,0,0,3,-1,0
c:\Users\arthur.menezes_evolu\Desktop\Pes\XPopup\app\src\main\java\com\lxj\xpopupdemo\custom\CustomCenterPopup.java,com.lxj.xpopupdemo.custom.CustomCenterPopup,class,3,3,0,3,2,4,0,0,1,0.0,0.0,0.0,2,0,1,0,1,0,2,0,0,0,0,0,0,0,0,0,0,0,0,8,1,0,0,0,0,0,0,0,0,0,0,0,0,0,10,1,0
c:\Users\arthur.menezes_evolu\Desktop\Pes\XPopup\app\src\main\java\com\lxj\xpopupdemo\MainActivity.java,com.lxj.xpopupdemo.MainActivity$MainAdapter,innerclass,5,5,0,5,4,2,0,0,6,0.0,0.0,0.0,4,0,4,0,0,0,4,0,0,0,0,0,0,0,0,0,0,0,0,14,3,0,0,0,0,0,0,0,0,0,0,0,0,0,15,0,0
c:\Users\arthur.menezes_evolu\Desktop\Pes\XPopup\library\src\main\java\com\lxj\xpopup\core\BasePopupView.java,com.lxj.xpopup.core.BasePopupView$Anonymous2$Anonymous3,anonymous,1,1,0,1,1,1,0,1,0,0.0,NaN,NaN,1,0,1,0,0,0,1,0,0,0,0,0,0,0,0,0,0,0,1,5,0,0,0,0,0,0,0,0,0,0,0,0,0,0,1,-1,0
c:\Users\arthur.menezes_evolu\Desktop\Pes\XPopup\app\src\main\java\com\lxj\xpopupdemo\fragment\ImageViewerDemo.java,com.lxj.xpopupdemo.fragment.ImageViewerDemo$ImagePagerAdapter$Anonymous12,anonymous,4,4,0,4,1,1,0,3,0,0.0,NaN,NaN,1,0,1,0,0,0,1,0,0,0,0,0,0,0,0,0,0,0,0,12,0,0,0,0,0,0,3,0,0,0,0,1,0,0,14,-1,0
c:\Users\arthur.menezes_evolu\Desktop\Pes\XPopup\library\src\main\java\com\lxj\xpopup\core\ImageViewerPopupView.java,com.lxj.xpopup.core.ImageViewerPopupView$Anonymous4$Anonymous5,anonymous,4,4,0,4,2,1,0,10,1,0.0,0.0,0.0,2,0,2,0,0,0,2,0,0,0,0,0,0,0,0,0,0,0,1,16,0,0,0,0,0,0,4,0,0,0,0,0,0,0,16,-1,0
c:\Users\arthur.menezes_evolu\Desktop\Pes\XPopup\library\src\main\java\com\lxj\xpopup\widget\CheckView.java,com.lxj.xpopup.widget.CheckView,class,7,7,0,7,6,2,0,11,4,0.53333336,0.0,0.0,5,0,4,0,1,0,5,0,0,0,3,0,0,0,0,3,0,0,1,30,1,0,1,0,0,0,8,4,6,3,1,0,0,0,31,1,0
c:\Users\arthur.menezes_evolu\Desktop\Pes\XPopup\library\src\main\java\com\lxj\xpopup\core\BasePopupView.java,com.lxj.xpopup.core.BasePopupView$Anonymous9,anonymous,1,1,0,1,1,1,0,1,0,0.0,NaN,NaN,1,0,1,0,0,0,1,0,0,0,0,0,0,0,0,0,0,0,0,5,0,0,0,0,0,0,0,0,0,0,0,0,0,0,2,-1,0
c:\Users\arthur.menezes_evolu\Desktop\Pes\XPopup\library\src\main\java\com\lxj\xpopup\widget\PositionPopupContainer.java,com.lxj.xpopup.widget.PositionPopupContainer$OnPositionDragListener,interface,0,0,0,0,1,1,0,0,0,0.0,NaN,NaN,1,0,0,0,0,1,1,0,0,0,0,0,0,0,0,0,0,0,0,3,0,0,0,0,0,0,0,0,0,0,0,0,0,0,6,9,0
c:\Users\arthur.menezes_evolu\Desktop\Pes\XPopup\library\src\main\java\com\lxj\xpopup\core\BasePopupView.java,com.lxj.xpopup.core.BasePopupView$Anonymous8,anonymous,1,1,0,1,1,1,0,2,0,0.0,NaN,NaN,1,0,1,0,0,0,1,0,0,0,0,0,0,0,0,0,0,0,0,5,0,0,0,0,0,0,1,0,1,0,0,0,0,0,6,-1,0
c:\Users\arthur.menezes_evolu\Desktop\Pes\XPopup\library\src\main\java\com\lxj\xpopup\core\BasePopupView.java,com.lxj.xpopup.core.BasePopupView$Anonymous10,anonymous,5,5,0,5,10,1,0,10,0,0.0,NaN,NaN,1,0,1,0,0,0,1,0,0,0,0,0,0,0,0,0,0,0,1,27,1,0,5,0,0,0,0,4,0,1,3,0,0,0,23,-1,0
c:\Users\arthur.menezes_evolu\Desktop\Pes\XPopup\library\src\main\java\com\lxj\xpopup\core\PositionPopupView.java,com.lxj.xpopup.core.PositionPopupView$Anonymous1,anonymous,1,1,0,1,1,1,0,1,0,0.0,NaN,NaN,1,0,1,0,0,0,1,0,0,0,0,0,0,0,0,0,0,0,0,5,0,0,0,0,0,0,0,0,0,0,0,0,0,0,3,-1,0
c:\Users\arthur.menezes_evolu\Desktop\Pes\XPopup\library\src\main\java\com\lxj\xpopup\core\BasePopupView.java,com.lxj.xpopup.core.BasePopupView$Anonymous7,anonymous,4,4,0,4,7,1,0,7,0,0.0,NaN,NaN,1,0,1,0,0,0,1,0,0,0,0,0,0,0,0,0,0,0,3,12,0,0,3,0,0,0,1,1,0,0,1,0,0,0,22,-1,0
c:\Users\arthur.menezes_evolu\Desktop\Pes\XPopup\library\src\main\java\com\lxj\xpopup\core\PositionPopupView.java,com.lxj.xpopup.core.PositionPopupView$Anonymous2,anonymous,1,1,0,1,1,1,0,1,0,0.0,NaN,NaN,1,0,1,0,0,0,1,0,0,0,0,0,0,0,0,0,0,0,0,5,0,0,0,0,0,0,0,0,0,0,0,0,0,0,3,-1,0
c:\Users\arthur.menezes_evolu\Desktop\Pes\XPopup\library\src\main\java\com\lxj\xpopup\core\PositionPopupView.java,com.lxj.xpopup.core.PositionPopupView$Anonymous3,anonymous,1,1,0,1,1,1,0,1,0,0.0,NaN,NaN,1,0,1,0,0,0,1,0,0,0,0,0,0,0,0,0,0,0,0,5,0,0,0,0,0,0,0,0,0,0,0,0,0,0,3,-1,0
c:\Users\arthur.menezes_evolu\Desktop\Pes\XPopup\app\src\main\java\com\lxj\xpopupdemo\custom\CustomBubbleAttachPopup.java,com.lxj.xpopupdemo.custom.CustomBubbleAttachPopup$Anonymous1,anonymous,2,2,0,2,1,1,0,1,0,0.0,NaN,NaN,1,0,1,0,0,0,1,0,0,0,0,0,0,0,0,0,0,0,0,5,0,0,0,0,0,0,0,0,0,0,0,0,0,0,5,-1,0
c:\Users\arthur.menezes_evolu\Desktop\Pes\XPopup\app\src\main\java\com\lxj\xpopupdemo\custom\CustomHorizontalBubbleAttachPopup.java,com.lxj.xpopupdemo.custom.CustomHorizontalBubbleAttachPopup$Anonymous1,anonymous,2,2,0,2,1,1,0,3,0,0.0,NaN,NaN,1,0,1,0,0,0,1,0,0,0,0,0,0,0,0,0,0,0,0,6,0,0,0,0,0,1,0,0,0,0,0,0,0,0,5,-1,0
c:\Users\arthur.menezes_evolu\Desktop\Pes\XPopup\app\src\main\java\com\lxj\xpopupdemo\custom\TestFragment.java,com.lxj.xpopupdemo.custom.TestFragment,class,4,8,4,4,3,3,0,6,3,0.0,0.0,0.0,3,1,2,0,1,0,3,0,0,0,0,0,0,0,0,0,0,0,0,16,2,0,0,0,0,3,0,3,0,3,0,0,0,0,17,1,0
c:\Users\arthur.menezes_evolu\Desktop\Pes\XPopup\library\src\main\java\com\lxj\xpopup\util\KeyboardUtils.java,com.lxj.xpopup.util.KeyboardUtils$Anonymous1,anonymous,2,2,0,2,2,1,0,2,0,0.0,NaN,NaN,1,0,1,0,0,0,1,0,0,0,0,0,0,0,0,0,0,0,1,9,0,0,1,0,0,0,2,2,0,1,1,0,0,0,10,-1,0
c:\Users\arthur.menezes_evolu\Desktop\Pes\XPopup\app\src\main\java\com\lxj\xpopupdemo\custom\CustomHorizontalBubbleAttachPopup.java,com.lxj.xpopupdemo.custom.CustomHorizontalBubbleAttachPopup$Anonymous2,anonymous,2,2,0,2,1,1,0,3,0,0.0,NaN,NaN,1,0,1,0,0,0,1,0,0,0,0,0,0,0,0,0,0,0,0,6,0,0,0,0,0,1,0,0,0,0,0,0,0,0,5,-1,0
c:\Users\arthur.menezes_evolu\Desktop\Pes\XPopup\app\src\main\java\com\lxj\xpopupdemo\DemoActivity.java,com.lxj.xpopupdemo.DemoActivity,class,14,19,5,14,6,2,0,29,5,0.7,0.0,0.0,6,0,3,1,2,0,5,0,0,0,5,0,0,1,0,4,0,0,0,86,0,0,0,0,0,8,1,6,0,6,0,6,0,0,49,1,0
c:\Users\arthur.menezes_evolu\Desktop\Pes\XPopup\library\src\main\java\com\lxj\xpopup\core\ImageViewerPopupView.java,com.lxj.xpopup.core.ImageViewerPopupView$Anonymous1,anonymous,11,11,0,11,2,1,0,17,0,0.0,NaN,NaN,1,0,1,0,0,0,1,0,0,0,0,0,0,0,0,0,0,0,1,19,0,0,1,0,0,0,3,0,0,0,1,1,0,0,27,-1,0
c:\Users\arthur.menezes_evolu\Desktop\Pes\XPopup\library\src\main\java\com\lxj\xpopup\widget\BubbleLayout.java,com.lxj.xpopup.widget.BubbleLayout,class,15,20,5,15,99,2,0,51,1176,0.92289954,0.0,0.0,57,0,53,2,2,0,55,0,0,0,22,0,2,19,0,1,0,0,10,475,22,0,13,0,19,55,80,108,150,50,2,0,1,0,112,1,0
c:\Users\arthur.menezes_evolu\Desktop\Pes\XPopup\library\src\main\java\com\lxj\xpopup\core\ImageViewerPopupView.java,com.lxj.xpopup.core.ImageViewerPopupView$Anonymous4,anonymous,12,12,0,12,2,1,0,21,0,0.0,NaN,NaN,1,0,1,0,0,0,1,0,0,0,0,0,0,0,0,0,0,0,1,35,0,0,1,0,0,0,3,0,0,0,1,2,0,0,27,-1,0
c:\Users\arthur.menezes_evolu\Desktop\Pes\XPopup\library\src\main\java\com\lxj\xpopup\core\ImageViewerPopupView.java,com.lxj.xpopup.core.ImageViewerPopupView$Anonymous3,anonymous,1,1,0,1,1,1,0,3,0,0.0,NaN,NaN,1,0,1,0,0,0,1,0,0,0,0,0,0,0,0,0,0,0,0,5,0,0,0,0,0,0,0,0,0,0,0,0,0,0,7,-1,0
c:\Users\arthur.menezes_evolu\Desktop\Pes\XPopup\library\src\main\java\com\lxj\xpopup\core\BasePopupView.java,com.lxj.xpopup.core.BasePopupView$Anonymous2,anonymous,4,4,0,4,6,1,0,4,0,0.0,NaN,NaN,1,0,1,0,0,0,1,0,0,0,0,0,0,0,0,0,0,0,1,24,1,0,4,0,0,0,1,2,0,0,2,1,0,0,23,-1,0
c:\Users\arthur.menezes_evolu\Desktop\Pes\XPopup\library\src\main\java\com\lxj\xpopup\core\BasePopupView.java,com.lxj.xpopup.core.BasePopupView$Anonymous1,anonymous,1,1,0,1,1,1,0,1,0,0.0,NaN,NaN,1,0,1,0,0,0,1,0,0,0,0,0,0,0,0,0,0,0,0,5,0,0,0,0,0,0,0,0,0,0,0,0,0,0,4,-1,0
c:\Users\arthur.menezes_evolu\Desktop\Pes\XPopup\library\src\main\java\com\lxj\xpopup\core\ImageViewerPopupView.java,com.lxj.xpopup.core.ImageViewerPopupView$Anonymous7,anonymous,2,2,0,2,2,1,0,4,1,0.0,0.0,0.0,2,0,2,0,0,0,2,0,0,0,0,0,0,0,0,0,0,0,1,7,0,0,0,0,0,0,0,0,0,0,0,0,0,0,7,-1,0
c:\Users\arthur.menezes_evolu\Desktop\Pes\XPopup\library\src\main\java\com\lxj\xpopup\util\XPopupUtils.java,com.lxj.xpopup.util.XPopupUtils,class,50,109,59,50,177,1,0,125,897,0.95348835,0.0,0.0,43,43,40,3,0,0,40,0,0,0,4,4,0,4,0,0,2,0,18,624,77,7,48,10,13,33,93,148,19,104,4,3,0,2,266,1,0
c:\Users\arthur.menezes_evolu\Desktop\Pes\XPopup\library\src\main\java\com\lxj\xpopup\core\BasePopupView.java,com.lxj.xpopup.core.BasePopupView$Anonymous6,anonymous,7,7,0,7,9,1,0,8,0,0.0,NaN,NaN,1,0,1,0,0,0,1,0,0,0,0,0,0,0,0,0,0,0,0,14,1,0,3,0,5,0,0,0,0,0,1,0,0,0,28,-1,0
c:\Users\arthur.menezes_evolu\Desktop\Pes\XPopup\library\src\main\java\com\lxj\xpopup\core\BasePopupView.java,com.lxj.xpopup.core.BasePopupView$Anonymous5,anonymous,1,1,0,1,1,1,0,1,0,0.0,NaN,NaN,1,0,1,0,0,0,1,0,0,0,0,0,0,0,0,0,0,0,0,5,0,0,0,0,0,0,0,0,0,0,0,0,0,0,3,-1,0
c:\Users\arthur.menezes_evolu\Desktop\Pes\XPopup\library\src\main\java\com\lxj\xpopup\core\BasePopupView.java,com.lxj.xpopup.core.BasePopupView$Anonymous4,anonymous,1,1,0,1,1,1,0,1,0,0.0,NaN,NaN,1,0,1,0,0,0,1,0,0,0,0,0,0,0,0,0,0,0,0,5,0,0,0,0,0,0,0,0,0,0,0,0,0,0,3,-1,0
c:\Users\arthur.menezes_evolu\Desktop\Pes\XPopup\library\src\main\java\com\lxj\xpopup\interfaces\OnSrcViewUpdateListener.java,com.lxj.xpopup.interfaces.OnSrcViewUpdateListener,interface,2,8,6,2,1,1,0,0,0,0.0,NaN,NaN,1,0,0,0,0,1,1,0,0,0,0,0,0,0,0,0,0,0,0,3,0,0,0,0,0,0,0,0,0,0,0,0,0,0,13,1,0
c:\Users\arthur.menezes_evolu\Desktop\Pes\XPopup\app\src\main\java\com\lxj\xpopupdemo\fragment\FragmentLifecycleDemo.java,com.lxj.xpopupdemo.fragment.FragmentLifecycleDemo,class,2,3,1,2,2,3,0,2,1,0.0,0.0,0.0,2,0,1,0,1,0,2,0,0,0,0,0,0,0,0,0,0,0,0,20,1,0,0,0,0,0,0,0,0,0,0,1,0,0,10,1,0
c:\Users\arthur.menezes_evolu\Desktop\Pes\XPopup\app\src\main\java\com\lxj\xpopupdemo\fragment\BaseFragment.java,com.lxj.xpopupdemo.fragment.BaseFragment,class,9,28,19,9,11,2,8,13,15,0.7142858,0.0,0.0,7,0,5,1,1,0,6,2,0,0,3,0,0,0,0,3,0,0,0,39,1,0,2,0,0,0,1,4,0,3,2,1,0,0,35,1025,0
c:\Users\arthur.menezes_evolu\Desktop\Pes\XPopup\app\src\main\java\com\lxj\xpopupdemo\custom\CustomAttachPopup2.java,com.lxj.xpopupdemo.custom.CustomAttachPopup2$Anonymous1,anonymous,1,1,0,1,1,1,0,0,0,0.0,NaN,NaN,1,0,1,0,0,0,1,0,0,0,0,0,0,0,0,0,0,0,0,4,0,0,0,0,0,0,0,0,0,0,0,0,0,0,4,-1,0
c:\Users\arthur.menezes_evolu\Desktop\Pes\XPopup\library\src\main\java\com\lxj\xpopup\enums\DragOrientation.java,com.lxj.xpopup.enums.DragOrientation,enum,0,3,3,0,0,1,0,0,0,0.0,-1.0,-1.0,0,0,0,0,0,0,0,0,0,0,0,0,0,0,0,0,0,0,0,1,0,0,0,0,0,0,0,0,0,0,0,0,0,0,8,1,0
c:\Users\arthur.menezes_evolu\Desktop\Pes\XPopup\library\src\main\java\com\lxj\xpopup\animator\TranslateAlphaAnimator.java,com.lxj.xpopup.animator.TranslateAlphaAnimator,class,5,7,2,5,10,2,0,17,6,0.6,0.0,0.0,5,0,4,1,0,0,4,0,0,0,2,0,0,2,0,0,0,0,0,38,1,0,0,0,2,0,3,4,0,4,1,0,0,0,31,1,0
c:\Users\arthur.menezes_evolu\Desktop\Pes\XPopup\library\src\main\java\com\lxj\xpopup\interfaces\OnClickOutsideListener.java,com.lxj.xpopup.interfaces.OnClickOutsideListener,interface,0,2,2,0,1,1,0,0,0,0.0,NaN,NaN,1,0,0,0,0,1,1,0,0,0,0,0,0,0,0,0,0,0,0,3,0,0,0,0,0,0,0,0,0,0,0,0,0,0,8,1,0
c:\Users\arthur.menezes_evolu\Desktop\Pes\XPopup\library\src\main\java\com\lxj\xpopup\widget\HackyViewPager.java,com.lxj.xpopup.widget.HackyViewPager,class,6,7,1,6,4,2,0,1,3,0.0,0.0,0.0,3,0,3,0,0,0,3,0,0,0,0,0,0,0,0,0,0,0,0,16,2,0,0,1,0,0,0,0,0,0,1,0,0,0,23,1,0
c:\Users\arthur.menezes_evolu\Desktop\Pes\XPopup\app\src\main\java\com\lxj\xpopupdemo\fragment\QuickStartDemo.java,com.lxj.xpopupdemo.fragment.QuickStartDemo$DemoXPopupListener,innerclass,3,3,0,3,8,2,0,7,28,1.0,0.0,0.0,8,0,8,0,0,0,8,0,0,0,2,0,0,0,0,2,0,0,0,32,1,0,0,0,0,15,0,2,1,2,0,0,0,0,33,8,0
c:\Users\arthur.menezes_evolu\Desktop\Pes\XPopup\library\src\main\java\com\lxj\xpopup\photoview\CustomGestureDetector.java,com.lxj.xpopup.photoview.CustomGestureDetector$Anonymous1,anonymous,2,2,0,2,6,1,0,6,3,0.0,0.0,0.0,3,0,3,0,0,0,3,0,0,0,0,0,0,0,0,0,0,0,2,15,3,0,0,0,0,0,1,1,0,1,1,0,0,0,11,-1,0
c:\Users\arthur.menezes_evolu\Desktop\Pes\XPopup\app\src\main\java\com\lxj\xpopupdemo\fragment\PartShadowDemo.java,com.lxj.xpopupdemo.fragment.PartShadowDemo$Anonymous1$Anonymous2,anonymous,4,4,0,4,1,1,0,2,0,0.0,NaN,NaN,1,0,1,0,0,0,1,0,0,0,0,0,0,0,0,0,0,0,0,11,1,0,0,0,0,3,0,0,0,0,0,1,0,0,9,-1,0
c:\Users\arthur.menezes_evolu\Desktop\Pes\XPopup\library\src\main\java\com\lxj\xpopup\core\CenterPopupView.java,com.lxj.xpopup.core.CenterPopupView,class,11,21,10,11,16,3,8,29,35,0.8409091,0.0,0.0,11,0,1,0,10,0,11,0,1,0,4,0,0,0,4,0,0,0,5,58,5,0,4,0,1,0,6,4,1,5,2,0,0,0,43,1,0
c:\Users\arthur.menezes_evolu\Desktop\Pes\XPopup\library\src\main\java\com\lxj\xpopup\impl\LoadingPopupView.java,com.lxj.xpopup.impl.LoadingPopupView$Anonymous1,anonymous,5,5,0,5,6,1,0,7,0,0.0,NaN,NaN,1,0,1,0,0,0,1,0,0,0,0,0,0,0,0,0,0,0,6,23,0,0,4,0,0,0,1,1,0,1,2,0,0,0,18,-1,0
c:\Users\arthur.menezes_evolu\Desktop\Pes\XPopup\app\src\main\java\com\lxj\xpopupdemo\custom\ZhihuCommentPopup.java,com.lxj.xpopupdemo.custom.ZhihuCommentPopup$Anonymous1$Anonymous2,anonymous,2,2,0,2,3,1,0,4,1,0.0,0.0,0.0,2,0,2,0,0,0,2,0,0,0,0,0,0,0,0,0,0,0,0,11,0,0,0,0,0,0,1,1,0,1,1,0,0,0,8,-1,0
c:\Users\arthur.menezes_evolu\Desktop\Pes\XPopup\library\src\main\java\com\lxj\xpopup\util\XPermission.java,com.lxj.xpopup.util.XPermission$OnRationaleListener,interface,1,1,0,1,1,1,0,0,0,0.0,NaN,NaN,1,0,0,0,0,1,1,0,0,0,0,0,0,0,0,0,0,0,0,6,0,0,0,0,0,0,0,0,0,0,0,0,1,0,7,1,0
c:\Users\arthur.menezes_evolu\Desktop\Pes\XPopup\library\src\main\java\com\lxj\xpopup\impl\AttachListPopupView.java,com.lxj.xpopup.impl.AttachListPopupView,class,12,14,2,12,15,4,0,18,14,0.74603176,0.0,0.0,9,0,4,0,5,0,9,0,0,0,7,0,0,1,3,3,0,0,2,94,4,0,4,0,2,0,4,9,0,8,2,2,0,0,49,1,0
c:\Users\arthur.menezes_evolu\Desktop\Pes\XPopup\app\src\main\java\com\lxj\xpopupdemo\custom\CustomHorizontalBubbleAttachPopup.java,com.lxj.xpopupdemo.custom.CustomHorizontalBubbleAttachPopup,class,7,9,2,7,3,5,0,11,3,0.0,0.0,0.0,3,0,1,0,2,0,3,0,0,0,0,0,0,0,0,0,0,0,1,29,1,0,0,0,0,1,2,0,0,0,0,2,0,0,26,1,0
c:\Users\arthur.menezes_evolu\Desktop\Pes\XPopup\app\src\main\java\com\lxj\xpopupdemo\DemoActivity.java,com.lxj.xpopupdemo.DemoActivity$Anonymous3,anonymous,0,0,0,0,1,1,0,2,0,0.0,NaN,NaN,1,0,1,0,0,0,1,0,0,0,0,0,0,0,0,0,0,0,0,5,0,0,0,0,0,0,0,0,0,0,0,0,0,0,3,-1,0
c:\Users\arthur.menezes_evolu\Desktop\Pes\XPopup\library\src\main\java\com\lxj\xpopup\impl\FullScreenPopupView.java,com.lxj.xpopup.impl.FullScreenPopupView,class,13,18,5,13,20,3,1,27,31,0.8,0.0,0.0,10,0,1,1,8,0,9,0,0,0,7,0,1,2,3,1,0,0,0,69,2,0,6,0,0,0,3,9,0,8,1,1,0,0,61,1,0
c:\Users\arthur.menezes_evolu\Desktop\Pes\XPopup\app\src\main\java\com\lxj\xpopupdemo\custom\CustomImageViewerPopup.java,com.lxj.xpopupdemo.custom.CustomImageViewerPopup$Anonymous1$Anonymous2,anonymous,0,0,0,0,1,1,0,1,0,0.0,NaN,NaN,1,0,1,0,0,0,1,0,0,0,0,0,0,0,0,0,0,0,0,5,0,0,0,0,0,1,0,0,0,0,0,0,0,0,3,-1,0
c:\Users\arthur.menezes_evolu\Desktop\Pes\XPopup\app\src\main\java\com\lxj\xpopupdemo\DemoActivity.java,com.lxj.xpopupdemo.DemoActivity$Anonymous4,anonymous,2,2,0,2,5,1,0,5,3,0.0,0.0,0.0,3,0,3,0,0,0,3,0,0,0,0,0,0,0,0,0,0,0,0,15,1,0,0,0,0,0,0,0,0,0,1,0,0,0,10,-1,0
c:\Users\arthur.menezes_evolu\Desktop\Pes\XPopup\app\src\main\java\com\lxj\xpopupdemo\DemoActivity.java,com.lxj.xpopupdemo.DemoActivity$Anonymous1,anonymous,2,2,0,2,1,1,0,1,0,0.0,NaN,NaN,1,0,1,0,0,0,1,0,0,0,0,0,0,0,0,0,0,0,0,5,0,0,0,0,0,0,0,0,0,0,0,0,0,0,6,-1,0
c:\Users\arthur.menezes_evolu\Desktop\Pes\XPopup\app\src\main\java\com\lxj\xpopupdemo\DemoActivity.java,com.lxj.xpopupdemo.DemoActivity$Anonymous2,anonymous,2,2,0,2,1,1,0,1,0,0.0,NaN,NaN,1,0,1,0,0,0,1,0,0,0,0,0,0,0,0,0,0,0,0,5,0,0,0,0,0,0,0,0,0,0,0,0,0,0,7,-1,0
c:\Users\arthur.menezes_evolu\Desktop\Pes\XPopup\app\src\main\java\com\lxj\xpopupdemo\XPopupApp.java,com.lxj.xpopupdemo.XPopupApp,class,2,2,0,2,1,2,0,7,0,0.0,NaN,NaN,1,0,1,0,0,0,1,0,0,0,1,1,1,0,0,0,0,0,0,12,0,0,0,0,0,3,2,1,0,1,0,0,0,0,10,1,0
c:\Users\arthur.menezes_evolu\Desktop\Pes\XPopup\library\src\main\java\com\lxj\xpopup\photoview\PhotoViewAttacher.java,com.lxj.xpopup.photoview.PhotoViewAttacher$AnimatedZoomRunnable,innerclass,4,4,0,4,4,1,0,7,0,0.33333334,0.0,0.0,3,0,2,1,0,0,2,0,0,0,3,0,0,3,0,0,3,0,4,27,1,0,0,0,2,0,3,11,7,9,1,0,0,0,22,2,0
c:\Users\arthur.menezes_evolu\Desktop\Pes\XPopup\app\src\main\java\com\lxj\xpopupdemo\custom\QQMsgPopup.java,com.lxj.xpopupdemo.custom.QQMsgPopup,class,4,5,1,4,3,4,0,0,3,0.0,0.0,0.0,3,0,1,0,2,0,3,0,0,0,0,0,0,0,0,0,0,0,0,11,2,0,0,0,0,0,0,0,0,0,0,0,0,0,16,1,0
c:\Users\arthur.menezes_evolu\Desktop\Pes\XPopup\library\src\main\java\com\lxj\xpopup\widget\PhotoViewContainer.java,com.lxj.xpopup.widget.PhotoViewContainer,class,13,15,2,13,31,2,0,26,81,0.8848486,0.0,0.0,15,0,9,3,3,0,12,0,0,0,10,1,2,6,0,2,1,0,2,151,13,0,2,2,5,1,11,25,5,17,2,1,0,0,98,1,0
c:\Users\arthur.menezes_evolu\Desktop\Pes\XPopup\library\src\main\java\com\lxj\xpopup\photoview\OnSingleFlingListener.java,com.lxj.xpopup.photoview.OnSingleFlingListener,interface,1,4,3,1,1,1,0,0,0,0.0,NaN,NaN,1,0,0,0,0,1,1,0,0,0,0,0,0,0,0,0,0,0,0,3,0,0,0,0,0,0,0,0,0,0,0,0,0,0,40,1,0
