file,class,type,cbo,cboModified,fanin,fanout,wmc,dit,noc,rfc,lcom,lcom*,tcc,lcc,totalMethodsQty,staticMethodsQty,publicMethodsQty,privateMethodsQty,protectedMethodsQty,defaultMethodsQty,visibleMethodsQty,abstractMethodsQty,finalMethodsQty,synchronizedMethodsQty,totalFieldsQty,staticFieldsQty,publicFieldsQty,privateFieldsQty,protectedFieldsQty,defaultFieldsQty,finalFieldsQty,synchronizedFieldsQty,nosi,loc,returnQty,loopQty,comparisonsQty,tryCatchQty,parenthesizedExpsQty,stringLiteralsQty,numbersQty,assignmentsQty,mathOperationsQty,variablesQty,maxNestedBlocksQty,anonymousClassesQty,innerClassesQty,lambdasQty,uniqueWordsQty,modifiers,logStatementsQty
c:\Users\arthur.menezes_evolu\Desktop\Pes\FizzBuzzEnterpriseEdition\src\main\java\com\seriouscompany\business\java\fizzbuzz\packagenamingpackage\impl\loop\LoopCondition.java,com.seriouscompany.business.java.fizzbuzz.packagenamingpackage.impl.loop.LoopCondition,class,3,5,2,3,3,1,0,1,0,0.0,NaN,NaN,1,0,1,0,0,0,1,0,0,0,0,0,0,0,0,0,0,0,1,14,3,0,2,0,0,0,0,1,0,1,1,0,0,0,16,1,0
c:\Users\arthur.menezes_evolu\Desktop\Pes\FizzBuzzEnterpriseEdition\src\main\java\com\seriouscompany\business\java\fizzbuzz\packagenamingpackage\impl\StandardFizzBuzz.java,com.seriouscompany.business.java.fizzbuzz.packagenamingpackage.impl.StandardFizzBuzz,class,5,5,0,5,2,1,0,2,0,0.0,0.0,0.0,2,0,2,0,0,0,2,0,0,0,1,0,0,1,0,0,1,0,0,11,0,0,0,0,0,0,0,2,0,2,0,0,0,0,12,1,0
c:\Users\arthur.menezes_evolu\Desktop\Pes\FizzBuzzEnterpriseEdition\src\main\java\com\seriouscompany\business\java\fizzbuzz\packagenamingpackage\impl\factories\BuzzStringPrinterFactory.java,com.seriouscompany.business.java.fizzbuzz.packagenamingpackage.impl.factories.BuzzStringPrinterFactory,class,5,6,1,5,2,1,0,0,0,0.0,0.0,0.0,2,0,2,0,0,0,2,0,0,0,1,0,0,1,0,0,1,0,0,10,1,0,0,0,0,0,0,1,0,1,0,0,0,0,6,1,0
c:\Users\arthur.menezes_evolu\Desktop\Pes\FizzBuzzEnterpriseEdition\src\main\java\com\seriouscompany\business\java\fizzbuzz\packagenamingpackage\interfaces\visitors\OutputGenerationContext.java,com.seriouscompany.business.java.fizzbuzz.packagenamingpackage.interfaces.visitors.OutputGenerationContext,interface,2,6,4,2,2,1,0,0,1,0.0,0.0,0.0,2,0,2,0,0,0,2,0,0,0,0,0,0,0,0,0,0,0,0,4,0,0,0,0,0,0,0,0,0,0,0,0,0,0,10,1,0
c:\Users\arthur.menezes_evolu\Desktop\Pes\FizzBuzzEnterpriseEdition\src\main\java\com\seriouscompany\business\java\fizzbuzz\packagenamingpackage\impl\printers\NewLineStringPrinter.java,com.seriouscompany.business.java.fizzbuzz.packagenamingpackage.impl.printers.NewLineStringPrinter,class,8,10,2,8,3,1,0,5,1,0.33333334,0.0,0.0,3,0,3,0,0,0,3,0,0,0,2,0,0,2,0,0,2,0,0,18,0,0,0,0,0,0,0,5,0,5,0,0,0,0,23,1,0
c:\Users\arthur.menezes_evolu\Desktop\Pes\FizzBuzzEnterpriseEdition\src\main\java\com\seriouscompany\business\java\fizzbuzz\packagenamingpackage\interfaces\FizzBuzz.java,com.seriouscompany.business.java.fizzbuzz.packagenamingpackage.interfaces.FizzBuzz,interface,0,3,3,0,1,1,0,0,0,0.0,NaN,NaN,1,0,0,0,0,1,1,0,0,0,0,0,0,0,0,0,0,0,0,3,0,0,0,0,0,0,0,0,0,0,0,0,0,0,6,1,0
c:\Users\arthur.menezes_evolu\Desktop\Pes\FizzBuzzEnterpriseEdition\src\main\java\com\seriouscompany\business\java\fizzbuzz\packagenamingpackage\interfaces\loop\LoopContextStateManipulation.java,com.seriouscompany.business.java.fizzbuzz.packagenamingpackage.interfaces.loop.LoopContextStateManipulation,interface,0,2,2,0,3,1,0,0,3,0.0,0.0,0.0,3,0,3,0,0,0,3,0,0,0,0,0,0,0,0,0,0,0,0,5,0,0,0,0,0,0,0,0,0,0,0,0,0,0,8,1,0
c:\Users\arthur.menezes_evolu\Desktop\Pes\FizzBuzzEnterpriseEdition\src\main\java\com\seriouscompany\business\java\fizzbuzz\packagenamingpackage\interfaces\factories\FizzBuzzSolutionStrategyFactory.java,com.seriouscompany.business.java.fizzbuzz.packagenamingpackage.interfaces.factories.FizzBuzzSolutionStrategyFactory,interface,1,3,2,1,1,1,0,0,0,0.0,NaN,NaN,1,0,1,0,0,0,1,0,0,0,0,0,0,0,0,0,0,0,0,3,0,0,0,0,0,0,0,0,0,0,0,0,0,0,6,1,0
c:\Users\arthur.menezes_evolu\Desktop\Pes\FizzBuzzEnterpriseEdition\src\main\java\com\seriouscompany\business\java\fizzbuzz\packagenamingpackage\impl\factories\FizzStringReturnerFactory.java,com.seriouscompany.business.java.fizzbuzz.packagenamingpackage.impl.factories.FizzStringReturnerFactory,class,5,6,1,5,2,1,0,0,0,0.0,0.0,0.0,2,0,2,0,0,0,2,0,0,0,1,0,0,1,0,0,1,0,0,10,1,0,0,0,0,0,0,1,0,1,0,0,0,0,6,1,0
c:\Users\arthur.menezes_evolu\Desktop\Pes\FizzBuzzEnterpriseEdition\src\main\java\com\seriouscompany\business\java\fizzbuzz\packagenamingpackage\impl\factories\NewLineStringPrinterFactory.java,com.seriouscompany.business.java.fizzbuzz.packagenamingpackage.impl.factories.NewLineStringPrinterFactory,class,5,6,1,5,2,1,0,0,0,0.0,0.0,0.0,2,0,2,0,0,0,2,0,0,0,1,0,0,1,0,0,1,0,0,10,1,0,0,0,0,0,0,1,0,1,0,0,0,0,7,1,0
c:\Users\arthur.menezes_evolu\Desktop\Pes\FizzBuzzEnterpriseEdition\src\main\java\com\seriouscompany\business\java\fizzbuzz\packagenamingpackage\interfaces\strategies\OutputGenerationStrategy.java,com.seriouscompany.business.java.fizzbuzz.packagenamingpackage.interfaces.strategies.OutputGenerationStrategy,interface,1,3,2,1,1,1,0,0,0,0.0,NaN,NaN,1,0,0,0,0,1,1,0,0,0,0,0,0,0,0,0,0,0,0,3,0,0,0,0,0,0,0,0,0,0,0,0,0,0,10,1,0
c:\Users\arthur.menezes_evolu\Desktop\Pes\FizzBuzzEnterpriseEdition\src\main\java\com\seriouscompany\business\java\fizzbuzz\packagenamingpackage\impl\strategies\constants\FizzStrategyConstants.java,com.seriouscompany.business.java.fizzbuzz.packagenamingpackage.impl.strategies.constants.FizzStrategyConstants,class,1,1,0,1,1,1,0,0,0,0.0,-1.0,-1.0,1,0,0,1,0,0,0,0,0,0,1,1,1,0,0,0,1,0,0,5,0,0,0,0,0,0,1,1,0,1,0,0,0,0,19,17,0
c:\Users\arthur.menezes_evolu\Desktop\Pes\FizzBuzzEnterpriseEdition\src\main\java\com\seriouscompany\business\java\fizzbuzz\packagenamingpackage\interfaces\printers\IntegerPrinter.java,com.seriouscompany.business.java.fizzbuzz.packagenamingpackage.interfaces.printers.IntegerPrinter,interface,1,4,3,1,1,1,0,0,0,0.0,NaN,NaN,1,0,1,0,0,0,1,0,0,0,0,0,0,0,0,0,0,0,0,3,0,0,0,0,0,0,0,0,0,0,0,0,0,0,5,1,0
c:\Users\arthur.menezes_evolu\Desktop\Pes\FizzBuzzEnterpriseEdition\src\main\java\com\seriouscompany\business\java\fizzbuzz\packagenamingpackage\impl\strategies\constants\NoFizzNoBuzzStrategyConstants.java,com.seriouscompany.business.java.fizzbuzz.packagenamingpackage.impl.strategies.constants.NoFizzNoBuzzStrategyConstants,class,1,1,0,1,1,1,0,0,0,0.0,-1.0,-1.0,1,0,0,1,0,0,0,0,0,0,2,2,2,0,0,0,2,0,0,6,0,0,0,0,0,0,0,2,0,2,0,0,0,0,22,17,0
c:\Users\arthur.menezes_evolu\Desktop\Pes\FizzBuzzEnterpriseEdition\src\main\java\com\seriouscompany\business\java\fizzbuzz\packagenamingpackage\impl\strategies\SingleStepPayload.java,com.seriouscompany.business.java.fizzbuzz.packagenamingpackage.impl.strategies.SingleStepPayload,class,6,6,0,6,2,1,0,1,0,0.0,0.0,0.0,2,0,2,0,0,0,2,0,0,0,1,0,0,1,0,0,1,0,0,11,0,0,0,0,0,0,0,2,0,2,0,0,0,0,17,1,0
c:\Users\arthur.menezes_evolu\Desktop\Pes\FizzBuzzEnterpriseEdition\src\main\java\com\seriouscompany\business\java\fizzbuzz\packagenamingpackage\impl\loop\LoopContext.java,com.seriouscompany.business.java.fizzbuzz.packagenamingpackage.impl.loop.LoopContext,class,10,11,1,10,5,1,0,10,0,0.52,0.0,0.0,5,0,5,0,0,0,5,0,0,0,5,0,0,5,0,0,4,0,0,29,2,0,0,0,1,0,0,8,0,7,0,0,0,0,28,17,0
c:\Users\arthur.menezes_evolu\Desktop\Pes\FizzBuzzEnterpriseEdition\src\main\java\com\seriouscompany\business\java\fizzbuzz\packagenamingpackage\impl\strategies\comparators\doublecomparator\FirstIsSmallerThanSecondDoubleComparator.java,com.seriouscompany.business.java.fizzbuzz.packagenamingpackage.impl.strategies.comparators.doublecomparator.FirstIsSmallerThanSecondDoubleComparator,class,1,2,1,1,2,1,0,0,0,0.0,NaN,NaN,1,0,1,0,0,0,1,0,0,0,0,0,0,0,0,0,0,0,0,10,2,0,0,0,0,0,0,0,0,0,1,0,0,0,12,1,0
c:\Users\arthur.menezes_evolu\Desktop\Pes\FizzBuzzEnterpriseEdition\src\main\java\com\seriouscompany\business\java\fizzbuzz\packagenamingpackage\interfaces\strategies\FizzBuzzSolutionStrategy.java,com.seriouscompany.business.java.fizzbuzz.packagenamingpackage.interfaces.strategies.FizzBuzzSolutionStrategy,interface,0,4,4,0,1,1,0,0,0,0.0,NaN,NaN,1,0,1,0,0,0,1,0,0,0,0,0,0,0,0,0,0,0,0,3,0,0,0,0,0,0,0,0,0,0,0,0,0,0,8,1,0
c:\Users\arthur.menezes_evolu\Desktop\Pes\FizzBuzzEnterpriseEdition\src\main\java\com\seriouscompany\business\java\fizzbuzz\packagenamingpackage\impl\printers\NewLinePrinter.java,com.seriouscompany.business.java.fizzbuzz.packagenamingpackage.impl.printers.NewLinePrinter,class,3,3,0,3,1,1,0,0,0,0.0,NaN,NaN,1,0,1,0,0,0,1,0,0,0,1,0,0,1,0,0,1,0,0,7,0,0,0,0,0,0,0,1,0,1,0,0,0,0,11,1,0
c:\Users\arthur.menezes_evolu\Desktop\Pes\FizzBuzzEnterpriseEdition\src\main\java\com\seriouscompany\business\java\fizzbuzz\packagenamingpackage\impl\stringreturners\IntegerIntegerStringReturner.java,com.seriouscompany.business.java.fizzbuzz.packagenamingpackage.impl.stringreturners.IntegerIntegerStringReturner,class,2,3,1,2,1,1,0,2,0,0.0,NaN,NaN,1,0,1,0,0,0,1,0,0,0,0,0,0,0,0,0,0,0,0,8,1,0,0,0,0,0,0,3,0,3,0,0,0,0,15,1,0
c:\Users\arthur.menezes_evolu\Desktop\Pes\FizzBuzzEnterpriseEdition\src\main\java\com\seriouscompany\business\java\fizzbuzz\packagenamingpackage\impl\factories\FizzStrategyFactory.java,com.seriouscompany.business.java.fizzbuzz.packagenamingpackage.impl.factories.FizzStrategyFactory,class,5,6,1,5,2,1,0,0,0,0.0,0.0,0.0,2,0,2,0,0,0,2,0,0,0,1,0,0,1,0,0,1,0,0,10,1,0,0,0,0,0,0,1,0,1,0,0,0,0,8,1,0
c:\Users\arthur.menezes_evolu\Desktop\Pes\FizzBuzzEnterpriseEdition\src\main\java\com\seriouscompany\business\java\fizzbuzz\packagenamingpackage\impl\visitors\FizzBuzzOutputGenerationContextVisitor.java,com.seriouscompany.business.java.fizzbuzz.packagenamingpackage.impl.visitors.FizzBuzzOutputGenerationContextVisitor,class,5,6,1,5,2,1,0,4,0,0.0,NaN,NaN,1,0,1,0,0,0,1,0,0,0,0,0,0,0,0,0,0,0,0,9,0,0,0,0,0,0,0,2,0,2,1,0,0,0,19,1,0
c:\Users\arthur.menezes_evolu\Desktop\Pes\FizzBuzzEnterpriseEdition\src\main\java\com\seriouscompany\business\java\fizzbuzz\packagenamingpackage\interfaces\strategies\SingleStepOutputGenerationParameter.java,com.seriouscompany.business.java.fizzbuzz.packagenamingpackage.interfaces.strategies.SingleStepOutputGenerationParameter,interface,0,3,3,0,1,1,0,0,0,0.0,NaN,NaN,1,0,1,0,0,0,1,0,0,0,0,0,0,0,0,0,0,0,0,3,0,0,0,0,0,0,0,0,0,0,0,0,0,0,8,1,0
c:\Users\arthur.menezes_evolu\Desktop\Pes\FizzBuzzEnterpriseEdition\src\main\java\com\seriouscompany\business\java\fizzbuzz\packagenamingpackage\interfaces\strategies\FizzBuzzExceptionSafeOutputStrategy.java,com.seriouscompany.business.java.fizzbuzz.packagenamingpackage.interfaces.strategies.FizzBuzzExceptionSafeOutputStrategy,interface,0,1,1,0,1,1,0,0,0,0.0,NaN,NaN,1,0,1,0,0,0,1,0,0,0,0,0,0,0,0,0,0,0,0,3,0,0,0,0,0,0,0,0,0,0,0,0,0,0,7,1,0
c:\Users\arthur.menezes_evolu\Desktop\Pes\FizzBuzzEnterpriseEdition\src\main\java\com\seriouscompany\business\java\fizzbuzz\packagenamingpackage\impl\factories\EnterpriseGradeFizzBuzzSolutionStrategyFactory.java,com.seriouscompany.business.java.fizzbuzz.packagenamingpackage.impl.factories.EnterpriseGradeFizzBuzzSolutionStrategyFactory,class,4,4,0,4,2,1,0,0,0,0.0,0.0,0.0,2,0,2,0,0,0,2,0,0,0,1,0,0,1,0,0,1,0,0,10,1,0,0,0,0,0,0,1,0,1,0,0,0,0,9,1,0
c:\Users\arthur.menezes_evolu\Desktop\Pes\FizzBuzzEnterpriseEdition\src\main\java\com\seriouscompany\business\java\fizzbuzz\packagenamingpackage\impl\ApplicationContextHolder.java,com.seriouscompany.business.java.fizzbuzz.packagenamingpackage.impl.ApplicationContextHolder$ApplicationContextReferenceUpdaterHolder,innerclass,1,1,0,1,0,1,0,0,0,NaN,-1.0,-1.0,0,0,0,0,0,0,0,0,0,0,1,1,0,0,0,1,0,0,0,3,0,0,0,0,0,0,0,1,0,1,0,0,0,0,12,10,0
c:\Users\arthur.menezes_evolu\Desktop\Pes\FizzBuzzEnterpriseEdition\src\main\java\com\seriouscompany\business\java\fizzbuzz\packagenamingpackage\interfaces\factories\FizzBuzzOutputStrategyFactory.java,com.seriouscompany.business.java.fizzbuzz.packagenamingpackage.interfaces.factories.FizzBuzzOutputStrategyFactory,interface,1,2,1,1,1,1,0,0,0,0.0,NaN,NaN,1,0,1,0,0,0,1,0,0,0,0,0,0,0,0,0,0,0,0,3,0,0,0,0,0,0,0,0,0,0,0,0,0,0,6,1,0
c:\Users\arthur.menezes_evolu\Desktop\Pes\FizzBuzzEnterpriseEdition\src\main\java\com\seriouscompany\business\java\fizzbuzz\packagenamingpackage\interfaces\loop\LoopContextStateRetrieval.java,com.seriouscompany.business.java.fizzbuzz.packagenamingpackage.interfaces.loop.LoopContextStateRetrieval,interface,0,5,5,0,1,1,0,0,0,0.0,NaN,NaN,1,0,1,0,0,0,1,0,0,0,0,0,0,0,0,0,0,0,0,3,0,0,0,0,0,0,0,0,0,0,0,0,0,0,7,1,0
c:\Users\arthur.menezes_evolu\Desktop\Pes\FizzBuzzEnterpriseEdition\src\main\java\com\seriouscompany\business\java\fizzbuzz\packagenamingpackage\impl\printers\FizzPrinter.java,com.seriouscompany.business.java.fizzbuzz.packagenamingpackage.impl.printers.FizzPrinter,class,3,3,0,3,1,1,0,0,0,0.0,NaN,NaN,1,0,1,0,0,0,1,0,0,0,1,0,0,1,0,0,1,0,0,7,0,0,0,0,0,0,0,1,0,1,0,0,0,0,9,1,0
c:\Users\arthur.menezes_evolu\Desktop\Pes\FizzBuzzEnterpriseEdition\src\main\java\com\seriouscompany\business\java\fizzbuzz\packagenamingpackage\impl\factories\NoFizzNoBuzzStrategyFactory.java,com.seriouscompany.business.java.fizzbuzz.packagenamingpackage.impl.factories.NoFizzNoBuzzStrategyFactory,class,5,6,1,5,2,1,0,0,0,0.0,0.0,0.0,2,0,2,0,0,0,2,0,0,0,1,0,0,1,0,0,1,0,0,10,1,0,0,0,0,0,0,1,0,1,0,0,0,0,10,1,0
c:\Users\arthur.menezes_evolu\Desktop\Pes\FizzBuzzEnterpriseEdition\src\main\java\com\seriouscompany\business\java\fizzbuzz\packagenamingpackage\impl\factories\SystemOutFizzBuzzOutputStrategyFactory.java,com.seriouscompany.business.java.fizzbuzz.packagenamingpackage.impl.factories.SystemOutFizzBuzzOutputStrategyFactory,class,5,13,8,5,2,1,0,0,0,0.0,0.0,0.0,2,0,2,0,0,0,2,0,0,0,1,0,0,1,0,0,1,0,0,10,1,0,0,0,0,0,0,1,0,1,0,0,0,0,9,1,0
c:\Users\arthur.menezes_evolu\Desktop\Pes\FizzBuzzEnterpriseEdition\src\main\java\com\seriouscompany\business\java\fizzbuzz\packagenamingpackage\interfaces\loop\LoopPayloadExecution.java,com.seriouscompany.business.java.fizzbuzz.packagenamingpackage.interfaces.loop.LoopPayloadExecution,interface,1,4,3,1,1,1,0,0,0,0.0,NaN,NaN,1,0,1,0,0,0,1,0,0,0,0,0,0,0,0,0,0,0,0,3,0,0,0,0,0,0,0,0,0,0,0,0,0,0,8,1,0
c:\Users\arthur.menezes_evolu\Desktop\Pes\FizzBuzzEnterpriseEdition\src\main\java\com\seriouscompany\business\java\fizzbuzz\packagenamingpackage\interfaces\visitors\OutputGenerationContextVisitor.java,com.seriouscompany.business.java.fizzbuzz.packagenamingpackage.interfaces.visitors.OutputGenerationContextVisitor,interface,1,5,4,1,1,1,0,0,0,0.0,NaN,NaN,1,0,1,0,0,0,1,0,0,0,0,0,0,0,0,0,0,0,0,3,0,0,0,0,0,0,0,0,0,0,0,0,0,0,8,1,0
c:\Users\arthur.menezes_evolu\Desktop\Pes\FizzBuzzEnterpriseEdition\src\main\java\com\seriouscompany\business\java\fizzbuzz\packagenamingpackage\impl\strategies\constants\BuzzStrategyConstants.java,com.seriouscompany.business.java.fizzbuzz.packagenamingpackage.impl.strategies.constants.BuzzStrategyConstants,class,1,1,0,1,1,1,0,0,0,0.0,-1.0,-1.0,1,0,0,1,0,0,0,0,0,0,1,1,1,0,0,0,1,0,0,5,0,0,0,0,0,0,1,1,0,1,0,0,0,0,19,17,0
c:\Users\arthur.menezes_evolu\Desktop\Pes\FizzBuzzEnterpriseEdition\src\main\java\com\seriouscompany\business\java\fizzbuzz\packagenamingpackage\impl\stringreturners\BuzzStringReturner.java,com.seriouscompany.business.java.fizzbuzz.packagenamingpackage.impl.stringreturners.BuzzStringReturner,class,2,3,1,2,1,1,0,1,0,0.0,NaN,NaN,1,0,1,0,0,0,1,0,0,0,0,0,0,0,0,0,0,0,0,7,1,0,0,0,0,0,0,2,0,2,0,0,0,0,7,1,0
c:\Users\arthur.menezes_evolu\Desktop\Pes\FizzBuzzEnterpriseEdition\src\main\java\com\seriouscompany\business\java\fizzbuzz\packagenamingpackage\impl\factories\FizzBuzzOutputGenerationContextVisitorFactory.java,com.seriouscompany.business.java.fizzbuzz.packagenamingpackage.impl.factories.FizzBuzzOutputGenerationContextVisitorFactory,class,5,6,1,5,2,1,0,0,0,0.0,0.0,0.0,2,0,2,0,0,0,2,0,0,0,1,0,0,1,0,0,1,0,0,10,1,0,0,0,0,0,0,1,0,1,0,0,0,0,9,1,0
c:\Users\arthur.menezes_evolu\Desktop\Pes\FizzBuzzEnterpriseEdition\src\main\java\com\seriouscompany\business\java\fizzbuzz\packagenamingpackage\impl\strategies\comparators\integercomparator\ThreeWayIntegerComparator.java,com.seriouscompany.business.java.fizzbuzz.packagenamingpackage.impl.strategies.comparators.integercomparator.ThreeWayIntegerComparator,class,2,4,2,2,5,1,0,0,1,0.0,NaN,NaN,2,1,1,1,0,0,1,0,0,0,0,0,0,0,0,0,0,0,0,18,3,0,1,0,0,0,0,0,0,0,1,0,0,0,13,17,0
c:\Users\arthur.menezes_evolu\Desktop\Pes\FizzBuzzEnterpriseEdition\src\main\java\com\seriouscompany\business\java\fizzbuzz\packagenamingpackage\impl\loop\LoopRunner.java,com.seriouscompany.business.java.fizzbuzz.packagenamingpackage.impl.loop.LoopRunner,class,3,4,1,3,3,1,0,4,0,0.0,0.0,0.0,2,0,2,0,0,0,2,0,0,0,3,0,0,3,0,0,3,0,0,16,0,1,0,0,0,0,0,3,0,3,1,0,0,0,12,17,0
c:\Users\arthur.menezes_evolu\Desktop\Pes\FizzBuzzEnterpriseEdition\src\main\java\com\seriouscompany\business\java\fizzbuzz\packagenamingpackage\impl\strategies\adapters\FizzBuzzOutputStrategyToFizzBuzzExceptionSafeOutputStrategyAdapter.java,com.seriouscompany.business.java.fizzbuzz.packagenamingpackage.impl.strategies.adapters.FizzBuzzOutputStrategyToFizzBuzzExceptionSafeOutputStrategyAdapter,class,2,6,4,2,4,1,0,1,0,0.0,0.0,0.0,2,0,2,0,0,0,2,0,0,0,1,0,0,1,0,0,1,0,0,15,0,0,0,1,0,0,0,1,0,1,1,0,0,0,17,17,0
c:\Users\arthur.menezes_evolu\Desktop\Pes\FizzBuzzEnterpriseEdition\src\main\java\com\seriouscompany\business\java\fizzbuzz\packagenamingpackage\impl\strategies\converters\primitivetypesconverters\IntToDoubleConverter.java,com.seriouscompany.business.java.fizzbuzz.packagenamingpackage.impl.strategies.converters.primitivetypesconverters.IntToDoubleConverter,class,1,2,1,1,2,1,0,0,1,0.0,NaN,NaN,2,1,1,1,0,0,1,0,0,0,0,0,0,0,0,0,0,0,0,8,1,0,0,0,0,0,0,1,0,1,0,0,0,0,10,17,0
c:\Users\arthur.menezes_evolu\Desktop\Pes\FizzBuzzEnterpriseEdition\src\main\java\com\seriouscompany\business\java\fizzbuzz\packagenamingpackage\interfaces\parameters\FizzBuzzUpperLimitParameter.java,com.seriouscompany.business.java.fizzbuzz.packagenamingpackage.interfaces.parameters.FizzBuzzUpperLimitParameter,interface,0,2,2,0,1,1,0,0,0,0.0,NaN,NaN,1,0,1,0,0,0,1,0,0,0,0,0,0,0,0,0,0,0,0,3,0,0,0,0,0,0,0,0,0,0,0,0,0,0,7,1,0
c:\Users\arthur.menezes_evolu\Desktop\Pes\FizzBuzzEnterpriseEdition\src\main\java\com\seriouscompany\business\java\fizzbuzz\packagenamingpackage\impl\factories\IntegerIntegerPrinterFactory.java,com.seriouscompany.business.java.fizzbuzz.packagenamingpackage.impl.factories.IntegerIntegerPrinterFactory,class,5,6,1,5,2,1,0,0,0,0.0,0.0,0.0,2,0,2,0,0,0,2,0,0,0,1,0,0,1,0,0,1,0,0,10,1,0,0,0,0,0,0,1,0,1,0,0,0,0,5,1,0
c:\Users\arthur.menezes_evolu\Desktop\Pes\FizzBuzzEnterpriseEdition\src\main\java\com\seriouscompany\business\java\fizzbuzz\packagenamingpackage\impl\printers\IntegerPrinter.java,com.seriouscompany.business.java.fizzbuzz.packagenamingpackage.impl.printers.IntegerPrinter,class,3,3,0,3,1,1,0,0,0,0.0,NaN,NaN,1,0,1,0,0,0,1,0,0,0,1,0,0,1,0,0,1,0,0,7,0,0,0,0,0,0,0,1,0,1,0,0,0,0,11,1,0
c:\Users\arthur.menezes_evolu\Desktop\Pes\FizzBuzzEnterpriseEdition\src\main\java\com\seriouscompany\business\java\fizzbuzz\packagenamingpackage\impl\factories\NewLineStringReturnerFactory.java,com.seriouscompany.business.java.fizzbuzz.packagenamingpackage.impl.factories.NewLineStringReturnerFactory,class,5,6,1,5,2,1,0,0,0,0.0,0.0,0.0,2,0,2,0,0,0,2,0,0,0,1,0,0,1,0,0,1,0,0,10,1,0,0,0,0,0,0,1,0,1,0,0,0,0,7,1,0
c:\Users\arthur.menezes_evolu\Desktop\Pes\FizzBuzzEnterpriseEdition\src\main\java\com\seriouscompany\business\java\fizzbuzz\packagenamingpackage\impl\ApplicationContextHolder.java,com.seriouscompany.business.java.fizzbuzz.packagenamingpackage.impl.ApplicationContextHolder$ApplicationContextReferenceUpdater,innerclass,1,1,0,1,1,1,0,0,0,0.0,NaN,NaN,1,0,0,0,0,1,1,0,0,0,0,0,0,0,0,0,0,0,0,5,0,0,0,0,0,0,0,1,0,0,0,0,0,0,6,10,0
c:\Users\arthur.menezes_evolu\Desktop\Pes\FizzBuzzEnterpriseEdition\src\main\java\com\seriouscompany\business\java\fizzbuzz\packagenamingpackage\impl\Constants.java,com.seriouscompany.business.java.fizzbuzz.packagenamingpackage.impl.Constants,class,0,0,0,0,0,1,0,0,0,NaN,-1.0,-1.0,0,0,0,0,0,0,0,0,0,0,14,14,14,0,0,0,14,0,0,16,0,0,0,0,0,9,5,14,0,14,0,0,0,0,37,1,0
c:\Users\arthur.menezes_evolu\Desktop\Pes\FizzBuzzEnterpriseEdition\src\main\java\com\seriouscompany\business\java\fizzbuzz\packagenamingpackage\impl\factories\LoopComponentFactory.java,com.seriouscompany.business.java.fizzbuzz.packagenamingpackage.impl.factories.LoopComponentFactory,class,6,7,1,6,5,1,0,0,4,0.6,0.0,0.0,5,0,5,0,0,0,5,0,0,0,3,0,0,3,0,0,3,0,0,24,4,0,0,0,0,0,0,4,0,4,0,0,0,0,13,1,0
c:\Users\arthur.menezes_evolu\Desktop\Pes\FizzBuzzEnterpriseEdition\src\main\java\com\seriouscompany\business\java\fizzbuzz\packagenamingpackage\impl\factories\FizzStringPrinterFactory.java,com.seriouscompany.business.java.fizzbuzz.packagenamingpackage.impl.factories.FizzStringPrinterFactory,class,5,6,1,5,2,1,0,0,0,0.0,0.0,0.0,2,0,2,0,0,0,2,0,0,0,1,0,0,1,0,0,1,0,0,10,1,0,0,0,0,0,0,1,0,1,0,0,0,0,6,1,0
c:\Users\arthur.menezes_evolu\Desktop\Pes\FizzBuzzEnterpriseEdition\src\main\java\com\seriouscompany\business\java\fizzbuzz\packagenamingpackage\impl\stringreturners\NewLineStringReturner.java,com.seriouscompany.business.java.fizzbuzz.packagenamingpackage.impl.stringreturners.NewLineStringReturner,class,2,3,1,2,1,1,0,2,0,0.0,NaN,NaN,1,0,1,0,0,0,1,0,0,0,0,0,0,0,0,0,0,0,1,8,1,0,0,0,0,0,0,3,0,3,0,0,0,0,10,1,0
c:\Users\arthur.menezes_evolu\Desktop\Pes\FizzBuzzEnterpriseEdition\src\main\java\com\seriouscompany\business\java\fizzbuzz\packagenamingpackage\impl\strategies\SingleStepOutputGenerationStrategy.java,com.seriouscompany.business.java.fizzbuzz.packagenamingpackage.impl.strategies.SingleStepOutputGenerationStrategy,class,16,16,0,16,3,1,0,15,0,0.0,0.0,0.0,2,0,2,0,0,0,2,0,0,0,3,0,0,3,0,0,3,0,0,23,0,1,0,0,0,0,0,6,0,6,1,0,0,0,31,1,0
c:\Users\arthur.menezes_evolu\Desktop\Pes\FizzBuzzEnterpriseEdition\src\main\java\com\seriouscompany\business\java\fizzbuzz\packagenamingpackage\impl\strategies\EnterpriseGradeFizzBuzzSolutionStrategy.java,com.seriouscompany.business.java.fizzbuzz.packagenamingpackage.impl.strategies.EnterpriseGradeFizzBuzzSolutionStrategy,class,6,6,0,6,2,1,0,1,0,0.0,0.0,0.0,2,0,2,0,0,0,2,0,0,0,1,0,0,1,0,0,1,0,0,12,0,0,0,0,0,0,0,3,0,3,0,0,0,0,17,1,0
c:\Users\arthur.menezes_evolu\Desktop\Pes\FizzBuzzEnterpriseEdition\src\main\java\com\seriouscompany\business\java\fizzbuzz\packagenamingpackage\impl\visitors\FizzBuzzOutputGenerationContext.java,com.seriouscompany.business.java.fizzbuzz.packagenamingpackage.impl.visitors.FizzBuzzOutputGenerationContext,class,3,4,1,3,3,1,0,0,0,0.33333334,0.0,0.0,3,0,3,0,0,0,3,0,0,0,2,0,0,2,0,0,2,0,0,15,2,0,0,0,0,0,0,2,0,2,0,0,0,0,14,17,0
c:\Users\arthur.menezes_evolu\Desktop\Pes\FizzBuzzEnterpriseEdition\src\main\java\com\seriouscompany\business\java\fizzbuzz\packagenamingpackage\impl\strategies\FizzStrategy.java,com.seriouscompany.business.java.fizzbuzz.packagenamingpackage.impl.strategies.FizzStrategy,class,3,4,1,3,2,1,0,1,0,0.0,NaN,NaN,1,0,1,0,0,0,1,0,0,0,0,0,0,0,0,0,0,0,1,10,2,0,0,0,0,0,0,0,0,0,1,0,0,0,10,1,0
c:\Users\arthur.menezes_evolu\Desktop\Pes\FizzBuzzEnterpriseEdition\src\main\java\com\seriouscompany\business\java\fizzbuzz\packagenamingpackage\impl\strategies\NoFizzNoBuzzStrategy.java,com.seriouscompany.business.java.fizzbuzz.packagenamingpackage.impl.strategies.NoFizzNoBuzzStrategy,class,3,4,1,3,5,1,0,1,0,0.0,NaN,NaN,1,0,1,0,0,0,1,0,0,0,0,0,0,0,0,0,0,0,4,23,5,0,0,0,0,0,0,0,0,0,2,0,0,0,12,1,0
c:\Users\arthur.menezes_evolu\Desktop\Pes\FizzBuzzEnterpriseEdition\src\main\java\com\seriouscompany\business\java\fizzbuzz\packagenamingpackage\interfaces\stringreturners\IntegerStringReturner.java,com.seriouscompany.business.java.fizzbuzz.packagenamingpackage.interfaces.stringreturners.IntegerStringReturner,interface,0,4,4,0,1,1,0,0,0,0.0,NaN,NaN,1,0,1,0,0,0,1,0,0,0,0,0,0,0,0,0,0,0,0,3,0,0,0,0,0,0,0,0,0,0,0,0,0,0,6,1,0
c:\Users\arthur.menezes_evolu\Desktop\Pes\FizzBuzzEnterpriseEdition\src\main\java\com\seriouscompany\business\java\fizzbuzz\packagenamingpackage\impl\strategies\BuzzStrategy.java,com.seriouscompany.business.java.fizzbuzz.packagenamingpackage.impl.strategies.BuzzStrategy,class,3,4,1,3,2,1,0,1,0,0.0,NaN,NaN,1,0,1,0,0,0,1,0,0,0,0,0,0,0,0,0,0,0,1,10,2,0,0,0,0,0,0,0,0,0,1,0,0,0,10,1,0
c:\Users\arthur.menezes_evolu\Desktop\Pes\FizzBuzzEnterpriseEdition\src\main\java\com\seriouscompany\business\java\fizzbuzz\packagenamingpackage\impl\strategies\comparators\doublecomparator\FirstIsLargerThanSecondDoubleComparator.java,com.seriouscompany.business.java.fizzbuzz.packagenamingpackage.impl.strategies.comparators.doublecomparator.FirstIsLargerThanSecondDoubleComparator,class,1,2,1,1,2,1,0,0,0,0.0,NaN,NaN,1,0,1,0,0,0,1,0,0,0,0,0,0,0,0,0,0,0,0,10,2,0,0,0,0,0,0,0,0,0,1,0,0,0,12,1,0
c:\Users\arthur.menezes_evolu\Desktop\Pes\FizzBuzzEnterpriseEdition\src\main\java\com\seriouscompany\business\java\fizzbuzz\packagenamingpackage\impl\parameters\DefaultFizzBuzzUpperLimitParameter.java,com.seriouscompany.business.java.fizzbuzz.packagenamingpackage.impl.parameters.DefaultFizzBuzzUpperLimitParameter,class,1,2,1,1,3,1,0,0,0,0.0,0.0,0.0,3,0,3,0,0,0,3,0,0,0,1,0,0,1,0,0,1,0,0,14,1,0,0,0,0,0,0,2,0,1,0,0,0,0,9,17,0
c:\Users\arthur.menezes_evolu\Desktop\Pes\FizzBuzzEnterpriseEdition\src\main\java\com\seriouscompany\business\java\fizzbuzz\packagenamingpackage\impl\printers\FizzStringPrinter.java,com.seriouscompany.business.java.fizzbuzz.packagenamingpackage.impl.printers.FizzStringPrinter,class,8,10,2,8,3,1,0,5,1,0.33333334,0.0,0.0,3,0,3,0,0,0,3,0,0,0,2,0,0,2,0,0,2,0,0,17,0,0,0,0,0,0,0,4,0,4,0,0,0,0,21,1,0
c:\Users\arthur.menezes_evolu\Desktop\Pes\FizzBuzzEnterpriseEdition\src\main\java\com\seriouscompany\business\java\fizzbuzz\packagenamingpackage\interfaces\printers\DataPrinter.java,com.seriouscompany.business.java.fizzbuzz.packagenamingpackage.interfaces.printers.DataPrinter,interface,0,5,5,0,2,1,0,0,1,0.0,0.0,0.0,2,0,2,0,0,0,2,0,0,0,0,0,0,0,0,0,0,0,0,4,0,0,0,0,0,0,0,0,0,0,0,0,0,0,6,1,0
c:\Users\arthur.menezes_evolu\Desktop\Pes\FizzBuzzEnterpriseEdition\src\main\java\com\seriouscompany\business\java\fizzbuzz\packagenamingpackage\impl\factories\IntegerIntegerStringReturnerFactory.java,com.seriouscompany.business.java.fizzbuzz.packagenamingpackage.impl.factories.IntegerIntegerStringReturnerFactory,class,5,6,1,5,2,1,0,0,0,0.0,0.0,0.0,2,0,2,0,0,0,2,0,0,0,1,0,0,1,0,0,1,0,0,10,1,0,0,0,0,0,0,1,0,1,0,0,0,0,6,1,0
c:\Users\arthur.menezes_evolu\Desktop\Pes\FizzBuzzEnterpriseEdition\src\main\java\com\seriouscompany\business\java\fizzbuzz\packagenamingpackage\impl\loop\LoopStep.java,com.seriouscompany.business.java.fizzbuzz.packagenamingpackage.impl.loop.LoopStep,class,1,3,2,1,1,1,0,0,0,0.0,NaN,NaN,1,0,1,0,0,0,1,0,0,0,0,0,0,0,0,0,0,0,0,5,1,0,0,0,0,0,0,0,1,0,0,0,0,0,6,1,0
c:\Users\arthur.menezes_evolu\Desktop\Pes\FizzBuzzEnterpriseEdition\src\test\java\FizzBuzzTest.java,FizzBuzzTest,class,8,9,1,8,4,1,0,10,0,0.375,0.0,0.0,4,0,3,1,0,0,3,0,0,0,2,0,0,2,0,0,0,0,3,40,0,0,0,0,1,2,0,6,0,6,0,0,0,0,38,1,0
c:\Users\arthur.menezes_evolu\Desktop\Pes\FizzBuzzEnterpriseEdition\src\main\java\com\seriouscompany\business\java\fizzbuzz\packagenamingpackage\impl\strategies\SystemOutFizzBuzzOutputStrategy.java,com.seriouscompany.business.java.fizzbuzz.packagenamingpackage.impl.strategies.SystemOutFizzBuzzOutputStrategy,class,2,3,1,2,1,1,0,3,0,0.0,NaN,NaN,1,0,1,0,0,0,1,0,0,0,0,0,0,0,0,0,0,0,0,6,0,0,0,0,0,0,0,0,0,0,0,0,0,0,10,1,0
c:\Users\arthur.menezes_evolu\Desktop\Pes\FizzBuzzEnterpriseEdition\src\main\java\com\seriouscompany\business\java\fizzbuzz\packagenamingpackage\impl\math\arithmetics\NumberIsMultipleOfAnotherNumberVerifier.java,com.seriouscompany.business.java.fizzbuzz.packagenamingpackage.impl.math.arithmetics.NumberIsMultipleOfAnotherNumberVerifier,class,7,10,3,7,4,1,0,4,0,0.25,0.0,0.0,2,1,2,0,0,0,2,0,0,0,2,1,0,2,0,0,0,0,2,23,3,0,0,1,1,0,0,4,1,5,2,0,0,0,28,1,0
c:\Users\arthur.menezes_evolu\Desktop\Pes\FizzBuzzEnterpriseEdition\src\main\java\com\seriouscompany\business\java\fizzbuzz\packagenamingpackage\impl\ApplicationContextHolder.java,com.seriouscompany.business.java.fizzbuzz.packagenamingpackage.impl.ApplicationContextHolder,class,4,5,1,4,3,1,0,1,1,0.33333334,0.0,0.0,3,1,2,1,0,0,2,0,0,0,1,1,0,1,0,0,0,0,0,20,1,0,0,0,0,0,0,0,0,1,0,0,2,0,9,1,0
c:\Users\arthur.menezes_evolu\Desktop\Pes\FizzBuzzEnterpriseEdition\src\main\java\com\seriouscompany\business\java\fizzbuzz\packagenamingpackage\impl\strategies\comparators\integercomparator\IntegerForEqualityComparator.java,com.seriouscompany.business.java.fizzbuzz.packagenamingpackage.impl.strategies.comparators.integercomparator.IntegerForEqualityComparator,class,3,5,2,3,3,1,0,1,1,0.0,NaN,NaN,2,1,1,1,0,0,1,0,0,0,0,0,0,0,0,0,0,0,1,13,2,0,1,0,0,0,0,1,0,1,1,0,0,0,18,17,0
c:\Users\arthur.menezes_evolu\Desktop\Pes\FizzBuzzEnterpriseEdition\src\test\java\TestConstants.java,TestConstants,class,0,0,0,0,1,1,0,0,0,0.0,-1.0,-1.0,1,0,0,1,0,0,0,0,0,0,34,34,0,0,0,34,34,0,0,39,0,0,0,0,0,18,16,34,0,34,0,0,0,0,39,1,0
c:\Users\arthur.menezes_evolu\Desktop\Pes\FizzBuzzEnterpriseEdition\src\main\java\com\seriouscompany\business\java\fizzbuzz\packagenamingpackage\interfaces\factories\IntegerStringReturnerFactory.java,com.seriouscompany.business.java.fizzbuzz.packagenamingpackage.interfaces.factories.IntegerStringReturnerFactory,interface,1,2,1,1,1,1,0,0,0,0.0,NaN,NaN,1,0,1,0,0,0,1,0,0,0,0,0,0,0,0,0,0,0,0,3,0,0,0,0,0,0,0,0,0,0,0,0,0,0,5,1,0
c:\Users\arthur.menezes_evolu\Desktop\Pes\FizzBuzzEnterpriseEdition\src\main\java\com\seriouscompany\business\java\fizzbuzz\packagenamingpackage\impl\printers\IntegerIntegerPrinter.java,com.seriouscompany.business.java.fizzbuzz.packagenamingpackage.impl.printers.IntegerIntegerPrinter,class,8,10,2,8,4,1,0,5,4,0.5,0.0,0.0,4,0,4,0,0,0,4,0,0,0,2,0,0,2,0,0,2,0,0,21,0,0,0,0,0,0,0,5,0,5,0,0,0,0,25,1,0
c:\Users\arthur.menezes_evolu\Desktop\Pes\FizzBuzzEnterpriseEdition\src\main\java\com\seriouscompany\business\java\fizzbuzz\packagenamingpackage\impl\strategies\adapters\LoopContextStateRetrievalToSingleStepOutputGenerationAdapter.java,com.seriouscompany.business.java.fizzbuzz.packagenamingpackage.impl.strategies.adapters.LoopContextStateRetrievalToSingleStepOutputGenerationAdapter,class,2,3,1,2,2,1,0,1,0,0.0,0.0,0.0,2,0,2,0,0,0,2,0,0,0,1,0,0,1,0,0,1,0,0,10,1,0,0,0,0,0,0,1,0,1,0,0,0,0,18,17,0
c:\Users\arthur.menezes_evolu\Desktop\Pes\FizzBuzzEnterpriseEdition\src\main\java\com\seriouscompany\business\java\fizzbuzz\packagenamingpackage\interfaces\factories\IsEvenlyDivisibleStrategyFactory.java,com.seriouscompany.business.java.fizzbuzz.packagenamingpackage.interfaces.factories.IsEvenlyDivisibleStrategyFactory,interface,1,4,3,1,1,1,0,0,0,0.0,NaN,NaN,1,0,1,0,0,0,1,0,0,0,0,0,0,0,0,0,0,0,0,3,0,0,0,0,0,0,0,0,0,0,0,0,0,0,6,1,0
c:\Users\arthur.menezes_evolu\Desktop\Pes\FizzBuzzEnterpriseEdition\src\main\java\com\seriouscompany\business\java\fizzbuzz\packagenamingpackage\interfaces\stringreturners\StringStringReturner.java,com.seriouscompany.business.java.fizzbuzz.packagenamingpackage.interfaces.stringreturners.StringStringReturner,interface,0,10,10,0,1,1,0,0,0,0.0,NaN,NaN,1,0,1,0,0,0,1,0,0,0,0,0,0,0,0,0,0,0,0,3,0,0,0,0,0,0,0,0,0,0,0,0,0,0,4,1,0
c:\Users\arthur.menezes_evolu\Desktop\Pes\FizzBuzzEnterpriseEdition\src\main\java\com\seriouscompany\business\java\fizzbuzz\packagenamingpackage\interfaces\factories\StringStringReturnerFactory.java,com.seriouscompany.business.java.fizzbuzz.packagenamingpackage.interfaces.factories.StringStringReturnerFactory,interface,1,4,3,1,1,1,0,0,0,0.0,NaN,NaN,1,0,1,0,0,0,1,0,0,0,0,0,0,0,0,0,0,0,0,3,0,0,0,0,0,0,0,0,0,0,0,0,0,0,4,1,0
c:\Users\arthur.menezes_evolu\Desktop\Pes\FizzBuzzEnterpriseEdition\src\main\java\com\seriouscompany\business\java\fizzbuzz\packagenamingpackage\interfaces\strategies\IsEvenlyDivisibleStrategy.java,com.seriouscompany.business.java.fizzbuzz.packagenamingpackage.interfaces.strategies.IsEvenlyDivisibleStrategy,interface,0,10,10,0,1,1,0,0,0,0.0,NaN,NaN,1,0,1,0,0,0,1,0,0,0,0,0,0,0,0,0,0,0,0,3,0,0,0,0,0,0,0,0,0,0,0,0,0,0,7,1,0
c:\Users\arthur.menezes_evolu\Desktop\Pes\FizzBuzzEnterpriseEdition\src\main\java\com\seriouscompany\business\java\fizzbuzz\packagenamingpackage\impl\factories\BuzzStringReturnerFactory.java,com.seriouscompany.business.java.fizzbuzz.packagenamingpackage.impl.factories.BuzzStringReturnerFactory,class,5,6,1,5,2,1,0,0,0,0.0,0.0,0.0,2,0,2,0,0,0,2,0,0,0,1,0,0,1,0,0,1,0,0,10,1,0,0,0,0,0,0,1,0,1,0,0,0,0,6,1,0
c:\Users\arthur.menezes_evolu\Desktop\Pes\FizzBuzzEnterpriseEdition\src\main\java\com\seriouscompany\business\java\fizzbuzz\packagenamingpackage\interfaces\factories\StringPrinterFactory.java,com.seriouscompany.business.java.fizzbuzz.packagenamingpackage.interfaces.factories.StringPrinterFactory,interface,1,4,3,1,1,1,0,0,0,0.0,NaN,NaN,1,0,1,0,0,0,1,0,0,0,0,0,0,0,0,0,0,0,0,3,0,0,0,0,0,0,0,0,0,0,0,0,0,0,4,1,0
c:\Users\arthur.menezes_evolu\Desktop\Pes\FizzBuzzEnterpriseEdition\src\main\java\com\seriouscompany\business\java\fizzbuzz\packagenamingpackage\interfaces\strategies\FizzBuzzOutputStrategy.java,com.seriouscompany.business.java.fizzbuzz.packagenamingpackage.interfaces.strategies.FizzBuzzOutputStrategy,interface,0,4,4,0,1,1,0,0,0,0.0,NaN,NaN,1,0,1,0,0,0,1,0,0,0,0,0,0,0,0,0,0,0,0,3,0,0,0,0,0,0,0,0,0,0,0,0,0,0,8,1,0
c:\Users\arthur.menezes_evolu\Desktop\Pes\FizzBuzzEnterpriseEdition\src\main\java\com\seriouscompany\business\java\fizzbuzz\packagenamingpackage\impl\strategies\converters\primitivetypesconverters\DoubleToIntConverter.java,com.seriouscompany.business.java.fizzbuzz.packagenamingpackage.impl.strategies.converters.primitivetypesconverters.DoubleToIntConverter,class,1,2,1,1,2,1,0,0,1,0.0,NaN,NaN,2,1,1,1,0,0,1,0,0,0,0,0,0,0,0,0,0,0,0,8,1,0,0,0,0,0,0,1,0,1,0,0,0,0,9,17,0
c:\Users\arthur.menezes_evolu\Desktop\Pes\FizzBuzzEnterpriseEdition\src\main\java\com\seriouscompany\business\java\fizzbuzz\packagenamingpackage\impl\Main.java,com.seriouscompany.business.java.fizzbuzz.packagenamingpackage.impl.Main,class,6,6,0,6,1,1,0,4,0,0.0,NaN,NaN,1,1,1,0,0,0,1,0,0,0,0,0,0,0,0,0,0,0,0,9,0,0,0,0,1,0,0,3,0,3,0,0,0,0,18,17,0
c:\Users\arthur.menezes_evolu\Desktop\Pes\FizzBuzzEnterpriseEdition\src\main\java\com\seriouscompany\business\java\fizzbuzz\packagenamingpackage\interfaces\printers\StringPrinter.java,com.seriouscompany.business.java.fizzbuzz.packagenamingpackage.interfaces.printers.StringPrinter,interface,1,9,8,1,1,1,0,0,0,0.0,NaN,NaN,1,0,1,0,0,0,1,0,0,0,0,0,0,0,0,0,0,0,0,3,0,0,0,0,0,0,0,0,0,0,0,0,0,0,4,1,0
c:\Users\arthur.menezes_evolu\Desktop\Pes\FizzBuzzEnterpriseEdition\src\main\java\com\seriouscompany\business\java\fizzbuzz\packagenamingpackage\impl\factories\BuzzStrategyFactory.java,com.seriouscompany.business.java.fizzbuzz.packagenamingpackage.impl.factories.BuzzStrategyFactory,class,5,6,1,5,2,1,0,0,0,0.0,0.0,0.0,2,0,2,0,0,0,2,0,0,0,1,0,0,1,0,0,1,0,0,10,1,0,0,0,0,0,0,1,0,1,0,0,0,0,8,1,0
c:\Users\arthur.menezes_evolu\Desktop\Pes\FizzBuzzEnterpriseEdition\src\main\java\com\seriouscompany\business\java\fizzbuzz\packagenamingpackage\interfaces\factories\OutputGenerationContextVisitorFactory.java,com.seriouscompany.business.java.fizzbuzz.packagenamingpackage.interfaces.factories.OutputGenerationContextVisitorFactory,interface,1,2,1,1,1,1,0,0,0,0.0,NaN,NaN,1,0,1,0,0,0,1,0,0,0,0,0,0,0,0,0,0,0,0,3,0,0,0,0,0,0,0,0,0,0,0,0,0,0,6,1,0
c:\Users\arthur.menezes_evolu\Desktop\Pes\FizzBuzzEnterpriseEdition\src\main\java\com\seriouscompany\business\java\fizzbuzz\packagenamingpackage\impl\strategies\comparators\integercomparator\ThreeWayIntegerComparisonResult.java,com.seriouscompany.business.java.fizzbuzz.packagenamingpackage.impl.strategies.comparators.integercomparator.ThreeWayIntegerComparisonResult,enum,0,3,3,0,0,1,0,0,0,0.0,-1.0,-1.0,0,0,0,0,0,0,0,0,0,0,0,0,0,0,0,0,0,0,0,1,0,0,0,0,0,0,0,0,0,0,0,0,0,0,11,1,0
c:\Users\arthur.menezes_evolu\Desktop\Pes\FizzBuzzEnterpriseEdition\src\main\java\com\seriouscompany\business\java\fizzbuzz\packagenamingpackage\impl\loop\LoopFinalizer.java,com.seriouscompany.business.java.fizzbuzz.packagenamingpackage.impl.loop.LoopFinalizer,class,0,2,2,0,2,1,0,0,0,0.0,0.0,0.0,2,0,2,0,0,0,2,0,0,0,1,0,0,1,0,0,1,0,0,10,1,0,0,0,0,0,0,1,0,1,0,0,0,0,9,17,0
c:\Users\arthur.menezes_evolu\Desktop\Pes\FizzBuzzEnterpriseEdition\src\main\java\com\seriouscompany\business\java\fizzbuzz\packagenamingpackage\impl\stringreturners\FizzStringReturner.java,com.seriouscompany.business.java.fizzbuzz.packagenamingpackage.impl.stringreturners.FizzStringReturner,class,3,4,1,3,1,1,0,2,0,0.0,NaN,NaN,1,0,1,0,0,0,1,0,0,0,0,0,0,0,0,0,0,0,0,8,1,0,0,0,0,0,1,3,0,3,0,0,0,0,8,1,0
c:\Users\arthur.menezes_evolu\Desktop\Pes\FizzBuzzEnterpriseEdition\src\main\java\com\seriouscompany\business\java\fizzbuzz\packagenamingpackage\impl\printers\BuzzPrinter.java,com.seriouscompany.business.java.fizzbuzz.packagenamingpackage.impl.printers.BuzzPrinter,class,3,3,0,3,1,1,0,0,0,0.0,NaN,NaN,1,0,1,0,0,0,1,0,0,0,1,0,0,1,0,0,1,0,0,7,0,0,0,0,0,0,0,1,0,1,0,0,0,0,9,1,0
c:\Users\arthur.menezes_evolu\Desktop\Pes\FizzBuzzEnterpriseEdition\src\main\java\com\seriouscompany\business\java\fizzbuzz\packagenamingpackage\impl\printers\BuzzStringPrinter.java,com.seriouscompany.business.java.fizzbuzz.packagenamingpackage.impl.printers.BuzzStringPrinter,class,8,10,2,8,3,1,0,5,1,0.33333334,0.0,0.0,3,0,3,0,0,0,3,0,0,0,2,0,0,2,0,0,2,0,0,17,0,0,0,0,0,0,0,4,0,4,0,0,0,0,21,1,0
c:\Users\arthur.menezes_evolu\Desktop\Pes\FizzBuzzEnterpriseEdition\src\main\java\com\seriouscompany\business\java\fizzbuzz\packagenamingpackage\interfaces\factories\IntegerPrinterFactory.java,com.seriouscompany.business.java.fizzbuzz.packagenamingpackage.interfaces.factories.IntegerPrinterFactory,interface,1,2,1,1,1,1,0,0,0,0.0,NaN,NaN,1,0,1,0,0,0,1,0,0,0,0,0,0,0,0,0,0,0,0,3,0,0,0,0,0,0,0,0,0,0,0,0,0,0,4,1,0
c:\Users\arthur.menezes_evolu\Desktop\Pes\FizzBuzzEnterpriseEdition\src\main\java\com\seriouscompany\business\java\fizzbuzz\packagenamingpackage\impl\loop\LoopInitializer.java,com.seriouscompany.business.java.fizzbuzz.packagenamingpackage.impl.loop.LoopInitializer,class,1,3,2,1,1,1,0,0,0,0.0,NaN,NaN,1,0,1,0,0,0,1,0,0,0,0,0,0,0,0,0,0,0,0,5,1,0,0,0,0,0,0,0,0,0,0,0,0,0,5,1,0
c:\Users\arthur.menezes_evolu\Desktop\Pes\FizzBuzzEnterpriseEdition\src\main\java\com\seriouscompany\business\java\fizzbuzz\packagenamingpackage\impl\math\arithmetics\IntegerDivider.java,com.seriouscompany.business.java.fizzbuzz.packagenamingpackage.impl.math.arithmetics.IntegerDivider,class,7,8,1,7,5,1,0,7,0,0.0,0.0,0.0,2,0,2,0,0,0,2,0,0,0,2,0,0,2,0,0,2,0,6,29,1,0,0,0,0,0,0,10,1,8,2,0,0,0,22,1,0
