file,class,method,constructor,line,cbo,cboModified,fanin,fanout,wmc,rfc,loc,returnsQty,variablesQty,parametersQty,methodsInvokedQty,methodsInvokedLocalQty,methodsInvokedIndirectLocalQty,loopQty,comparisonsQty,tryCatchQty,parenthesizedExpsQty,stringLiteralsQty,numbersQty,assignmentsQty,mathOperationsQty,maxNestedBlocksQty,anonymousClassesQty,innerClassesQty,lambdasQty,uniqueWordsQty,modifiers,logStatementsQty,hasJavaDoc
c:\Users\arthur.menezes_evolu\Desktop\Pes\FizzBuzzEnterpriseEdition\src\main\java\com\seriouscompany\business\java\fizzbuzz\packagenamingpackage\impl\loop\LoopCondition.java,com.seriouscompany.business.java.fizzbuzz.packagenamingpackage.impl.loop.LoopCondition,"evaluateLoop/2[int,int]",false,19,2,2,1,1,3,1,12,3,1,2,1,0,0,0,2,0,0,0,0,1,0,1,0,0,0,15,1,0,true
c:\Users\arthur.menezes_evolu\Desktop\Pes\FizzBuzzEnterpriseEdition\src\main\java\com\seriouscompany\business\java\fizzbuzz\packagenamingpackage\impl\StandardFizzBuzz.java,com.seriouscompany.business.java.fizzbuzz.packagenamingpackage.impl.StandardFizzBuzz,fizzBuzz/1[int],false,30,2,2,0,2,1,2,4,0,1,1,2,0,0,0,0,0,0,0,0,1,0,0,0,0,0,9,1,0,true
c:\Users\arthur.menezes_evolu\Desktop\Pes\FizzBuzzEnterpriseEdition\src\main\java\com\seriouscompany\business\java\fizzbuzz\packagenamingpackage\impl\StandardFizzBuzz.java,com.seriouscompany.business.java.fizzbuzz.packagenamingpackage.impl.StandardFizzBuzz,StandardFizzBuzz/1[com.seriouscompany.business.java.fizzbuzz.packagenamingpackage.interfaces.factories.FizzBuzzSolutionStrategyFactory],true,22,2,0,0,0,1,0,4,0,0,1,0,0,0,0,0,0,0,0,0,1,0,0,0,0,0,7,1,0,true
c:\Users\arthur.menezes_evolu\Desktop\Pes\FizzBuzzEnterpriseEdition\src\main\java\com\seriouscompany\business\java\fizzbuzz\packagenamingpackage\impl\factories\BuzzStringPrinterFactory.java,com.seriouscompany.business.java.fizzbuzz.packagenamingpackage.impl.factories.BuzzStringPrinterFactory,createStringPrinter/0,false,31,2,1,1,0,1,0,3,1,0,0,0,0,0,0,0,0,0,0,0,0,0,0,0,0,0,3,1,0,true
c:\Users\arthur.menezes_evolu\Desktop\Pes\FizzBuzzEnterpriseEdition\src\main\java\com\seriouscompany\business\java\fizzbuzz\packagenamingpackage\impl\factories\BuzzStringPrinterFactory.java,com.seriouscompany.business.java.fizzbuzz.packagenamingpackage.impl.factories.BuzzStringPrinterFactory,BuzzStringPrinterFactory/1[com.seriouscompany.business.java.fizzbuzz.packagenamingpackage.impl.printers.BuzzStringPrinter],true,22,2,0,0,0,1,0,4,0,0,1,0,0,0,0,0,0,0,0,0,1,0,0,0,0,0,5,1,0,true
c:\Users\arthur.menezes_evolu\Desktop\Pes\FizzBuzzEnterpriseEdition\src\main\java\com\seriouscompany\business\java\fizzbuzz\packagenamingpackage\interfaces\visitors\OutputGenerationContext.java,com.seriouscompany.business.java.fizzbuzz.packagenamingpackage.interfaces.visitors.OutputGenerationContext,getStrategy/0,false,11,1,1,1,0,1,0,1,0,0,0,0,0,0,0,0,0,0,0,0,0,0,0,0,0,0,5,1,0,true
c:\Users\arthur.menezes_evolu\Desktop\Pes\FizzBuzzEnterpriseEdition\src\main\java\com\seriouscompany\business\java\fizzbuzz\packagenamingpackage\interfaces\visitors\OutputGenerationContext.java,com.seriouscompany.business.java.fizzbuzz.packagenamingpackage.interfaces.visitors.OutputGenerationContext,getPrinter/0,false,16,1,1,1,0,1,0,1,0,0,0,0,0,0,0,0,0,0,0,0,0,0,0,0,0,0,3,1,0,true
c:\Users\arthur.menezes_evolu\Desktop\Pes\FizzBuzzEnterpriseEdition\src\main\java\com\seriouscompany\business\java\fizzbuzz\packagenamingpackage\impl\printers\NewLineStringPrinter.java,com.seriouscompany.business.java.fizzbuzz.packagenamingpackage.impl.printers.NewLineStringPrinter,"NewLineStringPrinter/2[com.seriouscompany.business.java.fizzbuzz.packagenamingpackage.impl.factories.NewLineStringReturnerFactory,com.seriouscompany.business.java.fizzbuzz.packagenamingpackage.impl.factories.SystemOutFizzBuzzOutputStrategyFactory]",true,28,3,0,0,0,1,0,5,0,0,2,0,0,0,0,0,0,0,0,0,2,0,0,0,0,0,14,1,0,true
c:\Users\arthur.menezes_evolu\Desktop\Pes\FizzBuzzEnterpriseEdition\src\main\java\com\seriouscompany\business\java\fizzbuzz\packagenamingpackage\impl\printers\NewLineStringPrinter.java,com.seriouscompany.business.java.fizzbuzz.packagenamingpackage.impl.printers.NewLineStringPrinter,print/0,false,37,4,6,1,5,1,4,6,0,3,0,4,0,0,0,0,0,0,0,0,3,0,0,0,0,0,14,1,0,true
c:\Users\arthur.menezes_evolu\Desktop\Pes\FizzBuzzEnterpriseEdition\src\main\java\com\seriouscompany\business\java\fizzbuzz\packagenamingpackage\impl\printers\NewLineStringPrinter.java,com.seriouscompany.business.java.fizzbuzz.packagenamingpackage.impl.printers.NewLineStringPrinter,printValue/1[java.lang.Object],false,52,1,1,0,1,1,1,3,0,0,1,1,1,1,0,0,0,0,0,0,0,0,0,0,0,0,4,1,0,true
c:\Users\arthur.menezes_evolu\Desktop\Pes\FizzBuzzEnterpriseEdition\src\main\java\com\seriouscompany\business\java\fizzbuzz\packagenamingpackage\interfaces\FizzBuzz.java,com.seriouscompany.business.java.fizzbuzz.packagenamingpackage.interfaces.FizzBuzz,fizzBuzz/1[int],false,8,0,2,2,0,1,0,1,0,0,1,0,0,0,0,0,0,0,0,0,0,0,0,0,0,0,6,0,0,true
c:\Users\arthur.menezes_evolu\Desktop\Pes\FizzBuzzEnterpriseEdition\src\main\java\com\seriouscompany\business\java\fizzbuzz\packagenamingpackage\interfaces\loop\LoopContextStateManipulation.java,com.seriouscompany.business.java.fizzbuzz.packagenamingpackage.interfaces.loop.LoopContextStateManipulation,proceed/0,false,18,0,1,1,0,1,0,1,0,0,0,0,0,0,0,0,0,0,0,0,0,0,0,0,0,0,1,1,0,true
c:\Users\arthur.menezes_evolu\Desktop\Pes\FizzBuzzEnterpriseEdition\src\main\java\com\seriouscompany\business\java\fizzbuzz\packagenamingpackage\interfaces\loop\LoopContextStateManipulation.java,com.seriouscompany.business.java.fizzbuzz.packagenamingpackage.interfaces.loop.LoopContextStateManipulation,start/0,false,8,0,1,1,0,1,0,1,0,0,0,0,0,0,0,0,0,0,0,0,0,0,0,0,0,0,1,1,0,true
c:\Users\arthur.menezes_evolu\Desktop\Pes\FizzBuzzEnterpriseEdition\src\main\java\com\seriouscompany\business\java\fizzbuzz\packagenamingpackage\interfaces\loop\LoopContextStateManipulation.java,com.seriouscompany.business.java.fizzbuzz.packagenamingpackage.interfaces.loop.LoopContextStateManipulation,shouldProceed/0,false,13,0,1,1,0,1,0,1,0,0,0,0,0,0,0,0,0,0,0,0,0,0,0,0,0,0,2,1,0,true
c:\Users\arthur.menezes_evolu\Desktop\Pes\FizzBuzzEnterpriseEdition\src\main\java\com\seriouscompany\business\java\fizzbuzz\packagenamingpackage\interfaces\factories\FizzBuzzSolutionStrategyFactory.java,com.seriouscompany.business.java.fizzbuzz.packagenamingpackage.interfaces.factories.FizzBuzzSolutionStrategyFactory,createFizzBuzzSolutionStrategy/0,false,10,1,1,1,0,1,0,1,0,0,0,0,0,0,0,0,0,0,0,0,0,0,0,0,0,0,5,1,0,true
c:\Users\arthur.menezes_evolu\Desktop\Pes\FizzBuzzEnterpriseEdition\src\main\java\com\seriouscompany\business\java\fizzbuzz\packagenamingpackage\impl\factories\FizzStringReturnerFactory.java,com.seriouscompany.business.java.fizzbuzz.packagenamingpackage.impl.factories.FizzStringReturnerFactory,createStringStringReturner/0,false,31,2,1,1,0,1,0,3,1,0,0,0,0,0,0,0,0,0,0,0,0,0,0,0,0,0,3,1,0,true
c:\Users\arthur.menezes_evolu\Desktop\Pes\FizzBuzzEnterpriseEdition\src\main\java\com\seriouscompany\business\java\fizzbuzz\packagenamingpackage\impl\factories\FizzStringReturnerFactory.java,com.seriouscompany.business.java.fizzbuzz.packagenamingpackage.impl.factories.FizzStringReturnerFactory,FizzStringReturnerFactory/1[com.seriouscompany.business.java.fizzbuzz.packagenamingpackage.impl.stringreturners.FizzStringReturner],true,22,2,0,0,0,1,0,4,0,0,1,0,0,0,0,0,0,0,0,0,1,0,0,0,0,0,5,1,0,true
c:\Users\arthur.menezes_evolu\Desktop\Pes\FizzBuzzEnterpriseEdition\src\main\java\com\seriouscompany\business\java\fizzbuzz\packagenamingpackage\impl\factories\NewLineStringPrinterFactory.java,com.seriouscompany.business.java.fizzbuzz.packagenamingpackage.impl.factories.NewLineStringPrinterFactory,createStringPrinter/0,false,31,2,1,1,0,1,0,3,1,0,0,0,0,0,0,0,0,0,0,0,0,0,0,0,0,0,3,1,0,true
c:\Users\arthur.menezes_evolu\Desktop\Pes\FizzBuzzEnterpriseEdition\src\main\java\com\seriouscompany\business\java\fizzbuzz\packagenamingpackage\impl\factories\NewLineStringPrinterFactory.java,com.seriouscompany.business.java.fizzbuzz.packagenamingpackage.impl.factories.NewLineStringPrinterFactory,NewLineStringPrinterFactory/1[com.seriouscompany.business.java.fizzbuzz.packagenamingpackage.impl.printers.NewLineStringPrinter],true,22,2,0,0,0,1,0,4,0,0,1,0,0,0,0,0,0,0,0,0,1,0,0,0,0,0,6,1,0,true
c:\Users\arthur.menezes_evolu\Desktop\Pes\FizzBuzzEnterpriseEdition\src\main\java\com\seriouscompany\business\java\fizzbuzz\packagenamingpackage\interfaces\strategies\OutputGenerationStrategy.java,com.seriouscompany.business.java.fizzbuzz.packagenamingpackage.interfaces.strategies.OutputGenerationStrategy,performGenerationForCurrentStep/1[com.seriouscompany.business.java.fizzbuzz.packagenamingpackage.interfaces.strategies.SingleStepOutputGenerationParameter],false,8,1,1,1,0,1,0,1,0,0,1,0,0,0,0,0,0,0,0,0,0,0,0,0,0,0,9,0,0,true
c:\Users\arthur.menezes_evolu\Desktop\Pes\FizzBuzzEnterpriseEdition\src\main\java\com\seriouscompany\business\java\fizzbuzz\packagenamingpackage\impl\strategies\constants\FizzStrategyConstants.java,com.seriouscompany.business.java.fizzbuzz.packagenamingpackage.impl.strategies.constants.FizzStrategyConstants,FizzStrategyConstants/0,true,11,0,0,0,0,1,0,2,0,0,0,0,0,0,0,0,0,0,0,0,0,0,0,0,0,0,3,2,0,false
c:\Users\arthur.menezes_evolu\Desktop\Pes\FizzBuzzEnterpriseEdition\src\main\java\com\seriouscompany\business\java\fizzbuzz\packagenamingpackage\interfaces\printers\IntegerPrinter.java,com.seriouscompany.business.java.fizzbuzz.packagenamingpackage.interfaces.printers.IntegerPrinter,printInteger/1[int],false,8,0,0,0,0,1,0,1,0,0,1,0,0,0,0,0,0,0,0,0,0,0,0,0,0,0,3,1,0,true
c:\Users\arthur.menezes_evolu\Desktop\Pes\FizzBuzzEnterpriseEdition\src\main\java\com\seriouscompany\business\java\fizzbuzz\packagenamingpackage\impl\strategies\constants\NoFizzNoBuzzStrategyConstants.java,com.seriouscompany.business.java.fizzbuzz.packagenamingpackage.impl.strategies.constants.NoFizzNoBuzzStrategyConstants,NoFizzNoBuzzStrategyConstants/0,true,11,0,0,0,0,1,0,2,0,0,0,0,0,0,0,0,0,0,0,0,0,0,0,0,0,0,5,2,0,false
c:\Users\arthur.menezes_evolu\Desktop\Pes\FizzBuzzEnterpriseEdition\src\main\java\com\seriouscompany\business\java\fizzbuzz\packagenamingpackage\impl\strategies\SingleStepPayload.java,com.seriouscompany.business.java.fizzbuzz.packagenamingpackage.impl.strategies.SingleStepPayload,SingleStepPayload/1[com.seriouscompany.business.java.fizzbuzz.packagenamingpackage.interfaces.strategies.OutputGenerationStrategy],true,23,2,0,0,0,1,0,4,0,0,1,0,0,0,0,0,0,0,0,0,1,0,0,0,0,0,7,1,0,true
c:\Users\arthur.menezes_evolu\Desktop\Pes\FizzBuzzEnterpriseEdition\src\main\java\com\seriouscompany\business\java\fizzbuzz\packagenamingpackage\impl\strategies\SingleStepPayload.java,com.seriouscompany.business.java.fizzbuzz.packagenamingpackage.impl.strategies.SingleStepPayload,runLoopPayload/1[com.seriouscompany.business.java.fizzbuzz.packagenamingpackage.interfaces.loop.LoopContextStateRetrieval],false,33,3,2,0,2,1,1,4,0,1,1,1,0,0,0,0,0,0,0,0,1,0,0,0,0,0,14,1,0,true
c:\Users\arthur.menezes_evolu\Desktop\Pes\FizzBuzzEnterpriseEdition\src\main\java\com\seriouscompany\business\java\fizzbuzz\packagenamingpackage\impl\loop\LoopContext.java,com.seriouscompany.business.java.fizzbuzz.packagenamingpackage.impl.loop.LoopContext,proceed/0,false,60,1,1,0,1,1,1,3,0,0,0,1,0,0,0,0,0,0,0,0,1,0,0,0,0,0,1,1,0,true
c:\Users\arthur.menezes_evolu\Desktop\Pes\FizzBuzzEnterpriseEdition\src\main\java\com\seriouscompany\business\java\fizzbuzz\packagenamingpackage\impl\loop\LoopContext.java,com.seriouscompany.business.java.fizzbuzz.packagenamingpackage.impl.loop.LoopContext,start/0,false,42,1,1,0,1,1,1,3,0,0,0,1,0,0,0,0,0,0,0,0,1,0,0,0,0,0,1,1,0,true
c:\Users\arthur.menezes_evolu\Desktop\Pes\FizzBuzzEnterpriseEdition\src\main\java\com\seriouscompany\business\java\fizzbuzz\packagenamingpackage\impl\loop\LoopContext.java,com.seriouscompany.business.java.fizzbuzz.packagenamingpackage.impl.loop.LoopContext,shouldProceed/0,false,51,2,2,0,2,1,2,3,1,0,0,2,0,0,0,0,0,0,0,0,0,0,0,0,0,0,2,1,0,true
c:\Users\arthur.menezes_evolu\Desktop\Pes\FizzBuzzEnterpriseEdition\src\main\java\com\seriouscompany\business\java\fizzbuzz\packagenamingpackage\impl\loop\LoopContext.java,com.seriouscompany.business.java.fizzbuzz.packagenamingpackage.impl.loop.LoopContext,LoopContext/1[int],true,26,4,5,1,4,1,6,10,0,2,1,6,0,0,0,0,0,1,0,0,6,0,0,0,0,0,16,1,0,true
c:\Users\arthur.menezes_evolu\Desktop\Pes\FizzBuzzEnterpriseEdition\src\main\java\com\seriouscompany\business\java\fizzbuzz\packagenamingpackage\impl\loop\LoopContext.java,com.seriouscompany.business.java.fizzbuzz.packagenamingpackage.impl.loop.LoopContext,getControlParameter/0,false,69,0,0,0,0,1,0,3,1,0,0,0,0,0,0,0,0,0,0,0,0,0,0,0,0,0,3,1,0,true
c:\Users\arthur.menezes_evolu\Desktop\Pes\FizzBuzzEnterpriseEdition\src\main\java\com\seriouscompany\business\java\fizzbuzz\packagenamingpackage\impl\strategies\comparators\doublecomparator\FirstIsSmallerThanSecondDoubleComparator.java,com.seriouscompany.business.java.fizzbuzz.packagenamingpackage.impl.strategies.comparators.doublecomparator.FirstIsSmallerThanSecondDoubleComparator,"FirstIsSmallerThanSecond/2[double,double]",false,16,0,1,1,0,2,0,8,2,0,2,0,0,0,0,0,0,0,0,0,0,0,1,0,0,0,11,1,0,true
c:\Users\arthur.menezes_evolu\Desktop\Pes\FizzBuzzEnterpriseEdition\src\main\java\com\seriouscompany\business\java\fizzbuzz\packagenamingpackage\interfaces\strategies\FizzBuzzSolutionStrategy.java,com.seriouscompany.business.java.fizzbuzz.packagenamingpackage.interfaces.strategies.FizzBuzzSolutionStrategy,runSolution/1[int],false,8,0,1,1,0,1,0,1,0,0,1,0,0,0,0,0,0,0,0,0,0,0,0,0,0,0,7,1,0,true
c:\Users\arthur.menezes_evolu\Desktop\Pes\FizzBuzzEnterpriseEdition\src\main\java\com\seriouscompany\business\java\fizzbuzz\packagenamingpackage\impl\printers\NewLinePrinter.java,com.seriouscompany.business.java.fizzbuzz.packagenamingpackage.impl.printers.NewLinePrinter,NewLinePrinter/1[com.seriouscompany.business.java.fizzbuzz.packagenamingpackage.impl.factories.SystemOutFizzBuzzOutputStrategyFactory],true,20,2,0,0,0,1,0,4,0,0,1,0,0,0,0,0,0,0,0,0,1,0,0,0,0,0,11,1,0,true
c:\Users\arthur.menezes_evolu\Desktop\Pes\FizzBuzzEnterpriseEdition\src\main\java\com\seriouscompany\business\java\fizzbuzz\packagenamingpackage\impl\stringreturners\IntegerIntegerStringReturner.java,com.seriouscompany.business.java.fizzbuzz.packagenamingpackage.impl.stringreturners.IntegerIntegerStringReturner,getIntegerReturnString/1[int],false,17,0,0,0,0,1,2,6,1,3,1,2,0,0,0,0,0,0,0,0,3,0,0,0,0,0,14,1,0,true
c:\Users\arthur.menezes_evolu\Desktop\Pes\FizzBuzzEnterpriseEdition\src\main\java\com\seriouscompany\business\java\fizzbuzz\packagenamingpackage\impl\factories\FizzStrategyFactory.java,com.seriouscompany.business.java.fizzbuzz.packagenamingpackage.impl.factories.FizzStrategyFactory,FizzStrategyFactory/1[com.seriouscompany.business.java.fizzbuzz.packagenamingpackage.impl.strategies.FizzStrategy],true,22,2,0,0,0,1,0,4,0,0,1,0,0,0,0,0,0,0,0,0,1,0,0,0,0,0,4,1,0,true
c:\Users\arthur.menezes_evolu\Desktop\Pes\FizzBuzzEnterpriseEdition\src\main\java\com\seriouscompany\business\java\fizzbuzz\packagenamingpackage\impl\factories\FizzStrategyFactory.java,com.seriouscompany.business.java.fizzbuzz.packagenamingpackage.impl.factories.FizzStrategyFactory,createIsEvenlyDivisibleStrategy/0,false,31,2,1,1,0,1,0,3,1,0,0,0,0,0,0,0,0,0,0,0,0,0,0,0,0,0,5,1,0,true
c:\Users\arthur.menezes_evolu\Desktop\Pes\FizzBuzzEnterpriseEdition\src\main\java\com\seriouscompany\business\java\fizzbuzz\packagenamingpackage\impl\visitors\FizzBuzzOutputGenerationContextVisitor.java,com.seriouscompany.business.java.fizzbuzz.packagenamingpackage.impl.visitors.FizzBuzzOutputGenerationContextVisitor,"visit/2[com.seriouscompany.business.java.fizzbuzz.packagenamingpackage.interfaces.visitors.OutputGenerationContext,int]",false,22,3,4,0,4,2,4,7,0,2,2,4,0,0,0,0,0,0,0,0,2,0,1,0,0,0,16,1,0,true
c:\Users\arthur.menezes_evolu\Desktop\Pes\FizzBuzzEnterpriseEdition\src\main\java\com\seriouscompany\business\java\fizzbuzz\packagenamingpackage\interfaces\strategies\SingleStepOutputGenerationParameter.java,com.seriouscompany.business.java.fizzbuzz.packagenamingpackage.interfaces.strategies.SingleStepOutputGenerationParameter,retrieveIntegerValue/0,false,8,0,1,1,0,1,0,1,0,0,0,0,0,0,0,0,0,0,0,0,0,0,0,0,0,0,3,1,0,true
c:\Users\arthur.menezes_evolu\Desktop\Pes\FizzBuzzEnterpriseEdition\src\main\java\com\seriouscompany\business\java\fizzbuzz\packagenamingpackage\interfaces\strategies\FizzBuzzExceptionSafeOutputStrategy.java,com.seriouscompany.business.java.fizzbuzz.packagenamingpackage.interfaces.strategies.FizzBuzzExceptionSafeOutputStrategy,output/1[java.lang.String],false,8,0,0,0,0,1,0,1,0,0,1,0,0,0,0,0,0,0,0,0,0,0,0,0,0,0,1,1,0,true
c:\Users\arthur.menezes_evolu\Desktop\Pes\FizzBuzzEnterpriseEdition\src\main\java\com\seriouscompany\business\java\fizzbuzz\packagenamingpackage\impl\factories\EnterpriseGradeFizzBuzzSolutionStrategyFactory.java,com.seriouscompany.business.java.fizzbuzz.packagenamingpackage.impl.factories.EnterpriseGradeFizzBuzzSolutionStrategyFactory,createFizzBuzzSolutionStrategy/0,false,30,1,0,0,0,1,0,3,1,0,0,0,0,0,0,0,0,0,0,0,0,0,0,0,0,0,5,1,0,true
c:\Users\arthur.menezes_evolu\Desktop\Pes\FizzBuzzEnterpriseEdition\src\main\java\com\seriouscompany\business\java\fizzbuzz\packagenamingpackage\impl\factories\EnterpriseGradeFizzBuzzSolutionStrategyFactory.java,com.seriouscompany.business.java.fizzbuzz.packagenamingpackage.impl.factories.EnterpriseGradeFizzBuzzSolutionStrategyFactory,EnterpriseGradeFizzBuzzSolutionStrategyFactory/1[com.seriouscompany.business.java.fizzbuzz.packagenamingpackage.interfaces.strategies.FizzBuzzSolutionStrategy],true,21,2,0,0,0,1,0,4,0,0,1,0,0,0,0,0,0,0,0,0,1,0,0,0,0,0,8,1,0,true
c:\Users\arthur.menezes_evolu\Desktop\Pes\FizzBuzzEnterpriseEdition\src\main\java\com\seriouscompany\business\java\fizzbuzz\packagenamingpackage\interfaces\factories\FizzBuzzOutputStrategyFactory.java,com.seriouscompany.business.java.fizzbuzz.packagenamingpackage.interfaces.factories.FizzBuzzOutputStrategyFactory,createOutputStrategy/0,false,10,1,0,0,0,1,0,1,0,0,0,0,0,0,0,0,0,0,0,0,0,0,0,0,0,0,5,1,0,true
c:\Users\arthur.menezes_evolu\Desktop\Pes\FizzBuzzEnterpriseEdition\src\main\java\com\seriouscompany\business\java\fizzbuzz\packagenamingpackage\interfaces\loop\LoopContextStateRetrieval.java,com.seriouscompany.business.java.fizzbuzz.packagenamingpackage.interfaces.loop.LoopContextStateRetrieval,getControlParameter/0,false,8,0,1,1,0,1,0,1,0,0,0,0,0,0,0,0,0,0,0,0,0,0,0,0,0,0,3,1,0,true
c:\Users\arthur.menezes_evolu\Desktop\Pes\FizzBuzzEnterpriseEdition\src\main\java\com\seriouscompany\business\java\fizzbuzz\packagenamingpackage\impl\printers\FizzPrinter.java,com.seriouscompany.business.java.fizzbuzz.packagenamingpackage.impl.printers.FizzPrinter,FizzPrinter/1[com.seriouscompany.business.java.fizzbuzz.packagenamingpackage.impl.factories.SystemOutFizzBuzzOutputStrategyFactory],true,20,2,0,0,0,1,0,4,0,0,1,0,0,0,0,0,0,0,0,0,1,0,0,0,0,0,9,1,0,true
c:\Users\arthur.menezes_evolu\Desktop\Pes\FizzBuzzEnterpriseEdition\src\main\java\com\seriouscompany\business\java\fizzbuzz\packagenamingpackage\impl\factories\NoFizzNoBuzzStrategyFactory.java,com.seriouscompany.business.java.fizzbuzz.packagenamingpackage.impl.factories.NoFizzNoBuzzStrategyFactory,NoFizzNoBuzzStrategyFactory/1[com.seriouscompany.business.java.fizzbuzz.packagenamingpackage.impl.strategies.NoFizzNoBuzzStrategy],true,23,2,0,0,0,1,0,4,0,0,1,0,0,0,0,0,0,0,0,0,1,0,0,0,0,0,6,1,0,true
c:\Users\arthur.menezes_evolu\Desktop\Pes\FizzBuzzEnterpriseEdition\src\main\java\com\seriouscompany\business\java\fizzbuzz\packagenamingpackage\impl\factories\NoFizzNoBuzzStrategyFactory.java,com.seriouscompany.business.java.fizzbuzz.packagenamingpackage.impl.factories.NoFizzNoBuzzStrategyFactory,createIsEvenlyDivisibleStrategy/0,false,32,2,1,1,0,1,0,3,1,0,0,0,0,0,0,0,0,0,0,0,0,0,0,0,0,0,5,1,0,true
c:\Users\arthur.menezes_evolu\Desktop\Pes\FizzBuzzEnterpriseEdition\src\main\java\com\seriouscompany\business\java\fizzbuzz\packagenamingpackage\impl\factories\SystemOutFizzBuzzOutputStrategyFactory.java,com.seriouscompany.business.java.fizzbuzz.packagenamingpackage.impl.factories.SystemOutFizzBuzzOutputStrategyFactory,SystemOutFizzBuzzOutputStrategyFactory/1[com.seriouscompany.business.java.fizzbuzz.packagenamingpackage.impl.strategies.SystemOutFizzBuzzOutputStrategy],true,23,2,0,0,0,1,0,4,0,0,1,0,0,0,0,0,0,0,0,0,1,0,0,0,0,0,8,1,0,true
c:\Users\arthur.menezes_evolu\Desktop\Pes\FizzBuzzEnterpriseEdition\src\main\java\com\seriouscompany\business\java\fizzbuzz\packagenamingpackage\impl\factories\SystemOutFizzBuzzOutputStrategyFactory.java,com.seriouscompany.business.java.fizzbuzz.packagenamingpackage.impl.factories.SystemOutFizzBuzzOutputStrategyFactory,createOutputStrategy/0,false,32,2,4,4,0,1,0,3,1,0,0,0,0,0,0,0,0,0,0,0,0,0,0,0,0,0,5,1,0,true
c:\Users\arthur.menezes_evolu\Desktop\Pes\FizzBuzzEnterpriseEdition\src\main\java\com\seriouscompany\business\java\fizzbuzz\packagenamingpackage\interfaces\loop\LoopPayloadExecution.java,com.seriouscompany.business.java.fizzbuzz.packagenamingpackage.interfaces.loop.LoopPayloadExecution,runLoopPayload/1[com.seriouscompany.business.java.fizzbuzz.packagenamingpackage.interfaces.loop.LoopContextStateRetrieval],false,8,1,1,1,0,1,0,1,0,0,1,0,0,0,0,0,0,0,0,0,0,0,0,0,0,0,7,1,0,true
c:\Users\arthur.menezes_evolu\Desktop\Pes\FizzBuzzEnterpriseEdition\src\main\java\com\seriouscompany\business\java\fizzbuzz\packagenamingpackage\interfaces\visitors\OutputGenerationContextVisitor.java,com.seriouscompany.business.java.fizzbuzz.packagenamingpackage.interfaces.visitors.OutputGenerationContextVisitor,"visit/2[com.seriouscompany.business.java.fizzbuzz.packagenamingpackage.interfaces.visitors.OutputGenerationContext,int]",false,8,1,1,1,0,1,0,1,0,0,2,0,0,0,0,0,0,0,0,0,0,0,0,0,0,0,7,1,0,true
c:\Users\arthur.menezes_evolu\Desktop\Pes\FizzBuzzEnterpriseEdition\src\main\java\com\seriouscompany\business\java\fizzbuzz\packagenamingpackage\impl\strategies\constants\BuzzStrategyConstants.java,com.seriouscompany.business.java.fizzbuzz.packagenamingpackage.impl.strategies.constants.BuzzStrategyConstants,BuzzStrategyConstants/0,true,11,0,0,0,0,1,0,2,0,0,0,0,0,0,0,0,0,0,0,0,0,0,0,0,0,0,3,2,0,false
c:\Users\arthur.menezes_evolu\Desktop\Pes\FizzBuzzEnterpriseEdition\src\main\java\com\seriouscompany\business\java\fizzbuzz\packagenamingpackage\impl\stringreturners\BuzzStringReturner.java,com.seriouscompany.business.java.fizzbuzz.packagenamingpackage.impl.stringreturners.BuzzStringReturner,getReturnString/0,false,16,0,0,0,0,1,1,5,1,2,0,1,0,0,0,0,0,0,0,0,2,0,0,0,0,0,5,1,0,true
c:\Users\arthur.menezes_evolu\Desktop\Pes\FizzBuzzEnterpriseEdition\src\main\java\com\seriouscompany\business\java\fizzbuzz\packagenamingpackage\impl\factories\FizzBuzzOutputGenerationContextVisitorFactory.java,com.seriouscompany.business.java.fizzbuzz.packagenamingpackage.impl.factories.FizzBuzzOutputGenerationContextVisitorFactory,createVisitor/0,false,33,2,1,1,0,1,0,3,1,0,0,0,0,0,0,0,0,0,0,0,0,0,0,0,0,0,5,1,0,true
c:\Users\arthur.menezes_evolu\Desktop\Pes\FizzBuzzEnterpriseEdition\src\main\java\com\seriouscompany\business\java\fizzbuzz\packagenamingpackage\impl\factories\FizzBuzzOutputGenerationContextVisitorFactory.java,com.seriouscompany.business.java.fizzbuzz.packagenamingpackage.impl.factories.FizzBuzzOutputGenerationContextVisitorFactory,FizzBuzzOutputGenerationContextVisitorFactory/1[com.seriouscompany.business.java.fizzbuzz.packagenamingpackage.impl.visitors.FizzBuzzOutputGenerationContextVisitor],true,24,2,0,0,0,1,0,4,0,0,1,0,0,0,0,0,0,0,0,0,1,0,0,0,0,0,8,1,0,true
c:\Users\arthur.menezes_evolu\Desktop\Pes\FizzBuzzEnterpriseEdition\src\main\java\com\seriouscompany\business\java\fizzbuzz\packagenamingpackage\impl\strategies\comparators\integercomparator\ThreeWayIntegerComparator.java,com.seriouscompany.business.java.fizzbuzz.packagenamingpackage.impl.strategies.comparators.integercomparator.ThreeWayIntegerComparator,"Compare/2[int,int]",false,20,1,2,2,0,4,0,14,3,0,2,0,0,0,0,1,0,0,0,0,0,0,1,0,0,0,12,9,0,true
c:\Users\arthur.menezes_evolu\Desktop\Pes\FizzBuzzEnterpriseEdition\src\main\java\com\seriouscompany\business\java\fizzbuzz\packagenamingpackage\impl\strategies\comparators\integercomparator\ThreeWayIntegerComparator.java,com.seriouscompany.business.java.fizzbuzz.packagenamingpackage.impl.strategies.comparators.integercomparator.ThreeWayIntegerComparator,ThreeWayIntegerComparator/0,true,13,0,0,0,0,1,0,2,0,0,0,0,0,0,0,0,0,0,0,0,0,0,0,0,0,0,4,2,0,false
c:\Users\arthur.menezes_evolu\Desktop\Pes\FizzBuzzEnterpriseEdition\src\main\java\com\seriouscompany\business\java\fizzbuzz\packagenamingpackage\impl\loop\LoopRunner.java,com.seriouscompany.business.java.fizzbuzz.packagenamingpackage.impl.loop.LoopRunner,"LoopRunner/3[com.seriouscompany.business.java.fizzbuzz.packagenamingpackage.interfaces.loop.LoopContextStateManipulation,com.seriouscompany.business.java.fizzbuzz.packagenamingpackage.interfaces.loop.LoopContextStateRetrieval,com.seriouscompany.business.java.fizzbuzz.packagenamingpackage.interfaces.loop.LoopPayloadExecution]",true,22,3,1,1,0,1,0,6,0,0,3,0,0,0,0,0,0,0,0,0,3,0,0,0,0,0,10,1,0,true
c:\Users\arthur.menezes_evolu\Desktop\Pes\FizzBuzzEnterpriseEdition\src\main\java\com\seriouscompany\business\java\fizzbuzz\packagenamingpackage\impl\loop\LoopRunner.java,com.seriouscompany.business.java.fizzbuzz.packagenamingpackage.impl.loop.LoopRunner,runLoop/0,false,32,2,5,1,4,2,4,5,0,0,0,4,0,0,1,0,0,0,0,0,0,0,1,0,0,0,2,1,0,true
c:\Users\arthur.menezes_evolu\Desktop\Pes\FizzBuzzEnterpriseEdition\src\main\java\com\seriouscompany\business\java\fizzbuzz\packagenamingpackage\impl\strategies\adapters\FizzBuzzOutputStrategyToFizzBuzzExceptionSafeOutputStrategyAdapter.java,com.seriouscompany.business.java.fizzbuzz.packagenamingpackage.impl.strategies.adapters.FizzBuzzOutputStrategyToFizzBuzzExceptionSafeOutputStrategyAdapter,FizzBuzzOutputStrategyToFizzBuzzExceptionSafeOutputStrategyAdapter/1[com.seriouscompany.business.java.fizzbuzz.packagenamingpackage.interfaces.strategies.FizzBuzzOutputStrategy],true,16,1,4,4,0,1,0,3,0,0,1,0,0,0,0,0,0,0,0,0,1,0,0,0,0,0,9,1,0,true
c:\Users\arthur.menezes_evolu\Desktop\Pes\FizzBuzzEnterpriseEdition\src\main\java\com\seriouscompany\business\java\fizzbuzz\packagenamingpackage\impl\strategies\adapters\FizzBuzzOutputStrategyToFizzBuzzExceptionSafeOutputStrategyAdapter.java,com.seriouscompany.business.java.fizzbuzz.packagenamingpackage.impl.strategies.adapters.FizzBuzzOutputStrategyToFizzBuzzExceptionSafeOutputStrategyAdapter,output/1[java.lang.String],false,25,1,5,4,1,3,1,9,0,0,1,1,0,0,0,0,1,0,0,0,0,0,1,0,0,0,10,1,0,true
c:\Users\arthur.menezes_evolu\Desktop\Pes\FizzBuzzEnterpriseEdition\src\main\java\com\seriouscompany\business\java\fizzbuzz\packagenamingpackage\impl\strategies\converters\primitivetypesconverters\IntToDoubleConverter.java,com.seriouscompany.business.java.fizzbuzz.packagenamingpackage.impl.strategies.converters.primitivetypesconverters.IntToDoubleConverter,IntToDoubleConverter/0,true,11,0,0,0,0,1,0,2,0,0,0,0,0,0,0,0,0,0,0,0,0,0,0,0,0,0,4,2,0,false
c:\Users\arthur.menezes_evolu\Desktop\Pes\FizzBuzzEnterpriseEdition\src\main\java\com\seriouscompany\business\java\fizzbuzz\packagenamingpackage\impl\strategies\converters\primitivetypesconverters\IntToDoubleConverter.java,com.seriouscompany.business.java.fizzbuzz.packagenamingpackage.impl.strategies.converters.primitivetypesconverters.IntToDoubleConverter,Convert/1[int],false,17,0,1,1,0,1,0,4,1,1,1,0,0,0,0,0,0,0,0,0,1,0,0,0,0,0,7,9,0,true
c:\Users\arthur.menezes_evolu\Desktop\Pes\FizzBuzzEnterpriseEdition\src\main\java\com\seriouscompany\business\java\fizzbuzz\packagenamingpackage\interfaces\parameters\FizzBuzzUpperLimitParameter.java,com.seriouscompany.business.java.fizzbuzz.packagenamingpackage.interfaces.parameters.FizzBuzzUpperLimitParameter,obtainUpperLimitValue/0,false,8,0,1,1,0,1,0,1,0,0,0,0,0,0,0,0,0,0,0,0,0,0,0,0,0,0,4,1,0,true
c:\Users\arthur.menezes_evolu\Desktop\Pes\FizzBuzzEnterpriseEdition\src\main\java\com\seriouscompany\business\java\fizzbuzz\packagenamingpackage\impl\factories\IntegerIntegerPrinterFactory.java,com.seriouscompany.business.java.fizzbuzz.packagenamingpackage.impl.factories.IntegerIntegerPrinterFactory,createPrinter/0,false,31,2,1,1,0,1,0,3,1,0,0,0,0,0,0,0,0,0,0,0,0,0,0,0,0,0,3,1,0,true
c:\Users\arthur.menezes_evolu\Desktop\Pes\FizzBuzzEnterpriseEdition\src\main\java\com\seriouscompany\business\java\fizzbuzz\packagenamingpackage\impl\factories\IntegerIntegerPrinterFactory.java,com.seriouscompany.business.java.fizzbuzz.packagenamingpackage.impl.factories.IntegerIntegerPrinterFactory,IntegerIntegerPrinterFactory/1[com.seriouscompany.business.java.fizzbuzz.packagenamingpackage.impl.printers.IntegerIntegerPrinter],true,22,2,0,0,0,1,0,4,0,0,1,0,0,0,0,0,0,0,0,0,1,0,0,0,0,0,4,1,0,true
c:\Users\arthur.menezes_evolu\Desktop\Pes\FizzBuzzEnterpriseEdition\src\main\java\com\seriouscompany\business\java\fizzbuzz\packagenamingpackage\impl\printers\IntegerPrinter.java,com.seriouscompany.business.java.fizzbuzz.packagenamingpackage.impl.printers.IntegerPrinter,IntegerPrinter/1[com.seriouscompany.business.java.fizzbuzz.packagenamingpackage.impl.factories.SystemOutFizzBuzzOutputStrategyFactory],true,20,2,0,0,0,1,0,4,0,0,1,0,0,0,0,0,0,0,0,0,1,0,0,0,0,0,10,1,0,true
c:\Users\arthur.menezes_evolu\Desktop\Pes\FizzBuzzEnterpriseEdition\src\main\java\com\seriouscompany\business\java\fizzbuzz\packagenamingpackage\impl\factories\NewLineStringReturnerFactory.java,com.seriouscompany.business.java.fizzbuzz.packagenamingpackage.impl.factories.NewLineStringReturnerFactory,NewLineStringReturnerFactory/1[com.seriouscompany.business.java.fizzbuzz.packagenamingpackage.impl.stringreturners.NewLineStringReturner],true,23,2,0,0,0,1,0,4,0,0,1,0,0,0,0,0,0,0,0,0,1,0,0,0,0,0,6,1,0,true
c:\Users\arthur.menezes_evolu\Desktop\Pes\FizzBuzzEnterpriseEdition\src\main\java\com\seriouscompany\business\java\fizzbuzz\packagenamingpackage\impl\factories\NewLineStringReturnerFactory.java,com.seriouscompany.business.java.fizzbuzz.packagenamingpackage.impl.factories.NewLineStringReturnerFactory,createStringStringReturner/0,false,32,2,1,1,0,1,0,3,1,0,0,0,0,0,0,0,0,0,0,0,0,0,0,0,0,0,3,1,0,true
c:\Users\arthur.menezes_evolu\Desktop\Pes\FizzBuzzEnterpriseEdition\src\main\java\com\seriouscompany\business\java\fizzbuzz\packagenamingpackage\impl\ApplicationContextHolder.java,com.seriouscompany.business.java.fizzbuzz.packagenamingpackage.impl.ApplicationContextHolder$ApplicationContextReferenceUpdater,updateApplicationContextReference/1[com.seriouscompany.business.java.fizzbuzz.packagenamingpackage.impl.ApplicationContext],false,20,1,1,1,0,1,0,3,0,0,1,0,0,0,0,0,0,0,0,0,1,0,0,0,0,0,5,0,0,false
c:\Users\arthur.menezes_evolu\Desktop\Pes\FizzBuzzEnterpriseEdition\src\main\java\com\seriouscompany\business\java\fizzbuzz\packagenamingpackage\impl\factories\LoopComponentFactory.java,com.seriouscompany.business.java.fizzbuzz.packagenamingpackage.impl.factories.LoopComponentFactory,"LoopComponentFactory/3[com.seriouscompany.business.java.fizzbuzz.packagenamingpackage.impl.loop.LoopCondition,com.seriouscompany.business.java.fizzbuzz.packagenamingpackage.impl.loop.LoopInitializer,com.seriouscompany.business.java.fizzbuzz.packagenamingpackage.impl.loop.LoopStep]",true,30,4,0,0,0,1,0,6,0,0,3,0,0,0,0,0,0,0,0,0,3,0,0,0,0,0,7,1,0,true
c:\Users\arthur.menezes_evolu\Desktop\Pes\FizzBuzzEnterpriseEdition\src\main\java\com\seriouscompany\business\java\fizzbuzz\packagenamingpackage\impl\factories\LoopComponentFactory.java,com.seriouscompany.business.java.fizzbuzz.packagenamingpackage.impl.factories.LoopComponentFactory,createLoopFinalizer/1[int],false,55,1,2,1,1,1,0,4,1,1,1,0,0,0,0,0,0,0,0,0,1,0,0,0,0,0,7,1,0,true
c:\Users\arthur.menezes_evolu\Desktop\Pes\FizzBuzzEnterpriseEdition\src\main\java\com\seriouscompany\business\java\fizzbuzz\packagenamingpackage\impl\factories\LoopComponentFactory.java,com.seriouscompany.business.java.fizzbuzz.packagenamingpackage.impl.factories.LoopComponentFactory,createLoopCondition/0,false,40,1,1,1,0,1,0,3,1,0,0,0,0,0,0,0,0,0,0,0,0,0,0,0,0,0,3,1,0,true
c:\Users\arthur.menezes_evolu\Desktop\Pes\FizzBuzzEnterpriseEdition\src\main\java\com\seriouscompany\business\java\fizzbuzz\packagenamingpackage\impl\factories\LoopComponentFactory.java,com.seriouscompany.business.java.fizzbuzz.packagenamingpackage.impl.factories.LoopComponentFactory,createLoopInitializer/0,false,47,1,1,1,0,1,0,3,1,0,0,0,0,0,0,0,0,0,0,0,0,0,0,0,0,0,3,1,0,true
c:\Users\arthur.menezes_evolu\Desktop\Pes\FizzBuzzEnterpriseEdition\src\main\java\com\seriouscompany\business\java\fizzbuzz\packagenamingpackage\impl\factories\LoopComponentFactory.java,com.seriouscompany.business.java.fizzbuzz.packagenamingpackage.impl.factories.LoopComponentFactory,createLoopStep/0,false,63,1,1,1,0,1,0,3,1,0,0,0,0,0,0,0,0,0,0,0,0,0,0,0,0,0,3,1,0,true
c:\Users\arthur.menezes_evolu\Desktop\Pes\FizzBuzzEnterpriseEdition\src\main\java\com\seriouscompany\business\java\fizzbuzz\packagenamingpackage\impl\factories\FizzStringPrinterFactory.java,com.seriouscompany.business.java.fizzbuzz.packagenamingpackage.impl.factories.FizzStringPrinterFactory,FizzStringPrinterFactory/1[com.seriouscompany.business.java.fizzbuzz.packagenamingpackage.impl.printers.FizzStringPrinter],true,22,2,0,0,0,1,0,4,0,0,1,0,0,0,0,0,0,0,0,0,1,0,0,0,0,0,5,1,0,true
c:\Users\arthur.menezes_evolu\Desktop\Pes\FizzBuzzEnterpriseEdition\src\main\java\com\seriouscompany\business\java\fizzbuzz\packagenamingpackage\impl\factories\FizzStringPrinterFactory.java,com.seriouscompany.business.java.fizzbuzz.packagenamingpackage.impl.factories.FizzStringPrinterFactory,createStringPrinter/0,false,31,2,1,1,0,1,0,3,1,0,0,0,0,0,0,0,0,0,0,0,0,0,0,0,0,0,3,1,0,true
c:\Users\arthur.menezes_evolu\Desktop\Pes\FizzBuzzEnterpriseEdition\src\main\java\com\seriouscompany\business\java\fizzbuzz\packagenamingpackage\impl\stringreturners\NewLineStringReturner.java,com.seriouscompany.business.java.fizzbuzz.packagenamingpackage.impl.stringreturners.NewLineStringReturner,getReturnString/0,false,16,0,0,0,0,1,2,6,1,3,0,2,0,0,0,0,0,0,0,0,3,0,0,0,0,0,9,1,0,true
c:\Users\arthur.menezes_evolu\Desktop\Pes\FizzBuzzEnterpriseEdition\src\main\java\com\seriouscompany\business\java\fizzbuzz\packagenamingpackage\impl\strategies\SingleStepOutputGenerationStrategy.java,com.seriouscompany.business.java.fizzbuzz.packagenamingpackage.impl.strategies.SingleStepOutputGenerationStrategy,"SingleStepOutputGenerationStrategy/8[com.seriouscompany.business.java.fizzbuzz.packagenamingpackage.impl.factories.FizzBuzzOutputGenerationContextVisitorFactory,com.seriouscompany.business.java.fizzbuzz.packagenamingpackage.impl.factories.FizzStrategyFactory,com.seriouscompany.business.java.fizzbuzz.packagenamingpackage.impl.factories.FizzStringPrinterFactory,com.seriouscompany.business.java.fizzbuzz.packagenamingpackage.impl.factories.BuzzStrategyFactory,com.seriouscompany.business.java.fizzbuzz.packagenamingpackage.impl.factories.BuzzStringPrinterFactory,com.seriouscompany.business.java.fizzbuzz.packagenamingpackage.impl.factories.NoFizzNoBuzzStrategyFactory,com.seriouscompany.business.java.fizzbuzz.packagenamingpackage.impl.factories.IntegerIntegerPrinterFactory,com.seriouscompany.business.java.fizzbuzz.packagenamingpackage.impl.factories.NewLineStringPrinterFactory]",true,47,11,9,0,9,1,9,9,0,0,8,9,0,0,0,0,0,0,0,0,3,0,0,0,0,0,21,1,0,true
c:\Users\arthur.menezes_evolu\Desktop\Pes\FizzBuzzEnterpriseEdition\src\main\java\com\seriouscompany\business\java\fizzbuzz\packagenamingpackage\impl\strategies\SingleStepOutputGenerationStrategy.java,com.seriouscompany.business.java.fizzbuzz.packagenamingpackage.impl.strategies.SingleStepOutputGenerationStrategy,performGenerationForCurrentStep/1[com.seriouscompany.business.java.fizzbuzz.packagenamingpackage.interfaces.strategies.SingleStepOutputGenerationParameter],false,66,4,3,0,3,2,6,9,0,3,1,6,0,0,1,0,0,0,0,0,3,0,1,0,0,0,13,1,0,true
c:\Users\arthur.menezes_evolu\Desktop\Pes\FizzBuzzEnterpriseEdition\src\main\java\com\seriouscompany\business\java\fizzbuzz\packagenamingpackage\impl\strategies\EnterpriseGradeFizzBuzzSolutionStrategy.java,com.seriouscompany.business.java.fizzbuzz.packagenamingpackage.impl.strategies.EnterpriseGradeFizzBuzzSolutionStrategy,EnterpriseGradeFizzBuzzSolutionStrategy/1[com.seriouscompany.business.java.fizzbuzz.packagenamingpackage.interfaces.loop.LoopPayloadExecution],true,23,2,0,0,0,1,0,4,0,0,1,0,0,0,0,0,0,0,0,0,1,0,0,0,0,0,10,1,0,true
c:\Users\arthur.menezes_evolu\Desktop\Pes\FizzBuzzEnterpriseEdition\src\main\java\com\seriouscompany\business\java\fizzbuzz\packagenamingpackage\impl\strategies\EnterpriseGradeFizzBuzzSolutionStrategy.java,com.seriouscompany.business.java.fizzbuzz.packagenamingpackage.impl.strategies.EnterpriseGradeFizzBuzzSolutionStrategy,runSolution/1[int],false,33,2,3,0,3,1,1,5,0,2,1,1,0,0,0,0,0,0,0,0,2,0,0,0,0,0,11,1,0,true
c:\Users\arthur.menezes_evolu\Desktop\Pes\FizzBuzzEnterpriseEdition\src\main\java\com\seriouscompany\business\java\fizzbuzz\packagenamingpackage\impl\visitors\FizzBuzzOutputGenerationContext.java,com.seriouscompany.business.java.fizzbuzz.packagenamingpackage.impl.visitors.FizzBuzzOutputGenerationContext,getPrinter/0,false,30,1,0,0,0,1,0,3,1,0,0,0,0,0,0,0,0,0,0,0,0,0,0,0,0,0,3,1,0,true
c:\Users\arthur.menezes_evolu\Desktop\Pes\FizzBuzzEnterpriseEdition\src\main\java\com\seriouscompany\business\java\fizzbuzz\packagenamingpackage\impl\visitors\FizzBuzzOutputGenerationContext.java,com.seriouscompany.business.java.fizzbuzz.packagenamingpackage.impl.visitors.FizzBuzzOutputGenerationContext,"FizzBuzzOutputGenerationContext/2[com.seriouscompany.business.java.fizzbuzz.packagenamingpackage.interfaces.strategies.IsEvenlyDivisibleStrategy,com.seriouscompany.business.java.fizzbuzz.packagenamingpackage.interfaces.printers.DataPrinter]",true,20,2,1,1,0,1,0,5,0,0,2,0,0,0,0,0,0,0,0,0,2,0,0,0,0,0,13,1,0,true
c:\Users\arthur.menezes_evolu\Desktop\Pes\FizzBuzzEnterpriseEdition\src\main\java\com\seriouscompany\business\java\fizzbuzz\packagenamingpackage\impl\visitors\FizzBuzzOutputGenerationContext.java,com.seriouscompany.business.java.fizzbuzz.packagenamingpackage.impl.visitors.FizzBuzzOutputGenerationContext,getStrategy/0,false,38,1,0,0,0,1,0,3,1,0,0,0,0,0,0,0,0,0,0,0,0,0,0,0,0,0,5,1,0,true
c:\Users\arthur.menezes_evolu\Desktop\Pes\FizzBuzzEnterpriseEdition\src\main\java\com\seriouscompany\business\java\fizzbuzz\packagenamingpackage\impl\strategies\FizzStrategy.java,com.seriouscompany.business.java.fizzbuzz.packagenamingpackage.impl.strategies.FizzStrategy,isEvenlyDivisible/1[int],false,19,1,1,0,1,2,1,8,2,0,1,1,0,0,0,0,0,0,0,0,0,0,1,0,0,0,7,1,0,true
c:\Users\arthur.menezes_evolu\Desktop\Pes\FizzBuzzEnterpriseEdition\src\main\java\com\seriouscompany\business\java\fizzbuzz\packagenamingpackage\impl\strategies\NoFizzNoBuzzStrategy.java,com.seriouscompany.business.java.fizzbuzz.packagenamingpackage.impl.strategies.NoFizzNoBuzzStrategy,isEvenlyDivisible/1[int],false,19,1,1,0,1,5,1,21,5,0,1,1,0,0,0,0,0,0,0,0,0,0,2,0,0,0,7,1,0,true
c:\Users\arthur.menezes_evolu\Desktop\Pes\FizzBuzzEnterpriseEdition\src\main\java\com\seriouscompany\business\java\fizzbuzz\packagenamingpackage\interfaces\stringreturners\IntegerStringReturner.java,com.seriouscompany.business.java.fizzbuzz.packagenamingpackage.interfaces.stringreturners.IntegerStringReturner,getIntegerReturnString/1[int],false,8,0,1,1,0,1,0,1,0,0,1,0,0,0,0,0,0,0,0,0,0,0,0,0,0,0,5,1,0,true
c:\Users\arthur.menezes_evolu\Desktop\Pes\FizzBuzzEnterpriseEdition\src\main\java\com\seriouscompany\business\java\fizzbuzz\packagenamingpackage\impl\strategies\BuzzStrategy.java,com.seriouscompany.business.java.fizzbuzz.packagenamingpackage.impl.strategies.BuzzStrategy,isEvenlyDivisible/1[int],false,19,1,1,0,1,2,1,8,2,0,1,1,0,0,0,0,0,0,0,0,0,0,1,0,0,0,7,1,0,true
c:\Users\arthur.menezes_evolu\Desktop\Pes\FizzBuzzEnterpriseEdition\src\main\java\com\seriouscompany\business\java\fizzbuzz\packagenamingpackage\impl\strategies\comparators\doublecomparator\FirstIsLargerThanSecondDoubleComparator.java,com.seriouscompany.business.java.fizzbuzz.packagenamingpackage.impl.strategies.comparators.doublecomparator.FirstIsLargerThanSecondDoubleComparator,"FirstIsLargerThanSecond/2[double,double]",false,16,0,1,1,0,2,0,8,2,0,2,0,0,0,0,0,0,0,0,0,0,0,1,0,0,0,11,1,0,true
c:\Users\arthur.menezes_evolu\Desktop\Pes\FizzBuzzEnterpriseEdition\src\main\java\com\seriouscompany\business\java\fizzbuzz\packagenamingpackage\impl\parameters\DefaultFizzBuzzUpperLimitParameter.java,com.seriouscompany.business.java.fizzbuzz.packagenamingpackage.impl.parameters.DefaultFizzBuzzUpperLimitParameter,DefaultFizzBuzzUpperLimitParameter/1[int],true,24,0,0,0,0,1,0,4,0,0,1,0,0,0,0,0,0,0,0,0,1,0,0,0,0,0,8,1,0,true
c:\Users\arthur.menezes_evolu\Desktop\Pes\FizzBuzzEnterpriseEdition\src\main\java\com\seriouscompany\business\java\fizzbuzz\packagenamingpackage\impl\parameters\DefaultFizzBuzzUpperLimitParameter.java,com.seriouscompany.business.java.fizzbuzz.packagenamingpackage.impl.parameters.DefaultFizzBuzzUpperLimitParameter,obtainUpperLimitValue/0,false,32,0,0,0,0,1,0,3,1,0,0,0,0,0,0,0,0,0,0,0,0,0,0,0,0,0,4,1,0,true
c:\Users\arthur.menezes_evolu\Desktop\Pes\FizzBuzzEnterpriseEdition\src\main\java\com\seriouscompany\business\java\fizzbuzz\packagenamingpackage\impl\parameters\DefaultFizzBuzzUpperLimitParameter.java,com.seriouscompany.business.java.fizzbuzz.packagenamingpackage.impl.parameters.DefaultFizzBuzzUpperLimitParameter,DefaultFizzBuzzUpperLimitParameter/0,true,16,0,1,1,0,1,0,4,0,0,0,0,0,0,0,0,0,0,0,0,1,0,0,0,0,0,6,1,0,true
c:\Users\arthur.menezes_evolu\Desktop\Pes\FizzBuzzEnterpriseEdition\src\main\java\com\seriouscompany\business\java\fizzbuzz\packagenamingpackage\impl\printers\FizzStringPrinter.java,com.seriouscompany.business.java.fizzbuzz.packagenamingpackage.impl.printers.FizzStringPrinter,print/0,false,37,4,6,1,5,1,4,5,0,2,0,4,0,0,0,0,0,0,0,0,2,0,0,0,0,0,12,1,0,true
c:\Users\arthur.menezes_evolu\Desktop\Pes\FizzBuzzEnterpriseEdition\src\main\java\com\seriouscompany\business\java\fizzbuzz\packagenamingpackage\impl\printers\FizzStringPrinter.java,com.seriouscompany.business.java.fizzbuzz.packagenamingpackage.impl.printers.FizzStringPrinter,"FizzStringPrinter/2[com.seriouscompany.business.java.fizzbuzz.packagenamingpackage.impl.factories.FizzStringReturnerFactory,com.seriouscompany.business.java.fizzbuzz.packagenamingpackage.impl.factories.SystemOutFizzBuzzOutputStrategyFactory]",true,28,3,0,0,0,1,0,5,0,0,2,0,0,0,0,0,0,0,0,0,2,0,0,0,0,0,12,1,0,true
c:\Users\arthur.menezes_evolu\Desktop\Pes\FizzBuzzEnterpriseEdition\src\main\java\com\seriouscompany\business\java\fizzbuzz\packagenamingpackage\impl\printers\FizzStringPrinter.java,com.seriouscompany.business.java.fizzbuzz.packagenamingpackage.impl.printers.FizzStringPrinter,printValue/1[java.lang.Object],false,51,1,1,0,1,1,1,3,0,0,1,1,1,1,0,0,0,0,0,0,0,0,0,0,0,0,4,1,0,true
c:\Users\arthur.menezes_evolu\Desktop\Pes\FizzBuzzEnterpriseEdition\src\main\java\com\seriouscompany\business\java\fizzbuzz\packagenamingpackage\interfaces\printers\DataPrinter.java,com.seriouscompany.business.java.fizzbuzz.packagenamingpackage.interfaces.printers.DataPrinter,print/0,false,8,0,0,0,0,1,0,1,0,0,0,0,0,0,0,0,0,0,0,0,0,0,0,0,0,0,1,1,0,true
c:\Users\arthur.menezes_evolu\Desktop\Pes\FizzBuzzEnterpriseEdition\src\main\java\com\seriouscompany\business\java\fizzbuzz\packagenamingpackage\interfaces\printers\DataPrinter.java,com.seriouscompany.business.java.fizzbuzz.packagenamingpackage.interfaces.printers.DataPrinter,printValue/1[java.lang.Object],false,13,0,1,1,0,1,0,1,0,0,1,0,0,0,0,0,0,0,0,0,0,0,0,0,0,0,4,1,0,true
c:\Users\arthur.menezes_evolu\Desktop\Pes\FizzBuzzEnterpriseEdition\src\main\java\com\seriouscompany\business\java\fizzbuzz\packagenamingpackage\impl\factories\IntegerIntegerStringReturnerFactory.java,com.seriouscompany.business.java.fizzbuzz.packagenamingpackage.impl.factories.IntegerIntegerStringReturnerFactory,createIntegerStringReturner/0,false,32,2,1,1,0,1,0,3,1,0,0,0,0,0,0,0,0,0,0,0,0,0,0,0,0,0,4,1,0,true
c:\Users\arthur.menezes_evolu\Desktop\Pes\FizzBuzzEnterpriseEdition\src\main\java\com\seriouscompany\business\java\fizzbuzz\packagenamingpackage\impl\factories\IntegerIntegerStringReturnerFactory.java,com.seriouscompany.business.java.fizzbuzz.packagenamingpackage.impl.factories.IntegerIntegerStringReturnerFactory,IntegerIntegerStringReturnerFactory/1[com.seriouscompany.business.java.fizzbuzz.packagenamingpackage.impl.stringreturners.IntegerIntegerStringReturner],true,23,2,0,0,0,1,0,4,0,0,1,0,0,0,0,0,0,0,0,0,1,0,0,0,0,0,5,1,0,true
c:\Users\arthur.menezes_evolu\Desktop\Pes\FizzBuzzEnterpriseEdition\src\main\java\com\seriouscompany\business\java\fizzbuzz\packagenamingpackage\impl\loop\LoopStep.java,com.seriouscompany.business.java.fizzbuzz.packagenamingpackage.impl.loop.LoopStep,stepLoop/1[int],false,17,0,1,1,0,1,0,3,1,0,1,0,0,0,0,0,0,0,0,0,0,1,0,0,0,0,5,1,0,true
c:\Users\arthur.menezes_evolu\Desktop\Pes\FizzBuzzEnterpriseEdition\src\test\java\FizzBuzzTest.java,FizzBuzzTest,setUp/0,false,29,5,0,0,0,1,2,6,0,1,0,2,0,0,0,0,0,1,0,0,3,0,0,0,0,0,11,1,0,true
c:\Users\arthur.menezes_evolu\Desktop\Pes\FizzBuzzEnterpriseEdition\src\test\java\FizzBuzzTest.java,FizzBuzzTest,"doFizzBuzz/2[int,java.lang.String]",false,49,1,2,1,1,1,7,9,0,3,2,7,0,0,0,0,0,0,2,0,3,0,0,0,0,0,22,2,0,true
c:\Users\arthur.menezes_evolu\Desktop\Pes\FizzBuzzEnterpriseEdition\src\test\java\FizzBuzzTest.java,FizzBuzzTest,testFizzBuzz/0,false,66,2,1,0,1,1,1,18,0,0,0,1,1,1,0,0,0,0,0,0,0,0,0,0,0,0,6,1,0,true
c:\Users\arthur.menezes_evolu\Desktop\Pes\FizzBuzzEnterpriseEdition\src\test\java\FizzBuzzTest.java,FizzBuzzTest,tearDown/0,false,40,1,0,0,0,1,1,3,0,0,0,1,0,0,0,0,0,0,0,0,0,0,0,0,0,0,2,1,0,true
c:\Users\arthur.menezes_evolu\Desktop\Pes\FizzBuzzEnterpriseEdition\src\main\java\com\seriouscompany\business\java\fizzbuzz\packagenamingpackage\impl\strategies\SystemOutFizzBuzzOutputStrategy.java,com.seriouscompany.business.java.fizzbuzz.packagenamingpackage.impl.strategies.SystemOutFizzBuzzOutputStrategy,output/1[java.lang.String],false,21,0,0,0,0,1,3,4,0,0,1,3,0,0,0,0,0,0,0,0,0,0,0,0,0,0,4,1,0,true
c:\Users\arthur.menezes_evolu\Desktop\Pes\FizzBuzzEnterpriseEdition\src\main\java\com\seriouscompany\business\java\fizzbuzz\packagenamingpackage\impl\math\arithmetics\NumberIsMultipleOfAnotherNumberVerifier.java,com.seriouscompany.business.java.fizzbuzz.packagenamingpackage.impl.math.arithmetics.NumberIsMultipleOfAnotherNumberVerifier,"numberIsMultipleOfAnotherNumber/2[int,int]",false,38,2,5,3,2,3,2,15,3,2,2,2,0,0,0,0,1,1,0,0,2,1,2,0,0,0,20,9,0,true
c:\Users\arthur.menezes_evolu\Desktop\Pes\FizzBuzzEnterpriseEdition\src\main\java\com\seriouscompany\business\java\fizzbuzz\packagenamingpackage\impl\math\arithmetics\NumberIsMultipleOfAnotherNumberVerifier.java,com.seriouscompany.business.java.fizzbuzz.packagenamingpackage.impl.math.arithmetics.NumberIsMultipleOfAnotherNumberVerifier,init/0,false,27,4,1,0,1,1,2,4,0,1,0,2,0,0,0,0,0,0,0,0,2,0,0,0,0,0,4,1,0,true
c:\Users\arthur.menezes_evolu\Desktop\Pes\FizzBuzzEnterpriseEdition\src\main\java\com\seriouscompany\business\java\fizzbuzz\packagenamingpackage\impl\ApplicationContextHolder.java,com.seriouscompany.business.java.fizzbuzz.packagenamingpackage.impl.ApplicationContextHolder,ApplicationContextHolder/0,true,32,0,0,0,0,1,0,3,0,0,0,0,0,0,0,0,0,0,0,0,0,0,0,0,0,0,3,2,0,false
c:\Users\arthur.menezes_evolu\Desktop\Pes\FizzBuzzEnterpriseEdition\src\main\java\com\seriouscompany\business\java\fizzbuzz\packagenamingpackage\impl\ApplicationContextHolder.java,com.seriouscompany.business.java.fizzbuzz.packagenamingpackage.impl.ApplicationContextHolder,setApplicationContext/1[com.seriouscompany.business.java.fizzbuzz.packagenamingpackage.impl.ApplicationContext],false,41,2,1,0,1,1,1,3,0,0,1,1,0,0,0,0,0,0,0,0,0,0,0,0,0,0,6,1,0,true
c:\Users\arthur.menezes_evolu\Desktop\Pes\FizzBuzzEnterpriseEdition\src\main\java\com\seriouscompany\business\java\fizzbuzz\packagenamingpackage\impl\ApplicationContextHolder.java,com.seriouscompany.business.java.fizzbuzz.packagenamingpackage.impl.ApplicationContextHolder,getApplicationContext/0,false,48,1,1,1,0,1,0,3,1,0,0,0,0,0,0,0,0,0,0,0,0,0,0,0,0,0,3,9,0,true
c:\Users\arthur.menezes_evolu\Desktop\Pes\FizzBuzzEnterpriseEdition\src\main\java\com\seriouscompany\business\java\fizzbuzz\packagenamingpackage\impl\strategies\comparators\integercomparator\IntegerForEqualityComparator.java,com.seriouscompany.business.java.fizzbuzz.packagenamingpackage.impl.strategies.comparators.integercomparator.IntegerForEqualityComparator,"areTwoIntegersEqual/2[int,int]",false,18,2,3,2,1,2,1,9,2,1,2,1,0,0,0,1,0,0,0,0,1,0,1,0,0,0,15,9,0,true
c:\Users\arthur.menezes_evolu\Desktop\Pes\FizzBuzzEnterpriseEdition\src\main\java\com\seriouscompany\business\java\fizzbuzz\packagenamingpackage\impl\strategies\comparators\integercomparator\IntegerForEqualityComparator.java,com.seriouscompany.business.java.fizzbuzz.packagenamingpackage.impl.strategies.comparators.integercomparator.IntegerForEqualityComparator,IntegerForEqualityComparator/0,true,11,0,0,0,0,1,0,2,0,0,0,0,0,0,0,0,0,0,0,0,0,0,0,0,0,0,4,2,0,false
c:\Users\arthur.menezes_evolu\Desktop\Pes\FizzBuzzEnterpriseEdition\src\test\java\TestConstants.java,TestConstants,TestConstants/0,true,6,0,0,0,0,1,0,3,0,0,0,0,0,0,0,0,0,0,0,0,0,0,0,0,0,0,2,2,0,false
c:\Users\arthur.menezes_evolu\Desktop\Pes\FizzBuzzEnterpriseEdition\src\main\java\com\seriouscompany\business\java\fizzbuzz\packagenamingpackage\interfaces\factories\IntegerStringReturnerFactory.java,com.seriouscompany.business.java.fizzbuzz.packagenamingpackage.interfaces.factories.IntegerStringReturnerFactory,createIntegerStringReturner/0,false,10,1,0,0,0,1,0,1,0,0,0,0,0,0,0,0,0,0,0,0,0,0,0,0,0,0,4,1,0,true
c:\Users\arthur.menezes_evolu\Desktop\Pes\FizzBuzzEnterpriseEdition\src\main\java\com\seriouscompany\business\java\fizzbuzz\packagenamingpackage\impl\printers\IntegerIntegerPrinter.java,com.seriouscompany.business.java.fizzbuzz.packagenamingpackage.impl.printers.IntegerIntegerPrinter,printInteger/1[int],false,37,4,6,1,5,1,4,6,0,3,1,4,0,0,0,0,0,0,0,0,3,0,0,0,0,0,14,1,0,true
c:\Users\arthur.menezes_evolu\Desktop\Pes\FizzBuzzEnterpriseEdition\src\main\java\com\seriouscompany\business\java\fizzbuzz\packagenamingpackage\impl\printers\IntegerIntegerPrinter.java,com.seriouscompany.business.java.fizzbuzz.packagenamingpackage.impl.printers.IntegerIntegerPrinter,printValue/1[java.lang.Object],false,61,1,1,0,1,1,1,3,0,0,1,1,1,1,0,0,0,0,0,0,0,0,0,0,0,0,5,1,0,true
c:\Users\arthur.menezes_evolu\Desktop\Pes\FizzBuzzEnterpriseEdition\src\main\java\com\seriouscompany\business\java\fizzbuzz\packagenamingpackage\impl\printers\IntegerIntegerPrinter.java,com.seriouscompany.business.java.fizzbuzz.packagenamingpackage.impl.printers.IntegerIntegerPrinter,print/0,false,52,0,0,0,0,1,0,3,0,0,0,0,0,0,0,0,0,0,0,0,0,0,0,0,0,0,4,1,0,true
c:\Users\arthur.menezes_evolu\Desktop\Pes\FizzBuzzEnterpriseEdition\src\main\java\com\seriouscompany\business\java\fizzbuzz\packagenamingpackage\impl\printers\IntegerIntegerPrinter.java,com.seriouscompany.business.java.fizzbuzz.packagenamingpackage.impl.printers.IntegerIntegerPrinter,"IntegerIntegerPrinter/2[com.seriouscompany.business.java.fizzbuzz.packagenamingpackage.impl.factories.IntegerIntegerStringReturnerFactory,com.seriouscompany.business.java.fizzbuzz.packagenamingpackage.impl.factories.SystemOutFizzBuzzOutputStrategyFactory]",true,28,3,0,0,0,1,0,5,0,0,2,0,0,0,0,0,0,0,0,0,2,0,0,0,0,0,13,1,0,true
c:\Users\arthur.menezes_evolu\Desktop\Pes\FizzBuzzEnterpriseEdition\src\main\java\com\seriouscompany\business\java\fizzbuzz\packagenamingpackage\impl\strategies\adapters\LoopContextStateRetrievalToSingleStepOutputGenerationAdapter.java,com.seriouscompany.business.java.fizzbuzz.packagenamingpackage.impl.strategies.adapters.LoopContextStateRetrievalToSingleStepOutputGenerationAdapter,retrieveIntegerValue/0,false,26,1,1,0,1,1,1,3,1,0,0,1,0,0,0,0,0,0,0,0,0,0,0,0,0,0,3,1,0,true
c:\Users\arthur.menezes_evolu\Desktop\Pes\FizzBuzzEnterpriseEdition\src\main\java\com\seriouscompany\business\java\fizzbuzz\packagenamingpackage\impl\strategies\adapters\LoopContextStateRetrievalToSingleStepOutputGenerationAdapter.java,com.seriouscompany.business.java.fizzbuzz.packagenamingpackage.impl.strategies.adapters.LoopContextStateRetrievalToSingleStepOutputGenerationAdapter,LoopContextStateRetrievalToSingleStepOutputGenerationAdapter/1[com.seriouscompany.business.java.fizzbuzz.packagenamingpackage.interfaces.loop.LoopContextStateRetrieval],true,16,1,1,1,0,1,0,4,0,0,1,0,0,0,0,0,0,0,0,0,1,0,0,0,0,0,13,1,0,true
c:\Users\arthur.menezes_evolu\Desktop\Pes\FizzBuzzEnterpriseEdition\src\main\java\com\seriouscompany\business\java\fizzbuzz\packagenamingpackage\interfaces\factories\IsEvenlyDivisibleStrategyFactory.java,com.seriouscompany.business.java.fizzbuzz.packagenamingpackage.interfaces.factories.IsEvenlyDivisibleStrategyFactory,createIsEvenlyDivisibleStrategy/0,false,10,1,0,0,0,1,0,1,0,0,0,0,0,0,0,0,0,0,0,0,0,0,0,0,0,0,5,1,0,true
c:\Users\arthur.menezes_evolu\Desktop\Pes\FizzBuzzEnterpriseEdition\src\main\java\com\seriouscompany\business\java\fizzbuzz\packagenamingpackage\interfaces\stringreturners\StringStringReturner.java,com.seriouscompany.business.java.fizzbuzz.packagenamingpackage.interfaces.stringreturners.StringStringReturner,getReturnString/0,false,8,0,3,3,0,1,0,1,0,0,0,0,0,0,0,0,0,0,0,0,0,0,0,0,0,0,3,1,0,true
c:\Users\arthur.menezes_evolu\Desktop\Pes\FizzBuzzEnterpriseEdition\src\main\java\com\seriouscompany\business\java\fizzbuzz\packagenamingpackage\interfaces\factories\StringStringReturnerFactory.java,com.seriouscompany.business.java.fizzbuzz.packagenamingpackage.interfaces.factories.StringStringReturnerFactory,createStringStringReturner/0,false,10,1,0,0,0,1,0,1,0,0,0,0,0,0,0,0,0,0,0,0,0,0,0,0,0,0,3,1,0,true
c:\Users\arthur.menezes_evolu\Desktop\Pes\FizzBuzzEnterpriseEdition\src\main\java\com\seriouscompany\business\java\fizzbuzz\packagenamingpackage\interfaces\strategies\IsEvenlyDivisibleStrategy.java,com.seriouscompany.business.java.fizzbuzz.packagenamingpackage.interfaces.strategies.IsEvenlyDivisibleStrategy,isEvenlyDivisible/1[int],false,8,0,1,1,0,1,0,1,0,0,1,0,0,0,0,0,0,0,0,0,0,0,0,0,0,0,5,1,0,true
c:\Users\arthur.menezes_evolu\Desktop\Pes\FizzBuzzEnterpriseEdition\src\main\java\com\seriouscompany\business\java\fizzbuzz\packagenamingpackage\impl\factories\BuzzStringReturnerFactory.java,com.seriouscompany.business.java.fizzbuzz.packagenamingpackage.impl.factories.BuzzStringReturnerFactory,BuzzStringReturnerFactory/1[com.seriouscompany.business.java.fizzbuzz.packagenamingpackage.impl.stringreturners.BuzzStringReturner],true,22,2,0,0,0,1,0,4,0,0,1,0,0,0,0,0,0,0,0,0,1,0,0,0,0,0,5,1,0,true
c:\Users\arthur.menezes_evolu\Desktop\Pes\FizzBuzzEnterpriseEdition\src\main\java\com\seriouscompany\business\java\fizzbuzz\packagenamingpackage\impl\factories\BuzzStringReturnerFactory.java,com.seriouscompany.business.java.fizzbuzz.packagenamingpackage.impl.factories.BuzzStringReturnerFactory,createStringStringReturner/0,false,31,2,1,1,0,1,0,3,1,0,0,0,0,0,0,0,0,0,0,0,0,0,0,0,0,0,3,1,0,true
c:\Users\arthur.menezes_evolu\Desktop\Pes\FizzBuzzEnterpriseEdition\src\main\java\com\seriouscompany\business\java\fizzbuzz\packagenamingpackage\interfaces\factories\StringPrinterFactory.java,com.seriouscompany.business.java.fizzbuzz.packagenamingpackage.interfaces.factories.StringPrinterFactory,createStringPrinter/0,false,10,1,0,0,0,1,0,1,0,0,0,0,0,0,0,0,0,0,0,0,0,0,0,0,0,0,3,1,0,true
c:\Users\arthur.menezes_evolu\Desktop\Pes\FizzBuzzEnterpriseEdition\src\main\java\com\seriouscompany\business\java\fizzbuzz\packagenamingpackage\interfaces\strategies\FizzBuzzOutputStrategy.java,com.seriouscompany.business.java.fizzbuzz.packagenamingpackage.interfaces.strategies.FizzBuzzOutputStrategy,output/1[java.lang.String],false,10,0,1,1,0,1,0,1,0,0,1,0,0,0,0,0,0,0,0,0,0,0,0,0,0,0,4,1,0,true
c:\Users\arthur.menezes_evolu\Desktop\Pes\FizzBuzzEnterpriseEdition\src\main\java\com\seriouscompany\business\java\fizzbuzz\packagenamingpackage\impl\strategies\converters\primitivetypesconverters\DoubleToIntConverter.java,com.seriouscompany.business.java.fizzbuzz.packagenamingpackage.impl.strategies.converters.primitivetypesconverters.DoubleToIntConverter,Convert/1[double],false,17,0,1,1,0,1,0,4,1,1,1,0,0,0,0,0,0,0,0,0,1,0,0,0,0,0,7,9,0,true
c:\Users\arthur.menezes_evolu\Desktop\Pes\FizzBuzzEnterpriseEdition\src\main\java\com\seriouscompany\business\java\fizzbuzz\packagenamingpackage\impl\strategies\converters\primitivetypesconverters\DoubleToIntConverter.java,com.seriouscompany.business.java.fizzbuzz.packagenamingpackage.impl.strategies.converters.primitivetypesconverters.DoubleToIntConverter,DoubleToIntConverter/0,true,11,0,0,0,0,1,0,2,0,0,0,0,0,0,0,0,0,0,0,0,0,0,0,0,0,0,4,2,0,false
c:\Users\arthur.menezes_evolu\Desktop\Pes\FizzBuzzEnterpriseEdition\src\main\java\com\seriouscompany\business\java\fizzbuzz\packagenamingpackage\impl\Main.java,com.seriouscompany.business.java.fizzbuzz.packagenamingpackage.impl.Main,main/1[java.lang.String[]],false,19,6,3,0,3,1,4,7,0,3,1,4,0,0,0,0,0,1,0,0,3,0,0,0,0,0,17,9,0,true
c:\Users\arthur.menezes_evolu\Desktop\Pes\FizzBuzzEnterpriseEdition\src\main\java\com\seriouscompany\business\java\fizzbuzz\packagenamingpackage\interfaces\printers\StringPrinter.java,com.seriouscompany.business.java.fizzbuzz.packagenamingpackage.interfaces.printers.StringPrinter,print/0,false,8,0,1,1,0,1,0,1,0,0,0,0,0,0,0,0,0,0,0,0,0,0,0,0,0,0,1,1,0,true
c:\Users\arthur.menezes_evolu\Desktop\Pes\FizzBuzzEnterpriseEdition\src\main\java\com\seriouscompany\business\java\fizzbuzz\packagenamingpackage\impl\factories\BuzzStrategyFactory.java,com.seriouscompany.business.java.fizzbuzz.packagenamingpackage.impl.factories.BuzzStrategyFactory,BuzzStrategyFactory/1[com.seriouscompany.business.java.fizzbuzz.packagenamingpackage.impl.strategies.BuzzStrategy],true,22,2,0,0,0,1,0,4,0,0,1,0,0,0,0,0,0,0,0,0,1,0,0,0,0,0,4,1,0,true
c:\Users\arthur.menezes_evolu\Desktop\Pes\FizzBuzzEnterpriseEdition\src\main\java\com\seriouscompany\business\java\fizzbuzz\packagenamingpackage\impl\factories\BuzzStrategyFactory.java,com.seriouscompany.business.java.fizzbuzz.packagenamingpackage.impl.factories.BuzzStrategyFactory,createIsEvenlyDivisibleStrategy/0,false,31,2,1,1,0,1,0,3,1,0,0,0,0,0,0,0,0,0,0,0,0,0,0,0,0,0,5,1,0,true
c:\Users\arthur.menezes_evolu\Desktop\Pes\FizzBuzzEnterpriseEdition\src\main\java\com\seriouscompany\business\java\fizzbuzz\packagenamingpackage\interfaces\factories\OutputGenerationContextVisitorFactory.java,com.seriouscompany.business.java.fizzbuzz.packagenamingpackage.interfaces.factories.OutputGenerationContextVisitorFactory,createVisitor/0,false,10,1,0,0,0,1,0,1,0,0,0,0,0,0,0,0,0,0,0,0,0,0,0,0,0,0,5,1,0,true
c:\Users\arthur.menezes_evolu\Desktop\Pes\FizzBuzzEnterpriseEdition\src\main\java\com\seriouscompany\business\java\fizzbuzz\packagenamingpackage\impl\loop\LoopFinalizer.java,com.seriouscompany.business.java.fizzbuzz.packagenamingpackage.impl.loop.LoopFinalizer,LoopFinalizer/1[int],true,13,0,1,1,0,1,0,4,0,0,1,0,0,0,0,0,0,0,0,0,1,0,0,0,0,0,5,1,0,true
c:\Users\arthur.menezes_evolu\Desktop\Pes\FizzBuzzEnterpriseEdition\src\main\java\com\seriouscompany\business\java\fizzbuzz\packagenamingpackage\impl\loop\LoopFinalizer.java,com.seriouscompany.business.java.fizzbuzz.packagenamingpackage.impl.loop.LoopFinalizer,getLoopFinalizationPoint/0,false,21,0,1,1,0,1,0,3,1,0,0,0,0,0,0,0,0,0,0,0,0,0,0,0,0,0,4,1,0,true
c:\Users\arthur.menezes_evolu\Desktop\Pes\FizzBuzzEnterpriseEdition\src\main\java\com\seriouscompany\business\java\fizzbuzz\packagenamingpackage\impl\stringreturners\FizzStringReturner.java,com.seriouscompany.business.java.fizzbuzz.packagenamingpackage.impl.stringreturners.FizzStringReturner,getReturnString/0,false,16,1,0,0,0,1,2,6,1,3,0,2,0,0,0,0,0,0,0,1,3,0,0,0,0,0,6,1,0,true
c:\Users\arthur.menezes_evolu\Desktop\Pes\FizzBuzzEnterpriseEdition\src\main\java\com\seriouscompany\business\java\fizzbuzz\packagenamingpackage\impl\printers\BuzzPrinter.java,com.seriouscompany.business.java.fizzbuzz.packagenamingpackage.impl.printers.BuzzPrinter,BuzzPrinter/1[com.seriouscompany.business.java.fizzbuzz.packagenamingpackage.impl.factories.SystemOutFizzBuzzOutputStrategyFactory],true,20,2,0,0,0,1,0,4,0,0,1,0,0,0,0,0,0,0,0,0,1,0,0,0,0,0,9,1,0,true
c:\Users\arthur.menezes_evolu\Desktop\Pes\FizzBuzzEnterpriseEdition\src\main\java\com\seriouscompany\business\java\fizzbuzz\packagenamingpackage\impl\printers\BuzzStringPrinter.java,com.seriouscompany.business.java.fizzbuzz.packagenamingpackage.impl.printers.BuzzStringPrinter,"BuzzStringPrinter/2[com.seriouscompany.business.java.fizzbuzz.packagenamingpackage.impl.factories.BuzzStringReturnerFactory,com.seriouscompany.business.java.fizzbuzz.packagenamingpackage.impl.factories.SystemOutFizzBuzzOutputStrategyFactory]",true,28,3,0,0,0,1,0,5,0,0,2,0,0,0,0,0,0,0,0,0,2,0,0,0,0,0,12,1,0,true
c:\Users\arthur.menezes_evolu\Desktop\Pes\FizzBuzzEnterpriseEdition\src\main\java\com\seriouscompany\business\java\fizzbuzz\packagenamingpackage\impl\printers\BuzzStringPrinter.java,com.seriouscompany.business.java.fizzbuzz.packagenamingpackage.impl.printers.BuzzStringPrinter,print/0,false,37,4,6,1,5,1,4,5,0,2,0,4,0,0,0,0,0,0,0,0,2,0,0,0,0,0,12,1,0,true
c:\Users\arthur.menezes_evolu\Desktop\Pes\FizzBuzzEnterpriseEdition\src\main\java\com\seriouscompany\business\java\fizzbuzz\packagenamingpackage\impl\printers\BuzzStringPrinter.java,com.seriouscompany.business.java.fizzbuzz.packagenamingpackage.impl.printers.BuzzStringPrinter,printValue/1[java.lang.Object],false,52,1,1,0,1,1,1,3,0,0,1,1,1,1,0,0,0,0,0,0,0,0,0,0,0,0,4,1,0,true
c:\Users\arthur.menezes_evolu\Desktop\Pes\FizzBuzzEnterpriseEdition\src\main\java\com\seriouscompany\business\java\fizzbuzz\packagenamingpackage\interfaces\factories\IntegerPrinterFactory.java,com.seriouscompany.business.java.fizzbuzz.packagenamingpackage.interfaces.factories.IntegerPrinterFactory,createPrinter/0,false,10,1,0,0,0,1,0,1,0,0,0,0,0,0,0,0,0,0,0,0,0,0,0,0,0,0,3,1,0,true
c:\Users\arthur.menezes_evolu\Desktop\Pes\FizzBuzzEnterpriseEdition\src\main\java\com\seriouscompany\business\java\fizzbuzz\packagenamingpackage\impl\loop\LoopInitializer.java,com.seriouscompany.business.java.fizzbuzz.packagenamingpackage.impl.loop.LoopInitializer,getLoopInitializationPoint/0,false,16,0,1,1,0,1,0,3,1,0,0,0,0,0,0,0,0,0,0,0,0,0,0,0,0,0,4,1,0,true
c:\Users\arthur.menezes_evolu\Desktop\Pes\FizzBuzzEnterpriseEdition\src\main\java\com\seriouscompany\business\java\fizzbuzz\packagenamingpackage\impl\math\arithmetics\IntegerDivider.java,com.seriouscompany.business.java.fizzbuzz.packagenamingpackage.impl.math.arithmetics.IntegerDivider,"IntegerDivider/2[com.seriouscompany.business.java.fizzbuzz.packagenamingpackage.impl.strategies.comparators.doublecomparator.FirstIsLargerThanSecondDoubleComparator,com.seriouscompany.business.java.fizzbuzz.packagenamingpackage.impl.strategies.comparators.doublecomparator.FirstIsSmallerThanSecondDoubleComparator]",true,28,3,0,0,0,1,0,5,0,0,2,0,0,0,0,0,0,0,0,0,2,0,0,0,0,0,11,1,0,true
c:\Users\arthur.menezes_evolu\Desktop\Pes\FizzBuzzEnterpriseEdition\src\main\java\com\seriouscompany\business\java\fizzbuzz\packagenamingpackage\impl\math\arithmetics\IntegerDivider.java,com.seriouscompany.business.java.fizzbuzz.packagenamingpackage.impl.math.arithmetics.IntegerDivider,"divide/2[int,int]",false,39,5,6,1,5,4,7,20,1,6,2,7,0,0,0,0,0,0,0,0,8,1,2,0,0,0,14,1,0,true
