file,class,method,constructor,line,cbo,cboModified,fanin,fanout,wmc,rfc,loc,returnsQty,variablesQty,parametersQty,methodsInvokedQty,methodsInvokedLocalQty,methodsInvokedIndirectLocalQty,loopQty,comparisonsQty,tryCatchQty,parenthesizedExpsQty,stringLiteralsQty,numbersQty,assignmentsQty,mathOperationsQty,maxNestedBlocksQty,anonymousClassesQty,innerClassesQty,lambdasQty,uniqueWordsQty,modifiers,logStatementsQty,hasJavaDoc
c:\Users\arthur.menezes_evolu\Desktop\Pes\MovieGuide\app\src\main\java\com\esoxjem\movieguide\Api.java,com.esoxjem.movieguide.Api,Api/0,true,12,0,0,0,0,1,0,2,0,0,0,0,0,0,0,0,0,0,0,0,0,0,0,0,0,0,1,2,0,false
c:\Users\arthur.menezes_evolu\Desktop\Pes\MovieGuide\app\src\main\java\com\esoxjem\movieguide\Api.java,com.esoxjem.movieguide.Api,getPosterPath/1[java.lang.String],false,16,0,1,1,0,1,0,3,1,0,1,0,0,0,0,0,0,0,0,0,0,1,0,0,0,0,14,9,0,false
c:\Users\arthur.menezes_evolu\Desktop\Pes\MovieGuide\app\src\main\java\com\esoxjem\movieguide\Api.java,com.esoxjem.movieguide.Api,getBackdropPath/1[java.lang.String],false,20,0,1,1,0,1,0,3,1,0,1,0,0,0,0,0,0,0,0,0,0,1,0,0,0,0,16,9,0,false
c:\Users\arthur.menezes_evolu\Desktop\Pes\MovieGuide\app\src\main\java\com\esoxjem\movieguide\favorites\MovieRealmObject.java,com.esoxjem.movieguide.favorites.MovieRealmObject,setOverview/1[java.lang.String],false,44,0,0,0,0,1,0,3,0,0,1,0,0,0,0,0,0,0,0,0,1,0,0,0,0,0,3,1,0,false
c:\Users\arthur.menezes_evolu\Desktop\Pes\MovieGuide\app\src\main\java\com\esoxjem\movieguide\favorites\MovieRealmObject.java,com.esoxjem.movieguide.favorites.MovieRealmObject,MovieRealmObject/0,true,98,0,0,0,0,1,0,2,0,0,0,0,0,0,0,0,0,0,0,0,0,0,0,0,0,0,3,1,0,false
c:\Users\arthur.menezes_evolu\Desktop\Pes\MovieGuide\app\src\main\java\com\esoxjem\movieguide\favorites\MovieRealmObject.java,com.esoxjem.movieguide.favorites.MovieRealmObject,getTitle/0,false,72,0,1,1,0,1,0,3,1,0,0,0,0,0,0,0,0,0,0,0,0,0,0,0,0,0,3,1,0,false
c:\Users\arthur.menezes_evolu\Desktop\Pes\MovieGuide\app\src\main\java\com\esoxjem\movieguide\favorites\MovieRealmObject.java,com.esoxjem.movieguide.favorites.MovieRealmObject,setId/1[java.lang.String],false,36,0,0,0,0,1,0,3,0,0,1,0,0,0,0,0,0,0,0,0,1,0,0,0,0,0,3,1,0,false
c:\Users\arthur.menezes_evolu\Desktop\Pes\MovieGuide\app\src\main\java\com\esoxjem\movieguide\favorites\MovieRealmObject.java,com.esoxjem.movieguide.favorites.MovieRealmObject,getOverview/0,false,40,0,1,1,0,1,0,3,1,0,0,0,0,0,0,0,0,0,0,0,0,0,0,0,0,0,3,1,0,false
c:\Users\arthur.menezes_evolu\Desktop\Pes\MovieGuide\app\src\main\java\com\esoxjem\movieguide\favorites\MovieRealmObject.java,com.esoxjem.movieguide.favorites.MovieRealmObject,MovieRealmObject/1[com.esoxjem.movieguide.Movie],true,88,1,8,1,7,1,7,9,0,0,1,7,0,0,0,0,0,0,0,0,7,0,0,0,0,0,14,1,0,false
c:\Users\arthur.menezes_evolu\Desktop\Pes\MovieGuide\app\src\main\java\com\esoxjem\movieguide\favorites\MovieRealmObject.java,com.esoxjem.movieguide.favorites.MovieRealmObject,setPosterPath/1[java.lang.String],false,60,0,0,0,0,1,0,3,0,0,1,0,0,0,0,0,0,0,0,0,1,0,0,0,0,0,4,1,0,false
c:\Users\arthur.menezes_evolu\Desktop\Pes\MovieGuide\app\src\main\java\com\esoxjem\movieguide\favorites\MovieRealmObject.java,com.esoxjem.movieguide.favorites.MovieRealmObject,getReleaseDate/0,false,48,0,1,1,0,1,0,3,1,0,0,0,0,0,0,0,0,0,0,0,0,0,0,0,0,0,4,1,0,false
c:\Users\arthur.menezes_evolu\Desktop\Pes\MovieGuide\app\src\main\java\com\esoxjem\movieguide\favorites\MovieRealmObject.java,com.esoxjem.movieguide.favorites.MovieRealmObject,getBackdropPath/0,false,64,0,1,1,0,1,0,3,1,0,0,0,0,0,0,0,0,0,0,0,0,0,0,0,0,0,4,1,0,false
c:\Users\arthur.menezes_evolu\Desktop\Pes\MovieGuide\app\src\main\java\com\esoxjem\movieguide\favorites\MovieRealmObject.java,com.esoxjem.movieguide.favorites.MovieRealmObject,getVoteAverage/0,false,80,0,1,1,0,1,0,3,1,0,0,0,0,0,0,0,0,0,0,0,0,0,0,0,0,0,4,1,0,false
c:\Users\arthur.menezes_evolu\Desktop\Pes\MovieGuide\app\src\main\java\com\esoxjem\movieguide\favorites\MovieRealmObject.java,com.esoxjem.movieguide.favorites.MovieRealmObject,setBackdropPath/1[java.lang.String],false,68,0,0,0,0,1,0,3,0,0,1,0,0,0,0,0,0,0,0,0,1,0,0,0,0,0,4,1,0,false
c:\Users\arthur.menezes_evolu\Desktop\Pes\MovieGuide\app\src\main\java\com\esoxjem\movieguide\favorites\MovieRealmObject.java,com.esoxjem.movieguide.favorites.MovieRealmObject,getId/0,false,32,0,1,1,0,1,0,3,1,0,0,0,0,0,0,0,0,0,0,0,0,0,0,0,0,0,3,1,0,false
c:\Users\arthur.menezes_evolu\Desktop\Pes\MovieGuide\app\src\main\java\com\esoxjem\movieguide\favorites\MovieRealmObject.java,com.esoxjem.movieguide.favorites.MovieRealmObject,setTitle/1[java.lang.String],false,76,0,0,0,0,1,0,3,0,0,1,0,0,0,0,0,0,0,0,0,1,0,0,0,0,0,3,1,0,false
c:\Users\arthur.menezes_evolu\Desktop\Pes\MovieGuide\app\src\main\java\com\esoxjem\movieguide\favorites\MovieRealmObject.java,com.esoxjem.movieguide.favorites.MovieRealmObject,setReleaseDate/1[java.lang.String],false,52,0,0,0,0,1,0,3,0,0,1,0,0,0,0,0,0,0,0,0,1,0,0,0,0,0,4,1,0,false
c:\Users\arthur.menezes_evolu\Desktop\Pes\MovieGuide\app\src\main\java\com\esoxjem\movieguide\favorites\MovieRealmObject.java,com.esoxjem.movieguide.favorites.MovieRealmObject,getPosterPath/0,false,56,0,1,1,0,1,0,3,1,0,0,0,0,0,0,0,0,0,0,0,0,0,0,0,0,0,4,1,0,false
c:\Users\arthur.menezes_evolu\Desktop\Pes\MovieGuide\app\src\main\java\com\esoxjem\movieguide\favorites\MovieRealmObject.java,com.esoxjem.movieguide.favorites.MovieRealmObject,setVoteAverage/1[double],false,84,0,0,0,0,1,0,3,0,0,1,0,0,0,0,0,0,0,0,0,1,0,0,0,0,0,4,1,0,false
c:\Users\arthur.menezes_evolu\Desktop\Pes\MovieGuide\app\src\main\java\com\esoxjem\movieguide\listing\sorting\SortingDialogFragment.java,com.esoxjem.movieguide.listing.sorting.SortingDialogFragment,onCreateDialog/1[com.esoxjem.movieguide.listing.sorting.Bundle],false,61,6,1,0,1,1,8,11,1,3,1,8,1,1,0,0,0,0,0,0,4,0,0,0,0,0,17,1,0,false
c:\Users\arthur.menezes_evolu\Desktop\Pes\MovieGuide\app\src\main\java\com\esoxjem\movieguide\listing\sorting\SortingDialogFragment.java,com.esoxjem.movieguide.listing.sorting.SortingDialogFragment,setNewestChecked/0,false,86,0,0,0,0,1,1,3,0,0,0,1,0,0,0,0,0,0,0,0,0,0,0,0,0,0,4,1,0,false
c:\Users\arthur.menezes_evolu\Desktop\Pes\MovieGuide\app\src\main\java\com\esoxjem\movieguide\listing\sorting\SortingDialogFragment.java,com.esoxjem.movieguide.listing.sorting.SortingDialogFragment,newInstance/1[com.esoxjem.movieguide.listing.MoviesListingPresenter],false,46,2,2,1,1,1,0,4,1,0,1,0,0,0,0,0,0,0,0,0,1,0,0,0,0,0,9,9,0,false
c:\Users\arthur.menezes_evolu\Desktop\Pes\MovieGuide\app\src\main\java\com\esoxjem\movieguide\listing\sorting\SortingDialogFragment.java,com.esoxjem.movieguide.listing.sorting.SortingDialogFragment,dismissDialog/0,false,125,0,0,0,0,1,1,3,0,0,0,1,0,0,0,0,0,0,0,0,0,0,0,0,0,0,2,1,0,false
c:\Users\arthur.menezes_evolu\Desktop\Pes\MovieGuide\app\src\main\java\com\esoxjem\movieguide\listing\sorting\SortingDialogFragment.java,com.esoxjem.movieguide.listing.sorting.SortingDialogFragment,setHighestRatedChecked/0,false,91,0,0,0,0,1,1,3,0,0,0,1,0,0,0,0,0,0,0,0,0,0,0,0,0,0,5,1,0,false
c:\Users\arthur.menezes_evolu\Desktop\Pes\MovieGuide\app\src\main\java\com\esoxjem\movieguide\listing\sorting\SortingDialogFragment.java,com.esoxjem.movieguide.listing.sorting.SortingDialogFragment,onCreate/1[com.esoxjem.movieguide.listing.sorting.Bundle],false,52,5,3,0,3,1,7,6,0,0,1,7,0,0,0,0,0,1,0,0,0,0,0,0,0,0,13,1,0,false
c:\Users\arthur.menezes_evolu\Desktop\Pes\MovieGuide\app\src\main\java\com\esoxjem\movieguide\listing\sorting\SortingDialogFragment.java,com.esoxjem.movieguide.listing.sorting.SortingDialogFragment,onDestroyView/0,false,130,1,1,0,1,1,3,5,0,0,0,3,0,0,0,0,0,0,0,0,0,0,0,0,0,0,3,1,0,false
c:\Users\arthur.menezes_evolu\Desktop\Pes\MovieGuide\app\src\main\java\com\esoxjem\movieguide\listing\sorting\SortingDialogFragment.java,com.esoxjem.movieguide.listing.sorting.SortingDialogFragment,"onCheckedChanged/2[com.esoxjem.movieguide.listing.sorting.RadioGroup,int]",false,101,3,5,0,5,5,5,20,0,0,2,5,0,0,0,0,0,0,0,0,0,0,1,0,0,0,7,1,0,false
c:\Users\arthur.menezes_evolu\Desktop\Pes\MovieGuide\app\src\main\java\com\esoxjem\movieguide\listing\sorting\SortingDialogFragment.java,com.esoxjem.movieguide.listing.sorting.SortingDialogFragment,setPopularChecked/0,false,80,0,0,0,0,1,1,3,0,0,0,1,0,0,0,0,0,0,0,0,0,0,0,0,0,0,4,1,0,false
c:\Users\arthur.menezes_evolu\Desktop\Pes\MovieGuide\app\src\main\java\com\esoxjem\movieguide\listing\sorting\SortingDialogFragment.java,com.esoxjem.movieguide.listing.sorting.SortingDialogFragment,initViews/0,false,74,1,2,1,1,1,2,4,0,0,0,2,0,0,0,0,0,0,0,0,0,0,0,0,0,0,2,2,0,false
c:\Users\arthur.menezes_evolu\Desktop\Pes\MovieGuide\app\src\main\java\com\esoxjem\movieguide\listing\sorting\SortingDialogFragment.java,com.esoxjem.movieguide.listing.sorting.SortingDialogFragment,setFavoritesChecked/0,false,96,0,0,0,0,1,1,3,0,0,0,1,0,0,0,0,0,0,0,0,0,0,0,0,0,0,4,1,0,false
c:\Users\arthur.menezes_evolu\Desktop\Pes\MovieGuide\app\src\main\java\com\esoxjem\movieguide\listing\MoviesListingPresenterImpl.java,com.esoxjem.movieguide.listing.MoviesListingPresenterImpl,displayMovies/0,false,44,3,8,5,3,3,12,12,1,0,0,12,1,2,0,0,0,0,0,0,2,0,2,0,0,1,10,2,0,false
c:\Users\arthur.menezes_evolu\Desktop\Pes\MovieGuide\app\src\main\java\com\esoxjem\movieguide\listing\MoviesListingPresenterImpl.java,com.esoxjem.movieguide.listing.MoviesListingPresenterImpl,firstPage/0,false,64,1,1,0,1,1,2,5,0,0,0,2,1,3,0,0,0,0,0,1,1,0,0,0,0,0,5,1,0,false
c:\Users\arthur.menezes_evolu\Desktop\Pes\MovieGuide\app\src\main\java\com\esoxjem\movieguide\listing\MoviesListingPresenterImpl.java,com.esoxjem.movieguide.listing.MoviesListingPresenterImpl,onMovieSearchFailed/1[java.lang.Throwable],false,141,1,1,0,1,1,2,4,0,0,1,2,0,0,0,0,0,0,0,0,1,0,0,0,0,0,9,2,0,false
c:\Users\arthur.menezes_evolu\Desktop\Pes\MovieGuide\app\src\main\java\com\esoxjem\movieguide\listing\MoviesListingPresenterImpl.java,com.esoxjem.movieguide.listing.MoviesListingPresenterImpl,nextPage/0,false,71,2,2,0,2,3,2,7,1,0,0,2,1,3,0,0,0,0,0,0,0,0,1,0,0,0,7,1,0,false
c:\Users\arthur.menezes_evolu\Desktop\Pes\MovieGuide\app\src\main\java\com\esoxjem\movieguide\listing\MoviesListingPresenterImpl.java,com.esoxjem.movieguide.listing.MoviesListingPresenterImpl,onMovieFetchFailed/1[java.lang.Throwable],false,127,1,1,0,1,1,2,4,0,0,1,2,0,0,0,0,0,0,0,0,1,0,0,0,0,0,9,2,0,false
c:\Users\arthur.menezes_evolu\Desktop\Pes\MovieGuide\app\src\main\java\com\esoxjem\movieguide\listing\MoviesListingPresenterImpl.java,com.esoxjem.movieguide.listing.MoviesListingPresenterImpl,destroy/0,false,39,1,2,1,1,1,1,4,0,0,0,1,0,0,0,0,0,0,0,0,1,0,0,0,0,0,3,1,0,false
c:\Users\arthur.menezes_evolu\Desktop\Pes\MovieGuide\app\src\main\java\com\esoxjem\movieguide\listing\MoviesListingPresenterImpl.java,com.esoxjem.movieguide.listing.MoviesListingPresenterImpl,MoviesListingPresenterImpl/1[com.esoxjem.movieguide.listing.MoviesListingInteractor],true,28,1,2,2,0,1,0,3,0,0,1,0,0,0,0,0,0,0,0,0,1,0,0,0,0,0,7,0,0,false
c:\Users\arthur.menezes_evolu\Desktop\Pes\MovieGuide\app\src\main\java\com\esoxjem\movieguide\listing\MoviesListingPresenterImpl.java,com.esoxjem.movieguide.listing.MoviesListingPresenterImpl,isViewAttached/0,false,146,0,3,3,0,2,0,3,1,0,0,0,0,0,0,1,0,0,0,0,0,0,0,0,0,0,5,2,0,false
c:\Users\arthur.menezes_evolu\Desktop\Pes\MovieGuide\app\src\main\java\com\esoxjem\movieguide\listing\MoviesListingPresenterImpl.java,com.esoxjem.movieguide.listing.MoviesListingPresenterImpl,setView/1[com.esoxjem.movieguide.listing.MoviesListingView],false,33,2,2,1,1,1,1,4,0,0,1,1,1,3,0,0,0,0,0,0,1,0,0,0,0,0,6,1,0,false
c:\Users\arthur.menezes_evolu\Desktop\Pes\MovieGuide\app\src\main\java\com\esoxjem\movieguide\listing\MoviesListingPresenterImpl.java,com.esoxjem.movieguide.listing.MoviesListingPresenterImpl,onMovieFetchSuccess/1[java.util.List<com.esoxjem.movieguide.Movie>],false,113,4,3,0,3,3,4,12,0,0,1,4,1,1,0,0,0,0,0,0,2,0,1,0,0,0,12,2,0,false
c:\Users\arthur.menezes_evolu\Desktop\Pes\MovieGuide\app\src\main\java\com\esoxjem\movieguide\listing\MoviesListingPresenterImpl.java,com.esoxjem.movieguide.listing.MoviesListingPresenterImpl,searchMovieBackPressed/0,false,99,1,1,0,1,2,2,7,0,0,0,2,1,3,0,0,0,0,0,0,1,0,1,0,0,0,9,1,0,false
c:\Users\arthur.menezes_evolu\Desktop\Pes\MovieGuide\app\src\main\java\com\esoxjem\movieguide\listing\MoviesListingPresenterImpl.java,com.esoxjem.movieguide.listing.MoviesListingPresenterImpl,displayMovieSearchResult/1[java.lang.String],false,89,3,3,1,2,1,7,5,0,0,1,7,1,2,0,0,0,0,0,0,2,0,0,0,0,0,12,2,0,false
c:\Users\arthur.menezes_evolu\Desktop\Pes\MovieGuide\app\src\main\java\com\esoxjem\movieguide\listing\MoviesListingPresenterImpl.java,com.esoxjem.movieguide.listing.MoviesListingPresenterImpl,showLoading/0,false,107,2,4,2,2,2,2,5,0,0,0,2,1,1,0,0,0,0,0,0,0,0,1,0,0,0,5,2,0,false
c:\Users\arthur.menezes_evolu\Desktop\Pes\MovieGuide\app\src\main\java\com\esoxjem\movieguide\listing\MoviesListingPresenterImpl.java,com.esoxjem.movieguide.listing.MoviesListingPresenterImpl,onMovieSearchSuccess/1[java.util.List<com.esoxjem.movieguide.Movie>],false,132,3,2,0,2,2,3,8,0,0,1,3,1,1,0,0,0,0,0,0,2,0,1,0,0,0,12,2,0,false
c:\Users\arthur.menezes_evolu\Desktop\Pes\MovieGuide\app\src\main\java\com\esoxjem\movieguide\listing\MoviesListingPresenterImpl.java,com.esoxjem.movieguide.listing.MoviesListingPresenterImpl,searchMovie/1[java.lang.String],false,81,1,2,0,2,3,3,8,0,0,1,3,2,3,0,1,0,0,0,1,0,0,1,0,0,0,8,1,0,false
c:\Users\arthur.menezes_evolu\Desktop\Pes\MovieGuide\app\src\main\java\com\esoxjem\movieguide\Review.java,com.esoxjem.movieguide.Review,setId/1[java.lang.String],false,42,0,0,0,0,1,0,3,0,0,1,0,0,0,0,0,0,0,0,0,1,0,0,0,0,0,3,1,0,false
c:\Users\arthur.menezes_evolu\Desktop\Pes\MovieGuide\app\src\main\java\com\esoxjem\movieguide\Review.java,com.esoxjem.movieguide.Review,setContent/1[java.lang.String],false,58,0,0,0,0,1,0,3,0,0,1,0,0,0,0,0,0,0,0,0,1,0,0,0,0,0,3,1,0,false
c:\Users\arthur.menezes_evolu\Desktop\Pes\MovieGuide\app\src\main\java\com\esoxjem\movieguide\Review.java,com.esoxjem.movieguide.Review,Review/0,true,15,0,0,0,0,1,0,2,0,0,0,0,0,0,0,0,0,0,0,0,0,0,0,0,0,0,1,1,0,false
c:\Users\arthur.menezes_evolu\Desktop\Pes\MovieGuide\app\src\main\java\com\esoxjem\movieguide\Review.java,com.esoxjem.movieguide.Review,getUrl/0,false,62,0,0,0,0,1,0,3,1,0,0,0,0,0,0,0,0,0,0,0,0,0,0,0,0,0,3,1,0,false
c:\Users\arthur.menezes_evolu\Desktop\Pes\MovieGuide\app\src\main\java\com\esoxjem\movieguide\Review.java,com.esoxjem.movieguide.Review,setAuthor/1[java.lang.String],false,50,0,0,0,0,1,0,3,0,0,1,0,0,0,0,0,0,0,0,0,1,0,0,0,0,0,3,1,0,false
c:\Users\arthur.menezes_evolu\Desktop\Pes\MovieGuide\app\src\main\java\com\esoxjem\movieguide\Review.java,com.esoxjem.movieguide.Review,getId/0,false,38,0,0,0,0,1,0,3,1,0,0,0,0,0,0,0,0,0,0,0,0,0,0,0,0,0,3,1,0,false
c:\Users\arthur.menezes_evolu\Desktop\Pes\MovieGuide\app\src\main\java\com\esoxjem\movieguide\Review.java,com.esoxjem.movieguide.Review,describeContents/0,false,71,0,0,0,0,1,0,3,1,0,0,0,0,0,0,0,0,0,0,1,0,0,0,0,0,0,2,1,0,false
c:\Users\arthur.menezes_evolu\Desktop\Pes\MovieGuide\app\src\main\java\com\esoxjem\movieguide\Review.java,com.esoxjem.movieguide.Review,Review/1[com.esoxjem.movieguide.Parcel],true,19,1,1,1,0,1,1,6,0,0,1,1,0,0,0,0,0,0,0,0,4,0,0,0,0,0,7,4,0,false
c:\Users\arthur.menezes_evolu\Desktop\Pes\MovieGuide\app\src\main\java\com\esoxjem\movieguide\Review.java,com.esoxjem.movieguide.Review,getContent/0,false,54,0,1,1,0,1,0,3,1,0,0,0,0,0,0,0,0,0,0,0,0,0,0,0,0,0,3,1,0,false
c:\Users\arthur.menezes_evolu\Desktop\Pes\MovieGuide\app\src\main\java\com\esoxjem\movieguide\Review.java,com.esoxjem.movieguide.Review,getAuthor/0,false,46,0,1,1,0,1,0,3,1,0,0,0,0,0,0,0,0,0,0,0,0,0,0,0,0,0,3,1,0,false
c:\Users\arthur.menezes_evolu\Desktop\Pes\MovieGuide\app\src\main\java\com\esoxjem\movieguide\Review.java,com.esoxjem.movieguide.Review,setUrl/1[java.lang.String],false,66,0,0,0,0,1,0,3,0,0,1,0,0,0,0,0,0,0,0,0,1,0,0,0,0,0,3,1,0,false
c:\Users\arthur.menezes_evolu\Desktop\Pes\MovieGuide\app\src\main\java\com\esoxjem\movieguide\Review.java,com.esoxjem.movieguide.Review,"writeToParcel/2[com.esoxjem.movieguide.Parcel,int]",false,76,1,0,0,0,1,1,6,0,0,2,1,0,0,0,0,0,0,0,0,0,0,0,0,0,0,8,1,0,false
c:\Users\arthur.menezes_evolu\Desktop\Pes\MovieGuide\app\src\main\java\com\esoxjem\movieguide\listing\sorting\SortingOptionStore.java,com.esoxjem.movieguide.listing.sorting.SortingOptionStore,getSelectedOption/0,false,27,0,3,3,0,1,1,3,1,0,0,1,0,0,0,0,0,0,0,1,0,0,0,0,0,0,3,1,0,false
c:\Users\arthur.menezes_evolu\Desktop\Pes\MovieGuide\app\src\main\java\com\esoxjem\movieguide\listing\sorting\SortingOptionStore.java,com.esoxjem.movieguide.listing.sorting.SortingOptionStore,SortingOptionStore/1[com.esoxjem.movieguide.listing.sorting.Context],true,17,2,0,0,0,1,2,3,0,0,1,2,0,0,0,0,0,0,0,0,1,0,0,0,0,0,6,1,0,false
c:\Users\arthur.menezes_evolu\Desktop\Pes\MovieGuide\app\src\main\java\com\esoxjem\movieguide\listing\sorting\SortingOptionStore.java,com.esoxjem.movieguide.listing.sorting.SortingOptionStore,setSelectedOption/1[com.esoxjem.movieguide.listing.sorting.SortType],false,21,2,2,1,1,1,4,5,0,1,1,4,0,0,0,0,0,0,0,0,1,0,0,0,0,0,7,1,0,false
c:\Users\arthur.menezes_evolu\Desktop\Pes\MovieGuide\app\src\main\java\com\esoxjem\movieguide\listing\MoviesListingView.java,com.esoxjem.movieguide.listing.MoviesListingView,showMovies/1[java.util.List<com.esoxjem.movieguide.Movie>],false,11,1,2,2,0,1,0,1,0,0,1,0,0,0,0,0,0,0,0,0,0,0,0,0,0,0,3,0,0,false
c:\Users\arthur.menezes_evolu\Desktop\Pes\MovieGuide\app\src\main\java\com\esoxjem\movieguide\listing\MoviesListingView.java,com.esoxjem.movieguide.listing.MoviesListingView,loadingFailed/1[java.lang.String],false,15,0,2,2,0,1,0,1,0,0,1,0,0,0,0,0,0,0,0,0,0,0,0,0,0,0,4,0,0,false
c:\Users\arthur.menezes_evolu\Desktop\Pes\MovieGuide\app\src\main\java\com\esoxjem\movieguide\listing\MoviesListingView.java,com.esoxjem.movieguide.listing.MoviesListingView,loadingStarted/0,false,13,0,1,1,0,1,0,1,0,0,0,0,0,0,0,0,0,0,0,0,0,0,0,0,0,0,2,0,0,false
c:\Users\arthur.menezes_evolu\Desktop\Pes\MovieGuide\app\src\main\java\com\esoxjem\movieguide\listing\MoviesListingView.java,com.esoxjem.movieguide.listing.MoviesListingView,onMovieClicked/1[com.esoxjem.movieguide.Movie],false,17,1,1,1,0,1,0,1,0,0,1,0,0,0,0,0,0,0,0,0,0,0,0,0,0,0,4,0,0,false
c:\Users\arthur.menezes_evolu\Desktop\Pes\MovieGuide\app\src\main\java\com\esoxjem\movieguide\listing\MoviesListingFragment.java,com.esoxjem.movieguide.listing.MoviesListingFragment,onCreate/1[com.esoxjem.movieguide.listing.Bundle],false,60,3,2,0,2,1,7,6,0,0,1,7,0,0,0,0,0,1,0,0,0,0,0,0,0,0,16,1,0,false
c:\Users\arthur.menezes_evolu\Desktop\Pes\MovieGuide\app\src\main\java\com\esoxjem\movieguide\listing\MoviesListingFragment.java,com.esoxjem.movieguide.listing.MoviesListingFragment,onMovieClicked/1[com.esoxjem.movieguide.Movie],false,155,2,1,0,1,1,1,3,0,0,1,1,0,0,0,0,0,0,0,0,0,0,0,0,0,0,4,1,0,false
c:\Users\arthur.menezes_evolu\Desktop\Pes\MovieGuide\app\src\main\java\com\esoxjem\movieguide\listing\MoviesListingFragment.java,com.esoxjem.movieguide.listing.MoviesListingFragment,initLayoutReferences/0,false,104,4,2,1,1,2,8,26,0,2,0,8,0,0,0,1,0,0,0,1,4,0,1,1,0,0,28,2,0,false
c:\Users\arthur.menezes_evolu\Desktop\Pes\MovieGuide\app\src\main\java\com\esoxjem\movieguide\listing\MoviesListingFragment.java,com.esoxjem.movieguide.listing.MoviesListingFragment,loadingFailed/1[java.lang.String],false,150,0,0,0,0,1,2,3,0,0,1,2,0,0,0,0,0,0,0,0,0,0,0,0,0,0,4,1,0,false
c:\Users\arthur.menezes_evolu\Desktop\Pes\MovieGuide\app\src\main\java\com\esoxjem\movieguide\listing\MoviesListingFragment.java,com.esoxjem.movieguide.listing.MoviesListingFragment,onSaveInstanceState/1[com.esoxjem.movieguide.listing.Bundle],false,179,1,0,0,0,1,2,4,0,0,1,2,0,0,0,0,0,0,0,0,0,0,0,0,0,0,8,1,0,false
c:\Users\arthur.menezes_evolu\Desktop\Pes\MovieGuide\app\src\main\java\com\esoxjem\movieguide\listing\MoviesListingFragment.java,com.esoxjem.movieguide.listing.MoviesListingFragment,searchViewClicked/1[java.lang.String],false,184,1,1,0,1,1,1,3,0,0,1,1,0,0,0,0,0,0,0,0,0,0,0,0,0,0,4,1,0,false
c:\Users\arthur.menezes_evolu\Desktop\Pes\MovieGuide\app\src\main\java\com\esoxjem\movieguide\listing\MoviesListingFragment.java,com.esoxjem.movieguide.listing.MoviesListingFragment,onOptionsItemSelected/1[com.esoxjem.movieguide.listing.MenuItem],false,89,3,2,0,2,2,4,8,1,0,1,4,1,1,0,0,0,0,0,0,0,0,1,0,0,0,8,1,0,false
c:\Users\arthur.menezes_evolu\Desktop\Pes\MovieGuide\app\src\main\java\com\esoxjem\movieguide\listing\MoviesListingFragment.java,com.esoxjem.movieguide.listing.MoviesListingFragment,onDestroyView/0,false,160,1,1,0,1,1,3,5,0,0,0,3,0,0,0,0,0,0,0,0,0,0,0,0,0,0,3,1,0,false
c:\Users\arthur.menezes_evolu\Desktop\Pes\MovieGuide\app\src\main\java\com\esoxjem\movieguide\listing\MoviesListingFragment.java,com.esoxjem.movieguide.listing.MoviesListingFragment,searchViewBackButtonClicked/0,false,188,1,2,1,1,1,1,3,0,0,0,1,0,0,0,0,0,0,0,0,0,0,0,0,0,0,5,1,0,false
c:\Users\arthur.menezes_evolu\Desktop\Pes\MovieGuide\app\src\main\java\com\esoxjem\movieguide\listing\MoviesListingFragment.java,com.esoxjem.movieguide.listing.MoviesListingFragment,onDetach/0,false,167,0,0,0,0,1,1,4,0,0,0,1,0,0,0,0,0,0,0,0,1,0,0,0,0,0,4,1,0,false
c:\Users\arthur.menezes_evolu\Desktop\Pes\MovieGuide\app\src\main\java\com\esoxjem\movieguide\listing\MoviesListingFragment.java,com.esoxjem.movieguide.listing.MoviesListingFragment,"onCreateView/3[com.esoxjem.movieguide.listing.LayoutInflater,com.esoxjem.movieguide.listing.ViewGroup,com.esoxjem.movieguide.listing.Bundle]",false,68,5,1,0,1,1,3,6,1,1,3,3,1,1,0,0,0,0,0,0,2,0,0,0,0,0,12,1,0,false
c:\Users\arthur.menezes_evolu\Desktop\Pes\MovieGuide\app\src\main\java\com\esoxjem\movieguide\listing\MoviesListingFragment.java,com.esoxjem.movieguide.listing.MoviesListingFragment,"onViewCreated/2[com.esoxjem.movieguide.listing.View,com.esoxjem.movieguide.listing.Bundle]",false,76,3,2,0,2,2,6,12,0,0,2,6,0,0,0,1,0,0,0,0,1,0,1,0,0,0,8,1,0,false
c:\Users\arthur.menezes_evolu\Desktop\Pes\MovieGuide\app\src\main\java\com\esoxjem\movieguide\listing\MoviesListingFragment.java,com.esoxjem.movieguide.listing.MoviesListingFragment,displaySortingOptions/0,false,99,2,2,1,1,1,3,4,0,1,0,3,0,0,0,0,0,0,1,0,1,0,0,0,0,0,10,2,0,false
c:\Users\arthur.menezes_evolu\Desktop\Pes\MovieGuide\app\src\main\java\com\esoxjem\movieguide\listing\MoviesListingFragment.java,com.esoxjem.movieguide.listing.MoviesListingFragment,onDestroy/0,false,173,1,1,0,1,1,4,4,0,0,0,4,0,0,0,0,0,1,0,0,0,0,0,0,0,0,6,1,0,false
c:\Users\arthur.menezes_evolu\Desktop\Pes\MovieGuide\app\src\main\java\com\esoxjem\movieguide\listing\MoviesListingFragment.java,com.esoxjem.movieguide.listing.MoviesListingFragment,MoviesListingFragment/0,true,49,0,0,0,0,1,0,2,0,0,0,0,0,0,0,0,0,0,0,0,0,0,0,0,0,0,3,1,0,false
c:\Users\arthur.menezes_evolu\Desktop\Pes\MovieGuide\app\src\main\java\com\esoxjem\movieguide\listing\MoviesListingFragment.java,com.esoxjem.movieguide.listing.MoviesListingFragment,onAttach/1[com.esoxjem.movieguide.listing.Context],false,54,2,0,0,0,1,1,4,0,0,1,1,0,0,0,0,0,0,0,0,1,0,0,0,0,0,6,1,0,false
c:\Users\arthur.menezes_evolu\Desktop\Pes\MovieGuide\app\src\main\java\com\esoxjem\movieguide\listing\MoviesListingFragment.java,com.esoxjem.movieguide.listing.MoviesListingFragment,loadingStarted/0,false,145,0,0,0,0,1,2,3,0,0,0,2,0,0,0,0,0,0,0,0,0,0,0,0,0,0,2,1,0,false
c:\Users\arthur.menezes_evolu\Desktop\Pes\MovieGuide\app\src\main\java\com\esoxjem\movieguide\listing\MoviesListingFragment.java,com.esoxjem.movieguide.listing.MoviesListingFragment,showMovies/1[java.util.List<com.esoxjem.movieguide.Movie>],false,136,2,1,0,1,1,6,7,0,0,1,6,0,0,0,0,0,0,0,1,0,0,0,0,0,0,3,1,0,false
c:\Users\arthur.menezes_evolu\Desktop\Pes\MovieGuide\app\src\main\java\com\esoxjem\movieguide\network\TmdbWebService.java,com.esoxjem.movieguide.network.TmdbWebService,reviews/1[java.lang.String],false,30,4,1,1,0,1,0,1,0,0,1,0,0,0,0,0,0,0,2,0,0,0,0,0,0,0,3,0,0,false
c:\Users\arthur.menezes_evolu\Desktop\Pes\MovieGuide\app\src\main\java\com\esoxjem\movieguide\network\TmdbWebService.java,com.esoxjem.movieguide.network.TmdbWebService,popularMovies/1[int],false,18,4,1,1,0,1,0,1,0,0,1,0,0,0,0,0,0,0,2,0,0,0,0,0,0,0,7,0,0,false
c:\Users\arthur.menezes_evolu\Desktop\Pes\MovieGuide\app\src\main\java\com\esoxjem\movieguide\network\TmdbWebService.java,com.esoxjem.movieguide.network.TmdbWebService,searchMovies/1[java.lang.String],false,33,4,1,1,0,1,0,1,0,0,1,0,0,0,0,0,0,0,2,0,0,0,0,0,0,0,7,0,0,false
c:\Users\arthur.menezes_evolu\Desktop\Pes\MovieGuide\app\src\main\java\com\esoxjem\movieguide\network\TmdbWebService.java,com.esoxjem.movieguide.network.TmdbWebService,trailers/1[java.lang.String],false,27,4,1,1,0,1,0,1,0,0,1,0,0,0,0,0,0,0,2,0,0,0,0,0,0,0,3,0,0,false
c:\Users\arthur.menezes_evolu\Desktop\Pes\MovieGuide\app\src\main\java\com\esoxjem\movieguide\network\TmdbWebService.java,com.esoxjem.movieguide.network.TmdbWebService,highestRatedMovies/1[int],false,21,4,1,1,0,1,0,1,0,0,1,0,0,0,0,0,0,0,2,0,0,0,0,0,0,0,9,0,0,false
c:\Users\arthur.menezes_evolu\Desktop\Pes\MovieGuide\app\src\main\java\com\esoxjem\movieguide\network\TmdbWebService.java,com.esoxjem.movieguide.network.TmdbWebService,"newestMovies/2[java.lang.String,int]",false,24,4,1,1,0,1,0,1,0,0,2,0,0,0,0,0,0,0,3,0,0,0,0,0,0,0,9,0,0,false
c:\Users\arthur.menezes_evolu\Desktop\Pes\MovieGuide\app\src\main\java\com\esoxjem\movieguide\listing\sorting\SortingDialogInteractor.java,com.esoxjem.movieguide.listing.sorting.SortingDialogInteractor,getSelectedSortingOption/0,false,7,0,5,5,0,1,0,1,0,0,0,0,0,0,0,0,0,0,0,0,0,0,0,0,0,0,4,0,0,false
c:\Users\arthur.menezes_evolu\Desktop\Pes\MovieGuide\app\src\main\java\com\esoxjem\movieguide\listing\sorting\SortingDialogInteractor.java,com.esoxjem.movieguide.listing.sorting.SortingDialogInteractor,setSortingOption/1[com.esoxjem.movieguide.listing.sorting.SortType],false,9,1,4,4,0,1,0,1,0,0,1,0,0,0,0,0,0,0,0,0,0,0,0,0,0,0,6,0,0,false
c:\Users\arthur.menezes_evolu\Desktop\Pes\MovieGuide\app\src\main\java\com\esoxjem\movieguide\ReviewsWrapper.java,com.esoxjem.movieguide.ReviewsWrapper,setReviews/1[java.util.List<com.esoxjem.movieguide.Review>],false,20,1,0,0,0,1,0,3,0,0,1,0,0,0,0,0,0,0,0,0,1,0,0,0,0,0,3,1,0,false
c:\Users\arthur.menezes_evolu\Desktop\Pes\MovieGuide\app\src\main\java\com\esoxjem\movieguide\ReviewsWrapper.java,com.esoxjem.movieguide.ReviewsWrapper,getReviews/0,false,16,1,0,0,0,1,0,3,1,0,0,0,0,0,0,0,0,0,0,0,0,0,0,0,0,0,3,1,0,false
c:\Users\arthur.menezes_evolu\Desktop\Pes\MovieGuide\app\src\main\java\com\esoxjem\movieguide\details\DetailsComponent.java,com.esoxjem.movieguide.details.DetailsComponent,inject/1[com.esoxjem.movieguide.details.MovieDetailsFragment],false,11,1,1,1,0,1,0,1,0,0,1,0,0,0,0,0,0,0,0,0,0,0,0,0,0,0,5,0,0,false
c:\Users\arthur.menezes_evolu\Desktop\Pes\MovieGuide\app\src\test\java\com\esoxjem\movieguide\listing\MoviesListingPresenterImplTest.java,com.esoxjem.movieguide.listing.MoviesListingPresenterImplTest,shouldBeAbleToDisplayMovies/0,false,51,5,2,0,2,1,8,6,0,1,0,8,0,0,0,0,0,0,0,0,1,0,0,0,0,0,14,1,0,false
c:\Users\arthur.menezes_evolu\Desktop\Pes\MovieGuide\app\src\test\java\com\esoxjem\movieguide\listing\MoviesListingPresenterImplTest.java,com.esoxjem.movieguide.listing.MoviesListingPresenterImplTest,setUp/0,false,41,2,1,0,1,1,0,3,0,0,0,0,0,0,0,0,0,0,0,0,1,0,0,0,0,0,9,1,0,false
c:\Users\arthur.menezes_evolu\Desktop\Pes\MovieGuide\app\src\test\java\com\esoxjem\movieguide\listing\MoviesListingPresenterImplTest.java,com.esoxjem.movieguide.listing.MoviesListingPresenterImplTest,teardown/0,false,46,2,1,0,1,1,1,3,0,0,0,1,0,0,0,0,0,0,0,0,0,0,0,0,0,0,1,1,0,false
c:\Users\arthur.menezes_evolu\Desktop\Pes\MovieGuide\app\src\main\java\com\esoxjem\movieguide\listing\MoviesListingFragment.java,com.esoxjem.movieguide.listing.MoviesListingFragment$Callback,onMoviesLoaded/1[com.esoxjem.movieguide.Movie],false,193,1,1,1,0,1,0,1,0,0,1,0,0,0,0,0,0,0,0,0,0,0,0,0,0,0,5,0,0,false
c:\Users\arthur.menezes_evolu\Desktop\Pes\MovieGuide\app\src\main\java\com\esoxjem\movieguide\listing\MoviesListingFragment.java,com.esoxjem.movieguide.listing.MoviesListingFragment$Callback,onMovieClicked/1[com.esoxjem.movieguide.Movie],false,195,1,1,1,0,1,0,1,0,0,1,0,0,0,0,0,0,0,0,0,0,0,0,0,0,0,4,0,0,false
c:\Users\arthur.menezes_evolu\Desktop\Pes\MovieGuide\app\src\main\java\com\esoxjem\movieguide\BaseApplication.java,com.esoxjem.movieguide.BaseApplication,releaseDetailsComponent/0,false,48,0,1,1,0,1,0,3,0,0,0,0,0,0,0,0,0,0,0,0,1,0,0,0,0,0,5,1,0,false
c:\Users\arthur.menezes_evolu\Desktop\Pes\MovieGuide\app\src\main\java\com\esoxjem\movieguide\BaseApplication.java,com.esoxjem.movieguide.BaseApplication,releaseListingComponent/0,false,57,0,1,1,0,1,0,3,0,0,0,0,0,0,0,0,0,0,0,0,1,0,0,0,0,0,5,1,0,false
c:\Users\arthur.menezes_evolu\Desktop\Pes\MovieGuide\app\src\main\java\com\esoxjem\movieguide\BaseApplication.java,com.esoxjem.movieguide.BaseApplication,getListingComponent/0,false,61,1,1,1,0,1,0,3,1,0,0,0,0,0,0,0,0,0,0,0,0,0,0,0,0,0,4,1,0,false
c:\Users\arthur.menezes_evolu\Desktop\Pes\MovieGuide\app\src\main\java\com\esoxjem\movieguide\BaseApplication.java,com.esoxjem.movieguide.BaseApplication,initRealm/0,false,39,0,1,1,0,1,1,3,0,0,0,1,0,0,0,0,0,0,0,0,0,0,0,0,0,0,2,2,0,false
c:\Users\arthur.menezes_evolu\Desktop\Pes\MovieGuide\app\src\main\java\com\esoxjem\movieguide\BaseApplication.java,com.esoxjem.movieguide.BaseApplication,createListingComponent/0,false,52,3,3,1,2,1,1,4,1,0,0,1,0,0,0,0,0,0,0,0,1,0,0,0,0,0,5,1,0,false
c:\Users\arthur.menezes_evolu\Desktop\Pes\MovieGuide\app\src\main\java\com\esoxjem\movieguide\BaseApplication.java,com.esoxjem.movieguide.BaseApplication,createDetailsComponent/0,false,43,3,3,1,2,1,1,4,1,0,0,1,0,0,0,0,0,0,0,0,1,0,0,0,0,0,5,1,0,false
c:\Users\arthur.menezes_evolu\Desktop\Pes\MovieGuide\app\src\main\java\com\esoxjem\movieguide\BaseApplication.java,com.esoxjem.movieguide.BaseApplication,onCreate/0,false,24,1,2,0,2,1,4,6,0,0,0,4,2,1,0,0,0,0,0,0,1,0,0,0,0,0,8,1,0,false
c:\Users\arthur.menezes_evolu\Desktop\Pes\MovieGuide\app\src\main\java\com\esoxjem\movieguide\BaseApplication.java,com.esoxjem.movieguide.BaseApplication,createAppComponent/0,false,31,4,4,1,3,1,5,3,1,0,0,5,0,0,0,0,0,0,0,0,0,0,0,0,0,0,6,2,0,false
c:\Users\arthur.menezes_evolu\Desktop\Pes\MovieGuide\app\src\main\java\com\esoxjem\movieguide\listing\MoviesListingAdapter.java,com.esoxjem.movieguide.listing.MoviesListingAdapter$Anonymous1,"onResourceReady/2[com.esoxjem.movieguide.listing.Bitmap,com.esoxjem.movieguide.listing.Transition<? super com.esoxjem.movieguide.listing.Bitmap>]",false,89,3,0,0,0,1,4,4,0,1,2,4,0,0,0,0,0,0,0,0,0,0,0,0,0,1,10,1,0,false
c:\Users\arthur.menezes_evolu\Desktop\Pes\MovieGuide\app\src\main\java\com\esoxjem\movieguide\details\MovieDetailsActivity.java,com.esoxjem.movieguide.details.MovieDetailsActivity,onCreate/1[com.esoxjem.movieguide.details.Bundle],false,15,3,1,0,1,5,11,14,0,3,1,11,0,0,0,3,0,0,0,0,3,0,3,0,0,0,19,4,0,false
c:\Users\arthur.menezes_evolu\Desktop\Pes\MovieGuide\app\src\main\java\com\esoxjem\movieguide\details\MovieDetailsActivity.java,com.esoxjem.movieguide.details.MovieDetailsActivity,onOptionsItemSelected/1[com.esoxjem.movieguide.details.MenuItem],false,32,1,0,0,0,2,3,7,1,0,1,3,0,0,0,0,0,0,0,0,0,0,1,0,0,0,6,1,0,false
c:\Users\arthur.menezes_evolu\Desktop\Pes\MovieGuide\app\src\main\java\com\esoxjem\movieguide\listing\MoviesListingPresenter.java,com.esoxjem.movieguide.listing.MoviesListingPresenter,destroy/0,false,17,0,1,1,0,1,0,1,0,0,0,0,0,0,0,0,0,0,0,0,0,0,0,0,0,0,1,0,0,false
c:\Users\arthur.menezes_evolu\Desktop\Pes\MovieGuide\app\src\main\java\com\esoxjem\movieguide\listing\MoviesListingPresenter.java,com.esoxjem.movieguide.listing.MoviesListingPresenter,searchMovie/1[java.lang.String],false,13,0,1,1,0,1,0,1,0,0,1,0,0,0,0,0,0,0,0,0,0,0,0,0,0,0,3,0,0,false
c:\Users\arthur.menezes_evolu\Desktop\Pes\MovieGuide\app\src\main\java\com\esoxjem\movieguide\listing\MoviesListingPresenter.java,com.esoxjem.movieguide.listing.MoviesListingPresenter,firstPage/0,false,7,0,3,3,0,1,0,1,0,0,0,0,0,0,0,0,0,0,0,0,0,0,0,0,0,0,2,0,0,false
c:\Users\arthur.menezes_evolu\Desktop\Pes\MovieGuide\app\src\main\java\com\esoxjem\movieguide\listing\MoviesListingPresenter.java,com.esoxjem.movieguide.listing.MoviesListingPresenter,nextPage/0,false,9,0,1,1,0,1,0,1,0,0,0,0,0,0,0,0,0,0,0,0,0,0,0,0,0,0,2,0,0,false
c:\Users\arthur.menezes_evolu\Desktop\Pes\MovieGuide\app\src\main\java\com\esoxjem\movieguide\listing\MoviesListingPresenter.java,com.esoxjem.movieguide.listing.MoviesListingPresenter,setView/1[com.esoxjem.movieguide.listing.MoviesListingView],false,11,1,1,1,0,1,0,1,0,0,1,0,0,0,0,0,0,0,0,0,0,0,0,0,0,0,5,0,0,false
c:\Users\arthur.menezes_evolu\Desktop\Pes\MovieGuide\app\src\main\java\com\esoxjem\movieguide\listing\MoviesListingPresenter.java,com.esoxjem.movieguide.listing.MoviesListingPresenter,searchMovieBackPressed/0,false,15,0,1,1,0,1,0,1,0,0,0,0,0,0,0,0,0,0,0,0,0,0,0,0,0,0,4,0,0,false
c:\Users\arthur.menezes_evolu\Desktop\Pes\MovieGuide\app\src\main\java\com\esoxjem\movieguide\AppComponent.java,com.esoxjem.movieguide.AppComponent,plus/1[com.esoxjem.movieguide.details.DetailsModule],false,24,2,1,1,0,1,0,1,0,0,1,0,0,0,0,0,0,0,0,0,0,0,0,0,0,0,5,0,0,false
c:\Users\arthur.menezes_evolu\Desktop\Pes\MovieGuide\app\src\main\java\com\esoxjem\movieguide\AppComponent.java,com.esoxjem.movieguide.AppComponent,plus/1[com.esoxjem.movieguide.listing.ListingModule],false,26,2,1,1,0,1,0,1,0,0,1,0,0,0,0,0,0,0,0,0,0,0,0,0,0,0,5,0,0,false
c:\Users\arthur.menezes_evolu\Desktop\Pes\MovieGuide\app\src\main\java\com\esoxjem\movieguide\listing\MoviesListingAdapter.java,com.esoxjem.movieguide.listing.MoviesListingAdapter,"setBackgroundColor/2[com.esoxjem.movieguide.listing.Palette,com.esoxjem.movieguide.listing.MoviesListingAdapter.ViewHolder]",false,96,2,0,0,0,1,4,3,0,0,2,4,0,0,0,0,0,0,0,0,0,0,0,0,0,0,5,2,0,false
c:\Users\arthur.menezes_evolu\Desktop\Pes\MovieGuide\app\src\main\java\com\esoxjem\movieguide\listing\MoviesListingAdapter.java,com.esoxjem.movieguide.listing.MoviesListingAdapter,"MoviesListingAdapter/2[java.util.List<com.esoxjem.movieguide.Movie>,com.esoxjem.movieguide.listing.MoviesListingView]",true,59,2,1,1,0,1,0,4,0,0,2,0,0,0,0,0,0,0,0,0,2,0,0,0,0,0,6,1,0,false
c:\Users\arthur.menezes_evolu\Desktop\Pes\MovieGuide\app\src\main\java\com\esoxjem\movieguide\listing\MoviesListingAdapter.java,com.esoxjem.movieguide.listing.MoviesListingAdapter,getItemCount/0,false,102,0,0,0,0,1,1,3,1,0,0,1,0,0,0,0,0,0,0,0,0,0,0,0,0,0,3,1,0,false
c:\Users\arthur.menezes_evolu\Desktop\Pes\MovieGuide\app\src\main\java\com\esoxjem\movieguide\listing\MoviesListingAdapter.java,com.esoxjem.movieguide.listing.MoviesListingAdapter,"onBindViewHolder/2[com.esoxjem.movieguide.listing.MoviesListingAdapter.ViewHolder,int]",false,73,5,3,0,3,1,14,13,0,1,2,14,0,0,0,0,0,0,0,0,2,0,0,1,0,0,21,1,0,false
c:\Users\arthur.menezes_evolu\Desktop\Pes\MovieGuide\app\src\main\java\com\esoxjem\movieguide\listing\MoviesListingAdapter.java,com.esoxjem.movieguide.listing.MoviesListingAdapter,"onCreateViewHolder/2[com.esoxjem.movieguide.listing.ViewGroup,int]",false,65,3,1,0,1,1,3,5,1,1,2,3,0,0,0,0,0,0,0,0,2,0,0,0,0,0,9,1,0,false
c:\Users\arthur.menezes_evolu\Desktop\Pes\MovieGuide\app\src\main\java\com\esoxjem\movieguide\Video.java,com.esoxjem.movieguide.Video,setVideoId/1[java.lang.String],false,91,0,0,0,0,1,0,3,0,0,1,0,0,0,0,0,0,0,0,0,1,0,0,0,0,0,4,1,0,false
c:\Users\arthur.menezes_evolu\Desktop\Pes\MovieGuide\app\src\main\java\com\esoxjem\movieguide\Video.java,com.esoxjem.movieguide.Video,setType/1[java.lang.String],false,107,0,0,0,0,1,0,3,0,0,1,0,0,0,0,0,0,0,0,0,1,0,0,0,0,0,3,1,0,false
c:\Users\arthur.menezes_evolu\Desktop\Pes\MovieGuide\app\src\main\java\com\esoxjem\movieguide\Video.java,com.esoxjem.movieguide.Video,Video/0,true,22,0,0,0,0,1,0,2,0,0,0,0,0,0,0,0,0,0,0,0,0,0,0,0,0,0,1,1,0,false
c:\Users\arthur.menezes_evolu\Desktop\Pes\MovieGuide\app\src\main\java\com\esoxjem\movieguide\Video.java,com.esoxjem.movieguide.Video,setSite/1[java.lang.String],false,83,0,0,0,0,1,0,3,0,0,1,0,0,0,0,0,0,0,0,0,1,0,0,0,0,0,3,1,0,false
c:\Users\arthur.menezes_evolu\Desktop\Pes\MovieGuide\app\src\main\java\com\esoxjem\movieguide\Video.java,com.esoxjem.movieguide.Video,setSize/1[int],false,99,0,0,0,0,1,0,3,0,0,1,0,0,0,0,0,0,0,0,0,1,0,0,0,0,0,3,1,0,false
c:\Users\arthur.menezes_evolu\Desktop\Pes\MovieGuide\app\src\main\java\com\esoxjem\movieguide\Video.java,com.esoxjem.movieguide.Video,getUrl/1[com.esoxjem.movieguide.Video],false,47,1,3,1,2,2,4,8,2,0,1,4,2,1,0,0,0,0,0,0,0,0,1,0,0,0,4,9,0,false
c:\Users\arthur.menezes_evolu\Desktop\Pes\MovieGuide\app\src\main\java\com\esoxjem\movieguide\Video.java,com.esoxjem.movieguide.Video,getVideoId/0,false,87,0,2,2,0,1,0,3,1,0,0,0,0,0,0,0,0,0,0,0,0,0,0,0,0,0,4,1,0,false
c:\Users\arthur.menezes_evolu\Desktop\Pes\MovieGuide\app\src\main\java\com\esoxjem\movieguide\Video.java,com.esoxjem.movieguide.Video,getSize/0,false,95,0,0,0,0,1,0,3,1,0,0,0,0,0,0,0,0,0,0,0,0,0,0,0,0,0,3,1,0,false
c:\Users\arthur.menezes_evolu\Desktop\Pes\MovieGuide\app\src\main\java\com\esoxjem\movieguide\Video.java,com.esoxjem.movieguide.Video,getType/0,false,103,0,0,0,0,1,0,3,1,0,0,0,0,0,0,0,0,0,0,0,0,0,0,0,0,0,3,1,0,false
c:\Users\arthur.menezes_evolu\Desktop\Pes\MovieGuide\app\src\main\java\com\esoxjem\movieguide\Video.java,com.esoxjem.movieguide.Video,getThumbnailUrl/1[com.esoxjem.movieguide.Video],false,55,1,3,1,2,2,4,8,2,0,1,4,2,1,0,0,0,0,0,0,0,0,1,0,0,0,5,9,0,false
c:\Users\arthur.menezes_evolu\Desktop\Pes\MovieGuide\app\src\main\java\com\esoxjem\movieguide\Video.java,com.esoxjem.movieguide.Video,getSite/0,false,79,0,2,2,0,1,0,3,1,0,0,0,0,0,0,0,0,0,0,0,0,0,0,0,0,0,3,1,0,false
c:\Users\arthur.menezes_evolu\Desktop\Pes\MovieGuide\app\src\main\java\com\esoxjem\movieguide\Video.java,com.esoxjem.movieguide.Video,"writeToParcel/2[com.esoxjem.movieguide.Parcel,int]",false,117,1,0,0,0,1,2,8,0,0,2,2,0,0,0,0,0,0,0,0,0,0,0,0,0,0,11,1,0,false
c:\Users\arthur.menezes_evolu\Desktop\Pes\MovieGuide\app\src\main\java\com\esoxjem\movieguide\Video.java,com.esoxjem.movieguide.Video,setId/1[java.lang.String],false,67,0,0,0,0,1,0,3,0,0,1,0,0,0,0,0,0,0,0,0,1,0,0,0,0,0,3,1,0,false
c:\Users\arthur.menezes_evolu\Desktop\Pes\MovieGuide\app\src\main\java\com\esoxjem\movieguide\Video.java,com.esoxjem.movieguide.Video,getName/0,false,71,0,0,0,0,1,0,3,1,0,0,0,0,0,0,0,0,0,0,0,0,0,0,0,0,0,3,1,0,false
c:\Users\arthur.menezes_evolu\Desktop\Pes\MovieGuide\app\src\main\java\com\esoxjem\movieguide\Video.java,com.esoxjem.movieguide.Video,describeContents/0,false,112,0,0,0,0,1,0,3,1,0,0,0,0,0,0,0,0,0,0,1,0,0,0,0,0,0,2,1,0,false
c:\Users\arthur.menezes_evolu\Desktop\Pes\MovieGuide\app\src\main\java\com\esoxjem\movieguide\Video.java,com.esoxjem.movieguide.Video,setName/1[java.lang.String],false,75,0,0,0,0,1,0,3,0,0,1,0,0,0,0,0,0,0,0,0,1,0,0,0,0,0,3,1,0,false
c:\Users\arthur.menezes_evolu\Desktop\Pes\MovieGuide\app\src\main\java\com\esoxjem\movieguide\Video.java,com.esoxjem.movieguide.Video,Video/1[com.esoxjem.movieguide.Parcel],true,26,1,1,1,0,1,2,8,0,0,1,2,0,0,0,0,0,0,0,0,6,0,0,0,0,0,10,4,0,false
c:\Users\arthur.menezes_evolu\Desktop\Pes\MovieGuide\app\src\main\java\com\esoxjem\movieguide\Video.java,com.esoxjem.movieguide.Video,getId/0,false,63,0,0,0,0,1,0,3,1,0,0,0,0,0,0,0,0,0,0,0,0,0,0,0,0,0,3,1,0,false
c:\Users\arthur.menezes_evolu\Desktop\Pes\MovieGuide\app\src\main\java\com\esoxjem\movieguide\favorites\FavoritesInteractorImpl.java,com.esoxjem.movieguide.favorites.FavoritesInteractorImpl,FavoritesInteractorImpl/1[com.esoxjem.movieguide.favorites.FavoritesStore],true,13,1,1,1,0,1,0,3,0,0,1,0,0,0,0,0,0,0,0,0,1,0,0,0,0,0,6,0,0,false
c:\Users\arthur.menezes_evolu\Desktop\Pes\MovieGuide\app\src\main\java\com\esoxjem\movieguide\favorites\FavoritesInteractorImpl.java,com.esoxjem.movieguide.favorites.FavoritesInteractorImpl,getFavorites/0,false,28,2,1,0,1,1,1,3,1,0,0,1,0,0,0,0,0,0,0,0,0,0,0,0,0,0,2,1,0,false
c:\Users\arthur.menezes_evolu\Desktop\Pes\MovieGuide\app\src\main\java\com\esoxjem\movieguide\favorites\FavoritesInteractorImpl.java,com.esoxjem.movieguide.favorites.FavoritesInteractorImpl,unFavorite/1[java.lang.String],false,33,1,1,0,1,1,1,3,0,0,1,1,0,0,0,0,0,0,0,0,0,0,0,0,0,0,3,1,0,false
c:\Users\arthur.menezes_evolu\Desktop\Pes\MovieGuide\app\src\main\java\com\esoxjem\movieguide\favorites\FavoritesInteractorImpl.java,com.esoxjem.movieguide.favorites.FavoritesInteractorImpl,setFavorite/1[com.esoxjem.movieguide.Movie],false,18,2,1,0,1,1,1,3,0,0,1,1,0,0,0,0,0,0,0,0,0,0,0,0,0,0,4,1,0,false
c:\Users\arthur.menezes_evolu\Desktop\Pes\MovieGuide\app\src\main\java\com\esoxjem\movieguide\favorites\FavoritesInteractorImpl.java,com.esoxjem.movieguide.favorites.FavoritesInteractorImpl,isFavorite/1[java.lang.String],false,23,1,1,0,1,1,1,3,1,0,1,1,0,0,0,0,0,0,0,0,0,0,0,0,0,0,3,1,0,false
c:\Users\arthur.menezes_evolu\Desktop\Pes\MovieGuide\app\src\main\java\com\esoxjem\movieguide\Movie.java,com.esoxjem.movieguide.Movie$Anonymous1,createFromParcel/1[com.esoxjem.movieguide.Parcel],false,37,2,3,0,3,1,0,3,1,0,1,0,0,0,0,0,0,0,0,0,0,0,0,0,0,0,5,1,0,false
c:\Users\arthur.menezes_evolu\Desktop\Pes\MovieGuide\app\src\main\java\com\esoxjem\movieguide\Movie.java,com.esoxjem.movieguide.Movie$Anonymous1,newArray/1[int],false,42,1,0,0,0,1,0,3,1,0,1,0,0,0,0,0,0,0,0,0,0,0,0,0,0,0,3,1,0,false
c:\Users\arthur.menezes_evolu\Desktop\Pes\MovieGuide\app\src\main\java\com\esoxjem\movieguide\util\RxUtils.java,com.esoxjem.movieguide.util.RxUtils,unsubscribe/1[com.esoxjem.movieguide.util.Disposable],false,10,1,2,2,0,3,2,5,0,0,1,2,0,0,0,1,0,0,0,0,0,0,1,0,0,0,4,9,0,false
c:\Users\arthur.menezes_evolu\Desktop\Pes\MovieGuide\app\src\main\java\com\esoxjem\movieguide\util\RxUtils.java,com.esoxjem.movieguide.util.RxUtils,unsubscribe/1[com.esoxjem.movieguide.util.Disposable[]],false,16,2,3,2,1,2,1,5,0,0,1,1,1,1,1,0,0,0,0,0,0,0,1,0,0,0,4,9,0,false
c:\Users\arthur.menezes_evolu\Desktop\Pes\MovieGuide\app\src\main\java\com\esoxjem\movieguide\listing\ListingModule.java,com.esoxjem.movieguide.listing.ListingModule,provideMovieListingPresenter/1[com.esoxjem.movieguide.listing.MoviesListingInteractor],false,24,4,1,0,1,1,0,3,1,0,1,0,0,0,0,0,0,0,0,0,0,0,0,0,0,0,8,0,0,false
c:\Users\arthur.menezes_evolu\Desktop\Pes\MovieGuide\app\src\main\java\com\esoxjem\movieguide\listing\ListingModule.java,com.esoxjem.movieguide.listing.ListingModule,"provideMovieListingInteractor/3[com.esoxjem.movieguide.favorites.FavoritesInteractor,com.esoxjem.movieguide.network.TmdbWebService,com.esoxjem.movieguide.listing.sorting.SortingOptionStore]",false,19,6,1,0,1,1,0,3,1,0,3,0,0,0,0,0,0,0,0,0,0,0,0,0,0,0,10,0,0,false
c:\Users\arthur.menezes_evolu\Desktop\Pes\MovieGuide\app\src\main\java\com\esoxjem\movieguide\details\DetailsModule.java,com.esoxjem.movieguide.details.DetailsModule,provideInteractor/1[com.esoxjem.movieguide.network.TmdbWebService],false,17,5,1,0,1,1,0,3,1,0,1,0,0,0,0,0,0,0,0,0,0,0,0,0,0,0,9,0,0,false
c:\Users\arthur.menezes_evolu\Desktop\Pes\MovieGuide\app\src\main\java\com\esoxjem\movieguide\details\DetailsModule.java,com.esoxjem.movieguide.details.DetailsModule,"providePresenter/2[com.esoxjem.movieguide.details.MovieDetailsInteractor,com.esoxjem.movieguide.favorites.FavoritesInteractor]",false,24,6,1,0,1,1,0,3,1,0,2,0,0,0,0,0,0,0,0,0,0,0,0,0,0,0,7,0,0,false
c:\Users\arthur.menezes_evolu\Desktop\Pes\MovieGuide\app\src\main\java\com\esoxjem\movieguide\details\MovieDetailsView.java,com.esoxjem.movieguide.details.MovieDetailsView,showDetails/1[com.esoxjem.movieguide.Movie],false,13,1,1,1,0,1,0,1,0,0,1,0,0,0,0,0,0,0,0,0,0,0,0,0,0,0,4,0,0,false
c:\Users\arthur.menezes_evolu\Desktop\Pes\MovieGuide\app\src\main\java\com\esoxjem\movieguide\details\MovieDetailsView.java,com.esoxjem.movieguide.details.MovieDetailsView,showReviews/1[java.util.List<com.esoxjem.movieguide.Review>],false,17,1,1,1,0,1,0,1,0,0,1,0,0,0,0,0,0,0,0,0,0,0,0,0,0,0,3,0,0,false
c:\Users\arthur.menezes_evolu\Desktop\Pes\MovieGuide\app\src\main\java\com\esoxjem\movieguide\details\MovieDetailsView.java,com.esoxjem.movieguide.details.MovieDetailsView,showFavorited/0,false,19,0,2,2,0,1,0,1,0,0,0,0,0,0,0,0,0,0,0,0,0,0,0,0,0,0,2,0,0,false
c:\Users\arthur.menezes_evolu\Desktop\Pes\MovieGuide\app\src\main\java\com\esoxjem\movieguide\details\MovieDetailsView.java,com.esoxjem.movieguide.details.MovieDetailsView,showTrailers/1[java.util.List<com.esoxjem.movieguide.Video>],false,15,1,1,1,0,1,0,1,0,0,1,0,0,0,0,0,0,0,0,0,0,0,0,0,0,0,3,0,0,false
c:\Users\arthur.menezes_evolu\Desktop\Pes\MovieGuide\app\src\main\java\com\esoxjem\movieguide\details\MovieDetailsView.java,com.esoxjem.movieguide.details.MovieDetailsView,showUnFavorited/0,false,21,0,2,2,0,1,0,1,0,0,0,0,0,0,0,0,0,0,0,0,0,0,0,0,0,0,3,0,0,false
c:\Users\arthur.menezes_evolu\Desktop\Pes\MovieGuide\app\src\main\java\com\esoxjem\movieguide\listing\sorting\SortingDialogPresenterImpl.java,com.esoxjem.movieguide.listing.sorting.SortingDialogPresenterImpl,onHighestRatedMoviesSelected/0,false,54,3,4,1,3,2,3,6,0,0,0,3,1,1,0,0,0,0,0,0,0,0,1,0,0,0,8,1,0,false
c:\Users\arthur.menezes_evolu\Desktop\Pes\MovieGuide\app\src\main\java\com\esoxjem\movieguide\listing\sorting\SortingDialogPresenterImpl.java,com.esoxjem.movieguide.listing.sorting.SortingDialogPresenterImpl,SortingDialogPresenterImpl/1[com.esoxjem.movieguide.listing.sorting.SortingDialogInteractor],true,10,1,2,2,0,1,0,3,0,0,1,0,0,0,0,0,0,0,0,0,1,0,0,0,0,0,7,0,0,false
c:\Users\arthur.menezes_evolu\Desktop\Pes\MovieGuide\app\src\main\java\com\esoxjem\movieguide\listing\sorting\SortingDialogPresenterImpl.java,com.esoxjem.movieguide.listing.sorting.SortingDialogPresenterImpl,isViewAttached/0,false,41,0,5,5,0,2,0,3,1,0,0,0,0,0,0,1,0,0,0,0,0,0,0,0,0,0,5,2,0,false
c:\Users\arthur.menezes_evolu\Desktop\Pes\MovieGuide\app\src\main\java\com\esoxjem\movieguide\listing\sorting\SortingDialogPresenterImpl.java,com.esoxjem.movieguide.listing.sorting.SortingDialogPresenterImpl,setView/1[com.esoxjem.movieguide.listing.sorting.SortingDialogView],false,15,1,1,1,0,1,0,3,0,0,1,0,0,0,0,0,0,0,0,0,1,0,0,0,0,0,5,1,0,false
c:\Users\arthur.menezes_evolu\Desktop\Pes\MovieGuide\app\src\main\java\com\esoxjem\movieguide\listing\sorting\SortingDialogPresenterImpl.java,com.esoxjem.movieguide.listing.sorting.SortingDialogPresenterImpl,onPopularMoviesSelected/0,false,46,3,4,1,3,2,3,6,0,0,0,3,1,1,0,0,0,0,0,0,0,0,1,0,0,0,7,1,0,false
c:\Users\arthur.menezes_evolu\Desktop\Pes\MovieGuide\app\src\main\java\com\esoxjem\movieguide\listing\sorting\SortingDialogPresenterImpl.java,com.esoxjem.movieguide.listing.sorting.SortingDialogPresenterImpl,onNewestMoviesSelected/0,false,62,3,4,1,3,2,3,6,0,0,0,3,1,1,0,0,0,0,0,0,0,0,1,0,0,0,7,1,0,false
c:\Users\arthur.menezes_evolu\Desktop\Pes\MovieGuide\app\src\main\java\com\esoxjem\movieguide\listing\sorting\SortingDialogPresenterImpl.java,com.esoxjem.movieguide.listing.sorting.SortingDialogPresenterImpl,onFavoritesSelected/0,false,70,3,4,1,3,2,3,6,0,0,0,3,1,1,0,0,0,0,0,0,0,0,1,0,0,0,6,1,0,false
c:\Users\arthur.menezes_evolu\Desktop\Pes\MovieGuide\app\src\main\java\com\esoxjem\movieguide\listing\sorting\SortingDialogPresenterImpl.java,com.esoxjem.movieguide.listing.sorting.SortingDialogPresenterImpl,setLastSavedOption/0,false,25,4,11,4,7,5,7,17,0,1,0,7,1,1,0,3,0,0,0,0,1,0,2,0,0,0,8,1,0,false
c:\Users\arthur.menezes_evolu\Desktop\Pes\MovieGuide\app\src\main\java\com\esoxjem\movieguide\listing\sorting\SortingDialogPresenterImpl.java,com.esoxjem.movieguide.listing.sorting.SortingDialogPresenterImpl,destroy/0,false,20,0,0,0,0,1,0,3,0,0,0,0,0,0,0,0,0,0,0,0,1,0,0,0,0,0,3,1,0,false
c:\Users\arthur.menezes_evolu\Desktop\Pes\MovieGuide\app\src\main\java\com\esoxjem\movieguide\MoviesWraper.java,com.esoxjem.movieguide.MoviesWraper,getMovieList/0,false,16,1,0,0,0,1,0,3,1,0,0,0,0,0,0,0,0,0,0,0,0,0,0,0,0,0,4,1,0,false
c:\Users\arthur.menezes_evolu\Desktop\Pes\MovieGuide\app\src\main\java\com\esoxjem\movieguide\MoviesWraper.java,com.esoxjem.movieguide.MoviesWraper,setMovieList/1[java.util.List<com.esoxjem.movieguide.Movie>],false,20,1,0,0,0,1,0,3,0,0,1,0,0,0,0,0,0,0,0,0,1,0,0,0,0,0,4,1,0,false
c:\Users\arthur.menezes_evolu\Desktop\Pes\MovieGuide\app\src\main\java\com\esoxjem\movieguide\network\RequestInterceptor.java,com.esoxjem.movieguide.network.RequestInterceptor,intercept/1[com.esoxjem.movieguide.network.Chain],false,27,4,0,0,0,1,6,7,1,4,1,6,0,0,0,0,0,0,1,0,4,0,0,0,0,0,13,1,0,false
c:\Users\arthur.menezes_evolu\Desktop\Pes\MovieGuide\app\src\main\java\com\esoxjem\movieguide\network\RequestInterceptor.java,com.esoxjem.movieguide.network.RequestInterceptor,RequestInterceptor/0,true,23,1,0,0,0,1,0,2,0,0,0,0,0,0,0,0,0,0,0,0,0,0,0,0,0,0,2,1,0,false
c:\Users\arthur.menezes_evolu\Desktop\Pes\MovieGuide\app\src\main\java\com\esoxjem\movieguide\listing\MoviesListingInteractor.java,com.esoxjem.movieguide.listing.MoviesListingInteractor,fetchMovies/1[int],false,15,2,2,2,0,1,0,1,0,0,1,0,0,0,0,0,0,0,0,0,0,0,0,0,0,0,3,0,0,false
c:\Users\arthur.menezes_evolu\Desktop\Pes\MovieGuide\app\src\main\java\com\esoxjem\movieguide\listing\MoviesListingInteractor.java,com.esoxjem.movieguide.listing.MoviesListingInteractor,isPaginationSupported/0,false,13,0,2,2,0,1,0,1,0,0,0,0,0,0,0,0,0,0,0,0,0,0,0,0,0,0,3,0,0,false
c:\Users\arthur.menezes_evolu\Desktop\Pes\MovieGuide\app\src\main\java\com\esoxjem\movieguide\listing\MoviesListingInteractor.java,com.esoxjem.movieguide.listing.MoviesListingInteractor,searchMovie/1[java.lang.String],false,17,2,1,1,0,1,0,1,0,0,1,0,0,0,0,0,0,0,0,0,0,0,0,0,0,0,3,0,0,false
c:\Users\arthur.menezes_evolu\Desktop\Pes\MovieGuide\app\src\test\java\com\esoxjem\movieguide\listing\sorting\SortingDialogPresenterImplTest.java,com.esoxjem.movieguide.listing.sorting.SortingDialogPresenterImplTest,onHighestRatedMoviesSelected/0,false,71,2,1,0,1,1,3,4,0,0,0,3,0,0,0,0,0,0,0,0,0,0,0,0,0,0,8,1,0,false
c:\Users\arthur.menezes_evolu\Desktop\Pes\MovieGuide\app\src\test\java\com\esoxjem\movieguide\listing\sorting\SortingDialogPresenterImplTest.java,com.esoxjem.movieguide.listing.sorting.SortingDialogPresenterImplTest,setUp/0,false,30,2,2,0,2,1,1,4,0,0,0,1,0,0,0,0,0,0,0,0,1,0,0,0,0,0,10,1,0,false
c:\Users\arthur.menezes_evolu\Desktop\Pes\MovieGuide\app\src\test\java\com\esoxjem\movieguide\listing\sorting\SortingDialogPresenterImplTest.java,com.esoxjem.movieguide.listing.sorting.SortingDialogPresenterImplTest,shouldCheckPopularIfLastSavedOptionIsPopular/0,false,36,4,3,0,3,1,7,5,0,0,0,7,0,0,0,0,0,0,0,0,0,0,0,0,0,0,12,1,0,false
c:\Users\arthur.menezes_evolu\Desktop\Pes\MovieGuide\app\src\test\java\com\esoxjem\movieguide\listing\sorting\SortingDialogPresenterImplTest.java,com.esoxjem.movieguide.listing.sorting.SortingDialogPresenterImplTest,shouldCheckFavoritesIfLastSavedOptionIsFavorites/0,false,50,4,3,0,3,1,7,5,0,0,0,7,0,0,0,0,0,0,0,0,0,0,0,0,0,0,12,1,0,false
c:\Users\arthur.menezes_evolu\Desktop\Pes\MovieGuide\app\src\test\java\com\esoxjem\movieguide\listing\sorting\SortingDialogPresenterImplTest.java,com.esoxjem.movieguide.listing.sorting.SortingDialogPresenterImplTest,onNewestMoviesSelected/0,false,83,2,1,0,1,1,3,4,0,0,0,3,0,0,0,0,0,0,0,0,0,0,0,0,0,0,7,1,0,false
c:\Users\arthur.menezes_evolu\Desktop\Pes\MovieGuide\app\src\test\java\com\esoxjem\movieguide\listing\sorting\SortingDialogPresenterImplTest.java,com.esoxjem.movieguide.listing.sorting.SortingDialogPresenterImplTest,onFavoritesSelected/0,false,77,2,1,0,1,1,3,4,0,0,0,3,0,0,0,0,0,0,0,0,0,0,0,0,0,0,6,1,0,false
c:\Users\arthur.menezes_evolu\Desktop\Pes\MovieGuide\app\src\test\java\com\esoxjem\movieguide\listing\sorting\SortingDialogPresenterImplTest.java,com.esoxjem.movieguide.listing.sorting.SortingDialogPresenterImplTest,onPopularMoviesSelected/0,false,65,2,1,0,1,1,3,4,0,0,0,3,0,0,0,0,0,0,0,0,0,0,0,0,0,0,7,1,0,false
c:\Users\arthur.menezes_evolu\Desktop\Pes\MovieGuide\app\src\test\java\com\esoxjem\movieguide\listing\sorting\SortingDialogPresenterImplTest.java,com.esoxjem.movieguide.listing.sorting.SortingDialogPresenterImplTest,shouldCheckHighestRatedIfLastSavedOptionIsHighestRated/0,false,43,4,3,0,3,1,7,5,0,0,0,7,0,0,0,0,0,0,0,0,0,0,0,0,0,0,13,1,0,false
c:\Users\arthur.menezes_evolu\Desktop\Pes\MovieGuide\app\src\test\java\com\esoxjem\movieguide\listing\sorting\SortingDialogPresenterImplTest.java,com.esoxjem.movieguide.listing.sorting.SortingDialogPresenterImplTest,shouldCheckNewestMoviesIfLastSavedOptionIsHighestRated/0,false,57,4,3,0,3,1,7,5,0,0,0,7,0,0,0,0,0,0,0,0,0,0,0,0,0,0,15,1,0,false
c:\Users\arthur.menezes_evolu\Desktop\Pes\MovieGuide\app\src\main\java\com\esoxjem\movieguide\Video.java,com.esoxjem.movieguide.Video$Anonymous1,createFromParcel/1[com.esoxjem.movieguide.Parcel],false,37,2,3,0,3,1,0,3,1,0,1,0,0,0,0,0,0,0,0,0,0,0,0,0,0,0,5,1,0,false
c:\Users\arthur.menezes_evolu\Desktop\Pes\MovieGuide\app\src\main\java\com\esoxjem\movieguide\Video.java,com.esoxjem.movieguide.Video$Anonymous1,newArray/1[int],false,42,1,0,0,0,1,0,3,1,0,1,0,0,0,0,0,0,0,0,0,0,0,0,0,0,0,3,1,0,false
c:\Users\arthur.menezes_evolu\Desktop\Pes\MovieGuide\app\src\test\java\com\esoxjem\movieguide\RxSchedulerRule.java,com.esoxjem.movieguide.RxSchedulerRule$Anonymous1,evaluate/0,false,32,0,0,0,0,1,6,11,0,0,0,6,0,0,0,0,0,0,0,0,0,0,0,0,0,0,5,1,0,false
c:\Users\arthur.menezes_evolu\Desktop\Pes\MovieGuide\app\src\main\java\com\esoxjem\movieguide\listing\sorting\SortingModule.java,com.esoxjem.movieguide.listing.sorting.SortingModule,providePresenter/1[com.esoxjem.movieguide.listing.sorting.SortingDialogInteractor],false,18,4,1,0,1,1,0,3,1,0,1,0,0,0,0,0,0,0,0,0,0,0,0,0,0,0,7,0,0,false
c:\Users\arthur.menezes_evolu\Desktop\Pes\MovieGuide\app\src\main\java\com\esoxjem\movieguide\listing\sorting\SortingModule.java,com.esoxjem.movieguide.listing.sorting.SortingModule,providesSortingDialogInteractor/1[com.esoxjem.movieguide.listing.sorting.SortingOptionStore],false,13,4,1,0,1,1,0,3,1,0,1,0,0,0,0,0,0,0,0,0,0,0,0,0,0,0,8,0,0,false
c:\Users\arthur.menezes_evolu\Desktop\Pes\MovieGuide\app\src\test\java\com\esoxjem\movieguide\RxSchedulerRule.java,com.esoxjem.movieguide.RxSchedulerRule,"apply/2[com.esoxjem.movieguide.Statement,com.esoxjem.movieguide.Description]",false,29,3,0,0,0,1,0,16,1,0,2,0,0,0,0,0,0,0,0,0,0,0,0,1,0,0,8,1,0,false
c:\Users\arthur.menezes_evolu\Desktop\Pes\MovieGuide\app\src\main\java\com\esoxjem\movieguide\details\MovieDetailsInteractorImpl.java,com.esoxjem.movieguide.details.MovieDetailsInteractorImpl,getTrailers/1[java.lang.String],false,25,3,1,0,1,1,2,3,1,0,1,2,0,0,0,0,0,0,0,0,0,0,0,0,0,0,3,1,0,false
c:\Users\arthur.menezes_evolu\Desktop\Pes\MovieGuide\app\src\main\java\com\esoxjem\movieguide\details\MovieDetailsInteractorImpl.java,com.esoxjem.movieguide.details.MovieDetailsInteractorImpl,getReviews/1[java.lang.String],false,30,3,1,0,1,1,2,3,1,0,1,2,0,0,0,0,0,0,0,0,0,0,0,0,0,0,3,1,0,false
c:\Users\arthur.menezes_evolu\Desktop\Pes\MovieGuide\app\src\main\java\com\esoxjem\movieguide\details\MovieDetailsInteractorImpl.java,com.esoxjem.movieguide.details.MovieDetailsInteractorImpl,MovieDetailsInteractorImpl/1[com.esoxjem.movieguide.network.TmdbWebService],true,20,1,1,1,0,1,0,3,0,0,1,0,0,0,0,0,0,0,0,0,1,0,0,0,0,0,8,0,0,false
c:\Users\arthur.menezes_evolu\Desktop\Pes\MovieGuide\app\src\main\java\com\esoxjem\movieguide\favorites\FavoritesModule.java,com.esoxjem.movieguide.favorites.FavoritesModule,provideFavouritesInteractor/1[com.esoxjem.movieguide.favorites.FavoritesStore],false,17,5,1,0,1,1,0,3,1,0,1,0,0,0,0,0,0,0,0,0,0,0,0,0,0,0,7,0,0,false
c:\Users\arthur.menezes_evolu\Desktop\Pes\MovieGuide\app\src\main\java\com\esoxjem\movieguide\listing\sorting\SortingDialogInteractorImpl.java,com.esoxjem.movieguide.listing.sorting.SortingDialogInteractorImpl,getSelectedSortingOption/0,false,14,1,1,0,1,1,1,3,1,0,0,1,0,0,0,0,0,0,0,0,0,0,0,0,0,0,4,1,0,false
c:\Users\arthur.menezes_evolu\Desktop\Pes\MovieGuide\app\src\main\java\com\esoxjem\movieguide\listing\sorting\SortingDialogInteractorImpl.java,com.esoxjem.movieguide.listing.sorting.SortingDialogInteractorImpl,SortingDialogInteractorImpl/1[com.esoxjem.movieguide.listing.sorting.SortingOptionStore],true,9,1,1,1,0,1,0,3,0,0,1,0,0,0,0,0,0,0,0,0,1,0,0,0,0,0,8,0,0,false
c:\Users\arthur.menezes_evolu\Desktop\Pes\MovieGuide\app\src\main\java\com\esoxjem\movieguide\listing\sorting\SortingDialogInteractorImpl.java,com.esoxjem.movieguide.listing.sorting.SortingDialogInteractorImpl,setSortingOption/1[com.esoxjem.movieguide.listing.sorting.SortType],false,19,2,1,0,1,1,1,3,0,0,1,1,0,0,0,0,0,0,0,0,0,0,0,0,0,0,6,1,0,false
c:\Users\arthur.menezes_evolu\Desktop\Pes\MovieGuide\app\src\main\java\com\esoxjem\movieguide\details\MovieDetailsInteractor.java,com.esoxjem.movieguide.details.MovieDetailsInteractor,getTrailers/1[java.lang.String],false,14,2,3,3,0,1,0,1,0,0,1,0,0,0,0,0,0,0,0,0,0,0,0,0,0,0,3,0,0,false
c:\Users\arthur.menezes_evolu\Desktop\Pes\MovieGuide\app\src\main\java\com\esoxjem\movieguide\details\MovieDetailsInteractor.java,com.esoxjem.movieguide.details.MovieDetailsInteractor,getReviews/1[java.lang.String],false,16,2,3,3,0,1,0,1,0,0,1,0,0,0,0,0,0,0,0,0,0,0,0,0,0,0,3,0,0,false
c:\Users\arthur.menezes_evolu\Desktop\Pes\MovieGuide\app\src\main\java\com\esoxjem\movieguide\util\SimpleCountingIdlingResource.java,com.esoxjem.movieguide.util.SimpleCountingIdlingResource,registerIdleTransitionCallback/1[com.esoxjem.movieguide.util.ResourceCallback],false,63,1,0,0,0,1,0,3,0,0,1,0,0,0,0,0,0,0,0,0,1,0,0,0,0,0,6,1,0,false
c:\Users\arthur.menezes_evolu\Desktop\Pes\MovieGuide\app\src\main\java\com\esoxjem\movieguide\util\SimpleCountingIdlingResource.java,com.esoxjem.movieguide.util.SimpleCountingIdlingResource,decrement/0,false,81,0,1,1,0,4,2,11,0,1,0,2,0,0,0,2,0,0,1,2,1,0,2,0,0,0,30,1,0,true
c:\Users\arthur.menezes_evolu\Desktop\Pes\MovieGuide\app\src\main\java\com\esoxjem\movieguide\util\SimpleCountingIdlingResource.java,com.esoxjem.movieguide.util.SimpleCountingIdlingResource,SimpleCountingIdlingResource/1[java.lang.String],true,48,0,0,0,0,1,1,3,0,0,1,1,0,0,0,0,0,0,0,0,1,0,0,0,0,0,17,1,0,true
c:\Users\arthur.menezes_evolu\Desktop\Pes\MovieGuide\app\src\main\java\com\esoxjem\movieguide\util\SimpleCountingIdlingResource.java,com.esoxjem.movieguide.util.SimpleCountingIdlingResource,isIdleNow/0,false,58,0,0,0,0,2,1,3,1,0,0,1,0,0,0,1,0,0,0,1,0,0,0,0,0,0,3,1,0,false
c:\Users\arthur.menezes_evolu\Desktop\Pes\MovieGuide\app\src\main\java\com\esoxjem\movieguide\util\SimpleCountingIdlingResource.java,com.esoxjem.movieguide.util.SimpleCountingIdlingResource,getName/0,false,53,0,0,0,0,1,0,3,1,0,0,0,0,0,0,0,0,0,0,0,0,0,0,0,0,0,4,1,0,false
c:\Users\arthur.menezes_evolu\Desktop\Pes\MovieGuide\app\src\main\java\com\esoxjem\movieguide\util\SimpleCountingIdlingResource.java,com.esoxjem.movieguide.util.SimpleCountingIdlingResource,increment/0,false,70,0,1,1,0,1,1,3,0,0,0,1,0,0,0,0,0,0,0,0,0,0,0,0,0,0,11,1,0,true
c:\Users\arthur.menezes_evolu\Desktop\Pes\MovieGuide\app\src\main\java\com\esoxjem\movieguide\VideoWrapper.java,com.esoxjem.movieguide.VideoWrapper,setVideos/1[java.util.List<com.esoxjem.movieguide.Video>],false,20,1,0,0,0,1,0,3,0,0,1,0,0,0,0,0,0,0,0,0,1,0,0,0,0,0,3,1,0,false
c:\Users\arthur.menezes_evolu\Desktop\Pes\MovieGuide\app\src\main\java\com\esoxjem\movieguide\VideoWrapper.java,com.esoxjem.movieguide.VideoWrapper,getVideos/0,false,16,1,0,0,0,1,0,3,1,0,0,0,0,0,0,0,0,0,0,0,0,0,0,0,0,0,3,1,0,false
c:\Users\arthur.menezes_evolu\Desktop\Pes\MovieGuide\app\src\main\java\com\esoxjem\movieguide\details\MovieDetailsFragment.java,com.esoxjem.movieguide.details.MovieDetailsFragment,getInstance/1[com.esoxjem.movieguide.Movie],false,83,4,3,2,1,1,2,7,1,2,1,2,0,0,0,0,0,0,0,0,2,0,0,0,0,0,8,9,0,false
c:\Users\arthur.menezes_evolu\Desktop\Pes\MovieGuide\app\src\main\java\com\esoxjem\movieguide\details\MovieDetailsFragment.java,com.esoxjem.movieguide.details.MovieDetailsFragment,setToolbar/0,false,121,2,1,1,0,3,12,16,0,1,0,12,0,0,0,2,0,2,0,0,1,0,2,0,0,0,14,2,0,false
c:\Users\arthur.menezes_evolu\Desktop\Pes\MovieGuide\app\src\main\java\com\esoxjem\movieguide\details\MovieDetailsFragment.java,com.esoxjem.movieguide.details.MovieDetailsFragment,showTrailers/1[java.util.List<com.esoxjem.movieguide.Video>],false,152,5,2,0,2,3,21,24,0,4,1,21,0,0,1,0,0,0,0,2,4,0,2,0,0,0,19,1,0,false
c:\Users\arthur.menezes_evolu\Desktop\Pes\MovieGuide\app\src\main\java\com\esoxjem\movieguide\details\MovieDetailsFragment.java,com.esoxjem.movieguide.details.MovieDetailsFragment,onThumbnailClick/1[com.esoxjem.movieguide.details.View],false,246,2,1,1,0,1,3,5,0,2,1,3,0,0,0,0,0,0,0,0,2,0,0,0,0,0,12,2,0,false
c:\Users\arthur.menezes_evolu\Desktop\Pes\MovieGuide\app\src\main\java\com\esoxjem\movieguide\details\MovieDetailsFragment.java,com.esoxjem.movieguide.details.MovieDetailsFragment,showFavorited/0,false,209,0,0,0,0,1,3,3,0,0,0,3,0,0,0,0,0,0,0,0,0,0,0,0,0,0,4,1,0,false
c:\Users\arthur.menezes_evolu\Desktop\Pes\MovieGuide\app\src\main\java\com\esoxjem\movieguide\details\MovieDetailsFragment.java,com.esoxjem.movieguide.details.MovieDetailsFragment,onDestroyView/0,false,257,1,1,0,1,1,3,5,0,0,0,3,0,0,0,0,0,0,0,0,0,0,0,0,0,0,3,1,0,false
c:\Users\arthur.menezes_evolu\Desktop\Pes\MovieGuide\app\src\main\java\com\esoxjem\movieguide\details\MovieDetailsFragment.java,com.esoxjem.movieguide.details.MovieDetailsFragment,onReviewClick/1[com.esoxjem.movieguide.details.TextView],false,238,1,1,1,0,2,2,8,0,0,1,2,0,0,0,1,0,0,0,3,0,0,1,0,0,0,6,2,0,false
c:\Users\arthur.menezes_evolu\Desktop\Pes\MovieGuide\app\src\main\java\com\esoxjem\movieguide\details\MovieDetailsFragment.java,com.esoxjem.movieguide.details.MovieDetailsFragment,"onViewCreated/2[com.esoxjem.movieguide.details.View,com.esoxjem.movieguide.details.Bundle]",false,108,4,3,0,3,3,6,12,0,1,2,6,0,0,0,2,0,1,0,0,2,0,2,0,0,0,11,1,0,false
c:\Users\arthur.menezes_evolu\Desktop\Pes\MovieGuide\app\src\main\java\com\esoxjem\movieguide\details\MovieDetailsFragment.java,com.esoxjem.movieguide.details.MovieDetailsFragment,onDestroy/0,false,264,1,1,0,1,1,4,4,0,0,0,4,0,0,0,0,0,1,0,0,0,0,0,0,0,0,6,1,0,false
c:\Users\arthur.menezes_evolu\Desktop\Pes\MovieGuide\app\src\main\java\com\esoxjem\movieguide\details\MovieDetailsFragment.java,com.esoxjem.movieguide.details.MovieDetailsFragment,showReviews/1[java.util.List<com.esoxjem.movieguide.Review>],false,186,4,2,0,2,3,12,21,0,4,1,12,0,0,1,0,0,0,0,0,4,0,2,0,0,0,16,1,0,false
c:\Users\arthur.menezes_evolu\Desktop\Pes\MovieGuide\app\src\main\java\com\esoxjem\movieguide\details\MovieDetailsFragment.java,com.esoxjem.movieguide.details.MovieDetailsFragment,onFavoriteClick/0,false,252,1,2,1,1,1,1,3,0,0,0,1,0,0,0,0,0,0,0,0,0,0,0,0,0,0,4,2,0,false
c:\Users\arthur.menezes_evolu\Desktop\Pes\MovieGuide\app\src\main\java\com\esoxjem\movieguide\details\MovieDetailsFragment.java,com.esoxjem.movieguide.details.MovieDetailsFragment,onCreate/1[com.esoxjem.movieguide.details.Bundle],false,92,3,2,0,2,1,6,5,0,0,1,6,0,0,0,0,0,1,0,0,0,0,0,0,0,0,13,1,0,false
c:\Users\arthur.menezes_evolu\Desktop\Pes\MovieGuide\app\src\main\java\com\esoxjem\movieguide\details\MovieDetailsFragment.java,com.esoxjem.movieguide.details.MovieDetailsFragment,showDetails/1[com.esoxjem.movieguide.Movie],false,141,3,8,0,8,1,16,9,0,0,1,16,0,0,0,0,0,0,0,0,0,0,0,0,0,0,8,1,0,false
c:\Users\arthur.menezes_evolu\Desktop\Pes\MovieGuide\app\src\main\java\com\esoxjem\movieguide\details\MovieDetailsFragment.java,com.esoxjem.movieguide.details.MovieDetailsFragment,"onCreateView/3[com.esoxjem.movieguide.details.LayoutInflater,com.esoxjem.movieguide.details.ViewGroup,com.esoxjem.movieguide.details.Bundle]",false,100,5,1,0,1,1,3,6,1,1,3,3,1,1,0,0,0,0,0,0,2,0,0,0,0,0,12,1,0,false
c:\Users\arthur.menezes_evolu\Desktop\Pes\MovieGuide\app\src\main\java\com\esoxjem\movieguide\details\MovieDetailsFragment.java,com.esoxjem.movieguide.details.MovieDetailsFragment,showUnFavorited/0,false,214,0,0,0,0,1,3,3,0,0,0,3,0,0,0,0,0,0,0,0,0,0,0,0,0,0,5,1,0,false
c:\Users\arthur.menezes_evolu\Desktop\Pes\MovieGuide\app\src\main\java\com\esoxjem\movieguide\details\MovieDetailsFragment.java,com.esoxjem.movieguide.details.MovieDetailsFragment,MovieDetailsFragment/0,true,79,0,2,2,0,1,0,2,0,0,0,0,0,0,0,0,0,0,0,0,0,0,0,0,0,0,3,1,0,false
c:\Users\arthur.menezes_evolu\Desktop\Pes\MovieGuide\app\src\main\java\com\esoxjem\movieguide\details\MovieDetailsFragment.java,com.esoxjem.movieguide.details.MovieDetailsFragment,onClick/1[com.esoxjem.movieguide.details.View],false,219,4,3,0,3,4,4,15,0,0,1,4,3,1,0,0,0,0,0,0,0,0,1,0,0,0,8,1,0,false
c:\Users\arthur.menezes_evolu\Desktop\Pes\MovieGuide\app\src\main\java\com\esoxjem\movieguide\favorites\FavoritesInteractor.java,com.esoxjem.movieguide.favorites.FavoritesInteractor,isFavorite/1[java.lang.String],false,13,0,4,4,0,1,0,1,0,0,1,0,0,0,0,0,0,0,0,0,0,0,0,0,0,0,3,0,0,false
c:\Users\arthur.menezes_evolu\Desktop\Pes\MovieGuide\app\src\main\java\com\esoxjem\movieguide\favorites\FavoritesInteractor.java,com.esoxjem.movieguide.favorites.FavoritesInteractor,unFavorite/1[java.lang.String],false,17,0,1,1,0,1,0,1,0,0,1,0,0,0,0,0,0,0,0,0,0,0,0,0,0,0,3,0,0,false
c:\Users\arthur.menezes_evolu\Desktop\Pes\MovieGuide\app\src\main\java\com\esoxjem\movieguide\favorites\FavoritesInteractor.java,com.esoxjem.movieguide.favorites.FavoritesInteractor,setFavorite/1[com.esoxjem.movieguide.Movie],false,11,1,1,1,0,1,0,1,0,0,1,0,0,0,0,0,0,0,0,0,0,0,0,0,0,0,4,0,0,false
c:\Users\arthur.menezes_evolu\Desktop\Pes\MovieGuide\app\src\main\java\com\esoxjem\movieguide\favorites\FavoritesInteractor.java,com.esoxjem.movieguide.favorites.FavoritesInteractor,getFavorites/0,false,15,1,1,1,0,1,0,1,0,0,0,0,0,0,0,0,0,0,0,0,0,0,0,0,0,0,2,0,0,false
c:\Users\arthur.menezes_evolu\Desktop\Pes\MovieGuide\app\src\main\java\com\esoxjem\movieguide\util\EspressoIdlingResource.java,com.esoxjem.movieguide.util.EspressoIdlingResource,decrement/0,false,35,1,1,0,1,1,1,3,0,0,0,1,0,0,0,0,0,0,0,0,0,0,0,0,0,0,1,9,0,false
c:\Users\arthur.menezes_evolu\Desktop\Pes\MovieGuide\app\src\main\java\com\esoxjem\movieguide\util\EspressoIdlingResource.java,com.esoxjem.movieguide.util.EspressoIdlingResource,getIdlingResource/0,false,39,2,1,1,0,1,0,3,1,0,0,0,0,0,0,0,0,0,0,0,0,0,0,0,0,0,5,9,0,false
c:\Users\arthur.menezes_evolu\Desktop\Pes\MovieGuide\app\src\main\java\com\esoxjem\movieguide\util\EspressoIdlingResource.java,com.esoxjem.movieguide.util.EspressoIdlingResource,increment/0,false,31,1,2,1,1,1,1,3,0,0,0,1,0,0,0,0,0,0,0,0,0,0,0,0,0,0,1,9,0,false
c:\Users\arthur.menezes_evolu\Desktop\Pes\MovieGuide\app\src\main\java\com\esoxjem\movieguide\listing\sorting\SortingDialogPresenter.java,com.esoxjem.movieguide.listing.sorting.SortingDialogPresenter,onFavoritesSelected/0,false,13,0,1,1,0,1,0,1,0,0,0,0,0,0,0,0,0,0,0,0,0,0,0,0,0,0,3,0,0,false
c:\Users\arthur.menezes_evolu\Desktop\Pes\MovieGuide\app\src\main\java\com\esoxjem\movieguide\listing\sorting\SortingDialogPresenter.java,com.esoxjem.movieguide.listing.sorting.SortingDialogPresenter,onHighestRatedMoviesSelected/0,false,11,0,1,1,0,1,0,1,0,0,0,0,0,0,0,0,0,0,0,0,0,0,0,0,0,0,5,0,0,false
c:\Users\arthur.menezes_evolu\Desktop\Pes\MovieGuide\app\src\main\java\com\esoxjem\movieguide\listing\sorting\SortingDialogPresenter.java,com.esoxjem.movieguide.listing.sorting.SortingDialogPresenter,setView/1[com.esoxjem.movieguide.listing.sorting.SortingDialogView],false,17,1,1,1,0,1,0,1,0,0,1,0,0,0,0,0,0,0,0,0,0,0,0,0,0,0,5,0,0,false
c:\Users\arthur.menezes_evolu\Desktop\Pes\MovieGuide\app\src\main\java\com\esoxjem\movieguide\listing\sorting\SortingDialogPresenter.java,com.esoxjem.movieguide.listing.sorting.SortingDialogPresenter,setLastSavedOption/0,false,7,0,1,1,0,1,0,1,0,0,0,0,0,0,0,0,0,0,0,0,0,0,0,0,0,0,4,0,0,false
c:\Users\arthur.menezes_evolu\Desktop\Pes\MovieGuide\app\src\main\java\com\esoxjem\movieguide\listing\sorting\SortingDialogPresenter.java,com.esoxjem.movieguide.listing.sorting.SortingDialogPresenter,onNewestMoviesSelected/0,false,15,0,1,1,0,1,0,1,0,0,0,0,0,0,0,0,0,0,0,0,0,0,0,0,0,0,4,0,0,false
c:\Users\arthur.menezes_evolu\Desktop\Pes\MovieGuide\app\src\main\java\com\esoxjem\movieguide\listing\sorting\SortingDialogPresenter.java,com.esoxjem.movieguide.listing.sorting.SortingDialogPresenter,onPopularMoviesSelected/0,false,9,0,1,1,0,1,0,1,0,0,0,0,0,0,0,0,0,0,0,0,0,0,0,0,0,0,4,0,0,false
c:\Users\arthur.menezes_evolu\Desktop\Pes\MovieGuide\app\src\main\java\com\esoxjem\movieguide\listing\sorting\SortingDialogPresenter.java,com.esoxjem.movieguide.listing.sorting.SortingDialogPresenter,destroy/0,false,19,0,1,1,0,1,0,1,0,0,0,0,0,0,0,0,0,0,0,0,0,0,0,0,0,0,1,0,0,false
c:\Users\arthur.menezes_evolu\Desktop\Pes\MovieGuide\app\src\main\java\com\esoxjem\movieguide\details\MovieDetailsPresenter.java,com.esoxjem.movieguide.details.MovieDetailsPresenter,showReviews/1[com.esoxjem.movieguide.Movie],false,13,1,1,1,0,1,0,1,0,0,1,0,0,0,0,0,0,0,0,0,0,0,0,0,0,0,4,0,0,false
c:\Users\arthur.menezes_evolu\Desktop\Pes\MovieGuide\app\src\main\java\com\esoxjem\movieguide\details\MovieDetailsPresenter.java,com.esoxjem.movieguide.details.MovieDetailsPresenter,showTrailers/1[com.esoxjem.movieguide.Movie],false,11,1,1,1,0,1,0,1,0,0,1,0,0,0,0,0,0,0,0,0,0,0,0,0,0,0,4,0,0,false
c:\Users\arthur.menezes_evolu\Desktop\Pes\MovieGuide\app\src\main\java\com\esoxjem\movieguide\details\MovieDetailsPresenter.java,com.esoxjem.movieguide.details.MovieDetailsPresenter,onFavoriteClick/1[com.esoxjem.movieguide.Movie],false,17,1,1,1,0,1,0,1,0,0,1,0,0,0,0,0,0,0,0,0,0,0,0,0,0,0,5,0,0,false
c:\Users\arthur.menezes_evolu\Desktop\Pes\MovieGuide\app\src\main\java\com\esoxjem\movieguide\details\MovieDetailsPresenter.java,com.esoxjem.movieguide.details.MovieDetailsPresenter,showFavoriteButton/1[com.esoxjem.movieguide.Movie],false,15,1,1,1,0,1,0,1,0,0,1,0,0,0,0,0,0,0,0,0,0,0,0,0,0,0,5,0,0,false
c:\Users\arthur.menezes_evolu\Desktop\Pes\MovieGuide\app\src\main\java\com\esoxjem\movieguide\details\MovieDetailsPresenter.java,com.esoxjem.movieguide.details.MovieDetailsPresenter,setView/1[com.esoxjem.movieguide.details.MovieDetailsView],false,19,1,1,1,0,1,0,1,0,0,1,0,0,0,0,0,0,0,0,0,0,0,0,0,0,0,5,0,0,false
c:\Users\arthur.menezes_evolu\Desktop\Pes\MovieGuide\app\src\main\java\com\esoxjem\movieguide\details\MovieDetailsPresenter.java,com.esoxjem.movieguide.details.MovieDetailsPresenter,destroy/0,false,21,0,1,1,0,1,0,1,0,0,0,0,0,0,0,0,0,0,0,0,0,0,0,0,0,0,1,0,0,false
c:\Users\arthur.menezes_evolu\Desktop\Pes\MovieGuide\app\src\main\java\com\esoxjem\movieguide\details\MovieDetailsPresenter.java,com.esoxjem.movieguide.details.MovieDetailsPresenter,showDetails/1[com.esoxjem.movieguide.Movie],false,9,1,1,1,0,1,0,1,0,0,1,0,0,0,0,0,0,0,0,0,0,0,0,0,0,0,4,0,0,false
c:\Users\arthur.menezes_evolu\Desktop\Pes\MovieGuide\app\src\main\java\com\esoxjem\movieguide\listing\MoviesListingActivity.java,com.esoxjem.movieguide.listing.MoviesListingActivity$Anonymous1,onMenuItemActionCollapse/1[com.esoxjem.movieguide.listing.MenuItem],false,76,2,1,0,1,1,3,5,1,1,1,3,0,0,0,0,0,0,0,0,1,0,0,0,0,0,14,1,0,false
c:\Users\arthur.menezes_evolu\Desktop\Pes\MovieGuide\app\src\main\java\com\esoxjem\movieguide\listing\MoviesListingActivity.java,com.esoxjem.movieguide.listing.MoviesListingActivity$Anonymous1,onMenuItemActionExpand/1[com.esoxjem.movieguide.listing.MenuItem],false,71,1,0,0,0,1,0,3,1,0,1,0,0,0,0,0,0,0,0,0,0,0,0,0,0,0,7,1,0,false
c:\Users\arthur.menezes_evolu\Desktop\Pes\MovieGuide\app\src\main\java\com\esoxjem\movieguide\favorites\FavoritesStore.java,com.esoxjem.movieguide.favorites.FavoritesStore,isFavorite/1[java.lang.String],false,32,1,1,1,0,2,3,4,1,1,1,3,0,0,0,1,0,0,0,0,1,0,0,0,0,0,8,1,0,false
c:\Users\arthur.menezes_evolu\Desktop\Pes\MovieGuide\app\src\main\java\com\esoxjem\movieguide\favorites\FavoritesStore.java,com.esoxjem.movieguide.favorites.FavoritesStore,setFavorite/1[com.esoxjem.movieguide.Movie],false,26,2,2,1,1,1,3,5,0,0,1,3,0,0,0,0,0,0,0,0,0,0,0,0,0,0,6,1,0,false
c:\Users\arthur.menezes_evolu\Desktop\Pes\MovieGuide\app\src\main\java\com\esoxjem\movieguide\favorites\FavoritesStore.java,com.esoxjem.movieguide.favorites.FavoritesStore,getFavorites/0,false,37,4,2,1,1,2,4,8,1,2,0,4,1,1,1,0,0,0,0,0,2,0,1,0,0,0,10,1,0,false
c:\Users\arthur.menezes_evolu\Desktop\Pes\MovieGuide\app\src\main\java\com\esoxjem\movieguide\favorites\FavoritesStore.java,com.esoxjem.movieguide.favorites.FavoritesStore,FavoritesStore/1[com.esoxjem.movieguide.favorites.Realm],true,22,2,0,0,0,1,0,3,0,0,1,0,0,0,0,0,0,0,0,0,1,0,0,0,0,0,4,1,0,false
c:\Users\arthur.menezes_evolu\Desktop\Pes\MovieGuide\app\src\main\java\com\esoxjem\movieguide\favorites\FavoritesStore.java,com.esoxjem.movieguide.favorites.FavoritesStore,unfavorite/1[java.lang.String],false,48,1,1,1,0,2,6,6,0,1,1,6,0,0,0,1,0,0,0,0,1,0,1,0,0,0,7,1,0,false
c:\Users\arthur.menezes_evolu\Desktop\Pes\MovieGuide\app\src\main\java\com\esoxjem\movieguide\favorites\FavoritesStore.java,com.esoxjem.movieguide.favorites.FavoritesStore,movieRealmObjectToMovie/1[com.esoxjem.movieguide.favorites.MovieRealmObject],false,56,2,16,1,15,1,14,11,1,1,1,14,0,0,0,0,0,0,0,0,1,0,0,0,0,0,5,2,0,false
c:\Users\arthur.menezes_evolu\Desktop\Pes\MovieGuide\app\src\main\java\com\esoxjem\movieguide\details\MovieDetailsPresenterImpl.java,com.esoxjem.movieguide.details.MovieDetailsPresenterImpl,setView/1[com.esoxjem.movieguide.details.MovieDetailsView],false,31,1,1,1,0,1,0,3,0,0,1,0,0,0,0,0,0,0,0,0,1,0,0,0,0,0,5,1,0,false
c:\Users\arthur.menezes_evolu\Desktop\Pes\MovieGuide\app\src\main\java\com\esoxjem\movieguide\details\MovieDetailsPresenterImpl.java,com.esoxjem.movieguide.details.MovieDetailsPresenterImpl,onGetTrailersFailure/0,false,66,0,0,0,0,1,0,2,0,0,0,0,0,0,0,0,0,0,0,0,0,0,0,0,0,0,4,2,0,false
c:\Users\arthur.menezes_evolu\Desktop\Pes\MovieGuide\app\src\main\java\com\esoxjem\movieguide\details\MovieDetailsPresenterImpl.java,com.esoxjem.movieguide.details.MovieDetailsPresenterImpl,onGetTrailersSuccess/1[java.util.List<com.esoxjem.movieguide.Video>],false,60,3,2,0,2,2,2,5,0,0,1,2,1,1,0,0,0,0,0,0,0,0,1,0,0,0,8,2,0,false
c:\Users\arthur.menezes_evolu\Desktop\Pes\MovieGuide\app\src\main\java\com\esoxjem\movieguide\details\MovieDetailsPresenterImpl.java,com.esoxjem.movieguide.details.MovieDetailsPresenterImpl,destroy/0,false,36,1,2,1,1,1,1,4,0,0,0,1,0,0,0,0,0,0,0,0,1,0,0,0,0,0,3,1,0,false
c:\Users\arthur.menezes_evolu\Desktop\Pes\MovieGuide\app\src\main\java\com\esoxjem\movieguide\details\MovieDetailsPresenterImpl.java,com.esoxjem.movieguide.details.MovieDetailsPresenterImpl,showFavoriteButton/1[com.esoxjem.movieguide.Movie],false,88,4,5,0,5,3,5,11,0,1,1,5,1,1,0,0,0,0,0,0,1,0,2,0,0,0,8,1,0,false
c:\Users\arthur.menezes_evolu\Desktop\Pes\MovieGuide\app\src\main\java\com\esoxjem\movieguide\details\MovieDetailsPresenterImpl.java,com.esoxjem.movieguide.details.MovieDetailsPresenterImpl,isViewAttached/0,false,48,0,5,5,0,2,0,3,1,0,0,0,0,0,0,1,0,0,0,0,0,0,0,0,0,0,5,2,0,false
c:\Users\arthur.menezes_evolu\Desktop\Pes\MovieGuide\app\src\main\java\com\esoxjem\movieguide\details\MovieDetailsPresenterImpl.java,com.esoxjem.movieguide.details.MovieDetailsPresenterImpl,showReviews/1[com.esoxjem.movieguide.Movie],false,71,2,4,2,2,1,8,3,0,1,1,8,0,0,0,0,0,0,0,0,1,0,0,0,0,1,9,1,0,false
c:\Users\arthur.menezes_evolu\Desktop\Pes\MovieGuide\app\src\main\java\com\esoxjem\movieguide\details\MovieDetailsPresenterImpl.java,com.esoxjem.movieguide.details.MovieDetailsPresenterImpl,onGetReviewsSuccess/1[java.util.List<com.esoxjem.movieguide.Review>],false,77,3,2,0,2,2,2,5,0,0,1,2,1,1,0,0,0,0,0,0,0,0,1,0,0,0,8,2,0,false
c:\Users\arthur.menezes_evolu\Desktop\Pes\MovieGuide\app\src\main\java\com\esoxjem\movieguide\details\MovieDetailsPresenterImpl.java,com.esoxjem.movieguide.details.MovieDetailsPresenterImpl,showDetails/1[com.esoxjem.movieguide.Movie],false,42,3,2,0,2,2,2,5,0,0,1,2,1,1,0,0,0,0,0,0,0,0,1,0,0,0,7,1,0,false
c:\Users\arthur.menezes_evolu\Desktop\Pes\MovieGuide\app\src\main\java\com\esoxjem\movieguide\details\MovieDetailsPresenterImpl.java,com.esoxjem.movieguide.details.MovieDetailsPresenterImpl,"MovieDetailsPresenterImpl/2[com.esoxjem.movieguide.details.MovieDetailsInteractor,com.esoxjem.movieguide.favorites.FavoritesInteractor]",true,25,2,2,2,0,1,0,4,0,0,2,0,0,0,0,0,0,0,0,0,2,0,0,0,0,0,7,0,0,false
c:\Users\arthur.menezes_evolu\Desktop\Pes\MovieGuide\app\src\main\java\com\esoxjem\movieguide\details\MovieDetailsPresenterImpl.java,com.esoxjem.movieguide.details.MovieDetailsPresenterImpl,onGetReviewsFailure/0,false,83,0,0,0,0,1,0,2,0,0,0,0,0,0,0,0,0,0,0,0,0,0,0,0,0,0,4,2,0,false
c:\Users\arthur.menezes_evolu\Desktop\Pes\MovieGuide\app\src\main\java\com\esoxjem\movieguide\details\MovieDetailsPresenterImpl.java,com.esoxjem.movieguide.details.MovieDetailsPresenterImpl,onFavoriteClick/1[com.esoxjem.movieguide.Movie],false,100,4,9,2,7,3,7,13,0,1,1,7,1,1,0,0,0,0,0,0,1,0,2,0,0,0,8,1,0,false
c:\Users\arthur.menezes_evolu\Desktop\Pes\MovieGuide\app\src\main\java\com\esoxjem\movieguide\details\MovieDetailsPresenterImpl.java,com.esoxjem.movieguide.details.MovieDetailsPresenterImpl,showTrailers/1[com.esoxjem.movieguide.Movie],false,53,2,4,2,2,1,8,3,0,1,1,8,0,0,0,0,0,0,0,0,1,0,0,0,0,1,9,1,0,false
c:\Users\arthur.menezes_evolu\Desktop\Pes\MovieGuide\app\src\main\java\com\esoxjem\movieguide\listing\MoviesListingFragment.java,com.esoxjem.movieguide.listing.MoviesListingFragment$Anonymous1,"onScrolled/3[com.esoxjem.movieguide.listing.RecyclerView,int,int]",false,121,3,1,0,1,3,5,9,0,3,3,5,0,0,0,0,0,1,0,1,3,1,1,0,0,0,12,1,0,false
c:\Users\arthur.menezes_evolu\Desktop\Pes\MovieGuide\app\src\main\java\com\esoxjem\movieguide\listing\sorting\SortType.java,com.esoxjem.movieguide.listing.sorting.SortType,getValue/0,false,15,0,8,8,0,1,0,3,1,0,0,0,0,0,0,0,0,0,0,0,0,0,0,0,0,0,3,1,0,false
c:\Users\arthur.menezes_evolu\Desktop\Pes\MovieGuide\app\src\main\java\com\esoxjem\movieguide\listing\sorting\SortType.java,com.esoxjem.movieguide.listing.sorting.SortType,SortType/1[int],true,11,0,0,0,0,1,0,3,0,0,1,0,0,0,0,0,0,0,0,0,1,0,0,0,0,0,3,0,0,false
c:\Users\arthur.menezes_evolu\Desktop\Pes\MovieGuide\app\src\androidTest\java\com\esoxjem\movieguide\listing\MoviesListingActivityTest.java,com.esoxjem.movieguide.listing.MoviesListingActivityTest,registerIdlingResource/0,false,38,1,0,0,0,1,3,4,0,0,0,3,0,0,0,0,0,0,0,0,1,0,0,0,0,0,4,1,0,false
c:\Users\arthur.menezes_evolu\Desktop\Pes\MovieGuide\app\src\androidTest\java\com\esoxjem\movieguide\listing\MoviesListingActivityTest.java,com.esoxjem.movieguide.listing.MoviesListingActivityTest,shouldBeAbleToLaunchMainScreen/0,false,45,1,0,0,0,1,5,4,0,0,0,5,0,0,0,0,0,0,0,0,0,0,0,0,0,0,14,1,0,false
c:\Users\arthur.menezes_evolu\Desktop\Pes\MovieGuide\app\src\androidTest\java\com\esoxjem\movieguide\listing\MoviesListingActivityTest.java,com.esoxjem.movieguide.listing.MoviesListingActivityTest,shouldBeAbleToLoadMovies/0,false,52,1,0,0,0,1,5,3,0,0,0,5,0,0,0,0,0,0,0,0,0,0,0,0,0,0,13,1,0,false
c:\Users\arthur.menezes_evolu\Desktop\Pes\MovieGuide\app\src\androidTest\java\com\esoxjem\movieguide\listing\MoviesListingActivityTest.java,com.esoxjem.movieguide.listing.MoviesListingActivityTest,unregisterIdlingResource/0,false,64,1,0,0,0,2,1,5,0,0,0,1,0,0,0,1,0,0,0,0,0,0,1,0,0,0,5,1,0,false
c:\Users\arthur.menezes_evolu\Desktop\Pes\MovieGuide\app\src\androidTest\java\com\esoxjem\movieguide\listing\MoviesListingActivityTest.java,com.esoxjem.movieguide.listing.MoviesListingActivityTest,shouldBeAbleToScrollViewMovieDetails/0,false,58,1,0,0,0,1,9,4,0,0,0,9,0,0,0,0,0,0,1,1,0,0,0,0,0,0,15,1,0,false
c:\Users\arthur.menezes_evolu\Desktop\Pes\MovieGuide\app\src\test\java\com\esoxjem\movieguide\details\MovieDetailsPresenterImplTest.java,com.esoxjem.movieguide.details.MovieDetailsPresenterImplTest,teardown/0,false,58,2,1,0,1,1,1,3,0,0,0,1,0,0,0,0,0,0,0,0,0,0,0,0,0,0,1,1,0,false
c:\Users\arthur.menezes_evolu\Desktop\Pes\MovieGuide\app\src\test\java\com\esoxjem\movieguide\details\MovieDetailsPresenterImplTest.java,com.esoxjem.movieguide.details.MovieDetailsPresenterImplTest,shouldUnfavoriteIfFavoriteTapped/0,false,63,4,3,0,3,1,7,6,0,0,0,7,0,0,0,0,0,0,1,0,0,0,0,0,0,0,10,1,0,false
c:\Users\arthur.menezes_evolu\Desktop\Pes\MovieGuide\app\src\test\java\com\esoxjem\movieguide\details\MovieDetailsPresenterImplTest.java,com.esoxjem.movieguide.details.MovieDetailsPresenterImplTest,setUp/0,false,51,2,2,0,2,1,2,5,0,0,0,2,0,0,0,0,0,0,0,0,1,0,0,0,0,0,9,1,0,false
c:\Users\arthur.menezes_evolu\Desktop\Pes\MovieGuide\app\src\test\java\com\esoxjem\movieguide\details\MovieDetailsPresenterImplTest.java,com.esoxjem.movieguide.details.MovieDetailsPresenterImplTest,shouldFailSilentlyWhenNoReviews/0,false,116,4,3,0,3,1,7,6,0,0,0,7,0,0,0,0,0,0,1,0,0,0,0,0,0,0,15,1,1,false
c:\Users\arthur.menezes_evolu\Desktop\Pes\MovieGuide\app\src\test\java\com\esoxjem\movieguide\details\MovieDetailsPresenterImplTest.java,com.esoxjem.movieguide.details.MovieDetailsPresenterImplTest,shouldBeAbleToShowReviews/0,false,104,6,3,0,3,1,8,7,0,1,0,8,0,0,0,0,0,0,1,0,1,0,0,0,0,0,13,1,0,false
c:\Users\arthur.menezes_evolu\Desktop\Pes\MovieGuide\app\src\test\java\com\esoxjem\movieguide\details\MovieDetailsPresenterImplTest.java,com.esoxjem.movieguide.details.MovieDetailsPresenterImplTest,shouldFavoriteIfUnfavoriteTapped/0,false,73,4,3,0,3,1,7,6,0,0,0,7,0,0,0,0,0,0,1,0,0,0,0,0,0,0,10,1,0,false
c:\Users\arthur.menezes_evolu\Desktop\Pes\MovieGuide\app\src\test\java\com\esoxjem\movieguide\details\MovieDetailsPresenterImplTest.java,com.esoxjem.movieguide.details.MovieDetailsPresenterImplTest,shouldFailSilentlyWhenNoTrailers/0,false,94,4,3,0,3,1,7,6,0,0,0,7,0,0,0,0,0,0,1,0,0,0,0,0,0,0,15,1,1,false
c:\Users\arthur.menezes_evolu\Desktop\Pes\MovieGuide\app\src\test\java\com\esoxjem\movieguide\details\MovieDetailsPresenterImplTest.java,com.esoxjem.movieguide.details.MovieDetailsPresenterImplTest,shouldBeAbleToShowTrailers/0,false,83,6,3,0,3,1,8,7,0,1,0,8,0,0,0,0,0,0,1,0,1,0,0,0,0,0,13,1,0,false
c:\Users\arthur.menezes_evolu\Desktop\Pes\MovieGuide\app\src\main\java\com\esoxjem\movieguide\Review.java,com.esoxjem.movieguide.Review$Anonymous1,newArray/1[int],false,33,1,0,0,0,1,0,3,1,0,1,0,0,0,0,0,0,0,0,0,0,0,0,0,0,0,3,1,0,false
c:\Users\arthur.menezes_evolu\Desktop\Pes\MovieGuide\app\src\main\java\com\esoxjem\movieguide\Review.java,com.esoxjem.movieguide.Review$Anonymous1,createFromParcel/1[com.esoxjem.movieguide.Parcel],false,28,2,3,0,3,1,0,3,1,0,1,0,0,0,0,0,0,0,0,0,0,0,0,0,0,0,5,1,0,false
c:\Users\arthur.menezes_evolu\Desktop\Pes\MovieGuide\app\src\main\java\com\esoxjem\movieguide\listing\MoviesListingAdapter.java,com.esoxjem.movieguide.listing.MoviesListingAdapter$ViewHolder,onClick/1[com.esoxjem.movieguide.listing.View],false,54,2,1,0,1,1,1,3,0,0,1,1,0,0,0,0,0,0,0,0,0,0,0,0,0,0,5,1,0,false
c:\Users\arthur.menezes_evolu\Desktop\Pes\MovieGuide\app\src\main\java\com\esoxjem\movieguide\listing\MoviesListingAdapter.java,com.esoxjem.movieguide.listing.MoviesListingAdapter$ViewHolder,ViewHolder/1[com.esoxjem.movieguide.listing.View],true,48,1,1,1,0,1,1,4,0,0,1,1,0,0,0,0,0,0,0,0,0,0,0,0,0,0,3,1,0,false
c:\Users\arthur.menezes_evolu\Desktop\Pes\MovieGuide\app\src\main\java\com\esoxjem\movieguide\listing\ListingComponent.java,com.esoxjem.movieguide.listing.ListingComponent,inject/1[com.esoxjem.movieguide.listing.MoviesListingFragment],false,14,1,1,1,0,1,0,1,0,0,1,0,0,0,0,0,0,0,0,0,0,0,0,0,0,0,5,0,0,false
c:\Users\arthur.menezes_evolu\Desktop\Pes\MovieGuide\app\src\main\java\com\esoxjem\movieguide\listing\ListingComponent.java,com.esoxjem.movieguide.listing.ListingComponent,inject/1[com.esoxjem.movieguide.listing.sorting.SortingDialogFragment],false,16,1,1,1,0,1,0,1,0,0,1,0,0,0,0,0,0,0,0,0,0,0,0,0,0,0,5,0,0,false
c:\Users\arthur.menezes_evolu\Desktop\Pes\MovieGuide\app\src\main\java\com\esoxjem\movieguide\network\NetworkModule.java,com.esoxjem.movieguide.network.NetworkModule,requestInterceptor/1[com.esoxjem.movieguide.network.RequestInterceptor],false,29,4,0,0,0,1,0,3,1,0,1,0,0,0,0,0,0,0,0,0,0,0,0,0,0,0,4,0,0,false
c:\Users\arthur.menezes_evolu\Desktop\Pes\MovieGuide\app\src\main\java\com\esoxjem\movieguide\network\NetworkModule.java,com.esoxjem.movieguide.network.NetworkModule,tmdbWebService/1[com.esoxjem.movieguide.network.Retrofit],false,63,4,0,0,0,1,1,3,1,0,1,1,0,0,0,0,0,0,0,0,0,0,0,0,0,0,6,0,0,false
c:\Users\arthur.menezes_evolu\Desktop\Pes\MovieGuide\app\src\main\java\com\esoxjem\movieguide\network\NetworkModule.java,com.esoxjem.movieguide.network.NetworkModule,provideOkHttpClient/1[com.esoxjem.movieguide.network.RequestInterceptor],false,35,5,0,0,0,2,4,10,1,2,1,4,0,0,0,0,0,0,0,0,2,0,1,0,0,0,10,0,0,false
c:\Users\arthur.menezes_evolu\Desktop\Pes\MovieGuide\app\src\main\java\com\esoxjem\movieguide\network\NetworkModule.java,com.esoxjem.movieguide.network.NetworkModule,retrofit/1[com.esoxjem.movieguide.network.OkHttpClient],false,51,4,0,0,0,1,6,3,1,0,1,6,0,0,0,0,0,0,0,0,0,0,0,0,0,0,6,0,0,false
c:\Users\arthur.menezes_evolu\Desktop\Pes\MovieGuide\app\src\main\java\com\esoxjem\movieguide\AppModule.java,com.esoxjem.movieguide.AppModule,AppModule/1[com.esoxjem.movieguide.Application],true,21,1,1,1,0,1,0,3,0,0,1,0,0,0,0,0,0,0,0,0,1,0,0,0,0,0,5,0,0,false
c:\Users\arthur.menezes_evolu\Desktop\Pes\MovieGuide\app\src\main\java\com\esoxjem\movieguide\AppModule.java,com.esoxjem.movieguide.AppModule,provideResources/1[com.esoxjem.movieguide.Context],false,33,4,0,0,0,1,1,3,1,0,1,1,0,0,0,0,0,0,0,0,0,0,0,0,0,0,4,1,0,false
c:\Users\arthur.menezes_evolu\Desktop\Pes\MovieGuide\app\src\main\java\com\esoxjem\movieguide\AppModule.java,com.esoxjem.movieguide.AppModule,provideRealm/0,false,39,3,0,0,0,1,1,3,1,0,0,1,0,0,0,0,0,0,0,0,0,0,0,0,0,0,2,1,0,false
c:\Users\arthur.menezes_evolu\Desktop\Pes\MovieGuide\app\src\main\java\com\esoxjem\movieguide\AppModule.java,com.esoxjem.movieguide.AppModule,provideContext/0,false,27,3,0,0,0,1,0,3,1,0,0,0,0,0,0,0,0,0,0,0,0,0,0,0,0,0,3,1,0,false
c:\Users\arthur.menezes_evolu\Desktop\Pes\MovieGuide\app\src\main\java\com\esoxjem\movieguide\listing\MoviesListingActivity.java,com.esoxjem.movieguide.listing.MoviesListingActivity,loadMovieFragment/1[com.esoxjem.movieguide.Movie],false,120,2,3,2,1,1,5,4,0,1,1,5,0,0,0,0,0,0,0,0,1,0,0,0,0,0,8,2,0,false
c:\Users\arthur.menezes_evolu\Desktop\Pes\MovieGuide\app\src\main\java\com\esoxjem\movieguide\listing\MoviesListingActivity.java,com.esoxjem.movieguide.listing.MoviesListingActivity,onMoviesLoaded/1[com.esoxjem.movieguide.Movie],false,95,2,1,0,1,2,1,7,0,0,1,1,1,1,0,0,0,0,0,0,0,0,1,0,0,0,10,1,0,false
c:\Users\arthur.menezes_evolu\Desktop\Pes\MovieGuide\app\src\main\java\com\esoxjem\movieguide\listing\MoviesListingActivity.java,com.esoxjem.movieguide.listing.MoviesListingActivity,onCreate/1[com.esoxjem.movieguide.listing.Bundle],false,35,3,2,0,2,3,8,14,0,0,1,8,1,1,0,2,0,0,0,0,2,0,2,0,0,0,25,4,0,false
c:\Users\arthur.menezes_evolu\Desktop\Pes\MovieGuide\app\src\main\java\com\esoxjem\movieguide\listing\MoviesListingActivity.java,com.esoxjem.movieguide.listing.MoviesListingActivity,onCreateOptionsMenu/1[com.esoxjem.movieguide.listing.Menu],false,64,4,0,0,0,2,13,24,1,4,1,13,0,0,0,0,0,0,0,2,4,0,2,1,0,1,26,1,0,false
c:\Users\arthur.menezes_evolu\Desktop\Pes\MovieGuide\app\src\main\java\com\esoxjem\movieguide\listing\MoviesListingActivity.java,com.esoxjem.movieguide.listing.MoviesListingActivity,onDestroy/0,false,134,1,1,0,1,1,2,4,0,0,0,2,0,0,0,0,0,0,0,0,0,0,0,0,0,0,6,4,0,false
c:\Users\arthur.menezes_evolu\Desktop\Pes\MovieGuide\app\src\main\java\com\esoxjem\movieguide\listing\MoviesListingActivity.java,com.esoxjem.movieguide.listing.MoviesListingActivity,startMovieActivity/1[com.esoxjem.movieguide.Movie],false,112,4,1,1,0,1,3,7,0,2,1,3,0,0,0,0,0,0,0,0,2,0,0,0,0,0,8,2,0,false
c:\Users\arthur.menezes_evolu\Desktop\Pes\MovieGuide\app\src\main\java\com\esoxjem\movieguide\listing\MoviesListingActivity.java,com.esoxjem.movieguide.listing.MoviesListingActivity,getCountingIdlingResource/0,false,129,5,1,0,1,1,1,3,1,0,0,1,0,0,0,0,0,0,0,0,0,0,0,0,0,0,4,1,0,false
c:\Users\arthur.menezes_evolu\Desktop\Pes\MovieGuide\app\src\main\java\com\esoxjem\movieguide\listing\MoviesListingActivity.java,com.esoxjem.movieguide.listing.MoviesListingActivity,onMovieClicked/1[com.esoxjem.movieguide.Movie],false,104,2,2,0,2,2,2,8,0,0,1,2,2,1,0,0,0,0,0,0,0,0,1,0,0,0,11,1,0,false
c:\Users\arthur.menezes_evolu\Desktop\Pes\MovieGuide\app\src\main\java\com\esoxjem\movieguide\listing\MoviesListingActivity.java,com.esoxjem.movieguide.listing.MoviesListingActivity,setToolbar/0,false,53,1,1,1,0,2,5,8,0,1,0,5,0,0,0,1,0,0,0,0,1,0,1,0,0,0,13,2,0,false
c:\Users\arthur.menezes_evolu\Desktop\Pes\MovieGuide\app\src\main\java\com\esoxjem\movieguide\listing\sorting\SortingDialogView.java,com.esoxjem.movieguide.listing.sorting.SortingDialogView,setHighestRatedChecked/0,false,11,0,1,1,0,1,0,1,0,0,0,0,0,0,0,0,0,0,0,0,0,0,0,0,0,0,4,0,0,false
c:\Users\arthur.menezes_evolu\Desktop\Pes\MovieGuide\app\src\main\java\com\esoxjem\movieguide\listing\sorting\SortingDialogView.java,com.esoxjem.movieguide.listing.sorting.SortingDialogView,dismissDialog/0,false,15,0,4,4,0,1,0,1,0,0,0,0,0,0,0,0,0,0,0,0,0,0,0,0,0,0,2,0,0,false
c:\Users\arthur.menezes_evolu\Desktop\Pes\MovieGuide\app\src\main\java\com\esoxjem\movieguide\listing\sorting\SortingDialogView.java,com.esoxjem.movieguide.listing.sorting.SortingDialogView,setPopularChecked/0,false,7,0,1,1,0,1,0,1,0,0,0,0,0,0,0,0,0,0,0,0,0,0,0,0,0,0,3,0,0,false
c:\Users\arthur.menezes_evolu\Desktop\Pes\MovieGuide\app\src\main\java\com\esoxjem\movieguide\listing\sorting\SortingDialogView.java,com.esoxjem.movieguide.listing.sorting.SortingDialogView,setFavoritesChecked/0,false,13,0,1,1,0,1,0,1,0,0,0,0,0,0,0,0,0,0,0,0,0,0,0,0,0,0,3,0,0,false
c:\Users\arthur.menezes_evolu\Desktop\Pes\MovieGuide\app\src\main\java\com\esoxjem\movieguide\listing\sorting\SortingDialogView.java,com.esoxjem.movieguide.listing.sorting.SortingDialogView,setNewestChecked/0,false,9,0,1,1,0,1,0,1,0,0,0,0,0,0,0,0,0,0,0,0,0,0,0,0,0,0,3,0,0,false
c:\Users\arthur.menezes_evolu\Desktop\Pes\MovieGuide\app\src\main\java\com\esoxjem\movieguide\Movie.java,com.esoxjem.movieguide.Movie,getReleaseDate/0,false,63,0,2,2,0,1,0,3,1,0,0,0,0,0,0,0,0,0,0,0,0,0,0,0,0,0,4,1,0,false
c:\Users\arthur.menezes_evolu\Desktop\Pes\MovieGuide\app\src\main\java\com\esoxjem\movieguide\Movie.java,com.esoxjem.movieguide.Movie,setTitle/1[java.lang.String],false,91,0,1,1,0,1,0,3,0,0,1,0,0,0,0,0,0,0,0,0,1,0,0,0,0,0,3,1,0,false
c:\Users\arthur.menezes_evolu\Desktop\Pes\MovieGuide\app\src\main\java\com\esoxjem\movieguide\Movie.java,com.esoxjem.movieguide.Movie,getBackdropPath/0,false,79,0,2,2,0,1,0,3,1,0,0,0,0,0,0,0,0,0,0,0,0,0,0,0,0,0,4,1,0,false
c:\Users\arthur.menezes_evolu\Desktop\Pes\MovieGuide\app\src\main\java\com\esoxjem\movieguide\Movie.java,com.esoxjem.movieguide.Movie,Movie/0,true,21,0,1,1,0,1,0,2,0,0,0,0,0,0,0,0,0,0,0,0,0,0,0,0,0,0,1,1,0,false
c:\Users\arthur.menezes_evolu\Desktop\Pes\MovieGuide\app\src\main\java\com\esoxjem\movieguide\Movie.java,com.esoxjem.movieguide.Movie,describeContents/0,false,104,0,0,0,0,1,0,3,1,0,0,0,0,0,0,0,0,0,0,1,0,0,0,0,0,0,2,1,0,false
c:\Users\arthur.menezes_evolu\Desktop\Pes\MovieGuide\app\src\main\java\com\esoxjem\movieguide\Movie.java,com.esoxjem.movieguide.Movie,getVoteAverage/0,false,95,0,2,2,0,1,0,3,1,0,0,0,0,0,0,0,0,0,0,0,0,0,0,0,0,0,4,1,0,false
c:\Users\arthur.menezes_evolu\Desktop\Pes\MovieGuide\app\src\main\java\com\esoxjem\movieguide\Movie.java,com.esoxjem.movieguide.Movie,setBackdropPath/1[java.lang.String],false,83,0,1,1,0,1,0,3,0,0,1,0,0,0,0,0,0,0,0,0,1,0,0,0,0,0,4,1,0,false
c:\Users\arthur.menezes_evolu\Desktop\Pes\MovieGuide\app\src\main\java\com\esoxjem\movieguide\Movie.java,com.esoxjem.movieguide.Movie,setReleaseDate/1[java.lang.String],false,67,0,1,1,0,1,0,3,0,0,1,0,0,0,0,0,0,0,0,0,1,0,0,0,0,0,4,1,0,false
c:\Users\arthur.menezes_evolu\Desktop\Pes\MovieGuide\app\src\main\java\com\esoxjem\movieguide\Movie.java,com.esoxjem.movieguide.Movie,setVoteAverage/1[double],false,99,0,1,1,0,1,0,3,0,0,1,0,0,0,0,0,0,0,0,0,1,0,0,0,0,0,4,1,0,false
c:\Users\arthur.menezes_evolu\Desktop\Pes\MovieGuide\app\src\main\java\com\esoxjem\movieguide\Movie.java,com.esoxjem.movieguide.Movie,getId/0,false,47,0,11,11,0,1,0,3,1,0,0,0,0,0,0,0,0,0,0,0,0,0,0,0,0,0,3,1,0,false
c:\Users\arthur.menezes_evolu\Desktop\Pes\MovieGuide\app\src\main\java\com\esoxjem\movieguide\Movie.java,com.esoxjem.movieguide.Movie,getPosterPath/0,false,71,0,2,2,0,1,0,3,1,0,0,0,0,0,0,0,0,0,0,0,0,0,0,0,0,0,4,1,0,false
c:\Users\arthur.menezes_evolu\Desktop\Pes\MovieGuide\app\src\main\java\com\esoxjem\movieguide\Movie.java,com.esoxjem.movieguide.Movie,setOverview/1[java.lang.String],false,59,0,1,1,0,1,0,3,0,0,1,0,0,0,0,0,0,0,0,0,1,0,0,0,0,0,3,1,0,false
c:\Users\arthur.menezes_evolu\Desktop\Pes\MovieGuide\app\src\main\java\com\esoxjem\movieguide\Movie.java,com.esoxjem.movieguide.Movie,Movie/1[com.esoxjem.movieguide.Parcel],true,25,1,1,1,0,1,2,9,0,0,1,2,0,0,0,0,0,0,0,0,7,0,0,0,0,0,13,4,0,false
c:\Users\arthur.menezes_evolu\Desktop\Pes\MovieGuide\app\src\main\java\com\esoxjem\movieguide\Movie.java,com.esoxjem.movieguide.Movie,getTitle/0,false,87,0,3,3,0,1,0,3,1,0,0,0,0,0,0,0,0,0,0,0,0,0,0,0,0,0,3,1,0,false
c:\Users\arthur.menezes_evolu\Desktop\Pes\MovieGuide\app\src\main\java\com\esoxjem\movieguide\Movie.java,com.esoxjem.movieguide.Movie,setId/1[java.lang.String],false,51,0,1,1,0,1,0,3,0,0,1,0,0,0,0,0,0,0,0,0,1,0,0,0,0,0,3,1,0,false
c:\Users\arthur.menezes_evolu\Desktop\Pes\MovieGuide\app\src\main\java\com\esoxjem\movieguide\Movie.java,com.esoxjem.movieguide.Movie,getOverview/0,false,55,0,2,2,0,1,0,3,1,0,0,0,0,0,0,0,0,0,0,0,0,0,0,0,0,0,3,1,0,false
c:\Users\arthur.menezes_evolu\Desktop\Pes\MovieGuide\app\src\main\java\com\esoxjem\movieguide\Movie.java,com.esoxjem.movieguide.Movie,setPosterPath/1[java.lang.String],false,75,0,1,1,0,1,0,3,0,0,1,0,0,0,0,0,0,0,0,0,1,0,0,0,0,0,4,1,0,false
c:\Users\arthur.menezes_evolu\Desktop\Pes\MovieGuide\app\src\main\java\com\esoxjem\movieguide\Movie.java,com.esoxjem.movieguide.Movie,"writeToParcel/2[com.esoxjem.movieguide.Parcel,int]",false,109,1,0,0,0,1,2,9,0,0,2,2,0,0,0,0,0,0,0,0,0,0,0,0,0,0,14,1,0,false
c:\Users\arthur.menezes_evolu\Desktop\Pes\MovieGuide\app\src\main\java\com\esoxjem\movieguide\listing\MoviesListingInteractorImpl.java,com.esoxjem.movieguide.listing.MoviesListingInteractorImpl,isPaginationSupported/0,false,38,2,2,0,2,2,2,4,1,1,0,2,0,0,0,1,0,0,0,0,1,0,0,0,0,0,5,1,0,false
c:\Users\arthur.menezes_evolu\Desktop\Pes\MovieGuide\app\src\main\java\com\esoxjem\movieguide\listing\MoviesListingInteractorImpl.java,com.esoxjem.movieguide.listing.MoviesListingInteractorImpl,"MoviesListingInteractorImpl/3[com.esoxjem.movieguide.favorites.FavoritesInteractor,com.esoxjem.movieguide.network.TmdbWebService,com.esoxjem.movieguide.listing.sorting.SortingOptionStore]",true,30,3,1,1,0,1,0,5,0,0,3,0,0,0,0,0,0,0,0,0,3,0,0,0,0,0,13,0,0,false
c:\Users\arthur.menezes_evolu\Desktop\Pes\MovieGuide\app\src\main\java\com\esoxjem\movieguide\listing\MoviesListingInteractorImpl.java,com.esoxjem.movieguide.listing.MoviesListingInteractorImpl,searchMovie/1[java.lang.String],false,60,4,1,0,1,1,2,3,1,0,1,2,0,0,0,0,0,0,0,0,0,0,0,0,0,0,3,1,0,false
c:\Users\arthur.menezes_evolu\Desktop\Pes\MovieGuide\app\src\main\java\com\esoxjem\movieguide\listing\MoviesListingInteractorImpl.java,com.esoxjem.movieguide.listing.MoviesListingInteractorImpl,fetchMovies/1[int],false,44,6,6,0,6,4,11,17,4,3,1,11,0,0,0,3,0,0,0,0,3,0,1,0,0,0,10,1,0,false
c:\Users\arthur.menezes_evolu\Desktop\Pes\MovieGuide\app\src\main\java\com\esoxjem\movieguide\util\SoftKeyboardUtils.java,com.esoxjem.movieguide.util.SoftKeyboardUtils,hideSoftInput/1[com.esoxjem.movieguide.util.View],false,14,2,0,0,0,2,4,5,0,0,1,4,0,0,0,1,0,1,0,1,0,0,1,0,0,0,13,9,0,true
c:\Users\arthur.menezes_evolu\Desktop\Pes\MovieGuide\app\src\main\java\com\esoxjem\movieguide\util\SoftKeyboardUtils.java,com.esoxjem.movieguide.util.SoftKeyboardUtils,SoftKeyboardUtils/0,true,22,0,0,0,0,1,0,2,0,0,0,0,0,0,0,0,0,0,0,0,0,0,0,0,0,0,3,2,0,false
