file,class,type,cbo,cboModified,fanin,fanout,wmc,dit,noc,rfc,lcom,lcom*,tcc,lcc,totalMethodsQty,staticMethodsQty,publicMethodsQty,privateMethodsQty,protectedMethodsQty,defaultMethodsQty,visibleMethodsQty,abstractMethodsQty,finalMethodsQty,synchronizedMethodsQty,totalFieldsQty,staticFieldsQty,publicFieldsQty,privateFieldsQty,protectedFieldsQty,defaultFieldsQty,finalFieldsQty,synchronizedFieldsQty,nosi,loc,returnQty,loopQty,comparisonsQty,tryCatchQty,parenthesizedExpsQty,stringLiteralsQty,numbersQty,assignmentsQty,mathOperationsQty,variablesQty,maxNestedBlocksQty,anonymousClassesQty,innerClassesQty,lambdasQty,uniqueWordsQty,modifiers,logStatementsQty
c:\Users\arthur.menezes_evolu\Desktop\Pes\BGARefreshLayout-Android\library\src\main\java\cn\bingoogolapple\refreshlayout\BGARefreshLayout.java,cn.bingoogolapple.refreshlayout.BGARefreshLayout$Anonymous5,anonymous,1,1,0,1,1,1,0,2,0,0.0,NaN,NaN,1,0,1,0,0,0,1,0,0,0,0,0,0,0,0,0,0,0,0,6,0,0,0,0,0,0,3,1,0,1,0,0,0,0,8,-1,0
c:\Users\arthur.menezes_evolu\Desktop\Pes\BGARefreshLayout-Android\library\src\main\java\cn\bingoogolapple\refreshlayout\BGARefreshLayout.java,cn.bingoogolapple.refreshlayout.BGARefreshLayout$Anonymous4,anonymous,1,1,0,1,1,1,0,2,0,0.0,NaN,NaN,1,0,1,0,0,0,1,0,0,0,0,0,0,0,0,0,0,0,0,6,0,0,0,0,0,0,3,1,0,1,0,0,0,0,8,-1,0
c:\Users\arthur.menezes_evolu\Desktop\Pes\BGARefreshLayout-Android\library\src\main\java\cn\bingoogolapple\refreshlayout\BGARefreshLayout.java,cn.bingoogolapple.refreshlayout.BGARefreshLayout$Anonymous6,anonymous,1,1,0,1,1,1,0,2,0,0.0,NaN,NaN,1,0,1,0,0,0,1,0,0,0,0,0,0,0,0,0,0,0,0,7,0,0,0,0,0,0,0,1,0,0,0,0,0,0,10,-1,0
c:\Users\arthur.menezes_evolu\Desktop\Pes\BGARefreshLayout-Android\library\src\main\java\cn\bingoogolapple\refreshlayout\BGARefreshLayout.java,cn.bingoogolapple.refreshlayout.BGARefreshLayout$Anonymous1,anonymous,1,1,0,1,1,1,0,2,0,0.0,NaN,NaN,1,0,1,0,0,0,1,0,0,0,0,0,0,0,0,0,0,0,0,6,0,0,0,0,0,0,3,1,0,1,0,0,0,0,8,-1,0
c:\Users\arthur.menezes_evolu\Desktop\Pes\BGARefreshLayout-Android\demo\src\main\java\cn\bingoogolapple\refreshlayout\demo\ui\activity\NormalRecyclerViewActivity.java,cn.bingoogolapple.refreshlayout.demo.ui.activity.NormalRecyclerViewActivity$Anonymous4$Anonymous5,anonymous,2,2,0,2,1,1,0,5,0,0.0,NaN,NaN,1,0,1,0,0,0,1,0,0,0,0,0,0,0,0,0,0,0,0,8,0,0,0,0,0,0,1,0,0,0,0,0,0,0,4,-1,0
c:\Users\arthur.menezes_evolu\Desktop\Pes\BGARefreshLayout-Android\library\src\main\java\cn\bingoogolapple\refreshlayout\BGAMoocStyleRefreshView.java,cn.bingoogolapple.refreshlayout.BGAMoocStyleRefreshView,class,11,13,2,11,21,2,0,35,25,0.76363647,0.0,0.0,11,0,5,4,2,0,7,0,0,0,15,0,0,15,0,0,0,0,2,125,1,0,5,0,2,1,18,35,18,21,2,0,0,0,65,1,0
c:\Users\arthur.menezes_evolu\Desktop\Pes\BGARefreshLayout-Android\library\src\main\java\cn\bingoogolapple\refreshlayout\BGARefreshLayout.java,cn.bingoogolapple.refreshlayout.BGARefreshLayout$Anonymous3,anonymous,2,2,0,2,7,1,0,4,1,0.0,0.0,0.0,2,0,2,0,0,0,2,0,0,0,0,0,0,0,0,0,0,0,0,15,0,0,4,0,1,0,0,0,0,0,1,0,0,0,33,-1,0
c:\Users\arthur.menezes_evolu\Desktop\Pes\BGARefreshLayout-Android\library\src\main\java\cn\bingoogolapple\refreshlayout\BGARefreshLayout.java,cn.bingoogolapple.refreshlayout.BGARefreshLayout$Anonymous2,anonymous,2,2,0,2,4,1,0,2,0,0.0,NaN,NaN,1,0,1,0,0,0,1,0,0,0,0,0,0,0,0,0,0,0,0,7,0,0,2,0,1,0,0,0,0,0,1,0,0,0,13,-1,0
c:\Users\arthur.menezes_evolu\Desktop\Pes\BGARefreshLayout-Android\demo\src\main\java\cn\bingoogolapple\refreshlayout\demo\ui\fragment\StickyNavScrollViewFragment.java,cn.bingoogolapple.refreshlayout.demo.ui.fragment.StickyNavScrollViewFragment,class,7,8,1,7,5,3,0,4,10,0.8,0.0,0.0,5,0,2,0,3,0,5,0,0,0,1,0,0,1,0,0,0,0,0,62,1,0,0,0,0,0,0,1,0,1,0,3,0,0,36,1,0
c:\Users\arthur.menezes_evolu\Desktop\Pes\BGARefreshLayout-Android\demo\src\main\java\cn\bingoogolapple\refreshlayout\demo\ui\fragment\RefreshListViewFragment.java,cn.bingoogolapple.refreshlayout.demo.ui.fragment.RefreshListViewFragment$Anonymous1,anonymous,1,1,0,1,2,1,0,0,1,0.0,0.0,0.0,2,0,2,0,0,0,2,0,0,0,0,0,0,0,0,0,0,0,0,6,0,0,0,0,0,0,0,0,0,0,0,0,0,0,11,-1,0
c:\Users\arthur.menezes_evolu\Desktop\Pes\BGARefreshLayout-Android\demo\src\main\java\cn\bingoogolapple\refreshlayout\demo\ui\activity\NormalRecyclerViewActivity.java,cn.bingoogolapple.refreshlayout.demo.ui.activity.NormalRecyclerViewActivity,class,21,23,2,21,18,3,0,30,5,0.72727275,0.0,0.0,11,0,7,1,3,0,10,0,0,0,6,0,0,6,0,0,0,0,1,144,6,0,5,0,0,8,5,7,3,7,1,5,0,0,59,1,0
c:\Users\arthur.menezes_evolu\Desktop\Pes\BGARefreshLayout-Android\demo\src\main\java\cn\bingoogolapple\refreshlayout\demo\ui\fragment\RefreshListViewFragment.java,cn.bingoogolapple.refreshlayout.demo.ui.fragment.RefreshListViewFragment$Anonymous5,anonymous,5,5,0,5,2,1,0,2,1,0.0,0.0,0.0,2,0,2,0,0,0,2,0,0,0,0,0,0,0,0,0,0,0,1,15,0,0,0,0,0,0,0,0,0,0,0,1,0,0,7,-1,0
c:\Users\arthur.menezes_evolu\Desktop\Pes\BGARefreshLayout-Android\library\src\main\java\cn\bingoogolapple\refreshlayout\BGAStickinessRefreshView.java,cn.bingoogolapple.refreshlayout.BGAStickinessRefreshView$Anonymous3,anonymous,1,1,0,1,3,1,0,2,0,0.0,NaN,NaN,1,0,1,0,0,0,1,0,0,0,0,0,0,0,0,0,0,0,0,12,0,0,0,0,0,0,3,2,0,0,1,0,0,0,10,-1,0
c:\Users\arthur.menezes_evolu\Desktop\Pes\BGARefreshLayout-Android\demo\src\main\java\cn\bingoogolapple\refreshlayout\demo\ui\fragment\RefreshStaggeredRecyclerViewFragment.java,cn.bingoogolapple.refreshlayout.demo.ui.fragment.RefreshStaggeredRecyclerViewFragment$Anonymous2$Anonymous3,anonymous,1,1,0,1,1,1,0,4,0,0.0,NaN,NaN,1,0,1,0,0,0,1,0,0,0,0,0,0,0,0,0,0,0,0,7,0,0,0,0,0,0,1,0,0,0,0,0,0,0,1,-1,0
c:\Users\arthur.menezes_evolu\Desktop\Pes\BGARefreshLayout-Android\library\src\main\java\cn\bingoogolapple\refreshlayout\BGAStickinessRefreshView.java,cn.bingoogolapple.refreshlayout.BGAStickinessRefreshView$Anonymous4,anonymous,1,1,0,1,1,1,0,2,0,0.0,NaN,NaN,1,0,1,0,0,0,1,0,0,0,0,0,0,0,0,0,0,0,0,6,0,0,0,0,0,0,0,1,0,0,0,0,0,0,12,-1,0
c:\Users\arthur.menezes_evolu\Desktop\Pes\BGARefreshLayout-Android\demo\src\main\java\cn\bingoogolapple\refreshlayout\demo\ui\fragment\RefreshListViewFragment.java,cn.bingoogolapple.refreshlayout.demo.ui.fragment.RefreshListViewFragment$Anonymous3,anonymous,5,5,0,5,2,1,0,2,1,0.0,0.0,0.0,2,0,2,0,0,0,2,0,0,0,0,0,0,0,0,0,0,0,1,14,0,0,0,0,0,0,0,0,0,0,0,1,0,0,7,-1,0
c:\Users\arthur.menezes_evolu\Desktop\Pes\BGARefreshLayout-Android\library\src\main\java\cn\bingoogolapple\refreshlayout\BGAStickinessRefreshView.java,cn.bingoogolapple.refreshlayout.BGAStickinessRefreshView$Anonymous5,anonymous,1,1,0,1,4,1,0,0,6,0.0,0.0,0.0,4,0,4,0,0,0,4,0,0,0,0,0,0,0,0,0,0,0,0,11,0,0,0,0,0,0,0,1,0,0,0,0,0,0,12,-1,0
c:\Users\arthur.menezes_evolu\Desktop\Pes\BGARefreshLayout-Android\demo\src\main\java\cn\bingoogolapple\refreshlayout\demo\ui\fragment\RefreshListViewFragment.java,cn.bingoogolapple.refreshlayout.demo.ui.fragment.RefreshListViewFragment$Anonymous2,anonymous,3,3,0,3,2,1,0,2,1,0.0,0.0,0.0,2,0,2,0,0,0,2,0,0,0,0,0,0,0,0,0,0,0,0,7,0,0,0,0,0,0,0,0,0,0,0,0,0,0,6,-1,0
c:\Users\arthur.menezes_evolu\Desktop\Pes\BGARefreshLayout-Android\demo\src\main\java\cn\bingoogolapple\refreshlayout\demo\ui\fragment\RefreshNormalViewFragment.java,cn.bingoogolapple.refreshlayout.demo.ui.fragment.RefreshNormalViewFragment$Anonymous3,anonymous,1,1,0,1,3,1,0,4,1,0.0,0.0,0.0,2,0,0,0,2,0,2,0,0,0,0,0,0,0,0,0,0,0,1,15,1,0,0,1,0,1,0,0,0,0,1,0,0,0,13,-1,0
c:\Users\arthur.menezes_evolu\Desktop\Pes\BGARefreshLayout-Android\demo\src\main\java\cn\bingoogolapple\refreshlayout\demo\ui\fragment\RefreshSwipeRecyclerViewFragment.java,cn.bingoogolapple.refreshlayout.demo.ui.fragment.RefreshSwipeRecyclerViewFragment,class,19,20,1,19,14,3,0,28,0,0.64,0.0,0.0,10,0,6,0,4,0,10,0,0,0,5,0,0,5,0,0,0,0,1,118,6,0,2,0,0,5,6,8,3,6,1,4,0,0,60,1,0
c:\Users\arthur.menezes_evolu\Desktop\Pes\BGARefreshLayout-Android\library\src\main\java\cn\bingoogolapple\refreshlayout\BGAStickinessRefreshView.java,cn.bingoogolapple.refreshlayout.BGAStickinessRefreshView$Anonymous1,anonymous,1,1,0,1,1,1,0,2,0,0.0,NaN,NaN,1,0,1,0,0,0,1,0,0,0,0,0,0,0,0,0,0,0,0,6,0,0,0,0,0,0,0,1,0,0,0,0,0,0,12,-1,0
c:\Users\arthur.menezes_evolu\Desktop\Pes\BGARefreshLayout-Android\library\src\main\java\cn\bingoogolapple\refreshlayout\BGAStickinessRefreshView.java,cn.bingoogolapple.refreshlayout.BGAStickinessRefreshView$Anonymous2,anonymous,3,3,0,3,5,1,0,4,6,0.0,0.0,0.0,4,0,4,0,0,0,4,0,0,0,0,0,0,0,0,0,0,0,0,19,0,0,1,0,1,0,1,2,1,0,1,0,0,0,21,-1,0
c:\Users\arthur.menezes_evolu\Desktop\Pes\BGARefreshLayout-Android\demo\src\main\java\cn\bingoogolapple\refreshlayout\demo\ui\activity\MainActivity.java,cn.bingoogolapple.refreshlayout.demo.ui.activity.MainActivity,class,10,12,2,10,8,4,0,17,1,0.7551021,0.0,0.0,7,0,1,3,3,0,4,0,0,0,7,2,1,6,0,0,2,0,0,102,0,0,0,0,0,0,1,7,0,7,1,1,1,0,57,1,0
c:\Users\arthur.menezes_evolu\Desktop\Pes\BGARefreshLayout-Android\demo\src\main\java\cn\bingoogolapple\refreshlayout\demo\ui\fragment\RefreshNormalViewFragment.java,cn.bingoogolapple.refreshlayout.demo.ui.fragment.RefreshNormalViewFragment$Anonymous1,anonymous,2,2,0,2,1,1,0,1,0,0.0,NaN,NaN,1,0,1,0,0,0,1,0,0,0,0,0,0,0,0,0,0,0,0,5,0,0,0,0,0,1,0,0,0,0,0,0,0,0,6,-1,0
c:\Users\arthur.menezes_evolu\Desktop\Pes\BGARefreshLayout-Android\demo\src\main\java\cn\bingoogolapple\refreshlayout\demo\ui\fragment\RefreshNormalViewFragment.java,cn.bingoogolapple.refreshlayout.demo.ui.fragment.RefreshNormalViewFragment$Anonymous2,anonymous,1,1,0,1,3,1,0,4,1,0.0,0.0,0.0,2,0,0,0,2,0,2,0,0,0,0,0,0,0,0,0,0,0,1,15,1,0,0,1,0,1,0,0,0,0,1,0,0,0,13,-1,0
c:\Users\arthur.menezes_evolu\Desktop\Pes\BGARefreshLayout-Android\demo\src\main\java\cn\bingoogolapple\refreshlayout\demo\adapter\SwipeAdapterViewAdapter.java,cn.bingoogolapple.refreshlayout.demo.adapter.SwipeAdapterViewAdapter$Anonymous1,anonymous,2,2,0,2,3,1,0,3,3,0.0,0.0,0.0,3,0,3,0,0,0,3,0,0,0,0,0,0,0,0,0,0,0,0,12,0,0,0,0,0,0,0,0,0,0,0,0,0,0,15,-1,0
c:\Users\arthur.menezes_evolu\Desktop\Pes\BGARefreshLayout-Android\demo\src\main\java\cn\bingoogolapple\refreshlayout\demo\ui\activity\NormalListViewActivity.java,cn.bingoogolapple.refreshlayout.demo.ui.activity.NormalListViewActivity$Anonymous1,anonymous,3,3,0,3,2,1,0,2,1,0.0,0.0,0.0,2,0,2,0,0,0,2,0,0,0,0,0,0,0,0,0,0,0,0,7,0,0,0,0,0,0,0,0,0,0,0,0,0,0,6,-1,0
c:\Users\arthur.menezes_evolu\Desktop\Pes\BGARefreshLayout-Android\demo\src\main\java\cn\bingoogolapple\refreshlayout\demo\model\StaggeredModel.java,cn.bingoogolapple.refreshlayout.demo.model.StaggeredModel,class,0,6,6,0,0,1,0,0,0,NaN,-1.0,-1.0,0,0,0,0,0,0,0,0,0,0,2,0,2,0,0,0,0,0,0,4,0,0,0,0,0,0,0,0,0,2,0,0,0,0,4,1,0
c:\Users\arthur.menezes_evolu\Desktop\Pes\BGARefreshLayout-Android\demo\src\main\java\cn\bingoogolapple\refreshlayout\demo\ui\activity\NormalListViewActivity.java,cn.bingoogolapple.refreshlayout.demo.ui.activity.NormalListViewActivity$Anonymous3,anonymous,4,4,0,4,2,1,0,3,1,0.0,0.0,0.0,2,0,2,0,0,0,2,0,0,0,0,0,0,0,0,0,0,0,0,9,0,0,0,0,0,0,0,0,0,0,0,0,0,0,6,-1,0
c:\Users\arthur.menezes_evolu\Desktop\Pes\BGARefreshLayout-Android\demo\src\main\java\cn\bingoogolapple\refreshlayout\demo\ui\activity\NormalListViewActivity.java,cn.bingoogolapple.refreshlayout.demo.ui.activity.NormalListViewActivity$Anonymous2,anonymous,4,4,0,4,2,1,0,3,1,0.0,0.0,0.0,2,0,2,0,0,0,2,0,0,0,0,0,0,0,0,0,0,0,0,9,0,0,0,0,0,0,0,0,0,0,0,0,0,0,6,-1,0
c:\Users\arthur.menezes_evolu\Desktop\Pes\BGARefreshLayout-Android\library\src\main\java\cn\bingoogolapple\refreshlayout\adapters\BGARefreshLayoutAdapter.java,cn.bingoogolapple.refreshlayout.adapters.BGARefreshLayoutAdapter,class,3,3,0,3,1,1,0,1,0,0.0,NaN,NaN,1,1,1,0,0,0,1,0,0,0,0,0,0,0,0,0,0,0,0,5,0,0,0,0,0,1,0,0,0,0,0,0,0,0,9,1,0
c:\Users\arthur.menezes_evolu\Desktop\Pes\BGARefreshLayout-Android\demo\src\main\java\cn\bingoogolapple\refreshlayout\demo\ui\fragment\StickyNavListViewFragment.java,cn.bingoogolapple.refreshlayout.demo.ui.fragment.StickyNavListViewFragment$Anonymous1,anonymous,3,3,0,3,2,1,0,2,1,0.0,0.0,0.0,2,0,2,0,0,0,2,0,0,0,0,0,0,0,0,0,0,0,0,7,0,0,0,0,0,0,0,0,0,0,0,0,0,0,6,-1,0
c:\Users\arthur.menezes_evolu\Desktop\Pes\BGARefreshLayout-Android\demo\src\main\java\cn\bingoogolapple\refreshlayout\demo\ui\fragment\StickyNavListViewFragment.java,cn.bingoogolapple.refreshlayout.demo.ui.fragment.StickyNavListViewFragment$Anonymous2,anonymous,5,5,0,5,2,1,0,3,1,0.0,0.0,0.0,2,0,2,0,0,0,2,0,0,0,0,0,0,0,0,0,0,0,1,15,0,0,0,0,1,0,0,0,0,0,0,1,0,0,11,-1,0
c:\Users\arthur.menezes_evolu\Desktop\Pes\BGARefreshLayout-Android\demo\src\main\java\cn\bingoogolapple\refreshlayout\demo\ui\fragment\StickyNavListViewFragment.java,cn.bingoogolapple.refreshlayout.demo.ui.fragment.StickyNavListViewFragment$Anonymous4,anonymous,5,5,0,5,2,1,0,3,1,0.0,0.0,0.0,2,0,2,0,0,0,2,0,0,0,0,0,0,0,0,0,0,0,1,15,0,0,0,0,1,0,0,0,0,0,0,1,0,0,11,-1,0
c:\Users\arthur.menezes_evolu\Desktop\Pes\BGARefreshLayout-Android\demo\src\main\java\cn\bingoogolapple\refreshlayout\demo\ui\fragment\StickyNavRecyclerViewFragment.java,cn.bingoogolapple.refreshlayout.demo.ui.fragment.StickyNavRecyclerViewFragment$Anonymous4$Anonymous5,anonymous,2,2,0,2,1,1,0,5,0,0.0,NaN,NaN,1,0,1,0,0,0,1,0,0,0,0,0,0,0,0,0,0,0,0,7,0,0,0,0,1,0,0,0,0,0,0,0,0,0,8,-1,0
c:\Users\arthur.menezes_evolu\Desktop\Pes\BGARefreshLayout-Android\demo\src\main\java\cn\bingoogolapple\refreshlayout\demo\ui\fragment\RefreshSwipeListViewFragment.java,cn.bingoogolapple.refreshlayout.demo.ui.fragment.RefreshSwipeListViewFragment,class,20,22,2,20,14,3,0,27,0,0.7,0.0,0.0,10,0,6,0,4,0,10,0,0,0,6,1,0,6,0,0,1,0,1,119,6,0,2,0,0,5,6,9,3,7,1,4,0,0,57,1,0
c:\Users\arthur.menezes_evolu\Desktop\Pes\BGARefreshLayout-Android\demo\src\main\java\cn\bingoogolapple\refreshlayout\demo\ui\fragment\RefreshSwipeListViewFragment.java,cn.bingoogolapple.refreshlayout.demo.ui.fragment.RefreshSwipeListViewFragment$Anonymous5,anonymous,5,5,0,5,2,1,0,2,1,0.0,0.0,0.0,2,0,2,0,0,0,2,0,0,0,0,0,0,0,0,0,0,0,1,14,0,0,0,0,0,0,0,0,0,0,0,1,0,0,7,-1,0
c:\Users\arthur.menezes_evolu\Desktop\Pes\BGARefreshLayout-Android\demo\src\main\java\cn\bingoogolapple\refreshlayout\demo\ui\fragment\RefreshNormalViewFragment.java,cn.bingoogolapple.refreshlayout.demo.ui.fragment.RefreshNormalViewFragment,class,10,12,2,10,5,3,0,11,4,0.6666667,0.0,0.0,5,0,2,0,3,0,5,0,0,0,3,1,0,3,0,0,1,0,1,63,1,0,0,0,0,0,0,4,0,4,0,3,0,0,39,1,0
c:\Users\arthur.menezes_evolu\Desktop\Pes\BGARefreshLayout-Android\demo\src\main\java\cn\bingoogolapple\refreshlayout\demo\ui\activity\SwipeRecyclerViewActivity.java,cn.bingoogolapple.refreshlayout.demo.ui.activity.SwipeRecyclerViewActivity,class,21,23,2,21,18,3,0,29,5,0.72727275,0.0,0.0,11,0,7,1,3,0,10,0,0,0,6,0,0,6,0,0,0,0,1,135,6,0,5,0,0,8,4,7,3,7,1,6,0,0,57,1,0
c:\Users\arthur.menezes_evolu\Desktop\Pes\BGARefreshLayout-Android\demo\src\main\java\cn\bingoogolapple\refreshlayout\demo\ui\fragment\RefreshSwipeListViewFragment.java,cn.bingoogolapple.refreshlayout.demo.ui.fragment.RefreshSwipeListViewFragment$Anonymous2,anonymous,3,3,0,3,2,1,0,2,1,0.0,0.0,0.0,2,0,2,0,0,0,2,0,0,0,0,0,0,0,0,0,0,0,0,7,0,0,0,0,0,0,0,0,0,0,0,0,0,0,6,-1,0
c:\Users\arthur.menezes_evolu\Desktop\Pes\BGARefreshLayout-Android\demo\src\main\java\cn\bingoogolapple\refreshlayout\demo\ui\fragment\RefreshSwipeListViewFragment.java,cn.bingoogolapple.refreshlayout.demo.ui.fragment.RefreshSwipeListViewFragment$Anonymous3,anonymous,5,5,0,5,2,1,0,2,1,0.0,0.0,0.0,2,0,2,0,0,0,2,0,0,0,0,0,0,0,0,0,0,0,1,14,0,0,0,0,0,0,0,0,0,0,0,1,0,0,7,-1,0
c:\Users\arthur.menezes_evolu\Desktop\Pes\BGARefreshLayout-Android\demo\src\main\java\cn\bingoogolapple\refreshlayout\demo\ui\fragment\RefreshScrollViewFragment.java,cn.bingoogolapple.refreshlayout.demo.ui.fragment.RefreshScrollViewFragment,class,10,12,2,10,5,3,0,12,4,0.6666667,0.0,0.0,5,0,2,0,3,0,5,0,0,0,3,1,0,3,0,0,1,0,1,72,1,0,0,0,0,0,0,4,0,4,0,3,0,0,40,1,0
c:\Users\arthur.menezes_evolu\Desktop\Pes\BGARefreshLayout-Android\demo\src\main\java\cn\bingoogolapple\refreshlayout\demo\ui\fragment\RefreshSwipeListViewFragment.java,cn.bingoogolapple.refreshlayout.demo.ui.fragment.RefreshSwipeListViewFragment$Anonymous1,anonymous,2,2,0,2,3,1,0,1,1,0.0,0.0,0.0,2,0,2,0,0,0,2,0,0,0,0,0,0,0,0,0,0,0,0,9,0,0,1,0,0,0,0,0,0,0,1,0,0,0,11,-1,0
c:\Users\arthur.menezes_evolu\Desktop\Pes\BGARefreshLayout-Android\demo\src\main\java\cn\bingoogolapple\refreshlayout\demo\ui\activity\SwipeListViewActivity.java,cn.bingoogolapple.refreshlayout.demo.ui.activity.SwipeListViewActivity$Anonymous2,anonymous,3,3,0,3,2,1,0,2,1,0.0,0.0,0.0,2,0,2,0,0,0,2,0,0,0,0,0,0,0,0,0,0,0,0,7,0,0,0,0,0,0,0,0,0,0,0,0,0,0,6,-1,0
c:\Users\arthur.menezes_evolu\Desktop\Pes\BGARefreshLayout-Android\demo\src\main\java\cn\bingoogolapple\refreshlayout\demo\ui\activity\SwipeListViewActivity.java,cn.bingoogolapple.refreshlayout.demo.ui.activity.SwipeListViewActivity$Anonymous1,anonymous,2,2,0,2,3,1,0,1,1,0.0,0.0,0.0,2,0,2,0,0,0,2,0,0,0,0,0,0,0,0,0,0,0,0,9,0,0,1,0,0,0,0,0,0,0,1,0,0,0,11,-1,0
c:\Users\arthur.menezes_evolu\Desktop\Pes\BGARefreshLayout-Android\library\src\main\java\cn\bingoogolapple\refreshlayout\BGARefreshLayout.java,cn.bingoogolapple.refreshlayout.BGARefreshLayout$BGARefreshLayoutDelegate,interface,1,1,0,1,2,1,0,0,1,0.0,0.0,0.0,2,0,0,0,0,2,2,0,0,0,0,0,0,0,0,0,0,0,0,4,0,0,0,0,0,0,0,0,0,0,0,0,0,0,12,1,0
c:\Users\arthur.menezes_evolu\Desktop\Pes\BGARefreshLayout-Android\library\src\main\java\cn\bingoogolapple\refreshlayout\BGARefreshLayout.java,cn.bingoogolapple.refreshlayout.BGARefreshLayout,class,21,93,72,21,189,2,0,100,376,0.9031779,0.0,0.0,41,1,22,18,1,0,23,0,0,0,33,1,0,33,0,0,1,0,15,562,45,0,70,1,15,2,52,89,17,54,4,6,3,0,151,1,0
c:\Users\arthur.menezes_evolu\Desktop\Pes\BGARefreshLayout-Android\demo\src\main\java\cn\bingoogolapple\refreshlayout\demo\ui\fragment\RefreshGridViewFragment.java,cn.bingoogolapple.refreshlayout.demo.ui.fragment.RefreshGridViewFragment$Anonymous4$Anonymous5,anonymous,1,1,0,1,1,1,0,3,0,0.0,NaN,NaN,1,0,1,0,0,0,1,0,0,0,0,0,0,0,0,0,0,0,0,6,0,0,0,0,0,0,0,0,0,0,0,0,0,0,1,-1,0
c:\Users\arthur.menezes_evolu\Desktop\Pes\BGARefreshLayout-Android\demo\src\main\java\cn\bingoogolapple\refreshlayout\demo\model\BannerModel.java,cn.bingoogolapple.refreshlayout.demo.model.BannerModel,class,0,5,5,0,0,1,0,0,0,NaN,-1.0,-1.0,0,0,0,0,0,0,0,0,0,0,2,0,2,0,0,0,0,0,0,4,0,0,0,0,0,0,0,0,0,2,0,0,0,0,4,1,0
c:\Users\arthur.menezes_evolu\Desktop\Pes\BGARefreshLayout-Android\demo\src\main\java\cn\bingoogolapple\refreshlayout\demo\ui\activity\WebViewActivity.java,cn.bingoogolapple.refreshlayout.demo.ui.activity.WebViewActivity$Anonymous1,anonymous,3,3,0,3,2,1,0,3,1,0.0,0.0,0.0,2,0,2,0,0,0,2,0,0,0,0,0,0,0,0,0,0,0,0,9,0,0,0,0,0,0,0,0,0,0,0,0,0,0,9,-1,0
c:\Users\arthur.menezes_evolu\Desktop\Pes\BGARefreshLayout-Android\demo\src\main\java\cn\bingoogolapple\refreshlayout\demo\ui\fragment\RefreshRecyclerViewFragment.java,cn.bingoogolapple.refreshlayout.demo.ui.fragment.RefreshRecyclerViewFragment,class,20,22,2,20,14,3,0,32,0,0.70000005,0.0,0.0,10,0,6,0,4,0,10,0,0,0,6,1,0,6,0,0,1,0,0,139,6,0,2,0,0,5,8,10,3,8,1,6,0,0,64,1,0
c:\Users\arthur.menezes_evolu\Desktop\Pes\BGARefreshLayout-Android\demo\src\main\java\cn\bingoogolapple\refreshlayout\demo\ui\activity\NormalListViewActivity.java,cn.bingoogolapple.refreshlayout.demo.ui.activity.NormalListViewActivity,class,17,18,1,17,17,3,0,21,0,0.68,0.0,0.0,10,0,7,0,3,0,10,0,0,0,5,0,0,5,0,0,0,0,0,102,6,0,5,0,0,8,4,5,3,5,1,3,0,0,50,1,0
c:\Users\arthur.menezes_evolu\Desktop\Pes\BGARefreshLayout-Android\demo\src\main\java\cn\bingoogolapple\refreshlayout\demo\ui\activity\SwipeListViewActivity.java,cn.bingoogolapple.refreshlayout.demo.ui.activity.SwipeListViewActivity$Anonymous4,anonymous,4,4,0,4,2,1,0,3,1,0.0,0.0,0.0,2,0,2,0,0,0,2,0,0,0,0,0,0,0,0,0,0,0,0,9,0,0,0,0,0,0,0,0,0,0,0,0,0,0,6,-1,0
c:\Users\arthur.menezes_evolu\Desktop\Pes\BGARefreshLayout-Android\demo\src\main\java\cn\bingoogolapple\refreshlayout\demo\ui\activity\SwipeListViewActivity.java,cn.bingoogolapple.refreshlayout.demo.ui.activity.SwipeListViewActivity$Anonymous3,anonymous,4,4,0,4,2,1,0,3,1,0.0,0.0,0.0,2,0,2,0,0,0,2,0,0,0,0,0,0,0,0,0,0,0,0,9,0,0,0,0,0,0,0,0,0,0,0,0,0,0,6,-1,0
c:\Users\arthur.menezes_evolu\Desktop\Pes\BGARefreshLayout-Android\library\src\main\java\cn\bingoogolapple\refreshlayout\util\BGARefreshScrollingUtil.java,cn.bingoogolapple.refreshlayout.util.BGARefreshScrollingUtil$Anonymous3,anonymous,0,0,0,0,1,1,0,3,0,0.0,NaN,NaN,1,0,1,0,0,0,1,0,0,0,0,0,0,0,0,0,0,0,0,5,0,0,0,0,0,0,1,0,1,0,0,0,0,0,1,-1,0
c:\Users\arthur.menezes_evolu\Desktop\Pes\BGARefreshLayout-Android\library\src\main\java\cn\bingoogolapple\refreshlayout\util\BGARefreshScrollingUtil.java,cn.bingoogolapple.refreshlayout.util.BGARefreshScrollingUtil$Anonymous2,anonymous,0,0,0,0,1,1,0,3,0,0.0,NaN,NaN,1,0,1,0,0,0,1,0,0,0,0,0,0,0,0,0,0,0,0,5,0,0,0,0,0,0,1,0,1,0,0,0,0,0,1,-1,0
c:\Users\arthur.menezes_evolu\Desktop\Pes\BGARefreshLayout-Android\library\src\main\java\cn\bingoogolapple\refreshlayout\util\BGARefreshScrollingUtil.java,cn.bingoogolapple.refreshlayout.util.BGARefreshScrollingUtil$Anonymous1,anonymous,0,0,0,0,1,1,0,1,0,0.0,NaN,NaN,1,0,1,0,0,0,1,0,0,0,0,0,0,0,0,0,0,0,0,5,0,0,0,0,0,0,0,0,0,0,0,0,0,0,1,-1,0
c:\Users\arthur.menezes_evolu\Desktop\Pes\BGARefreshLayout-Android\library\src\main\java\cn\bingoogolapple\refreshlayout\util\BGARefreshScrollingUtil.java,cn.bingoogolapple.refreshlayout.util.BGARefreshScrollingUtil,class,17,20,3,17,65,1,0,36,105,0.0,0.0,0.0,15,14,13,2,0,0,13,0,0,0,0,0,0,0,0,0,0,0,4,206,30,2,32,1,3,1,40,35,17,32,5,3,0,0,69,1,0
c:\Users\arthur.menezes_evolu\Desktop\Pes\BGARefreshLayout-Android\demo\src\main\java\cn\bingoogolapple\refreshlayout\demo\ui\fragment\RefreshSwipeRecyclerViewFragment.java,cn.bingoogolapple.refreshlayout.demo.ui.fragment.RefreshSwipeRecyclerViewFragment$Anonymous5$Anonymous6,anonymous,1,1,0,1,1,1,0,3,0,0.0,NaN,NaN,1,0,1,0,0,0,1,0,0,0,0,0,0,0,0,0,0,0,0,6,0,0,0,0,0,0,0,0,0,0,0,0,0,0,1,-1,0
c:\Users\arthur.menezes_evolu\Desktop\Pes\BGARefreshLayout-Android\library\src\main\java\cn\bingoogolapple\refreshlayout\BGAStickinessRefreshView.java,cn.bingoogolapple.refreshlayout.BGAStickinessRefreshView,class,18,22,4,18,22,2,0,44,87,0.85069454,0.0,0.0,18,0,12,5,1,0,13,0,0,0,16,0,0,16,0,0,0,0,6,193,2,0,1,0,4,0,39,43,44,26,1,5,0,0,85,1,0
c:\Users\arthur.menezes_evolu\Desktop\Pes\BGARefreshLayout-Android\demo\src\main\java\cn\bingoogolapple\refreshlayout\demo\ui\activity\BaseActivity.java,cn.bingoogolapple.refreshlayout.demo.ui.activity.BaseActivity,class,11,28,17,11,12,2,9,18,34,0.8611111,0.0,0.0,9,0,3,0,6,0,9,3,0,0,4,0,0,1,3,0,0,0,2,38,1,0,2,0,0,1,1,4,0,4,1,0,0,0,38,1025,0
c:\Users\arthur.menezes_evolu\Desktop\Pes\BGARefreshLayout-Android\demo\src\main\java\cn\bingoogolapple\refreshlayout\demo\ui\activity\ViewPagerActivity.java,cn.bingoogolapple.refreshlayout.demo.ui.activity.ViewPagerActivity,class,19,34,15,19,16,4,0,23,0,0.6625,0.0,0.0,8,0,4,1,3,0,7,0,0,0,10,0,0,10,0,0,0,0,1,105,5,0,0,0,0,4,19,18,0,10,1,2,1,0,57,1,0
c:\Users\arthur.menezes_evolu\Desktop\Pes\BGARefreshLayout-Android\demo\src\main\java\cn\bingoogolapple\refreshlayout\demo\ui\fragment\RefreshWebViewFragment.java,cn.bingoogolapple.refreshlayout.demo.ui.fragment.RefreshWebViewFragment,class,8,10,2,8,5,3,0,13,0,0.4666667,0.0,0.0,5,0,2,0,3,0,5,0,0,0,3,1,0,3,0,0,1,0,0,38,1,0,0,0,0,2,0,4,0,4,0,1,0,0,38,1,0
c:\Users\arthur.menezes_evolu\Desktop\Pes\BGARefreshLayout-Android\demo\src\main\java\cn\bingoogolapple\refreshlayout\demo\adapter\StaggeredRecyclerViewAdapter.java,cn.bingoogolapple.refreshlayout.demo.adapter.StaggeredRecyclerViewAdapter,class,6,7,1,6,2,2,0,9,1,0.0,0.0,0.0,2,0,2,0,0,0,2,0,0,0,0,0,0,0,0,0,0,0,0,9,0,0,0,0,0,0,0,0,0,0,0,0,0,0,19,1,1
c:\Users\arthur.menezes_evolu\Desktop\Pes\BGARefreshLayout-Android\demo\src\main\java\cn\bingoogolapple\refreshlayout\demo\ui\fragment\RefreshListViewFragment.java,cn.bingoogolapple.refreshlayout.demo.ui.fragment.RefreshListViewFragment$Anonymous3$Anonymous4,anonymous,1,1,0,1,1,1,0,3,0,0.0,NaN,NaN,1,0,1,0,0,0,1,0,0,0,0,0,0,0,0,0,0,0,0,6,0,0,0,0,0,0,0,0,0,0,0,0,0,0,1,-1,0
c:\Users\arthur.menezes_evolu\Desktop\Pes\BGARefreshLayout-Android\demo\src\main\java\cn\bingoogolapple\refreshlayout\demo\ui\fragment\RefreshStaggeredRecyclerViewFragment.java,cn.bingoogolapple.refreshlayout.demo.ui.fragment.RefreshStaggeredRecyclerViewFragment$Anonymous4$Anonymous5,anonymous,1,1,0,1,1,1,0,3,0,0.0,NaN,NaN,1,0,1,0,0,0,1,0,0,0,0,0,0,0,0,0,0,0,0,6,0,0,0,0,0,0,0,0,0,0,0,0,0,0,1,-1,0
c:\Users\arthur.menezes_evolu\Desktop\Pes\BGARefreshLayout-Android\demo\src\main\java\cn\bingoogolapple\refreshlayout\demo\ui\fragment\BaseFragment.java,cn.bingoogolapple.refreshlayout.demo.ui.fragment.BaseFragment,class,14,47,33,14,25,2,13,27,122,0.89215684,0.0,0.0,17,0,5,1,11,0,16,3,0,0,6,0,0,0,6,0,0,0,2,85,2,0,2,0,0,0,0,8,0,7,2,0,0,0,66,1025,0
c:\Users\arthur.menezes_evolu\Desktop\Pes\BGARefreshLayout-Android\demo\src\main\java\cn\bingoogolapple\refreshlayout\demo\ui\fragment\RefreshScrollViewFragment.java,cn.bingoogolapple.refreshlayout.demo.ui.fragment.RefreshScrollViewFragment$Anonymous2,anonymous,2,2,0,2,4,1,0,6,3,0.0,0.0,0.0,3,0,0,0,3,0,3,0,0,0,0,0,0,0,0,0,0,0,1,19,1,0,0,1,0,1,0,0,0,0,1,0,0,0,18,-1,0
c:\Users\arthur.menezes_evolu\Desktop\Pes\BGARefreshLayout-Android\library\src\main\java\cn\bingoogolapple\refreshlayout\BGAStickyNavLayout.java,cn.bingoogolapple.refreshlayout.BGAStickyNavLayout$Anonymous1,anonymous,1,1,0,1,1,1,0,1,0,0.0,NaN,NaN,1,0,1,0,0,0,1,0,0,0,0,0,0,0,0,0,0,0,0,5,0,0,0,0,0,0,0,0,0,0,0,0,0,0,8,-1,0
c:\Users\arthur.menezes_evolu\Desktop\Pes\BGARefreshLayout-Android\demo\src\main\java\cn\bingoogolapple\refreshlayout\demo\ui\fragment\RefreshScrollViewFragment.java,cn.bingoogolapple.refreshlayout.demo.ui.fragment.RefreshScrollViewFragment$Anonymous1,anonymous,2,2,0,2,1,1,0,1,0,0.0,NaN,NaN,1,0,1,0,0,0,1,0,0,0,0,0,0,0,0,0,0,0,0,5,0,0,0,0,0,1,0,0,0,0,0,0,0,0,6,-1,0
c:\Users\arthur.menezes_evolu\Desktop\Pes\BGARefreshLayout-Android\demo\src\main\java\cn\bingoogolapple\refreshlayout\demo\ui\fragment\RefreshStaggeredRecyclerViewFragment.java,cn.bingoogolapple.refreshlayout.demo.ui.fragment.RefreshStaggeredRecyclerViewFragment,class,17,19,2,17,10,3,0,19,0,0.6666667,0.0,0.0,8,0,4,0,4,0,8,0,0,0,6,1,0,6,0,0,1,0,1,93,4,0,0,0,0,4,7,9,2,7,1,3,0,0,58,1,0
c:\Users\arthur.menezes_evolu\Desktop\Pes\BGARefreshLayout-Android\library\src\main\java\cn\bingoogolapple\refreshlayout\BGAStickyNavLayout.java,cn.bingoogolapple.refreshlayout.BGAStickyNavLayout$Anonymous2,anonymous,2,2,0,2,5,1,0,2,0,0.0,NaN,NaN,1,0,1,0,0,0,1,0,0,0,0,0,0,0,0,0,0,0,0,7,0,0,3,0,1,0,0,0,0,0,1,0,0,0,12,-1,0
c:\Users\arthur.menezes_evolu\Desktop\Pes\BGARefreshLayout-Android\demo\src\main\java\cn\bingoogolapple\refreshlayout\demo\adapter\SwipeRecyclerViewAdapter.java,cn.bingoogolapple.refreshlayout.demo.adapter.SwipeRecyclerViewAdapter$Anonymous1,anonymous,2,2,0,2,3,1,0,3,3,0.0,0.0,0.0,3,0,3,0,0,0,3,0,0,0,0,0,0,0,0,0,0,0,0,12,0,0,0,0,0,0,0,0,0,0,0,0,0,0,15,-1,0
c:\Users\arthur.menezes_evolu\Desktop\Pes\BGARefreshLayout-Android\demo\src\main\java\cn\bingoogolapple\refreshlayout\demo\ui\activity\NormalRecyclerViewActivity.java,cn.bingoogolapple.refreshlayout.demo.ui.activity.NormalRecyclerViewActivity$Anonymous6,anonymous,6,6,0,6,2,1,0,3,1,0.0,0.0,0.0,2,0,2,0,0,0,2,0,0,0,0,0,0,0,0,0,0,0,1,16,0,0,0,0,0,0,0,0,0,0,0,1,0,0,10,-1,0
c:\Users\arthur.menezes_evolu\Desktop\Pes\BGARefreshLayout-Android\demo\src\main\java\cn\bingoogolapple\refreshlayout\demo\ui\fragment\RefreshScrollViewFragment.java,cn.bingoogolapple.refreshlayout.demo.ui.fragment.RefreshScrollViewFragment$Anonymous3,anonymous,2,2,0,2,4,1,0,6,3,0.0,0.0,0.0,3,0,0,0,3,0,3,0,0,0,0,0,0,0,0,0,0,0,1,19,1,0,0,1,0,1,0,0,0,0,1,0,0,0,18,-1,0
c:\Users\arthur.menezes_evolu\Desktop\Pes\BGARefreshLayout-Android\library\src\main\java\cn\bingoogolapple\refreshlayout\BGAStickyNavLayout.java,cn.bingoogolapple.refreshlayout.BGAStickyNavLayout$Anonymous3,anonymous,2,2,0,2,6,1,0,2,1,0.0,0.0,0.0,2,0,2,0,0,0,2,0,0,0,0,0,0,0,0,0,0,0,0,9,0,0,3,0,1,0,0,0,0,0,1,0,0,0,30,-1,0
c:\Users\arthur.menezes_evolu\Desktop\Pes\BGARefreshLayout-Android\demo\src\main\java\cn\bingoogolapple\refreshlayout\demo\ui\fragment\StickyNavWebViewFragment.java,cn.bingoogolapple.refreshlayout.demo.ui.fragment.StickyNavWebViewFragment$Anonymous1,anonymous,3,3,0,3,2,1,0,4,1,0.0,0.0,0.0,2,0,2,0,0,0,2,0,0,0,0,0,0,0,0,0,0,0,0,9,0,0,0,0,1,0,0,0,0,0,0,0,0,0,12,-1,0
c:\Users\arthur.menezes_evolu\Desktop\Pes\BGARefreshLayout-Android\library\src\main\java\cn\bingoogolapple\refreshlayout\BGAMoocStyleRefreshViewHolder.java,cn.bingoogolapple.refreshlayout.BGAMoocStyleRefreshViewHolder,class,7,14,7,7,15,2,0,11,29,0.73333335,0.0,0.0,10,0,10,0,0,0,10,0,0,0,3,0,0,3,0,0,0,0,0,57,1,0,5,0,0,4,8,7,4,3,2,0,0,0,44,1,0
c:\Users\arthur.menezes_evolu\Desktop\Pes\BGARefreshLayout-Android\demo\src\main\java\cn\bingoogolapple\refreshlayout\demo\ui\fragment\StickyNavListViewFragment.java,cn.bingoogolapple.refreshlayout.demo.ui.fragment.StickyNavListViewFragment,class,17,18,1,17,14,3,0,19,7,0.675,0.0,0.0,10,0,6,0,4,0,10,0,0,0,4,0,0,4,0,0,0,0,0,102,6,0,2,0,2,5,6,6,3,4,1,3,0,0,56,1,0
c:\Users\arthur.menezes_evolu\Desktop\Pes\BGARefreshLayout-Android\demo\src\main\java\cn\bingoogolapple\refreshlayout\demo\ui\activity\NormalRecyclerViewActivity.java,cn.bingoogolapple.refreshlayout.demo.ui.activity.NormalRecyclerViewActivity$Anonymous3,anonymous,3,3,0,3,2,1,0,2,1,0.0,0.0,0.0,2,0,2,0,0,0,2,0,0,0,0,0,0,0,0,0,0,0,0,8,0,0,0,0,0,0,0,1,0,1,0,0,0,0,9,-1,0
c:\Users\arthur.menezes_evolu\Desktop\Pes\BGARefreshLayout-Android\demo\src\main\java\cn\bingoogolapple\refreshlayout\demo\ui\activity\NormalRecyclerViewActivity.java,cn.bingoogolapple.refreshlayout.demo.ui.activity.NormalRecyclerViewActivity$Anonymous4,anonymous,6,6,0,6,2,1,0,3,1,0.0,0.0,0.0,2,0,2,0,0,0,2,0,0,0,0,0,0,0,0,0,0,0,1,17,0,0,0,0,0,0,0,0,0,0,0,1,0,0,10,-1,0
c:\Users\arthur.menezes_evolu\Desktop\Pes\BGARefreshLayout-Android\demo\src\main\java\cn\bingoogolapple\refreshlayout\demo\ui\activity\NormalRecyclerViewActivity.java,cn.bingoogolapple.refreshlayout.demo.ui.activity.NormalRecyclerViewActivity$Anonymous1,anonymous,3,3,0,3,2,1,0,2,1,0.0,0.0,0.0,2,0,2,0,0,0,2,0,0,0,0,0,0,0,0,0,0,0,0,7,0,0,0,0,0,0,0,0,0,0,0,0,0,0,6,-1,0
c:\Users\arthur.menezes_evolu\Desktop\Pes\BGARefreshLayout-Android\demo\src\main\java\cn\bingoogolapple\refreshlayout\demo\ui\activity\NormalRecyclerViewActivity.java,cn.bingoogolapple.refreshlayout.demo.ui.activity.NormalRecyclerViewActivity$Anonymous2,anonymous,2,2,0,2,1,1,0,9,0,0.0,NaN,NaN,1,0,1,0,0,0,1,0,0,0,0,0,0,0,0,0,0,0,0,5,0,0,0,0,0,0,1,0,0,0,0,0,0,0,13,-1,1
c:\Users\arthur.menezes_evolu\Desktop\Pes\BGARefreshLayout-Android\demo\src\main\java\cn\bingoogolapple\refreshlayout\demo\ui\activity\SwipeRecyclerViewActivity.java,cn.bingoogolapple.refreshlayout.demo.ui.activity.SwipeRecyclerViewActivity$Anonymous1,anonymous,2,2,0,2,2,1,0,1,0,0.0,NaN,NaN,1,0,1,0,0,0,1,0,0,0,0,0,0,0,0,0,0,0,0,7,0,0,1,0,0,0,0,0,0,0,1,0,0,0,7,-1,0
c:\Users\arthur.menezes_evolu\Desktop\Pes\BGARefreshLayout-Android\demo\src\main\java\cn\bingoogolapple\refreshlayout\demo\ui\fragment\RefreshListViewFragment.java,cn.bingoogolapple.refreshlayout.demo.ui.fragment.RefreshListViewFragment$Anonymous5$Anonymous6,anonymous,2,2,0,2,1,1,0,4,0,0.0,NaN,NaN,1,0,1,0,0,0,1,0,0,0,0,0,0,0,0,0,0,0,0,7,0,0,0,0,0,0,0,0,0,0,0,0,0,0,4,-1,0
c:\Users\arthur.menezes_evolu\Desktop\Pes\BGARefreshLayout-Android\demo\src\main\java\cn\bingoogolapple\refreshlayout\demo\ui\fragment\RefreshRecyclerViewFragment.java,cn.bingoogolapple.refreshlayout.demo.ui.fragment.RefreshRecyclerViewFragment$Anonymous1,anonymous,1,1,0,1,2,1,0,1,1,0.0,0.0,0.0,2,0,2,0,0,0,2,0,0,0,0,0,0,0,0,0,0,0,0,8,0,0,0,0,0,2,0,0,0,0,0,0,0,0,9,-1,0
c:\Users\arthur.menezes_evolu\Desktop\Pes\BGARefreshLayout-Android\demo\src\main\java\cn\bingoogolapple\refreshlayout\demo\ui\fragment\RefreshRecyclerViewFragment.java,cn.bingoogolapple.refreshlayout.demo.ui.fragment.RefreshRecyclerViewFragment$Anonymous2,anonymous,2,2,0,2,1,1,0,1,0,0.0,NaN,NaN,1,0,1,0,0,0,1,0,0,0,0,0,0,0,0,0,0,0,1,5,0,0,0,0,0,1,0,0,0,0,0,0,0,0,4,-1,0
c:\Users\arthur.menezes_evolu\Desktop\Pes\BGARefreshLayout-Android\demo\src\main\java\cn\bingoogolapple\refreshlayout\demo\ui\activity\SwipeRecyclerViewActivity.java,cn.bingoogolapple.refreshlayout.demo.ui.activity.SwipeRecyclerViewActivity$Anonymous3,anonymous,2,2,0,2,1,1,0,9,0,0.0,NaN,NaN,1,0,1,0,0,0,1,0,0,0,0,0,0,0,0,0,0,0,0,5,0,0,0,0,0,0,1,0,0,0,0,0,0,0,13,-1,1
c:\Users\arthur.menezes_evolu\Desktop\Pes\BGARefreshLayout-Android\demo\src\main\java\cn\bingoogolapple\refreshlayout\demo\ui\activity\SwipeRecyclerViewActivity.java,cn.bingoogolapple.refreshlayout.demo.ui.activity.SwipeRecyclerViewActivity$Anonymous2,anonymous,3,3,0,3,2,1,0,2,1,0.0,0.0,0.0,2,0,2,0,0,0,2,0,0,0,0,0,0,0,0,0,0,0,0,7,0,0,0,0,0,0,0,0,0,0,0,0,0,0,6,-1,0
c:\Users\arthur.menezes_evolu\Desktop\Pes\BGARefreshLayout-Android\demo\src\main\java\cn\bingoogolapple\refreshlayout\demo\ui\fragment\RefreshRecyclerViewFragment.java,cn.bingoogolapple.refreshlayout.demo.ui.fragment.RefreshRecyclerViewFragment$Anonymous5,anonymous,6,6,0,6,2,1,0,3,1,0.0,0.0,0.0,2,0,2,0,0,0,2,0,0,0,0,0,0,0,0,0,0,0,1,17,0,0,0,0,0,0,0,0,0,0,0,1,0,0,10,-1,0
c:\Users\arthur.menezes_evolu\Desktop\Pes\BGARefreshLayout-Android\demo\src\main\java\cn\bingoogolapple\refreshlayout\demo\ui\activity\ViewPagerActivity.java,cn.bingoogolapple.refreshlayout.demo.ui.activity.ViewPagerActivity$ContentViewPagerAdapter,innerclass,3,3,0,3,4,2,0,0,6,0.0,0.0,0.0,4,0,4,0,0,0,4,0,0,0,0,0,0,0,0,0,0,0,0,14,3,0,0,0,0,0,0,0,0,0,0,0,0,0,15,0,0
c:\Users\arthur.menezes_evolu\Desktop\Pes\BGARefreshLayout-Android\demo\src\main\java\cn\bingoogolapple\refreshlayout\demo\ui\fragment\RefreshRecyclerViewFragment.java,cn.bingoogolapple.refreshlayout.demo.ui.fragment.RefreshRecyclerViewFragment$Anonymous3,anonymous,2,2,0,2,1,1,0,2,0,0.0,NaN,NaN,1,0,1,0,0,0,1,0,0,0,0,0,0,0,0,0,0,0,0,6,0,0,0,0,2,0,0,0,0,0,0,0,0,0,6,-1,0
c:\Users\arthur.menezes_evolu\Desktop\Pes\BGARefreshLayout-Android\demo\src\main\java\cn\bingoogolapple\refreshlayout\demo\ui\fragment\RefreshRecyclerViewFragment.java,cn.bingoogolapple.refreshlayout.demo.ui.fragment.RefreshRecyclerViewFragment$Anonymous4,anonymous,3,3,0,3,2,1,0,2,1,0.0,0.0,0.0,2,0,2,0,0,0,2,0,0,0,0,0,0,0,0,0,0,0,0,7,0,0,0,0,0,0,0,0,0,0,0,0,0,0,6,-1,0
c:\Users\arthur.menezes_evolu\Desktop\Pes\BGARefreshLayout-Android\demo\src\main\java\cn\bingoogolapple\refreshlayout\demo\ui\fragment\RefreshRecyclerViewFragment.java,cn.bingoogolapple.refreshlayout.demo.ui.fragment.RefreshRecyclerViewFragment$Anonymous7,anonymous,6,6,0,6,2,1,0,3,1,0.0,0.0,0.0,2,0,2,0,0,0,2,0,0,0,0,0,0,0,0,0,0,0,1,16,0,0,0,0,0,0,0,0,0,0,0,1,0,0,10,-1,0
c:\Users\arthur.menezes_evolu\Desktop\Pes\BGARefreshLayout-Android\demo\src\main\java\cn\bingoogolapple\refreshlayout\demo\adapter\SwipeRecyclerViewAdapter.java,cn.bingoogolapple.refreshlayout.demo.adapter.SwipeRecyclerViewAdapter,class,5,10,5,5,5,2,0,7,6,0.75,0.0,0.0,4,0,4,0,0,0,4,0,0,0,1,0,0,1,0,0,0,0,0,33,0,1,0,0,0,0,0,2,0,2,1,1,0,0,30,1,0
c:\Users\arthur.menezes_evolu\Desktop\Pes\BGARefreshLayout-Android\demo\src\main\java\cn\bingoogolapple\refreshlayout\demo\ui\activity\SwipeRecyclerViewActivity.java,cn.bingoogolapple.refreshlayout.demo.ui.activity.SwipeRecyclerViewActivity$Anonymous5,anonymous,4,4,0,4,2,1,0,4,1,0.0,0.0,0.0,2,0,2,0,0,0,2,0,0,0,0,0,0,0,0,0,0,0,0,10,0,0,0,0,0,0,1,0,0,0,0,0,0,0,6,-1,0
c:\Users\arthur.menezes_evolu\Desktop\Pes\BGARefreshLayout-Android\demo\src\main\java\cn\bingoogolapple\refreshlayout\demo\ui\activity\StickyNavActivity.java,cn.bingoogolapple.refreshlayout.demo.ui.activity.StickyNavActivity,class,11,12,1,11,10,3,0,2,45,0.0,0.0,0.0,10,0,7,0,3,0,10,0,0,0,0,0,0,0,0,0,0,0,0,30,0,0,0,0,0,0,0,0,0,0,0,0,0,0,27,1,0
c:\Users\arthur.menezes_evolu\Desktop\Pes\BGARefreshLayout-Android\demo\src\main\java\cn\bingoogolapple\refreshlayout\demo\ui\activity\SwipeRecyclerViewActivity.java,cn.bingoogolapple.refreshlayout.demo.ui.activity.SwipeRecyclerViewActivity$Anonymous4,anonymous,3,3,0,3,2,1,0,2,1,0.0,0.0,0.0,2,0,2,0,0,0,2,0,0,0,0,0,0,0,0,0,0,0,0,8,0,0,0,0,0,0,0,1,0,1,0,0,0,0,9,-1,0
c:\Users\arthur.menezes_evolu\Desktop\Pes\BGARefreshLayout-Android\demo\src\main\java\cn\bingoogolapple\refreshlayout\demo\ui\activity\SwipeRecyclerViewActivity.java,cn.bingoogolapple.refreshlayout.demo.ui.activity.SwipeRecyclerViewActivity$Anonymous6,anonymous,4,4,0,4,2,1,0,3,1,0.0,0.0,0.0,2,0,2,0,0,0,2,0,0,0,0,0,0,0,0,0,0,0,0,9,0,0,0,0,0,0,0,0,0,0,0,0,0,0,6,-1,0
c:\Users\arthur.menezes_evolu\Desktop\Pes\BGARefreshLayout-Android\demo\src\main\java\cn\bingoogolapple\refreshlayout\demo\engine\DataEngine.java,cn.bingoogolapple.refreshlayout.demo.engine.DataEngine$Anonymous3,anonymous,3,3,0,3,3,1,0,2,1,0.0,0.0,0.0,2,0,2,0,0,0,2,0,0,0,0,0,0,0,0,0,0,0,0,11,1,0,1,0,0,0,0,1,0,1,1,0,0,0,10,-1,0
c:\Users\arthur.menezes_evolu\Desktop\Pes\BGARefreshLayout-Android\demo\src\main\java\cn\bingoogolapple\refreshlayout\demo\engine\DataEngine.java,cn.bingoogolapple.refreshlayout.demo.engine.DataEngine$Anonymous2,anonymous,1,1,0,1,1,1,0,3,0,0.0,NaN,NaN,1,0,1,0,0,0,1,0,0,0,0,0,0,0,0,0,0,0,0,5,0,0,0,0,1,2,1,0,2,0,0,0,0,0,10,-1,0
c:\Users\arthur.menezes_evolu\Desktop\Pes\BGARefreshLayout-Android\demo\src\main\java\cn\bingoogolapple\refreshlayout\demo\engine\DataEngine.java,cn.bingoogolapple.refreshlayout.demo.engine.DataEngine$Anonymous1,anonymous,2,2,0,2,1,1,0,9,0,0.0,NaN,NaN,1,0,1,0,0,0,1,0,0,0,0,0,0,0,0,0,0,0,0,5,0,0,0,0,0,0,0,0,0,0,0,0,0,0,13,-1,1
c:\Users\arthur.menezes_evolu\Desktop\Pes\BGARefreshLayout-Android\demo\src\main\java\cn\bingoogolapple\refreshlayout\demo\adapter\NormalRecyclerViewAdapter.java,cn.bingoogolapple.refreshlayout.demo.adapter.NormalRecyclerViewAdapter,class,4,7,3,4,3,2,0,3,3,0.0,0.0,0.0,3,0,3,0,0,0,3,0,0,0,0,0,0,0,0,0,0,0,0,12,0,0,0,0,0,0,0,0,0,0,0,0,0,0,21,1,0
c:\Users\arthur.menezes_evolu\Desktop\Pes\BGARefreshLayout-Android\demo\src\main\java\cn\bingoogolapple\refreshlayout\demo\ui\fragment\RefreshGridViewFragment.java,cn.bingoogolapple.refreshlayout.demo.ui.fragment.RefreshGridViewFragment,class,20,21,1,20,19,3,0,27,0,0.6818182,0.0,0.0,11,0,7,0,4,0,11,0,0,0,6,0,0,6,0,0,0,0,0,147,7,0,4,0,0,8,6,12,3,7,2,5,0,0,59,1,0
c:\Users\arthur.menezes_evolu\Desktop\Pes\BGARefreshLayout-Android\demo\src\main\java\cn\bingoogolapple\refreshlayout\demo\ui\activity\NormalRecyclerViewActivity.java,cn.bingoogolapple.refreshlayout.demo.ui.activity.NormalRecyclerViewActivity$Anonymous6$Anonymous7,anonymous,2,2,0,2,1,1,0,4,0,0.0,NaN,NaN,1,0,1,0,0,0,1,0,0,0,0,0,0,0,0,0,0,0,0,7,0,0,0,0,0,0,0,0,0,0,0,0,0,0,4,-1,0
c:\Users\arthur.menezes_evolu\Desktop\Pes\BGARefreshLayout-Android\demo\src\main\java\cn\bingoogolapple\refreshlayout\demo\ui\fragment\StickyNavScrollViewFragment.java,cn.bingoogolapple.refreshlayout.demo.ui.fragment.StickyNavScrollViewFragment$Anonymous2,anonymous,2,2,0,2,4,1,0,7,3,0.0,0.0,0.0,3,0,0,0,3,0,3,0,0,0,0,0,0,0,0,0,0,0,1,19,1,0,0,1,1,1,0,0,0,0,1,0,0,0,22,-1,0
c:\Users\arthur.menezes_evolu\Desktop\Pes\BGARefreshLayout-Android\demo\src\main\java\cn\bingoogolapple\refreshlayout\demo\ui\activity\ViewPagerActivity.java,cn.bingoogolapple.refreshlayout.demo.ui.activity.ViewPagerActivity$Anonymous1,anonymous,2,2,0,2,1,1,0,9,0,0.0,NaN,NaN,1,0,1,0,0,0,1,0,0,0,0,0,0,0,0,0,0,0,0,5,0,0,0,0,0,0,1,0,0,0,0,0,0,0,13,-1,1
c:\Users\arthur.menezes_evolu\Desktop\Pes\BGARefreshLayout-Android\demo\src\main\java\cn\bingoogolapple\refreshlayout\demo\ui\fragment\StickyNavScrollViewFragment.java,cn.bingoogolapple.refreshlayout.demo.ui.fragment.StickyNavScrollViewFragment$Anonymous3,anonymous,2,2,0,2,4,1,0,7,3,0.0,0.0,0.0,3,0,0,0,3,0,3,0,0,0,0,0,0,0,0,0,0,0,1,19,1,0,0,1,1,1,0,0,0,0,1,0,0,0,22,-1,0
c:\Users\arthur.menezes_evolu\Desktop\Pes\BGARefreshLayout-Android\demo\src\main\java\cn\bingoogolapple\refreshlayout\demo\ui\activity\ViewPagerActivity.java,cn.bingoogolapple.refreshlayout.demo.ui.activity.ViewPagerActivity$Anonymous2,anonymous,3,3,0,3,2,1,0,2,1,0.0,0.0,0.0,2,0,2,0,0,0,2,0,0,0,0,0,0,0,0,0,0,0,0,8,0,0,0,0,0,0,0,1,0,1,0,0,0,0,9,-1,0
c:\Users\arthur.menezes_evolu\Desktop\Pes\BGARefreshLayout-Android\library\src\main\java\cn\bingoogolapple\refreshlayout\BGANormalRefreshViewHolder.java,cn.bingoogolapple.refreshlayout.BGANormalRefreshViewHolder,class,8,15,7,8,15,2,0,14,30,0.6944444,0.0,0.0,12,0,11,1,0,0,11,0,0,0,9,0,0,9,0,0,0,0,0,83,1,0,3,0,0,3,13,13,0,9,2,0,0,0,53,1,0
c:\Users\arthur.menezes_evolu\Desktop\Pes\BGARefreshLayout-Android\demo\src\main\java\cn\bingoogolapple\refreshlayout\demo\ui\fragment\RefreshGridViewFragment.java,cn.bingoogolapple.refreshlayout.demo.ui.fragment.RefreshGridViewFragment$Anonymous6$Anonymous7,anonymous,1,1,0,1,1,1,0,3,0,0.0,NaN,NaN,1,0,1,0,0,0,1,0,0,0,0,0,0,0,0,0,0,0,0,6,0,0,0,0,0,0,0,0,0,0,0,0,0,0,1,-1,0
c:\Users\arthur.menezes_evolu\Desktop\Pes\BGARefreshLayout-Android\demo\src\main\java\cn\bingoogolapple\refreshlayout\demo\ui\fragment\StickyNavScrollViewFragment.java,cn.bingoogolapple.refreshlayout.demo.ui.fragment.StickyNavScrollViewFragment$Anonymous1,anonymous,2,2,0,2,1,1,0,1,0,0.0,NaN,NaN,1,0,1,0,0,0,1,0,0,0,0,0,0,0,0,0,0,0,0,5,0,0,0,0,0,1,0,0,0,0,0,0,0,0,6,-1,0
c:\Users\arthur.menezes_evolu\Desktop\Pes\BGARefreshLayout-Android\demo\src\main\java\cn\bingoogolapple\refreshlayout\demo\ui\fragment\RefreshWebViewFragment.java,cn.bingoogolapple.refreshlayout.demo.ui.fragment.RefreshWebViewFragment$Anonymous1,anonymous,3,3,0,3,2,1,0,3,1,0.0,0.0,0.0,2,0,2,0,0,0,2,0,0,0,0,0,0,0,0,0,0,0,0,9,0,0,0,0,0,0,0,0,0,0,0,0,0,0,9,-1,0
c:\Users\arthur.menezes_evolu\Desktop\Pes\BGARefreshLayout-Android\demo\src\main\java\cn\bingoogolapple\refreshlayout\demo\ui\fragment\StickyNavListViewFragment.java,cn.bingoogolapple.refreshlayout.demo.ui.fragment.StickyNavListViewFragment$Anonymous2$Anonymous3,anonymous,2,2,0,2,1,1,0,5,0,0.0,NaN,NaN,1,0,1,0,0,0,1,0,0,0,0,0,0,0,0,0,0,0,0,7,0,0,0,0,1,0,0,0,0,0,0,0,0,0,8,-1,0
c:\Users\arthur.menezes_evolu\Desktop\Pes\BGARefreshLayout-Android\demo\src\main\java\cn\bingoogolapple\refreshlayout\demo\ui\fragment\RefreshSwipeRecyclerViewFragment.java,cn.bingoogolapple.refreshlayout.demo.ui.fragment.RefreshSwipeRecyclerViewFragment$Anonymous3$Anonymous4,anonymous,1,1,0,1,1,1,0,4,0,0.0,NaN,NaN,1,0,1,0,0,0,1,0,0,0,0,0,0,0,0,0,0,0,0,7,0,0,0,0,0,0,1,0,0,0,0,0,0,0,1,-1,0
c:\Users\arthur.menezes_evolu\Desktop\Pes\BGARefreshLayout-Android\demo\src\main\java\cn\bingoogolapple\refreshlayout\demo\ui\activity\SwipeListViewActivity.java,cn.bingoogolapple.refreshlayout.demo.ui.activity.SwipeListViewActivity,class,18,19,1,18,17,3,0,23,0,0.68,0.0,0.0,10,0,7,0,3,0,10,0,0,0,5,0,0,5,0,0,0,0,0,113,6,0,5,0,0,8,4,5,3,5,1,4,0,0,51,1,0
c:\Users\arthur.menezes_evolu\Desktop\Pes\BGARefreshLayout-Android\demo\src\main\java\cn\bingoogolapple\refreshlayout\demo\ui\activity\ScrollViewActivity.java,cn.bingoogolapple.refreshlayout.demo.ui.activity.ScrollViewActivity,class,8,9,1,8,10,3,0,9,9,0.6666666,0.0,0.0,6,0,3,0,3,0,6,0,0,0,2,0,0,2,0,0,0,0,0,78,1,0,4,0,0,4,0,2,0,2,1,2,0,0,41,1,0
c:\Users\arthur.menezes_evolu\Desktop\Pes\BGARefreshLayout-Android\demo\src\main\java\cn\bingoogolapple\refreshlayout\demo\ui\fragment\RefreshSwipeRecyclerViewFragment.java,cn.bingoogolapple.refreshlayout.demo.ui.fragment.RefreshSwipeRecyclerViewFragment$Anonymous5,anonymous,5,5,0,5,2,1,0,2,1,0.0,0.0,0.0,2,0,2,0,0,0,2,0,0,0,0,0,0,0,0,0,0,0,1,14,0,0,0,0,0,0,0,0,0,0,0,1,0,0,7,-1,0
c:\Users\arthur.menezes_evolu\Desktop\Pes\BGARefreshLayout-Android\library\src\main\java\cn\bingoogolapple\refreshlayout\BGAMeiTuanRefreshView.java,cn.bingoogolapple.refreshlayout.BGAMeiTuanRefreshView,class,7,9,2,7,15,2,0,13,20,0.7307692,0.0,0.0,13,0,10,2,1,0,11,0,0,0,6,0,0,6,0,0,0,0,0,73,0,0,2,0,0,0,2,9,2,6,1,0,0,0,49,1,0
c:\Users\arthur.menezes_evolu\Desktop\Pes\BGARefreshLayout-Android\demo\src\main\java\cn\bingoogolapple\refreshlayout\demo\ui\fragment\RefreshRecyclerViewFragment.java,cn.bingoogolapple.refreshlayout.demo.ui.fragment.RefreshRecyclerViewFragment$Anonymous7$Anonymous8,anonymous,2,2,0,2,1,1,0,4,0,0.0,NaN,NaN,1,0,1,0,0,0,1,0,0,0,0,0,0,0,0,0,0,0,0,7,0,0,0,0,0,0,0,0,0,0,0,0,0,0,4,-1,0
c:\Users\arthur.menezes_evolu\Desktop\Pes\BGARefreshLayout-Android\demo\src\main\java\cn\bingoogolapple\refreshlayout\demo\ui\fragment\RefreshGridViewFragment.java,cn.bingoogolapple.refreshlayout.demo.ui.fragment.RefreshGridViewFragment$Anonymous6,anonymous,5,5,0,5,2,1,0,2,1,0.0,0.0,0.0,2,0,2,0,0,0,2,0,0,0,0,0,0,0,0,0,0,0,1,14,0,0,0,0,0,0,0,0,0,0,0,1,0,0,7,-1,0
c:\Users\arthur.menezes_evolu\Desktop\Pes\BGARefreshLayout-Android\demo\src\main\java\cn\bingoogolapple\refreshlayout\demo\ui\fragment\RefreshSwipeListViewFragment.java,cn.bingoogolapple.refreshlayout.demo.ui.fragment.RefreshSwipeListViewFragment$Anonymous5$Anonymous6,anonymous,1,1,0,1,1,1,0,3,0,0.0,NaN,NaN,1,0,1,0,0,0,1,0,0,0,0,0,0,0,0,0,0,0,0,6,0,0,0,0,0,0,0,0,0,0,0,0,0,0,1,-1,0
c:\Users\arthur.menezes_evolu\Desktop\Pes\BGARefreshLayout-Android\demo\src\main\java\cn\bingoogolapple\refreshlayout\demo\ui\activity\MainActivity.java,cn.bingoogolapple.refreshlayout.demo.ui.activity.MainActivity$ContentViewPagerAdapter,innerclass,13,13,0,13,3,2,0,2,0,0.33333334,0.0,0.0,3,0,3,0,0,0,3,0,0,0,2,0,0,2,0,0,0,0,0,14,2,0,0,0,0,0,0,2,0,2,0,0,0,0,15,10,0
c:\Users\arthur.menezes_evolu\Desktop\Pes\BGARefreshLayout-Android\demo\src\main\java\cn\bingoogolapple\refreshlayout\demo\ui\fragment\RefreshGridViewFragment.java,cn.bingoogolapple.refreshlayout.demo.ui.fragment.RefreshGridViewFragment$Anonymous4,anonymous,5,5,0,5,2,1,0,2,1,0.0,0.0,0.0,2,0,2,0,0,0,2,0,0,0,0,0,0,0,0,0,0,0,1,14,0,0,0,0,0,0,0,0,0,0,0,1,0,0,7,-1,0
c:\Users\arthur.menezes_evolu\Desktop\Pes\BGARefreshLayout-Android\library\src\main\java\cn\bingoogolapple\refreshlayout\BGARefreshLayout.java,cn.bingoogolapple.refreshlayout.BGARefreshLayout$RefreshStatus,enum,0,0,0,0,0,1,0,0,0,0.0,-1.0,-1.0,0,0,0,0,0,0,0,0,0,0,0,0,0,0,0,0,0,0,0,1,0,0,0,0,0,0,0,0,0,0,0,0,0,0,11,1,0
c:\Users\arthur.menezes_evolu\Desktop\Pes\BGARefreshLayout-Android\demo\src\main\java\cn\bingoogolapple\refreshlayout\demo\ui\fragment\StickyNavListViewFragment.java,cn.bingoogolapple.refreshlayout.demo.ui.fragment.StickyNavListViewFragment$Anonymous4$Anonymous5,anonymous,2,2,0,2,1,1,0,5,0,0.0,NaN,NaN,1,0,1,0,0,0,1,0,0,0,0,0,0,0,0,0,0,0,0,7,0,0,0,0,1,0,0,0,0,0,0,0,0,0,8,-1,0
c:\Users\arthur.menezes_evolu\Desktop\Pes\BGARefreshLayout-Android\demo\src\main\java\cn\bingoogolapple\refreshlayout\demo\ui\fragment\RefreshGridViewFragment.java,cn.bingoogolapple.refreshlayout.demo.ui.fragment.RefreshGridViewFragment$Anonymous2,anonymous,1,1,0,1,2,1,0,1,1,0.0,0.0,0.0,2,0,2,0,0,0,2,0,0,0,0,0,0,0,0,0,0,0,0,8,0,0,0,0,0,2,0,0,0,0,0,0,0,0,11,-1,0
c:\Users\arthur.menezes_evolu\Desktop\Pes\BGARefreshLayout-Android\demo\src\main\java\cn\bingoogolapple\refreshlayout\demo\ui\fragment\RefreshGridViewFragment.java,cn.bingoogolapple.refreshlayout.demo.ui.fragment.RefreshGridViewFragment$Anonymous3,anonymous,3,3,0,3,2,1,0,2,1,0.0,0.0,0.0,2,0,2,0,0,0,2,0,0,0,0,0,0,0,0,0,0,0,0,7,0,0,0,0,0,0,0,0,0,0,0,0,0,0,6,-1,0
c:\Users\arthur.menezes_evolu\Desktop\Pes\BGARefreshLayout-Android\demo\src\main\java\cn\bingoogolapple\refreshlayout\demo\engine\DataEngine.java,cn.bingoogolapple.refreshlayout.demo.engine.DataEngine,class,6,12,6,6,1,1,0,8,0,0.0,NaN,NaN,1,1,1,0,0,0,1,0,0,0,0,0,0,0,0,0,0,0,1,31,1,0,0,0,0,0,0,2,0,2,0,3,0,0,14,1,0
c:\Users\arthur.menezes_evolu\Desktop\Pes\BGARefreshLayout-Android\demo\src\main\java\cn\bingoogolapple\refreshlayout\demo\ui\fragment\RefreshGridViewFragment.java,cn.bingoogolapple.refreshlayout.demo.ui.fragment.RefreshGridViewFragment$Anonymous1,anonymous,0,0,0,0,1,1,0,1,0,0.0,NaN,NaN,1,0,1,0,0,0,1,0,0,0,0,0,0,0,0,0,0,0,0,5,0,0,0,0,0,2,0,0,1,0,0,0,0,0,8,-1,0
c:\Users\arthur.menezes_evolu\Desktop\Pes\BGARefreshLayout-Android\demo\src\main\java\cn\bingoogolapple\refreshlayout\demo\ui\fragment\RefreshSwipeRecyclerViewFragment.java,cn.bingoogolapple.refreshlayout.demo.ui.fragment.RefreshSwipeRecyclerViewFragment$Anonymous3,anonymous,5,5,0,5,2,1,0,2,1,0.0,0.0,0.0,2,0,2,0,0,0,2,0,0,0,0,0,0,0,0,0,0,0,1,15,0,0,0,0,0,0,0,0,0,0,0,1,0,0,7,-1,0
c:\Users\arthur.menezes_evolu\Desktop\Pes\BGARefreshLayout-Android\demo\src\main\java\cn\bingoogolapple\refreshlayout\demo\ui\fragment\RefreshSwipeRecyclerViewFragment.java,cn.bingoogolapple.refreshlayout.demo.ui.fragment.RefreshSwipeRecyclerViewFragment$Anonymous2,anonymous,3,3,0,3,2,1,0,2,1,0.0,0.0,0.0,2,0,2,0,0,0,2,0,0,0,0,0,0,0,0,0,0,0,0,7,0,0,0,0,0,0,0,0,0,0,0,0,0,0,6,-1,0
c:\Users\arthur.menezes_evolu\Desktop\Pes\BGARefreshLayout-Android\demo\src\main\java\cn\bingoogolapple\refreshlayout\demo\ui\fragment\RefreshSwipeRecyclerViewFragment.java,cn.bingoogolapple.refreshlayout.demo.ui.fragment.RefreshSwipeRecyclerViewFragment$Anonymous1,anonymous,2,2,0,2,2,1,0,1,0,0.0,NaN,NaN,1,0,1,0,0,0,1,0,0,0,0,0,0,0,0,0,0,0,0,7,0,0,1,0,0,0,0,0,0,0,1,0,0,0,7,-1,0
c:\Users\arthur.menezes_evolu\Desktop\Pes\BGARefreshLayout-Android\demo\src\main\java\cn\bingoogolapple\refreshlayout\demo\adapter\SwipeAdapterViewAdapter.java,cn.bingoogolapple.refreshlayout.demo.adapter.SwipeAdapterViewAdapter,class,5,10,5,5,7,2,0,8,8,0.6,0.0,0.0,5,0,4,0,1,0,5,0,0,0,1,0,0,1,0,0,0,0,0,39,0,2,0,0,0,0,0,2,0,2,1,1,0,0,29,1,0
c:\Users\arthur.menezes_evolu\Desktop\Pes\BGARefreshLayout-Android\demo\src\main\java\cn\bingoogolapple\refreshlayout\demo\util\ToastUtil.java,cn.bingoogolapple.refreshlayout.demo.util.ToastUtil,class,3,7,4,3,4,1,0,6,3,0.0,0.0,0.0,3,2,2,1,0,0,2,0,0,0,0,0,0,0,0,0,0,0,4,15,0,0,0,0,0,0,1,0,0,0,1,0,0,0,8,1,0
c:\Users\arthur.menezes_evolu\Desktop\Pes\BGARefreshLayout-Android\demo\src\main\java\cn\bingoogolapple\refreshlayout\demo\engine\Engine.java,cn.bingoogolapple.refreshlayout.demo.engine.Engine,interface,6,23,17,6,7,1,0,0,21,0.0,0.0,0.0,7,0,0,0,0,7,7,0,0,0,0,0,0,0,0,0,0,0,0,9,0,0,0,0,0,11,0,0,0,0,0,0,0,0,20,1,0
c:\Users\arthur.menezes_evolu\Desktop\Pes\BGARefreshLayout-Android\demo\src\main\java\cn\bingoogolapple\refreshlayout\demo\ui\fragment\StickyNavRecyclerViewFragment.java,cn.bingoogolapple.refreshlayout.demo.ui.fragment.StickyNavRecyclerViewFragment$Anonymous2$Anonymous3,anonymous,2,2,0,2,1,1,0,6,0,0.0,NaN,NaN,1,0,1,0,0,0,1,0,0,0,0,0,0,0,0,0,0,0,0,8,0,0,0,0,1,0,1,0,0,0,0,0,0,0,8,-1,0
c:\Users\arthur.menezes_evolu\Desktop\Pes\BGARefreshLayout-Android\demo\src\main\java\cn\bingoogolapple\refreshlayout\demo\ui\activity\WebViewActivity.java,cn.bingoogolapple.refreshlayout.demo.ui.activity.WebViewActivity,class,8,9,1,8,9,3,0,16,3,0.4166667,0.0,0.0,6,0,3,0,3,0,6,0,0,0,2,0,0,2,0,0,0,0,0,51,1,0,3,0,0,5,0,3,0,3,1,1,0,0,42,1,0
c:\Users\arthur.menezes_evolu\Desktop\Pes\BGARefreshLayout-Android\demo\src\main\java\cn\bingoogolapple\refreshlayout\demo\ui\fragment\StickyNavWebViewFragment.java,cn.bingoogolapple.refreshlayout.demo.ui.fragment.StickyNavWebViewFragment,class,6,7,1,6,5,3,0,8,0,0.2,0.0,0.0,5,0,2,0,3,0,5,0,0,0,1,0,0,1,0,0,0,0,0,30,1,0,0,0,0,2,0,1,0,1,0,1,0,0,35,1,0
c:\Users\arthur.menezes_evolu\Desktop\Pes\BGARefreshLayout-Android\library\src\main\java\cn\bingoogolapple\refreshlayout\BGARefreshViewHolder.java,cn.bingoogolapple.refreshlayout.BGARefreshViewHolder,class,8,17,9,8,36,1,4,11,299,0.9380342,0.0,0.0,26,0,26,0,0,0,26,7,0,0,18,2,0,8,10,0,2,0,0,113,8,0,6,0,0,2,13,26,0,18,2,0,0,0,82,1025,0
c:\Users\arthur.menezes_evolu\Desktop\Pes\BGARefreshLayout-Android\demo\src\main\java\cn\bingoogolapple\refreshlayout\demo\adapter\NormalAdapterViewAdapter.java,cn.bingoogolapple.refreshlayout.demo.adapter.NormalAdapterViewAdapter,class,4,8,4,4,3,2,0,3,3,0.0,0.0,0.0,3,0,2,0,1,0,3,0,0,0,0,0,0,0,0,0,0,0,0,12,0,0,0,0,0,0,0,0,0,0,0,0,0,0,20,1,0
c:\Users\arthur.menezes_evolu\Desktop\Pes\BGARefreshLayout-Android\demo\src\main\java\cn\bingoogolapple\refreshlayout\demo\ui\fragment\StickyNavRecyclerViewFragment.java,cn.bingoogolapple.refreshlayout.demo.ui.fragment.StickyNavRecyclerViewFragment,class,18,19,1,18,14,3,0,21,7,0.675,0.0,0.0,10,0,6,0,4,0,10,0,0,0,4,0,0,4,0,0,0,0,0,107,6,0,2,0,2,5,6,6,3,4,1,3,0,0,60,1,0
c:\Users\arthur.menezes_evolu\Desktop\Pes\BGARefreshLayout-Android\demo\src\main\java\cn\bingoogolapple\refreshlayout\demo\ui\fragment\RefreshStaggeredRecyclerViewFragment.java,cn.bingoogolapple.refreshlayout.demo.ui.fragment.RefreshStaggeredRecyclerViewFragment$Anonymous2,anonymous,5,5,0,5,2,1,0,2,1,0.0,0.0,0.0,2,0,2,0,0,0,2,0,0,0,0,0,0,0,0,0,0,0,1,15,0,0,0,0,0,0,0,0,0,0,0,1,0,0,7,-1,0
c:\Users\arthur.menezes_evolu\Desktop\Pes\BGARefreshLayout-Android\demo\src\main\java\cn\bingoogolapple\refreshlayout\demo\ui\fragment\RefreshStaggeredRecyclerViewFragment.java,cn.bingoogolapple.refreshlayout.demo.ui.fragment.RefreshStaggeredRecyclerViewFragment$Anonymous1,anonymous,3,3,0,3,2,1,0,2,1,0.0,0.0,0.0,2,0,2,0,0,0,2,0,0,0,0,0,0,0,0,0,0,0,0,7,0,0,0,0,0,0,0,0,0,0,0,0,0,0,6,-1,0
c:\Users\arthur.menezes_evolu\Desktop\Pes\BGARefreshLayout-Android\demo\src\main\java\cn\bingoogolapple\refreshlayout\demo\util\ThreadUtil.java,cn.bingoogolapple.refreshlayout.demo.util.ThreadUtil,class,1,19,18,1,4,1,0,3,4,0.5,0.0,0.0,4,3,3,1,0,0,3,0,0,0,1,1,0,1,0,0,0,0,0,14,0,0,0,0,0,0,0,1,0,1,0,0,0,0,12,1,0
c:\Users\arthur.menezes_evolu\Desktop\Pes\BGARefreshLayout-Android\library\src\main\java\cn\bingoogolapple\refreshlayout\BGAStickyNavLayout.java,cn.bingoogolapple.refreshlayout.BGAStickyNavLayout,class,24,28,4,24,97,2,0,71,187,0.87625414,0.0,0.0,23,0,13,9,1,0,14,0,0,0,26,0,1,25,0,0,0,0,21,383,36,0,21,0,2,2,24,59,10,45,3,3,0,0,135,1,0
c:\Users\arthur.menezes_evolu\Desktop\Pes\BGARefreshLayout-Android\demo\src\main\java\cn\bingoogolapple\refreshlayout\demo\ui\fragment\RefreshStaggeredRecyclerViewFragment.java,cn.bingoogolapple.refreshlayout.demo.ui.fragment.RefreshStaggeredRecyclerViewFragment$Anonymous4,anonymous,5,5,0,5,2,1,0,2,1,0.0,0.0,0.0,2,0,2,0,0,0,2,0,0,0,0,0,0,0,0,0,0,0,1,14,0,0,0,0,0,0,0,0,0,0,0,1,0,0,7,-1,0
c:\Users\arthur.menezes_evolu\Desktop\Pes\BGARefreshLayout-Android\demo\src\main\java\cn\bingoogolapple\refreshlayout\demo\ui\fragment\RefreshSwipeListViewFragment.java,cn.bingoogolapple.refreshlayout.demo.ui.fragment.RefreshSwipeListViewFragment$Anonymous3$Anonymous4,anonymous,1,1,0,1,1,1,0,3,0,0.0,NaN,NaN,1,0,1,0,0,0,1,0,0,0,0,0,0,0,0,0,0,0,0,6,0,0,0,0,0,0,0,0,0,0,0,0,0,0,1,-1,0
c:\Users\arthur.menezes_evolu\Desktop\Pes\BGARefreshLayout-Android\demo\src\main\java\cn\bingoogolapple\refreshlayout\demo\ui\activity\MainActivity.java,cn.bingoogolapple.refreshlayout.demo.ui.activity.MainActivity$Anonymous1,anonymous,4,4,0,4,11,1,0,6,0,0.0,NaN,NaN,1,0,1,0,0,0,1,0,0,0,0,0,0,0,0,0,0,0,0,43,1,0,1,0,0,0,9,0,0,0,2,0,0,0,14,-1,0
c:\Users\arthur.menezes_evolu\Desktop\Pes\BGARefreshLayout-Android\demo\src\main\java\cn\bingoogolapple\refreshlayout\demo\ui\fragment\RefreshRecyclerViewFragment.java,cn.bingoogolapple.refreshlayout.demo.ui.fragment.RefreshRecyclerViewFragment$Anonymous5$Anonymous6,anonymous,2,2,0,2,1,1,0,5,0,0.0,NaN,NaN,1,0,1,0,0,0,1,0,0,0,0,0,0,0,0,0,0,0,0,8,0,0,0,0,0,0,1,0,0,0,0,0,0,0,4,-1,0
c:\Users\arthur.menezes_evolu\Desktop\Pes\BGARefreshLayout-Android\demo\src\main\java\cn\bingoogolapple\refreshlayout\demo\model\RefreshModel.java,cn.bingoogolapple.refreshlayout.demo.model.RefreshModel,class,0,49,49,0,2,1,0,0,1,0.5,0.0,0.0,2,0,2,0,0,0,2,0,0,0,2,0,2,0,0,0,0,0,0,10,0,0,0,0,0,0,0,2,0,2,0,0,0,0,4,1,0
c:\Users\arthur.menezes_evolu\Desktop\Pes\BGARefreshLayout-Android\demo\src\main\java\cn\bingoogolapple\refreshlayout\demo\widget\Divider.java,cn.bingoogolapple.refreshlayout.demo.widget.Divider,class,9,15,6,9,6,2,0,17,0,0.25,0.0,0.0,4,0,4,0,0,0,4,0,0,0,1,0,0,1,0,0,0,0,0,34,0,1,1,0,0,0,10,9,5,9,1,0,0,0,30,1,0
c:\Users\arthur.menezes_evolu\Desktop\Pes\BGARefreshLayout-Android\library\src\main\java\cn\bingoogolapple\refreshlayout\BGAMeiTuanRefreshViewHolder.java,cn.bingoogolapple.refreshlayout.BGAMeiTuanRefreshViewHolder,class,6,8,2,6,18,2,0,14,7,0.70454544,0.0,0.0,11,0,11,0,0,0,11,0,0,0,4,0,0,4,0,0,0,0,0,70,1,0,6,0,0,6,9,8,3,4,2,0,0,0,46,1,0
c:\Users\arthur.menezes_evolu\Desktop\Pes\BGARefreshLayout-Android\demo\src\main\java\cn\bingoogolapple\refreshlayout\demo\ui\fragment\StickyNavRecyclerViewFragment.java,cn.bingoogolapple.refreshlayout.demo.ui.fragment.StickyNavRecyclerViewFragment$Anonymous1,anonymous,3,3,0,3,2,1,0,2,1,0.0,0.0,0.0,2,0,2,0,0,0,2,0,0,0,0,0,0,0,0,0,0,0,0,7,0,0,0,0,0,0,0,0,0,0,0,0,0,0,6,-1,0
c:\Users\arthur.menezes_evolu\Desktop\Pes\BGARefreshLayout-Android\library\src\main\java\cn\bingoogolapple\refreshlayout\BGARefreshLayout.java,cn.bingoogolapple.refreshlayout.BGARefreshLayout$BGARefreshScaleDelegate,interface,0,0,0,0,1,1,0,0,0,0.0,NaN,NaN,1,0,0,0,0,1,1,0,0,0,0,0,0,0,0,0,0,0,0,3,0,0,0,0,0,0,0,0,0,0,0,0,0,0,12,1,0
c:\Users\arthur.menezes_evolu\Desktop\Pes\BGARefreshLayout-Android\demo\src\main\java\cn\bingoogolapple\refreshlayout\demo\ui\fragment\StickyNavRecyclerViewFragment.java,cn.bingoogolapple.refreshlayout.demo.ui.fragment.StickyNavRecyclerViewFragment$Anonymous2,anonymous,6,6,0,6,2,1,0,4,1,0.0,0.0,0.0,2,0,2,0,0,0,2,0,0,0,0,0,0,0,0,0,0,0,1,17,0,0,0,0,1,0,0,0,0,0,0,1,0,0,14,-1,0
c:\Users\arthur.menezes_evolu\Desktop\Pes\BGARefreshLayout-Android\demo\src\main\java\cn\bingoogolapple\refreshlayout\demo\ui\fragment\StickyNavRecyclerViewFragment.java,cn.bingoogolapple.refreshlayout.demo.ui.fragment.StickyNavRecyclerViewFragment$Anonymous4,anonymous,6,6,0,6,2,1,0,4,1,0.0,0.0,0.0,2,0,2,0,0,0,2,0,0,0,0,0,0,0,0,0,0,0,1,16,0,0,0,0,1,0,0,0,0,0,0,1,0,0,14,-1,0
c:\Users\arthur.menezes_evolu\Desktop\Pes\BGARefreshLayout-Android\demo\src\main\java\cn\bingoogolapple\refreshlayout\demo\ui\activity\ScrollViewActivity.java,cn.bingoogolapple.refreshlayout.demo.ui.activity.ScrollViewActivity$Anonymous2,anonymous,2,2,0,2,4,1,0,6,3,0.0,0.0,0.0,3,0,0,0,3,0,3,0,0,0,0,0,0,0,0,0,0,0,1,19,1,0,0,1,0,1,0,0,0,0,1,0,0,0,18,-1,0
c:\Users\arthur.menezes_evolu\Desktop\Pes\BGARefreshLayout-Android\demo\src\main\java\cn\bingoogolapple\refreshlayout\demo\ui\activity\ScrollViewActivity.java,cn.bingoogolapple.refreshlayout.demo.ui.activity.ScrollViewActivity$Anonymous1,anonymous,2,2,0,2,4,1,0,6,3,0.0,0.0,0.0,3,0,0,0,3,0,3,0,0,0,0,0,0,0,0,0,0,0,1,19,1,0,0,1,0,1,0,0,0,0,1,0,0,0,18,-1,0
c:\Users\arthur.menezes_evolu\Desktop\Pes\BGARefreshLayout-Android\demo\src\main\java\cn\bingoogolapple\refreshlayout\demo\ui\fragment\RefreshListViewFragment.java,cn.bingoogolapple.refreshlayout.demo.ui.fragment.RefreshListViewFragment,class,21,23,2,21,14,3,0,27,0,0.7,0.0,0.0,10,0,6,0,4,0,10,0,0,0,6,1,0,6,0,0,1,0,1,117,6,0,2,0,0,5,7,9,3,7,1,4,0,0,58,1,0
c:\Users\arthur.menezes_evolu\Desktop\Pes\BGARefreshLayout-Android\library\src\main\java\cn\bingoogolapple\refreshlayout\BGAStickinessRefreshViewHolder.java,cn.bingoogolapple.refreshlayout.BGAStickinessRefreshViewHolder,class,7,12,5,7,16,2,0,13,21,0.6969697,0.0,0.0,11,0,11,0,0,0,11,0,0,0,3,0,0,3,0,0,0,0,0,60,2,0,5,0,0,4,6,6,2,3,2,0,0,0,44,1,0
c:\Users\arthur.menezes_evolu\Desktop\Pes\BGARefreshLayout-Android\demo\src\main\java\cn\bingoogolapple\refreshlayout\demo\App.java,cn.bingoogolapple.refreshlayout.demo.App,class,4,12,8,4,3,2,0,5,0,0.33333334,0.0,0.0,3,1,3,0,0,0,3,0,0,0,2,1,0,2,0,0,0,0,0,15,2,0,0,0,0,1,0,2,0,2,0,0,0,0,9,1,0
