file,class,type,cbo,cboModified,fanin,fanout,wmc,dit,noc,rfc,lcom,lcom*,tcc,lcc,totalMethodsQty,staticMethodsQty,publicMethodsQty,privateMethodsQty,protectedMethodsQty,defaultMethodsQty,visibleMethodsQty,abstractMethodsQty,finalMethodsQty,synchronizedMethodsQty,totalFieldsQty,staticFieldsQty,publicFieldsQty,privateFieldsQty,protectedFieldsQty,defaultFieldsQty,finalFieldsQty,synchronizedFieldsQty,nosi,loc,returnQty,loopQty,comparisonsQty,tryCatchQty,parenthesizedExpsQty,stringLiteralsQty,numbersQty,assignmentsQty,mathOperationsQty,variablesQty,maxNestedBlocksQty,anonymousClassesQty,innerClassesQty,lambdasQty,uniqueWordsQty,modifiers,logStatementsQty
c:\Users\arthur.menezes_evolu\Desktop\Pes\ShowcaseView\library\src\main\java\com\github\amlcurran\showcaseview\targets\Reflector.java,com.github.amlcurran.showcaseview.targets.Reflector,interface,2,8,6,2,3,1,0,0,3,0.0,0.0,0.0,3,0,0,0,0,3,3,0,0,0,0,0,0,0,0,0,0,0,0,6,0,0,0,0,0,0,0,0,0,0,0,0,1,0,28,0,0
c:\Users\arthur.menezes_evolu\Desktop\Pes\ShowcaseView\library\src\main\java\com\github\amlcurran\showcaseview\MaterialShowcaseDrawer.java,com.github.amlcurran.showcaseview.MaterialShowcaseDrawer,class,6,7,1,6,9,1,0,8,12,0.6944445,0.0,0.0,9,0,9,0,0,0,9,0,0,0,4,0,0,4,0,0,3,0,0,39,3,0,0,0,2,0,6,5,2,5,0,0,0,0,36,1,0
c:\Users\arthur.menezes_evolu\Desktop\Pes\ShowcaseView\library\src\main\java\com\github\amlcurran\showcaseview\NoAnimationFactory.java,com.github.amlcurran.showcaseview.NoAnimationFactory,class,6,7,1,6,3,1,0,3,3,0.0,0.0,0.0,3,0,3,0,0,0,3,0,0,0,0,0,0,0,0,0,0,0,0,11,0,0,0,0,0,0,0,0,0,0,0,0,0,0,17,0,0
c:\Users\arthur.menezes_evolu\Desktop\Pes\ShowcaseView\sample\src\main\java\com\github\amlcurran\showcaseview\sample\legacy\MultipleShowcaseSampleActivity.java,com.github.amlcurran.showcaseview.sample.legacy.MultipleShowcaseSampleActivity,class,6,7,1,6,5,2,0,10,3,1.0,0.0,0.0,3,0,1,1,1,0,2,0,0,0,2,2,0,2,0,0,2,0,0,27,1,0,0,0,0,0,2,2,0,2,1,1,0,0,41,1,0
c:\Users\arthur.menezes_evolu\Desktop\Pes\ShowcaseView\library\src\main\java\com\github\amlcurran\showcaseview\NewShowcaseDrawer.java,com.github.amlcurran.showcaseview.NewShowcaseDrawer,class,5,7,2,5,6,2,0,4,0,0.5555555,0.0,0.0,6,0,6,0,0,0,6,0,0,0,3,1,0,3,0,0,3,0,0,29,3,0,0,0,2,0,4,4,2,4,0,0,0,0,33,0,0
c:\Users\arthur.menezes_evolu\Desktop\Pes\ShowcaseView\library\src\main\java\com\github\amlcurran\showcaseview\ShowcaseViewApi.java,com.github.amlcurran.showcaseview.ShowcaseViewApi,interface,1,2,1,1,9,1,0,0,36,0.0,0.0,0.0,9,0,0,0,0,9,9,0,0,0,0,0,0,0,0,0,0,0,0,11,0,0,0,0,0,0,0,0,0,0,0,0,0,0,43,1,0
c:\Users\arthur.menezes_evolu\Desktop\Pes\ShowcaseView\sample\src\main\java\com\github\amlcurran\showcaseview\sample\MainActivity.java,com.github.amlcurran.showcaseview.sample.MainActivity$HardcodedListAdapter,innerclass,6,6,0,6,4,2,0,6,3,0.0,0.0,0.0,3,0,3,0,0,0,3,0,0,0,0,0,0,0,0,0,0,0,2,17,2,0,1,0,2,0,0,2,0,1,1,0,0,0,17,10,0
c:\Users\arthur.menezes_evolu\Desktop\Pes\ShowcaseView\library\src\main\java\com\github\amlcurran\showcaseview\ShowcaseDrawer.java,com.github.amlcurran.showcaseview.ShowcaseDrawer,interface,3,10,7,3,8,1,0,0,28,0.0,0.0,0.0,8,0,0,0,0,8,8,0,0,0,0,0,0,0,0,0,0,0,0,10,0,0,0,0,0,0,0,0,0,0,0,0,0,0,93,1,0
c:\Users\arthur.menezes_evolu\Desktop\Pes\ShowcaseView\sample\src\main\java\com\github\amlcurran\showcaseview\sample\ActionItemsSampleActivity.java,com.github.amlcurran.showcaseview.sample.ActionItemsSampleActivity,class,8,9,1,8,3,2,0,17,1,0.0,0.0,0.0,2,0,1,0,1,0,2,0,0,0,0,0,0,0,0,0,0,0,1,20,1,0,0,1,0,1,0,2,0,2,1,0,0,0,37,1,0
c:\Users\arthur.menezes_evolu\Desktop\Pes\ShowcaseView\sample\src\main\java\com\github\amlcurran\showcaseview\sample\EventsActivity.java,com.github.amlcurran.showcaseview.sample.EventsActivity$ShakeButtonListener,innerclass,4,4,0,4,2,2,0,5,0,0.0,0.0,0.0,2,0,2,0,0,0,2,0,0,0,1,0,0,1,0,0,1,0,0,10,0,0,0,0,0,0,1,2,0,2,0,0,0,0,18,2,0
c:\Users\arthur.menezes_evolu\Desktop\Pes\ShowcaseView\library\src\main\java\com\github\amlcurran\showcaseview\ShowcaseView.java,com.github.amlcurran.showcaseview.ShowcaseView,class,36,54,18,36,91,2,0,92,960,0.9367245,0.0,0.0,52,1,27,20,3,2,32,0,0,0,31,6,5,26,0,0,11,0,5,505,13,0,14,0,1,2,26,74,7,48,2,4,1,0,216,1,0
c:\Users\arthur.menezes_evolu\Desktop\Pes\ShowcaseView\library\src\main\java\com\github\amlcurran\showcaseview\AnimationFactory.java,com.github.amlcurran.showcaseview.AnimationFactory,interface,5,9,4,5,3,1,0,0,3,0.0,0.0,0.0,3,0,0,0,0,3,3,0,0,0,0,0,0,0,0,0,0,0,0,11,0,0,0,0,0,0,0,0,0,0,0,0,2,0,16,0,0
c:\Users\arthur.menezes_evolu\Desktop\Pes\ShowcaseView\library\src\main\java\com\github\amlcurran\showcaseview\AnimationFactory.java,com.github.amlcurran.showcaseview.AnimationFactory$AnimationEndListener,interface,0,0,0,0,1,1,0,0,0,0.0,NaN,NaN,1,0,0,0,0,1,1,0,0,0,0,0,0,0,0,0,0,0,0,3,0,0,0,0,0,0,0,0,0,0,0,0,0,0,4,0,0
c:\Users\arthur.menezes_evolu\Desktop\Pes\ShowcaseView\sample\src\main\java\com\github\amlcurran\showcaseview\sample\ToolbarActionItemTarget.java,com.github.amlcurran.showcaseview.sample.ToolbarActionItemTarget,class,6,6,0,6,2,1,0,2,0,0.0,0.0,0.0,2,0,2,0,0,0,2,0,0,0,2,0,0,2,0,0,2,0,0,11,1,0,0,0,0,0,0,2,0,2,0,0,0,0,29,1,0
c:\Users\arthur.menezes_evolu\Desktop\Pes\ShowcaseView\library\src\main\java\com\github\amlcurran\showcaseview\targets\ViewTarget.java,com.github.amlcurran.showcaseview.targets.ViewTarget,class,5,19,14,5,3,1,0,4,0,0.0,0.0,0.0,3,0,3,0,0,0,3,0,0,0,1,0,0,1,0,0,1,0,0,16,1,0,0,0,0,0,5,5,4,4,0,0,0,0,19,1,0
c:\Users\arthur.menezes_evolu\Desktop\Pes\ShowcaseView\library\src\main\java\com\github\amlcurran\showcaseview\targets\ActionBarViewWrapper.java,com.github.amlcurran.showcaseview.targets.ActionBarViewWrapper,class,3,6,3,3,30,1,0,20,0,0.3809524,0.0,0.0,7,0,6,1,0,0,6,0,0,0,3,0,0,3,0,0,0,0,0,144,13,2,4,6,0,28,0,27,2,24,4,0,0,0,73,0,0
c:\Users\arthur.menezes_evolu\Desktop\Pes\ShowcaseView\sample\src\main\java\com\github\amlcurran\showcaseview\sample\legacy\MultipleShowcaseSampleActivity.java,com.github.amlcurran.showcaseview.sample.legacy.MultipleShowcaseSampleActivity$Anonymous1,anonymous,1,1,0,1,1,1,0,3,0,0.0,NaN,NaN,1,0,1,0,0,0,1,0,0,0,0,0,0,0,0,0,0,0,0,5,0,0,0,0,0,0,0,0,0,0,0,0,0,0,7,-1,0
c:\Users\arthur.menezes_evolu\Desktop\Pes\ShowcaseView\sample\src\main\java\com\github\amlcurran\showcaseview\sample\EventsActivity.java,com.github.amlcurran.showcaseview.sample.EventsActivity$WobblyInterpolator,innerclass,1,1,0,1,2,1,0,1,0,0.25,0.0,0.0,2,0,2,0,0,0,2,0,0,0,2,0,0,2,0,0,2,0,1,11,1,0,0,0,0,0,1,3,2,3,0,0,0,0,18,2,0
c:\Users\arthur.menezes_evolu\Desktop\Pes\ShowcaseView\sample\src\main\java\com\github\amlcurran\showcaseview\sample\MemoryManagementTesting.java,com.github.amlcurran.showcaseview.sample.MemoryManagementTesting$Anonymous1,anonymous,2,2,0,2,1,1,0,1,0,0.0,NaN,NaN,1,0,1,0,0,0,1,0,0,0,0,0,0,0,0,0,0,0,0,6,0,0,0,0,0,0,0,0,0,0,0,0,0,0,7,-1,0
c:\Users\arthur.menezes_evolu\Desktop\Pes\ShowcaseView\library\src\main\java\com\github\amlcurran\showcaseview\ShotStateStore.java,com.github.amlcurran.showcaseview.ShotStateStore,class,3,6,3,3,7,1,0,6,0,0.5,0.0,0.0,5,0,1,0,0,4,5,0,0,0,4,2,0,3,0,1,3,0,0,24,2,0,1,0,0,3,1,6,2,5,1,0,0,0,32,0,0
c:\Users\arthur.menezes_evolu\Desktop\Pes\ShowcaseView\library\src\main\java\com\github\amlcurran\showcaseview\targets\AppCompatReflector.java,com.github.amlcurran.showcaseview.targets.AppCompatReflector,class,5,7,2,5,6,1,0,6,4,0.5,0.0,0.0,4,0,4,0,0,0,4,0,0,0,1,0,0,1,0,0,0,0,0,23,3,0,2,0,0,4,0,4,1,3,1,0,0,0,32,0,0
c:\Users\arthur.menezes_evolu\Desktop\Pes\ShowcaseView\sample\src\main\java\com\github\amlcurran\showcaseview\sample\FragmentDemoActivity.java,com.github.amlcurran.showcaseview.sample.FragmentDemoActivity$FirstDemoFragment$Anonymous1,anonymous,2,2,0,2,1,1,0,2,0,0.0,NaN,NaN,1,0,1,0,0,0,1,0,0,0,0,0,0,0,0,0,0,0,0,5,0,0,0,0,1,0,0,0,0,0,0,0,0,0,10,-1,0
c:\Users\arthur.menezes_evolu\Desktop\Pes\ShowcaseView\library\src\main\java\com\github\amlcurran\showcaseview\TextDrawer.java,com.github.amlcurran.showcaseview.TextDrawer,class,15,17,2,15,42,2,0,17,19,0.80827063,0.0,0.0,14,0,14,0,0,0,14,0,0,0,19,3,0,19,0,0,8,0,1,182,2,1,8,0,3,1,24,57,21,27,3,0,1,0,101,0,0
c:\Users\arthur.menezes_evolu\Desktop\Pes\ShowcaseView\library\src\main\java\com\github\amlcurran\showcaseview\AnimatorAnimationFactory.java,com.github.amlcurran.showcaseview.AnimatorAnimationFactory,class,11,12,1,11,4,1,0,7,2,0.5625,0.0,0.0,4,0,4,0,0,0,4,0,0,0,4,3,0,4,0,0,4,0,0,37,0,0,0,0,0,3,2,9,0,9,0,2,0,0,41,0,0
c:\Users\arthur.menezes_evolu\Desktop\Pes\ShowcaseView\library\src\main\java\com\github\amlcurran\showcaseview\targets\Target.java,com.github.amlcurran.showcaseview.targets.Target,interface,2,12,10,2,1,1,0,0,0,1.0,NaN,NaN,1,0,0,0,0,1,1,0,0,0,1,0,0,0,0,1,0,0,0,9,0,0,0,0,0,0,0,1,0,1,0,1,0,0,6,1,0
c:\Users\arthur.menezes_evolu\Desktop\Pes\ShowcaseView\library\src\main\java\com\github\amlcurran\showcaseview\targets\ActionBarReflector.java,com.github.amlcurran.showcaseview.targets.ActionBarReflector,class,5,7,2,5,5,1,0,3,4,0.5,0.0,0.0,4,0,4,0,0,0,4,0,0,0,1,0,0,1,0,0,0,0,0,18,2,0,1,0,0,2,0,2,1,2,1,0,0,0,36,0,0
c:\Users\arthur.menezes_evolu\Desktop\Pes\ShowcaseView\library\src\main\java\com\github\amlcurran\showcaseview\AnimatorAnimationFactory.java,com.github.amlcurran.showcaseview.AnimatorAnimationFactory$Anonymous1,anonymous,2,2,0,2,1,1,0,1,0,0.0,NaN,NaN,1,0,1,0,0,0,1,0,0,0,0,0,0,0,0,0,0,0,0,5,0,0,0,0,0,0,0,0,0,0,0,0,0,0,5,-1,0
c:\Users\arthur.menezes_evolu\Desktop\Pes\ShowcaseView\library\src\main\java\com\github\amlcurran\showcaseview\OnShowcaseEventListener.java,com.github.amlcurran.showcaseview.OnShowcaseEventListener,interface,3,12,9,3,4,1,0,0,6,0.75,0.0,0.0,4,0,0,0,0,4,4,0,0,0,1,0,0,0,0,1,0,0,0,17,0,0,0,0,0,0,0,1,0,1,0,1,0,0,53,1,0
c:\Users\arthur.menezes_evolu\Desktop\Pes\ShowcaseView\library\src\main\java\com\github\amlcurran\showcaseview\AnimatorAnimationFactory.java,com.github.amlcurran.showcaseview.AnimatorAnimationFactory$Anonymous2,anonymous,2,2,0,2,1,1,0,1,0,0.0,NaN,NaN,1,0,1,0,0,0,1,0,0,0,0,0,0,0,0,0,0,0,0,5,0,0,0,0,0,0,0,0,0,0,0,0,0,0,5,-1,0
c:\Users\arthur.menezes_evolu\Desktop\Pes\ShowcaseView\library\src\main\java\com\github\amlcurran\showcaseview\targets\Reflector.java,com.github.amlcurran.showcaseview.targets.Reflector$ActionBarType,enum,0,0,0,0,0,1,0,0,0,0.0,-1.0,-1.0,0,0,0,0,0,0,0,0,0,0,0,0,0,0,0,0,0,0,0,1,0,0,0,0,0,0,0,0,0,0,0,0,0,0,18,0,0
c:\Users\arthur.menezes_evolu\Desktop\Pes\ShowcaseView\sample\src\main\java\com\github\amlcurran\showcaseview\sample\CustomTextActivity.java,com.github.amlcurran.showcaseview.sample.CustomTextActivity,class,6,7,1,6,1,2,0,21,0,0.0,NaN,NaN,1,0,0,0,1,0,1,0,0,0,0,0,0,0,0,0,0,0,0,20,0,0,0,0,0,2,0,3,0,3,0,0,0,0,22,1,0
c:\Users\arthur.menezes_evolu\Desktop\Pes\ShowcaseView\sample\src\main\java\com\github\amlcurran\showcaseview\sample\MultiEventListener.java,com.github.amlcurran.showcaseview.sample.MultiEventListener,class,3,4,1,3,9,1,0,6,0,0.0,0.0,0.0,5,0,5,0,0,0,5,0,0,0,1,0,0,1,0,0,1,0,1,27,0,4,0,0,0,0,0,1,0,1,1,0,0,0,17,1,0
c:\Users\arthur.menezes_evolu\Desktop\Pes\ShowcaseView\sample\src\main\java\com\github\amlcurran\showcaseview\sample\animations\AnimationSampleActivity.java,com.github.amlcurran.showcaseview.sample.animations.AnimationSampleActivity,class,9,11,2,9,9,2,0,15,1,0.4,0.0,0.0,3,0,1,1,1,0,2,0,0,0,5,0,0,5,0,0,0,0,0,45,0,1,0,0,0,2,7,5,0,5,2,0,0,0,41,1,0
c:\Users\arthur.menezes_evolu\Desktop\Pes\ShowcaseView\sample\src\main\java\com\github\amlcurran\showcaseview\sample\SingleShotActivity.java,com.github.amlcurran.showcaseview.sample.SingleShotActivity,class,5,6,1,5,1,2,0,7,0,0.0,NaN,NaN,1,0,0,0,1,0,1,0,0,0,0,0,0,0,0,0,0,0,0,8,0,0,0,0,0,0,1,1,0,1,0,0,0,0,14,1,0
c:\Users\arthur.menezes_evolu\Desktop\Pes\ShowcaseView\sample\src\main\java\com\github\amlcurran\showcaseview\sample\CustomShowcaseActivity.java,com.github.amlcurran.showcaseview.sample.CustomShowcaseActivity$CustomShowcaseView,innerclass,7,7,0,7,9,1,0,9,12,0.7037037,0.0,0.0,9,0,9,0,0,0,9,0,0,0,6,0,0,6,0,0,6,0,0,49,3,0,0,0,0,0,8,12,8,8,0,0,0,0,44,10,0
c:\Users\arthur.menezes_evolu\Desktop\Pes\ShowcaseView\library\src\main\java\com\github\amlcurran\showcaseview\ApiUtils.java,com.github.amlcurran.showcaseview.ApiUtils,class,1,3,2,1,3,1,0,1,1,0.0,0.0,0.0,2,0,2,0,0,0,2,0,0,0,0,0,0,0,0,0,0,0,0,8,2,0,0,0,0,0,0,0,0,0,0,0,0,0,8,0,0
c:\Users\arthur.menezes_evolu\Desktop\Pes\ShowcaseView\sample\src\main\java\com\github\amlcurran\showcaseview\sample\FragmentDemoActivity.java,com.github.amlcurran.showcaseview.sample.FragmentDemoActivity,class,5,7,2,5,2,4,0,6,1,0.0,0.0,0.0,2,0,1,0,1,0,2,0,0,0,0,0,0,0,0,0,0,0,0,38,0,0,0,0,0,0,0,0,0,0,0,0,2,0,21,1,0
c:\Users\arthur.menezes_evolu\Desktop\Pes\ShowcaseView\library\src\main\java\com\github\amlcurran\showcaseview\AnimationFactory.java,com.github.amlcurran.showcaseview.AnimationFactory$AnimationStartListener,interface,0,0,0,0,1,1,0,0,0,0.0,NaN,NaN,1,0,0,0,0,1,1,0,0,0,0,0,0,0,0,0,0,0,0,3,0,0,0,0,0,0,0,0,0,0,0,0,0,0,4,0,0
c:\Users\arthur.menezes_evolu\Desktop\Pes\ShowcaseView\library\src\main\java\com\github\amlcurran\showcaseview\targets\ActionItemTarget.java,com.github.amlcurran.showcaseview.targets.ActionItemTarget,class,9,10,1,9,3,1,0,5,0,0.33333334,0.0,0.0,3,0,2,0,1,0,3,0,0,0,3,0,0,2,0,1,2,0,1,18,1,0,0,0,0,0,0,5,0,5,0,0,0,0,36,1,0
c:\Users\arthur.menezes_evolu\Desktop\Pes\ShowcaseView\sample\src\main\java\com\github\amlcurran\showcaseview\sample\EventsActivity.java,com.github.amlcurran.showcaseview.sample.EventsActivity,class,13,14,1,13,1,3,0,13,0,0.0,NaN,NaN,1,0,0,0,1,0,1,0,0,0,0,0,0,0,0,0,0,0,0,55,0,0,0,0,0,2,0,3,0,3,0,0,3,0,36,1,0
c:\Users\arthur.menezes_evolu\Desktop\Pes\ShowcaseView\library\src\main\java\com\github\amlcurran\showcaseview\targets\ReflectorFactory.java,com.github.amlcurran.showcaseview.targets.ReflectorFactory,class,7,10,3,7,9,1,0,5,1,0.0,NaN,NaN,2,2,1,1,0,0,1,0,0,0,0,0,0,0,0,0,0,0,1,26,7,1,1,0,0,3,0,2,0,1,1,0,0,0,27,0,0
c:\Users\arthur.menezes_evolu\Desktop\Pes\ShowcaseView\library\src\main\java\com\github\amlcurran\showcaseview\SimpleShowcaseEventListener.java,com.github.amlcurran.showcaseview.SimpleShowcaseEventListener,class,3,7,4,3,4,1,2,0,6,0.0,0.0,0.0,4,0,4,0,0,0,4,0,0,0,0,0,0,0,0,0,0,0,0,10,0,0,0,0,0,0,0,0,0,0,0,0,0,0,26,1,0
c:\Users\arthur.menezes_evolu\Desktop\Pes\ShowcaseView\sample\src\main\java\com\github\amlcurran\showcaseview\sample\ViewTargets.java,com.github.amlcurran.showcaseview.sample.ViewTargets,class,4,5,1,4,3,3,0,3,0,0.0,NaN,NaN,1,1,1,0,0,0,1,0,0,0,0,0,0,0,0,0,0,0,0,21,1,0,0,1,0,1,0,2,0,2,1,0,1,0,52,1,0
c:\Users\arthur.menezes_evolu\Desktop\Pes\ShowcaseView\sample\src\main\java\com\github\amlcurran\showcaseview\sample\MainActivity.java,com.github.amlcurran.showcaseview.sample.MainActivity$DemoOption,enum,8,8,0,8,1,1,0,0,0,0.0,NaN,NaN,1,0,0,0,0,1,1,0,0,0,3,0,0,0,0,3,3,0,0,9,0,0,0,0,0,0,0,3,0,3,0,0,0,0,29,2,0
c:\Users\arthur.menezes_evolu\Desktop\Pes\ShowcaseView\library\src\main\java\com\github\amlcurran\showcaseview\ShowcaseView.java,com.github.amlcurran.showcaseview.ShowcaseView$Builder,innerclass,14,14,0,14,26,1,0,28,0,0.65999997,0.0,0.0,25,0,25,0,0,0,25,0,0,0,4,0,0,4,0,0,2,0,1,109,23,0,0,0,2,1,1,9,0,5,1,0,0,0,170,9,0
c:\Users\arthur.menezes_evolu\Desktop\Pes\ShowcaseView\library\src\main\java\com\github\amlcurran\showcaseview\targets\ActionViewTarget.java,com.github.amlcurran.showcaseview.targets.ActionViewTarget$Type,enum,0,0,0,0,0,1,0,0,0,0.0,-1.0,-1.0,0,0,0,0,0,0,0,0,0,0,0,0,0,0,0,0,0,0,0,1,0,0,0,0,0,0,0,0,0,0,0,0,0,0,14,1,0
c:\Users\arthur.menezes_evolu\Desktop\Pes\ShowcaseView\library\src\main\java\com\github\amlcurran\showcaseview\TextDrawer.java,com.github.amlcurran.showcaseview.TextDrawer$NoOpSpan,innerclass,2,2,0,2,2,2,0,0,1,0.0,0.0,0.0,2,0,2,0,0,0,2,0,0,0,0,0,0,0,0,0,0,0,0,6,0,0,0,0,0,0,0,0,0,0,0,0,0,0,13,10,0
c:\Users\arthur.menezes_evolu\Desktop\Pes\ShowcaseView\sample\src\main\java\com\github\amlcurran\showcaseview\sample\MainActivity.java,com.github.amlcurran.showcaseview.sample.MainActivity,class,21,22,1,21,12,3,0,30,16,0.6875,0.0,0.0,8,0,7,1,0,0,7,0,0,0,4,1,0,1,0,3,1,0,1,86,0,0,0,0,2,0,3,9,1,9,2,0,2,0,75,1,0
c:\Users\arthur.menezes_evolu\Desktop\Pes\ShowcaseView\sample\src\main\java\com\github\amlcurran\showcaseview\sample\MemoryManagementTesting.java,com.github.amlcurran.showcaseview.sample.MemoryManagementTesting,class,6,9,3,6,2,2,0,9,1,0.5,NaN,NaN,2,0,0,1,1,0,1,0,0,0,1,0,0,0,0,1,0,0,1,17,0,0,0,0,0,1,1,1,0,1,0,1,0,0,20,1,0
c:\Users\arthur.menezes_evolu\Desktop\Pes\ShowcaseView\sample\src\main\java\com\github\amlcurran\showcaseview\sample\FragmentDemoActivity.java,com.github.amlcurran.showcaseview.sample.FragmentDemoActivity$SecondDemoFragment,innerclass,9,9,0,9,2,2,0,11,0,0.0,0.0,0.0,2,0,2,0,0,0,2,0,0,0,1,0,0,1,0,0,0,0,0,12,1,0,0,0,0,0,0,2,0,2,0,0,0,0,20,9,0
c:\Users\arthur.menezes_evolu\Desktop\Pes\ShowcaseView\library\src\main\java\com\github\amlcurran\showcaseview\ShowcaseAreaCalculator.java,com.github.amlcurran.showcaseview.ShowcaseAreaCalculator,class,2,3,1,2,4,1,0,3,0,0.0,0.0,0.0,2,0,2,0,0,0,2,0,0,0,1,0,0,1,0,0,1,0,0,20,3,0,2,0,0,2,6,9,12,5,1,0,0,0,36,0,0
c:\Users\arthur.menezes_evolu\Desktop\Pes\ShowcaseView\sample\src\main\java\com\github\amlcurran\showcaseview\sample\EventsActivity.java,com.github.amlcurran.showcaseview.sample.EventsActivity$LogToTextListener,innerclass,6,6,0,6,6,1,0,5,13,0.6666667,0.0,0.0,6,0,5,1,0,0,5,0,0,0,2,0,0,2,0,0,2,0,0,24,0,0,0,0,0,6,0,2,1,2,0,0,0,0,24,10,0
c:\Users\arthur.menezes_evolu\Desktop\Pes\ShowcaseView\library\src\main\java\com\github\amlcurran\showcaseview\targets\PointTarget.java,com.github.amlcurran.showcaseview.targets.PointTarget,class,2,2,0,2,3,1,0,0,0,0.0,0.0,0.0,3,0,3,0,0,0,3,0,0,0,1,0,0,1,0,0,1,0,0,12,1,0,0,0,0,0,0,2,0,1,0,0,0,0,15,1,0
c:\Users\arthur.menezes_evolu\Desktop\Pes\ShowcaseView\library\src\main\java\com\github\amlcurran\showcaseview\targets\SherlockReflector.java,com.github.amlcurran.showcaseview.targets.SherlockReflector,class,5,7,2,5,6,1,0,6,4,0.5,0.0,0.0,4,0,4,0,0,0,4,0,0,0,1,0,0,1,0,0,0,0,0,23,3,0,2,0,0,4,0,4,1,3,1,0,0,0,31,0,0
c:\Users\arthur.menezes_evolu\Desktop\Pes\ShowcaseView\library\src\main\java\com\github\amlcurran\showcaseview\ShowcaseView.java,com.github.amlcurran.showcaseview.ShowcaseView$Anonymous2,anonymous,2,2,0,2,1,1,0,3,0,0.0,NaN,NaN,1,0,1,0,0,0,1,0,0,0,0,0,0,0,0,0,0,0,0,8,0,0,0,0,0,0,0,1,0,0,0,0,0,0,10,-1,0
c:\Users\arthur.menezes_evolu\Desktop\Pes\ShowcaseView\sample\src\main\java\com\github\amlcurran\showcaseview\sample\FragmentDemoActivity.java,com.github.amlcurran.showcaseview.sample.FragmentDemoActivity$FirstDemoFragment,innerclass,10,10,0,10,2,2,0,12,0,0.0,0.0,0.0,2,0,2,0,0,0,2,0,0,0,1,0,0,1,0,0,0,0,0,17,1,0,0,0,0,0,0,2,0,2,0,1,0,0,24,9,0
c:\Users\arthur.menezes_evolu\Desktop\Pes\ShowcaseView\library\src\main\java\com\github\amlcurran\showcaseview\ShowcaseView.java,com.github.amlcurran.showcaseview.ShowcaseView$Anonymous3,anonymous,0,0,0,0,1,1,0,1,0,0.0,NaN,NaN,1,0,1,0,0,0,1,0,0,0,0,0,0,0,0,0,0,0,0,5,0,0,0,0,0,0,0,0,0,0,0,0,0,0,5,-1,0
c:\Users\arthur.menezes_evolu\Desktop\Pes\ShowcaseView\library\src\main\java\com\github\amlcurran\showcaseview\ShowcaseView.java,com.github.amlcurran.showcaseview.ShowcaseView$Anonymous4,anonymous,2,2,0,2,1,1,0,1,0,0.0,NaN,NaN,1,0,1,0,0,0,1,0,0,0,0,0,0,0,0,0,0,0,0,5,0,0,0,0,0,0,0,0,0,0,0,0,0,0,5,-1,0
c:\Users\arthur.menezes_evolu\Desktop\Pes\ShowcaseView\library\src\main\java\com\github\amlcurran\showcaseview\targets\ActionViewTarget.java,com.github.amlcurran.showcaseview.targets.ActionViewTarget,class,10,11,1,10,8,1,0,9,0,0.33333334,0.0,0.0,3,0,2,0,1,0,3,0,0,0,4,0,0,2,0,2,2,0,1,38,1,0,0,0,0,0,0,11,0,6,1,0,1,0,19,1,0
c:\Users\arthur.menezes_evolu\Desktop\Pes\ShowcaseView\sample\src\main\java\com\github\amlcurran\showcaseview\sample\ViewTargets.java,com.github.amlcurran.showcaseview.sample.ViewTargets$MissingViewException,innerclass,0,0,0,0,1,3,0,0,0,0.0,NaN,NaN,1,0,1,0,0,0,1,0,0,0,0,0,0,0,0,0,0,0,0,5,0,0,0,0,0,0,0,0,0,0,0,0,0,0,5,9,0
c:\Users\arthur.menezes_evolu\Desktop\Pes\ShowcaseView\library\src\main\java\com\github\amlcurran\showcaseview\ShowcaseView.java,com.github.amlcurran.showcaseview.ShowcaseView$Anonymous1,anonymous,5,5,0,5,5,1,0,7,0,0.0,NaN,NaN,1,0,1,0,0,0,1,0,0,0,0,0,0,0,0,0,0,0,0,23,0,0,1,0,0,0,0,3,0,1,3,0,0,0,18,-1,0
c:\Users\arthur.menezes_evolu\Desktop\Pes\ShowcaseView\library\src\main\java\com\github\amlcurran\showcaseview\targets\Target.java,com.github.amlcurran.showcaseview.targets.Target$Anonymous1,anonymous,1,1,0,1,1,1,0,0,0,0.0,NaN,NaN,1,0,1,0,0,0,1,0,0,0,0,0,0,0,0,0,0,0,0,5,1,0,0,0,0,0,2,0,0,0,0,0,0,0,2,-1,0
c:\Users\arthur.menezes_evolu\Desktop\Pes\ShowcaseView\library\src\main\java\com\github\amlcurran\showcaseview\OnShowcaseEventListener.java,com.github.amlcurran.showcaseview.OnShowcaseEventListener$Anonymous1,anonymous,2,2,0,2,4,1,0,0,6,0.0,0.0,0.0,4,0,4,0,0,0,4,0,0,0,0,0,0,0,0,0,0,0,0,10,0,0,0,0,0,0,0,0,0,0,0,0,0,0,12,-1,0
c:\Users\arthur.menezes_evolu\Desktop\Pes\ShowcaseView\library\src\main\java\com\github\amlcurran\showcaseview\StandardShowcaseDrawer.java,com.github.amlcurran.showcaseview.StandardShowcaseDrawer,class,9,13,4,9,9,1,1,16,8,0.6888889,0.0,0.0,9,0,9,0,0,0,9,0,0,0,5,0,0,2,3,0,4,0,0,49,3,0,0,0,2,0,6,11,6,11,0,0,0,0,45,0,0
c:\Users\arthur.menezes_evolu\Desktop\Pes\ShowcaseView\sample\src\main\java\com\github\amlcurran\showcaseview\sample\CustomShowcaseActivity.java,com.github.amlcurran.showcaseview.sample.CustomShowcaseActivity,class,6,7,1,6,1,2,0,8,0,0.0,NaN,NaN,1,0,0,0,1,0,1,0,0,0,0,0,0,0,0,0,0,0,0,56,0,0,0,0,0,0,0,0,0,0,0,0,1,0,15,1,0
