file,class,type,cbo,cboModified,fanin,fanout,wmc,dit,noc,rfc,lcom,lcom*,tcc,lcc,totalMethodsQty,staticMethodsQty,publicMethodsQty,privateMethodsQty,protectedMethodsQty,defaultMethodsQty,visibleMethodsQty,abstractMethodsQty,finalMethodsQty,synchronizedMethodsQty,totalFieldsQty,staticFieldsQty,publicFieldsQty,privateFieldsQty,protectedFieldsQty,defaultFieldsQty,finalFieldsQty,synchronizedFieldsQty,nosi,loc,returnQty,loopQty,comparisonsQty,tryCatchQty,parenthesizedExpsQty,stringLiteralsQty,numbersQty,assignmentsQty,mathOperationsQty,variablesQty,maxNestedBlocksQty,anonymousClassesQty,innerClassesQty,lambdasQty,uniqueWordsQty,modifiers,logStatementsQty
c:\Users\arthur.menezes_evolu\Desktop\Pes\NewbieGuide\app\src\main\java\com\app\hubert\newbieguide\AbcFragment.java,com.app.hubert.newbieguide.AbcFragment,class,11,13,2,11,6,2,0,18,0,0.25,0.0,0.0,4,1,4,0,0,0,4,0,0,0,1,0,0,1,0,0,0,0,2,34,2,0,1,0,0,5,0,5,1,5,1,1,0,0,29,1,0
c:\Users\arthur.menezes_evolu\Desktop\Pes\NewbieGuide\app\src\main\java\com\app\hubert\newbieguide\MainActivity.java,com.app.hubert.newbieguide.MainActivity$Anonymous7$Anonymous8,anonymous,2,2,0,2,1,1,0,1,0,0.0,NaN,NaN,1,0,1,0,0,0,1,0,0,0,0,0,0,0,0,0,0,0,0,5,0,0,0,0,0,0,0,0,0,0,0,0,0,0,4,-1,0
c:\Users\arthur.menezes_evolu\Desktop\Pes\NewbieGuide\guide\src\main\java\com\app\hubert\guide\NewbieGuide.java,com.app.hubert.guide.NewbieGuide,class,6,18,12,6,4,1,0,4,6,0.9166667,0.0,0.0,4,4,4,0,0,0,4,0,0,0,3,3,3,0,0,0,3,0,0,18,3,0,0,0,0,1,3,4,0,4,0,0,0,0,32,1,0
c:\Users\arthur.menezes_evolu\Desktop\Pes\NewbieGuide\guide\src\main\java\com\app\hubert\guide\core\Controller.java,com.app.hubert.guide.core.Controller$Anonymous5,anonymous,2,2,0,2,1,1,0,2,0,0.0,NaN,NaN,1,0,1,0,0,0,1,0,0,0,0,0,0,0,0,0,0,0,1,6,0,0,0,0,0,1,0,0,0,0,0,0,0,0,4,-1,0
c:\Users\arthur.menezes_evolu\Desktop\Pes\NewbieGuide\app\src\main\java\com\app\hubert\newbieguide\FirstActivity.java,com.app.hubert.newbieguide.FirstActivity$Anonymous1,anonymous,4,4,0,4,1,1,0,9,0,0.0,NaN,NaN,1,0,1,0,0,0,1,0,0,0,0,0,0,0,0,0,0,0,2,5,0,0,0,0,0,1,4,0,0,0,0,0,0,0,9,-1,0
c:\Users\arthur.menezes_evolu\Desktop\Pes\NewbieGuide\guide\src\main\java\com\app\hubert\guide\core\Controller.java,com.app.hubert.guide.core.Controller$Anonymous4,anonymous,2,2,0,2,1,1,0,2,0,0.0,NaN,NaN,1,0,1,0,0,0,1,0,0,0,0,0,0,0,0,0,0,0,1,6,0,0,0,0,0,1,0,0,0,0,0,0,0,0,4,-1,0
c:\Users\arthur.menezes_evolu\Desktop\Pes\NewbieGuide\app\src\main\java\com\app\hubert\newbieguide\RecyclerViewActivity.java,com.app.hubert.newbieguide.RecyclerViewActivity$Anonymous1$Anonymous2,anonymous,3,3,0,3,1,1,0,2,0,0.0,NaN,NaN,1,0,1,0,0,0,1,0,0,0,0,0,0,0,0,0,0,0,0,6,0,0,0,0,0,1,0,1,0,1,0,0,0,0,8,-1,0
c:\Users\arthur.menezes_evolu\Desktop\Pes\NewbieGuide\guide\src\main\java\com\app\hubert\guide\model\GuidePage.java,com.app.hubert.guide.model.GuidePage,class,17,34,17,17,47,1,0,12,570,0.9320987,0.0,0.0,36,1,36,0,0,0,36,0,0,0,8,0,0,8,0,0,0,0,0,162,36,1,10,0,0,0,22,19,0,15,3,0,0,0,62,1,0
c:\Users\arthur.menezes_evolu\Desktop\Pes\NewbieGuide\app\src\main\java\com\app\hubert\newbieguide\FirstActivity.java,com.app.hubert.newbieguide.FirstActivity$Anonymous4,anonymous,6,6,0,6,1,1,0,11,0,0.0,NaN,NaN,1,0,1,0,0,0,1,0,0,0,0,0,0,0,0,0,0,0,2,16,0,0,0,0,0,1,0,1,0,1,0,1,0,0,12,-1,0
c:\Users\arthur.menezes_evolu\Desktop\Pes\NewbieGuide\guide\src\main\java\com\app\hubert\guide\core\Builder.java,com.app.hubert.guide.core.Builder,class,9,12,3,9,17,1,0,5,64,0.8769231,0.0,0.0,13,0,12,1,0,0,12,0,0,0,10,0,0,0,0,10,0,0,0,69,9,0,3,0,1,2,1,14,0,11,1,0,0,0,47,1,0
c:\Users\arthur.menezes_evolu\Desktop\Pes\NewbieGuide\guide\src\main\java\com\app\hubert\guide\core\Controller.java,com.app.hubert.guide.core.Controller$Anonymous1,anonymous,2,2,0,2,4,1,0,7,0,0.0,NaN,NaN,1,0,1,0,0,0,1,0,0,0,0,0,0,0,0,0,0,0,0,14,0,0,3,0,0,1,3,1,1,0,1,0,0,0,23,-1,0
c:\Users\arthur.menezes_evolu\Desktop\Pes\NewbieGuide\guide\src\main\java\com\app\hubert\guide\listener\OnPageChangedListener.java,com.app.hubert.guide.listener.OnPageChangedListener,interface,0,3,3,0,1,1,0,0,0,0.0,NaN,NaN,1,0,0,0,0,1,1,0,0,0,0,0,0,0,0,0,0,0,0,3,0,0,0,0,0,0,0,0,0,0,0,0,0,0,9,1,0
c:\Users\arthur.menezes_evolu\Desktop\Pes\NewbieGuide\app\src\main\java\com\app\hubert\newbieguide\FirstActivity.java,com.app.hubert.newbieguide.FirstActivity$Anonymous2,anonymous,4,4,0,4,1,1,0,10,0,0.0,NaN,NaN,1,0,1,0,0,0,1,0,0,0,0,0,0,0,0,0,0,0,2,11,0,0,0,0,0,1,0,0,0,0,0,1,0,0,12,-1,0
c:\Users\arthur.menezes_evolu\Desktop\Pes\NewbieGuide\guide\src\main\java\com\app\hubert\guide\core\Controller.java,com.app.hubert.guide.core.Controller$Anonymous3,anonymous,2,2,0,2,1,1,0,1,0,0.0,NaN,NaN,1,0,1,0,0,0,1,0,0,0,0,0,0,0,0,0,0,0,0,5,0,0,0,0,0,0,0,0,0,0,0,0,0,0,9,-1,0
c:\Users\arthur.menezes_evolu\Desktop\Pes\NewbieGuide\guide\src\main\java\com\app\hubert\guide\model\RelativeGuide.java,com.app.hubert.guide.model.RelativeGuide,class,12,19,7,12,11,1,0,14,9,0.6428572,0.0,0.0,7,0,3,1,3,0,6,0,1,0,4,0,4,0,0,0,0,0,1,73,2,0,0,0,4,0,0,25,6,9,1,0,1,0,35,1,0
c:\Users\arthur.menezes_evolu\Desktop\Pes\NewbieGuide\guide\src\main\java\com\app\hubert\guide\core\Controller.java,com.app.hubert.guide.core.Controller$Anonymous2,anonymous,2,2,0,2,1,1,0,1,0,0.0,NaN,NaN,1,0,1,0,0,0,1,0,0,0,0,0,0,0,0,0,0,0,0,5,0,0,0,0,0,0,0,0,0,0,0,0,0,0,7,-1,0
c:\Users\arthur.menezes_evolu\Desktop\Pes\NewbieGuide\guide\src\main\java\com\app\hubert\guide\lifecycle\FragmentLifecycle.java,com.app.hubert.guide.lifecycle.FragmentLifecycle,interface,0,3,3,0,4,1,0,0,6,0.0,0.0,0.0,4,0,0,0,0,4,4,0,0,0,0,0,0,0,0,0,0,0,0,6,0,0,0,0,0,0,0,0,0,0,0,0,0,0,7,1,0
c:\Users\arthur.menezes_evolu\Desktop\Pes\NewbieGuide\app\src\main\java\com\app\hubert\newbieguide\FirstActivity.java,com.app.hubert.newbieguide.FirstActivity$Anonymous4$Anonymous5,anonymous,5,5,0,5,1,1,0,8,0,0.0,NaN,NaN,1,0,1,0,0,0,1,0,0,0,0,0,0,0,0,0,0,0,0,10,0,0,0,0,0,0,6,1,2,1,0,0,0,0,12,-1,0
c:\Users\arthur.menezes_evolu\Desktop\Pes\NewbieGuide\guide\src\main\java\com\app\hubert\guide\core\GuideLayout.java,com.app.hubert.guide.core.GuideLayout$Anonymous3,anonymous,2,2,0,2,1,1,0,1,0,0.0,NaN,NaN,1,0,1,0,0,0,1,0,0,0,0,0,0,0,0,0,0,0,0,5,0,0,0,0,0,0,0,0,0,0,0,0,0,0,5,-1,0
c:\Users\arthur.menezes_evolu\Desktop\Pes\NewbieGuide\guide\src\main\java\com\app\hubert\guide\util\ScreenUtils.java,com.app.hubert.guide.util.ScreenUtils,class,8,9,1,8,13,1,0,14,21,0.0,0.0,0.0,7,6,6,1,0,0,6,0,0,0,0,0,0,0,0,0,0,0,6,56,9,0,1,0,1,10,5,14,5,12,2,0,0,0,40,1,0
c:\Users\arthur.menezes_evolu\Desktop\Pes\NewbieGuide\guide\src\main\java\com\app\hubert\guide\core\GuideLayout.java,com.app.hubert.guide.core.GuideLayout$Anonymous2,anonymous,2,2,0,2,1,1,0,1,0,0.0,NaN,NaN,1,0,1,0,0,0,1,0,0,0,0,0,0,0,0,0,0,0,0,5,0,0,0,0,0,0,0,0,0,0,0,0,0,0,5,-1,0
c:\Users\arthur.menezes_evolu\Desktop\Pes\NewbieGuide\guide\src\main\java\com\app\hubert\guide\listener\OnGuideChangedListener.java,com.app.hubert.guide.listener.OnGuideChangedListener,interface,1,7,6,1,2,1,0,0,1,0.0,0.0,0.0,2,0,0,0,0,2,2,0,0,0,0,0,0,0,0,0,0,0,0,4,0,0,0,0,0,0,0,0,0,0,0,0,0,0,12,1,0
c:\Users\arthur.menezes_evolu\Desktop\Pes\NewbieGuide\guide\src\main\java\com\app\hubert\guide\core\GuideLayout.java,com.app.hubert.guide.core.GuideLayout$Anonymous1,anonymous,3,3,0,3,2,1,0,2,0,0.0,NaN,NaN,1,0,1,0,0,0,1,0,0,0,0,0,0,0,0,0,0,0,0,7,0,0,0,0,0,0,0,0,0,0,1,0,0,0,5,-1,0
c:\Users\arthur.menezes_evolu\Desktop\Pes\NewbieGuide\guide\src\main\java\com\app\hubert\guide\lifecycle\FragmentLifecycleAdapter.java,com.app.hubert.guide.lifecycle.FragmentLifecycleAdapter,class,1,2,1,1,4,1,0,0,6,0.0,0.0,0.0,4,0,4,0,0,0,4,0,0,0,0,0,0,0,0,0,0,0,0,10,0,0,0,0,0,0,0,0,0,0,0,0,0,0,8,1025,0
c:\Users\arthur.menezes_evolu\Desktop\Pes\NewbieGuide\app\src\main\java\com\app\hubert\newbieguide\RecyclerViewActivity.java,com.app.hubert.newbieguide.RecyclerViewActivity$Adapter,innerclass,3,3,0,3,2,2,0,1,1,0.0,0.0,0.0,2,0,1,0,1,0,2,0,0,0,0,0,0,0,0,0,0,0,0,8,0,0,0,0,0,0,0,0,0,0,0,0,0,0,7,9,0
c:\Users\arthur.menezes_evolu\Desktop\Pes\NewbieGuide\app\src\main\java\com\app\hubert\newbieguide\ObservableScrollView.java,com.app.hubert.newbieguide.ObservableScrollView,class,4,7,3,4,6,2,0,2,8,0.6,0.0,0.0,5,0,4,0,1,0,5,0,0,0,1,0,0,1,0,0,0,0,0,24,0,0,1,0,0,0,0,2,0,1,1,0,1,0,20,1,0
c:\Users\arthur.menezes_evolu\Desktop\Pes\NewbieGuide\guide\src\main\java\com\app\hubert\guide\model\HighlightOptions.java,com.app.hubert.guide.model.HighlightOptions$Builder,innerclass,5,5,0,5,6,1,0,0,0,0.0,0.0,0.0,6,0,6,0,0,0,6,0,0,0,1,0,0,1,0,0,0,0,0,25,5,0,0,0,0,0,0,5,0,1,0,0,0,0,20,9,0
c:\Users\arthur.menezes_evolu\Desktop\Pes\NewbieGuide\app\src\main\java\com\app\hubert\newbieguide\GridViewActivity.java,com.app.hubert.newbieguide.GridViewActivity$Anonymous1,anonymous,3,3,0,3,1,1,0,10,0,0.0,NaN,NaN,1,0,1,0,0,0,1,0,0,0,0,0,0,0,0,0,0,0,2,6,0,0,0,0,0,1,1,1,0,1,0,0,0,0,6,-1,0
c:\Users\arthur.menezes_evolu\Desktop\Pes\NewbieGuide\app\src\main\java\com\app\hubert\newbieguide\RecyclerViewActivity.java,com.app.hubert.newbieguide.RecyclerViewActivity,class,10,12,2,10,3,3,0,9,1,0.5,0.0,0.0,2,1,1,0,1,0,2,0,0,0,1,0,0,1,0,0,0,0,0,58,0,1,0,0,0,1,2,4,1,4,1,2,1,0,32,1,0
c:\Users\arthur.menezes_evolu\Desktop\Pes\NewbieGuide\guide\src\main\java\com\app\hubert\guide\lifecycle\V4ListenerFragment.java,com.app.hubert.guide.lifecycle.V4ListenerFragment,class,3,4,1,3,9,2,0,9,0,0.0,0.0,0.0,5,0,5,0,0,0,5,0,0,0,1,0,0,0,0,1,0,0,2,24,0,0,4,0,0,2,0,1,0,1,1,0,0,0,16,1,0
c:\Users\arthur.menezes_evolu\Desktop\Pes\NewbieGuide\app\src\main\java\com\app\hubert\newbieguide\RecyclerViewActivity.java,com.app.hubert.newbieguide.RecyclerViewActivity$Anonymous3$Anonymous4,anonymous,3,3,0,3,1,1,0,2,0,0.0,NaN,NaN,1,0,1,0,0,0,1,0,0,0,0,0,0,0,0,0,0,0,0,6,0,0,0,0,0,1,0,1,0,1,0,0,0,0,8,-1,0
c:\Users\arthur.menezes_evolu\Desktop\Pes\NewbieGuide\guide\src\main\java\com\app\hubert\guide\model\HighlightView.java,com.app.hubert.guide.model.HighlightView,class,9,11,2,9,13,1,0,8,6,0.6875,0.0,0.0,8,0,7,1,0,0,7,0,0,0,6,0,0,6,0,0,0,0,3,54,6,0,4,0,0,3,2,13,8,8,1,0,0,0,35,1,0
c:\Users\arthur.menezes_evolu\Desktop\Pes\NewbieGuide\app\src\main\java\com\app\hubert\newbieguide\GridViewActivity.java,com.app.hubert.newbieguide.GridViewActivity,class,8,10,2,8,5,2,0,9,3,0.6666667,0.0,0.0,3,1,2,0,1,0,3,0,0,0,2,0,0,2,0,0,0,0,0,39,1,1,0,0,0,13,3,13,2,12,2,1,0,0,37,1,0
c:\Users\arthur.menezes_evolu\Desktop\Pes\NewbieGuide\app\src\main\java\com\app\hubert\newbieguide\MainActivity.java,com.app.hubert.newbieguide.MainActivity$Anonymous9$Anonymous10,anonymous,2,2,0,2,1,1,0,1,0,0.0,NaN,NaN,1,0,1,0,0,0,1,0,0,0,0,0,0,0,0,0,0,0,0,5,0,0,0,0,0,0,1,0,0,0,0,0,0,0,4,-1,0
c:\Users\arthur.menezes_evolu\Desktop\Pes\NewbieGuide\guide\src\main\java\com\app\hubert\guide\model\HighLight.java,com.app.hubert.guide.model.HighLight,interface,5,10,5,5,5,1,0,0,10,0.0,0.0,0.0,5,0,0,0,0,5,5,0,0,0,0,0,0,0,0,0,0,0,0,8,0,0,0,0,0,0,0,0,0,0,0,0,1,0,31,1,0
c:\Users\arthur.menezes_evolu\Desktop\Pes\NewbieGuide\app\src\main\java\com\app\hubert\newbieguide\FirstActivity.java,com.app.hubert.newbieguide.FirstActivity$Anonymous2$Anonymous3,anonymous,3,3,0,3,1,1,0,2,0,0.0,NaN,NaN,1,0,1,0,0,0,1,0,0,0,0,0,0,0,0,0,0,0,0,6,0,0,0,0,0,1,0,1,0,1,0,0,0,0,9,-1,0
c:\Users\arthur.menezes_evolu\Desktop\Pes\NewbieGuide\guide\src\main\java\com\app\hubert\guide\model\HighlightRectF.java,com.app.hubert.guide.model.HighlightRectF,class,6,7,1,6,7,1,0,3,9,0.67857146,0.0,0.0,7,0,7,0,0,0,7,0,0,0,4,0,0,4,0,0,0,0,1,29,5,0,0,0,0,0,2,4,2,4,0,0,0,0,21,1,0
c:\Users\arthur.menezes_evolu\Desktop\Pes\NewbieGuide\app\src\main\java\com\app\hubert\newbieguide\ScrollViewActivity.java,com.app.hubert.newbieguide.ScrollViewActivity,class,14,16,2,14,2,2,0,14,1,0.5,0.0,0.0,2,1,1,0,1,0,2,0,0,0,1,0,0,1,0,0,0,0,2,26,0,0,0,0,0,1,0,6,0,6,0,1,0,0,34,1,0
c:\Users\arthur.menezes_evolu\Desktop\Pes\NewbieGuide\guide\src\main\java\com\app\hubert\guide\listener\AnimationListenerAdapter.java,com.app.hubert.guide.listener.AnimationListenerAdapter,class,2,3,1,2,3,1,0,0,3,0.0,0.0,0.0,3,0,3,0,0,0,3,0,0,0,0,0,0,0,0,0,0,0,0,8,0,0,0,0,0,0,0,0,0,0,0,0,0,0,11,1025,0
c:\Users\arthur.menezes_evolu\Desktop\Pes\NewbieGuide\guide\src\main\java\com\app\hubert\guide\core\GuideLayout.java,com.app.hubert.guide.core.GuideLayout,class,24,32,8,24,47,2,0,62,70,0.859375,0.0,0.0,16,0,5,9,2,0,7,0,0,0,8,1,2,6,0,0,1,0,2,193,3,4,14,0,1,2,6,28,3,28,4,3,1,0,128,1,0
c:\Users\arthur.menezes_evolu\Desktop\Pes\NewbieGuide\guide\src\main\java\com\app\hubert\guide\core\Controller.java,com.app.hubert.guide.core.Controller,class,19,44,25,19,45,1,0,37,14,0.76923084,0.0,0.0,13,0,8,5,0,0,8,0,0,0,16,1,0,16,0,0,1,0,0,227,4,0,17,1,1,5,9,44,3,35,4,5,0,0,100,1,0
c:\Users\arthur.menezes_evolu\Desktop\Pes\NewbieGuide\guide\src\main\java\com\app\hubert\guide\util\LogUtil.java,com.app.hubert.guide.util.LogUtil,class,1,10,9,1,22,1,0,15,0,0.6666667,0.0,0.0,11,11,10,1,0,0,10,0,0,0,3,3,1,2,0,0,3,0,12,74,1,0,0,0,0,3,3,19,2,16,1,0,0,0,25,1,0
c:\Users\arthur.menezes_evolu\Desktop\Pes\NewbieGuide\app\src\main\java\com\app\hubert\newbieguide\AbcFragment.java,com.app.hubert.newbieguide.AbcFragment$Anonymous1,anonymous,1,1,0,1,2,1,0,1,1,0.0,0.0,0.0,2,0,2,0,0,0,2,0,0,0,0,0,0,0,0,0,0,0,0,7,0,0,0,0,0,2,0,0,0,0,0,0,0,0,5,-1,0
c:\Users\arthur.menezes_evolu\Desktop\Pes\NewbieGuide\guide\src\main\java\com\app\hubert\guide\core\GuideLayout.java,com.app.hubert.guide.core.GuideLayout$OnGuideLayoutDismissListener,interface,1,1,0,1,1,1,0,0,0,0.0,NaN,NaN,1,0,0,0,0,1,1,0,0,0,0,0,0,0,0,0,0,0,0,3,0,0,0,0,0,0,0,0,0,0,0,0,0,0,7,1,0
c:\Users\arthur.menezes_evolu\Desktop\Pes\NewbieGuide\guide\src\main\java\com\app\hubert\guide\listener\OnHighlightDrewListener.java,com.app.hubert.guide.listener.OnHighlightDrewListener,interface,2,7,5,2,1,1,0,0,0,0.0,NaN,NaN,1,0,0,0,0,1,1,0,0,0,0,0,0,0,0,0,0,0,0,3,0,0,0,0,0,0,0,0,0,0,0,0,0,0,12,1,0
c:\Users\arthur.menezes_evolu\Desktop\Pes\NewbieGuide\app\src\main\java\com\app\hubert\newbieguide\ObservableScrollView.java,com.app.hubert.newbieguide.ObservableScrollView$OnScrollChangeListener,interface,1,1,0,1,1,1,0,0,0,0.0,NaN,NaN,1,0,0,0,0,1,1,0,0,0,0,0,0,0,0,0,0,0,0,3,0,0,0,0,0,0,0,0,0,0,0,0,0,0,9,1,0
c:\Users\arthur.menezes_evolu\Desktop\Pes\NewbieGuide\app\src\main\java\com\app\hubert\newbieguide\ScrollViewActivity.java,com.app.hubert.newbieguide.ScrollViewActivity$Anonymous1,anonymous,3,3,0,3,2,1,0,3,0,0.0,NaN,NaN,1,0,1,0,0,0,1,0,0,0,0,0,0,0,0,0,0,0,0,9,0,0,0,0,0,0,0,1,0,1,1,0,0,0,9,-1,0
c:\Users\arthur.menezes_evolu\Desktop\Pes\NewbieGuide\app\src\main\java\com\app\hubert\newbieguide\FirstActivity.java,com.app.hubert.newbieguide.FirstActivity$Anonymous11$Anonymous12,anonymous,3,3,0,3,1,1,0,2,0,0.0,NaN,NaN,1,0,0,0,1,0,1,0,0,0,0,0,0,0,0,0,0,0,0,6,0,0,0,0,0,1,0,1,0,1,0,0,0,0,8,-1,0
c:\Users\arthur.menezes_evolu\Desktop\Pes\NewbieGuide\app\src\main\java\com\app\hubert\newbieguide\FirstActivity.java,com.app.hubert.newbieguide.FirstActivity$Anonymous11$Anonymous13,anonymous,1,1,0,1,1,1,0,2,0,0.0,NaN,NaN,1,0,1,0,0,0,1,0,0,0,0,0,0,0,0,0,0,0,0,5,0,0,0,0,0,1,0,0,0,0,0,0,0,0,4,-1,0
c:\Users\arthur.menezes_evolu\Desktop\Pes\NewbieGuide\guide\src\main\java\com\app\hubert\guide\model\HighLight.java,com.app.hubert.guide.model.HighLight$Shape,enum,0,0,0,0,0,1,0,0,0,0.0,-1.0,-1.0,0,0,0,0,0,0,0,0,0,0,0,0,0,0,0,0,0,0,0,1,0,0,0,0,0,0,0,0,0,0,0,0,0,0,14,1,0
c:\Users\arthur.menezes_evolu\Desktop\Pes\NewbieGuide\app\src\main\java\com\app\hubert\newbieguide\TestFragmentActivity.java,com.app.hubert.newbieguide.TestFragmentActivity$Anonymous2,anonymous,1,1,0,1,1,1,0,5,0,0.0,NaN,NaN,1,0,1,0,0,0,1,0,0,0,0,0,0,0,0,0,0,0,0,5,0,0,0,0,0,1,0,0,0,0,0,0,0,0,8,-1,0
c:\Users\arthur.menezes_evolu\Desktop\Pes\NewbieGuide\app\src\main\java\com\app\hubert\newbieguide\MainActivity.java,com.app.hubert.newbieguide.MainActivity$Anonymous7,anonymous,2,2,0,2,1,1,0,2,0,0.0,NaN,NaN,1,0,1,0,0,0,1,0,0,0,0,0,0,0,0,0,0,0,0,10,0,0,0,0,0,0,0,0,0,0,0,1,0,0,6,-1,0
c:\Users\arthur.menezes_evolu\Desktop\Pes\NewbieGuide\app\src\main\java\com\app\hubert\newbieguide\FirstActivity.java,com.app.hubert.newbieguide.FirstActivity,class,4,4,0,4,1,2,0,4,0,0.0,NaN,NaN,1,0,0,0,1,0,1,0,0,0,0,0,0,0,0,0,0,0,0,104,0,0,0,0,0,0,0,6,0,6,0,9,0,0,24,1,0
c:\Users\arthur.menezes_evolu\Desktop\Pes\NewbieGuide\app\src\main\java\com\app\hubert\newbieguide\MainActivity.java,com.app.hubert.newbieguide.MainActivity$Anonymous9,anonymous,2,2,0,2,1,1,0,2,0,0.0,NaN,NaN,1,0,1,0,0,0,1,0,0,0,0,0,0,0,0,0,0,0,0,10,0,0,0,0,0,0,0,0,0,0,0,1,0,0,6,-1,0
c:\Users\arthur.menezes_evolu\Desktop\Pes\NewbieGuide\app\src\main\java\com\app\hubert\newbieguide\TestFragmentActivity.java,com.app.hubert.newbieguide.TestFragmentActivity$Anonymous1,anonymous,1,1,0,1,1,1,0,5,0,0.0,NaN,NaN,1,0,1,0,0,0,1,0,0,0,0,0,0,0,0,0,0,0,0,5,0,0,0,0,0,1,0,0,0,0,0,0,0,0,8,-1,0
c:\Users\arthur.menezes_evolu\Desktop\Pes\NewbieGuide\guide\src\main\java\com\app\hubert\guide\lifecycle\ListenerFragment.java,com.app.hubert.guide.lifecycle.ListenerFragment,class,3,4,1,3,9,2,0,9,0,0.0,0.0,0.0,5,0,5,0,0,0,5,0,0,0,1,0,0,0,0,1,0,0,2,24,0,0,4,0,0,2,0,1,0,1,1,0,0,0,12,1,0
c:\Users\arthur.menezes_evolu\Desktop\Pes\NewbieGuide\app\src\main\java\com\app\hubert\newbieguide\MainActivity.java,com.app.hubert.newbieguide.MainActivity$Anonymous4,anonymous,0,0,0,0,1,1,0,2,0,0.0,NaN,NaN,1,0,1,0,0,0,1,0,0,0,0,0,0,0,0,0,0,0,0,5,0,0,0,0,0,1,0,0,1,0,0,0,0,0,4,-1,0
c:\Users\arthur.menezes_evolu\Desktop\Pes\NewbieGuide\app\src\main\java\com\app\hubert\newbieguide\MainActivity.java,com.app.hubert.newbieguide.MainActivity$Anonymous3,anonymous,1,1,0,1,2,1,0,1,1,0.0,0.0,0.0,2,0,2,0,0,0,2,0,0,0,0,0,0,0,0,0,0,0,0,8,0,0,0,0,0,2,0,0,0,0,0,0,0,0,5,-1,0
c:\Users\arthur.menezes_evolu\Desktop\Pes\NewbieGuide\app\src\main\java\com\app\hubert\newbieguide\MainActivity.java,com.app.hubert.newbieguide.MainActivity,class,16,18,2,16,2,2,0,28,1,1.0,0.0,0.0,2,1,1,0,1,0,2,0,0,0,1,0,0,1,0,0,1,0,4,78,0,0,0,0,0,1,8,8,0,8,0,8,0,0,47,1,0
c:\Users\arthur.menezes_evolu\Desktop\Pes\NewbieGuide\app\src\main\java\com\app\hubert\newbieguide\MainActivity.java,com.app.hubert.newbieguide.MainActivity$Anonymous6,anonymous,3,3,0,3,1,1,0,2,0,0.0,NaN,NaN,1,0,1,0,0,0,1,0,0,0,0,0,0,0,0,0,0,0,0,6,0,0,0,0,0,1,0,1,0,1,0,0,0,0,8,-1,0
c:\Users\arthur.menezes_evolu\Desktop\Pes\NewbieGuide\app\src\main\java\com\app\hubert\newbieguide\MainActivity.java,com.app.hubert.newbieguide.MainActivity$Anonymous5,anonymous,3,3,0,3,1,1,0,0,0,0.0,NaN,NaN,1,0,0,0,1,0,1,0,0,0,0,0,0,0,0,0,0,0,0,5,0,0,0,0,0,0,1,1,0,0,0,0,0,0,6,-1,0
c:\Users\arthur.menezes_evolu\Desktop\Pes\NewbieGuide\guide\src\main\java\com\app\hubert\guide\listener\OnLayoutInflatedListener.java,com.app.hubert.guide.listener.OnLayoutInflatedListener,interface,2,8,6,2,1,1,0,0,0,0.0,NaN,NaN,1,0,0,0,0,1,1,0,0,0,0,0,0,0,0,0,0,0,0,3,0,0,0,0,0,0,0,0,0,0,0,0,0,0,12,1,0
c:\Users\arthur.menezes_evolu\Desktop\Pes\NewbieGuide\guide\src\main\java\com\app\hubert\guide\util\ViewUtils.java,com.app.hubert.guide.util.ViewUtils,class,8,9,1,8,13,1,0,13,0,0.0,NaN,NaN,1,1,1,0,0,0,1,0,0,0,1,1,0,1,0,0,1,0,4,51,2,1,7,0,2,7,0,19,6,10,2,0,0,0,51,1,0
c:\Users\arthur.menezes_evolu\Desktop\Pes\NewbieGuide\guide\src\main\java\com\app\hubert\guide\model\RelativeGuide.java,com.app.hubert.guide.model.RelativeGuide$MarginInfo,innerclass,0,0,0,0,1,1,0,0,0,0.0,NaN,NaN,1,0,1,0,0,0,1,0,0,0,5,0,5,0,0,0,0,0,0,10,1,0,0,0,0,6,0,0,2,5,0,0,0,0,9,9,0
c:\Users\arthur.menezes_evolu\Desktop\Pes\NewbieGuide\app\src\main\java\com\app\hubert\newbieguide\FirstActivity.java,com.app.hubert.newbieguide.FirstActivity$Anonymous8,anonymous,2,2,0,2,1,1,0,1,0,0.0,NaN,NaN,1,0,1,0,0,0,1,0,0,0,0,0,0,0,0,0,0,0,1,5,0,0,0,0,0,0,0,0,0,0,0,0,0,0,4,-1,0
c:\Users\arthur.menezes_evolu\Desktop\Pes\NewbieGuide\app\src\main\java\com\app\hubert\newbieguide\App.java,com.app.hubert.newbieguide.App,class,3,4,1,3,4,2,0,3,0,0.33333334,0.0,0.0,3,1,3,0,0,0,3,0,0,0,2,1,0,2,0,0,0,0,0,18,3,0,0,0,0,0,0,2,0,2,1,0,0,0,13,1,0
c:\Users\arthur.menezes_evolu\Desktop\Pes\NewbieGuide\app\src\main\java\com\app\hubert\newbieguide\FirstActivity.java,com.app.hubert.newbieguide.FirstActivity$Anonymous9,anonymous,2,2,0,2,1,1,0,1,0,0.0,NaN,NaN,1,0,1,0,0,0,1,0,0,0,0,0,0,0,0,0,0,0,1,5,0,0,0,0,0,0,0,0,0,0,0,0,0,0,4,-1,0
c:\Users\arthur.menezes_evolu\Desktop\Pes\NewbieGuide\app\src\main\java\com\app\hubert\newbieguide\FirstActivity.java,com.app.hubert.newbieguide.FirstActivity$Anonymous6,anonymous,4,4,0,4,1,1,0,8,0,0.0,NaN,NaN,1,0,1,0,0,0,1,0,0,0,0,0,0,0,0,0,0,0,2,13,0,0,0,0,0,1,0,0,0,0,0,1,0,0,10,-1,0
c:\Users\arthur.menezes_evolu\Desktop\Pes\NewbieGuide\guide\src\main\java\com\app\hubert\guide\model\HighlightOptions.java,com.app.hubert.guide.model.HighlightOptions,class,3,12,9,3,0,1,0,0,0,NaN,-1.0,-1.0,0,0,0,0,0,0,0,0,0,0,4,0,4,0,0,0,0,0,0,31,0,0,0,0,0,0,0,0,0,4,0,0,1,0,17,1,0
c:\Users\arthur.menezes_evolu\Desktop\Pes\NewbieGuide\app\src\main\java\com\app\hubert\newbieguide\FirstActivity.java,com.app.hubert.newbieguide.FirstActivity$Anonymous10,anonymous,2,2,0,2,1,1,0,1,0,0.0,NaN,NaN,1,0,1,0,0,0,1,0,0,0,0,0,0,0,0,0,0,0,1,5,0,0,0,0,0,0,0,0,0,0,0,0,0,0,4,-1,0
c:\Users\arthur.menezes_evolu\Desktop\Pes\NewbieGuide\app\src\main\java\com\app\hubert\newbieguide\FirstActivity.java,com.app.hubert.newbieguide.FirstActivity$Anonymous6$Anonymous7,anonymous,1,1,0,1,2,1,0,2,1,0.0,0.0,0.0,2,0,2,0,0,0,2,0,0,0,0,0,0,0,0,0,0,0,0,8,0,0,0,0,0,2,0,0,0,0,0,0,0,0,5,-1,0
c:\Users\arthur.menezes_evolu\Desktop\Pes\NewbieGuide\app\src\main\java\com\app\hubert\newbieguide\TestFragmentActivity.java,com.app.hubert.newbieguide.TestFragmentActivity,class,10,12,2,10,2,2,0,6,1,1.0,0.0,0.0,2,1,1,0,1,0,2,0,0,0,2,0,0,0,0,2,0,0,2,26,0,0,0,0,0,2,0,5,0,5,0,2,0,0,30,1,0
c:\Users\arthur.menezes_evolu\Desktop\Pes\NewbieGuide\app\src\main\java\com\app\hubert\newbieguide\FirstActivity.java,com.app.hubert.newbieguide.FirstActivity$Anonymous11,anonymous,6,6,0,6,1,1,0,10,0,0.0,NaN,NaN,1,0,1,0,0,0,1,0,0,0,0,0,0,0,0,0,0,0,2,18,0,0,0,0,0,1,1,2,0,2,0,2,0,0,12,-1,0
c:\Users\arthur.menezes_evolu\Desktop\Pes\NewbieGuide\app\src\main\java\com\app\hubert\newbieguide\FirstActivity.java,com.app.hubert.newbieguide.FirstActivity$Anonymous14,anonymous,4,4,0,4,1,1,0,7,0,0.0,NaN,NaN,1,0,1,0,0,0,1,0,0,0,0,0,0,0,0,0,0,0,2,5,0,0,0,0,0,1,4,0,0,0,0,0,0,0,7,-1,0
c:\Users\arthur.menezes_evolu\Desktop\Pes\NewbieGuide\app\src\main\java\com\app\hubert\newbieguide\RecyclerViewActivity.java,com.app.hubert.newbieguide.RecyclerViewActivity$Anonymous3,anonymous,3,3,0,3,1,1,0,10,0,0.0,NaN,NaN,1,0,1,0,0,0,1,0,0,0,0,0,0,0,0,0,0,0,2,11,0,0,0,0,0,1,1,0,0,0,0,1,0,0,6,-1,0
c:\Users\arthur.menezes_evolu\Desktop\Pes\NewbieGuide\app\src\main\java\com\app\hubert\newbieguide\MainActivity.java,com.app.hubert.newbieguide.MainActivity$Anonymous2,anonymous,2,2,0,2,1,1,0,1,0,0.0,NaN,NaN,1,0,1,0,0,0,1,0,0,0,0,0,0,0,0,0,0,0,1,5,0,0,0,0,0,0,0,0,0,0,0,0,0,0,4,-1,0
c:\Users\arthur.menezes_evolu\Desktop\Pes\NewbieGuide\app\src\main\java\com\app\hubert\newbieguide\MainActivity.java,com.app.hubert.newbieguide.MainActivity$Anonymous1,anonymous,2,2,0,2,1,1,0,1,0,0.0,NaN,NaN,1,0,1,0,0,0,1,0,0,0,0,0,0,0,0,0,0,0,1,5,0,0,0,0,0,0,0,0,0,0,0,0,0,0,4,-1,0
c:\Users\arthur.menezes_evolu\Desktop\Pes\NewbieGuide\app\src\main\java\com\app\hubert\newbieguide\RecyclerViewActivity.java,com.app.hubert.newbieguide.RecyclerViewActivity$Anonymous1,anonymous,4,4,0,4,4,1,0,13,0,0.0,NaN,NaN,1,0,1,0,0,0,1,0,0,0,0,0,0,0,0,0,0,0,2,19,0,0,1,0,0,1,1,3,0,3,2,1,0,0,18,-1,0
