file,class,method,constructor,line,cbo,cboModified,fanin,fanout,wmc,rfc,loc,returnsQty,variablesQty,parametersQty,methodsInvokedQty,methodsInvokedLocalQty,methodsInvokedIndirectLocalQty,loopQty,comparisonsQty,tryCatchQty,parenthesizedExpsQty,stringLiteralsQty,numbersQty,assignmentsQty,mathOperationsQty,maxNestedBlocksQty,anonymousClassesQty,innerClassesQty,lambdasQty,uniqueWordsQty,modifiers,logStatementsQty,hasJavaDoc
c:\Users\arthur.menezes_evolu\Desktop\Pes\NewbieGuide\app\src\main\java\com\app\hubert\newbieguide\AbcFragment.java,com.app.hubert.newbieguide.AbcFragment,onCreate/1[com.app.hubert.newbieguide.Bundle],false,37,2,0,0,0,2,3,7,0,1,1,3,0,0,0,1,0,0,1,0,2,0,1,0,0,0,11,1,0,false
c:\Users\arthur.menezes_evolu\Desktop\Pes\NewbieGuide\app\src\main\java\com\app\hubert\newbieguide\AbcFragment.java,com.app.hubert.newbieguide.AbcFragment,"onCreateView/3[com.app.hubert.newbieguide.LayoutInflater,com.app.hubert.newbieguide.ViewGroup,com.app.hubert.newbieguide.Bundle]",false,47,5,0,0,0,1,1,3,1,0,3,1,0,0,0,0,0,0,0,0,0,0,0,0,0,0,10,1,0,false
c:\Users\arthur.menezes_evolu\Desktop\Pes\NewbieGuide\app\src\main\java\com\app\hubert\newbieguide\AbcFragment.java,com.app.hubert.newbieguide.AbcFragment,"onViewCreated/2[com.app.hubert.newbieguide.View,com.app.hubert.newbieguide.Bundle]",false,52,7,4,0,4,2,12,14,0,1,2,12,0,0,0,0,0,0,3,0,1,1,1,1,0,0,18,1,0,false
c:\Users\arthur.menezes_evolu\Desktop\Pes\NewbieGuide\app\src\main\java\com\app\hubert\newbieguide\AbcFragment.java,com.app.hubert.newbieguide.AbcFragment,newInstance/1[java.lang.String],false,28,2,1,0,1,1,2,7,1,2,1,2,0,0,0,0,0,0,1,0,2,0,0,0,0,0,8,9,0,false
c:\Users\arthur.menezes_evolu\Desktop\Pes\NewbieGuide\app\src\main\java\com\app\hubert\newbieguide\MainActivity.java,com.app.hubert.newbieguide.MainActivity$Anonymous7$Anonymous8,onClick/1[com.app.hubert.newbieguide.View],false,123,2,19,0,19,1,1,3,0,0,1,1,0,0,0,0,0,0,0,0,0,0,0,0,0,0,4,1,0,false
c:\Users\arthur.menezes_evolu\Desktop\Pes\NewbieGuide\guide\src\main\java\com\app\hubert\guide\NewbieGuide.java,com.app.hubert.guide.NewbieGuide,"resetLabel/2[com.app.hubert.guide.Context,java.lang.String]",false,53,2,0,0,0,1,4,4,0,1,2,4,0,0,0,0,0,0,0,1,1,0,0,0,0,0,8,9,0,true
c:\Users\arthur.menezes_evolu\Desktop\Pes\NewbieGuide\guide\src\main\java\com\app\hubert\guide\NewbieGuide.java,com.app.hubert.guide.NewbieGuide,with/1[android.support.v4.app.Fragment],false,43,2,1,0,1,1,0,3,1,0,1,0,0,0,0,0,0,0,0,0,0,0,0,0,0,0,4,9,0,false
c:\Users\arthur.menezes_evolu\Desktop\Pes\NewbieGuide\guide\src\main\java\com\app\hubert\guide\NewbieGuide.java,com.app.hubert.guide.NewbieGuide,with/1[com.app.hubert.guide.Fragment],false,39,2,1,0,1,1,0,3,1,0,1,0,0,0,0,0,0,0,0,0,0,0,0,0,0,0,4,9,0,false
c:\Users\arthur.menezes_evolu\Desktop\Pes\NewbieGuide\guide\src\main\java\com\app\hubert\guide\NewbieGuide.java,com.app.hubert.guide.NewbieGuide,with/1[com.app.hubert.guide.Activity],false,35,2,7,6,1,1,0,3,1,0,1,0,0,0,0,0,0,0,0,0,0,0,0,0,0,0,4,9,0,true
c:\Users\arthur.menezes_evolu\Desktop\Pes\NewbieGuide\guide\src\main\java\com\app\hubert\guide\core\Controller.java,com.app.hubert.guide.core.Controller$Anonymous5,onDestroyView/0,false,273,2,2,0,2,1,2,4,0,0,0,2,0,0,0,0,0,0,1,0,0,0,0,0,0,0,4,1,0,false
c:\Users\arthur.menezes_evolu\Desktop\Pes\NewbieGuide\app\src\main\java\com\app\hubert\newbieguide\FirstActivity.java,com.app.hubert.newbieguide.FirstActivity$Anonymous1,onClick/1[com.app.hubert.newbieguide.View],false,41,4,19,0,19,1,9,3,0,0,1,9,0,0,0,0,0,0,1,4,0,0,0,0,0,0,9,1,0,false
c:\Users\arthur.menezes_evolu\Desktop\Pes\NewbieGuide\guide\src\main\java\com\app\hubert\guide\core\Controller.java,com.app.hubert.guide.core.Controller$Anonymous4,onDestroyView/0,false,257,2,2,0,2,1,2,4,0,0,0,2,0,0,0,0,0,0,1,0,0,0,0,0,0,0,4,1,0,false
c:\Users\arthur.menezes_evolu\Desktop\Pes\NewbieGuide\app\src\main\java\com\app\hubert\newbieguide\RecyclerViewActivity.java,com.app.hubert.newbieguide.RecyclerViewActivity$Anonymous1$Anonymous2,"onLayoutInflated/2[com.app.hubert.newbieguide.View,com.app.hubert.guide.core.Controller]",false,66,3,0,0,0,1,2,4,0,1,2,2,0,0,0,0,0,0,1,0,1,0,0,0,0,0,7,1,0,false
c:\Users\arthur.menezes_evolu\Desktop\Pes\NewbieGuide\guide\src\main\java\com\app\hubert\guide\model\GuidePage.java,com.app.hubert.guide.model.GuidePage,getEnterAnimation/0,false,240,1,1,1,0,1,0,3,1,0,0,0,0,0,0,0,0,0,0,0,0,0,0,0,0,0,4,1,0,false
c:\Users\arthur.menezes_evolu\Desktop\Pes\NewbieGuide\guide\src\main\java\com\app\hubert\guide\model\GuidePage.java,com.app.hubert.guide.model.GuidePage,"addHighLight/2[com.app.hubert.guide.model.RectF,com.app.hubert.guide.model.HighLight.Shape]",false,91,3,1,0,1,1,1,3,1,0,2,1,1,2,0,0,0,0,0,1,0,0,0,0,0,0,8,1,0,false
c:\Users\arthur.menezes_evolu\Desktop\Pes\NewbieGuide\guide\src\main\java\com\app\hubert\guide\model\GuidePage.java,com.app.hubert.guide.model.GuidePage,isEverywhereCancelable/0,false,212,0,1,1,0,1,0,3,1,0,0,0,0,0,0,0,0,0,0,0,0,0,0,0,0,0,4,1,0,false
c:\Users\arthur.menezes_evolu\Desktop\Pes\NewbieGuide\guide\src\main\java\com\app\hubert\guide\model\GuidePage.java,com.app.hubert.guide.model.GuidePage,"addHighLight/3[com.app.hubert.guide.model.RectF,com.app.hubert.guide.model.HighLight.Shape,int]",false,99,3,1,0,1,1,1,3,1,0,3,1,1,2,0,0,0,0,0,0,0,0,0,0,0,0,8,1,0,false
c:\Users\arthur.menezes_evolu\Desktop\Pes\NewbieGuide\guide\src\main\java\com\app\hubert\guide\model\GuidePage.java,com.app.hubert.guide.model.GuidePage,"setLayoutRes/2[int,int[]]",false,167,3,0,0,0,1,0,5,1,0,2,0,0,0,0,0,0,0,0,0,2,0,0,0,0,0,12,1,0,true
c:\Users\arthur.menezes_evolu\Desktop\Pes\NewbieGuide\guide\src\main\java\com\app\hubert\guide\model\GuidePage.java,com.app.hubert.guide.model.GuidePage,getHighLights/0,false,220,1,2,2,0,1,0,3,1,0,0,0,0,0,0,0,0,0,0,0,0,0,0,0,0,0,4,1,0,false
c:\Users\arthur.menezes_evolu\Desktop\Pes\NewbieGuide\guide\src\main\java\com\app\hubert\guide\model\GuidePage.java,com.app.hubert.guide.model.GuidePage,"addHighLight/5[com.app.hubert.guide.model.View,com.app.hubert.guide.model.HighLight.Shape,int,int,com.app.hubert.guide.model.RelativeGuide]",false,73,7,11,6,5,2,4,9,1,1,5,4,0,0,0,1,0,0,0,0,2,0,1,0,0,0,15,1,0,true
c:\Users\arthur.menezes_evolu\Desktop\Pes\NewbieGuide\guide\src\main\java\com\app\hubert\guide\model\GuidePage.java,com.app.hubert.guide.model.GuidePage,"addHighLight/2[com.app.hubert.guide.model.RectF,com.app.hubert.guide.model.RelativeGuide]",false,87,3,1,0,1,1,1,3,1,0,2,1,1,2,0,0,0,0,0,1,0,0,0,0,0,0,8,1,0,false
c:\Users\arthur.menezes_evolu\Desktop\Pes\NewbieGuide\guide\src\main\java\com\app\hubert\guide\model\GuidePage.java,com.app.hubert.guide.model.GuidePage,setBackgroundColor/1[int],false,181,2,0,0,0,1,0,4,1,0,1,0,0,0,0,0,0,0,0,0,1,0,0,0,0,0,6,1,0,true
c:\Users\arthur.menezes_evolu\Desktop\Pes\NewbieGuide\guide\src\main\java\com\app\hubert\guide\model\GuidePage.java,com.app.hubert.guide.model.GuidePage,addHighLight/1[com.app.hubert.guide.model.RectF],false,83,2,1,0,1,1,1,3,1,0,1,1,1,2,0,0,0,0,0,1,0,0,0,0,0,0,8,1,0,false
c:\Users\arthur.menezes_evolu\Desktop\Pes\NewbieGuide\guide\src\main\java\com\app\hubert\guide\model\GuidePage.java,com.app.hubert.guide.model.GuidePage,"addHighLightWithOptions/3[com.app.hubert.guide.model.View,com.app.hubert.guide.model.HighLight.Shape,com.app.hubert.guide.model.HighlightOptions]",false,125,4,2,1,1,1,1,3,1,0,3,1,1,1,0,0,0,0,0,2,0,0,0,0,0,0,9,1,0,false
c:\Users\arthur.menezes_evolu\Desktop\Pes\NewbieGuide\guide\src\main\java\com\app\hubert\guide\model\GuidePage.java,com.app.hubert.guide.model.GuidePage,getLayoutResId/0,false,228,0,1,1,0,1,0,3,1,0,0,0,0,0,0,0,0,0,0,0,0,0,0,0,0,0,5,1,0,false
c:\Users\arthur.menezes_evolu\Desktop\Pes\NewbieGuide\guide\src\main\java\com\app\hubert\guide\model\GuidePage.java,com.app.hubert.guide.model.GuidePage,setEnterAnimation/1[com.app.hubert.guide.model.Animation],false,199,2,0,0,0,1,0,4,1,0,1,0,0,0,0,0,0,0,0,0,1,0,0,0,0,0,6,1,0,true
c:\Users\arthur.menezes_evolu\Desktop\Pes\NewbieGuide\guide\src\main\java\com\app\hubert\guide\model\GuidePage.java,com.app.hubert.guide.model.GuidePage,getBackgroundColor/0,false,224,0,1,1,0,1,0,3,1,0,0,0,0,0,0,0,0,0,0,0,0,0,0,0,0,0,4,1,0,false
c:\Users\arthur.menezes_evolu\Desktop\Pes\NewbieGuide\guide\src\main\java\com\app\hubert\guide\model\GuidePage.java,com.app.hubert.guide.model.GuidePage,setOnLayoutInflatedListener/1[com.app.hubert.guide.listener.OnLayoutInflatedListener],false,191,2,0,0,0,1,0,4,1,0,1,0,0,0,0,0,0,0,0,0,1,0,0,0,0,0,9,1,0,true
c:\Users\arthur.menezes_evolu\Desktop\Pes\NewbieGuide\guide\src\main\java\com\app\hubert\guide\model\GuidePage.java,com.app.hubert.guide.model.GuidePage,getOnLayoutInflatedListener/0,false,236,1,1,1,0,1,0,3,1,0,0,0,0,0,0,0,0,0,0,0,0,0,0,0,0,0,6,1,0,false
c:\Users\arthur.menezes_evolu\Desktop\Pes\NewbieGuide\guide\src\main\java\com\app\hubert\guide\model\GuidePage.java,com.app.hubert.guide.model.GuidePage,newInstance/0,false,35,1,7,6,1,1,0,3,1,0,0,0,0,0,0,0,0,0,0,0,0,0,0,0,0,0,4,9,0,false
c:\Users\arthur.menezes_evolu\Desktop\Pes\NewbieGuide\guide\src\main\java\com\app\hubert\guide\model\GuidePage.java,com.app.hubert.guide.model.GuidePage,"addHighLightWithOptions/3[com.app.hubert.guide.model.RectF,com.app.hubert.guide.model.HighLight.Shape,com.app.hubert.guide.model.HighlightOptions]",false,145,4,1,0,1,1,1,3,1,0,3,1,1,1,0,0,0,0,0,1,0,0,0,0,0,0,10,1,0,false
c:\Users\arthur.menezes_evolu\Desktop\Pes\NewbieGuide\guide\src\main\java\com\app\hubert\guide\model\GuidePage.java,com.app.hubert.guide.model.GuidePage,addHighLight/1[com.app.hubert.guide.model.View],false,39,2,5,4,1,1,1,3,1,0,1,1,1,1,0,0,0,0,0,2,0,0,0,0,0,0,7,1,0,false
c:\Users\arthur.menezes_evolu\Desktop\Pes\NewbieGuide\guide\src\main\java\com\app\hubert\guide\model\GuidePage.java,com.app.hubert.guide.model.GuidePage,setExitAnimation/1[com.app.hubert.guide.model.Animation],false,207,2,0,0,0,1,0,4,1,0,1,0,0,0,0,0,0,0,0,0,1,0,0,0,0,0,6,1,0,true
c:\Users\arthur.menezes_evolu\Desktop\Pes\NewbieGuide\guide\src\main\java\com\app\hubert\guide\model\GuidePage.java,com.app.hubert.guide.model.GuidePage,getRelativeGuides/0,false,248,3,2,1,1,4,2,12,1,2,0,2,0,0,1,2,0,0,0,0,2,0,3,0,0,0,12,1,0,false
c:\Users\arthur.menezes_evolu\Desktop\Pes\NewbieGuide\guide\src\main\java\com\app\hubert\guide\model\GuidePage.java,com.app.hubert.guide.model.GuidePage,"addHighLight/3[com.app.hubert.guide.model.RectF,com.app.hubert.guide.model.HighLight.Shape,com.app.hubert.guide.model.RelativeGuide]",false,95,4,1,0,1,1,1,3,1,0,3,1,1,2,0,0,0,0,0,1,0,0,0,0,0,0,8,1,0,false
c:\Users\arthur.menezes_evolu\Desktop\Pes\NewbieGuide\guide\src\main\java\com\app\hubert\guide\model\GuidePage.java,com.app.hubert.guide.model.GuidePage,"addHighLightWithOptions/5[com.app.hubert.guide.model.View,com.app.hubert.guide.model.HighLight.Shape,int,int,com.app.hubert.guide.model.HighlightOptions]",false,129,5,4,2,2,3,2,11,1,1,5,2,0,0,0,2,0,0,0,0,2,0,2,0,0,0,12,1,0,false
c:\Users\arthur.menezes_evolu\Desktop\Pes\NewbieGuide\guide\src\main\java\com\app\hubert\guide\model\GuidePage.java,com.app.hubert.guide.model.GuidePage,getClickToDismissIds/0,false,232,1,1,1,0,1,0,3,1,0,0,0,0,0,0,0,0,0,0,0,0,0,0,0,0,0,6,1,0,false
c:\Users\arthur.menezes_evolu\Desktop\Pes\NewbieGuide\guide\src\main\java\com\app\hubert\guide\model\GuidePage.java,com.app.hubert.guide.model.GuidePage,"addHighLight/4[com.app.hubert.guide.model.RectF,com.app.hubert.guide.model.HighLight.Shape,int,com.app.hubert.guide.model.RelativeGuide]",false,111,6,5,0,5,2,4,9,1,1,4,4,0,0,0,1,0,0,0,0,2,0,1,0,0,0,14,1,0,true
c:\Users\arthur.menezes_evolu\Desktop\Pes\NewbieGuide\guide\src\main\java\com\app\hubert\guide\model\GuidePage.java,com.app.hubert.guide.model.GuidePage,"addHighLightWithOptions/2[com.app.hubert.guide.model.RectF,com.app.hubert.guide.model.HighlightOptions]",false,141,3,1,0,1,1,1,3,1,0,2,1,1,1,0,0,0,0,0,1,0,0,0,0,0,0,10,1,0,false
c:\Users\arthur.menezes_evolu\Desktop\Pes\NewbieGuide\guide\src\main\java\com\app\hubert\guide\model\GuidePage.java,com.app.hubert.guide.model.GuidePage,setEverywhereCancelable/1[boolean],false,173,1,0,0,0,1,0,4,1,0,1,0,0,0,0,0,0,0,0,0,1,0,0,0,0,0,6,1,0,false
c:\Users\arthur.menezes_evolu\Desktop\Pes\NewbieGuide\guide\src\main\java\com\app\hubert\guide\model\GuidePage.java,com.app.hubert.guide.model.GuidePage,"addHighLight/2[com.app.hubert.guide.model.View,com.app.hubert.guide.model.HighLight.Shape]",false,47,3,3,2,1,1,1,3,1,0,2,1,1,1,0,0,0,0,0,2,0,0,0,0,0,0,7,1,0,false
c:\Users\arthur.menezes_evolu\Desktop\Pes\NewbieGuide\guide\src\main\java\com\app\hubert\guide\model\GuidePage.java,com.app.hubert.guide.model.GuidePage,"addHighLight/4[com.app.hubert.guide.model.View,com.app.hubert.guide.model.HighLight.Shape,int,com.app.hubert.guide.model.RelativeGuide]",false,59,4,6,5,1,1,1,3,1,0,4,1,1,1,0,0,0,0,0,1,0,0,0,0,0,0,7,1,0,false
c:\Users\arthur.menezes_evolu\Desktop\Pes\NewbieGuide\guide\src\main\java\com\app\hubert\guide\model\GuidePage.java,com.app.hubert.guide.model.GuidePage,"addHighLight/3[com.app.hubert.guide.model.View,com.app.hubert.guide.model.HighLight.Shape,com.app.hubert.guide.model.RelativeGuide]",false,51,4,1,0,1,1,1,3,1,0,3,1,1,1,0,0,0,0,0,2,0,0,0,0,0,0,7,1,0,false
c:\Users\arthur.menezes_evolu\Desktop\Pes\NewbieGuide\guide\src\main\java\com\app\hubert\guide\model\GuidePage.java,com.app.hubert.guide.model.GuidePage,"addHighLight/2[com.app.hubert.guide.model.View,com.app.hubert.guide.model.RelativeGuide]",false,43,3,1,0,1,1,1,3,1,0,2,1,1,1,0,0,0,0,0,2,0,0,0,0,0,0,7,1,0,false
c:\Users\arthur.menezes_evolu\Desktop\Pes\NewbieGuide\guide\src\main\java\com\app\hubert\guide\model\GuidePage.java,com.app.hubert.guide.model.GuidePage,"addHighLightWithOptions/4[com.app.hubert.guide.model.RectF,com.app.hubert.guide.model.HighLight.Shape,int,com.app.hubert.guide.model.HighlightOptions]",false,149,5,4,2,2,3,2,11,1,1,4,2,0,0,0,2,0,0,0,0,2,0,2,0,0,0,13,1,0,false
c:\Users\arthur.menezes_evolu\Desktop\Pes\NewbieGuide\guide\src\main\java\com\app\hubert\guide\model\GuidePage.java,com.app.hubert.guide.model.GuidePage,isEmpty/0,false,216,0,0,0,0,3,1,3,1,0,0,1,0,0,0,2,0,0,0,2,0,0,0,0,0,0,5,1,0,false
c:\Users\arthur.menezes_evolu\Desktop\Pes\NewbieGuide\guide\src\main\java\com\app\hubert\guide\model\GuidePage.java,com.app.hubert.guide.model.GuidePage,getExitAnimation/0,false,244,1,1,1,0,1,0,3,1,0,0,0,0,0,0,0,0,0,0,0,0,0,0,0,0,0,4,1,0,false
c:\Users\arthur.menezes_evolu\Desktop\Pes\NewbieGuide\guide\src\main\java\com\app\hubert\guide\model\GuidePage.java,com.app.hubert.guide.model.GuidePage,"addHighLightWithOptions/2[com.app.hubert.guide.model.View,com.app.hubert.guide.model.HighlightOptions]",false,121,3,3,2,1,1,1,3,1,0,2,1,1,1,0,0,0,0,0,2,0,0,0,0,0,0,9,1,0,false
c:\Users\arthur.menezes_evolu\Desktop\Pes\NewbieGuide\guide\src\main\java\com\app\hubert\guide\model\GuidePage.java,com.app.hubert.guide.model.GuidePage,"addHighLight/3[com.app.hubert.guide.model.View,com.app.hubert.guide.model.HighLight.Shape,int]",false,55,3,2,1,1,1,1,3,1,0,3,1,1,1,0,0,0,0,0,1,0,0,0,0,0,0,7,1,0,false
c:\Users\arthur.menezes_evolu\Desktop\Pes\NewbieGuide\app\src\main\java\com\app\hubert\newbieguide\FirstActivity.java,com.app.hubert.newbieguide.FirstActivity$Anonymous4,onClick/1[com.app.hubert.newbieguide.View],false,81,6,19,0,19,1,11,14,0,1,1,11,0,0,0,0,0,0,1,0,1,0,0,1,0,0,21,1,0,false
c:\Users\arthur.menezes_evolu\Desktop\Pes\NewbieGuide\guide\src\main\java\com\app\hubert\guide\core\Builder.java,com.app.hubert.guide.core.Builder,setShowCounts/1[int],false,57,1,0,0,0,1,0,4,1,0,1,0,0,0,0,0,0,0,0,0,1,0,0,0,0,0,5,1,0,true
c:\Users\arthur.menezes_evolu\Desktop\Pes\NewbieGuide\guide\src\main\java\com\app\hubert\guide\core\Builder.java,com.app.hubert.guide.core.Builder,Builder/1[com.app.hubert.guide.core.Activity],true,27,1,3,3,0,1,0,3,0,0,1,0,0,0,0,0,0,0,0,0,1,0,0,0,0,0,3,1,0,false
c:\Users\arthur.menezes_evolu\Desktop\Pes\NewbieGuide\guide\src\main\java\com\app\hubert\guide\core\Builder.java,com.app.hubert.guide.core.Builder,Builder/1[com.app.hubert.guide.core.Fragment],true,31,1,0,0,0,1,1,4,0,0,1,1,0,0,0,0,0,0,0,0,2,0,0,0,0,0,3,1,0,false
c:\Users\arthur.menezes_evolu\Desktop\Pes\NewbieGuide\guide\src\main\java\com\app\hubert\guide\core\Builder.java,com.app.hubert.guide.core.Builder,alwaysShow/1[boolean],false,68,1,0,0,0,1,0,4,1,0,1,0,0,0,0,0,0,0,0,0,1,0,0,0,0,0,4,1,0,true
c:\Users\arthur.menezes_evolu\Desktop\Pes\NewbieGuide\guide\src\main\java\com\app\hubert\guide\core\Builder.java,com.app.hubert.guide.core.Builder,show/0,false,120,2,3,0,3,1,2,6,1,1,0,2,1,1,0,0,0,0,0,0,1,0,0,0,0,0,4,1,0,true
c:\Users\arthur.menezes_evolu\Desktop\Pes\NewbieGuide\guide\src\main\java\com\app\hubert\guide\core\Builder.java,com.app.hubert.guide.core.Builder,check/0,false,127,0,2,2,0,5,1,8,0,0,0,1,0,0,0,3,0,1,2,0,0,0,1,0,0,0,22,2,0,false
c:\Users\arthur.menezes_evolu\Desktop\Pes\NewbieGuide\guide\src\main\java\com\app\hubert\guide\core\Builder.java,com.app.hubert.guide.core.Builder,setLabel/1[java.lang.String],false,100,1,0,0,0,1,0,4,1,0,1,0,0,0,0,0,0,0,0,0,1,0,0,0,0,0,4,1,0,true
c:\Users\arthur.menezes_evolu\Desktop\Pes\NewbieGuide\guide\src\main\java\com\app\hubert\guide\core\Builder.java,com.app.hubert.guide.core.Builder,anchor/1[com.app.hubert.guide.core.View],false,46,2,0,0,0,1,0,4,1,0,1,0,0,0,0,0,0,0,0,0,1,0,0,0,0,0,4,1,0,true
c:\Users\arthur.menezes_evolu\Desktop\Pes\NewbieGuide\guide\src\main\java\com\app\hubert\guide\core\Builder.java,com.app.hubert.guide.core.Builder,setOnGuideChangedListener/1[com.app.hubert.guide.listener.OnGuideChangedListener],false,84,2,0,0,0,1,0,4,1,0,1,0,0,0,0,0,0,0,0,0,1,0,0,0,0,0,8,1,0,true
c:\Users\arthur.menezes_evolu\Desktop\Pes\NewbieGuide\guide\src\main\java\com\app\hubert\guide\core\Builder.java,com.app.hubert.guide.core.Builder,build/0,false,110,2,2,0,2,1,1,4,1,0,0,1,1,1,0,0,0,0,0,0,0,0,0,0,0,0,4,1,0,true
c:\Users\arthur.menezes_evolu\Desktop\Pes\NewbieGuide\guide\src\main\java\com\app\hubert\guide\core\Builder.java,com.app.hubert.guide.core.Builder,setOnPageChangedListener/1[com.app.hubert.guide.listener.OnPageChangedListener],false,92,2,0,0,0,1,0,4,1,0,1,0,0,0,0,0,0,0,0,0,1,0,0,0,0,0,7,1,0,true
c:\Users\arthur.menezes_evolu\Desktop\Pes\NewbieGuide\guide\src\main\java\com\app\hubert\guide\core\Builder.java,com.app.hubert.guide.core.Builder,Builder/1[android.support.v4.app.Fragment],true,36,1,0,0,0,1,1,4,0,0,1,1,0,0,0,0,0,0,0,0,2,0,0,0,0,0,3,1,0,false
c:\Users\arthur.menezes_evolu\Desktop\Pes\NewbieGuide\guide\src\main\java\com\app\hubert\guide\core\Builder.java,com.app.hubert.guide.core.Builder,addGuidePage/1[com.app.hubert.guide.model.GuidePage],false,76,2,0,0,0,1,1,4,1,0,1,1,0,0,0,0,0,0,0,0,0,0,0,0,0,0,5,1,0,true
c:\Users\arthur.menezes_evolu\Desktop\Pes\NewbieGuide\guide\src\main\java\com\app\hubert\guide\core\Controller.java,com.app.hubert.guide.core.Controller$Anonymous1,run/0,false,113,2,8,0,8,4,7,12,0,0,0,7,0,0,0,3,0,0,1,3,1,1,1,0,0,0,23,1,0,false
c:\Users\arthur.menezes_evolu\Desktop\Pes\NewbieGuide\guide\src\main\java\com\app\hubert\guide\listener\OnPageChangedListener.java,com.app.hubert.guide.listener.OnPageChangedListener,onPageChanged/1[int],false,10,0,1,1,0,1,0,1,0,0,1,0,0,0,0,0,0,0,0,0,0,0,0,0,0,0,4,0,0,true
c:\Users\arthur.menezes_evolu\Desktop\Pes\NewbieGuide\app\src\main\java\com\app\hubert\newbieguide\FirstActivity.java,com.app.hubert.newbieguide.FirstActivity$Anonymous2,onClick/1[com.app.hubert.newbieguide.View],false,57,4,19,0,19,1,10,9,0,0,1,10,0,0,0,0,0,0,1,0,0,0,0,1,0,0,17,1,0,false
c:\Users\arthur.menezes_evolu\Desktop\Pes\NewbieGuide\guide\src\main\java\com\app\hubert\guide\core\Controller.java,com.app.hubert.guide.core.Controller$Anonymous3,onGuideLayoutDismiss/1[com.app.hubert.guide.core.GuideLayout],false,171,2,2,0,2,1,1,3,0,0,1,1,0,0,0,0,0,0,0,0,0,0,0,0,0,0,9,1,0,false
c:\Users\arthur.menezes_evolu\Desktop\Pes\NewbieGuide\guide\src\main\java\com\app\hubert\guide\model\RelativeGuide.java,com.app.hubert.guide.model.RelativeGuide,"getMarginInfo/3[int,com.app.hubert.guide.model.ViewGroup,com.app.hubert.guide.model.View]",false,88,6,3,1,2,5,3,25,1,2,3,3,0,0,0,0,0,4,0,0,12,6,1,0,0,0,11,2,0,false
c:\Users\arthur.menezes_evolu\Desktop\Pes\NewbieGuide\guide\src\main\java\com\app\hubert\guide\model\RelativeGuide.java,com.app.hubert.guide.model.RelativeGuide,"onLayoutInflated/2[com.app.hubert.guide.model.View,com.app.hubert.guide.core.Controller]",false,135,2,1,1,0,1,0,2,0,0,2,0,0,0,0,0,0,0,0,0,0,0,0,0,0,0,9,4,0,true
c:\Users\arthur.menezes_evolu\Desktop\Pes\NewbieGuide\guide\src\main\java\com\app\hubert\guide\model\RelativeGuide.java,com.app.hubert.guide.model.RelativeGuide,"RelativeGuide/3[int,int,int]",true,65,2,2,2,0,1,0,5,0,0,3,0,0,0,0,0,0,0,0,0,3,0,0,0,0,0,8,1,0,true
c:\Users\arthur.menezes_evolu\Desktop\Pes\NewbieGuide\guide\src\main\java\com\app\hubert\guide\model\RelativeGuide.java,com.app.hubert.guide.model.RelativeGuide,"getGuideLayout/2[com.app.hubert.guide.model.ViewGroup,com.app.hubert.guide.core.Controller]",false,71,7,7,1,6,1,11,16,1,3,2,11,4,1,0,0,0,0,0,0,8,0,0,0,0,0,15,17,0,false
c:\Users\arthur.menezes_evolu\Desktop\Pes\NewbieGuide\guide\src\main\java\com\app\hubert\guide\model\RelativeGuide.java,com.app.hubert.guide.model.RelativeGuide,onLayoutInflated/1[com.app.hubert.guide.model.View],false,125,1,1,1,0,1,0,2,0,0,1,0,0,0,0,0,0,0,0,0,0,0,0,0,0,0,9,4,0,true
c:\Users\arthur.menezes_evolu\Desktop\Pes\NewbieGuide\guide\src\main\java\com\app\hubert\guide\model\RelativeGuide.java,com.app.hubert.guide.model.RelativeGuide,"offsetMargin/3[com.app.hubert.guide.model.RelativeGuide.MarginInfo,com.app.hubert.guide.model.ViewGroup,com.app.hubert.guide.model.View]",false,114,3,1,1,0,1,0,2,0,0,3,0,0,0,0,0,0,0,0,0,0,0,0,0,0,0,4,4,0,false
c:\Users\arthur.menezes_evolu\Desktop\Pes\NewbieGuide\guide\src\main\java\com\app\hubert\guide\model\RelativeGuide.java,com.app.hubert.guide.model.RelativeGuide,"RelativeGuide/2[int,int]",true,55,2,0,0,0,1,0,4,0,0,2,0,0,0,0,0,0,0,0,0,2,0,0,0,0,0,4,1,0,false
c:\Users\arthur.menezes_evolu\Desktop\Pes\NewbieGuide\guide\src\main\java\com\app\hubert\guide\core\Controller.java,com.app.hubert.guide.core.Controller$Anonymous2,onGuideLayoutDismiss/1[com.app.hubert.guide.core.GuideLayout],false,146,2,2,0,2,1,1,3,0,0,1,1,0,0,0,0,0,0,0,0,0,0,0,0,0,0,7,1,0,false
c:\Users\arthur.menezes_evolu\Desktop\Pes\NewbieGuide\guide\src\main\java\com\app\hubert\guide\lifecycle\FragmentLifecycle.java,com.app.hubert.guide.lifecycle.FragmentLifecycle,onStop/0,false,6,0,2,2,0,1,0,1,0,0,0,0,0,0,0,0,0,0,0,0,0,0,0,0,0,0,2,0,0,false
c:\Users\arthur.menezes_evolu\Desktop\Pes\NewbieGuide\guide\src\main\java\com\app\hubert\guide\lifecycle\FragmentLifecycle.java,com.app.hubert.guide.lifecycle.FragmentLifecycle,onDestroyView/0,false,8,0,2,2,0,1,0,1,0,0,0,0,0,0,0,0,0,0,0,0,0,0,0,0,0,0,3,0,0,false
c:\Users\arthur.menezes_evolu\Desktop\Pes\NewbieGuide\guide\src\main\java\com\app\hubert\guide\lifecycle\FragmentLifecycle.java,com.app.hubert.guide.lifecycle.FragmentLifecycle,onStart/0,false,4,0,2,2,0,1,0,1,0,0,0,0,0,0,0,0,0,0,0,0,0,0,0,0,0,0,2,0,0,false
c:\Users\arthur.menezes_evolu\Desktop\Pes\NewbieGuide\guide\src\main\java\com\app\hubert\guide\lifecycle\FragmentLifecycle.java,com.app.hubert.guide.lifecycle.FragmentLifecycle,onDestroy/0,false,10,0,2,2,0,1,0,1,0,0,0,0,0,0,0,0,0,0,0,0,0,0,0,0,0,0,2,0,0,false
c:\Users\arthur.menezes_evolu\Desktop\Pes\NewbieGuide\app\src\main\java\com\app\hubert\newbieguide\FirstActivity.java,com.app.hubert.newbieguide.FirstActivity$Anonymous4$Anonymous5,"onHighlightDrew/2[com.app.hubert.newbieguide.Canvas,com.app.hubert.newbieguide.RectF]",false,85,5,0,0,0,1,8,8,0,1,2,8,0,0,0,0,0,0,0,6,1,2,0,0,0,0,11,1,0,false
c:\Users\arthur.menezes_evolu\Desktop\Pes\NewbieGuide\guide\src\main\java\com\app\hubert\guide\core\GuideLayout.java,com.app.hubert.guide.core.GuideLayout$Anonymous3,onAnimationEnd/1[com.app.hubert.guide.core.Animation],false,241,2,1,0,1,1,1,3,0,0,1,1,0,0,0,0,0,0,0,0,0,0,0,0,0,0,5,1,0,false
c:\Users\arthur.menezes_evolu\Desktop\Pes\NewbieGuide\guide\src\main\java\com\app\hubert\guide\util\ScreenUtils.java,com.app.hubert.guide.util.ScreenUtils,"dp2px/2[com.app.hubert.guide.util.Context,int]",false,32,1,1,1,0,1,2,3,1,0,2,2,0,0,0,0,0,1,0,0,0,1,0,0,0,0,4,9,0,true
c:\Users\arthur.menezes_evolu\Desktop\Pes\NewbieGuide\guide\src\main\java\com\app\hubert\guide\util\ScreenUtils.java,com.app.hubert.guide.util.ScreenUtils,getNavigationBarHeight/1[com.app.hubert.guide.util.Activity],false,94,4,2,0,2,3,5,9,2,3,1,5,1,1,0,0,0,0,4,3,4,1,1,0,0,0,13,9,0,true
c:\Users\arthur.menezes_evolu\Desktop\Pes\NewbieGuide\guide\src\main\java\com\app\hubert\guide\util\ScreenUtils.java,com.app.hubert.guide.util.ScreenUtils,ScreenUtils/0,true,21,0,0,0,0,1,0,3,0,0,0,0,0,0,0,0,0,0,0,0,0,0,0,0,0,0,4,2,0,false
c:\Users\arthur.menezes_evolu\Desktop\Pes\NewbieGuide\guide\src\main\java\com\app\hubert\guide\util\ScreenUtils.java,com.app.hubert.guide.util.ScreenUtils,getStatusBarHeight/1[com.app.hubert.guide.util.Context],false,55,3,2,0,2,2,5,11,1,2,1,5,1,1,0,0,0,0,6,2,3,3,1,0,0,0,11,9,0,true
c:\Users\arthur.menezes_evolu\Desktop\Pes\NewbieGuide\guide\src\main\java\com\app\hubert\guide\util\ScreenUtils.java,com.app.hubert.guide.util.ScreenUtils,isNavigationBarShow/1[com.app.hubert.guide.util.Activity],false,72,3,1,1,0,4,7,20,3,5,1,7,0,0,0,1,0,0,0,0,5,0,2,0,0,0,16,9,0,true
c:\Users\arthur.menezes_evolu\Desktop\Pes\NewbieGuide\guide\src\main\java\com\app\hubert\guide\util\ScreenUtils.java,com.app.hubert.guide.util.ScreenUtils,getScreenWidth/1[com.app.hubert.guide.util.Context],false,39,2,0,0,0,1,2,4,1,1,1,2,0,0,0,0,0,0,0,0,1,0,0,0,0,0,8,9,0,true
c:\Users\arthur.menezes_evolu\Desktop\Pes\NewbieGuide\guide\src\main\java\com\app\hubert\guide\util\ScreenUtils.java,com.app.hubert.guide.util.ScreenUtils,getScreenHeight/1[com.app.hubert.guide.util.Context],false,47,2,0,0,0,1,2,4,1,1,1,2,0,0,0,0,0,0,0,0,1,0,0,0,0,0,8,9,0,true
c:\Users\arthur.menezes_evolu\Desktop\Pes\NewbieGuide\guide\src\main\java\com\app\hubert\guide\core\GuideLayout.java,com.app.hubert.guide.core.GuideLayout$Anonymous2,onClick/1[com.app.hubert.guide.core.View],false,209,2,2,0,2,1,1,3,0,0,1,1,0,0,0,0,0,0,0,0,0,0,0,0,0,0,5,1,0,false
c:\Users\arthur.menezes_evolu\Desktop\Pes\NewbieGuide\guide\src\main\java\com\app\hubert\guide\listener\OnGuideChangedListener.java,com.app.hubert.guide.listener.OnGuideChangedListener,onShowed/1[com.app.hubert.guide.core.Controller],false,11,1,1,1,0,1,0,1,0,0,1,0,0,0,0,0,0,0,0,0,0,0,0,0,0,0,4,0,0,true
c:\Users\arthur.menezes_evolu\Desktop\Pes\NewbieGuide\guide\src\main\java\com\app\hubert\guide\listener\OnGuideChangedListener.java,com.app.hubert.guide.listener.OnGuideChangedListener,onRemoved/1[com.app.hubert.guide.core.Controller],false,18,1,2,2,0,1,0,1,0,0,1,0,0,0,0,0,0,0,0,0,0,0,0,0,0,0,4,0,0,true
c:\Users\arthur.menezes_evolu\Desktop\Pes\NewbieGuide\guide\src\main\java\com\app\hubert\guide\core\GuideLayout.java,com.app.hubert.guide.core.GuideLayout$Anonymous1,onClick/1[com.app.hubert.guide.core.View],false,87,3,2,0,2,2,2,5,0,0,1,2,0,0,0,0,0,0,0,0,0,0,1,0,0,0,5,1,0,false
c:\Users\arthur.menezes_evolu\Desktop\Pes\NewbieGuide\guide\src\main\java\com\app\hubert\guide\lifecycle\FragmentLifecycleAdapter.java,com.app.hubert.guide.lifecycle.FragmentLifecycleAdapter,onStart/0,false,5,0,0,0,0,1,0,2,0,0,0,0,0,0,0,0,0,0,0,0,0,0,0,0,0,0,2,1,0,false
c:\Users\arthur.menezes_evolu\Desktop\Pes\NewbieGuide\guide\src\main\java\com\app\hubert\guide\lifecycle\FragmentLifecycleAdapter.java,com.app.hubert.guide.lifecycle.FragmentLifecycleAdapter,onDestroyView/0,false,13,0,0,0,0,1,0,2,0,0,0,0,0,0,0,0,0,0,0,0,0,0,0,0,0,0,3,1,0,false
c:\Users\arthur.menezes_evolu\Desktop\Pes\NewbieGuide\guide\src\main\java\com\app\hubert\guide\lifecycle\FragmentLifecycleAdapter.java,com.app.hubert.guide.lifecycle.FragmentLifecycleAdapter,onDestroy/0,false,17,0,0,0,0,1,0,2,0,0,0,0,0,0,0,0,0,0,0,0,0,0,0,0,0,0,2,1,0,false
c:\Users\arthur.menezes_evolu\Desktop\Pes\NewbieGuide\guide\src\main\java\com\app\hubert\guide\lifecycle\FragmentLifecycleAdapter.java,com.app.hubert.guide.lifecycle.FragmentLifecycleAdapter,onStop/0,false,9,0,0,0,0,1,0,2,0,0,0,0,0,0,0,0,0,0,0,0,0,0,0,0,0,0,2,1,0,false
c:\Users\arthur.menezes_evolu\Desktop\Pes\NewbieGuide\app\src\main\java\com\app\hubert\newbieguide\RecyclerViewActivity.java,com.app.hubert.newbieguide.RecyclerViewActivity$Adapter,Adapter/1[java.util.List<java.lang.String>],true,106,1,1,1,0,1,0,3,0,0,1,0,0,0,0,0,0,0,0,0,0,0,0,0,0,0,2,1,0,false
c:\Users\arthur.menezes_evolu\Desktop\Pes\NewbieGuide\app\src\main\java\com\app\hubert\newbieguide\RecyclerViewActivity.java,com.app.hubert.newbieguide.RecyclerViewActivity$Adapter,"convert/2[com.app.hubert.newbieguide.BaseViewHolder,java.lang.String]",false,111,1,0,0,0,1,1,3,0,0,2,1,0,0,0,0,0,0,0,0,0,0,0,0,0,0,5,4,0,false
c:\Users\arthur.menezes_evolu\Desktop\Pes\NewbieGuide\app\src\main\java\com\app\hubert\newbieguide\ObservableScrollView.java,com.app.hubert.newbieguide.ObservableScrollView,"ObservableScrollView/2[com.app.hubert.newbieguide.Context,com.app.hubert.newbieguide.AttributeSet]",true,15,2,0,0,0,1,0,3,0,0,2,0,0,0,0,0,0,0,0,0,0,0,0,0,0,0,5,1,0,false
c:\Users\arthur.menezes_evolu\Desktop\Pes\NewbieGuide\app\src\main\java\com\app\hubert\newbieguide\ObservableScrollView.java,com.app.hubert.newbieguide.ObservableScrollView,ObservableScrollView/1[com.app.hubert.newbieguide.Context],true,11,1,0,0,0,1,0,3,0,0,1,0,0,0,0,0,0,0,0,0,0,0,0,0,0,0,5,1,0,false
c:\Users\arthur.menezes_evolu\Desktop\Pes\NewbieGuide\app\src\main\java\com\app\hubert\newbieguide\ObservableScrollView.java,com.app.hubert.newbieguide.ObservableScrollView,"onScrollChanged/4[int,int,int,int]",false,28,1,1,0,1,2,2,6,0,0,4,2,0,0,0,1,0,0,0,0,0,0,1,0,0,0,8,4,0,false
c:\Users\arthur.menezes_evolu\Desktop\Pes\NewbieGuide\app\src\main\java\com\app\hubert\newbieguide\ObservableScrollView.java,com.app.hubert.newbieguide.ObservableScrollView,"ObservableScrollView/3[com.app.hubert.newbieguide.Context,com.app.hubert.newbieguide.AttributeSet,int]",true,19,2,0,0,0,1,0,3,0,0,3,0,0,0,0,0,0,0,0,0,0,0,0,0,0,0,7,1,0,false
c:\Users\arthur.menezes_evolu\Desktop\Pes\NewbieGuide\app\src\main\java\com\app\hubert\newbieguide\ObservableScrollView.java,com.app.hubert.newbieguide.ObservableScrollView,setScrollViewListener/1[com.app.hubert.newbieguide.ObservableScrollView.OnScrollChangeListener],false,23,1,1,1,0,1,0,3,0,0,1,0,0,0,0,0,0,0,0,0,1,0,0,0,0,0,7,1,0,false
c:\Users\arthur.menezes_evolu\Desktop\Pes\NewbieGuide\guide\src\main\java\com\app\hubert\guide\model\HighlightOptions.java,com.app.hubert.guide.model.HighlightOptions$Builder,setRelativeGuide/1[com.app.hubert.guide.model.RelativeGuide],false,35,2,3,3,0,1,0,4,1,0,1,0,0,0,0,0,0,0,0,0,1,0,0,0,0,0,5,1,0,true
c:\Users\arthur.menezes_evolu\Desktop\Pes\NewbieGuide\guide\src\main\java\com\app\hubert\guide\model\HighlightOptions.java,com.app.hubert.guide.model.HighlightOptions$Builder,Builder/0,true,20,1,5,4,1,1,0,3,0,0,0,0,0,0,0,0,0,0,0,0,1,0,0,0,0,0,4,1,0,false
c:\Users\arthur.menezes_evolu\Desktop\Pes\NewbieGuide\guide\src\main\java\com\app\hubert\guide\model\HighlightOptions.java,com.app.hubert.guide.model.HighlightOptions$Builder,build/0,false,56,1,4,4,0,1,0,3,1,0,0,0,0,0,0,0,0,0,0,0,0,0,0,0,0,0,4,1,0,false
c:\Users\arthur.menezes_evolu\Desktop\Pes\NewbieGuide\guide\src\main\java\com\app\hubert\guide\model\HighlightOptions.java,com.app.hubert.guide.model.HighlightOptions$Builder,setOnClickListener/1[View.OnClickListener],false,27,2,1,1,0,1,0,4,1,0,1,0,0,0,0,0,0,0,0,0,1,0,0,0,0,0,6,1,0,true
c:\Users\arthur.menezes_evolu\Desktop\Pes\NewbieGuide\guide\src\main\java\com\app\hubert\guide\model\HighlightOptions.java,com.app.hubert.guide.model.HighlightOptions$Builder,isFetchLocationEveryTime/1[boolean],false,51,1,1,1,0,1,0,4,1,0,1,0,0,0,0,0,0,0,0,0,1,0,0,0,0,0,7,1,0,true
c:\Users\arthur.menezes_evolu\Desktop\Pes\NewbieGuide\guide\src\main\java\com\app\hubert\guide\model\HighlightOptions.java,com.app.hubert.guide.model.HighlightOptions$Builder,setOnHighlightDrewListener/1[com.app.hubert.guide.listener.OnHighlightDrewListener],false,43,2,1,1,0,1,0,4,1,0,1,0,0,0,0,0,0,0,0,0,1,0,0,0,0,0,7,1,0,true
c:\Users\arthur.menezes_evolu\Desktop\Pes\NewbieGuide\app\src\main\java\com\app\hubert\newbieguide\GridViewActivity.java,com.app.hubert.newbieguide.GridViewActivity$Anonymous1,run/0,false,40,3,8,0,8,1,10,4,0,1,0,10,0,0,0,0,0,0,1,1,1,0,0,0,0,0,6,1,0,false
c:\Users\arthur.menezes_evolu\Desktop\Pes\NewbieGuide\app\src\main\java\com\app\hubert\newbieguide\RecyclerViewActivity.java,com.app.hubert.newbieguide.RecyclerViewActivity,onCreate/1[com.app.hubert.newbieguide.Bundle],false,35,5,2,0,2,2,8,44,0,3,1,8,0,0,1,0,0,0,1,2,4,1,1,2,0,0,40,4,0,false
c:\Users\arthur.menezes_evolu\Desktop\Pes\NewbieGuide\app\src\main\java\com\app\hubert\newbieguide\RecyclerViewActivity.java,com.app.hubert.newbieguide.RecyclerViewActivity,start/1[com.app.hubert.newbieguide.Context],false,101,3,1,1,0,1,1,3,0,0,1,1,0,0,0,0,0,0,0,0,0,0,0,0,0,0,4,9,0,false
c:\Users\arthur.menezes_evolu\Desktop\Pes\NewbieGuide\guide\src\main\java\com\app\hubert\guide\lifecycle\V4ListenerFragment.java,com.app.hubert.guide.lifecycle.V4ListenerFragment,setFragmentLifecycle/1[com.app.hubert.guide.lifecycle.FragmentLifecycle],false,17,1,1,1,0,1,0,3,0,0,1,0,0,0,0,0,0,0,0,0,1,0,0,0,0,0,5,1,0,false
c:\Users\arthur.menezes_evolu\Desktop\Pes\NewbieGuide\guide\src\main\java\com\app\hubert\guide\lifecycle\V4ListenerFragment.java,com.app.hubert.guide.lifecycle.V4ListenerFragment,onStart/0,false,22,2,2,0,2,2,3,5,0,0,0,3,0,0,0,1,0,0,1,0,0,0,1,0,0,0,6,1,0,false
c:\Users\arthur.menezes_evolu\Desktop\Pes\NewbieGuide\guide\src\main\java\com\app\hubert\guide\lifecycle\V4ListenerFragment.java,com.app.hubert.guide.lifecycle.V4ListenerFragment,onStop/0,false,29,1,1,0,1,2,2,4,0,0,0,2,0,0,0,1,0,0,0,0,0,0,1,0,0,0,6,1,0,false
c:\Users\arthur.menezes_evolu\Desktop\Pes\NewbieGuide\guide\src\main\java\com\app\hubert\guide\lifecycle\V4ListenerFragment.java,com.app.hubert.guide.lifecycle.V4ListenerFragment,onDestroyView/0,false,35,1,1,0,1,2,2,4,0,0,0,2,0,0,0,1,0,0,0,0,0,0,1,0,0,0,7,1,0,false
c:\Users\arthur.menezes_evolu\Desktop\Pes\NewbieGuide\guide\src\main\java\com\app\hubert\guide\lifecycle\V4ListenerFragment.java,com.app.hubert.guide.lifecycle.V4ListenerFragment,onDestroy/0,false,41,2,2,0,2,2,3,5,0,0,0,3,0,0,0,1,0,0,1,0,0,0,1,0,0,0,6,1,0,false
c:\Users\arthur.menezes_evolu\Desktop\Pes\NewbieGuide\app\src\main\java\com\app\hubert\newbieguide\RecyclerViewActivity.java,com.app.hubert.newbieguide.RecyclerViewActivity$Anonymous3$Anonymous4,"onLayoutInflated/2[com.app.hubert.newbieguide.View,com.app.hubert.guide.core.Controller]",false,90,3,0,0,0,1,2,4,0,1,2,2,0,0,0,0,0,0,1,0,1,0,0,0,0,0,7,1,0,false
c:\Users\arthur.menezes_evolu\Desktop\Pes\NewbieGuide\guide\src\main\java\com\app\hubert\guide\model\HighlightView.java,com.app.hubert.guide.model.HighlightView,getRound/0,false,44,0,0,0,0,1,0,3,1,0,0,0,0,0,0,0,0,0,0,0,0,0,0,0,0,0,3,1,0,false
c:\Users\arthur.menezes_evolu\Desktop\Pes\NewbieGuide\guide\src\main\java\com\app\hubert\guide\model\HighlightView.java,com.app.hubert.guide.model.HighlightView,getShape/0,false,39,1,0,0,0,1,0,3,1,0,0,0,0,0,0,0,0,0,0,0,0,0,0,0,0,0,3,1,0,false
c:\Users\arthur.menezes_evolu\Desktop\Pes\NewbieGuide\guide\src\main\java\com\app\hubert\guide\model\HighlightView.java,com.app.hubert.guide.model.HighlightView,getRadius/0,false,54,0,0,0,0,2,3,6,1,0,0,3,0,0,0,1,0,0,1,2,0,3,1,0,0,0,12,1,0,false
c:\Users\arthur.menezes_evolu\Desktop\Pes\NewbieGuide\guide\src\main\java\com\app\hubert\guide\model\HighlightView.java,com.app.hubert.guide.model.HighlightView,getOptions/0,false,49,1,0,0,0,1,0,3,1,0,0,0,0,0,0,0,0,0,0,0,0,0,0,0,0,0,4,1,0,false
c:\Users\arthur.menezes_evolu\Desktop\Pes\NewbieGuide\guide\src\main\java\com\app\hubert\guide\model\HighlightView.java,com.app.hubert.guide.model.HighlightView,getRectF/1[com.app.hubert.guide.model.View],false,62,4,2,0,2,5,4,13,1,0,1,4,1,1,0,3,0,0,2,0,2,1,1,0,0,0,18,1,0,false
c:\Users\arthur.menezes_evolu\Desktop\Pes\NewbieGuide\guide\src\main\java\com\app\hubert\guide\model\HighlightView.java,com.app.hubert.guide.model.HighlightView,fetchLocation/1[com.app.hubert.guide.model.View],false,75,4,2,1,1,1,1,9,1,2,1,1,0,0,0,0,0,0,0,0,6,4,0,0,0,0,9,2,0,false
c:\Users\arthur.menezes_evolu\Desktop\Pes\NewbieGuide\guide\src\main\java\com\app\hubert\guide\model\HighlightView.java,com.app.hubert.guide.model.HighlightView,setOptions/1[com.app.hubert.guide.model.HighlightOptions],false,34,1,2,2,0,1,0,3,0,0,1,0,0,0,0,0,0,0,0,0,1,0,0,0,0,0,4,1,0,false
c:\Users\arthur.menezes_evolu\Desktop\Pes\NewbieGuide\guide\src\main\java\com\app\hubert\guide\model\HighlightView.java,com.app.hubert.guide.model.HighlightView,"HighlightView/4[com.app.hubert.guide.model.View,com.app.hubert.guide.model.HighLight.Shape,int,int]",true,27,2,2,2,0,1,0,6,0,0,4,0,0,0,0,0,0,0,0,0,4,0,0,0,0,0,7,1,0,false
c:\Users\arthur.menezes_evolu\Desktop\Pes\NewbieGuide\app\src\main\java\com\app\hubert\newbieguide\GridViewActivity.java,com.app.hubert.newbieguide.GridViewActivity,start/1[com.app.hubert.newbieguide.Context],false,25,3,1,1,0,1,1,4,0,1,1,1,0,0,0,0,0,0,0,0,1,0,0,0,0,0,5,9,0,false
c:\Users\arthur.menezes_evolu\Desktop\Pes\NewbieGuide\app\src\main\java\com\app\hubert\newbieguide\GridViewActivity.java,com.app.hubert.newbieguide.GridViewActivity,getList/0,false,55,0,1,1,0,3,2,17,1,7,0,2,0,0,1,0,0,0,11,3,8,2,2,0,0,0,9,1,0,false
c:\Users\arthur.menezes_evolu\Desktop\Pes\NewbieGuide\app\src\main\java\com\app\hubert\newbieguide\GridViewActivity.java,com.app.hubert.newbieguide.GridViewActivity,onCreate/1[com.app.hubert.newbieguide.Bundle],false,31,4,2,0,2,1,6,14,0,2,1,6,1,1,0,0,0,0,0,0,2,0,0,1,0,0,23,4,0,false
c:\Users\arthur.menezes_evolu\Desktop\Pes\NewbieGuide\app\src\main\java\com\app\hubert\newbieguide\MainActivity.java,com.app.hubert.newbieguide.MainActivity$Anonymous9$Anonymous10,onClick/1[com.app.hubert.newbieguide.View],false,142,2,19,0,19,1,1,3,0,0,1,1,0,0,0,0,0,0,0,1,0,0,0,0,0,0,4,1,0,false
c:\Users\arthur.menezes_evolu\Desktop\Pes\NewbieGuide\guide\src\main\java\com\app\hubert\guide\model\HighLight.java,com.app.hubert.guide.model.HighLight,getRadius/0,false,20,0,1,1,0,1,0,1,0,0,0,0,0,0,0,0,0,0,0,0,0,0,0,0,0,0,2,0,0,true
c:\Users\arthur.menezes_evolu\Desktop\Pes\NewbieGuide\guide\src\main\java\com\app\hubert\guide\model\HighLight.java,com.app.hubert.guide.model.HighLight,getRound/0,false,25,0,1,1,0,1,0,1,0,0,0,0,0,0,0,0,0,0,0,0,0,0,0,0,0,0,2,0,0,true
c:\Users\arthur.menezes_evolu\Desktop\Pes\NewbieGuide\guide\src\main\java\com\app\hubert\guide\model\HighLight.java,com.app.hubert.guide.model.HighLight,getShape/0,false,12,1,1,1,0,1,0,1,0,0,0,0,0,0,0,0,0,0,0,0,0,0,0,0,0,0,2,0,0,false
c:\Users\arthur.menezes_evolu\Desktop\Pes\NewbieGuide\guide\src\main\java\com\app\hubert\guide\model\HighLight.java,com.app.hubert.guide.model.HighLight,getRectF/1[com.app.hubert.guide.model.View],false,14,2,3,3,0,1,0,1,0,0,1,0,0,0,0,0,0,0,0,0,0,0,0,0,0,0,7,0,0,true
c:\Users\arthur.menezes_evolu\Desktop\Pes\NewbieGuide\guide\src\main\java\com\app\hubert\guide\model\HighLight.java,com.app.hubert.guide.model.HighLight,getOptions/0,false,30,2,3,3,0,1,0,1,0,0,0,0,0,0,0,0,0,0,0,0,0,0,0,0,0,0,3,0,0,true
c:\Users\arthur.menezes_evolu\Desktop\Pes\NewbieGuide\app\src\main\java\com\app\hubert\newbieguide\FirstActivity.java,com.app.hubert.newbieguide.FirstActivity$Anonymous2$Anonymous3,"onLayoutInflated/2[com.app.hubert.newbieguide.View,com.app.hubert.guide.core.Controller]",false,68,3,0,0,0,1,2,4,0,1,2,2,0,0,0,0,0,0,1,0,1,0,0,0,0,0,8,1,0,false
c:\Users\arthur.menezes_evolu\Desktop\Pes\NewbieGuide\guide\src\main\java\com\app\hubert\guide\model\HighlightRectF.java,com.app.hubert.guide.model.HighlightRectF,"HighlightRectF/3[com.app.hubert.guide.model.RectF,com.app.hubert.guide.model.HighLight.Shape,int]",true,18,3,2,2,0,1,0,5,0,0,3,0,0,0,0,0,0,0,0,0,3,0,0,0,0,0,7,1,0,false
c:\Users\arthur.menezes_evolu\Desktop\Pes\NewbieGuide\guide\src\main\java\com\app\hubert\guide\model\HighlightRectF.java,com.app.hubert.guide.model.HighlightRectF,setOptions/1[com.app.hubert.guide.model.HighlightOptions],false,24,1,2,2,0,1,0,3,0,0,1,0,0,0,0,0,0,0,0,0,1,0,0,0,0,0,4,1,0,false
c:\Users\arthur.menezes_evolu\Desktop\Pes\NewbieGuide\guide\src\main\java\com\app\hubert\guide\model\HighlightRectF.java,com.app.hubert.guide.model.HighlightRectF,getRound/0,false,44,0,0,0,0,1,0,3,1,0,0,0,0,0,0,0,0,0,0,0,0,0,0,0,0,0,3,1,0,false
c:\Users\arthur.menezes_evolu\Desktop\Pes\NewbieGuide\guide\src\main\java\com\app\hubert\guide\model\HighlightRectF.java,com.app.hubert.guide.model.HighlightRectF,getRadius/0,false,39,0,0,0,0,1,3,3,1,0,0,3,0,0,0,0,0,0,0,2,0,2,0,0,0,0,2,1,0,false
c:\Users\arthur.menezes_evolu\Desktop\Pes\NewbieGuide\guide\src\main\java\com\app\hubert\guide\model\HighlightRectF.java,com.app.hubert.guide.model.HighlightRectF,getOptions/0,false,49,1,0,0,0,1,0,3,1,0,0,0,0,0,0,0,0,0,0,0,0,0,0,0,0,0,4,1,0,false
c:\Users\arthur.menezes_evolu\Desktop\Pes\NewbieGuide\guide\src\main\java\com\app\hubert\guide\model\HighlightRectF.java,com.app.hubert.guide.model.HighlightRectF,getShape/0,false,29,1,0,0,0,1,0,3,1,0,0,0,0,0,0,0,0,0,0,0,0,0,0,0,0,0,3,1,0,false
c:\Users\arthur.menezes_evolu\Desktop\Pes\NewbieGuide\guide\src\main\java\com\app\hubert\guide\model\HighlightRectF.java,com.app.hubert.guide.model.HighlightRectF,getRectF/1[com.app.hubert.guide.model.View],false,34,2,0,0,0,1,0,3,1,0,1,0,0,0,0,0,0,0,0,0,0,0,0,0,0,0,6,1,0,false
c:\Users\arthur.menezes_evolu\Desktop\Pes\NewbieGuide\app\src\main\java\com\app\hubert\newbieguide\ScrollViewActivity.java,com.app.hubert.newbieguide.ScrollViewActivity,onCreate/1[com.app.hubert.newbieguide.Bundle],false,29,9,8,0,8,1,13,19,0,4,1,13,0,0,0,0,0,0,1,0,5,0,0,1,0,0,26,4,0,false
c:\Users\arthur.menezes_evolu\Desktop\Pes\NewbieGuide\app\src\main\java\com\app\hubert\newbieguide\ScrollViewActivity.java,com.app.hubert.newbieguide.ScrollViewActivity,start/1[com.app.hubert.newbieguide.Context],false,23,3,1,1,0,1,1,4,0,1,1,1,0,0,0,0,0,0,0,0,1,0,0,0,0,0,5,9,0,false
c:\Users\arthur.menezes_evolu\Desktop\Pes\NewbieGuide\guide\src\main\java\com\app\hubert\guide\listener\AnimationListenerAdapter.java,com.app.hubert.guide.listener.AnimationListenerAdapter,onAnimationRepeat/1[com.app.hubert.guide.listener.Animation],false,21,1,0,0,0,1,0,2,0,0,1,0,0,0,0,0,0,0,0,0,0,0,0,0,0,0,4,1,0,false
c:\Users\arthur.menezes_evolu\Desktop\Pes\NewbieGuide\guide\src\main\java\com\app\hubert\guide\listener\AnimationListenerAdapter.java,com.app.hubert.guide.listener.AnimationListenerAdapter,onAnimationEnd/1[com.app.hubert.guide.listener.Animation],false,16,1,0,0,0,1,0,2,0,0,1,0,0,0,0,0,0,0,0,0,0,0,0,0,0,0,4,1,0,false
c:\Users\arthur.menezes_evolu\Desktop\Pes\NewbieGuide\guide\src\main\java\com\app\hubert\guide\listener\AnimationListenerAdapter.java,com.app.hubert.guide.listener.AnimationListenerAdapter,onAnimationStart/1[com.app.hubert.guide.listener.Animation],false,11,1,0,0,0,1,0,2,0,0,1,0,0,0,0,0,0,0,0,0,0,0,0,0,0,0,4,1,0,false
c:\Users\arthur.menezes_evolu\Desktop\Pes\NewbieGuide\guide\src\main\java\com\app\hubert\guide\core\GuideLayout.java,com.app.hubert.guide.core.GuideLayout,"notifyDrewListener/3[com.app.hubert.guide.core.Canvas,com.app.hubert.guide.model.HighLight,com.app.hubert.guide.core.RectF]",false,173,5,3,1,2,3,2,8,0,1,3,2,0,0,0,2,0,0,0,0,1,0,2,0,0,0,10,2,0,false
c:\Users\arthur.menezes_evolu\Desktop\Pes\NewbieGuide\guide\src\main\java\com\app\hubert\guide\core\GuideLayout.java,com.app.hubert.guide.core.GuideLayout,setGuidePage/1[com.app.hubert.guide.model.GuidePage],false,83,2,1,1,0,1,1,11,0,0,1,1,0,0,0,0,0,0,0,0,1,0,0,1,0,0,11,2,0,false
c:\Users\arthur.menezes_evolu\Desktop\Pes\NewbieGuide\guide\src\main\java\com\app\hubert\guide\core\GuideLayout.java,com.app.hubert.guide.core.GuideLayout,setOnGuideLayoutDismissListener/1[com.app.hubert.guide.core.GuideLayout.OnGuideLayoutDismissListener],false,232,1,2,2,0,1,0,3,0,0,1,0,0,0,0,0,0,0,0,0,1,0,0,0,0,0,7,1,0,false
c:\Users\arthur.menezes_evolu\Desktop\Pes\NewbieGuide\guide\src\main\java\com\app\hubert\guide\core\GuideLayout.java,com.app.hubert.guide.core.GuideLayout,drawHighlights/1[com.app.hubert.guide.core.Canvas],false,148,6,7,1,6,7,13,24,0,2,1,13,1,1,1,1,0,0,0,0,2,0,3,0,0,0,19,2,0,false
c:\Users\arthur.menezes_evolu\Desktop\Pes\NewbieGuide\guide\src\main\java\com\app\hubert\guide\core\GuideLayout.java,com.app.hubert.guide.core.GuideLayout,remove/0,false,236,4,5,2,3,2,4,15,0,1,0,4,1,1,0,1,0,0,0,0,1,0,1,1,0,0,11,1,0,false
c:\Users\arthur.menezes_evolu\Desktop\Pes\NewbieGuide\guide\src\main\java\com\app\hubert\guide\core\GuideLayout.java,com.app.hubert.guide.core.GuideLayout,onAttachedToWindow/0,false,183,3,2,0,2,2,4,8,0,1,0,4,1,1,0,1,0,0,0,0,1,0,1,0,0,0,13,4,0,false
c:\Users\arthur.menezes_evolu\Desktop\Pes\NewbieGuide\guide\src\main\java\com\app\hubert\guide\core\GuideLayout.java,com.app.hubert.guide.core.GuideLayout,init/0,false,65,3,1,1,0,1,8,10,0,1,0,8,0,0,0,0,0,0,0,1,3,0,0,0,0,0,22,2,0,false
c:\Users\arthur.menezes_evolu\Desktop\Pes\NewbieGuide\guide\src\main\java\com\app\hubert\guide\core\GuideLayout.java,com.app.hubert.guide.core.GuideLayout,"GuideLayout/2[com.app.hubert.guide.core.Context,com.app.hubert.guide.core.AttributeSet]",true,57,2,0,0,0,1,0,3,0,0,2,0,0,0,0,0,0,0,0,0,0,0,0,0,0,0,4,2,0,false
c:\Users\arthur.menezes_evolu\Desktop\Pes\NewbieGuide\guide\src\main\java\com\app\hubert\guide\core\GuideLayout.java,com.app.hubert.guide.core.GuideLayout,"GuideLayout/3[com.app.hubert.guide.core.Context,com.app.hubert.guide.core.AttributeSet,int]",true,61,2,0,0,0,1,0,3,0,0,3,0,0,0,0,0,0,0,0,0,0,0,0,0,0,0,6,2,0,false
c:\Users\arthur.menezes_evolu\Desktop\Pes\NewbieGuide\guide\src\main\java\com\app\hubert\guide\core\GuideLayout.java,com.app.hubert.guide.core.GuideLayout,onDraw/1[com.app.hubert.guide.core.Canvas],false,141,3,2,0,2,2,4,6,0,1,1,4,1,2,0,1,0,0,0,1,1,0,0,0,0,0,23,4,0,false
c:\Users\arthur.menezes_evolu\Desktop\Pes\NewbieGuide\guide\src\main\java\com\app\hubert\guide\core\GuideLayout.java,com.app.hubert.guide.core.GuideLayout,onTouchEvent/1[com.app.hubert.guide.core.MotionEvent],false,101,6,4,0,4,9,11,28,2,5,1,11,2,1,1,0,0,0,0,0,7,2,4,0,0,0,28,1,0,false
c:\Users\arthur.menezes_evolu\Desktop\Pes\NewbieGuide\guide\src\main\java\com\app\hubert\guide\core\GuideLayout.java,com.app.hubert.guide.core.GuideLayout,dismiss/0,false,251,2,3,2,1,3,3,8,0,0,0,3,0,0,0,2,0,1,0,0,0,0,2,0,0,0,7,2,0,false
c:\Users\arthur.menezes_evolu\Desktop\Pes\NewbieGuide\guide\src\main\java\com\app\hubert\guide\core\GuideLayout.java,com.app.hubert.guide.core.GuideLayout,"GuideLayout/3[com.app.hubert.guide.core.Context,com.app.hubert.guide.model.GuidePage,com.app.hubert.guide.core.Controller]",true,50,4,3,1,2,1,2,6,0,0,3,2,2,1,0,0,0,0,0,0,1,0,0,0,0,0,9,1,0,false
c:\Users\arthur.menezes_evolu\Desktop\Pes\NewbieGuide\guide\src\main\java\com\app\hubert\guide\core\GuideLayout.java,com.app.hubert.guide.core.GuideLayout,performClick/0,false,96,0,1,1,0,1,1,3,1,0,0,1,0,0,0,0,0,0,0,0,0,0,0,0,0,0,2,1,0,false
c:\Users\arthur.menezes_evolu\Desktop\Pes\NewbieGuide\guide\src\main\java\com\app\hubert\guide\core\GuideLayout.java,com.app.hubert.guide.core.GuideLayout,notifyClickListener/1[com.app.hubert.guide.model.HighLight],false,131,2,2,1,1,3,2,8,0,1,1,2,0,0,0,2,0,0,0,0,1,0,2,0,0,0,10,2,0,false
c:\Users\arthur.menezes_evolu\Desktop\Pes\NewbieGuide\guide\src\main\java\com\app\hubert\guide\core\GuideLayout.java,com.app.hubert.guide.core.GuideLayout,addCustomToLayout/1[com.app.hubert.guide.model.GuidePage],false,195,7,7,1,6,9,16,36,0,7,1,16,0,0,2,4,0,0,2,3,7,1,4,1,0,0,40,2,0,true
c:\Users\arthur.menezes_evolu\Desktop\Pes\NewbieGuide\guide\src\main\java\com\app\hubert\guide\core\Controller.java,com.app.hubert.guide.core.Controller,Controller/1[com.app.hubert.guide.core.Builder],true,59,4,2,2,0,4,7,34,0,4,1,7,0,0,0,1,0,0,0,1,18,0,2,0,0,0,21,1,0,false
c:\Users\arthur.menezes_evolu\Desktop\Pes\NewbieGuide\guide\src\main\java\com\app\hubert\guide\core\Controller.java,com.app.hubert.guide.core.Controller,compatibleFragment/1[com.app.hubert.guide.core.Fragment],false,305,1,1,1,0,3,3,13,0,1,1,3,0,0,0,0,1,0,1,0,1,0,1,0,0,0,20,2,0,true
c:\Users\arthur.menezes_evolu\Desktop\Pes\NewbieGuide\guide\src\main\java\com\app\hubert\guide\core\Controller.java,com.app.hubert.guide.core.Controller,removeListenerFragment/0,false,281,4,1,1,0,6,5,16,0,4,0,5,0,0,0,4,0,0,0,0,4,0,2,0,0,0,23,2,0,false
c:\Users\arthur.menezes_evolu\Desktop\Pes\NewbieGuide\guide\src\main\java\com\app\hubert\guide\core\Controller.java,com.app.hubert.guide.core.Controller,showPage/1[int],false,133,3,6,2,4,5,4,21,1,0,1,4,1,1,0,2,0,0,3,2,1,2,1,1,0,0,20,1,0,true
c:\Users\arthur.menezes_evolu\Desktop\Pes\NewbieGuide\guide\src\main\java\com\app\hubert\guide\core\Controller.java,com.app.hubert.guide.core.Controller,showPreviewPage/0,false,159,1,2,1,1,1,1,3,0,0,0,1,1,2,0,0,0,0,0,0,0,0,0,0,0,0,4,1,0,true
c:\Users\arthur.menezes_evolu\Desktop\Pes\NewbieGuide\guide\src\main\java\com\app\hubert\guide\core\Controller.java,com.app.hubert.guide.core.Controller,show/0,false,99,0,3,2,1,4,2,27,2,1,0,2,0,0,0,0,0,0,0,1,2,0,2,1,0,0,30,1,0,true
c:\Users\arthur.menezes_evolu\Desktop\Pes\NewbieGuide\guide\src\main\java\com\app\hubert\guide\core\Controller.java,com.app.hubert.guide.core.Controller,showNextOrRemove/0,false,184,2,4,1,3,3,4,13,0,0,0,4,2,1,0,1,0,0,0,1,1,1,2,0,0,0,16,2,0,false
c:\Users\arthur.menezes_evolu\Desktop\Pes\NewbieGuide\guide\src\main\java\com\app\hubert\guide\core\Controller.java,com.app.hubert.guide.core.Controller,showGuidePage/0,false,166,5,8,4,4,2,4,16,0,2,0,4,0,0,0,1,0,0,0,0,4,0,1,1,0,0,18,2,0,true
c:\Users\arthur.menezes_evolu\Desktop\Pes\NewbieGuide\guide\src\main\java\com\app\hubert\guide\core\Controller.java,com.app.hubert.guide.core.Controller,addListenerFragment/0,false,245,6,7,1,6,7,9,33,0,4,0,9,1,1,0,4,0,0,0,0,6,0,2,2,0,0,30,2,0,false
c:\Users\arthur.menezes_evolu\Desktop\Pes\NewbieGuide\guide\src\main\java\com\app\hubert\guide\core\Controller.java,com.app.hubert.guide.core.Controller,resetLabel/0,false,200,1,1,0,1,1,1,3,0,0,0,1,1,1,0,0,0,0,0,0,0,0,0,0,0,0,3,1,0,true
c:\Users\arthur.menezes_evolu\Desktop\Pes\NewbieGuide\guide\src\main\java\com\app\hubert\guide\core\Controller.java,com.app.hubert.guide.core.Controller,remove/0,false,216,4,2,1,1,7,7,24,0,3,0,7,0,0,0,4,0,1,0,2,5,0,4,0,0,0,20,1,0,true
c:\Users\arthur.menezes_evolu\Desktop\Pes\NewbieGuide\guide\src\main\java\com\app\hubert\guide\core\Controller.java,com.app.hubert.guide.core.Controller,resetLabel/1[java.lang.String],false,209,0,1,1,0,1,3,3,0,0,1,3,0,0,0,0,0,0,0,1,0,0,0,0,0,0,3,1,0,true
c:\Users\arthur.menezes_evolu\Desktop\Pes\NewbieGuide\guide\src\main\java\com\app\hubert\guide\core\Controller.java,com.app.hubert.guide.core.Controller,isShowing/0,false,241,0,0,0,0,1,0,3,1,0,0,0,0,0,0,0,0,0,0,0,0,0,0,0,0,0,2,1,0,false
c:\Users\arthur.menezes_evolu\Desktop\Pes\NewbieGuide\guide\src\main\java\com\app\hubert\guide\util\LogUtil.java,com.app.hubert.guide.util.LogUtil,e/1[java.lang.String],false,95,1,2,1,1,2,2,6,0,1,1,2,1,1,0,0,0,0,0,0,1,0,1,0,0,0,6,9,0,false
c:\Users\arthur.menezes_evolu\Desktop\Pes\NewbieGuide\guide\src\main\java\com\app\hubert\guide\util\LogUtil.java,com.app.hubert.guide.util.LogUtil,"v/2[java.lang.String,java.lang.Throwable]",false,46,1,1,0,1,2,2,6,0,1,2,2,1,1,0,0,0,0,0,0,1,0,1,0,0,0,6,9,0,false
c:\Users\arthur.menezes_evolu\Desktop\Pes\NewbieGuide\guide\src\main\java\com\app\hubert\guide\util\LogUtil.java,com.app.hubert.guide.util.LogUtil,"e/2[java.lang.String,java.lang.Throwable]",false,102,1,1,0,1,2,2,6,0,1,2,2,1,1,0,0,0,0,0,0,1,0,1,0,0,0,6,9,0,false
c:\Users\arthur.menezes_evolu\Desktop\Pes\NewbieGuide\guide\src\main\java\com\app\hubert\guide\util\LogUtil.java,com.app.hubert.guide.util.LogUtil,"d/2[java.lang.String,java.lang.Throwable]",false,60,1,1,0,1,2,2,6,0,1,2,2,1,1,0,0,0,0,0,0,1,0,1,0,0,0,6,9,0,false
c:\Users\arthur.menezes_evolu\Desktop\Pes\NewbieGuide\guide\src\main\java\com\app\hubert\guide\util\LogUtil.java,com.app.hubert.guide.util.LogUtil,d/1[java.lang.String],false,53,1,5,4,1,2,2,6,0,1,1,2,1,1,0,0,0,0,0,0,1,0,1,0,0,0,6,9,0,false
c:\Users\arthur.menezes_evolu\Desktop\Pes\NewbieGuide\guide\src\main\java\com\app\hubert\guide\util\LogUtil.java,com.app.hubert.guide.util.LogUtil,"i/2[java.lang.String,java.lang.Throwable]",false,74,1,1,0,1,2,2,6,0,1,2,2,1,1,0,0,0,0,0,0,1,0,1,0,0,0,6,9,0,false
c:\Users\arthur.menezes_evolu\Desktop\Pes\NewbieGuide\guide\src\main\java\com\app\hubert\guide\util\LogUtil.java,com.app.hubert.guide.util.LogUtil,generateTag/0,false,28,0,10,10,0,2,9,9,1,3,0,9,0,0,0,0,0,0,3,2,6,2,0,0,0,0,11,10,0,true
c:\Users\arthur.menezes_evolu\Desktop\Pes\NewbieGuide\guide\src\main\java\com\app\hubert\guide\util\LogUtil.java,com.app.hubert.guide.util.LogUtil,v/1[java.lang.String],false,39,1,1,0,1,2,2,6,0,1,1,2,1,1,0,0,0,0,0,0,1,0,1,0,0,0,6,9,0,false
c:\Users\arthur.menezes_evolu\Desktop\Pes\NewbieGuide\guide\src\main\java\com\app\hubert\guide\util\LogUtil.java,com.app.hubert.guide.util.LogUtil,i/1[java.lang.String],false,67,1,6,5,1,2,2,6,0,1,1,2,1,1,0,0,0,0,0,0,1,0,1,0,0,0,6,9,0,false
c:\Users\arthur.menezes_evolu\Desktop\Pes\NewbieGuide\guide\src\main\java\com\app\hubert\guide\util\LogUtil.java,com.app.hubert.guide.util.LogUtil,w/1[java.lang.String],false,81,1,1,0,1,2,2,6,0,1,1,2,1,1,0,0,0,0,0,0,1,0,1,0,0,0,6,9,0,false
c:\Users\arthur.menezes_evolu\Desktop\Pes\NewbieGuide\guide\src\main\java\com\app\hubert\guide\util\LogUtil.java,com.app.hubert.guide.util.LogUtil,"w/2[java.lang.String,java.lang.Throwable]",false,88,1,1,0,1,2,2,6,0,1,2,2,1,1,0,0,0,0,0,0,1,0,1,0,0,0,6,9,0,false
c:\Users\arthur.menezes_evolu\Desktop\Pes\NewbieGuide\app\src\main\java\com\app\hubert\newbieguide\AbcFragment.java,com.app.hubert.newbieguide.AbcFragment$Anonymous1,onShowed/1[com.app.hubert.guide.core.Controller],false,61,1,0,0,0,1,0,2,0,0,1,0,0,0,0,0,0,0,0,0,0,0,0,0,0,0,4,1,0,false
c:\Users\arthur.menezes_evolu\Desktop\Pes\NewbieGuide\app\src\main\java\com\app\hubert\newbieguide\AbcFragment.java,com.app.hubert.newbieguide.AbcFragment$Anonymous1,onRemoved/1[com.app.hubert.guide.core.Controller],false,66,1,0,0,0,1,1,3,0,0,1,1,0,0,0,0,0,0,2,0,0,0,0,0,0,0,4,1,0,false
c:\Users\arthur.menezes_evolu\Desktop\Pes\NewbieGuide\guide\src\main\java\com\app\hubert\guide\core\GuideLayout.java,com.app.hubert.guide.core.GuideLayout$OnGuideLayoutDismissListener,onGuideLayoutDismiss/1[com.app.hubert.guide.core.GuideLayout],false,261,1,1,1,0,1,0,1,0,0,1,0,0,0,0,0,0,0,0,0,0,0,0,0,0,0,5,0,0,false
c:\Users\arthur.menezes_evolu\Desktop\Pes\NewbieGuide\guide\src\main\java\com\app\hubert\guide\listener\OnHighlightDrewListener.java,com.app.hubert.guide.listener.OnHighlightDrewListener,"onHighlightDrew/2[com.app.hubert.guide.listener.Canvas,com.app.hubert.guide.listener.RectF]",false,11,2,1,1,0,1,0,1,0,0,2,0,0,0,0,0,0,0,0,0,0,0,0,0,0,0,6,0,0,false
c:\Users\arthur.menezes_evolu\Desktop\Pes\NewbieGuide\app\src\main\java\com\app\hubert\newbieguide\ObservableScrollView.java,com.app.hubert.newbieguide.ObservableScrollView$OnScrollChangeListener,"onScrollChanged/5[com.app.hubert.newbieguide.ObservableScrollView,int,int,int,int]",false,36,1,1,1,0,1,0,1,0,0,5,0,0,0,0,0,0,0,0,0,0,0,0,0,0,0,6,0,0,false
c:\Users\arthur.menezes_evolu\Desktop\Pes\NewbieGuide\app\src\main\java\com\app\hubert\newbieguide\ScrollViewActivity.java,com.app.hubert.newbieguide.ScrollViewActivity$Anonymous1,"onScrollChanged/5[com.app.hubert.newbieguide.ObservableScrollView,int,int,int,int]",false,47,3,1,0,1,2,3,7,0,1,5,3,0,0,0,0,0,0,0,0,1,0,1,0,0,0,9,1,0,false
c:\Users\arthur.menezes_evolu\Desktop\Pes\NewbieGuide\app\src\main\java\com\app\hubert\newbieguide\FirstActivity.java,com.app.hubert.newbieguide.FirstActivity$Anonymous11$Anonymous12,"onLayoutInflated/2[com.app.hubert.newbieguide.View,com.app.hubert.guide.core.Controller]",false,157,3,0,0,0,1,2,4,0,1,2,2,0,0,0,0,0,0,1,0,1,0,0,0,0,0,7,4,0,false
c:\Users\arthur.menezes_evolu\Desktop\Pes\NewbieGuide\app\src\main\java\com\app\hubert\newbieguide\FirstActivity.java,com.app.hubert.newbieguide.FirstActivity$Anonymous11$Anonymous13,onClick/1[com.app.hubert.newbieguide.View],false,164,1,19,0,19,1,2,3,0,0,1,2,0,0,0,0,0,0,1,0,0,0,0,0,0,0,4,1,0,false
c:\Users\arthur.menezes_evolu\Desktop\Pes\NewbieGuide\app\src\main\java\com\app\hubert\newbieguide\TestFragmentActivity.java,com.app.hubert.newbieguide.TestFragmentActivity$Anonymous2,onClick/1[com.app.hubert.newbieguide.View],false,45,1,19,0,19,1,5,3,0,0,1,5,0,0,0,0,0,0,1,0,0,0,0,0,0,0,8,1,0,false
c:\Users\arthur.menezes_evolu\Desktop\Pes\NewbieGuide\app\src\main\java\com\app\hubert\newbieguide\MainActivity.java,com.app.hubert.newbieguide.MainActivity$Anonymous7,"onLayoutInflated/2[com.app.hubert.newbieguide.View,com.app.hubert.guide.core.Controller]",false,120,2,0,0,0,1,2,8,0,0,2,2,0,0,0,0,0,0,0,0,0,0,0,1,0,0,8,1,0,false
c:\Users\arthur.menezes_evolu\Desktop\Pes\NewbieGuide\app\src\main\java\com\app\hubert\newbieguide\FirstActivity.java,com.app.hubert.newbieguide.FirstActivity,onCreate/1[com.app.hubert.newbieguide.Bundle],false,34,3,0,0,0,1,4,102,0,6,1,4,0,0,0,0,0,0,0,0,6,0,0,9,0,0,52,4,0,false
c:\Users\arthur.menezes_evolu\Desktop\Pes\NewbieGuide\app\src\main\java\com\app\hubert\newbieguide\MainActivity.java,com.app.hubert.newbieguide.MainActivity$Anonymous9,"onLayoutInflated/2[com.app.hubert.newbieguide.View,com.app.hubert.guide.core.Controller]",false,139,2,0,0,0,1,2,8,0,0,2,2,0,0,0,0,0,0,0,0,0,0,0,1,0,0,8,1,0,false
c:\Users\arthur.menezes_evolu\Desktop\Pes\NewbieGuide\app\src\main\java\com\app\hubert\newbieguide\TestFragmentActivity.java,com.app.hubert.newbieguide.TestFragmentActivity$Anonymous1,onClick/1[com.app.hubert.newbieguide.View],false,36,1,19,0,19,1,5,3,0,0,1,5,0,0,0,0,0,0,1,0,0,0,0,0,0,0,8,1,0,false
c:\Users\arthur.menezes_evolu\Desktop\Pes\NewbieGuide\guide\src\main\java\com\app\hubert\guide\lifecycle\ListenerFragment.java,com.app.hubert.guide.lifecycle.ListenerFragment,onStop/0,false,23,1,1,0,1,2,2,4,0,0,0,2,0,0,0,1,0,0,0,0,0,0,1,0,0,0,6,1,0,false
c:\Users\arthur.menezes_evolu\Desktop\Pes\NewbieGuide\guide\src\main\java\com\app\hubert\guide\lifecycle\ListenerFragment.java,com.app.hubert.guide.lifecycle.ListenerFragment,onDestroyView/0,false,29,1,1,0,1,2,2,4,0,0,0,2,0,0,0,1,0,0,0,0,0,0,1,0,0,0,7,1,0,false
c:\Users\arthur.menezes_evolu\Desktop\Pes\NewbieGuide\guide\src\main\java\com\app\hubert\guide\lifecycle\ListenerFragment.java,com.app.hubert.guide.lifecycle.ListenerFragment,setFragmentLifecycle/1[com.app.hubert.guide.lifecycle.FragmentLifecycle],false,11,1,1,1,0,1,0,3,0,0,1,0,0,0,0,0,0,0,0,0,1,0,0,0,0,0,5,1,0,false
c:\Users\arthur.menezes_evolu\Desktop\Pes\NewbieGuide\guide\src\main\java\com\app\hubert\guide\lifecycle\ListenerFragment.java,com.app.hubert.guide.lifecycle.ListenerFragment,onStart/0,false,16,2,2,0,2,2,3,5,0,0,0,3,0,0,0,1,0,0,1,0,0,0,1,0,0,0,6,1,0,false
c:\Users\arthur.menezes_evolu\Desktop\Pes\NewbieGuide\guide\src\main\java\com\app\hubert\guide\lifecycle\ListenerFragment.java,com.app.hubert.guide.lifecycle.ListenerFragment,onDestroy/0,false,35,2,2,0,2,2,3,5,0,0,0,3,0,0,0,1,0,0,1,0,0,0,1,0,0,0,6,1,0,false
c:\Users\arthur.menezes_evolu\Desktop\Pes\NewbieGuide\app\src\main\java\com\app\hubert\newbieguide\MainActivity.java,com.app.hubert.newbieguide.MainActivity$Anonymous4,onPageChanged/1[int],false,86,0,0,0,0,1,2,3,0,0,1,2,0,0,0,0,0,0,1,0,0,1,0,0,0,0,4,1,0,false
c:\Users\arthur.menezes_evolu\Desktop\Pes\NewbieGuide\app\src\main\java\com\app\hubert\newbieguide\MainActivity.java,com.app.hubert.newbieguide.MainActivity$Anonymous3,onRemoved/1[com.app.hubert.guide.core.Controller],false,78,1,0,0,0,1,1,3,0,0,1,1,0,0,0,0,0,0,1,0,0,0,0,0,0,0,4,1,0,false
c:\Users\arthur.menezes_evolu\Desktop\Pes\NewbieGuide\app\src\main\java\com\app\hubert\newbieguide\MainActivity.java,com.app.hubert.newbieguide.MainActivity$Anonymous3,onShowed/1[com.app.hubert.guide.core.Controller],false,72,1,0,0,0,1,1,3,0,0,1,1,0,0,0,0,0,0,1,0,0,0,0,0,0,0,4,1,0,false
c:\Users\arthur.menezes_evolu\Desktop\Pes\NewbieGuide\app\src\main\java\com\app\hubert\newbieguide\MainActivity.java,com.app.hubert.newbieguide.MainActivity,onCreate/1[com.app.hubert.newbieguide.Bundle],false,36,12,6,0,6,1,25,71,0,6,1,25,0,0,0,0,0,0,1,8,6,0,0,8,0,0,47,4,0,false
c:\Users\arthur.menezes_evolu\Desktop\Pes\NewbieGuide\app\src\main\java\com\app\hubert\newbieguide\MainActivity.java,com.app.hubert.newbieguide.MainActivity,start/1[com.app.hubert.newbieguide.Context],false,30,3,1,1,0,1,1,4,0,1,1,1,0,0,0,0,0,0,0,0,1,0,0,0,0,0,5,9,0,false
c:\Users\arthur.menezes_evolu\Desktop\Pes\NewbieGuide\app\src\main\java\com\app\hubert\newbieguide\MainActivity.java,com.app.hubert.newbieguide.MainActivity$Anonymous6,"onLayoutInflated/2[com.app.hubert.newbieguide.View,com.app.hubert.guide.core.Controller]",false,106,3,0,0,0,1,2,4,0,1,2,2,0,0,0,0,0,0,1,0,1,0,0,0,0,0,7,1,0,false
c:\Users\arthur.menezes_evolu\Desktop\Pes\NewbieGuide\app\src\main\java\com\app\hubert\newbieguide\MainActivity.java,com.app.hubert.newbieguide.MainActivity$Anonymous5,"offsetMargin/3[com.app.hubert.guide.model.RelativeGuide.MarginInfo,com.app.hubert.newbieguide.ViewGroup,com.app.hubert.newbieguide.View]",false,98,3,0,0,0,1,0,3,0,0,3,0,0,0,0,0,0,0,0,1,1,0,0,0,0,0,4,4,0,false
c:\Users\arthur.menezes_evolu\Desktop\Pes\NewbieGuide\guide\src\main\java\com\app\hubert\guide\listener\OnLayoutInflatedListener.java,com.app.hubert.guide.listener.OnLayoutInflatedListener,"onLayoutInflated/2[com.app.hubert.guide.listener.View,com.app.hubert.guide.core.Controller]",false,15,2,1,1,0,1,0,1,0,0,2,0,0,0,0,0,0,0,0,0,0,0,0,0,0,0,7,0,0,true
c:\Users\arthur.menezes_evolu\Desktop\Pes\NewbieGuide\guide\src\main\java\com\app\hubert\guide\util\ViewUtils.java,com.app.hubert.guide.util.ViewUtils,"getLocationInView/2[com.app.hubert.guide.util.View,com.app.hubert.guide.util.View]",false,17,8,2,1,1,13,13,48,2,9,2,13,0,0,1,7,0,2,6,0,18,6,2,0,0,0,46,9,0,false
c:\Users\arthur.menezes_evolu\Desktop\Pes\NewbieGuide\guide\src\main\java\com\app\hubert\guide\model\RelativeGuide.java,com.app.hubert.guide.model.RelativeGuide$MarginInfo,toString/0,false,38,0,1,1,0,1,0,3,1,0,0,0,0,0,0,0,0,0,6,0,0,2,0,0,0,0,8,1,0,false
c:\Users\arthur.menezes_evolu\Desktop\Pes\NewbieGuide\app\src\main\java\com\app\hubert\newbieguide\FirstActivity.java,com.app.hubert.newbieguide.FirstActivity$Anonymous8,onClick/1[com.app.hubert.newbieguide.View],false,132,2,19,0,19,1,1,3,0,0,1,1,0,0,0,0,0,0,0,0,0,0,0,0,0,0,4,1,0,false
c:\Users\arthur.menezes_evolu\Desktop\Pes\NewbieGuide\app\src\main\java\com\app\hubert\newbieguide\App.java,com.app.hubert.newbieguide.App,onCreate/0,false,18,0,0,0,0,2,3,8,1,0,0,3,0,0,0,0,0,0,0,0,2,0,1,0,0,0,5,1,0,false
c:\Users\arthur.menezes_evolu\Desktop\Pes\NewbieGuide\app\src\main\java\com\app\hubert\newbieguide\App.java,com.app.hubert.newbieguide.App,getInstance/0,false,30,1,0,0,0,1,0,3,1,0,0,0,0,0,0,0,0,0,0,0,0,0,0,0,0,0,4,9,0,false
c:\Users\arthur.menezes_evolu\Desktop\Pes\NewbieGuide\app\src\main\java\com\app\hubert\newbieguide\App.java,com.app.hubert.newbieguide.App,getRefWatcher/0,false,34,1,0,0,0,1,0,3,1,0,0,0,0,0,0,0,0,0,0,0,0,0,0,0,0,0,4,1,0,false
c:\Users\arthur.menezes_evolu\Desktop\Pes\NewbieGuide\app\src\main\java\com\app\hubert\newbieguide\FirstActivity.java,com.app.hubert.newbieguide.FirstActivity$Anonymous9,onClick/1[com.app.hubert.newbieguide.View],false,139,2,19,0,19,1,1,3,0,0,1,1,0,0,0,0,0,0,0,0,0,0,0,0,0,0,4,1,0,false
c:\Users\arthur.menezes_evolu\Desktop\Pes\NewbieGuide\app\src\main\java\com\app\hubert\newbieguide\FirstActivity.java,com.app.hubert.newbieguide.FirstActivity$Anonymous6,onClick/1[com.app.hubert.newbieguide.View],false,109,4,19,0,19,1,8,11,0,0,1,8,0,0,0,0,0,0,1,0,0,0,0,1,0,0,14,1,0,false
c:\Users\arthur.menezes_evolu\Desktop\Pes\NewbieGuide\app\src\main\java\com\app\hubert\newbieguide\FirstActivity.java,com.app.hubert.newbieguide.FirstActivity$Anonymous10,onClick/1[com.app.hubert.newbieguide.View],false,145,2,19,0,19,1,1,3,0,0,1,1,0,0,0,0,0,0,0,0,0,0,0,0,0,0,4,1,0,false
c:\Users\arthur.menezes_evolu\Desktop\Pes\NewbieGuide\app\src\main\java\com\app\hubert\newbieguide\FirstActivity.java,com.app.hubert.newbieguide.FirstActivity$Anonymous6$Anonymous7,onRemoved/1[com.app.hubert.guide.core.Controller],false,120,1,0,0,0,1,2,3,0,0,1,2,0,0,0,0,0,0,1,0,0,0,0,0,0,0,4,1,0,false
c:\Users\arthur.menezes_evolu\Desktop\Pes\NewbieGuide\app\src\main\java\com\app\hubert\newbieguide\FirstActivity.java,com.app.hubert.newbieguide.FirstActivity$Anonymous6$Anonymous7,onShowed/1[com.app.hubert.guide.core.Controller],false,115,1,0,0,0,1,2,3,0,0,1,2,0,0,0,0,0,0,1,0,0,0,0,0,0,0,4,1,0,false
c:\Users\arthur.menezes_evolu\Desktop\Pes\NewbieGuide\app\src\main\java\com\app\hubert\newbieguide\TestFragmentActivity.java,com.app.hubert.newbieguide.TestFragmentActivity,onCreate/1[com.app.hubert.newbieguide.Bundle],false,29,4,0,0,0,1,4,18,0,2,1,4,0,0,0,0,0,0,0,0,2,0,0,2,0,0,21,4,0,false
c:\Users\arthur.menezes_evolu\Desktop\Pes\NewbieGuide\app\src\main\java\com\app\hubert\newbieguide\TestFragmentActivity.java,com.app.hubert.newbieguide.TestFragmentActivity,start/1[com.app.hubert.newbieguide.Context],false,23,3,1,1,0,1,1,4,0,1,1,1,0,0,0,0,0,0,0,0,1,0,0,0,0,0,5,9,0,false
c:\Users\arthur.menezes_evolu\Desktop\Pes\NewbieGuide\app\src\main\java\com\app\hubert\newbieguide\FirstActivity.java,com.app.hubert.newbieguide.FirstActivity$Anonymous11,onClick/1[com.app.hubert.newbieguide.View],false,153,6,19,0,19,1,10,16,0,2,1,10,0,0,0,0,0,0,1,1,2,0,0,2,0,0,18,1,0,false
c:\Users\arthur.menezes_evolu\Desktop\Pes\NewbieGuide\app\src\main\java\com\app\hubert\newbieguide\FirstActivity.java,com.app.hubert.newbieguide.FirstActivity$Anonymous14,onClick/1[com.app.hubert.newbieguide.View],false,181,4,19,0,19,1,7,3,0,0,1,7,0,0,0,0,0,0,1,4,0,0,0,0,0,0,7,1,0,false
c:\Users\arthur.menezes_evolu\Desktop\Pes\NewbieGuide\app\src\main\java\com\app\hubert\newbieguide\RecyclerViewActivity.java,com.app.hubert.newbieguide.RecyclerViewActivity$Anonymous3,run/0,false,80,3,8,0,8,1,10,9,0,0,0,10,0,0,0,0,0,0,1,1,0,0,0,1,0,0,12,1,0,false
c:\Users\arthur.menezes_evolu\Desktop\Pes\NewbieGuide\app\src\main\java\com\app\hubert\newbieguide\MainActivity.java,com.app.hubert.newbieguide.MainActivity$Anonymous2,onClick/1[com.app.hubert.newbieguide.View],false,51,2,19,0,19,1,1,3,0,0,1,1,0,0,0,0,0,0,0,0,0,0,0,0,0,0,4,1,0,false
c:\Users\arthur.menezes_evolu\Desktop\Pes\NewbieGuide\app\src\main\java\com\app\hubert\newbieguide\MainActivity.java,com.app.hubert.newbieguide.MainActivity$Anonymous1,onClick/1[com.app.hubert.newbieguide.View],false,44,2,19,0,19,1,1,3,0,0,1,1,0,0,0,0,0,0,0,0,0,0,0,0,0,0,4,1,0,false
c:\Users\arthur.menezes_evolu\Desktop\Pes\NewbieGuide\app\src\main\java\com\app\hubert\newbieguide\RecyclerViewActivity.java,com.app.hubert.newbieguide.RecyclerViewActivity$Anonymous1,"onScrollStateChanged/2[com.app.hubert.newbieguide.RecyclerView,int]",false,49,4,4,0,4,4,13,17,0,3,2,13,0,0,0,1,0,0,1,1,3,0,2,1,0,0,22,1,0,false
