file,class,type,cbo,cboModified,fanin,fanout,wmc,dit,noc,rfc,lcom,lcom*,tcc,lcc,totalMethodsQty,staticMethodsQty,publicMethodsQty,privateMethodsQty,protectedMethodsQty,defaultMethodsQty,visibleMethodsQty,abstractMethodsQty,finalMethodsQty,synchronizedMethodsQty,totalFieldsQty,staticFieldsQty,publicFieldsQty,privateFieldsQty,protectedFieldsQty,defaultFieldsQty,finalFieldsQty,synchronizedFieldsQty,nosi,loc,returnQty,loopQty,comparisonsQty,tryCatchQty,parenthesizedExpsQty,stringLiteralsQty,numbersQty,assignmentsQty,mathOperationsQty,variablesQty,maxNestedBlocksQty,anonymousClassesQty,innerClassesQty,lambdasQty,uniqueWordsQty,modifiers,logStatementsQty
c:\Users\arthur.menezes_evolu\Desktop\Pes\android-maps-utils\library\src\main\java\com\google\maps\android\data\kml\KmlTrack.java,com.google.maps.android.data.kml.KmlTrack,class,2,6,4,2,3,3,0,0,0,0.33333334,0.0,0.0,3,0,3,0,0,0,3,0,0,0,2,0,0,2,0,0,2,0,0,15,2,0,0,0,0,0,0,2,0,2,0,0,0,0,22,1,0
c:\Users\arthur.menezes_evolu\Desktop\Pes\android-maps-utils\library\src\main\java\com\google\maps\android\ui\AnimationUtil.java,com.google.maps.android.ui.AnimationUtil$LatLngInterpolator$Linear,innerclass,2,2,0,2,2,1,0,2,0,0.0,NaN,NaN,1,0,1,0,0,0,1,0,0,0,0,0,0,0,0,0,0,0,2,11,1,0,0,0,1,0,2,4,7,3,1,0,0,0,10,0,0
c:\Users\arthur.menezes_evolu\Desktop\Pes\android-maps-utils\library\src\main\java\com\google\maps\android\clustering\algo\PreCachingAlgorithmDecorator.java,com.google.maps.android.clustering.algo.PreCachingAlgorithmDecorator$PrecacheRunnable,innerclass,1,1,0,1,3,1,0,3,0,0.0,0.0,0.0,2,0,2,0,0,0,2,0,0,0,1,0,0,1,0,0,1,0,2,14,0,0,0,1,1,0,2,1,2,1,1,0,0,0,12,2,0
c:\Users\arthur.menezes_evolu\Desktop\Pes\android-maps-utils\library\src\test\java\com\google\maps\android\data\geojson\GeoJsonPointTest.java,com.google.maps.android.data.geojson.GeoJsonPointTest,class,3,3,0,3,4,1,0,6,3,0.0,0.0,0.0,3,0,3,0,0,0,3,0,0,0,0,0,0,0,0,0,0,0,0,21,0,0,0,1,0,2,10,3,0,3,1,0,0,0,23,1,0
c:\Users\arthur.menezes_evolu\Desktop\Pes\android-maps-utils\library\src\main\java\com\google\maps\android\data\kml\KmlStyleParser.java,com.google.maps.android.data.kml.KmlStyleParser,class,4,8,4,4,56,1,0,35,28,0.8461539,0.0,0.0,9,9,0,7,0,2,2,0,0,0,13,13,0,13,0,0,13,0,14,161,2,7,15,1,7,35,0,38,4,29,3,0,0,0,106,0,0
c:\Users\arthur.menezes_evolu\Desktop\Pes\android-maps-utils\library\src\test\java\com\google\maps\android\data\geojson\GeoJsonMultiPolygonTest.java,com.google.maps.android.data.geojson.GeoJsonMultiPolygonTest,class,4,4,0,4,3,1,0,8,0,0.0,0.0,0.0,2,0,2,0,0,0,2,0,0,0,1,0,0,1,0,0,0,0,6,37,0,0,0,1,0,2,48,11,0,5,1,0,0,0,24,1,0
c:\Users\arthur.menezes_evolu\Desktop\Pes\android-maps-utils\library\src\test\java\com\google\maps\android\data\kml\KmlStyleTest.java,com.google.maps.android.data.kml.KmlStyleTest,class,7,7,0,7,17,1,0,29,105,0.0,0.0,0.0,15,0,15,0,0,0,15,0,0,0,0,0,0,0,0,0,0,0,2,125,2,0,0,0,0,19,16,17,0,17,1,0,0,0,44,1,0
c:\Users\arthur.menezes_evolu\Desktop\Pes\android-maps-utils\demo\src\main\java\com\google\maps\android\utils\demo\BigClusteringDemoActivity.java,com.google.maps.android.utils.demo.BigClusteringDemoActivity,class,6,8,2,6,6,3,0,12,0,0.0,NaN,NaN,2,0,0,1,1,0,1,0,0,0,1,0,0,1,0,0,0,0,0,30,0,2,0,1,0,1,6,9,3,9,2,0,0,0,41,1,0
c:\Users\arthur.menezes_evolu\Desktop\Pes\android-maps-utils\library\src\main\java\com\google\maps\android\quadtree\PointQuadTree.java,com.google.maps.android.quadtree.PointQuadTree$Item,interface,1,1,0,1,1,1,0,0,0,0.0,NaN,NaN,1,0,0,0,0,1,1,0,0,0,0,0,0,0,0,0,0,0,0,3,0,0,0,0,0,0,0,0,0,0,0,0,0,0,3,1,0
c:\Users\arthur.menezes_evolu\Desktop\Pes\android-maps-utils\library\src\main\java\com\google\maps\android\quadtree\PointQuadTree.java,com.google.maps.android.quadtree.PointQuadTree,class,5,10,5,5,35,1,0,17,16,0.6944444,0.0,0.0,12,0,6,6,0,0,6,0,0,0,6,2,0,6,0,0,4,0,0,140,11,3,7,0,0,0,16,13,4,10,4,0,1,0,82,1,0
c:\Users\arthur.menezes_evolu\Desktop\Pes\android-maps-utils\library\src\main\java\com\google\maps\android\data\Style.java,com.google.maps.android.data.Style,class,3,7,4,3,9,2,4,9,1,0.64285713,0.0,0.0,7,0,7,0,0,0,7,0,0,0,4,1,0,1,3,0,1,0,0,45,1,0,0,0,0,5,2,8,0,6,1,0,0,0,79,1025,0
c:\Users\arthur.menezes_evolu\Desktop\Pes\android-maps-utils\library\src\main\java\com\google\maps\android\data\geojson\GeoJsonMultiPoint.java,com.google.maps.android.data.geojson.GeoJsonMultiPoint,class,3,7,4,3,4,2,0,4,3,0.0,0.0,0.0,3,0,3,0,0,0,3,0,0,0,0,0,0,0,0,0,0,0,0,18,2,1,0,0,0,1,0,3,0,3,1,0,0,0,33,1,0
c:\Users\arthur.menezes_evolu\Desktop\Pes\android-maps-utils\library\src\main\java\com\google\maps\android\PolyUtil.java,com.google.maps.android.PolyUtil,class,6,10,4,6,90,1,0,46,219,0.8181818,0.0,0.0,22,21,14,8,0,0,14,0,0,0,1,1,1,0,0,0,1,0,86,336,40,12,8,0,36,2,118,138,129,107,5,0,0,0,298,1,0
c:\Users\arthur.menezes_evolu\Desktop\Pes\android-maps-utils\library\src\test\java\com\google\maps\android\data\geojson\GeoJsonLineStringStyleTest.java,com.google.maps.android.data.geojson.GeoJsonLineStringStyleTest,class,5,5,0,5,9,1,0,25,0,0.0,0.0,0.0,9,0,9,0,0,0,9,0,0,0,1,0,0,1,0,0,0,0,3,59,0,0,0,0,0,6,22,1,0,1,0,0,0,0,29,1,0
c:\Users\arthur.menezes_evolu\Desktop\Pes\android-maps-utils\library\src\main\java\com\google\maps\android\clustering\algo\NonHierarchicalDistanceBasedAlgorithm.java,com.google.maps.android.clustering.algo.NonHierarchicalDistanceBasedAlgorithm,class,12,17,5,12,27,2,0,27,20,0.7538462,0.0,0.0,13,0,10,2,1,0,11,0,0,0,5,2,0,5,0,0,4,0,1,168,11,5,2,0,4,0,11,32,13,28,5,0,1,0,144,1,0
c:\Users\arthur.menezes_evolu\Desktop\Pes\android-maps-utils\library\src\main\java\com\google\maps\android\data\geojson\GeoJsonParser.java,com.google.maps.android.data.geojson.GeoJsonParser,class,15,19,4,15,65,1,0,44,201,0.9136362,0.0,0.0,22,17,4,18,0,0,4,0,0,0,20,17,0,20,0,0,19,0,27,264,32,10,6,5,1,34,15,68,4,61,4,0,1,0,175,1,0
c:\Users\arthur.menezes_evolu\Desktop\Pes\android-maps-utils\demo\src\main\java\com\google\maps\android\utils\demo\HeatmapsPlacesDemoActivity.java,com.google.maps.android.utils.demo.HeatmapsPlacesDemoActivity$HeatmapColors,enum,0,0,0,0,1,1,0,1,0,0.0,NaN,NaN,1,0,0,0,0,1,1,0,0,0,1,0,0,1,0,0,1,0,0,5,0,0,0,0,0,0,15,1,0,1,0,0,0,0,16,1,0
c:\Users\arthur.menezes_evolu\Desktop\Pes\android-maps-utils\demo\src\main\java\com\google\maps\android\utils\demo\MyItemReader.java,com.google.maps.android.utils.demo.MyItemReader,class,3,8,5,3,4,1,0,8,0,0.0,NaN,NaN,1,0,1,0,0,0,1,0,0,0,1,1,0,1,0,0,1,0,0,23,1,1,0,0,0,7,1,12,0,10,2,0,0,0,38,1,0
c:\Users\arthur.menezes_evolu\Desktop\Pes\android-maps-utils\library\src\main\java\com\google\maps\android\data\MultiGeometry.java,com.google.maps.android.data.MultiGeometry,class,3,13,10,3,10,1,5,7,2,0.5,0.0,0.0,5,0,5,0,0,0,5,0,0,0,2,0,0,2,0,0,0,0,0,39,3,1,1,0,0,12,0,9,1,5,1,0,0,0,50,1,0
c:\Users\arthur.menezes_evolu\Desktop\Pes\android-maps-utils\library\src\test\java\com\google\maps\android\data\kml\KmlContainerParserTest.java,com.google.maps.android.data.kml.KmlContainerParserTest,class,8,8,0,8,6,1,0,14,10,0.0,0.0,0.0,5,0,5,0,0,0,5,0,0,0,0,0,0,0,0,0,0,0,14,41,0,1,0,0,0,13,5,15,0,11,1,0,0,0,36,1,0
c:\Users\arthur.menezes_evolu\Desktop\Pes\android-maps-utils\library\src\main\java\com\google\maps\android\collections\MapObjectManager.java,com.google.maps.android.collections.MapObjectManager,class,7,19,12,7,9,1,0,7,19,0.8095238,0.0,0.0,7,0,5,0,1,1,7,3,0,0,3,0,0,1,2,0,3,0,0,59,3,0,2,0,0,1,0,5,1,5,1,1,1,0,83,1024,0
c:\Users\arthur.menezes_evolu\Desktop\Pes\android-maps-utils\library\src\main\java\com\google\maps\android\clustering\algo\AbstractAlgorithm.java,com.google.maps.android.clustering.algo.AbstractAlgorithm,class,2,7,5,2,2,1,0,3,0,0.0,0.0,0.0,2,0,2,0,0,0,2,0,0,0,1,0,0,1,0,0,1,0,0,9,0,0,0,0,0,0,0,1,0,1,0,0,0,0,12,1025,0
c:\Users\arthur.menezes_evolu\Desktop\Pes\android-maps-utils\demo\src\main\java\com\google\maps\android\utils\demo\HeatmapsDemoActivity.java,com.google.maps.android.utils.demo.HeatmapsDemoActivity$SpinnerActivity,innerclass,9,9,0,9,3,1,0,20,1,0.0,0.0,0.0,2,0,2,0,0,0,2,0,0,0,0,0,0,0,0,0,0,0,1,18,0,0,1,0,0,0,0,4,0,2,1,0,0,0,25,1,0
c:\Users\arthur.menezes_evolu\Desktop\Pes\android-maps-utils\library\src\main\java\com\google\maps\android\clustering\view\DefaultAdvancedMarkersClusterRenderer.java,com.google.maps.android.clustering.view.DefaultAdvancedMarkersClusterRenderer$MarkerWithPosition,innerclass,3,3,0,3,4,1,0,3,0,0.33333334,0.0,0.0,3,0,2,1,0,0,2,0,0,0,2,0,0,2,0,0,1,0,0,17,3,0,0,0,1,0,0,2,0,2,1,0,0,0,27,10,0
c:\Users\arthur.menezes_evolu\Desktop\Pes\android-maps-utils\library\src\main\java\com\google\maps\android\data\kml\KmlFeatureParser.java,com.google.maps.android.data.kml.KmlFeatureParser,class,17,21,4,17,91,1,0,43,126,0.9197861,0.0,0.0,17,17,0,15,0,2,2,0,0,0,11,11,0,11,0,0,11,0,33,291,24,14,25,1,12,50,8,88,0,65,4,0,1,0,175,0,0
c:\Users\arthur.menezes_evolu\Desktop\Pes\android-maps-utils\library\src\test\java\com\google\maps\android\data\kml\KmlMultiTrackTest.java,com.google.maps.android.data.kml.KmlMultiTrackTest,class,7,8,1,7,5,1,0,14,6,0.0,0.0,0.0,4,0,3,1,0,0,3,0,0,0,0,0,0,0,0,0,0,0,0,44,1,0,0,1,1,4,14,9,0,9,1,0,0,0,38,1,0
c:\Users\arthur.menezes_evolu\Desktop\Pes\android-maps-utils\demo\src\main\java\com\google\maps\android\utils\demo\ClusteringViewModel.java,com.google.maps.android.utils.demo.ClusteringViewModel,class,8,9,1,8,4,2,0,6,0,0.0,0.0,0.0,2,0,0,0,0,2,2,0,0,0,1,0,0,1,0,0,0,0,0,26,1,2,0,1,0,0,5,9,3,9,3,0,0,0,31,1,0
c:\Users\arthur.menezes_evolu\Desktop\Pes\android-maps-utils\library\src\main\java\com\google\maps\android\data\geojson\GeoJsonLineString.java,com.google.maps.android.data.geojson.GeoJsonLineString,class,2,10,8,2,5,2,0,2,8,0.6,0.0,0.0,5,0,5,0,0,0,5,0,0,0,1,0,0,1,0,0,1,0,0,19,3,0,0,0,0,0,0,1,0,1,0,0,0,0,35,1,0
c:\Users\arthur.menezes_evolu\Desktop\Pes\android-maps-utils\library\src\main\java\com\google\maps\android\clustering\Cluster.java,com.google.maps.android.clustering.Cluster,interface,2,28,26,2,3,1,0,0,3,0.0,0.0,0.0,3,0,0,0,0,3,3,0,0,0,0,0,0,0,0,0,0,0,0,5,0,0,0,0,0,0,0,0,0,0,0,0,0,0,15,1,0
c:\Users\arthur.menezes_evolu\Desktop\Pes\android-maps-utils\demo\src\main\java\com\google\maps\android\utils\demo\HeatmapsPlacesDemoActivity.java,com.google.maps.android.utils.demo.HeatmapsPlacesDemoActivity$MakeOverlayTask,innerclass,10,10,0,10,7,2,0,16,1,0.0,0.0,0.0,2,0,0,0,2,0,2,0,0,0,0,0,0,0,0,0,0,0,0,36,3,0,3,0,0,1,2,6,0,6,2,0,0,0,60,2,0
c:\Users\arthur.menezes_evolu\Desktop\Pes\android-maps-utils\library\src\test\java\com\google\maps\android\data\kml\KmlMultiGeometryTest.java,com.google.maps.android.data.kml.KmlMultiGeometryTest,class,7,8,1,7,5,1,0,11,6,0.0,0.0,0.0,4,0,3,1,0,0,3,0,0,0,0,0,0,0,0,0,0,0,0,34,1,0,0,1,1,2,8,6,0,6,1,0,0,0,24,1,0
c:\Users\arthur.menezes_evolu\Desktop\Pes\android-maps-utils\demo\src\main\java\com\google\maps\android\utils\demo\HeatmapsPlacesDemoActivity.java,com.google.maps.android.utils.demo.HeatmapsPlacesDemoActivity,class,21,24,3,21,24,4,0,52,9,0.7692308,0.0,0.0,7,0,1,4,2,0,3,0,0,0,13,7,1,12,0,0,9,0,1,186,9,4,7,2,2,31,24,43,7,44,4,0,3,5,228,1,0
c:\Users\arthur.menezes_evolu\Desktop\Pes\android-maps-utils\library\src\main\java\com\google\maps\android\data\geojson\GeoJsonGeometryCollection.java,com.google.maps.android.data.geojson.GeoJsonGeometryCollection,class,2,5,3,2,3,2,0,3,3,0.0,0.0,0.0,3,0,3,0,0,0,3,0,0,0,0,0,0,0,0,0,0,0,0,12,2,0,0,0,0,1,0,0,0,0,0,0,0,0,33,1,0
c:\Users\arthur.menezes_evolu\Desktop\Pes\android-maps-utils\library\src\main\java\com\google\maps\android\data\geojson\GeoJsonParser.java,com.google.maps.android.data.geojson.GeoJsonParser$LatLngAlt,innerclass,1,1,0,1,1,1,0,0,0,0.0,NaN,NaN,1,0,0,0,0,1,1,0,0,0,2,0,2,0,0,0,2,0,0,8,0,0,0,0,0,0,0,2,0,2,0,0,0,0,32,10,0
c:\Users\arthur.menezes_evolu\Desktop\Pes\android-maps-utils\library\src\main\java\com\google\maps\android\data\kml\KmlMultiGeometry.java,com.google.maps.android.data.kml.KmlMultiGeometry,class,4,11,7,4,3,2,1,6,3,0.0,0.0,0.0,3,0,3,0,0,0,3,0,0,0,0,0,0,0,0,0,0,0,0,15,2,0,0,0,0,3,0,2,0,2,0,0,0,0,29,1,0
c:\Users\arthur.menezes_evolu\Desktop\Pes\android-maps-utils\library\src\main\java\com\google\maps\android\data\Renderer.java,com.google.maps.android.data.Renderer,class,49,58,9,49,178,1,2,153,1738,0.9449728,0.0,0.0,64,1,9,20,29,6,44,0,0,0,23,3,0,23,0,0,13,0,8,660,47,11,33,1,20,37,7,113,5,83,3,1,1,3,358,1,0
c:\Users\arthur.menezes_evolu\Desktop\Pes\android-maps-utils\library\src\test\java\com\google\maps\android\clustering\QuadItemTest.java,com.google.maps.android.clustering.QuadItemTest$TestingItem,innerclass,4,4,0,4,7,1,0,0,5,0.5,0.0,0.0,7,0,5,0,0,2,7,0,0,0,2,0,0,2,0,0,1,0,0,27,4,0,0,0,0,1,0,5,0,2,0,0,0,0,17,10,0
c:\Users\arthur.menezes_evolu\Desktop\Pes\android-maps-utils\library\src\main\java\com\google\maps\android\clustering\ClusterManager.java,com.google.maps.android.clustering.ClusterManager$OnClusterItemInfoWindowClickListener,interface,1,1,0,1,1,1,0,0,0,0.0,NaN,NaN,1,0,0,0,0,1,1,0,0,0,0,0,0,0,0,0,0,0,0,3,0,0,0,0,0,0,0,0,0,0,0,0,0,0,13,1,0
c:\Users\arthur.menezes_evolu\Desktop\Pes\android-maps-utils\library\src\main\java\com\google\maps\android\data\geojson\GeoJsonPolygonStyle.java,com.google.maps.android.data.geojson.GeoJsonPolygonStyle,class,6,15,9,6,23,3,0,39,251,0.9130435,0.0,0.0,23,0,22,1,0,0,22,0,0,0,1,1,0,1,0,0,1,0,1,105,12,0,0,0,0,15,0,4,0,3,0,0,0,0,108,1,0
c:\Users\arthur.menezes_evolu\Desktop\Pes\android-maps-utils\library\src\main\java\com\google\maps\android\clustering\view\DefaultAdvancedMarkersClusterRenderer.java,com.google.maps.android.clustering.view.DefaultAdvancedMarkersClusterRenderer$MarkerModifier,innerclass,11,11,0,11,24,2,0,31,0,0.68686867,0.0,0.0,11,0,8,3,0,0,8,0,0,0,9,1,0,9,0,0,3,0,0,124,2,2,0,3,1,1,4,12,0,11,3,0,0,0,115,2,0
c:\Users\arthur.menezes_evolu\Desktop\Pes\android-maps-utils\demo\src\main\java\com\google\maps\android\utils\demo\MainActivity.java,com.google.maps.android.utils.demo.MainActivity,class,27,28,1,27,4,2,0,14,1,0.33333334,0.0,0.0,3,0,1,1,1,0,2,0,0,0,1,0,0,1,0,0,0,0,0,43,0,0,0,0,0,20,0,4,0,4,1,0,0,0,58,1,0
c:\Users\arthur.menezes_evolu\Desktop\Pes\android-maps-utils\library\src\test\java\com\google\maps\android\data\kml\KmlLineStringTest.java,com.google.maps.android.data.kml.KmlLineStringTest,class,5,6,1,5,6,1,0,14,15,0.0,0.0,0.0,6,0,3,3,0,0,3,0,0,0,0,0,0,0,0,0,0,0,0,64,3,0,0,0,0,2,50,10,0,7,0,0,0,0,26,1,0
c:\Users\arthur.menezes_evolu\Desktop\Pes\android-maps-utils\library\src\test\java\com\google\maps\android\data\kml\KmlRendererTest.java,com.google.maps.android.data.kml.KmlRendererTest,class,10,10,0,10,4,1,0,21,1,0.5555556,0.0,0.0,3,0,3,0,0,0,3,0,0,0,3,0,0,2,0,1,0,0,1,38,0,1,0,0,2,14,0,8,0,9,1,0,0,0,33,1,0
c:\Users\arthur.menezes_evolu\Desktop\Pes\android-maps-utils\demo\src\main\java\com\google\maps\android\utils\demo\KmlDemoActivity.java,com.google.maps.android.utils.demo.KmlDemoActivity,class,16,20,4,16,12,6,0,30,19,0.78571427,0.0,0.0,7,0,1,5,1,0,2,0,0,0,2,0,0,2,0,0,0,0,1,121,3,1,1,2,0,2,1,10,1,10,2,0,3,1,53,1,0
c:\Users\arthur.menezes_evolu\Desktop\Pes\android-maps-utils\library\src\test\java\com\google\maps\android\data\kml\KmlParserTest.java,com.google.maps.android.data.kml.KmlParserTest,class,11,11,0,11,7,1,0,34,15,0.0,0.0,0.0,6,0,6,0,0,0,6,0,0,0,0,0,0,0,0,0,0,0,6,74,0,1,0,0,0,13,15,23,0,23,1,0,0,0,37,1,0
c:\Users\arthur.menezes_evolu\Desktop\Pes\android-maps-utils\library\src\main\java\com\google\maps\android\data\Layer.java,com.google.maps.android.data.Layer,class,11,18,7,11,28,1,2,20,0,0.04761905,0.0,0.0,21,0,12,0,9,0,21,1,0,0,1,0,0,1,0,0,0,0,0,91,15,0,0,0,7,2,0,1,0,1,1,0,1,0,145,1025,0
c:\Users\arthur.menezes_evolu\Desktop\Pes\android-maps-utils\library\src\test\java\com\google\maps\android\data\geojson\BiMultiMapTest.java,com.google.maps.android.data.geojson.BiMultiMapTest,class,2,2,0,2,7,1,0,9,3,0.0,0.0,0.0,3,0,3,0,0,0,3,0,0,0,0,0,0,0,0,0,0,0,2,48,0,4,0,0,0,8,6,9,0,9,1,0,0,0,14,1,0
c:\Users\arthur.menezes_evolu\Desktop\Pes\android-maps-utils\library\src\main\java\com\google\maps\android\clustering\algo\NonHierarchicalDistanceBasedAlgorithm.java,com.google.maps.android.clustering.algo.NonHierarchicalDistanceBasedAlgorithm$QuadItem,innerclass,8,8,0,8,8,1,0,5,9,0.6785714,0.0,0.0,7,0,6,1,0,0,6,0,0,0,4,0,0,4,0,0,3,0,1,33,7,0,0,0,2,0,1,4,0,4,1,0,0,0,21,12,0
c:\Users\arthur.menezes_evolu\Desktop\Pes\android-maps-utils\library\src\main\java\com\google\maps\android\clustering\view\DefaultClusterRenderer.java,com.google.maps.android.clustering.view.DefaultClusterRenderer$MarkerWithPosition,innerclass,3,3,0,3,4,1,0,3,0,0.33333334,0.0,0.0,3,0,2,1,0,0,2,0,0,0,2,0,0,2,0,0,1,0,0,17,3,0,0,0,1,0,0,2,0,2,1,0,0,0,27,10,0
c:\Users\arthur.menezes_evolu\Desktop\Pes\android-maps-utils\library\src\test\java\com\google\maps\android\clustering\QuadItemTest.java,com.google.maps.android.clustering.QuadItemTest,class,4,4,0,4,4,1,0,16,1,0.0,0.0,0.0,2,0,2,0,0,0,2,0,0,0,0,0,0,0,0,0,0,0,3,65,0,2,0,0,0,3,13,8,0,8,1,0,1,0,48,1,0
c:\Users\arthur.menezes_evolu\Desktop\Pes\android-maps-utils\library\src\test\java\com\google\maps\android\SphericalUtilTest.java,com.google.maps.android.SphericalUtilTest,class,4,5,1,4,19,1,0,25,28,0.5784314,0.0,0.0,17,4,13,4,0,0,13,0,0,0,6,0,0,6,0,0,6,0,176,171,3,0,0,0,0,0,291,26,84,17,0,0,0,0,66,1,0
c:\Users\arthur.menezes_evolu\Desktop\Pes\android-maps-utils\library\src\main\java\com\google\maps\android\clustering\ClusterManager.java,com.google.maps.android.clustering.ClusterManager$OnClusterItemInfoWindowLongClickListener,interface,1,1,0,1,1,1,0,0,0,0.0,NaN,NaN,1,0,0,0,0,1,1,0,0,0,0,0,0,0,0,0,0,0,0,3,0,0,0,0,0,0,0,0,0,0,0,0,0,0,14,1,0
c:\Users\arthur.menezes_evolu\Desktop\Pes\android-maps-utils\library\src\main\java\com\google\maps\android\clustering\view\DefaultAdvancedMarkersClusterRenderer.java,com.google.maps.android.clustering.view.DefaultAdvancedMarkersClusterRenderer$CreateMarkerTask,innerclass,11,11,0,11,11,1,0,22,0,0.0,NaN,NaN,2,0,1,1,0,0,1,0,0,0,3,0,0,3,0,0,3,0,0,63,1,1,7,0,0,0,0,14,0,10,5,0,0,0,52,2,0
c:\Users\arthur.menezes_evolu\Desktop\Pes\android-maps-utils\library\src\main\java\com\google\maps\android\data\geojson\GeoJsonLineStringStyle.java,com.google.maps.android.data.geojson.GeoJsonLineStringStyle,class,6,15,9,6,19,3,0,32,169,0.8947368,0.0,0.0,19,0,18,1,0,0,18,0,0,0,1,1,0,1,0,0,1,0,1,87,10,0,0,0,0,13,0,4,0,3,0,0,0,0,103,1,0
c:\Users\arthur.menezes_evolu\Desktop\Pes\android-maps-utils\library\src\main\java\com\google\maps\android\clustering\ClusterManager.java,com.google.maps.android.clustering.ClusterManager$OnClusterInfoWindowClickListener,interface,2,2,0,2,1,1,0,0,0,0.0,NaN,NaN,1,0,0,0,0,1,1,0,0,0,0,0,0,0,0,0,0,0,0,3,0,0,0,0,0,0,0,0,0,0,0,0,0,0,11,1,0
c:\Users\arthur.menezes_evolu\Desktop\Pes\android-maps-utils\library\src\main\java\com\google\maps\android\clustering\view\DefaultClusterRenderer.java,com.google.maps.android.clustering.view.DefaultClusterRenderer$CreateMarkerTask,innerclass,11,11,0,11,11,1,0,22,0,0.0,NaN,NaN,2,0,1,1,0,0,1,0,0,0,3,0,0,3,0,0,3,0,0,62,1,1,7,0,0,0,0,13,0,9,5,0,0,0,48,2,0
c:\Users\arthur.menezes_evolu\Desktop\Pes\android-maps-utils\library\src\main\java\com\google\maps\android\data\kml\KmlRenderer.java,com.google.maps.android.data.kml.KmlRenderer$GroundOverlayImageDownload,innerclass,4,4,0,4,7,2,0,10,0,0.0,0.0,0.0,3,0,1,0,2,0,3,0,0,0,1,0,0,1,0,0,1,0,0,32,3,0,1,1,0,3,0,1,2,1,2,0,0,0,66,2,0
c:\Users\arthur.menezes_evolu\Desktop\Pes\android-maps-utils\library\src\main\java\com\google\maps\android\data\kml\KmlLayer.java,com.google.maps.android.data.kml.KmlLayer,class,18,23,5,18,19,2,0,35,66,0.0,0.0,0.0,12,2,10,2,0,0,10,0,0,0,0,0,0,0,0,0,0,0,3,88,7,1,6,1,0,5,1,14,1,11,5,0,0,0,146,1,0
c:\Users\arthur.menezes_evolu\Desktop\Pes\android-maps-utils\library\src\main\java\com\google\maps\android\data\kml\KmlPoint.java,com.google.maps.android.data.kml.KmlPoint,class,2,5,3,2,3,2,0,0,1,0.33333334,0.0,0.0,3,0,3,0,0,0,3,0,0,0,1,0,0,1,0,0,1,0,0,13,1,0,0,0,0,0,0,1,0,1,0,0,0,0,20,1,0
c:\Users\arthur.menezes_evolu\Desktop\Pes\android-maps-utils\library\src\test\java\com\google\maps\android\PolyUtilTest.java,com.google.maps.android.PolyUtilTest,class,6,7,1,6,32,1,0,32,229,0.90909094,0.0,0.0,22,8,10,12,0,0,10,0,0,0,1,1,0,1,0,0,1,0,165,302,1,7,1,0,0,5,551,87,88,37,1,0,0,0,164,1,0
c:\Users\arthur.menezes_evolu\Desktop\Pes\android-maps-utils\library\src\test\java\com\google\maps\android\data\geojson\GeoJsonMultiPointTest.java,com.google.maps.android.data.geojson.GeoJsonMultiPointTest,class,4,4,0,4,3,1,0,6,0,0.0,0.0,0.0,2,0,2,0,0,0,2,0,0,0,1,0,0,1,0,0,0,0,0,29,0,0,0,1,0,2,12,7,0,3,1,0,0,0,23,1,0
c:\Users\arthur.menezes_evolu\Desktop\Pes\android-maps-utils\library\src\main\java\com\google\maps\android\clustering\algo\StaticCluster.java,com.google.maps.android.clustering.algo.StaticCluster,class,5,9,4,5,10,1,0,7,0,0.33333334,0.0,0.0,9,0,9,0,0,0,9,0,0,0,2,0,0,2,0,0,2,0,0,34,9,0,0,0,3,3,0,2,3,2,1,0,0,0,30,1,0
c:\Users\arthur.menezes_evolu\Desktop\Pes\android-maps-utils\library\src\main\java\com\google\maps\android\data\kml\KmlStyle.java,com.google.maps.android.data.kml.KmlStyle,class,7,19,12,7,45,3,0,52,402,0.8976833,0.0,0.0,37,6,15,5,0,17,32,0,0,0,14,3,0,13,0,1,5,0,10,206,21,0,3,0,1,29,24,42,6,28,1,0,0,0,168,1,0
c:\Users\arthur.menezes_evolu\Desktop\Pes\android-maps-utils\library\src\main\java\com\google\maps\android\clustering\algo\NonHierarchicalViewBasedAlgorithm.java,com.google.maps.android.clustering.algo.NonHierarchicalViewBasedAlgorithm,class,11,15,4,11,9,3,0,5,7,0.625,0.0,0.0,6,0,4,1,1,0,5,0,0,0,4,1,0,4,0,0,1,0,2,45,4,0,1,0,0,0,19,15,8,11,1,0,0,0,90,1,0
c:\Users\arthur.menezes_evolu\Desktop\Pes\android-maps-utils\library\src\main\java\com\google\maps\android\data\kml\KmlUtil.java,com.google.maps.android.data.kml.KmlUtil,class,2,4,2,2,3,1,0,8,0,0.0,NaN,NaN,1,1,1,0,0,0,1,0,0,0,0,0,0,0,0,0,0,0,1,16,1,1,1,0,0,1,1,5,0,5,2,0,0,0,34,1,0
c:\Users\arthur.menezes_evolu\Desktop\Pes\android-maps-utils\library\src\main\java\com\google\maps\android\collections\GroundOverlayManager.java,com.google.maps.android.collections.GroundOverlayManager$Collection,innerclass,5,5,0,5,13,2,0,7,36,0.8888889,0.0,0.0,9,0,9,0,0,0,9,0,0,0,1,0,0,1,0,0,0,0,0,39,3,4,0,0,0,0,0,2,0,2,1,0,0,0,24,1,0
c:\Users\arthur.menezes_evolu\Desktop\Pes\android-maps-utils\library\src\main\java\com\google\maps\android\clustering\algo\GridBasedAlgorithm.java,com.google.maps.android.clustering.algo.GridBasedAlgorithm,class,9,10,1,9,14,2,0,19,0,0.6666667,0.0,0.0,11,1,10,1,0,0,10,0,0,0,3,1,0,3,0,0,2,0,8,62,9,1,1,0,1,0,5,14,6,11,3,0,0,0,89,1,0
c:\Users\arthur.menezes_evolu\Desktop\Pes\android-maps-utils\library\src\main\java\com\google\maps\android\data\Geometry.java,com.google.maps.android.data.Geometry,interface,1,22,21,1,2,1,0,0,1,0.0,0.0,0.0,2,0,0,0,0,2,2,0,0,0,0,0,0,0,0,0,0,0,0,4,0,0,0,0,0,0,0,0,0,0,0,0,0,0,20,1,0
c:\Users\arthur.menezes_evolu\Desktop\Pes\android-maps-utils\library\src\main\java\com\google\maps\android\data\geojson\BiMultiMap.java,com.google.maps.android.data.geojson.BiMultiMap,class,3,6,3,3,12,3,0,14,1,0.2857143,0.0,0.0,7,0,7,0,0,0,7,0,0,0,1,0,0,1,0,0,1,0,0,47,6,3,0,0,0,1,0,3,0,3,2,0,0,0,81,1,0
c:\Users\arthur.menezes_evolu\Desktop\Pes\android-maps-utils\library\src\main\java\com\google\maps\android\collections\GroundOverlayManager.java,com.google.maps.android.collections.GroundOverlayManager,class,7,14,7,7,8,3,0,4,10,0.0,0.0,0.0,5,0,3,0,1,1,5,0,0,0,0,0,0,0,0,0,0,0,0,61,1,0,3,0,0,0,0,1,0,1,1,0,1,0,52,1,0
c:\Users\arthur.menezes_evolu\Desktop\Pes\android-maps-utils\library\src\main\java\com\google\maps\android\data\Layer.java,com.google.maps.android.data.Layer$OnFeatureClickListener,interface,1,1,0,1,1,1,0,0,0,0.0,NaN,NaN,1,0,0,0,0,1,1,0,0,0,0,0,0,0,0,0,0,0,0,3,0,0,0,0,0,0,0,0,0,0,0,0,0,0,12,1,0
c:\Users\arthur.menezes_evolu\Desktop\Pes\android-maps-utils\library\src\main\java\com\google\maps\android\data\Renderer.java,com.google.maps.android.data.Renderer$Anonymous1,anonymous,4,4,0,4,3,1,0,7,1,0.0,0.0,0.0,2,0,2,0,0,0,2,0,0,0,0,0,0,0,0,0,0,0,0,16,2,0,1,0,0,1,0,2,1,2,1,0,0,0,13,-1,0
c:\Users\arthur.menezes_evolu\Desktop\Pes\android-maps-utils\library\src\main\java\com\google\maps\android\clustering\view\DefaultClusterRenderer.java,com.google.maps.android.clustering.view.DefaultClusterRenderer$Anonymous1,anonymous,4,4,0,4,2,1,0,2,0,0.0,NaN,NaN,1,0,1,0,0,0,1,0,0,0,0,0,0,0,0,0,0,0,0,5,1,0,1,0,0,0,0,0,0,0,0,0,0,0,8,-1,0
c:\Users\arthur.menezes_evolu\Desktop\Pes\android-maps-utils\demo\src\main\java\com\google\maps\android\utils\demo\CustomMarkerClusteringDemoActivity.java,com.google.maps.android.utils.demo.CustomMarkerClusteringDemoActivity,class,14,16,2,14,11,4,0,30,26,0.8125,0.0,0.0,8,0,4,3,1,0,5,0,0,0,2,0,0,2,0,0,0,0,0,116,4,1,0,1,1,11,9,5,4,5,1,0,1,0,49,1,0
c:\Users\arthur.menezes_evolu\Desktop\Pes\android-maps-utils\library\src\main\java\com\google\maps\android\clustering\view\DefaultClusterRenderer.java,com.google.maps.android.clustering.view.DefaultClusterRenderer$Anonymous2,anonymous,4,4,0,4,2,1,0,2,0,0.0,NaN,NaN,1,0,1,0,0,0,1,0,0,0,0,0,0,0,0,0,0,0,0,7,0,0,1,0,0,0,0,0,0,0,1,0,0,0,10,-1,0
c:\Users\arthur.menezes_evolu\Desktop\Pes\android-maps-utils\library\src\main\java\com\google\maps\android\data\kml\KmlFeatureParser.java,com.google.maps.android.data.kml.KmlFeatureParser$LatLngAlt,innerclass,1,1,0,1,1,1,0,0,0,0.0,NaN,NaN,1,0,0,0,0,1,1,0,0,0,2,0,2,0,0,0,2,0,0,8,0,0,0,0,0,0,0,2,0,2,0,0,0,0,33,10,0
c:\Users\arthur.menezes_evolu\Desktop\Pes\android-maps-utils\library\src\main\java\com\google\maps\android\clustering\view\DefaultAdvancedMarkersClusterRenderer.java,com.google.maps.android.clustering.view.DefaultAdvancedMarkersClusterRenderer$RenderTask,innerclass,10,10,0,10,28,1,0,23,2,0.6,0.0,0.0,5,0,4,1,0,0,4,0,0,0,5,0,0,4,0,1,1,0,3,101,1,4,3,1,0,1,5,30,2,24,3,0,0,0,103,2,0
c:\Users\arthur.menezes_evolu\Desktop\Pes\android-maps-utils\library\src\main\java\com\google\maps\android\heatmaps\WeightedLatLng.java,com.google.maps.android.heatmaps.WeightedLatLng,class,4,7,3,4,5,1,0,1,0,0.5625,0.0,0.0,4,0,4,0,0,0,4,0,0,0,4,2,1,3,0,0,2,0,0,20,2,0,0,0,0,0,2,5,0,4,1,0,0,0,78,1,0
c:\Users\arthur.menezes_evolu\Desktop\Pes\android-maps-utils\library\src\test\java\com\google\maps\android\data\geojson\GeoJsonMultiLineStringTest.java,com.google.maps.android.data.geojson.GeoJsonMultiLineStringTest,class,4,4,0,4,3,1,0,7,0,0.0,0.0,0.0,2,0,2,0,0,0,2,0,0,0,1,0,0,1,0,0,0,0,4,27,0,0,0,1,0,2,16,7,0,3,1,0,0,0,24,1,0
c:\Users\arthur.menezes_evolu\Desktop\Pes\android-maps-utils\library\src\test\java\com\google\maps\android\data\geojson\GeoJsonLayerTest.java,com.google.maps.android.data.geojson.GeoJsonLayerTest,class,15,16,1,15,13,1,0,18,0,0.59999996,0.0,0.0,10,0,9,1,0,0,9,0,0,0,3,0,0,3,0,0,0,0,0,55,1,3,0,0,0,37,10,4,1,6,1,0,0,0,45,1,0
c:\Users\arthur.menezes_evolu\Desktop\Pes\android-maps-utils\library\src\main\java\com\google\maps\android\ui\BubbleDrawable.java,com.google.maps.android.ui.BubbleDrawable,class,5,6,1,5,9,2,0,5,14,0.5925926,0.0,0.0,9,0,9,0,0,0,9,0,0,0,3,0,0,3,0,0,2,0,0,37,2,0,0,0,0,0,0,4,0,3,0,0,0,0,34,0,0
c:\Users\arthur.menezes_evolu\Desktop\Pes\android-maps-utils\library\src\main\java\com\google\maps\android\geometry\Point.java,com.google.maps.android.geometry.Point,class,1,18,17,1,2,1,1,0,0,0.0,0.0,0.0,2,0,2,0,0,0,2,0,0,0,2,0,2,0,0,0,2,0,0,11,1,0,0,0,0,3,0,2,2,2,0,0,0,0,5,1,0
c:\Users\arthur.menezes_evolu\Desktop\Pes\android-maps-utils\library\src\main\java\com\google\maps\android\data\geojson\GeoJsonLayer.java,com.google.maps.android.data.geojson.GeoJsonLayer,class,15,22,7,15,16,2,0,16,49,0.72727275,0.0,0.0,11,1,10,1,0,0,10,0,0,0,1,0,0,1,0,0,0,0,2,65,4,2,4,0,1,6,0,9,0,8,1,0,1,0,160,1,0
c:\Users\arthur.menezes_evolu\Desktop\Pes\android-maps-utils\demo\src\main\java\com\google\maps\android\utils\demo\MultiLayerDemoActivity.java,com.google.maps.android.utils.demo.MultiLayerDemoActivity,class,20,22,2,20,10,3,0,31,1,0.5,NaN,NaN,2,0,0,1,1,0,1,0,0,0,1,1,1,0,0,0,1,0,0,72,1,2,0,3,0,14,5,15,5,20,2,0,0,5,84,1,0
c:\Users\arthur.menezes_evolu\Desktop\Pes\android-maps-utils\library\src\test\java\com\google\maps\android\data\kml\KmlPolygonTest.java,com.google.maps.android.data.kml.KmlPolygonTest,class,4,5,1,4,6,1,0,11,15,0.0,0.0,0.0,6,0,4,2,0,0,4,0,0,0,0,0,0,0,0,0,0,0,0,56,2,0,0,0,0,1,24,11,0,8,0,0,0,0,24,1,0
c:\Users\arthur.menezes_evolu\Desktop\Pes\android-maps-utils\demo\src\main\java\com\google\maps\android\utils\demo\PolySimplifyDemoActivity.java,com.google.maps.android.utils.demo.PolySimplifyDemoActivity,class,6,7,1,6,2,3,0,13,0,0.0,NaN,NaN,1,0,0,0,1,0,1,0,0,0,3,3,0,3,0,0,3,0,9,46,0,0,0,0,0,2,29,21,9,11,1,0,0,0,47,1,0
c:\Users\arthur.menezes_evolu\Desktop\Pes\android-maps-utils\library\src\main\java\com\google\maps\android\clustering\view\DefaultClusterRenderer.java,com.google.maps.android.clustering.view.DefaultClusterRenderer,class,40,50,10,40,67,4,0,66,576,0.9537036,0.0,0.0,36,1,20,5,11,0,31,0,0,0,24,2,0,24,0,0,8,0,7,671,21,2,16,0,9,1,23,52,20,47,2,2,7,4,295,1,0
c:\Users\arthur.menezes_evolu\Desktop\Pes\android-maps-utils\library\src\main\java\com\google\maps\android\clustering\view\DefaultAdvancedMarkersClusterRenderer.java,com.google.maps.android.clustering.view.DefaultAdvancedMarkersClusterRenderer$ViewModifier,innerclass,7,7,0,7,6,2,0,8,0,0.25,0.0,0.0,2,0,2,0,0,0,2,0,0,0,4,2,0,4,0,0,2,0,0,39,3,0,3,0,0,1,2,10,0,6,2,0,0,1,56,2,0
c:\Users\arthur.menezes_evolu\Desktop\Pes\android-maps-utils\demo\src\main\java\com\google\maps\android\utils\demo\VisibleClusteringDemoActivity.java,com.google.maps.android.utils.demo.VisibleClusteringDemoActivity,class,8,10,2,8,6,3,0,16,0,0.0,NaN,NaN,2,0,0,1,1,0,1,0,0,0,1,0,0,1,0,0,0,0,0,35,0,2,0,1,2,1,6,12,5,12,2,0,0,0,48,1,0
c:\Users\arthur.menezes_evolu\Desktop\Pes\android-maps-utils\library\src\test\java\com\google\maps\android\TestUtil.java,com.google.maps.android.TestUtil,class,0,2,2,0,2,1,0,1,0,0.0,NaN,NaN,1,1,1,0,0,0,1,0,0,0,0,0,0,0,0,0,0,0,0,5,1,0,1,0,0,1,0,0,0,0,0,0,0,0,16,1,0
c:\Users\arthur.menezes_evolu\Desktop\Pes\android-maps-utils\library\src\test\java\com\google\maps\android\data\FeatureTest.java,com.google.maps.android.data.FeatureTest,class,5,5,0,5,3,1,0,14,3,0.0,0.0,0.0,3,0,3,0,0,0,3,0,0,0,0,0,0,0,0,0,0,0,1,42,0,0,0,0,0,21,6,8,0,6,0,0,0,0,23,1,0
c:\Users\arthur.menezes_evolu\Desktop\Pes\android-maps-utils\library\src\main\java\com\google\maps\android\data\DataPolygon.java,com.google.maps.android.data.DataPolygon,interface,2,5,3,2,2,1,0,0,1,0.0,0.0,0.0,2,0,0,0,0,2,2,0,0,0,0,0,0,0,0,0,0,0,0,4,0,0,0,0,0,0,0,0,0,0,0,0,0,0,28,1,0
c:\Users\arthur.menezes_evolu\Desktop\Pes\android-maps-utils\library\src\main\java\com\google\maps\android\data\geojson\GeoJsonFeature.java,com.google.maps.android.data.geojson.GeoJsonFeature,class,12,23,11,12,26,3,0,21,94,0.7794118,0.0,0.0,17,0,16,1,0,0,16,0,0,0,4,0,0,4,0,0,1,0,1,99,10,0,6,0,0,12,0,6,0,5,1,0,0,0,135,1,0
c:\Users\arthur.menezes_evolu\Desktop\Pes\android-maps-utils\library\src\test\java\com\google\maps\android\data\geojson\GeoJsonFeatureTest.java,com.google.maps.android.data.geojson.GeoJsonFeatureTest,class,15,16,1,15,13,1,0,27,36,0.0,0.0,0.0,9,0,8,1,0,0,8,0,0,0,0,0,0,0,0,0,0,0,1,105,2,0,0,4,0,38,10,19,1,16,1,0,0,0,50,1,0
c:\Users\arthur.menezes_evolu\Desktop\Pes\android-maps-utils\library\src\main\java\com\google\maps\android\ui\AnimationUtil.java,com.google.maps.android.ui.AnimationUtil$LatLngInterpolator,interface,2,2,0,2,1,1,0,0,0,0.0,NaN,NaN,1,0,0,0,0,1,1,0,0,0,0,0,0,0,0,0,0,0,0,14,0,0,0,0,0,0,0,0,0,0,0,0,1,0,9,0,0
c:\Users\arthur.menezes_evolu\Desktop\Pes\android-maps-utils\library\src\main\java\com\google\maps\android\collections\PolygonManager.java,com.google.maps.android.collections.PolygonManager$Collection,innerclass,5,5,0,5,13,2,0,7,36,0.8888889,0.0,0.0,9,0,9,0,0,0,9,0,0,0,1,0,0,1,0,0,0,0,0,39,3,4,0,0,0,0,0,2,0,2,1,0,0,0,23,1,0
c:\Users\arthur.menezes_evolu\Desktop\Pes\android-maps-utils\library\src\main\java\com\google\maps\android\data\kml\KmlPolygon.java,com.google.maps.android.data.kml.KmlPolygon,class,3,7,4,3,8,1,0,5,0,0.44444445,0.0,0.0,6,0,6,0,0,0,6,0,0,0,3,1,1,2,0,0,3,0,0,38,5,0,2,0,0,6,0,5,0,5,1,0,0,0,57,1,0
c:\Users\arthur.menezes_evolu\Desktop\Pes\android-maps-utils\library\src\main\java\com\google\maps\android\data\Feature.java,com.google.maps.android.data.Feature,class,1,20,19,1,15,2,2,7,0,0.6111111,0.0,0.0,12,0,9,0,3,0,12,0,0,0,3,0,0,2,1,0,1,0,0,48,10,0,2,0,1,0,1,5,0,3,1,0,0,0,87,1,0
c:\Users\arthur.menezes_evolu\Desktop\Pes\android-maps-utils\library\src\test\java\com\google\maps\android\data\PointTest.java,com.google.maps.android.data.PointTest,class,3,3,0,3,3,1,0,5,1,0.0,0.0,0.0,2,0,2,0,0,0,2,0,0,0,0,0,0,0,0,0,0,0,0,17,0,0,0,1,0,2,6,2,0,2,1,0,0,0,20,1,0
c:\Users\arthur.menezes_evolu\Desktop\Pes\android-maps-utils\demo\src\main\java\com\google\maps\android\utils\demo\HeatmapsPlacesDemoActivity.java,com.google.maps.android.utils.demo.HeatmapsPlacesDemoActivity$PointsKeywords,innerclass,1,1,0,1,1,1,0,0,0,0.0,NaN,NaN,1,0,1,0,0,0,1,0,0,0,2,0,2,0,0,0,0,0,0,8,0,0,0,0,0,0,0,2,0,2,0,0,0,0,15,2,0
c:\Users\arthur.menezes_evolu\Desktop\Pes\android-maps-utils\demo\src\main\java\com\google\maps\android\utils\demo\CustomAdvancedMarkerClusteringDemoActivity.java,com.google.maps.android.utils.demo.CustomAdvancedMarkerClusteringDemoActivity,class,17,19,2,17,14,4,0,33,34,0.8333334,0.0,0.0,9,0,5,3,1,0,6,0,0,0,2,0,0,2,0,0,1,0,0,107,4,1,0,1,1,15,9,5,4,5,1,0,1,0,82,1,0
c:\Users\arthur.menezes_evolu\Desktop\Pes\android-maps-utils\library\src\main\java\com\google\maps\android\clustering\ClusterManager.java,com.google.maps.android.clustering.ClusterManager,class,27,44,17,27,34,2,0,35,215,0.8938272,0.0,0.0,27,0,27,0,0,0,27,0,0,0,15,0,0,15,0,0,4,0,0,242,11,0,3,9,1,0,0,25,0,22,3,0,7,0,115,1,0
c:\Users\arthur.menezes_evolu\Desktop\Pes\android-maps-utils\library\src\main\java\com\google\maps\android\clustering\algo\PreCachingAlgorithmDecorator.java,com.google.maps.android.clustering.algo.PreCachingAlgorithmDecorator,class,6,9,3,6,22,2,0,21,0,0.6923077,0.0,0.0,13,0,11,2,0,0,11,0,0,0,4,0,0,4,0,0,4,0,1,102,9,0,4,0,0,0,5,14,4,12,2,0,1,0,46,1,0
c:\Users\arthur.menezes_evolu\Desktop\Pes\android-maps-utils\demo\src\main\java\com\google\maps\android\utils\demo\KmlDemoActivity.java,com.google.maps.android.utils.demo.KmlDemoActivity$LoadLocalKmlFile,innerclass,3,3,0,3,5,2,0,3,1,0.33333334,0.0,0.0,3,0,0,0,2,1,3,0,0,0,1,0,0,1,0,0,1,0,0,21,2,0,0,1,0,0,0,1,0,1,1,0,0,0,28,2,0
c:\Users\arthur.menezes_evolu\Desktop\Pes\android-maps-utils\library\src\test\java\com\google\maps\android\quadtree\PointQuadTreeTest.java,com.google.maps.android.quadtree.PointQuadTreeTest$Item,innerclass,2,2,0,2,2,1,0,0,0,0.0,NaN,NaN,2,0,1,1,0,0,1,0,0,0,1,0,0,1,0,0,1,0,0,9,1,0,0,0,0,0,0,1,0,1,0,0,0,0,5,10,0
c:\Users\arthur.menezes_evolu\Desktop\Pes\android-maps-utils\demo\src\main\java\com\google\maps\android\utils\demo\ZoomClusteringDemoActivity.java,com.google.maps.android.utils.demo.ZoomClusteringDemoActivity$ZoomBasedRenderer,innerclass,10,10,0,10,13,2,0,4,0,0.46666667,0.0,0.0,5,0,2,1,2,0,4,0,0,0,3,1,0,3,0,0,1,0,0,29,5,0,2,0,2,0,2,4,0,3,1,0,0,0,155,2,0
c:\Users\arthur.menezes_evolu\Desktop\Pes\android-maps-utils\library\src\main\java\com\google\maps\android\ui\BubbleIconFactory.java,com.google.maps.android.ui.BubbleIconFactory,class,0,0,0,0,0,1,0,0,0,0.0,-1.0,-1.0,0,0,0,0,0,0,0,0,0,0,0,0,0,0,0,0,0,0,0,2,0,0,0,0,0,0,0,0,0,0,0,0,0,0,5,1,0
c:\Users\arthur.menezes_evolu\Desktop\Pes\android-maps-utils\library\src\test\java\com\google\maps\android\data\MultiGeometryTest.java,com.google.maps.android.data.MultiGeometryTest,class,6,6,0,6,4,1,0,11,0,0.0,0.0,0.0,3,0,3,0,0,0,3,0,0,0,1,0,0,1,0,0,0,0,7,47,0,0,0,1,0,6,46,13,0,6,1,0,0,0,32,1,0
c:\Users\arthur.menezes_evolu\Desktop\Pes\android-maps-utils\library\src\main\java\com\google\maps\android\collections\MapObjectManager.java,com.google.maps.android.collections.MapObjectManager$Collection,innerclass,3,3,0,3,7,1,0,7,0,0.2,0.0,0.0,5,0,2,0,3,0,5,0,0,0,1,0,0,1,0,0,1,0,1,27,3,1,0,0,0,0,0,1,0,1,1,0,0,0,15,1,0
c:\Users\arthur.menezes_evolu\Desktop\Pes\android-maps-utils\library\src\main\java\com\google\maps\android\collections\MapObjectManager.java,com.google.maps.android.collections.MapObjectManager$Anonymous1,anonymous,1,1,0,1,1,1,0,1,0,0.0,NaN,NaN,1,0,1,0,0,0,1,0,0,0,0,0,0,0,0,0,0,0,0,5,0,0,0,0,0,0,0,0,0,0,0,0,0,0,6,-1,0
c:\Users\arthur.menezes_evolu\Desktop\Pes\android-maps-utils\demo\src\main\java\com\google\maps\android\utils\demo\CustomMarkerClusteringDemoActivity.java,com.google.maps.android.utils.demo.CustomMarkerClusteringDemoActivity$PersonRenderer,innerclass,16,16,0,16,11,2,0,30,24,0.75,0.0,0.0,8,0,1,2,5,0,6,0,0,0,5,0,0,5,0,0,5,0,2,56,3,1,1,0,0,0,7,14,0,14,2,0,0,0,80,2,0
c:\Users\arthur.menezes_evolu\Desktop\Pes\android-maps-utils\library\src\main\java\com\google\maps\android\clustering\ClusterItem.java,com.google.maps.android.clustering.ClusterItem,interface,3,18,15,3,4,1,0,0,6,0.0,0.0,0.0,4,0,0,0,0,4,4,0,0,0,0,0,0,0,0,0,0,0,0,6,0,0,0,0,0,0,0,0,0,0,0,0,0,0,27,1,0
c:\Users\arthur.menezes_evolu\Desktop\Pes\android-maps-utils\library\src\main\java\com\google\maps\android\clustering\view\DefaultAdvancedMarkersClusterRenderer.java,com.google.maps.android.clustering.view.DefaultAdvancedMarkersClusterRenderer,class,41,48,7,41,67,4,0,66,576,0.9537036,0.0,0.0,36,1,20,5,11,0,31,0,0,0,24,2,0,24,0,0,8,0,7,669,21,2,16,0,9,1,23,52,20,47,2,2,7,4,297,1,0
c:\Users\arthur.menezes_evolu\Desktop\Pes\android-maps-utils\demo\src\main\java\com\google\maps\android\utils\demo\KmlDemoActivity.java,com.google.maps.android.utils.demo.KmlDemoActivity$RetainFragment,innerclass,5,5,0,5,3,2,0,7,1,0.75,0.0,0.0,2,1,1,0,0,1,2,0,0,0,2,1,0,1,0,1,1,0,0,16,1,0,1,0,0,0,0,3,0,3,1,0,0,0,28,9,0
c:\Users\arthur.menezes_evolu\Desktop\Pes\android-maps-utils\library\src\main\java\com\google\maps\android\collections\MarkerManager.java,com.google.maps.android.collections.MarkerManager$Collection,innerclass,10,10,0,10,18,2,0,7,91,0.9285714,0.0,0.0,14,0,14,0,0,0,14,0,0,0,5,0,0,5,0,0,0,0,0,60,4,4,0,0,0,0,0,7,0,7,1,0,0,0,30,1,0
c:\Users\arthur.menezes_evolu\Desktop\Pes\android-maps-utils\library\src\main\java\com\google\maps\android\ui\AnimationUtil.java,com.google.maps.android.ui.AnimationUtil$Anonymous1,anonymous,1,1,0,1,2,1,0,5,0,0.0,NaN,NaN,1,0,1,0,0,0,1,0,0,0,3,0,0,0,0,3,0,0,0,14,0,0,0,0,0,0,2,3,2,3,1,0,0,0,8,-1,0
c:\Users\arthur.menezes_evolu\Desktop\Pes\android-maps-utils\demo\src\main\java\com\google\maps\android\utils\demo\MultiDrawable.java,com.google.maps.android.utils.demo.MultiDrawable,class,3,4,1,3,10,2,0,11,8,0.6,0.0,0.0,5,0,5,0,0,0,5,0,0,0,1,0,0,1,0,0,1,0,0,55,2,0,4,0,0,0,30,3,4,3,1,0,0,0,24,1,0
c:\Users\arthur.menezes_evolu\Desktop\Pes\android-maps-utils\library\src\main\java\com\google\maps\android\clustering\view\DefaultAdvancedMarkersClusterRenderer.java,com.google.maps.android.clustering.view.DefaultAdvancedMarkersClusterRenderer$MarkerCache,innerclass,2,2,0,2,4,1,0,3,0,0.25,0.0,0.0,4,0,4,0,0,0,4,0,0,0,2,0,0,2,0,0,0,0,0,19,2,0,0,0,0,0,0,3,0,3,0,0,0,0,15,10,0
c:\Users\arthur.menezes_evolu\Desktop\Pes\android-maps-utils\library\src\main\java\com\google\maps\android\geometry\Bounds.java,com.google.maps.android.geometry.Bounds,class,2,9,7,2,18,1,0,2,0,0.38888887,0.0,0.0,6,0,6,0,0,0,6,0,0,0,6,0,6,0,0,0,6,0,0,31,5,0,0,0,2,0,2,6,4,6,0,0,0,0,19,1,0
c:\Users\arthur.menezes_evolu\Desktop\Pes\android-maps-utils\library\src\main\java\com\google\maps\android\data\kml\KmlBoolean.java,com.google.maps.android.data.kml.KmlBoolean,class,0,1,1,0,1,1,0,1,0,0.0,NaN,NaN,1,1,1,0,0,0,1,0,0,0,0,0,0,0,0,0,0,0,0,5,1,0,0,0,0,2,0,0,0,0,0,0,0,0,7,1,0
c:\Users\arthur.menezes_evolu\Desktop\Pes\android-maps-utils\demo\src\main\java\com\google\maps\android\utils\demo\GeoJsonDemoActivity.java,com.google.maps.android.utils.demo.GeoJsonDemoActivity$DownloadGeoJsonFile,innerclass,5,5,0,5,6,2,0,9,1,0.0,0.0,0.0,2,0,0,0,2,0,2,0,0,0,0,0,0,0,0,0,0,0,0,28,2,1,2,1,1,2,1,4,0,4,2,0,0,0,46,2,0
c:\Users\arthur.menezes_evolu\Desktop\Pes\android-maps-utils\library\src\main\java\com\google\maps\android\data\geojson\GeoJsonLayer.java,com.google.maps.android.data.geojson.GeoJsonLayer$GeoJsonOnFeatureClickListener,interface,1,1,0,1,0,1,0,0,0,0.0,-1.0,-1.0,0,0,0,0,0,0,0,0,0,0,0,0,0,0,0,0,0,0,0,2,0,0,0,0,0,0,0,0,0,0,0,0,0,0,6,1,0
c:\Users\arthur.menezes_evolu\Desktop\Pes\android-maps-utils\library\src\main\java\com\google\maps\android\clustering\algo\ScreenBasedAlgorithmAdapter.java,com.google.maps.android.clustering.algo.ScreenBasedAlgorithmAdapter,class,6,7,1,6,13,2,0,10,0,0.15384616,0.0,0.0,13,0,13,0,0,0,13,0,0,0,1,0,0,1,0,0,0,0,0,41,9,0,0,0,0,0,0,1,0,1,0,0,0,0,36,1,0
c:\Users\arthur.menezes_evolu\Desktop\Pes\android-maps-utils\library\src\main\java\com\google\maps\android\data\Renderer.java,com.google.maps.android.data.Renderer$ImagesCache,innerclass,2,2,0,2,0,1,0,0,0,NaN,-1.0,-1.0,0,0,0,0,0,0,0,0,0,0,3,0,0,0,0,3,3,0,0,5,0,0,0,0,0,0,0,3,0,3,0,0,0,0,55,25,0
c:\Users\arthur.menezes_evolu\Desktop\Pes\android-maps-utils\demo\src\main\java\com\google\maps\android\utils\demo\PolyDecodeDemoActivity.java,com.google.maps.android.utils.demo.PolyDecodeDemoActivity,class,4,5,1,4,2,3,0,6,0,0.0,NaN,NaN,1,0,0,0,1,0,1,0,0,0,1,1,0,1,0,0,1,0,1,10,0,0,0,0,0,1,3,2,0,2,1,0,0,0,22,1,0
c:\Users\arthur.menezes_evolu\Desktop\Pes\android-maps-utils\library\src\main\java\com\google\maps\android\clustering\view\DefaultClusterRenderer.java,com.google.maps.android.clustering.view.DefaultClusterRenderer$AnimationTask,innerclass,10,10,0,10,10,2,0,13,2,0.53333336,0.0,0.0,5,0,4,1,0,0,4,0,0,0,6,0,0,6,0,0,4,0,2,48,1,0,3,0,1,0,4,14,7,12,1,0,0,0,54,2,0
c:\Users\arthur.menezes_evolu\Desktop\Pes\android-maps-utils\library\src\test\java\com\google\maps\android\data\kml\KmlFeatureParserTest.java,com.google.maps.android.data.kml.KmlFeatureParserTest,class,13,13,0,13,9,1,0,24,36,0.0,0.0,0.0,9,0,9,0,0,0,9,0,0,0,0,0,0,0,0,0,0,0,20,75,0,0,0,0,2,31,15,23,0,21,0,0,0,0,44,1,0
c:\Users\arthur.menezes_evolu\Desktop\Pes\android-maps-utils\library\src\main\java\com\google\maps\android\clustering\ClusterManager.java,com.google.maps.android.clustering.ClusterManager$OnClusterClickListener,interface,2,2,0,2,1,1,0,0,0,0.0,NaN,NaN,1,0,0,0,0,1,1,0,0,0,0,0,0,0,0,0,0,0,0,3,0,0,0,0,0,0,0,0,0,0,0,0,0,0,23,1,0
c:\Users\arthur.menezes_evolu\Desktop\Pes\android-maps-utils\library\src\test\java\com\google\maps\android\data\geojson\GeoJsonRendererTest.java,com.google.maps.android.data.geojson.GeoJsonRendererTest,class,17,17,0,17,14,1,0,28,0,0.59999996,0.0,0.0,10,0,10,0,0,0,10,0,0,0,6,0,0,6,0,0,0,0,6,80,0,4,0,0,4,0,4,16,0,14,1,0,0,0,49,1,0
c:\Users\arthur.menezes_evolu\Desktop\Pes\android-maps-utils\library\src\main\java\com\google\maps\android\data\kml\KmlRenderer.java,com.google.maps.android.data.kml.KmlRenderer,class,25,31,6,25,82,4,0,106,445,0.9225806,0.0,0.0,31,1,6,19,0,6,12,0,0,0,5,1,0,5,0,0,2,0,4,330,9,15,14,0,6,9,7,51,0,45,4,0,2,0,233,1,0
c:\Users\arthur.menezes_evolu\Desktop\Pes\android-maps-utils\library\src\main\java\com\google\maps\android\data\LineString.java,com.google.maps.android.data.LineString,class,3,12,9,3,5,1,2,3,0,0.375,0.0,0.0,4,0,4,0,0,0,4,0,0,0,2,1,0,2,0,0,2,0,0,22,3,0,1,0,0,5,0,3,0,3,1,0,0,0,46,1,0
c:\Users\arthur.menezes_evolu\Desktop\Pes\android-maps-utils\library\src\main\java\com\google\maps\android\data\kml\KmlRenderer.java,com.google.maps.android.data.kml.KmlRenderer$MarkerIconImageDownload,innerclass,5,5,0,5,7,2,0,11,0,0.0,0.0,0.0,3,0,1,0,2,0,3,0,0,0,1,0,0,1,0,0,1,0,0,32,3,0,1,1,0,1,0,1,1,1,2,0,0,0,70,2,0
c:\Users\arthur.menezes_evolu\Desktop\Pes\android-maps-utils\library\src\main\java\com\google\maps\android\collections\PolylineManager.java,com.google.maps.android.collections.PolylineManager,class,7,14,7,7,8,3,0,4,10,0.0,0.0,0.0,5,0,3,0,1,1,5,0,0,0,0,0,0,0,0,0,0,0,0,61,1,0,3,0,0,0,0,1,0,1,1,0,1,0,50,1,0
c:\Users\arthur.menezes_evolu\Desktop\Pes\android-maps-utils\library\src\test\java\com\google\maps\android\data\RendererTest.java,com.google.maps.android.data.RendererTest,class,8,8,0,8,5,1,0,11,0,0.4,0.0,0.0,5,0,5,0,0,0,5,0,0,0,3,0,0,3,0,0,0,0,1,35,0,0,0,0,0,0,10,11,0,12,0,0,0,0,31,1,0
c:\Users\arthur.menezes_evolu\Desktop\Pes\android-maps-utils\library\src\main\java\com\google\maps\android\heatmaps\Gradient.java,com.google.maps.android.heatmaps.Gradient$ColorInterval,innerclass,0,0,0,0,1,1,0,0,0,0.0,-1.0,-1.0,1,0,0,1,0,0,0,0,0,0,3,0,0,3,0,0,3,0,0,10,0,0,0,0,0,0,0,3,0,3,0,0,0,0,24,2,0
c:\Users\arthur.menezes_evolu\Desktop\Pes\android-maps-utils\demo\src\main\java\com\google\maps\android\utils\demo\CustomAdvancedMarkerClusteringDemoActivity.java,com.google.maps.android.utils.demo.CustomAdvancedMarkerClusteringDemoActivity$AdvancedMarkerRenderer,innerclass,13,13,0,13,9,2,0,20,28,0.0,0.0,0.0,8,0,1,2,5,0,6,0,0,0,0,0,0,0,0,0,0,0,0,34,3,0,0,0,0,1,1,2,1,2,0,0,0,0,32,2,0
c:\Users\arthur.menezes_evolu\Desktop\Pes\android-maps-utils\library\src\test\java\com\google\maps\android\data\LineStringTest.java,com.google.maps.android.data.LineStringTest,class,4,5,1,4,4,1,0,9,6,0.0,0.0,0.0,4,0,2,2,0,0,2,0,0,0,0,0,0,0,0,0,0,0,0,49,2,0,0,0,0,2,49,6,0,4,0,0,0,0,19,1,0
c:\Users\arthur.menezes_evolu\Desktop\Pes\android-maps-utils\demo\src\main\java\com\google\maps\android\utils\demo\ClusteringDemoActivity.java,com.google.maps.android.utils.demo.ClusteringDemoActivity,class,8,10,2,8,4,3,0,14,0,0.0,NaN,NaN,2,0,0,1,1,0,1,0,0,0,1,0,0,1,0,0,0,0,0,37,0,0,0,1,0,3,3,3,0,5,1,1,0,2,38,1,0
c:\Users\arthur.menezes_evolu\Desktop\Pes\android-maps-utils\demo\src\main\java\com\google\maps\android\utils\demo\ClusteringDemoActivity.java,com.google.maps.android.utils.demo.ClusteringDemoActivity$Anonymous1,anonymous,5,5,0,5,3,1,0,5,1,0.0,0.0,0.0,2,0,2,0,0,0,2,0,0,0,0,0,0,0,0,0,0,0,0,13,2,0,1,0,1,1,0,4,0,4,0,0,0,0,14,-1,0
c:\Users\arthur.menezes_evolu\Desktop\Pes\android-maps-utils\library\src\main\java\com\google\maps\android\data\kml\KmlContainerParser.java,com.google.maps.android.data.kml.KmlContainerParser,class,11,14,3,11,25,1,0,24,13,0.81250006,NaN,NaN,6,6,0,5,0,1,1,0,0,0,8,8,0,8,0,0,8,0,11,87,2,2,7,0,2,21,0,26,1,21,3,0,0,0,170,0,0
c:\Users\arthur.menezes_evolu\Desktop\Pes\android-maps-utils\library\src\test\java\com\google\maps\android\data\kml\KmlTrackTest.java,com.google.maps.android.data.kml.KmlTrackTest,class,6,7,1,6,6,1,0,22,15,0.0,0.0,0.0,6,0,5,1,0,0,5,0,0,0,0,0,0,0,0,0,0,0,3,60,1,0,0,0,0,6,40,9,0,9,0,0,0,0,31,1,0
c:\Users\arthur.menezes_evolu\Desktop\Pes\android-maps-utils\library\src\test\java\com\google\maps\android\data\kml\KmlUtilTest.java,com.google.maps.android.data.kml.KmlUtilTest,class,3,3,0,3,1,1,0,3,0,0.0,NaN,NaN,1,0,1,0,0,0,1,0,0,0,0,0,0,0,0,0,0,0,4,17,0,0,0,0,0,15,0,6,0,6,0,0,0,0,28,1,0
c:\Users\arthur.menezes_evolu\Desktop\Pes\android-maps-utils\demo\src\main\java\com\google\maps\android\utils\demo\ClusteringViewModelDemoActivity.java,com.google.maps.android.utils.demo.ClusteringViewModelDemoActivity,class,8,9,1,8,5,3,0,17,0,0.25,0.0,0.0,2,0,1,0,1,0,2,0,0,0,2,0,0,2,0,0,0,0,0,29,0,0,1,1,2,1,3,5,2,5,2,0,0,0,40,1,0
c:\Users\arthur.menezes_evolu\Desktop\Pes\android-maps-utils\demo\src\main\java\com\google\maps\android\utils\demo\KmlDemoActivity.java,com.google.maps.android.utils.demo.KmlDemoActivity$DownloadKmlFile,innerclass,8,8,0,8,6,2,0,9,1,0.33333334,0.0,0.0,3,0,0,0,2,1,3,0,0,0,1,0,0,1,0,0,1,0,0,31,2,1,1,2,1,0,4,5,0,5,2,0,0,0,45,2,0
c:\Users\arthur.menezes_evolu\Desktop\Pes\android-maps-utils\demo\src\main\java\com\google\maps\android\utils\demo\HeatmapsDemoActivity.java,com.google.maps.android.utils.demo.HeatmapsDemoActivity,class,16,18,2,16,12,3,0,27,9,0.8030304,0.0,0.0,6,0,3,1,2,0,5,0,0,0,11,5,2,9,0,0,5,0,0,108,2,1,0,1,0,4,30,22,2,21,1,0,2,0,125,1,0
c:\Users\arthur.menezes_evolu\Desktop\Pes\android-maps-utils\library\src\main\java\com\google\maps\android\data\geojson\GeoJsonMultiLineString.java,com.google.maps.android.data.geojson.GeoJsonMultiLineString,class,3,7,4,3,4,2,0,4,3,0.0,0.0,0.0,3,0,3,0,0,0,3,0,0,0,0,0,0,0,0,0,0,0,0,18,2,1,0,0,0,1,0,3,0,3,1,0,0,0,34,1,0
c:\Users\arthur.menezes_evolu\Desktop\Pes\android-maps-utils\library\src\test\java\com\google\maps\android\quadtree\PointQuadTreeTest.java,com.google.maps.android.quadtree.PointQuadTreeTest,class,7,8,1,7,17,1,0,12,0,0.083333336,0.0,0.0,12,0,11,1,0,0,11,0,0,0,1,0,0,1,0,0,0,0,8,141,1,5,0,0,0,0,181,19,4,15,2,0,1,0,51,1,0
c:\Users\arthur.menezes_evolu\Desktop\Pes\android-maps-utils\library\src\main\java\com\google\maps\android\data\kml\KmlContainer.java,com.google.maps.android.data.kml.KmlContainer,class,6,16,10,6,22,1,0,13,71,0.7744361,0.0,0.0,19,0,13,0,0,6,19,0,0,0,7,0,0,7,0,0,5,0,0,80,17,0,0,0,0,9,3,8,0,8,0,0,0,0,100,1,0
c:\Users\arthur.menezes_evolu\Desktop\Pes\android-maps-utils\library\src\main\java\com\google\maps\android\clustering\view\DefaultClusterRenderer.java,com.google.maps.android.clustering.view.DefaultClusterRenderer$MarkerModifier,innerclass,11,11,0,11,24,2,0,31,0,0.68686867,0.0,0.0,11,0,8,3,0,0,8,0,0,0,9,1,0,9,0,0,3,0,0,124,2,2,0,3,1,1,4,12,0,11,3,0,0,0,115,2,0
c:\Users\arthur.menezes_evolu\Desktop\Pes\android-maps-utils\library\src\main\java\com\google\maps\android\data\geojson\GeoJsonPointStyle.java,com.google.maps.android.data.geojson.GeoJsonPointStyle,class,6,15,9,6,29,3,0,46,404,0.9310345,0.0,0.0,29,0,28,1,0,0,28,0,0,0,1,1,0,1,0,0,1,0,1,129,16,0,0,0,0,20,0,4,0,3,0,0,0,0,143,1,0
c:\Users\arthur.menezes_evolu\Desktop\Pes\android-maps-utils\library\src\main\java\com\google\maps\android\clustering\ClusterManager.java,com.google.maps.android.clustering.ClusterManager$ClusterTask,innerclass,6,6,0,6,2,2,0,5,1,0.0,0.0,0.0,2,0,0,0,2,0,2,0,0,0,0,0,0,0,0,0,0,0,0,15,1,0,0,1,0,0,1,1,0,1,1,0,0,0,25,2,0
c:\Users\arthur.menezes_evolu\Desktop\Pes\android-maps-utils\library\src\test\java\com\google\maps\android\data\kml\KmlTestUtil.java,com.google.maps.android.data.kml.KmlTestUtil,class,3,8,5,3,1,1,0,6,0,0.0,NaN,NaN,1,1,0,0,0,1,1,0,0,0,0,0,0,0,0,0,0,0,0,10,1,0,0,0,0,0,0,3,0,3,0,0,0,0,31,1,0
c:\Users\arthur.menezes_evolu\Desktop\Pes\android-maps-utils\library\src\main\java\com\google\maps\android\data\kml\KmlLineString.java,com.google.maps.android.data.kml.KmlLineString,class,2,7,5,2,4,2,1,1,4,0.5,0.0,0.0,4,0,4,0,0,0,4,0,0,0,1,0,0,1,0,0,1,0,0,17,2,0,0,0,0,0,0,2,0,2,0,0,0,0,28,1,0
c:\Users\arthur.menezes_evolu\Desktop\Pes\android-maps-utils\library\src\main\java\com\google\maps\android\MathUtil.java,com.google.maps.android.MathUtil,class,1,4,3,1,15,1,0,10,55,1.0,0.0,0.0,11,11,0,0,0,11,11,0,0,0,1,1,0,0,0,1,1,0,16,40,11,0,0,0,11,0,16,5,37,5,0,0,0,0,112,0,0
c:\Users\arthur.menezes_evolu\Desktop\Pes\android-maps-utils\demo\src\main\java\com\google\maps\android\utils\demo\model\Person.java,com.google.maps.android.utils.demo.model.Person,class,4,8,4,4,5,1,0,0,8,0.73333335,0.0,0.0,5,0,5,0,0,0,5,0,0,0,3,0,2,1,0,0,3,0,0,22,4,0,0,0,0,0,0,3,0,3,0,0,0,0,20,1,0
c:\Users\arthur.menezes_evolu\Desktop\Pes\android-maps-utils\library\src\main\java\com\google\maps\android\heatmaps\HeatmapTileProvider.java,com.google.maps.android.heatmaps.HeatmapTileProvider$Builder,innerclass,5,5,0,5,14,1,0,3,22,0.825,0.0,0.0,8,0,8,0,0,0,8,0,0,0,5,0,0,5,0,0,0,0,1,47,7,0,1,0,0,5,3,9,1,5,1,0,0,0,100,9,0
c:\Users\arthur.menezes_evolu\Desktop\Pes\android-maps-utils\library\src\test\java\com\google\maps\android\data\geojson\GeoJsonParserTest.java,com.google.maps.android.data.geojson.GeoJsonParserTest,class,17,17,0,17,21,1,0,62,66,0.0,0.0,0.0,12,0,12,0,0,0,12,0,0,0,0,0,0,0,0,0,0,0,36,208,0,9,0,0,4,13,179,52,1,38,2,0,0,0,59,1,0
c:\Users\arthur.menezes_evolu\Desktop\Pes\android-maps-utils\demo\src\main\java\com\google\maps\android\utils\demo\GeoJsonDemoActivity.java,com.google.maps.android.utils.demo.GeoJsonDemoActivity,class,12,15,3,12,16,4,0,21,21,0.85714287,0.0,0.0,7,1,0,5,2,0,2,0,0,0,1,1,0,1,0,0,1,0,2,92,5,1,1,1,0,9,5,5,2,5,2,1,1,0,71,1,0
c:\Users\arthur.menezes_evolu\Desktop\Pes\android-maps-utils\demo\src\main\java\com\google\maps\android\utils\demo\ZoomClusteringDemoActivity.java,com.google.maps.android.utils.demo.ZoomClusteringDemoActivity,class,14,15,1,14,8,4,0,24,10,0.0,0.0,0.0,5,0,4,0,1,0,5,0,0,0,0,0,0,0,0,0,0,0,0,69,2,1,0,1,0,5,8,5,1,5,1,0,1,0,60,1,0
c:\Users\arthur.menezes_evolu\Desktop\Pes\android-maps-utils\library\src\main\java\com\google\maps\android\clustering\algo\ScreenBasedAlgorithm.java,com.google.maps.android.clustering.algo.ScreenBasedAlgorithm,interface,3,6,3,3,2,1,0,0,1,0.0,0.0,0.0,2,0,0,0,0,2,2,0,0,0,0,0,0,0,0,0,0,0,0,4,0,0,0,0,0,0,0,0,0,0,0,0,0,0,21,1,0
c:\Users\arthur.menezes_evolu\Desktop\Pes\android-maps-utils\library\src\test\java\com\google\maps\android\heatmaps\UtilTest.java,com.google.maps.android.heatmaps.UtilTest,class,8,8,0,8,5,1,0,8,10,0.0,0.0,0.0,5,0,5,0,0,0,5,0,0,0,0,0,0,0,0,0,0,0,7,65,0,0,0,0,0,0,101,43,0,26,0,0,0,0,36,1,0
c:\Users\arthur.menezes_evolu\Desktop\Pes\android-maps-utils\demo\src\main\java\com\google\maps\android\utils\demo\TileProviderAndProjectionDemo.java,com.google.maps.android.utils.demo.TileProviderAndProjectionDemo,class,5,6,1,5,1,3,0,4,0,0.0,NaN,NaN,1,0,0,0,1,0,1,0,0,0,0,0,0,0,0,0,0,0,0,33,0,0,0,0,0,0,4,1,0,1,0,0,1,0,18,1,0
c:\Users\arthur.menezes_evolu\Desktop\Pes\android-maps-utils\library\src\main\java\com\google\maps\android\heatmaps\Gradient.java,com.google.maps.android.heatmaps.Gradient,class,4,10,6,4,19,1,0,13,4,0.6,0.0,0.0,5,1,2,1,0,2,4,0,0,0,4,1,3,1,0,0,2,0,3,91,3,5,5,0,13,3,45,29,24,22,2,0,1,0,122,1,0
c:\Users\arthur.menezes_evolu\Desktop\Pes\android-maps-utils\library\src\main\java\com\google\maps\android\clustering\view\DefaultClusterRenderer.java,com.google.maps.android.clustering.view.DefaultClusterRenderer$ViewModifier,innerclass,7,7,0,7,6,2,0,8,0,0.25,0.0,0.0,2,0,2,0,0,0,2,0,0,0,4,2,0,4,0,0,2,0,0,39,3,0,3,0,0,1,2,10,0,6,2,0,0,1,56,2,0
c:\Users\arthur.menezes_evolu\Desktop\Pes\android-maps-utils\library\src\main\java\com\google\maps\android\collections\CircleManager.java,com.google.maps.android.collections.CircleManager,class,7,7,0,7,8,3,0,4,10,0.0,0.0,0.0,5,0,3,0,1,1,5,0,0,0,0,0,0,0,0,0,0,0,0,61,1,0,3,0,0,0,0,1,0,1,1,0,1,0,50,1,0
c:\Users\arthur.menezes_evolu\Desktop\Pes\android-maps-utils\library\src\main\java\com\google\maps\android\data\geojson\GeoJsonRenderer.java,com.google.maps.android.data.geojson.GeoJsonRenderer,class,10,14,4,10,25,2,0,20,34,0.7777778,0.0,0.0,9,0,6,2,0,1,7,0,0,0,1,1,0,1,0,0,1,0,0,67,0,3,2,0,1,0,0,3,0,3,2,0,0,0,120,1,0
c:\Users\arthur.menezes_evolu\Desktop\Pes\android-maps-utils\demo\src\main\java\com\google\maps\android\utils\demo\GeoJsonDemoActivity.java,com.google.maps.android.utils.demo.GeoJsonDemoActivity$Anonymous1,anonymous,1,1,0,1,1,1,0,3,0,0.0,NaN,NaN,1,0,1,0,0,0,1,0,0,0,0,0,0,0,0,0,0,0,0,5,0,0,0,0,0,2,0,0,1,0,0,0,0,0,4,-1,0
c:\Users\arthur.menezes_evolu\Desktop\Pes\android-maps-utils\library\src\main\java\com\google\maps\android\collections\MarkerManager.java,com.google.maps.android.collections.MarkerManager,class,12,22,10,12,29,3,0,15,66,0.0,0.0,0.0,12,0,10,0,1,1,12,0,0,0,0,0,0,0,0,0,0,0,0,131,7,0,17,0,0,0,0,8,0,8,1,0,1,0,60,1,0
c:\Users\arthur.menezes_evolu\Desktop\Pes\android-maps-utils\library\src\main\java\com\google\maps\android\clustering\algo\Algorithm.java,com.google.maps.android.clustering.algo.Algorithm,interface,2,10,8,2,12,1,0,0,66,0.0,0.0,0.0,12,0,0,0,0,12,12,0,0,0,0,0,0,0,0,0,0,0,0,14,0,0,0,0,0,0,0,0,0,0,0,0,0,0,59,1,0
c:\Users\arthur.menezes_evolu\Desktop\Pes\android-maps-utils\library\src\main\java\com\google\maps\android\clustering\view\DefaultClusterRenderer.java,com.google.maps.android.clustering.view.DefaultClusterRenderer$MarkerCache,innerclass,2,2,0,2,4,1,0,3,0,0.25,0.0,0.0,4,0,4,0,0,0,4,0,0,0,2,0,0,2,0,0,0,0,0,19,2,0,0,0,0,0,0,3,0,3,0,0,0,0,15,10,0
c:\Users\arthur.menezes_evolu\Desktop\Pes\android-maps-utils\library\src\main\java\com\google\maps\android\SphericalUtil.java,com.google.maps.android.SphericalUtil,class,3,9,6,3,24,1,0,19,78,0.0,0.0,0.0,13,12,8,3,0,2,10,0,0,0,0,0,0,0,0,0,0,0,92,130,17,2,1,0,7,0,22,67,82,54,2,0,0,0,170,1,0
c:\Users\arthur.menezes_evolu\Desktop\Pes\android-maps-utils\library\src\main\java\com\google\maps\android\ui\AnimationUtil.java,com.google.maps.android.ui.AnimationUtil,class,7,8,1,7,1,1,0,3,0,0.0,NaN,NaN,1,1,1,0,0,0,1,0,0,0,0,0,0,0,0,0,0,0,0,39,0,0,0,0,0,0,1,6,0,6,0,1,1,0,37,1,0
c:\Users\arthur.menezes_evolu\Desktop\Pes\android-maps-utils\demo\src\main\java\com\google\maps\android\utils\demo\DistanceDemoActivity.java,com.google.maps.android.utils.demo.DistanceDemoActivity,class,11,13,2,11,11,3,0,21,22,0.6875,0.0,0.0,8,0,3,3,2,0,5,0,0,0,4,0,0,4,0,0,0,0,3,50,2,0,0,0,0,7,11,10,1,6,1,0,0,0,38,1,0
c:\Users\arthur.menezes_evolu\Desktop\Pes\android-maps-utils\library\src\main\java\com\google\maps\android\collections\PolygonManager.java,com.google.maps.android.collections.PolygonManager,class,7,14,7,7,8,3,0,4,10,0.0,0.0,0.0,5,0,3,0,1,1,5,0,0,0,0,0,0,0,0,0,0,0,0,61,1,0,3,0,0,0,0,1,0,1,1,0,1,0,50,1,0
c:\Users\arthur.menezes_evolu\Desktop\Pes\android-maps-utils\library\src\main\java\com\google\maps\android\data\geojson\GeoJsonMultiPolygon.java,com.google.maps.android.data.geojson.GeoJsonMultiPolygon,class,3,7,4,3,4,2,0,4,3,0.0,0.0,0.0,3,0,3,0,0,0,3,0,0,0,0,0,0,0,0,0,0,0,0,18,2,1,0,0,0,1,0,3,0,3,1,0,0,0,32,1,0
c:\Users\arthur.menezes_evolu\Desktop\Pes\android-maps-utils\library\src\main\java\com\google\maps\android\projection\Point.java,com.google.maps.android.projection.Point,class,1,2,1,1,1,2,0,0,0,0.0,NaN,NaN,1,0,1,0,0,0,1,0,0,0,0,0,0,0,0,0,0,0,0,5,0,0,0,0,0,0,0,0,0,0,0,0,0,0,4,1,0
c:\Users\arthur.menezes_evolu\Desktop\Pes\android-maps-utils\library\src\main\java\com\google\maps\android\data\kml\KmlParser.java,com.google.maps.android.data.kml.KmlParser,class,10,15,5,10,20,1,0,17,6,0.7604167,0.0,0.0,8,1,0,0,0,8,8,0,0,0,12,6,0,12,0,0,12,0,6,81,5,2,4,0,0,14,2,16,1,15,3,0,0,0,126,0,0
c:\Users\arthur.menezes_evolu\Desktop\Pes\android-maps-utils\library\src\main\java\com\google\maps\android\ui\SquareTextView.java,com.google.maps.android.ui.SquareTextView,class,5,7,2,5,6,2,0,7,8,0.6,0.0,0.0,5,0,4,0,1,0,5,0,0,0,2,0,0,2,0,0,0,0,1,32,0,0,0,0,0,1,6,9,4,5,1,0,0,0,53,1,0
c:\Users\arthur.menezes_evolu\Desktop\Pes\android-maps-utils\library\src\test\java\com\google\maps\android\data\geojson\GeoJsonLineStringTest.java,com.google.maps.android.data.geojson.GeoJsonLineStringTest,class,3,3,0,3,4,1,0,9,0,0.0,0.0,0.0,3,0,3,0,0,0,3,0,0,0,1,0,0,1,0,0,0,0,0,41,0,0,0,1,0,2,30,8,0,5,1,0,0,0,28,1,0
c:\Users\arthur.menezes_evolu\Desktop\Pes\android-maps-utils\demo\src\main\java\com\google\maps\android\utils\demo\IconGeneratorDemoActivity.java,com.google.maps.android.utils.demo.IconGeneratorDemoActivity,class,7,9,2,7,4,3,0,19,3,0.0,NaN,NaN,3,0,0,2,1,0,1,0,0,0,0,0,0,0,0,0,0,0,0,38,1,0,0,0,0,7,22,6,1,6,1,0,0,0,42,1,0
c:\Users\arthur.menezes_evolu\Desktop\Pes\android-maps-utils\library\src\test\java\com\google\maps\android\clustering\StaticClusterTest.java,com.google.maps.android.clustering.StaticClusterTest,class,4,4,0,4,2,1,0,4,1,0.0,0.0,0.0,2,0,2,0,0,0,2,0,0,0,0,0,0,0,0,0,0,0,0,15,0,0,0,0,0,0,8,4,0,4,0,0,0,0,14,1,0
c:\Users\arthur.menezes_evolu\Desktop\Pes\android-maps-utils\library\src\main\java\com\google\maps\android\projection\SphericalMercatorProjection.java,com.google.maps.android.projection.SphericalMercatorProjection,class,3,11,8,3,3,1,0,6,0,0.0,0.0,0.0,3,0,3,0,0,0,3,0,0,0,1,0,0,0,0,1,1,0,6,19,2,0,0,0,4,1,13,8,19,8,0,0,0,0,17,1,0
c:\Users\arthur.menezes_evolu\Desktop\Pes\android-maps-utils\library\src\main\java\com\google\maps\android\clustering\ClusterManager.java,com.google.maps.android.clustering.ClusterManager$OnClusterItemClickListener,interface,1,1,0,1,1,1,0,0,0,0.0,NaN,NaN,1,0,0,0,0,1,1,0,0,0,0,0,0,0,0,0,0,0,0,3,0,0,0,0,0,0,0,0,0,0,0,0,0,0,31,1,0
c:\Users\arthur.menezes_evolu\Desktop\Pes\android-maps-utils\library\src\main\java\com\google\maps\android\ui\RotationLayout.java,com.google.maps.android.ui.RotationLayout,class,4,5,1,4,11,2,0,9,9,0.5,0.0,0.0,6,0,5,0,1,0,6,0,0,0,1,0,0,1,0,0,0,0,0,44,1,0,5,0,2,0,23,1,11,1,1,0,0,0,39,1,0
c:\Users\arthur.menezes_evolu\Desktop\Pes\android-maps-utils\demo\src\main\java\com\google\maps\android\utils\demo\HeatmapsDemoActivity.java,com.google.maps.android.utils.demo.HeatmapsDemoActivity$DataSet,innerclass,1,1,0,1,3,1,0,0,0,0.33333334,0.0,0.0,3,0,3,0,0,0,3,0,0,0,2,0,0,2,0,0,0,0,0,14,2,0,0,0,0,0,0,2,0,2,0,0,0,0,12,2,0
c:\Users\arthur.menezes_evolu\Desktop\Pes\android-maps-utils\library\src\main\java\com\google\maps\android\data\geojson\GeoJsonPoint.java,com.google.maps.android.data.geojson.GeoJsonPoint,class,3,10,7,3,5,2,0,2,8,0.6,0.0,0.0,5,0,5,0,0,0,5,0,0,0,1,0,0,1,0,0,1,0,0,19,3,0,0,0,0,0,0,1,0,1,0,0,0,0,34,1,0
c:\Users\arthur.menezes_evolu\Desktop\Pes\android-maps-utils\demo\src\main\java\com\google\maps\android\utils\demo\TileProviderAndProjectionDemo.java,com.google.maps.android.utils.demo.TileProviderAndProjectionDemo$PointTileOverlay,innerclass,9,9,0,9,3,1,0,10,0,0.5,0.0,0.0,2,0,2,0,0,0,2,0,0,0,5,0,0,5,0,0,0,0,1,25,1,1,0,0,0,0,5,10,4,10,1,0,0,0,34,2,0
c:\Users\arthur.menezes_evolu\Desktop\Pes\android-maps-utils\library\src\test\java\com\google\maps\android\data\geojson\GeoJsonTestUtil.java,com.google.maps.android.data.geojson.GeoJsonTestUtil,class,1,3,2,1,26,1,0,0,325,0.0,0.0,0.0,26,26,0,0,0,26,26,0,0,0,0,0,0,0,0,0,0,0,0,80,26,0,0,0,0,359,0,0,22,0,0,0,0,0,75,1,0
c:\Users\arthur.menezes_evolu\Desktop\Pes\android-maps-utils\library\src\main\java\com\google\maps\android\clustering\view\DefaultAdvancedMarkersClusterRenderer.java,com.google.maps.android.clustering.view.DefaultAdvancedMarkersClusterRenderer$Anonymous1,anonymous,4,4,0,4,2,1,0,2,0,0.0,NaN,NaN,1,0,1,0,0,0,1,0,0,0,0,0,0,0,0,0,0,0,0,5,1,0,1,0,0,0,0,0,0,0,0,0,0,0,8,-1,0
c:\Users\arthur.menezes_evolu\Desktop\Pes\android-maps-utils\library\src\main\java\com\google\maps\android\clustering\view\DefaultAdvancedMarkersClusterRenderer.java,com.google.maps.android.clustering.view.DefaultAdvancedMarkersClusterRenderer$Anonymous2,anonymous,4,4,0,4,2,1,0,2,0,0.0,NaN,NaN,1,0,1,0,0,0,1,0,0,0,0,0,0,0,0,0,0,0,0,7,0,0,1,0,0,0,0,0,0,0,1,0,0,0,10,-1,0
c:\Users\arthur.menezes_evolu\Desktop\Pes\android-maps-utils\library\src\main\java\com\google\maps\android\data\kml\KmlPlacemark.java,com.google.maps.android.data.kml.KmlPlacemark,class,7,21,14,7,10,3,0,7,0,0.42857143,0.0,0.0,7,0,7,0,0,0,7,0,0,0,2,0,0,2,0,0,2,0,0,40,9,0,3,0,0,5,0,3,0,3,1,0,0,0,49,1,0
c:\Users\arthur.menezes_evolu\Desktop\Pes\android-maps-utils\library\src\main\java\com\google\maps\android\heatmaps\HeatmapTileProvider.java,com.google.maps.android.heatmaps.HeatmapTileProvider,class,16,22,6,16,58,1,0,31,86,0.8994565,0.0,0.0,16,7,7,4,0,5,12,0,0,0,23,13,3,19,0,1,13,0,12,311,12,19,7,0,31,1,63,141,91,106,4,0,1,0,285,1,0
c:\Users\arthur.menezes_evolu\Desktop\Pes\android-maps-utils\library\src\main\java\com\google\maps\android\data\geojson\GeoJsonStyle.java,com.google.maps.android.data.geojson.GeoJsonStyle,interface,0,4,4,0,3,1,0,0,3,0.0,0.0,0.0,3,0,0,0,0,3,3,0,0,0,0,0,0,0,0,0,0,0,0,5,0,0,0,0,0,0,0,0,0,0,0,0,0,0,26,0,0
c:\Users\arthur.menezes_evolu\Desktop\Pes\android-maps-utils\library\src\main\java\com\google\maps\android\clustering\ClusterManager.java,com.google.maps.android.clustering.ClusterManager$OnClusterInfoWindowLongClickListener,interface,2,2,0,2,1,1,0,0,0,0.0,NaN,NaN,1,0,0,0,0,1,1,0,0,0,0,0,0,0,0,0,0,0,0,3,0,0,0,0,0,0,0,0,0,0,0,0,0,0,12,1,0
c:\Users\arthur.menezes_evolu\Desktop\Pes\android-maps-utils\library\src\main\java\com\google\maps\android\data\geojson\GeoJsonPolygon.java,com.google.maps.android.data.geojson.GeoJsonPolygon,class,4,11,7,4,10,1,0,8,20,0.78125,0.0,0.0,8,0,8,0,0,0,8,0,0,0,4,3,0,4,0,0,4,0,0,40,7,1,1,0,0,5,2,7,0,7,1,0,0,0,71,1,0
c:\Users\arthur.menezes_evolu\Desktop\Pes\android-maps-utils\library\src\test\java\com\google\maps\android\data\kml\KmlPointTest.java,com.google.maps.android.data.kml.KmlPointTest,class,5,6,1,5,5,1,0,8,10,0.0,0.0,0.0,5,0,3,2,0,0,3,0,0,0,0,0,0,0,0,0,0,0,0,33,2,0,0,0,0,1,11,7,0,6,0,0,0,0,24,1,0
c:\Users\arthur.menezes_evolu\Desktop\Pes\android-maps-utils\library\src\test\java\com\google\maps\android\heatmaps\GradientTest.java,com.google.maps.android.heatmaps.GradientTest,class,6,6,0,6,7,1,0,4,10,0.0,0.0,0.0,5,0,5,0,0,0,5,0,0,0,0,0,0,0,0,0,0,0,25,67,0,1,0,0,1,0,95,20,1,18,1,0,0,0,22,1,0
c:\Users\arthur.menezes_evolu\Desktop\Pes\android-maps-utils\library\src\main\java\com\google\maps\android\clustering\view\DefaultClusterRenderer.java,com.google.maps.android.clustering.view.DefaultClusterRenderer$RenderTask,innerclass,10,10,0,10,28,1,0,23,2,0.6,0.0,0.0,5,0,4,1,0,0,4,0,0,0,5,0,0,4,0,1,1,0,3,101,1,4,3,1,0,1,5,30,2,24,3,0,0,0,103,2,0
c:\Users\arthur.menezes_evolu\Desktop\Pes\android-maps-utils\library\src\main\java\com\google\maps\android\clustering\view\DefaultAdvancedMarkersClusterRenderer.java,com.google.maps.android.clustering.view.DefaultAdvancedMarkersClusterRenderer$AnimationTask,innerclass,10,10,0,10,7,2,0,13,2,0.53333336,0.0,0.0,5,0,4,1,0,0,4,0,0,0,6,0,0,6,0,0,4,0,2,45,0,0,0,0,1,0,4,14,7,12,1,0,0,0,53,2,0
c:\Users\arthur.menezes_evolu\Desktop\Pes\android-maps-utils\library\src\main\java\com\google\maps\android\collections\PolylineManager.java,com.google.maps.android.collections.PolylineManager$Collection,innerclass,5,5,0,5,13,2,0,7,36,0.8888889,0.0,0.0,9,0,9,0,0,0,9,0,0,0,1,0,0,1,0,0,0,0,0,39,3,4,0,0,0,0,0,2,0,2,1,0,0,0,23,1,0
c:\Users\arthur.menezes_evolu\Desktop\Pes\android-maps-utils\library\src\test\java\com\google\maps\android\data\geojson\GeoJsonPolygonStyleTest.java,com.google.maps.android.data.geojson.GeoJsonPolygonStyleTest,class,7,7,0,7,12,1,0,36,0,0.0,0.0,0.0,12,0,12,0,0,0,12,0,0,0,1,0,0,1,0,0,0,0,3,88,0,0,0,0,0,9,25,2,0,2,0,0,0,0,38,1,0
c:\Users\arthur.menezes_evolu\Desktop\Pes\android-maps-utils\library\src\main\java\com\google\maps\android\clustering\view\ClusterRenderer.java,com.google.maps.android.clustering.view.ClusterRenderer,interface,9,13,4,9,13,1,0,0,78,0.0,0.0,0.0,13,0,0,0,0,13,13,0,0,0,0,0,0,0,0,0,0,0,0,15,0,0,0,0,0,0,0,0,0,0,0,0,0,0,50,1,0
c:\Users\arthur.menezes_evolu\Desktop\Pes\android-maps-utils\demo\src\main\java\com\google\maps\android\utils\demo\AnimationUtilDemoActivity.java,com.google.maps.android.utils.demo.AnimationUtilDemoActivity,class,8,10,2,8,3,3,0,10,1,0.5,0.0,0.0,3,0,2,0,1,0,3,0,0,0,2,0,0,0,0,2,0,0,2,17,2,0,0,0,3,1,6,3,3,3,0,0,0,0,30,1,0
c:\Users\arthur.menezes_evolu\Desktop\Pes\android-maps-utils\library\src\test\java\com\google\maps\android\data\geojson\GeoJsonPolygonTest.java,com.google.maps.android.data.geojson.GeoJsonPolygonTest,class,3,3,0,3,3,1,0,7,0,0.0,0.0,0.0,2,0,2,0,0,0,2,0,0,0,1,0,0,1,0,0,0,0,3,24,0,0,0,1,0,2,24,6,0,3,1,0,0,0,22,1,0
c:\Users\arthur.menezes_evolu\Desktop\Pes\android-maps-utils\library\src\main\java\com\google\maps\android\data\kml\KmlGroundOverlay.java,com.google.maps.android.data.kml.KmlGroundOverlay,class,3,12,9,3,11,1,0,9,0,0.59375,0.0,0.0,8,0,6,0,0,2,8,0,0,0,4,0,0,4,0,0,2,0,0,45,7,0,3,0,0,7,1,5,0,5,1,0,0,0,68,1,0
c:\Users\arthur.menezes_evolu\Desktop\Pes\android-maps-utils\library\src\main\java\com\google\maps\android\data\Point.java,com.google.maps.android.data.Point,class,3,11,8,3,5,1,2,3,0,0.375,0.0,0.0,4,0,4,0,0,0,4,0,0,0,2,1,0,2,0,0,2,0,0,22,3,0,1,0,0,5,0,3,0,3,1,0,0,0,48,1,0
c:\Users\arthur.menezes_evolu\Desktop\Pes\android-maps-utils\demo\src\main\java\com\google\maps\android\utils\demo\BaseDemoActivity.java,com.google.maps.android.utils.demo.BaseDemoActivity,class,7,32,25,7,8,2,18,8,11,0.6666667,0.0,0.0,6,0,2,1,3,0,5,1,0,0,2,0,0,2,0,0,0,0,0,27,3,0,2,0,1,0,0,2,0,2,1,0,0,0,35,1025,0
c:\Users\arthur.menezes_evolu\Desktop\Pes\android-maps-utils\library\src\test\java\com\google\maps\android\data\geojson\GeoJsonPointStyleTest.java,com.google.maps.android.data.geojson.GeoJsonPointStyleTest,class,8,8,0,8,15,1,0,48,0,0.0,0.0,0.0,14,0,14,0,0,0,14,0,0,0,1,0,0,1,0,0,0,0,4,100,1,0,0,0,0,11,55,2,0,2,1,0,0,0,53,1,0
c:\Users\arthur.menezes_evolu\Desktop\Pes\android-maps-utils\library\src\main\java\com\google\maps\android\collections\CircleManager.java,com.google.maps.android.collections.CircleManager$Collection,innerclass,5,5,0,5,13,2,0,7,36,0.8888889,0.0,0.0,9,0,9,0,0,0,9,0,0,0,1,0,0,1,0,0,0,0,0,39,3,4,0,0,0,0,0,2,0,2,1,0,0,0,23,1,0
c:\Users\arthur.menezes_evolu\Desktop\Pes\android-maps-utils\demo\src\main\java\com\google\maps\android\utils\demo\model\MyItem.java,com.google.maps.android.utils.demo.model.MyItem,class,3,12,9,3,9,1,0,0,8,0.63888896,0.0,0.0,9,0,9,0,0,0,9,0,0,0,4,0,0,4,0,0,1,0,0,37,4,0,0,0,0,0,0,9,0,4,0,0,0,0,29,1,0
c:\Users\arthur.menezes_evolu\Desktop\Pes\android-maps-utils\library\src\main\java\com\google\maps\android\data\kml\KmlMultiTrack.java,com.google.maps.android.data.kml.KmlMultiTrack,class,4,7,3,4,4,3,0,2,1,0.0,NaN,NaN,2,1,1,1,0,0,1,0,0,0,0,0,0,0,0,0,0,0,1,15,1,1,1,0,0,1,0,1,0,1,1,0,0,0,28,1,0
c:\Users\arthur.menezes_evolu\Desktop\Pes\android-maps-utils\library\src\main\java\com\google\maps\android\ui\IconGenerator.java,com.google.maps.android.ui.IconGenerator,class,11,16,5,11,45,1,0,31,88,0.83088225,0.0,0.0,17,2,14,3,0,0,14,0,0,0,16,7,7,9,0,0,8,0,2,157,16,0,5,0,2,1,45,27,7,23,1,0,0,0,158,1,0
